ema_fast,ema_slow,trend_threshold,use_macd,volume_filter,funding_z_cap,allow_short,regime_filter,regime_fast,regime_slow,total_return,annual_return,max_drawdown,sharpe,trades,long_trades,short_trades,exposure,abs_exposure,long_exposure,short_exposure,long_total_return,short_total_return,avg_bar_return_when_in_position,score
12,120,0.0,0,-999.0,999.0,1,1,100,200,5.464962092299298,0.4528615589293403,-0.3437286771927668,1.2590595614705136,154,109,45,0.18284679197731807,0.3750656305785992,0.2789562112779586,0.09610941930064056,6.618374088476533,-0.08345724969822876,0.0001611418248212352,0.3439501984064826
30,96,0.0,0,-999.0,999.0,1,1,100,200,5.1799976994067825,0.4398127572469266,-0.356814722663334,1.2267133273785764,125,89,36,0.18402814239210333,0.3783996639714376,0.2812139031817705,0.09718576078966712,6.259536542874286,-0.0937884128582922,0.00015601137693190432,0.3227410622841884
20,96,0.0,0,-999.0,999.0,1,1,100,200,4.935756197349486,0.4282399163721111,-0.3687683633881106,1.2135357676089336,144,98,46,0.1812979103223774,0.36863383387587945,0.2749658720991284,0.09366796177675102,6.295531800279615,-0.12562824033241415,0.00015734102871729227,0.30453252305850254
12,96,0.0,0,-999.0,999.0,1,1,100,200,4.752899795183003,0.41932370412638287,-0.3632797207132604,1.2155988828708495,169,115,54,0.179407749658721,0.35902551716895936,0.26921663341384017,0.08980888375511918,6.1133158970037424,-0.11992076346649039,0.0001589801051279021,0.29846378791329514
30,60,0.0,0,-999.0,999.0,1,1,100,200,5.1108462448559635,0.4365738491309772,-0.42490420060939016,1.24441253123317,158,105,53,0.1767300220518744,0.3526199726976793,0.26467499737477684,0.08794497532290245,7.095186602957995,-0.18305590750610556,0.00016627004808625087,0.2863423753879406
48,60,0.0,0,-999.0,999.0,1,1,100,200,4.754245343788648,0.4193901366533743,-0.3884365008090904,1.1942073962426833,129,89,40,0.1823479995799643,0.36695369106374043,0.27465084532185235,0.09230284574188806,6.368001465314581,-0.16697569903019727,0.0001554144379544118,0.2848822560609633
20,120,0.0,0,-999.0,999.0,1,1,100,200,4.446476901249821,0.4038605529772976,-0.35926921926227406,1.1533853627621078,134,96,38,0.18560327627848366,0.38459519059120023,0.28509923343484195,0.0994959571563583,5.512270142823776,-0.10568963229161943,0.00014534273706956694,0.281895211484266
48,200,0.0,0,-999.0,999.0,1,1,100,200,4.790379584822318,0.4211695291000068,-0.39613378210092676,1.131116999750351,87,65,22,0.21613462144282264,0.4482043473695264,0.3321694844061745,0.11603486296335189,5.4096787404014455,-0.05644481330443796,0.00013055323347375383,0.279658488037061
12,120,0.0,0,-999.0,2.5,1,1,100,200,4.032744318371174,0.38183793527951737,-0.35247909041261294,1.1528717048267754,301,226,75,0.1660978683188071,0.34771080541846056,0.25690433686863384,0.09080646854982674,5.75497804206865,-0.13391884104834717,0.00015796084188737135,0.2632419753145497
30,120,0.0,0,-999.0,999.0,1,1,100,200,4.426770397920208,0.40284249014317175,-0.40126169383624133,1.1408498916459822,116,84,32,0.1897773810773916,0.3933896881234905,0.29158353460044106,0.10180615352304946,5.568267308830148,-0.124439808247917,0.00014197650952573683,0.2592541378073502
30,96,0.0,0,-999.0,2.5,1,1,100,200,3.9925958034550773,0.3796246412295876,-0.36316548072563426,1.1417436144307824,271,208,63,0.16748923658510972,0.3508348209597816,0.25916202877244565,0.09167279218733593,5.566955582361565,-0.129389406181474,0.00015525230009328617,0.2551290815883096
48,96,0.0,0,-999.0,999.0,1,1,100,200,4.593502687187247,0.4113645104469863,-0.43179293943654906,1.1540807211618478,111,78,33,0.19022366901186602,0.39283839126325737,0.2915310301375617,0.10130736112569569,6.7092185753619695,-0.23302207653996587,0.0001442675144085845,0.25317207678680415
20,96,0.0,0,-999.0,2.5,1,1,100,200,3.6706713023878805,0.36134298191793746,-0.3428980393409524,1.1115838533278244,292,216,76,0.16478525674682348,0.34146277433581856,0.253124015541321,0.08833875879449753,5.430988201794669,-0.1595256895557119,0.00015455745249137354,0.24547315491385246
30,96,0.01,0,-999.0,999.0,1,1,100,200,3.6673372117843837,0.3611484382833956,-0.3525944493388611,1.1227124720948511,87,62,25,0.1496639714375722,0.2901659141026987,0.21991494277013546,0.07025097133256326,4.382269905246625,-0.09426689567387869,0.0001716678608954251,0.24098683721870762
12,96,0.0,0,-999.0,2.5,1,1,100,200,3.457273995743873,0.34866094099358214,-0.3510523142910683,1.1027792292221865,311,228,83,0.16289509608316707,0.3321169799432952,0.24750603801323112,0.08461094193006405,5.24151455585659,-0.16568697291147017,0.00015468959913193223,0.2282737453091573
12,120,0.0,0,-999.0,1.5,1,1,100,200,3.241872383290424,0.3353573049231804,-0.3364025050810543,1.1115859311296195,409,301,108,0.14674997374776855,0.3000630053554552,0.22340648955161188,0.07665651580384332,4.512251746793696,-0.0558000194936179,0.0001683118297212947,0.22273534893913421
48,60,0.0,0,-999.0,2.5,1,1,100,200,3.513401609803095,0.35204284423628973,-0.3693758538461185,1.089411442552376,271,206,65,0.16565158038433267,0.33986138821799855,0.2527564843011656,0.08710490391683293,5.56152247672853,-0.2122997604598691,0.00015195525789831962,0.2218254894408493
20,200,0.0,0,-999.0,999.0,1,1,100,200,4.0599179478081915,0.3833279530981395,-0.43188040869251054,1.0866181664458756,116,85,31,0.20329728026882285,0.42145332353250026,0.31237530190066154,0.1090780216318387,5.202071729744606,-0.13542620328648136,0.0001292901547204244,0.221718657074178
20,120,0.0,0,-999.0,2.5,1,1,100,200,3.418127236554257,0.34628197929820614,-0.3606113678864741,1.067473919969115,285,217,68,0.16890685708285205,0.3567153208022682,0.2628110889425601,0.09390423185970807,4.871455000664336,-0.13224939993444373,0.0001443766743058441,0.21934999135342487
48,120,0.0,0,-999.0,999.0,1,1,100,200,4.025977711189305,0.3814658999213092,-0.4359275363200318,1.0839830216387154,103,77,26,0.1976530505092933,0.40798592880394835,0.3028194896566208,0.10516643914732753,4.936032143185643,-0.10855187971222768,0.00013263373283723602,0.21770128284322907
30,60,0.0,0,-999.0,2.5,1,1,100,200,3.702516094131048,0.3631955450912068,-0.4154947946581917,1.1291153706053998,298,218,80,0.1606899086422346,0.3260264622492912,0.2433581854457629,0.0826682768035283,6.1878849791115575,-0.24062685854963062,0.000161728335786823,0.2119039162923809
48,200,0.0,0,-999.0,2.5,1,1,100,200,3.5621137722729532,0.35495077930208074,-0.3901869464322597,1.032661737844816,259,197,62,0.1989919143127166,0.418670586999895,0.3088312506563058,0.10983933634358921,4.822927679985364,-0.10817443868647503,0.00012799396268967257,0.2114903929781917
12,120,0.0025,0,-999.0,999.0,1,1,100,200,3.745777161929924,0.36569623852224264,-0.4241341088077105,1.0958805002413907,142,97,45,0.1729234484931219,0.35332878294655046,0.2631261157198362,0.09020266722671427,5.925120806903845,-0.26426298225303135,0.00014675178036577255,0.20842320913045692
30,120,0.0,0,-999.0,2.5,1,1,100,200,3.3610522495628485,0.3427831203190417,-0.37806732546636534,1.0505170607789438,272,208,64,0.17289719626168223,0.3647485036228079,0.2688228499422451,0.09592565368056284,5.134847081653702,-0.18554636012092818,0.00014049303598003592,0.2062753106248062
48,96,0.0,0,-999.0,2.5,1,1,100,200,3.7026994970793687,0.363206185413,-0.4296280944025801,1.0902184803775372,264,200,64,0.17300220518744094,0.3651685393258427,0.2690853722566418,0.09608316706920088,6.259279824445618,-0.2607439307424263,0.00014574610078854817,0.2029030622305868
12,60,0.0,0,-999.0,999.0,1,1,100,200,3.7388082839820918,0.3652946399266279,-0.4383548726684523,1.1314781349561431,218,152,66,0.17111204452378453,0.33329833035808043,0.25220518744093245,0.08109314291714796,4.981334828852378,-0.11647068945136874,0.0001558417542223631,0.20269111034020892
20,96,0.0,0,-999.0,1.5,1,1,100,200,2.8334408532319357,0.3085722221677205,-0.31885465764019183,1.049906223145896,396,290,106,0.14514858762994853,0.29441877559592566,0.2197836816129371,0.07463509398298855,4.178323257705337,-0.09757437032602967,0.00016166843168387808,0.2016402045049194
12,200,0.0,0,-999.0,999.0,1,1,100,200,3.6752777265529453,0.36161158333657983,-0.4260681287730561,1.0497371085660763,134,100,34,0.1999107424131051,0.41407644649795233,0.3069935944555287,0.10708285204242361,4.263292524915456,-0.05015024822093672,0.0001266941787444016,0.2010643743783556
12,120,0.01,0,-999.0,999.0,1,1,100,200,3.2893652821503414,0.33833623237614874,-0.39195280597182336,1.0767721126756893,99,69,30,0.14717000945080333,0.28651685393258425,0.2168434316916938,0.06967342224089047,4.552270758168039,-0.18824429618296967,0.0001662378301731383,0.1961984350240215
20,96,0.01,0,-999.0,999.0,1,1,100,200,3.3976949191406653,0.34503359719641047,-0.4092037807662484,1.0952465574150831,100,67,33,0.14630368581329414,0.28260527144807307,0.21445447863068362,0.06815079281738948,4.760266466759484,-0.19739348950215485,0.00017064422962288222,0.19519403468404042
48,200,0.0025,0,-999.0,999.0,1,1,100,200,3.7802065725458442,0.36767342346106413,-0.4505869369423905,1.0422038404504304,83,60,23,0.19993699464454479,0.4192481360915678,0.3095925653680563,0.1096555707235115,5.275380973850985,-0.20597478085829035,0.0001265278383250872,0.1944901470123904
12,96,0.0,0,-999.0,1.5,1,1,100,200,2.6667287801048603,0.29697933345502303,-0.31271334465570944,1.0405391892215172,408,298,110,0.14370471490076656,0.2868843851727397,0.21529455003675313,0.07158983513598656,3.8602021311033043,-0.07478495442602362,0.00016107868379886754,0.19264962058824417
30,96,0.01,0,-999.0,2.5,1,1,100,200,3.000176738748147,0.31977018392817924,-0.36144465540236204,1.0611057578725802,198,157,41,0.1360915677832616,0.2703454793657461,0.20321852357450385,0.06712695579124225,3.70587810507221,-0.061478096942845006,0.00017190404933169375,0.19210314412062723
30,96,0.0,0,-999.0,1.5,1,1,100,200,2.9325067334800194,0.31527133907188976,-0.3584346503753213,1.058585098565342,388,290,98,0.14682873044208758,0.30166439147327523,0.2242465609576814,0.07741783051559382,4.188682271295383,-0.07979074427139643,0.00016019550061202866,0.18898326881249622
48,60,0.01,0,-999.0,999.0,1,1,100,200,3.2932226092131733,0.3385770176297458,-0.4071455745552002,1.0791134738186996,92,63,29,0.14848262102278695,0.2828940459939095,0.2156883335083482,0.06720571248556127,4.519583417051843,-0.18555896183799536,0.00016798085748966405,0.1889599040430807
48,96,0.01,0,-999.0,999.0,1,1,100,200,3.316457981903132,0.3400237858671695,-0.41315989564662703,1.0607094770820302,76,54,22,0.15331303160768664,0.30001050089257586,0.22666176625013126,0.07334873464244461,4.312601598192399,-0.15602887825819578,0.00015992625879634312,0.18647931189795752
48,200,0.0,0,-999.0,1.5,1,1,100,200,2.869434839339953,0.3110220833883477,-0.3498042718170953,0.9970442403674177,416,309,107,0.17439357345374357,0.3589992649375197,0.26669641919563164,0.09230284574188806,3.959880808088137,-0.03942309513844511,0.00013794897876505686,0.18597215949817095
20,200,0.0,0,-999.0,1.5,1,1,100,200,2.9216032493864414,0.31454067013619214,-0.3605822361453255,1.0279258697123208,413,307,106,0.16368266302635723,0.33689488606531554,0.2502887745458364,0.08660611151947915,3.954113528878306,-0.026800364703920443,0.0001461442263500641,0.18564584554914543
20,120,0.01,0,-999.0,999.0,1,1,100,200,3.143866008470292,0.32912466352819414,-0.3935596608273767,1.0484457813052965,91,65,26,0.1501102593720466,0.2934474430326578,0.2217788512023522,0.07166859183030558,4.200305569576591,-0.16604583642573523,0.00015947074172152455,0.18476712217977062
48,96,0.01,0,-999.0,2.5,1,1,100,200,2.930462975229129,0.31513450537937904,-0.36973703332065755,1.035146834426079,188,150,38,0.13955686233329834,0.28016381392418355,0.20986033812874094,0.07030347579544262,3.894313360687633,-0.1177618608252905,0.000164967445266102,0.1820233304403542
12,200,0.0,0,-999.0,1.5,1,1,100,200,2.8493158082527854,0.30965497843237255,-0.359467362925842,1.022378645615246,420,313,107,0.16108369211382967,0.33156568308306206,0.24632468759844586,0.0852409954846162,3.5921916383334462,0.03416107929631762,0.00014686395187482303,0.18104022925021385
48,96,0.0,0,-999.0,1.5,1,1,100,200,2.8727953086892106,0.3112498756540749,-0.3720945915936138,1.0331967070915669,387,288,99,0.15105533970387483,0.3128740942980153,0.2319647170009451,0.08090937729707025,4.6486112833153035,-0.16796833913291687,0.00015423138568516586,0.17686241521184637
30,120,0.01,0,-999.0,999.0,1,1,100,200,3.045180582369359,0.32272854214767377,-0.3945873909467227,1.0242874907541983,77,56,21,0.15273548251601385,0.29974797857817914,0.2262417305470965,0.07350624803108265,3.8406655221545396,-0.13152492687240425,0.0001542446518277877,0.17664922121202234
30,60,0.0,0,-999.0,1.5,1,1,100,200,2.69625510405745,0.29906284958038665,-0.35381833777540816,1.0399841256567364,399,294,105,0.14134201407119606,0.2806363540900977,0.21098918408064685,0.06964717000945081,4.5921908470582125,-0.193056050283812,0.00016532906723233865,0.1741528869755194
20,96,0.0025,0,-999.0,999.0,1,1,100,200,3.3429075168082516,0.3416631245740622,-0.44001391645138066,1.0468888353853063,137,91,46,0.17158458468969862,0.3472645174839861,0.25942455108684237,0.08783996639714375,5.571238967163981,-0.29223361535496895,0.00014225504024158918,0.1740006081176372
30,96,0.0025,0,-999.0,999.0,1,1,100,200,3.41226265787967,0.34592413618735374,-0.449707777799483,1.0480155171558108,119,83,36,0.17439357345374357,0.35731912212538064,0.26585634778956213,0.09146277433581855,5.305854132200144,-0.2573837961700224,0.00013938924173131535,0.17347102314540278
20,120,0.0,0,-999.0,1.5,1,1,100,200,2.7336863023090054,0.30168512009773685,-0.36099307680200543,1.0224923555827727,399,293,106,0.14853512548566628,0.30715110784416677,0.22784311666491652,0.07930799117925023,3.867100912364683,-0.06345016327531838,0.00015356538536256056,0.17231319947587276
20,200,0.01,0,-999.0,1.5,1,1,100,200,2.61198634067292,0.29308068147969,-0.34956714856655957,1.0329709687751234,294,223,71,0.12501312611571982,0.2513388638034233,0.18817599495957157,0.06316286884385172,2.842992606718526,0.08876413121251336,0.00017608370999146143,0.1699456556351664
30,200,0.0,0,-999.0,999.0,1,1,100,200,3.4468891823095227,0.3480314861947722,-0.4571863354823218,1.007924358553564,109,78,31,0.20807518639084321,0.43190171164548985,0.31998844901816653,0.11191326262732332,4.676029572641146,-0.17265503958040307,0.00011888110357993356,0.1698345363812895
30,96,0.01,0,-999.0,1.5,1,1,100,200,2.5706537211810683,0.290105616111918,-0.3518800973049725,1.0512794580124687,285,217,68,0.11713745668381813,0.2317546991494277,0.17444607791662292,0.057308621232804786,2.9768227019343128,0.035413792886260564,0.00018707511968016344,0.16672954036005516
20,200,0.0,0,-999.0,2.5,1,1,100,200,3.189990726595596,0.33207245224073745,-0.4319619302865032,1.0119274586000992,283,214,69,0.18610206867583745,0.39191956316286886,0.2890108159193531,0.1029087472435157,4.907556286078239,-0.18290372420169843,0.00012962724634600262,0.1666878600274908
20,96,0.01,0,-999.0,2.5,1,1,100,200,2.756966923455503,0.30330547343843994,-0.3775064125692471,1.0300031162357404,209,158,51,0.1328362910847422,0.26294235009975847,0.19788932059225034,0.06505302950750814,4.015215599439434,-0.1683456050279013,0.00017029310283279628,0.1660524229656034
20,200,0.01,0,-999.0,999.0,1,1,100,200,3.149444383020062,0.32948256324153014,-0.43017517296346663,1.0280866596888214,76,56,20,0.15835346004410375,0.31381917462984354,0.23608631733697363,0.0777328572928699,3.832400577615397,-0.10806267592023377,0.00015038854997152145,0.1657993097442379
30,60,0.0025,0,-999.0,999.0,1,1,100,200,3.5216080733300945,0.35253449225826783,-0.4820103871939294,1.08224503836085,150,97,53,0.16717420980783368,0.33146067415730335,0.24931744198256853,0.08214323217473485,6.325917499092314,-0.33470980339738066,0.00015179034021772116,0.16564155057934563
12,120,0.0025,0,-999.0,2.5,1,1,100,200,2.9652169823610413,0.3174536526129188,-0.4136725090005594,1.0206097551784203,282,210,72,0.15627953376036963,0.32823164969022367,0.24225559172529665,0.08597605796492702,5.057538065530668,-0.2462598642679591,0.00014675711503861567,0.16164788587156012
30,60,0.01,0,-999.0,999.0,1,1,100,200,3.2773713481309095,0.3375864289413457,-0.4635423456093113,1.0904808030331823,110,71,39,0.14317967027197312,0.27045048829150475,0.20681507928173895,0.06363540900976583,4.805251556642686,-0.22151888344024262,0.00017509838102369092,0.1603392962883492
48,96,0.01,0,-999.0,1.5,1,1,100,200,2.4715853365472147,0.28286103407337837,-0.3479115849397799,1.015994719769244,285,217,68,0.11978893205922503,0.23976162973852777,0.1797752808988764,0.05998634883965137,3.077400505846388,-0.018146000748767266,0.00017896218596427494,0.15970497759195063
48,200,0.0025,0,-999.0,2.5,1,1,100,200,3.0586870834564115,0.32361126398121676,-0.42739944544034825,0.9779879441321959,247,187,60,0.18316181875459414,0.3922870944030243,0.2877244565788092,0.10456263782421506,4.658959430674201,-0.18848272213964767,0.00012757496882505342,0.15881093846765243
48,120,0.0,0,-999.0,1.5,1,1,100,200,2.5177809102636752,0.2862594808312977,-0.35183557551187084,0.9639197128121049,391,293,98,0.1570933529349995,0.32495012076026464,0.24102173684763206,0.08392838391263258,3.7720704280530155,-0.10362910275574466,0.00014160415097201303,0.15853767871596752
12,120,0.01,0,-999.0,2.5,1,1,100,200,2.710577524341972,0.3000687153328989,-0.3851328135914446,1.0187486921202678,206,158,48,0.13372886695369107,0.26677517588995064,0.20025202142182086,0.06652315446812979,3.856837727842061,-0.1531013616150686,0.00016674560996202622,0.15843974314319
12,120,0.005,0,-999.0,999.0,1,1,100,200,3.3358531597659633,0.341226679087284,-0.4724563237655892,1.0571321249669599,127,88,39,0.16654415625328153,0.32904546886485353,0.24779481255906752,0.081250656305786,5.38631685935702,-0.27654970236261867,0.0001486779637516408,0.15785512345283736
20,200,0.01,0,-999.0,2.5,1,1,100,200,2.7341100247903523,0.30171468369424015,-0.388549281107753,0.9940476218678584,195,153,42,0.1449123175469915,0.2931324162553817,0.2190223669011866,0.0741100493541951,3.5022354014614674,-0.08564843387714682,0.00015419675549997348,0.15714242423375657
30,96,0.005,0,-999.0,999.0,1,1,100,200,3.3678474408915973,0.34320159883251655,-0.47986435931786253,1.0552611538165935,110,77,33,0.16840806468549827,0.33348209597815814,0.2509450803318282,0.08253701564632994,5.126920947755725,-0.2467877854850592,0.00014710606208715672,0.15603247686441496
48,120,0.01,0,-999.0,999.0,1,1,100,200,2.805760573562108,0.3066756710463523,-0.3993190562342711,0.9768055575311825,71,55,16,0.15643704714900766,0.3079649270187966,0.23220098708390213,0.07576393993489447,3.075096399939193,-0.03233532864935251,0.00014575594024331145,0.15585642080577586
30,120,0.0,0,-999.0,1.5,1,1,100,200,2.540186413583607,0.28789493513000464,-0.36432180620402876,0.9801124251171369,394,293,101,0.15113409639819383,0.31316286884385175,0.23214848262102278,0.08101438622282894,3.9100715745326857,-0.12195713698209176,0.0001465948579533629,0.1547396532838471
20,60,0.0,0,-999.0,999.0,1,1,100,200,3.1041617844340044,0.32656610899675664,-0.4471088518463301,1.0329642348693657,185,128,57,0.1737897721306311,0.3413315131786202,0.25756064265462564,0.08377087052399454,5.08441610789307,-0.2600747451903741,0.00014074982663119122,0.15465989481705988
48,200,0.01,0,-999.0,1.5,1,1,100,200,2.300557170669198,0.26995546498324074,-0.3273497693039682,0.9548594718420411,298,228,70,0.12716580909377298,0.2594770555497217,0.19332143232174734,0.06615562322797437,2.2513481731293417,0.1782836237158154,0.00016318343350535616,0.1540235539233587
48,60,0.01,0,-999.0,2.5,1,1,100,200,2.65096795152355,0.29586167649701745,-0.38575138026414024,1.010008675182611,198,155,43,0.13470019951695894,0.2632836291084742,0.1989919143127166,0.06429171479575764,3.8331814634667447,-0.16597162633793983,0.00016680536110496886,0.15348642012407787
20,120,0.0025,0,-999.0,999.0,1,1,100,200,3.103546335440858,0.3265262937057474,-0.44736386419949425,1.0048760691837333,125,87,38,0.1753911582484511,0.3627270818019532,0.26905912002520216,0.09366796177675102,5.034307809790795,-0.2760941685214455,0.0001324280232703005,0.1530881650651869
12,200,0.0,0,-999.0,2.5,1,1,100,200,2.852637388782328,0.3098810758868469,-0.41086927459107847,0.9701020391736269,296,226,70,0.18276803528299906,0.38485771290559695,0.283812874094298,0.10104483881129896,3.9301841442096226,-0.0938780478438963,0.00012624181931390462,0.152951540549989
12,96,0.0025,0,-999.0,999.0,1,1,100,200,3.0188099047692747,0.3209982609102249,-0.4425903785674876,1.018022152562998,162,108,54,0.17003570303475796,0.3377874619342644,0.2539115824845112,0.08387587944975324,5.1970474043073605,-0.2967669129111631,0.00013990604339348306,0.15060417925463096
30,96,0.0025,0,-999.0,2.5,1,1,100,200,2.8079789872875094,0.30682807457447714,-0.41154516572068356,0.9905542457072428,261,200,61,0.15790717210962932,0.3321169799432952,0.24501207602646224,0.08710490391683293,4.599597354333059,-0.22513267621109856,0.00014148746590369812,0.1505832039994975
48,120,0.0,0,-999.0,2.5,1,1,100,200,3.0212117075008056,0.3211562276641817,-0.44302502247611186,0.989247582979151,264,204,60,0.18022156883335083,0.3792134831460674,0.2797175259897091,0.0994959571563583,4.490129848489688,-0.16417466660122293,0.0001304268075634974,0.14910609557508336
20,120,0.01,0,-999.0,2.5,1,1,100,200,2.6104791992225334,0.2929726790863525,-0.3874981419547233,0.9938844513849271,203,159,44,0.13669536910637403,0.27341699044418777,0.2050561797752809,0.06836081066890685,3.559605998623571,-0.12354535962786828,0.0001605566164694916,0.1489178306782372
12,200,0.01,0,-999.0,1.5,1,1,100,200,2.3660580563996647,0.27495990974214357,-0.35157813353989054,0.991596771299505,295,223,72,0.12309671322062375,0.24747978578179144,0.1852882495012076,0.062191536280583846,2.541960673904601,0.10141838962926619,0.00017091149915162326,0.14875068153717355
12,120,0.01,0,-999.0,1.5,1,1,100,200,2.458151463776851,0.2818659643493837,-0.3696420587305509,1.0322088618026242,290,216,74,0.11606111519479155,0.22952325947705554,0.17279218733592355,0.056731072141131995,3.117429179484314,-0.029028860586904903,0.00018526811871912588,0.14865537807423948
48,120,0.01,0,-999.0,1.5,1,1,100,200,2.2491264962816815,0.2659700430117016,-0.3352235596063796,0.9621535820062949,287,222,65,0.1222828940459939,0.24650845321852358,0.18439567363225876,0.062112779586264835,2.445227189998048,0.08864328331933535,0.00016786970359815257,0.1464659423088265
48,60,0.0,0,-999.0,1.5,1,1,100,200,2.3841271611522403,0.27632672101159406,-0.3589133707337028,0.9691128493287072,386,288,98,0.14488606531555182,0.29174104798907907,0.21831355665231544,0.07342749133676363,3.967884122546031,-0.17374326394763318,0.0001514669664930488,0.14532567811117802
48,200,0.01,0,-999.0,999.0,1,1,100,200,2.7183488753309692,0.30061319944772724,-0.4065513623103024,0.9454580200629172,68,53,15,0.1617399978998215,0.3242938149742728,0.24301690643704715,0.08127690853722566,2.8245665239841378,0.005860192214115489,0.00013824197011596276,0.14461041929572188
30,96,0.005,0,-999.0,2.5,1,1,100,200,2.8039268796954206,0.30654964386209826,-0.4260999152324304,1.0030548859282487,238,185,53,0.15244670797017745,0.30943505197941823,0.23094087997479787,0.07849417200462039,4.383478639842046,-0.20409151639306933,0.00014964569076898458,0.14365243054229548
20,96,0.0025,0,-999.0,2.5,1,1,100,200,2.685414890678296,0.29829946497823,-0.40764978714621014,0.9788300667455565,278,205,73,0.15515068780846372,0.32237740207917676,0.23876404494382023,0.0836133571353565,4.7144596357297575,-0.2588719568932901,0.0001431038040413961,0.14341607474240275
48,120,0.01,0,-999.0,2.5,1,1,100,200,2.3559350442651295,0.27419160234395146,-0.35535961732363475,0.9275931813541202,187,153,34,0.1429171479575764,0.28777696104168854,0.21534705449963246,0.07242990654205607,2.7500372742974353,-0.017359520361298175,0.000147090408889646,0.1428914527498401
20,96,0.01,0,-999.0,1.5,1,1,100,200,2.3605589473202255,0.2745427728937744,-0.3673970686932536,1.0165960836420915,290,215,75,0.11511603486296335,0.2260579649270188,0.17058699989499107,0.055470965032027725,3.1348113039614054,-0.06039726742638318,0.00018443611806143816,0.14167404272925216
12,60,0.0,0,-999.0,2.5,1,1,100,200,2.7752607060631282,0.3045731125238449,-0.4302059531807263,1.0285545046643385,349,256,93,0.1557282369001365,0.308253701564633,0.23199096923238474,0.07626273233224824,4.412857970783816,-0.16953056011834677,0.0001519695729349614,0.14089786116669867
12,96,0.01,0,-999.0,999.0,1,1,100,200,2.7762409860079527,0.30464090068513006,-0.4317250386039998,1.0189808896062325,113,77,36,0.14446602961251706,0.27483461094193007,0.20965032027722355,0.0651842906647065,4.117174799759988,-0.2191399147740697,0.00016009335345285142,0.13972742586344178
48,200,0.0025,0,-999.0,1.5,1,1,100,200,2.4248651792413494,0.27938700398960803,-0.37433271935114454,0.933305415866091,391,286,105,0.16026987293919984,0.3367373726766775,0.24850362280793867,0.08823374986873884,3.7681626234657513,-0.12658986850926612,0.00013577452666129256,0.1388859151073403
30,120,0.01,0,-999.0,2.5,1,1,100,200,2.48850129700226,0.28410965641774344,-0.39356604386110927,0.963391403842817,192,152,40,0.13932059225034127,0.27940249921243304,0.20936154573138716,0.07004095348104589,3.3996100631432196,-0.1271745543033822,0.00015418115197820528,0.13549620467932966
20,120,0.01,0,-999.0,1.5,1,1,100,200,2.3472792202066786,0.2735331787006785,-0.3776480053239756,1.0033135435715839,291,218,73,0.11800378032132731,0.23440617452483462,0.17620497742308097,0.05820119710175365,2.89868520888364,-0.006931009453787218,0.0001782934919030547,0.1348748532172699
30,60,0.01,0,-999.0,1.5,1,1,100,200,2.202255895470328,0.2622937948526882,-0.3557188516894003,0.9965069516448467,291,216,75,0.11264832510763415,0.2156095768140292,0.16412895096083166,0.05148062585319752,3.1840119001631733,-0.1147442167125925,0.00018640240559017108,0.1342597165902304
12,60,0.0,0,-999.0,1.5,1,1,100,200,2.06891788495976,0.2515948398556094,-0.3315127446596544,0.9476257545390478,436,320,116,0.13661661241205503,0.2662501312611572,0.20143337183660612,0.06481675942455109,3.3489624898832355,-0.12239420904207177,0.00015522464845557285,0.13321975525273455
30,60,0.01,0,-999.0,2.5,1,1,100,200,2.6476531336839213,0.2956261198289998,-0.4282037049903962,1.0233121680120247,214,159,55,0.1300798067835766,0.25120760264622494,0.19064370471490077,0.06056389793132416,4.09894101013721,-0.20381374391675633,0.00017436114577610968,0.13268987573440294
12,120,0.0025,0,-999.0,1.5,1,1,100,200,2.2969466970968324,0.26967731256630323,-0.3711150668123301,0.9575140243361348,384,279,105,0.1375879449753229,0.2833403339283839,0.2104641394518534,0.0728761944765305,3.864198096850262,-0.17869197575665496,0.00015300374789738622,0.13199548037694492
48,200,0.01,0,-999.0,2.5,1,1,100,200,2.3091802670314494,0.27061880854685216,-0.3678511256678789,0.9007741387227174,189,151,38,0.14856137771710595,0.3038170744513284,0.22618922608421715,0.0776278483671112,2.551580650669941,0.024117616648553053,0.00014012382932150679,0.13173195264904858
48,60,0.0025,0,-999.0,999.0,1,1,100,200,3.038490759309888,0.32229045326790606,-0.48329539886771344,1.0034105827930766,125,85,40,0.17297595295600127,0.3463456893835976,0.25966082116979944,0.08668486821379817,5.323315348836409,-0.32013224194152845,0.00013680249044852464,0.13081328297370318
30,60,0.0025,0,-999.0,2.5,1,1,100,200,2.747132017957787,0.3026219371935821,-0.44383791263083616,1.0004130711712316,283,206,77,0.1511866008610732,0.3071773600756064,0.22918198046833982,0.07799537960726662,5.417168290163946,-0.3272966305637258,0.00015082896420558756,0.1307236344367256
20,200,0.0025,0,-999.0,1.5,1,1,100,200,2.3860126325838347,0.2764690081847616,-0.38774317990033214,0.9470600951171717,386,283,103,0.1513703664811509,0.3166019111624488,0.23398613882179986,0.08261577234064896,3.759104814124486,-0.13701529030640558,0.00014138669314496492,0.12995042299045412
30,120,0.01,0,-999.0,1.5,1,1,100,200,2.178553918259529,0.26041834374744455,-0.3599487150228754,0.9586915596581779,287,217,70,0.1198151842906647,0.2393678462669327,0.17959151527879869,0.059776330988133994,2.701235706007713,-0.008666726361997168,0.00016945939111420963,0.12837856421891575
12,96,0.01,0,-999.0,1.5,1,1,100,200,1.9317022381155438,0.24018924481931725,-0.32481504637917513,0.9397780286331148,296,220,76,0.1139346844481781,0.21994119500157513,0.1669379397248766,0.05300325527669852,2.6003152319531964,-0.05578479814425019,0.00017201926767851093,0.12477062306138542
20,96,0.005,0,-999.0,999.0,1,1,100,200,3.023962443247167,0.3213370510867155,-0.49499695965302226,1.0150665731495465,126,83,43,0.16570408484721202,0.3244250761314712,0.2450645804893416,0.07936049564212957,5.2172784409027715,-0.31067981520614574,0.00014456364416757457,0.12459189991768171
12,96,0.0025,0,-999.0,2.5,1,1,100,200,2.3419559184242478,0.2731275738276695,-0.39211935944332565,0.9351000715660313,297,217,80,0.1536280583849627,0.31313661661241204,0.2333823374986874,0.07975427911372467,4.364260509022977,-0.27723066983114253,0.0001385606270154648,0.12382289768430824
20,120,0.0025,0,-999.0,2.5,1,1,100,200,2.578994525068971,0.2907081860373637,-0.4304946323864084,0.9518415218487138,269,204,65,0.15879974797857818,0.33715740837971225,0.24797857817914523,0.08917883020056705,4.350871531187522,-0.23481979622755778,0.00013500377591431118,0.1230529459365952
30,120,0.0025,0,-999.0,999.0,1,1,100,200,2.918437975108874,0.3143282531155349,-0.47974414594263004,0.9702035651754332,108,76,32,0.17875144387272918,0.37091777801113096,0.27483461094193007,0.09608316706920088,4.763420619679892,-0.2823867850130799,0.0001264072230578386,0.12296635840299155
12,120,0.005,0,-999.0,2.5,1,1,100,200,2.6817308781572344,0.29803962220858793,-0.453492668294889,0.9889770883340862,253,192,61,0.15037278168644336,0.30505092932899297,0.22771185550771816,0.0773390738212748,4.566900301077677,-0.24943106171703744,0.00014912512277229345,0.12074214247784774
30,200,0.0,0,-999.0,1.5,1,1,100,200,2.206909615763428,0.26266072194415435,-0.3737323743275567,0.8970962821314646,420,308,112,0.16767300220518744,0.3451380867373727,0.25640554447128006,0.08873254226609262,3.586495318479919,-0.13735836654103284,0.00012824125920467999,0.12064934888694925
12,120,0.005,0,-999.0,1.5,1,1,100,200,2.3197566858980676,0.2714305289054877,-0.39928028293714124,0.9764430493371508,346,256,90,0.13070986033812873,0.2625485666281634,0.19662921348314608,0.06591935314501733,3.5857590465617664,-0.1393099989985711,0.00016270178185562081,0.1206125399037746
48,60,0.01,0,-999.0,1.5,1,1,100,200,2.083665115705247,0.25279622786946554,-0.3613608074626571,0.9568580693133966,285,215,70,0.11598235850047255,0.22545416360390633,0.17071826105218943,0.0547359025517169,2.858903703608843,-0.07847800133494642,0.0001745556706575275,0.11995872760380683
20,120,0.005,0,-999.0,999.0,1,1,100,200,2.9285713013558614,0.3150078033141097,-0.4912821461615682,0.9919012121254842,114,80,34,0.1693268927858868,0.3377087052399454,0.2535177990129161,0.0841909062270293,4.795265882277383,-0.2823342008420411,0.00013732922893444326,0.11896179083959985
12,96,0.01,0,-999.0,2.5,1,1,100,200,2.2518733089216028,0.2661841675383423,-0.39398718359445306,0.954682401086007,219,165,54,0.13110364380972384,0.2553292029822535,0.19321642339598866,0.062112779586264835,3.4476592621657387,-0.18422714939464424,0.0001594838720459351,0.11692469579541612
30,60,0.005,0,-999.0,999.0,1,1,100,200,3.071924429481615,0.32447411818435645,-0.5211010671865086,1.0332559896422273,138,90,48,0.1620025202142182,0.3104326367741258,0.236217578494172,0.0742150582799538,5.456099680220651,-0.3242231726689019,0.00015162002098135266,0.1155863840732135
20,200,0.0025,0,-999.0,999.0,1,1,100,200,3.0546420760762913,0.323347147969373,-0.5174413621763299,0.9773527566542565,107,76,31,0.18888480520844272,0.3947022996954741,0.2917935524519584,0.1029087472435157,5.069384110353014,-0.29522828673224033,0.00012207849324863426,0.11349410471392093
20,120,0.005,0,-999.0,2.5,1,1,100,200,2.464498163563236,0.2823364597510587,-0.4355533189540006,0.9444455243039158,244,188,56,0.153286779376247,0.31332038223248976,0.23330358080436836,0.08001680142812138,4.095077073606806,-0.23177797432214797,0.000140356319733056,0.11178207648925417
30,200,0.01,0,-999.0,1.5,1,1,100,200,1.94843570704084,0.2416027334666131,-0.3525412546380331,0.8912029388294527,298,225,73,0.12595820644754804,0.2552241940564948,0.19059120025202142,0.06463299380447338,2.26155239515935,0.04928475512629271,0.00015327391266485525,0.10989225308906919
12,200,0.0025,0,-999.0,1.5,1,1,100,200,2.1573708021689972,0.2587327110128912,-0.38957821971617856,0.908489099911443,394,290,104,0.14924393573453743,0.3116927438832301,0.23046833980888376,0.08122440407434632,3.2831250188435037,-0.10227721830311931,0.00013759116603630634,0.10936805615037407
30,200,0.0,0,-999.0,2.5,1,1,100,200,2.61490202893526,0.29328951865397324,-0.46054537717573485,0.9197595268255139,277,208,69,0.19085372256641814,0.40218418565578073,0.29651895411109946,0.1056652315446813,4.293340350726824,-0.21561091694231727,0.00011733129311313052,0.1090048064073815
30,96,0.005,0,-999.0,1.5,1,1,100,200,2.2411771677785213,0.26534954560340274,-0.4136394911253044,0.9561478748415164,338,255,83,0.1317862018271553,0.26572508663236377,0.19875564422975953,0.06696944240260422,3.3272185599944946,-0.11303177420521016,0.00015834534577907348,0.10633719378282636
20,200,0.005,0,-999.0,1.5,1,1,100,200,2.2561452595652125,0.2665168951106609,-0.4144218740586981,0.9356970684020717,349,262,87,0.1436784626693269,0.2921085792292345,0.2178935209492807,0.0742150582799538,3.2828984045335057,-0.09474832329687644,0.00014686822274586413,0.10609081150141542
12,96,0.005,0,-999.0,999.0,1,1,100,200,2.7409665439458384,0.3021926981755112,-0.4912170373499881,0.9880123631151003,146,99,47,0.16394518534075397,0.3154730652105429,0.23970912527564844,0.07576393993489447,4.849351464818092,-0.31200143447906314,0.00014206327542893283,0.10598479765627217
20,96,0.005,0,-999.0,2.5,1,1,100,200,2.4593297839344417,0.28195336810510785,-0.4517416239907506,0.9526382555083533,253,188,65,0.14979523259477057,0.30069305891000736,0.22524414575238896,0.0754489131576184,4.3707729489375176,-0.2690171896232214,0.0001456645545206284,0.10371446888515023
20,96,0.0025,0,-999.0,1.5,1,1,100,200,1.9670941232445336,0.2431712776697832,-0.3690737198748505,0.8910788151180575,376,273,103,0.13630158563477895,0.2782211487976478,0.20726136721621338,0.07095978158143443,3.502356214308099,-0.20464822910019642,0.0001452444984432501,0.10318835848826083
12,200,0.01,0,-999.0,999.0,1,1,100,200,2.4183832969238304,0.27890203281872106,-0.44399282749867086,0.9191895882130892,86,64,22,0.1557544891315762,0.30885750288774544,0.23230599600966081,0.07655150687808464,2.9709309266993746,-0.1013144514751213,0.00013629012623448335,0.10286509848004008
48,96,0.0025,0,-999.0,999.0,1,1,100,200,3.0170225131370376,0.3208806550072434,-0.5356915191503466,0.9813099720895511,104,71,33,0.17925023627008296,0.3709440302425706,0.2750971332563268,0.09584689698624384,5.6754099832675236,-0.36610798281768564,0.0001282703741070015,0.10210039403654764
48,60,0.005,0,-999.0,999.0,1,1,100,200,2.9171956762915734,0.3142448467172705,-0.5252488159618414,0.9978948806667666,117,79,38,0.16725296650215268,0.3240837971227554,0.24566838181245407,0.07841541531030137,5.172321032765179,-0.3271173335305485,0.00014229123926815963,0.10151518276968813
48,120,0.0025,0,-999.0,999.0,1,1,100,200,2.864812317610336,0.31070848315441446,-0.5141732294419102,0.9505113664133337,97,71,26,0.18468444817809515,0.3841489026567258,0.2844166754174105,0.09973222723931534,4.3627329614286605,-0.2434967696048047,0.00012187829581594178,0.10114743675412602
20,120,0.005,0,-999.0,1.5,1,1,100,200,2.1367083034543275,0.25707976844857505,-0.4058325913596098,0.9322814371906527,342,254,88,0.13278378662186285,0.26913787671952116,0.200960831670692,0.06817704504882915,3.2563838487454335,-0.12558766437273272,0.00015350962395495066,0.1007775446283028
48,200,0.005,0,-999.0,999.0,1,1,100,200,2.699867215335761,0.2993168222797944,-0.48940502597639024,0.9175227898954245,82,60,22,0.19019741678042634,0.3854090097658301,0.2878032132731282,0.09760579649270187,3.9474407301871928,-0.2208589889279301,0.00011897371533386417,0.1004904487863705
20,96,0.005,0,-999.0,1.5,1,1,100,200,2.0259378966592667,0.24806692274536113,-0.3896128610174274,0.9168723818592436,342,252,90,0.1299747978578179,0.2589257586894886,0.19445027827365327,0.06447548041583534,3.3387689012821173,-0.17248396014463674,0.0001551442124938494,0.0991041113296096
48,60,0.0025,0,-999.0,2.5,1,1,100,200,2.4219632320881423,0.27916997261120113,-0.4541832517857023,0.9324147967713038,261,198,63,0.15633203822324898,0.32140606951590883,0.2388690538695789,0.08253701564632994,4.56161043421078,-0.29892516712521744,0.00013693085423946297,0.09869908655691517
48,200,0.005,0,-999.0,1.5,1,1,100,200,2.1502694184127686,0.2581655984479403,-0.41317394737858815,0.89555517380444,355,267,88,0.15042528614932268,0.3083587104903917,0.22939199831985718,0.0789667121705345,3.0855437298932786,-0.07911715490000004,0.00013832267474742384,0.09635638344886822
48,96,0.0025,0,-999.0,2.5,1,1,100,200,2.637983611582364,0.29493800733337183,-0.4945601382742546,0.9500498161754773,251,190,61,0.16223879029717525,0.3453218523574504,0.2537803213273128,0.09154153103013757,5.196020367682073,-0.3343200297091178,0.00013340742501601798,0.0951604290050184
48,120,0.005,0,-999.0,1.5,1,1,100,200,2.041104563851821,0.24931639481703094,-0.39816196346455623,0.8930409057546199,338,256,82,0.13879554762154783,0.2842329097973328,0.2115142287094403,0.07271868108789246,3.08783683453711,-0.11904865531673037,0.00014401484772585607,0.09488745837248383
30,120,0.005,0,-999.0,999.0,1,1,100,200,2.755863330656,0.3032288439215136,-0.5142086400291042,0.9574020125890577,99,70,29,0.17203087262417305,0.3450855822744933,0.2585582274493332,0.08652735482516014,4.39239773573679,-0.2681352735751381,0.00013120579973749307,0.09399462453641441
20,120,0.0025,0,-999.0,1.5,1,1,100,200,1.9801851796657095,0.2442670913503695,-0.3918555736319205,0.8857099404314823,377,274,103,0.13929434001890162,0.29055969757429384,0.2149270187965977,0.07563267877769611,3.359628768145459,-0.174572899216067,0.00014026618819496065,0.09262480155598338
30,200,0.01,0,-999.0,999.0,1,1,100,200,2.3250812336541857,0.27183839543190813,-0.44811215044659025,0.8923011643130864,74,54,20,0.16005985508768245,0.3188858552977003,0.23947285519269138,0.07941300010500893,2.916660373850335,-0.11903377172143792,0.0001304238313409467,0.09239737842426732
30,96,0.0025,0,-999.0,1.5,1,1,100,200,1.9632286258782523,0.24284696883592116,-0.4003447712870767,0.8839232038605679,370,274,96,0.1381654940669957,0.28596555707235116,0.21206552556967342,0.07390003150267772,3.3557275557485102,-0.1814051181088524,0.00014149503510477846,0.08687074338541122
12,200,0.005,0,-999.0,1.5,1,1,100,200,2.023899702896947,0.24789862910291238,-0.41348582417121515,0.893184827238122,351,263,88,0.1412895096083167,0.28746193426441247,0.2143757219363646,0.07308621232804788,2.8995911078956276,-0.07575724791981042,0.0001421117517386431,0.08581495837921091
12,200,0.0025,0,-999.0,999.0,1,1,100,200,2.585353377785035,0.29116681848492854,-0.5046527191485715,0.9146404995594297,125,91,34,0.18620707760159613,0.3880867373726767,0.2871469074871364,0.10093982988554027,4.015859775999878,-0.2390839000865942,0.00011595486372343829,0.0845724838886143
20,60,0.0,0,-999.0,2.5,1,1,100,200,2.1854480573428656,0.26096500228317954,-0.4450047164885723,0.9097389472154741,322,237,85,0.157933424341069,0.3154468129791032,0.2366901186600861,0.07875669431901712,4.416744583097417,-0.30917019269782386,0.00013418091881518043,0.0839495913996671
20,60,0.0,0,-999.0,1.5,1,1,100,200,1.7616517192599859,0.22544610444520985,-0.37010495144094857,0.8647802508825301,411,306,105,0.1386380342329098,0.2719468654835661,0.20529244985823794,0.06665441562532816,3.286374255460845,-0.20868635427509075,0.00014142086117531559,0.08363264126886208
12,200,0.01,0,-999.0,2.5,1,1,100,200,2.062964985154181,0.25110857644071927,-0.42270529142600943,0.8773074295704653,204,160,44,0.1423658510973433,0.28822324897616297,0.21529455003675313,0.07292869893940986,2.681836630615175,-0.07873062763296568,0.00013869027565875265,0.08362130220623781
30,60,0.005,0,-999.0,2.5,1,1,100,200,2.4125559059093353,0.27846540205904646,-0.4853331022119882,0.9549344645273884,258,191,67,0.1465137036648115,0.28727816864433475,0.21689593615457314,0.07038223248976162,4.610727095101098,-0.3080118960190982,0.00015044978578056262,0.08354557417942177
20,200,0.0025,0,-999.0,2.5,1,1,100,200,2.617881398200456,0.29350277787108525,-0.5147681317416264,0.9376893763192986,266,200,66,0.17210962931849208,0.36779376246980994,0.269951695894151,0.09784206657565893,4.695545377961306,-0.27440443339998044,0.0001262197709978648,0.08300318081623699
30,200,0.01,0,-999.0,2.5,1,1,100,200,1.981960588164974,0.24441540890854907,-0.4077965607214734,0.8497105989324701,194,152,42,0.14669746928488922,0.2982778536175575,0.22248766145122337,0.07579019216633413,2.638319748139771,-0.0968952315579914,0.00013249096252160216,0.08300265849443587
12,96,0.0025,0,-999.0,1.5,1,1,100,200,1.7138140395359773,0.22116798923383119,-0.36351288767890266,0.847130893158172,389,282,107,0.13498897406279534,0.27055549721726346,0.2027722356400294,0.06778326157723406,3.115087562924458,-0.19888953418935762,0.0001399212846363439,0.08176809005228847
48,120,0.005,0,-999.0,999.0,1,1,100,200,2.6143630741827355,0.29325092598759017,-0.5162762856469372,0.9240141136784902,92,68,24,0.17733382337498688,0.35616402394203506,0.266748923658511,0.0894151002835241,3.9255328753105205,-0.23164645952335527,0.00012520801693067775,0.0813134888480461
12,96,0.005,0,-999.0,2.5,1,1,100,200,2.1584230298334237,0.25881665452310143,-0.44804871188924267,0.9120295912187273,268,200,68,0.14801008085687284,0.2919248136091568,0.2199674472330148,0.07195736637614197,4.043238488269137,-0.28390472835229574,0.00014107795063777952,0.08039377813941646
30,120,0.0025,0,-999.0,2.5,1,1,100,200,2.3683527903762704,0.27513381641760004,-0.4816756241598992,0.908111514024942,258,196,62,0.1620287724456579,0.3447443032657776,0.25338653785571774,0.09135776541005985,4.286713828056064,-0.2751139065339999,0.00012773986534608608,0.07970158003889755
48,60,0.005,0,-999.0,2.5,1,1,100,200,2.3535400698778046,0.2740095595845977,-0.486253270180908,0.9320542783326957,240,184,56,0.1510815919353145,0.30024677097553293,0.22566418145542372,0.07458258952010921,4.381083666388586,-0.2973126645930396,0.00014272888994382114,0.07748563841077849
12,60,0.0025,0,-999.0,999.0,1,1,100,200,2.4126154166499596,0.2784698640520691,-0.5039776886427516,0.9437497424930725,205,141,64,0.16139871889110574,0.3120340228919458,0.23671637089152578,0.07531765200042004,4.238699192340467,-0.27824433144440486,0.00013729271218224472,0.0736685068553469
48,96,0.005,0,-999.0,999.0,1,1,100,200,2.766018433807388,0.303933299296526,-0.5578737128857703,0.956492121446258,98,68,30,0.171794602541216,0.3453218523574504,0.2585582274493332,0.08676362490811719,5.068947795347682,-0.3482893903767843,0.00013152001389505813,0.07282104892595379
48,96,0.005,0,-999.0,2.5,1,1,100,200,2.4508153527465524,0.2813212602657673,-0.5212925036919435,0.9309710439685287,231,179,52,0.15533445342854144,0.32093352934999475,0.23813399138926808,0.08279953796072666,4.5810218873773465,-0.3059647114310846,0.00013721909804813266,0.06722356061822202
48,96,0.005,0,-999.0,1.5,1,1,100,200,2.119026131359157,0.2556583138362689,-0.4690106356383744,0.9177233611478924,336,252,84,0.1339913892680878,0.2749133676362491,0.20445237845216843,0.07046098918408064,3.536131263353745,-0.18658323476672856,0.0001504218891093576,0.06703916407447633
30,60,0.0025,0,-999.0,1.5,1,1,100,200,1.893934873260454,0.2369751308092456,-0.4292046947813847,0.8856765239931983,378,276,102,0.1325737687703455,0.2646224929118975,0.1985981308411215,0.06602436207077601,3.893281146289546,-0.2855188613124797,0.00014926328785525906,0.06665660961821318
48,200,0.005,0,-999.0,2.5,1,1,100,200,2.243206536446191,0.26550806679444294,-0.48794490894804843,0.865059133305365,228,177,51,0.17389478105638978,0.3599705975007876,0.26693268927858865,0.09303790822219889,3.497796049770053,-0.19184102488604793,0.00012073935426026436,0.06478856898568698
12,96,0.005,0,-999.0,1.5,1,1,100,200,1.7569089961555848,0.22502462255200673,-0.4075862152571714,0.8705410672824931,353,261,92,0.1285571773600756,0.25157513388638036,0.19006615562322798,0.06150897826315237,2.96683164337324,-0.17081620241436313,0.00014902272892979918,0.06475856828754567
48,120,0.0025,0,-999.0,1.5,1,1,100,200,1.8594657275260231,0.2340122868223271,-0.42701572950248756,0.8421674505671117,369,273,96,0.14627743358185447,0.3073086212328048,0.22679302740732962,0.08051559382547517,3.2541520311036294,-0.19161311365394862,0.00013040141735589273,0.06261279459943891
48,96,0.0025,0,-999.0,1.5,1,1,100,200,1.9752357532131932,0.24385324298481348,-0.45665923020565224,0.8745086435397637,366,269,97,0.1415782841541531,0.2964664496482201,0.2190223669011866,0.0774440827470335,3.8219223780684146,-0.259036295215072,0.0001378012100120837,0.05924906005897554
48,120,0.0025,0,-999.0,2.5,1,1,100,200,2.323476056006726,0.27171549200429124,-0.5156766135123207,0.8881440020450451,251,194,57,0.16785676782526515,0.35792292344849314,0.2628898456368791,0.09503307781161399,3.890373884559591,-0.22950809781031356,0.00012303024631338117,0.05828438535038312
30,120,0.005,0,-999.0,2.5,1,1,100,200,2.2571248696919994,0.2665931443632157,-0.5101044573086058,0.8992353167944411,236,182,54,0.15588575028877455,0.32017221463824425,0.2380289824635094,0.08214323217473485,3.8913033354251967,-0.2506764587670779,0.0001327382379419322,0.05650268154863486
30,120,0.005,0,-999.0,1.5,1,1,100,200,1.9111384656004806,0.23844334235841091,-0.45414537566289204,0.8752600669576553,339,254,85,0.13467394728551926,0.27465084532185235,0.20466239630368582,0.06998844901816655,3.0483859599098784,-0.14805359083338065,0.0001438715532336358,0.05513365787484767
12,60,0.01,0,-999.0,1.5,1,1,100,200,1.475041600767132,0.19886537140664529,-0.373865861675437,0.8418266715444057,317,235,82,0.10666281633938884,0.20169589415100284,0.15417935524519585,0.047516538905806996,2.253953314112069,-0.10869965340416465,0.0001642418917047885,0.05402377414614707
20,200,0.005,0,-999.0,999.0,1,1,100,200,2.530268760396479,0.2871720360005918,-0.5579307138278439,0.9112823111826716,99,70,29,0.18171794602541216,0.36537855717736006,0.2735482516013861,0.09183030557597396,4.383111916364079,-0.31090783239381015,0.0001205527884380312,0.05377079464580347
30,200,0.0025,0,-999.0,999.0,1,1,100,200,2.4640025941497603,0.2822997468798458,-0.5460047384904576,0.8834813555443247,102,71,31,0.19295390108159194,0.40428436417095454,0.2986191326262732,0.1056652315446813,4.409804119901435,-0.3261686293726793,0.0001096310276247361,0.05347144541183326
12,60,0.01,0,-999.0,999.0,1,1,100,200,2.090413729341715,0.2533444737354007,-0.49323131745673787,0.9165217637430809,155,108,47,0.13577654100598552,0.2521789352094928,0.19397773810773916,0.05820119710175365,3.2586718728902806,-0.2158327782651569,0.00015324230368161178,0.05255490319418581
12,60,0.0025,0,-999.0,2.5,1,1,100,200,1.9180040356460504,0.23902733584283475,-0.46155670951694583,0.8726811942150943,329,241,88,0.14611992019321643,0.2892470860023102,0.2176835030977633,0.07156358290454688,3.676911259782602,-0.26449425869738286,0.00013682473122172696,0.051883040795116554
12,200,0.0025,0,-999.0,2.5,1,1,100,200,2.175776055524829,0.2601978099703577,-0.5057571375291989,0.8677588955236152,280,213,67,0.16951065840596452,0.3614669746928489,0.2654888165494067,0.0959781581434422,3.6419944997357634,-0.21302365002601964,0.00011895259629582033,0.05070718598193898
48,120,0.005,0,-999.0,2.5,1,1,100,200,2.1674478213302213,0.2595357076680034,-0.5094950315026725,0.8707148872508486,230,182,48,0.16105743988239,0.33138191746298434,0.24621967867268718,0.08516223879029718,3.4706064767019056,-0.20512400451172186,0.00012706770916647635,0.048323936279209556
30,60,0.005,0,-999.0,1.5,1,1,100,200,1.8400120249695453,0.23232748396831626,-0.46847769601677736,0.8851643176973226,346,257,89,0.12706080016801427,0.24698099338443769,0.187020896776226,0.0599600966082117,3.386730240000351,-0.23028316520924286,0.00015504011323918597,0.04234685184479372
30,200,0.005,0,-999.0,1.5,1,1,100,200,1.682831634178517,0.21836494566048814,-0.4326994260558933,0.8056779122251109,353,262,91,0.14648745143337183,0.2988554027092303,0.22267142707130105,0.07618397563792922,2.9077060869354745,-0.18088727475190602,0.0001273799341030229,0.04229912824379704
30,120,0.0025,0,-999.0,1.5,1,1,100,200,1.7172211915002218,0.22147467684544386,-0.44182756827900915,0.819250065495433,371,272,99,0.14149952745983407,0.29649270187965976,0.21899611466974692,0.07749658720991284,3.1880187902744828,-0.21891527468020489,0.00012970884253477244,0.04152339598071094
30,200,0.0025,0,-999.0,1.5,1,1,100,200,1.7078693574237782,0.2206321529472386,-0.4458966523306649,0.8011960141817159,392,283,109,0.15454688648535125,0.3242413105113935,0.23939409849837237,0.0848472120130211,3.3130365438825295,-0.23618606768073036,0.00012086594427723202,0.03774362749099194
20,200,0.005,0,-999.0,2.5,1,1,100,200,2.2106586525543124,0.262956008758245,-0.5453277886750909,0.8794479139473281,239,183,56,0.16546781476425496,0.34004515383807626,0.2527564843011656,0.08728866953691064,4.025329860740211,-0.27998634865586014,0.0001251243569064272,0.034264510118065944
12,60,0.01,0,-999.0,2.5,1,1,100,200,1.723215684456457,0.2220135126516274,-0.4626966637580996,0.8610868496608257,250,187,63,0.12354300115509818,0.23401239105323954,0.17877769610416885,0.05523469494907067,2.7871690333080696,-0.18516863698951647,0.00015316064912018008,0.03371952325561888
12,60,0.005,0,-999.0,999.0,1,1,100,200,2.2263441850550567,0.2641884715569731,-0.5597423648222947,0.9215287731653917,188,130,58,0.1545993909482306,0.2909534810458889,0.22277643599705976,0.06817704504882915,4.181014247497327,-0.3158839178179086,0.00014019854111224913,0.03039372780409537
20,60,0.0025,0,-999.0,999.0,1,1,100,200,2.0230089441632413,0.24782505066894744,-0.5281753562242701,0.859858398346663,177,120,57,0.1644964822009871,0.3203297280268823,0.24241310511393468,0.0779166229129476,4.461816031262478,-0.39529015681637936,0.00012364247486815771,0.026730292474145524
48,60,0.005,0,-999.0,1.5,1,1,100,200,1.7245345495504814,0.22213193607099857,-0.47640897608835076,0.8463960260105962,338,254,84,0.13039483356085269,0.25766565158038435,0.19403024257061852,0.06363540900976583,3.1515282890150838,-0.222861471970918,0.0001449788086422781,0.026247249327353006
48,60,0.0025,0,-999.0,1.5,1,1,100,200,1.5391756255231255,0.20501925194957105,-0.44674168087090516,0.7884203454235708,368,272,96,0.136537855717736,0.2763572403654311,0.20644754804158352,0.06990969232384753,3.152651335986726,-0.2649829035624959,0.00013104745792745563,0.02106942878529701
12,200,0.005,0,-999.0,999.0,1,1,100,200,2.122837830237198,0.2559652769887266,-0.5574865833789104,0.8467602077756111,111,80,31,0.17869893940984985,0.35910427386327837,0.2689016066365641,0.09020266722671427,3.5194157572173177,-0.2695735221650033,0.00011363195979768649,0.01955999568805196
20,60,0.01,0,-999.0,1.5,1,1,100,200,1.3097614670779407,0.18239675753633677,-0.41040952687066,0.778736886535796,302,226,76,0.10976057964927019,0.2075238895306101,0.15864223458994015,0.048881654940669955,2.2404978485519473,-0.1710081493027834,0.00015110758436357667,0.01612883842779657
12,60,0.005,0,-999.0,2.5,1,1,100,200,1.8097622129164002,0.22968924624385156,-0.5133905331136783,0.8604989483087035,299,222,77,0.1397668801848157,0.2692428856452799,0.2045048829150478,0.06473800273023207,3.621727251313498,-0.2939937957616815,0.00014057062879967234,0.01601892710244758
12,60,0.0025,0,-999.0,1.5,1,1,100,200,1.3631652706793327,0.18781822009474491,-0.4211908384033991,0.7726950949818816,411,300,111,0.12740207917673002,0.24973747768560328,0.18856977843116665,0.06116769925443663,2.7361388754034115,-0.22314329227339869,0.0001358718283050849,0.015857555642139448
30,200,0.0025,0,-999.0,2.5,1,1,100,200,2.0327290760142045,0.24862701679209787,-0.5490664757932264,0.8289086977745725,263,196,67,0.17609996849732226,0.3772970702509713,0.2766985193741468,0.10059855087682452,3.9885721967904733,-0.3066039557783281,0.0001115588916058239,0.01553921378421328
20,60,0.01,0,-999.0,999.0,1,1,100,200,1.7636146368064445,0.22562037792492196,-0.5093080587199457,0.8325572209675831,133,90,43,0.13989814134201406,0.26034337918723094,0.2001207602646225,0.06022261892260842,3.3616556526463794,-0.32280473290496325,0.000137305713673107,0.012594209613328279
12,96,0.0,1,-999.0,999.0,1,1,100,200,1.1945558029621388,0.17035087863823062,-0.40432946788621504,0.8036184382516381,586,439,147,0.0786779376246981,0.1560170114459729,0.1173474745353355,0.0386695369106374,2.5453106835826094,-0.17020190206241004,0.00020820232069611075,0.008367066607705004
12,96,0.0,1,-999.0,2.5,1,1,100,200,1.0423949804189023,0.15364033447015424,-0.3761824741061499,0.774006927798412,607,455,152,0.07048724141552032,0.14189331093142918,0.10619027617347475,0.03570303475795442,2.3044707955194617,-0.1627037333205077,0.0002140419505247336,0.004249443806999882
12,60,0.005,0,-999.0,1.5,1,1,100,200,1.4142973638382128,0.1929179928624214,-0.45811865199046087,0.8003922886353199,373,276,97,0.12047149007665651,0.23193846476950541,0.17620497742308097,0.05573348734642444,2.764656022655427,-0.22717415750825032,0.00014525089951725407,0.0038782812989569537
20,60,0.0,1,-999.0,0.75,1,1,100,200,0.4132685261952762,0.07168096314444927,-0.19075386448195686,0.5368595649620922,419,324,95,0.04053344534285414,0.07119605166439147,0.05586474850362281,0.015331303160768665,0.582283788139657,0.10140680788679779,0.00022992918574093785,0.003147009151575453
30,200,0.005,0,-999.0,999.0,1,1,100,200,1.9930998413427794,0.2453443732828069,-0.5666885091654859,0.8124506365475239,95,66,29,0.1852882495012076,0.3737267667751759,0.27950750813819175,0.09421925863698415,3.6671570672023632,-0.32748351560666666,0.00010698417455885776,0.002622650527440165
12,200,0.005,0,-999.0,2.5,1,1,100,200,1.8430683969655663,0.2325927933964349,-0.5428768661718404,0.812483953395035,248,191,57,0.162501312611572,0.3340333928383913,0.24826735272498163,0.08576604011340964,3.2000257027844308,-0.2336955579249993,0.00011764442002840614,0.0017785579802664653
20,60,0.0025,0,-999.0,2.5,1,1,100,200,1.518292770373586,0.2030292584614517,-0.5034193889997584,0.7687753288891989,307,225,82,0.14874514333718367,0.2967027197311771,0.2227239315341804,0.07397878819699674,3.7969331772830284,-0.3878985270005162,0.00012040241114611153,-0.01024166959396753
12,60,0.0,1,-999.0,0.75,1,1,100,200,0.38399543469666186,0.06720110198668494,-0.21272165257848819,0.5079604677807198,434,335,99,0.04237110154363121,0.07403129265987608,0.05820119710175365,0.01583009555812244,0.5623589272856622,0.10057416811159325,0.00021661726740604309,-0.013761700913523162
12,96,0.0,1,-999.0,1.5,1,1,100,200,0.8177574641603389,0.12704884997986277,-0.3580049636570577,0.7034302817935527,576,433,143,0.06203402289194582,0.12278168644334768,0.09240785466764675,0.030373831775700934,1.68791334380712,-0.09795383648169176,0.00021467333253627352,-0.016782117758988448
12,60,0.0,1,-999.0,999.0,1,1,100,200,1.0746808493543596,0.15726728891273178,-0.4258946437908607,0.7634169103426631,571,427,144,0.07657775910952432,0.14945395358605482,0.11301585634778956,0.03643809723826525,2.448641412225242,-0.19956634290636033,0.00020530823112710345,-0.017509187465565422
20,60,0.01,0,-999.0,2.5,1,1,100,200,1.3971808710022557,0.19122054337624017,-0.4937361850368567,0.7624431311028638,235,175,60,0.12700829570513494,0.24141552031922714,0.18421190801218104,0.0572036123070461,2.8554247867008438,-0.30068807902575645,0.0001350865324468573,-0.017525392587044976
20,60,0.0,1,-999.0,999.0,1,1,100,200,1.07839201669917,0.1576812979335982,-0.42815012280170983,0.7684891084937433,559,418,141,0.07502887745458364,0.14512233539850888,0.11007560642654626,0.035046728971962614,2.5190565257689634,-0.2188815663832384,0.00021028879123693623,-0.01796930804256955
30,60,0.0,0,-999.0,0.75,1,1,100,200,1.1440092043100423,0.16490551837981404,-0.44507483786103264,0.783905723743239,443,324,119,0.09765830095558123,0.1777801113094613,0.13771920613252125,0.04006090517694004,2.067201943298642,-0.12762229172395834,0.00016863122709205475,-0.018436614363540327
30,60,0.0,1,-999.0,0.75,1,1,100,200,0.28994235515476485,0.05227489021097953,-0.18404747319639803,0.41821673608275484,426,330,96,0.039798382862543315,0.07119605166439147,0.055497217263467395,0.015698834400924077,0.5298056152483681,0.04342661655882707,0.0001976101914583194,-0.01883800958308174
30,200,0.005,0,-999.0,2.5,1,1,100,200,1.7059164858215845,0.2204559214865056,-0.5619194100679692,0.7725637219655851,237,180,57,0.1689331093142917,0.34828835451013335,0.2586107319122125,0.08967762259792082,3.337513363228563,-0.2976552682129442,0.00011011932601405753,-0.02187559744919973
12,60,0.0,1,-999.0,2.5,1,1,100,200,0.9376653388201759,0.14155044421350915,-0.4003653178819647,0.7343256703751665,592,443,149,0.06885960306626063,0.13585529770030452,0.10235745038328257,0.03349784731702195,2.248482202890014,-0.19798665637325696,0.00021103602439932696,-0.021915931208714885
20,60,0.0,1,-999.0,2.5,1,1,100,200,0.9327634918886951,0.14097189104801222,-0.405351052003903,0.7359648871975542,580,434,146,0.06720571248556127,0.1314186705869999,0.09931219153628058,0.03210647905071931,2.300520778286958,-0.21733999918474967,0.00021602129993263775,-0.024905390594061556
20,60,0.0025,0,-999.0,1.5,1,1,100,200,1.177368130374739,0.16851062161561825,-0.4586545839541032,0.7075341831688241,391,289,102,0.1299747978578179,0.25582799537960726,0.19290139661871258,0.06292659876089468,2.778136343873534,-0.29922267672615177,0.00012413163217953974,-0.02543996120299214
20,60,0.005,0,-999.0,999.0,1,1,100,200,1.7621881313260577,0.22549373849085064,-0.5842878331788479,0.8140739948420375,164,111,53,0.1587734957471385,0.29959046518954113,0.22918198046833982,0.0704084847212013,4.065482929473624,-0.4080930324628801,0.00012262642880687074,-0.025946478356471445
20,60,0.0025,1,-999.0,0.75,1,1,100,200,0.312018482877471,0.05585467403099287,-0.20959732239626605,0.4457741630623483,388,303,85,0.03906332038223249,0.06725821694844061,0.053160768665336554,0.014097448283104063,0.5329074135915428,0.039197823173572566,0.00020730404272288153,-0.026655279014022742
30,60,0.0,1,-999.0,999.0,1,1,100,200,1.041588111316563,0.1535491061314127,-0.4438829084484378,0.7503520311615761,574,425,149,0.07450383282579019,0.14611992019321643,0.1103118765095033,0.03580804368371312,2.6973989422372875,-0.2642241946808278,0.00020728334560433812,-0.03087474653472739
20,60,0.0,0,-999.0,0.75,1,1,100,200,1.0111815988755373,0.15008999667998335,-0.4428890362711577,0.7499924072847847,443,324,119,0.09584689698624384,0.1731334663446393,0.13449018166544155,0.03864328467919773,1.9398200561113939,-0.14621047304245183,0.00016158983955656475,-0.033854901091356276
12,96,0.0025,1,-999.0,2.5,1,1,100,200,0.9094947839611354,0.1382094244084453,-0.4164456752174439,0.7216206384844192,567,427,140,0.06673317231964716,0.1337813714165704,0.10025727186810879,0.03352409954846162,2.074071188568719,-0.17518256533027443,0.0002089068003769452,-0.0339323812760557
20,60,0.0,1,-999.0,1.5,1,1,100,200,0.7676398503669888,0.12076006138240447,-0.38340767968965594,0.6884745936071365,550,415,135,0.05877874619342644,0.11306836081066891,0.08592355350204768,0.027144807308621233,1.6872494373238212,-0.13394264657316213,0.00022211361030227057,-0.036520048782066675
20,60,0.005,0,-999.0,1.5,1,1,100,200,1.1617919642010763,0.16683284241297125,-0.47854051516340546,0.7115272471420792,358,268,90,0.1240942980153313,0.23834400924078547,0.18121915362805838,0.05712485561272708,2.591571178742712,-0.28007447172120226,0.0001294281632890826,-0.03686105281162752
12,96,0.0,1,-999.0,0.75,1,1,100,200,0.27091506349818184,0.049149958957697804,-0.21157281956711949,0.3948946672927719,444,343,101,0.043421190801218104,0.07618397563792922,0.059802583219573664,0.01638139241835556,0.4296751357080353,0.10998382298292042,0.00018355599189807533,-0.03689171746122334
12,60,0.0,1,-999.0,1.5,1,1,100,200,0.7867432994679804,0.12317379292122577,-0.39066413466659355,0.695049710325638,564,424,140,0.060327627848367114,0.11739997899821485,0.08886380342329098,0.02853617557492387,1.6846557392068386,-0.11758022686257308,0.00021834802626828558,-0.03740578889578911
20,60,0.0025,1,-999.0,2.5,1,1,100,200,0.8911305162394465,0.13601013920727745,-0.424311866747889,0.7245180011922239,540,406,134,0.06358290454688649,0.12359550561797752,0.093589205082432,0.03000630053554552,2.1417878429632555,-0.21144228958512512,0.00021980651672409167,-0.03991989410705586
48,200,0.0025,1,-999.0,1.5,1,1,100,200,0.7897773659161875,0.12355524721145739,-0.39457552003387353,0.6606982454673119,634,474,160,0.07235114984773705,0.14806258531975217,0.11020686758374462,0.03785571773600756,1.7000382863999168,-0.08980411199907712,0.0001832807080664873,-0.04069760053211378
20,60,0.0025,1,-999.0,1.5,1,1,100,200,0.7022522122174435,0.11233711533630264,-0.37549839688652975,0.6585420411570159,510,386,124,0.05578599180930379,0.10624278063635409,0.08101438622282894,0.02522839441352515,1.5765940851458775,-0.14738947364582566,0.0002211062790413526,-0.04248498104911144
12,96,0.0025,1,-999.0,999.0,1,1,100,200,0.9946258241486081,0.14818895381124397,-0.4610243853051128,0.7331062068376414,546,412,134,0.0749763729917043,0.14664496482200987,0.11081066890685708,0.03583429591515279,2.343773287211801,-0.21617942821674185,0.00019954624075214464,-0.04566792849943036
12,60,0.0025,1,-999.0,0.75,1,1,100,200,0.2787340789600343,0.050438607576413386,-0.2343224969029868,0.4105813722878941,401,312,89,0.04040218418565578,0.06959466554657145,0.05499842486611362,0.01459624068045784,0.48085660291004184,0.05527355098932629,0.00019335522895195316,-0.0461935722606853
12,60,0.005,1,-999.0,0.75,1,1,100,200,0.20580280730841705,0.03816502053479187,-0.2031231458318945,0.33958160928461206,366,287,79,0.03782946550456789,0.06418670586999894,0.05100808568728342,0.01317862018271553,0.3694089397810085,0.05739900577758217,0.000176537589749057,-0.046417471916924774
30,60,0.0,1,-999.0,2.5,1,1,100,200,0.8758652731950456,0.13416895031788068,-0.4321996895652188,0.7052679946339433,593,441,152,0.0666019111624488,0.13239000315026778,0.0994959571563583,0.03289404599390948,2.4679595247866084,-0.2723406063019076,0.00021013823822990595,-0.04666749473303156
12,96,0.0025,1,-999.0,1.5,1,1,100,200,0.6726382068962269,0.1084369778880756,-0.37337108605060687,0.629180890594244,536,404,132,0.0589100073506248,0.11566733172319647,0.08728866953691064,0.028378662186285833,1.5186678991008025,-0.13173732004497585,0.0002034604690969392,-0.04678952060751563
12,60,0.0025,1,-999.0,2.5,1,1,100,200,0.8398616796265745,0.1297785026626972,-0.4226591063881272,0.6952278676055801,549,413,136,0.06473800273023207,0.12737582694529034,0.09605691483776121,0.03131891210752914,2.012334582059136,-0.19624143261936744,0.00020892476429385312,-0.046789657151087405
20,60,0.0025,1,-999.0,999.0,1,1,100,200,0.9769984174888184,0.14615093532077372,-0.4650014817602963,0.7360526500297252,519,391,128,0.0714585739787882,0.13603906332038224,0.10374881864958521,0.03229024467079702,2.396183506815033,-0.24535486703666975,0.0002094846561253936,-0.04954717305788817
20,60,0.005,1,-999.0,0.75,1,1,100,200,0.1994513936105058,0.03706827803862711,-0.20778757628462896,0.33261926434682587,358,282,76,0.03709440302425706,0.06261157198361861,0.04985298750393784,0.012758584479680772,0.3547782651567182,0.05894300570960653,0.0001770119171589517,-0.05019454688634607
30,60,0.01,0,-999.0,0.75,1,1,100,200,0.7460500849729588,0.11800693602096768,-0.4013466553038264,0.6438100161803626,333,247,86,0.07796912737582695,0.13808673737267668,0.10802793237425182,0.030058804998424865,1.3031304967999868,-0.10449860672979716,0.00016244814522615964,-0.05047589082192739
12,96,0.005,1,-999.0,2.5,1,1,100,200,0.8288532496553658,0.12842236869298906,-0.4292901388368202,0.6916842347870881,522,396,126,0.06463299380447338,0.12480310826420246,0.09471805103433792,0.03008505722986454,1.8367017607304947,-0.16296351795321018,0.0002088976126291988,-0.051638488986066634
12,120,0.0,0,-999.0,0.75,1,1,100,200,1.069349745358657,0.15667152573353982,-0.4952671483530464,0.7428505723631628,464,333,131,0.10293499947495537,0.18935734537435683,0.1461461724246561,0.04321117294970073,2.1077410923577826,-0.1602102203839082,0.0001558973180898013,-0.05381951982482525
12,60,0.0025,1,-999.0,1.5,1,1,100,200,0.6697671003194918,0.10805592609868375,-0.38810462110894106,0.6354297912033342,521,393,128,0.056836081066890684,0.10991809303790823,0.08337708705239945,0.026541005985508768,1.507580938105705,-0.1359021084638935,0.00021083621733777568,-0.05422489489562007
12,96,0.0,0,-999.0,0.75,1,1,100,200,0.8740141172767959,0.1339448626620472,-0.445297927630519,0.6771314477707805,454,328,126,0.10028352409954847,0.18171794602541216,0.14100073506248031,0.04071721096293185,1.6978061570250316,-0.12829082215525223,0.0001455894329632358,-0.05484752876467328
20,60,0.005,0,-999.0,2.5,1,1,100,200,1.3414606449809474,0.18562674427318204,-0.5556153616442503,0.7305083317646811,281,208,73,0.14352094928068887,0.2770923028457419,0.21030662606321537,0.06678567678252652,3.441276421148422,-0.39324593742589165,0.00011964141174684779,-0.05565551996070905
12,96,0.005,1,-999.0,999.0,1,1,100,200,0.9251626827186079,0.14007246069171986,-0.46311720068161255,0.7114502796331496,504,383,121,0.07261367216213378,0.13708915257796914,0.10485141237005145,0.03223774020791767,2.103627853010419,-0.2018815083175045,0.00020148851370910747,-0.05591362566742894
48,60,0.0,1,-999.0,0.75,1,1,100,200,0.1943499871914276,0.03618401402271809,-0.21995084133793363,0.3159466708436237,438,337,101,0.040454688648535124,0.07321747348524625,0.056836081066890684,0.01638139241835556,0.411947678408364,0.05304585419040708,0.00016764167410674246,-0.05799407310406754
48,60,0.0,1,-999.0,999.0,1,1,100,200,0.8595248800082886,0.13218475583205702,-0.44768061170595985,0.6639490698647089,585,439,146,0.07631523679512758,0.15018901606636564,0.11325212643074661,0.03693688963561903,2.1924127913190543,-0.21954861517956914,0.0001870596780862595,-0.05845809652768746
30,60,0.0,1,-999.0,1.5,1,1,100,200,0.7056958192821858,0.11278710484169485,-0.40754507467760304,0.6499616238411572,560,420,140,0.05825370156463299,0.11396093667961776,0.08610731912212538,0.027853617557492386,1.8368272793300506,-0.20438757624797854,0.00021361620978170996,-0.058487351305048806
12,60,0.0025,1,-999.0,999.0,1,1,100,200,0.9151101967635906,0.13887854218061846,-0.4658280249051815,0.7049346247944636,528,398,130,0.07250866323637509,0.13971437572193637,0.10611151947915573,0.033602856242780636,2.2422110142623675,-0.23080773551468325,0.0001991803620262354,-0.058788739032249106
12,60,0.005,1,-999.0,2.5,1,1,100,200,0.8099893209772433,0.12608325520952257,-0.4389529489897338,0.6905114413715673,508,382,126,0.062191536280583846,0.1186863383387588,0.09043893730967133,0.028247401029087474,1.9329836069272432,-0.20438170287706947,0.00021473533314251585,-0.05886764721676597
20,60,0.005,1,-999.0,2.5,1,1,100,200,0.7858929788762654,0.12306679446142321,-0.4322135547941429,0.6797960677795057,501,378,123,0.06174524834610942,0.11598235850047255,0.08886380342329098,0.02711855507718156,1.8804328015514757,-0.20344520468326688,0.00021564088715667805,-0.05905017954667296
20,96,0.0,1,-999.0,999.0,1,1,100,200,0.8435746897806222,0.13023444654151017,-0.445774159747658,0.654086931109211,596,444,152,0.07691903811824005,0.1552556967342224,0.11608736742623123,0.039168329307991176,2.123764795414725,-0.2048766043068626,0.00018077957390120968,-0.05994828677685827
30,60,0.0025,1,-999.0,0.75,1,1,100,200,0.18271767193189503,0.034156345064421556,-0.22172073784724466,0.3083642393719794,396,310,86,0.03838076236480101,0.06741573033707865,0.05289824635093983,0.014517483986138821,0.4542559842769851,-0.008592868573735202,0.00016806436050787949,-0.06128581189060181
48,200,0.0,1,-999.0,1.5,1,1,100,200,0.8204035664185649,0.12737701183102645,-0.444869198453302,0.6693121926392818,684,514,170,0.07823164969022367,0.15803843326682768,0.11813504147852567,0.039903391788302,1.7791556068555772,-0.07780944236190113,0.0001794340644851428,-0.06159197776366044
20,60,0.005,1,-999.0,999.0,1,1,100,200,0.8814204669103718,0.13484036204339866,-0.4636598090670697,0.7007380540968824,483,365,118,0.06935839546361441,0.12784836711120445,0.09860338128740943,0.029244985823795023,2.1318799078283255,-0.23512738824675627,0.00020788488065547232,-0.06195263978529207
12,60,0.005,1,-999.0,999.0,1,1,100,200,0.898585773796001,0.13690502388596548,-0.47235954846036043,0.7070679367582592,490,369,121,0.06969967447233015,0.130447338023732,0.10007350624803109,0.030373831775700934,2.175270758484486,-0.23602663814595726,0.00020651054407654353,-0.06392135350630176
30,96,0.0,1,-999.0,999.0,1,1,100,200,0.8091994070314745,0.12598488186448376,-0.4470633184726178,0.6356557620599268,599,448,151,0.07705029927543841,0.15774965872099128,0.11739997899821485,0.040349679722776435,2.159256646309273,-0.22731006553896438,0.0001754006070392376,-0.06576398926882882
30,60,0.0025,1,-999.0,2.5,1,1,100,200,0.7981172907540097,0.12460111568957277,-0.45153149044327456,0.6737497057801823,553,413,140,0.0630053554552137,0.12480310826420246,0.09390423185970807,0.03089887640449438,2.234640161447207,-0.26699911728328474,0.00020881617163835922,-0.0674771442430554
12,96,0.0025,1,-999.0,0.75,1,1,100,200,0.15497445427529577,0.02925514659136219,-0.22309433710523685,0.2751700858175249,413,322,91,0.04179355245195842,0.07203612307046099,0.0569148377612097,0.015121285309251286,0.35370622710698796,0.048943727648342206,0.00015264314071477669,-0.06853351767037999
30,60,0.0025,1,-999.0,999.0,1,1,100,200,0.9024820535326037,0.1373715922612937,-0.4817921159567873,0.6992192084962885,534,398,136,0.07095978158143443,0.13727291819804682,0.10411634988974063,0.033156568308306204,2.4963813015854477,-0.28929821669895006,0.00020201771715793772,-0.06856350529228553
12,200,0.0,1,-999.0,1.5,1,1,100,200,0.7166810004554911,0.1142177414961203,-0.43166474359913054,0.6266094767907632,647,486,161,0.07111729497007245,0.14551611887010396,0.10831670692008821,0.03719941195001575,1.5834289988090182,-0.08161988743424842,0.00017956742656471212,-0.07028415646390682
30,96,0.0,1,-999.0,0.75,1,1,100,200,0.17111553044564665,0.03211798367225027,-0.23406291910680455,0.28952665030738217,453,347,106,0.04237110154363121,0.07676152472960202,0.05956631313661661,0.017195211592985402,0.3983501529830622,0.050451743702263796,0.00015640333172545735,-0.07043714336578288
20,60,0.01,0,-999.0,0.75,1,1,100,200,0.5963932639949323,0.09813517954779183,-0.39548596634316435,0.5757708819272461,332,248,84,0.07647275018376562,0.1337026147222514,0.10508768245300851,0.028614932269242884,1.1745212754489867,-0.13326339476411564,0.00014789719090530182,-0.07081925952742804
20,96,0.0,1,-999.0,2.5,1,1,100,200,0.696629954633323,0.11160086579316042,-0.427262835700991,0.6044503344537244,619,462,157,0.06880709860338129,0.14126325737687703,0.10503517799012917,0.03622807938674787,1.9023120352396208,-0.20330739777838203,0.00018184745413429469,-0.07180803533464886
30,96,0.0,0,-999.0,0.75,1,1,100,200,1.00042334231216,0.1488560940718533,-0.5154279624805818,0.7104321053309389,455,330,125,0.10372256641814555,0.19072246140921978,0.14722251391368266,0.04349994749553712,1.870173878779295,-0.12493480742031138,0.00014995218278847708,-0.07333628190189063
12,120,0.0,1,-999.0,999.0,1,1,100,200,0.8311580066167428,0.12870683218996382,-0.4710644764326416,0.6440902300543667,609,456,153,0.07972802688228499,0.16384017641499526,0.12178410164864013,0.04205607476635514,2.184192728137302,-0.220165911311062,0.00017185637792722412,-0.07462089452363865
48,120,0.0,1,-999.0,1.5,1,1,100,200,0.6830089691719565,0.10980903686928611,-0.43305727821967754,0.6128418312613026,622,469,153,0.06568308306206028,0.1358815499317442,0.10078231649690224,0.03509923343484196,1.560735043887695,-0.10294071215038392,0.0001854106752729686,-0.07607751067748753
20,60,0.005,1,-999.0,1.5,1,1,100,200,0.5985918437111653,0.09843769420136894,-0.40939853177763974,0.6028085712129035,470,358,112,0.05394833560852672,0.09941720046203928,0.076682768035283,0.022734432426756275,1.357431778993409,-0.14220564147831083,0.00021311566006963854,-0.07612114312680575
30,60,0.0025,1,-999.0,1.5,1,1,100,200,0.6091824700863424,0.09989027131327788,-0.41306978759693513,0.5982254532177675,520,391,129,0.05528719941195002,0.10737162658826001,0.081329413000105,0.02604221358815499,1.6651919328032867,-0.21689209727673975,0.00020660641801270967,-0.07673334982430131
12,96,0.005,1,-999.0,1.5,1,1,100,200,0.5951401079753751,0.09796260179678429,-0.4093287582256977,0.5904385436693986,490,373,117,0.056704819909692325,0.10752913997689803,0.08211697994329518,0.025412160033602856,1.3162489050211725,-0.12008166863666492,0.00020035412556316287,-0.07717985013259462
12,120,0.0,1,-999.0,2.5,1,1,100,200,0.7077275942459569,0.11305226402092927,-0.4423125360685264,0.6058678326176367,633,475,158,0.07140606951590885,0.14953271028037382,0.11046938989814134,0.03906332038223249,1.9790845543266817,-0.21327247544694317,0.00017479980139328626,-0.07781061238245209
20,120,0.0,1,-999.0,0.75,1,1,100,200,0.14376973864561826,0.027248964112607243,-0.23663599019635684,0.25903113451462745,463,354,109,0.044103748818649584,0.07996429696524204,0.06203402289194582,0.01793027407329623,0.3499264386369423,0.06805302536388513,0.00014458205271860135,-0.07811747425983981
48,60,0.0,1,-999.0,1.5,1,1,100,200,0.601024377644952,0.0987720123572442,-0.4127368091966065,0.5811961208875172,571,432,139,0.059146277433581855,0.11747873569253386,0.08831250656305786,0.029166229129476005,1.5353026267578271,-0.15978540547493236,0.00019506032585568208,-0.07853658619668319
30,96,0.0,1,-999.0,1.5,1,1,100,200,0.6352552751981495,0.10343402123265855,-0.4239081274413241,0.5959887249746234,586,441,145,0.060353880079806785,0.1240942980153313,0.09222408904756904,0.03187020896776226,1.6105609209589744,-0.16028515270401722,0.00019157409088365585,-0.07872060623927234
12,60,0.0,0,-999.0,0.75,1,1,100,200,0.7385494463385944,0.11704408120024512,-0.45530131346897207,0.6244562655387305,454,332,122,0.09542686128320907,0.1694056494802058,0.13241625538170745,0.03698939409849837,1.5513773430237783,-0.14489025788353183,0.00014294614073110038,-0.0793837622573044
20,200,0.0,1,-999.0,1.5,1,1,100,200,0.6842631614067658,0.10997450863247282,-0.4426111067775075,0.6088483380901322,649,485,164,0.07111729497007245,0.14556862333298332,0.10834295915152788,0.037225664181455426,1.58784444119412,-0.09959979279120745,0.0001762430310589078,-0.08088862785177431
12,60,0.005,1,-999.0,1.5,1,1,100,200,0.61141631015147,0.10019568079959451,-0.42397118615912976,0.6089409147728153,478,361,117,0.054315866848682136,0.10204242360600652,0.07817914522734433,0.023863278378662187,1.40235774202094,-0.14809255413686484,0.00021102729136611502,-0.0813428665413296
12,60,0.01,1,-999.0,0.75,1,1,100,200,0.1114145880267825,0.021366250073365567,-0.23462003431734402,0.23140388459315045,322,252,70,0.03252651475375407,0.05531345164338969,0.04391998319857188,0.01139346844481781,0.19982994264285314,0.08816635735201861,0.0001531107885495395,-0.08437357285564892
30,60,0.005,1,-999.0,999.0,1,1,100,200,0.7952857746628113,0.12424646520006499,-0.48452377486379117,0.655701001011209,495,372,123,0.06920088207497638,0.12947600546046414,0.09933844376772026,0.030137561692743883,2.1219791869911133,-0.26342266460922215,0.00019733155544188102,-0.08523037218127014
20,200,0.0025,1,-999.0,1.5,1,1,100,200,0.6299374044134187,0.10271491753916262,-0.4355657308106964,0.5842102628036301,603,450,153,0.06607686653365535,0.136380342329098,0.10122860443137667,0.03515173789772131,1.4762028564808731,-0.11006715001979339,0.000176510202101456,-0.08585743472600407
20,60,0.01,1,-999.0,0.75,1,1,100,200,0.1160072964749661,0.02220955588516027,-0.24022596879722802,0.23741864356679665,315,248,67,0.031896461199201934,0.05400084007140607,0.042948650635304,0.011052189436102068,0.1947206413266025,0.09350092279094491,0.0001570639280342806,-0.08603249633511391
48,60,0.0,1,-999.0,2.5,1,1,100,200,0.6764762076291504,0.10894553909162386,-0.4502446763886524,0.5958499662595015,604,456,148,0.06796702719731178,0.1366428646434947,0.10230494592040323,0.034337918723091464,1.96988451772651,-0.23643227035201764,0.00018391169340680198,-0.08638430078972727
48,120,0.0025,1,-999.0,1.5,1,1,100,200,0.6066027797029669,0.09953715512534744,-0.4352819852448294,0.5744245156311983,581,437,144,0.061718996114669744,0.12866218628583428,0.09519059120025203,0.03347159508558228,1.4360987236916958,-0.11812358500184894,0.00018130848668966652,-0.08938261171550735
20,96,0.0,0,-999.0,0.75,1,1,100,200,0.9376143902670284,0.14154443690252627,-0.5325218012358736,0.6883601029359683,456,330,126,0.10175364906017012,0.1863383387587945,0.1440459939094823,0.04229234484931219,1.8903370364731313,-0.157901743438161,0.00014856600520379395,-0.0902984585686121
20,96,0.0025,1,-999.0,2.5,1,1,100,200,0.6461981606871521,0.1049078968220174,-0.4489459485309938,0.5829105140511347,579,434,145,0.06513178620182715,0.133492596870734,0.09931219153628058,0.03418040533445343,1.7527972948215513,-0.201145705298847,0.00018162841521522584,-0.09041955174092275
30,96,0.0,1,-999.0,2.5,1,1,100,200,0.6483245907617978,0.105193391611476,-0.4498356713870384,0.575823069055305,619,466,153,0.06896461199201932,0.14394098498372362,0.10645279848787147,0.03748818649585215,1.9375641508351529,-0.23527879119025552,0.00017360394457032098,-0.09093329062927794
20,120,0.0,0,-999.0,0.75,1,1,100,200,0.9462174050823926,0.14255702702770945,-0.5364263547214778,0.6857521741035281,465,335,130,0.10529770030452588,0.19382022471910113,0.1495589625118135,0.04426126220728762,1.8082670275579011,-0.12551639807156845,0.0001447425633590134,-0.09136854162785304
12,120,0.0,1,-999.0,0.75,1,1,100,200,0.12676087929415814,0.02417330607452617,-0.2554269440774901,0.2407682058085019,462,353,109,0.044550036753124016,0.07993804473380238,0.062244040743463194,0.01769400399033918,0.3330291969021475,0.0649745084574207,0.00013927792049014197,-0.09150175567379379
30,60,0.005,1,-999.0,2.5,1,1,100,200,0.6823478343595721,0.10972177039132158,-0.46577715858383584,0.6192276435882821,511,385,126,0.061482726031712696,0.11755749238685288,0.08952010920928279,0.028037383177570093,1.8690261081685229,-0.24286855595019452,0.00020092868689563622,-0.09220542672118223
12,200,0.0025,1,-999.0,1.5,1,1,100,200,0.5991826976457861,0.09851893630039288,-0.43840172699693125,0.5664259455913685,602,452,150,0.06612937099653471,0.13622282894045995,0.10117609996849732,0.035046728971962614,1.4307615990522815,-0.11098099312849707,0.00017290172282336417,-0.09236062991850433
30,96,0.01,0,-999.0,0.75,1,1,100,200,0.6786584949318561,0.10923429184328248,-0.46370879366819007,0.5951896172578682,343,254,89,0.0823795022576919,0.14811508978263152,0.11524729602016172,0.03286779376246981,1.2121983886835084,-0.09917918831039874,0.00014698439054222357,-0.09286062412791914
30,60,0.0025,0,-999.0,0.75,1,1,100,200,0.7011866105373601,0.11219772151342222,-0.4711504408610251,0.5918304180843981,417,308,109,0.09277538590780217,0.1682768035282999,0.13052609471805104,0.03775070881024887,1.6962006148264979,-0.22272840467685562,0.00013929111374885316,-0.09378597801287042
48,96,0.0,1,-999.0,1.5,1,1,100,200,0.6300369074023455,0.10272838994643041,-0.45309478089446387,0.5877934291910305,606,453,153,0.062270292974902865,0.12868843851727396,0.09547936574608842,0.03320907277118555,1.6761559131573849,-0.17527309499180876,0.000186843793984383,-0.09442932904125
20,96,0.0025,1,-999.0,999.0,1,1,100,200,0.7389687831237586,0.11709799894177908,-0.4854300635207124,0.612169978884174,556,417,139,0.07329623017956527,0.1462249291189751,0.10976057964927019,0.03646434946970493,2.0038550920837985,-0.23550109588566692,0.00017662770871351973,-0.09500853387436842
20,120,0.0,1,-999.0,999.0,1,1,100,200,0.6865857661818746,0.11028068124587831,-0.46989134329327775,0.5743459830687196,614,460,154,0.07883545101333614,0.16405019426651266,0.1214428226399244,0.04260737162658826,1.9824877632119455,-0.23123870536351931,0.00015901142707417886,-0.09594769124732458
20,120,0.0,1,-999.0,1.5,1,1,100,200,0.5939094552128201,0.09779301749746971,-0.4448244357344905,0.5680150625223098,602,450,152,0.06203402289194582,0.12944975322902447,0.09574188806048514,0.033707865168539325,1.5440769008644613,-0.15337957308248884,0.00018053501274418364,-0.09621844724366004
20,96,0.0,1,-999.0,1.5,1,1,100,200,0.5447800519890154,0.09093582247214727,-0.4292622317767779,0.5421851499912373,585,438,147,0.06045888900556547,0.12220413735167489,0.09133151317862018,0.03087262417305471,1.382894794197019,-0.131390272810038,0.00018193807613936248,-0.09658603591667983
20,96,0.0,1,-999.0,0.75,1,1,100,200,0.09893296540071406,0.01906022928170059,-0.25456758404456015,0.20985881721752697,449,345,104,0.04244985823795023,0.07573768770345479,0.05909377297070251,0.016643914732752285,0.2991425577468396,0.05885839868581533,0.00013556141244300168,-0.09773062187970313
48,60,0.0025,1,-999.0,1.5,1,1,100,200,0.5004019405882538,0.08459016376786299,-0.4173923205900806,0.5219742641068786,534,405,129,0.0564422975952956,0.1113619657670902,0.0839021316811929,0.027459834085897302,1.358565503572303,-0.1691066169165859,0.00018518687644129223,-0.09800728332183337
12,120,0.0025,1,-999.0,2.5,1,1,100,200,0.6614923628654836,0.10695476767974554,-0.46986519977267793,0.5873755777119409,589,443,146,0.06736322587419931,0.14118450068255803,0.10427386327837866,0.03691063740417935,1.8650663091808095,-0.2214340932412434,0.00017499341568455432,-0.09860905332099637
20,60,0.01,1,-999.0,2.5,1,1,100,200,0.4856798406962326,0.08245187609297022,-0.41423507352434463,0.5138972918704108,441,335,106,0.053029507508138195,0.10080856872834192,0.07691903811824005,0.023889530610101857,1.3564694935572814,-0.21395159586619705,0.00018966874709682734,-0.09897079607568156
20,120,0.0025,1,-999.0,1.5,1,1,100,200,0.5438237917448767,0.09080063278884776,-0.4356680777820755,0.5425720308242579,560,419,141,0.05885750288774546,0.12254541636039064,0.09070145962406805,0.031843956736322586,1.4627559076101653,-0.1705136843731937,0.00017846798268569323,-0.0999048045609771
48,60,0.0025,1,-999.0,999.0,1,1,100,200,0.7128851070050388,0.11372421981800596,-0.48748664720179236,0.6010979131093375,548,414,134,0.07292869893940986,0.14191956316286886,0.10742413105113935,0.0344954321117295,1.9892625342091765,-0.24631369916717194,0.00017810785189075232,-0.09996420812742335
48,60,0.0025,1,-999.0,0.75,1,1,100,200,0.09970598192825086,0.019203653550543542,-0.2595597391663521,0.21159802339717432,410,318,92,0.039142077076551506,0.06975217893520949,0.0544471280058805,0.015305050929328993,0.3429405326676671,0.005246198279236891,0.00013870907516733383,-0.0999963148627738
12,96,0.005,1,-999.0,0.75,1,1,100,200,0.04698760947286895,0.0092320645386752,-0.23500140056706298,0.1471082249251902,379,299,80,0.03927333823374987,0.06657565893100914,0.0529244985823795,0.013651160348629633,0.19213925943625343,0.06153407038179792,0.00011793288595420627,-0.10091322449859678
30,96,0.005,1,-999.0,999.0,1,1,100,200,0.6497401885430132,0.10538328666707275,-0.46998480016879496,0.570132158064718,522,396,126,0.07140606951590885,0.13929434001890162,0.10535020476740523,0.03394413525149638,1.7483833986154211,-0.2206770881334873,0.00017162361114973483,-0.10110250551408884
12,96,0.01,0,-999.0,0.75,1,1,100,200,0.4823936735718819,0.0819722697817733,-0.4160576076061582,0.4972688078408582,341,252,89,0.07959676572508663,0.14076446497952325,0.11018061535230494,0.030583849627218315,1.020044529854153,-0.12970129584543422,0.0001285157775028894,-0.10119309362926288
12,120,0.0,1,-999.0,1.5,1,1,100,200,0.5954551986050329,0.09800600454709074,-0.4564246916624236,0.5693641328606753,602,452,150,0.06305785991809304,0.1293184920718261,0.09618817599495957,0.033130316076866534,1.5100506120304962,-0.14107060561812157,0.0001808531943019256,-0.1017381346410873
20,96,0.005,1,-999.0,999.0,1,1,100,200,0.6976653668476234,0.11173660222043624,-0.4881300534303561,0.5980160763158513,515,388,127,0.07106479050719311,0.13695789142077078,0.10401134096398194,0.03294655045678883,1.8357517194111814,-0.22546208699917925,0.00017890506913925404,-0.10242762067894924
48,96,0.0,0,-999.0,0.75,1,1,100,200,0.8804164790016211,0.13471913557502524,-0.5394504132143026,0.6507669078687195,461,332,129,0.10571773600756064,0.19571038538275753,0.15071406069515908,0.04499632468759845,1.8924341107289875,-0.18130811325171248,0.00013932538333358087,-0.10246772563869011
20,60,0.005,0,-999.0,0.75,1,1,100,200,0.5854839497330095,0.09662915892005142,-0.4552007931323889,0.5533331060450832,382,287,95,0.08579229234484931,0.15215793342434106,0.1189751128845952,0.03318282053974588,1.4256187306901311,-0.20875623129709686,0.00013519050750782975,-0.10330458234388888
20,60,0.01,1,-999.0,999.0,1,1,100,200,0.5998318427556024,0.09860816573034548,-0.46093400096579396,0.5669116793253308,425,323,102,0.05933004305365956,0.11094193006405545,0.0851359865588575,0.02580594350519794,1.6165208148874965,-0.2437579891661552,0.0001916343833207139,-0.10351325078628495
30,96,0.0025,1,-999.0,1.5,1,1,100,200,0.5216999747916449,0.08765405484575273,-0.43627792515666686,0.5309180925712693,549,414,135,0.05754489131576184,0.11787251916412896,0.0877087052399454,0.030163813924183557,1.4114916943594538,-0.1696008200268011,0.00018065744586490395,-0.10393900310401724
48,96,0.0,1,-999.0,0.75,1,1,100,200,0.12218755808852788,0.023339995546001635,-0.2808059548888898,0.23541543455216365,464,354,110,0.042791137246665965,0.07865168539325842,0.0607214113199622,0.01793027407329623,0.3467655901127835,0.050884423719228744,0.00014079727591656646,-0.1052922101708351
20,96,0.005,1,-999.0,2.5,1,1,100,200,0.5963622096553869,0.09813090422460768,-0.463076198278488,0.5614578325503996,534,402,132,0.06316286884385172,0.12480310826420246,0.09398298855402709,0.030820119710175366,1.5849243433036313,-0.19337955199988244,0.00018187092501165881,-0.10533430328711633
12,96,0.01,1,-999.0,2.5,1,1,100,200,0.4989908727478223,0.08438594450596315,-0.43100676734412335,0.5155802607024742,458,349,109,0.05544471280058805,0.10878924708600231,0.08211697994329518,0.02667226714270713,1.3202146919144053,-0.18763889063993933,0.00018137158752931775,-0.10533842613097481
30,96,0.0025,1,-999.0,999.0,1,1,100,200,0.6635242227888867,0.1072255624947076,-0.4848882235040043,0.5713640298349114,561,423,138,0.073637509188281,0.14929644019741678,0.11146697469284889,0.03782946550456789,1.9374043020265876,-0.2502517345139451,0.0001660472645072912,-0.10665034776554896
20,120,0.0025,1,-999.0,0.75,1,1,100,200,0.06556030060673246,0.012789952326175413,-0.2566386291572218,0.17100535253403523,431,332,99,0.04244985823795023,0.07589520109209283,0.059172529665021525,0.0167226714270713,0.310106967842366,0.008986002790948744,0.00012138999131518651,-0.10697909462573373
48,60,0.0025,1,-999.0,2.5,1,1,100,200,0.5963191830435712,0.0981249805409039,-0.46684263632148726,0.5564393724800907,567,430,137,0.06463299380447338,0.12952850992334347,0.09708075186390844,0.032447758059435054,1.7429257846174169,-0.2272145224612634,0.00017940834969759894,-0.10747436899583519
20,96,0.0025,1,-999.0,1.5,1,1,100,200,0.4751934272168532,0.08091843490816752,-0.428009098220259,0.5018452606934053,545,409,136,0.057413630158563475,0.11543106164023942,0.08642234589940145,0.02900871574083797,1.2765575826918707,-0.14896940893843225,0.00017664508154099432,-0.10799385116729171
48,96,0.01,0,-999.0,0.75,1,1,100,200,0.6199212796265139,0.10135538574377256,-0.47486554439484463,0.555048470137544,347,255,92,0.08353460044103748,0.15200042003570302,0.11776751023837026,0.034232909797332775,1.2644456169236862,-0.149056056181457,0.00013874193429103557,-0.10832496294677255
48,96,0.0,1,-999.0,999.0,1,1,100,200,0.696784607232505,0.11162114404412704,-0.49765916380314124,0.5768441206626792,621,463,158,0.0800955581224404,0.1634201407119605,0.12175784941720046,0.041662291294760054,2.030991815547649,-0.23629767626302367,0.0001616026845672932,-0.10836623182430961
20,60,0.0025,0,-999.0,0.75,1,1,100,200,0.5956131978683914,0.09802776587132667,-0.4689726173017128,0.5492250992774776,417,308,109,0.0909377297070251,0.16349889740627954,0.1272183135566523,0.03628058384962722,1.6020836849600633,-0.24459578322614628,0.00013109511729580213,-0.10899728781565585
48,200,0.005,1,-999.0,1.5,1,1,100,200,0.5581426204544244,0.09281796537759601,-0.46004133586958296,0.5402720041483022,580,438,142,0.06702194686548357,0.1339651370366481,0.10049354195106584,0.03347159508558228,1.284355899873992,-0.08836637313898243,0.0001688333460253409,-0.11018910234978035
48,60,0.005,1,-999.0,999.0,1,1,100,200,0.6509098132856221,0.10554008741746945,-0.4894625680000486,0.5749826440565947,511,387,124,0.07085477265567573,0.13333508348209597,0.10209492806888586,0.031240155413210124,1.7983788415899595,-0.23825987907518253,0.00017756484317225723,-0.11044206437972512
12,96,0.01,1,-999.0,999.0,1,1,100,200,0.6168608580679786,0.10093864058381574,-0.48003368518090916,0.569440000675165,441,336,105,0.06185025727186811,0.11908012181035388,0.09046518954111099,0.028614932269242884,1.5974569808293828,-0.22391343427589183,0.00018395658519983638,-0.1106062019728806
12,120,0.0025,1,-999.0,1.5,1,1,100,200,0.527747919806637,0.08851784394165185,-0.45256554067534094,0.5330108015477025,558,419,139,0.05964506983093563,0.12196786726871785,0.09080646854982674,0.031161398718891106,1.4315206804632763,-0.16943773481569224,0.00017672516021973638,-0.11111438631863349
30,96,0.0025,1,-999.0,0.75,1,1,100,200,0.07072642404023766,0.013770780717904385,-0.2680174052833739,0.1770656252264964,425,328,97,0.040953481045888904,0.07319122125380657,0.05707235114984774,0.016118870103958835,0.3206505440419203,0.0027698391579777937,0.00012598068804438005,-0.11138464066245776
30,60,0.005,0,-999.0,0.75,1,1,100,200,0.6143500839489853,0.10059627086277301,-0.47963088376807195,0.5553482238835334,385,289,96,0.08776120970282474,0.15701459624068045,0.1223879029717526,0.03462669326892786,1.3875225877562554,-0.18026623005534115,0.00013632278415519938,-0.1114517598270863
48,96,0.0025,1,-999.0,1.5,1,1,100,200,0.5406455348691557,0.09035083028606739,-0.4575244756700291,0.5387301217235225,564,421,143,0.05893625958206448,0.1220991284259162,0.09051769400399035,0.03158143442192586,1.4967823812818164,-0.18186737710272483,0.00017941079874685313,-0.11147490146277103
12,120,0.0025,1,-999.0,999.0,1,1,100,200,0.7319750864235877,0.11619739613943314,-0.5160788805991903,0.6049802294984635,565,425,140,0.07573768770345479,0.15423185970807518,0.11498477370576499,0.039247086002310194,2.1047148298846574,-0.25998793927170816,0.00016810845485428882,-0.11159303268523882
20,120,0.0,1,-999.0,2.5,1,1,100,200,0.5623994417168734,0.09341483488786717,-0.4631480099894968,0.5257252736037279,637,478,159,0.07061850257271868,0.1498477370576499,0.11023311981518429,0.03961461724246561,1.770357531841631,-0.22444314877493277,0.00015935279007449829,-0.11187290642669483
12,120,0.005,1,-999.0,2.5,1,1,100,200,0.5936239414541682,0.09775365865395758,-0.4749895994094674,0.5565092477309904,541,410,131,0.06484301165599075,0.13063110364380973,0.09773705764990025,0.03289404599390948,1.6087113856054538,-0.1993073381670203,0.00017468055073586414,-0.1119156786642266
48,120,0.005,1,-999.0,1.5,1,1,100,200,0.514892015158549,0.08667842621235411,-0.45073176336255516,0.5246193728763457,536,407,129,0.05835871049039169,0.11816129370996535,0.08826000210017851,0.029901291609786832,1.1964648678183498,-0.09826807886764499,0.00017812520145456956,-0.11245648682510619
12,200,0.0,1,-999.0,0.75,1,1,100,200,0.08975316568822778,0.017350824297452272,-0.28016045707318493,0.1987608749849287,502,382,120,0.048829150477790614,0.08910007350624803,0.06896461199201932,0.02013546151422871,0.29558398931275565,0.08117935155273148,0.00012234800665843266,-0.11279136048989376
30,96,0.0025,1,-999.0,2.5,1,1,100,200,0.5584715482197988,0.09286413239800506,-0.466135576655077,0.5301105208502839,582,440,142,0.06552556967342224,0.1367216213378137,0.10112359550561797,0.035598025832195734,1.6939879966291347,-0.22604711856211446,0.00016757378916497923,-0.11369812988701924
20,96,0.01,0,-999.0,0.75,1,1,100,200,0.5868451560320112,0.09681752390618636,-0.4761964512177017,0.5478638829558158,344,253,91,0.08069935944555287,0.14459729076971542,0.11264832510763415,0.031948965662081275,1.2310615573527643,-0.15522640801509835,0.0001398267604912981,-0.1138875075548737
20,120,0.01,0,-999.0,0.75,1,1,100,200,0.6015095080469994,0.09883863822343963,-0.4806177794280314,0.5514763261643956,348,257,91,0.08329833035808043,0.14987398928908957,0.116586159823585,0.03328782946550457,1.1663742010141083,-0.12020359255840884,0.00013764696357171423,-0.11389643518235629
48,200,0.0,1,-999.0,0.75,1,1,100,200,0.10387077315032944,0.019974997684189866,-0.2900215074750183,0.2140438565861,523,399,124,0.051716895936154576,0.09466554657145858,0.07319122125380657,0.021474325317652,0.34712062296014556,0.0644080699046623,0.00012218923503839628,-0.11433356322401429
30,120,0.0,1,-999.0,0.75,1,1,100,200,0.10073380712919966,0.019394229778817884,-0.29132443103863703,0.21148414387526174,467,357,110,0.044103748818649584,0.0799117925023627,0.06200777066050614,0.01790402184185656,0.3293197738160638,0.04588988340408595,0.0001327107842937168,-0.11569377854673754
30,60,0.005,1,-999.0,0.75,1,1,100,200,0.04024027182448431,0.007927001377943332,-0.26136393532630187,0.13789148985806243,367,290,77,0.036700619552661976,0.06305785991809304,0.04987923973537751,0.01317862018271553,0.23714394513644388,0.010244271324954868,0.00011844197410675659,-0.11586039179230448
12,120,0.01,0,-999.0,0.75,1,1,100,200,0.5760657864923096,0.09532230899143457,-0.47755362150639546,0.5405975826700679,346,254,92,0.081329413000105,0.14659246035913054,0.11396093667961776,0.03263152367951276,1.2290138076572226,-0.1593536773271187,0.00013705621410166534,-0.11642462262825977
48,60,0.0,0,-999.0,0.75,1,1,100,200,0.8191983709454185,0.1272275943655945,-0.5514764948410448,0.6355565990795177,447,326,121,0.10083482095978158,0.18478945710385383,0.1428121390318177,0.04197731807203612,1.7194968446564234,-0.16347179181732885,0.00014025506706165882,-0.11673282310095201
30,96,0.005,1,-999.0,2.5,1,1,100,200,0.5339270173523802,0.08939754456051263,-0.46489464555374826,0.5213526082005403,539,410,129,0.06353040008400714,0.12727081801953166,0.0954006090517694,0.03187020896776226,1.5050938142599017,-0.1982253230720613,0.00017114405383831233,-0.11698214780633448
30,96,0.005,1,-999.0,1.5,1,1,100,200,0.48873768519536265,0.082897397858966,-0.4517277734974514,0.5157363019718078,505,384,121,0.05539220833770871,0.10931429171479576,0.08235325002625223,0.026961041688543526,1.234748585190831,-0.14241674656162562,0.00018301964719734777,-0.11717967379116932
12,120,0.005,1,-999.0,999.0,1,1,100,200,0.6723998264162545,0.10840536007748436,-0.5093358297394333,0.581622340489221,521,395,126,0.07295495117084952,0.1431009135776541,0.10802793237425182,0.03507298120340229,1.842030237467704,-0.2363868037839736,0.0001695524720616868,-0.11718143776777122
30,60,0.005,1,-999.0,1.5,1,1,100,200,0.48909745303827346,0.0829497671695687,-0.4529630646888062,0.5259575500741412,478,363,115,0.053712065525569674,0.1009135776541006,0.07731282158983514,0.02360075606426546,1.3558713908076023,-0.19722492186778307,0.00019290719173632324,-0.11723388767112734
48,200,0.0,1,-999.0,999.0,1,1,100,200,0.6552599026715582,0.10612248491786991,-0.5014057347936975,0.5425261108812293,688,512,176,0.09742203087262417,0.19770555497217263,0.1475637929223984,0.05014176204977423,1.9214049763499035,-0.2007013239831883,0.0001371672865528901,-0.1174540769349174
48,120,0.0,1,-999.0,999.0,1,1,100,200,0.6780276413802906,0.1091508503387777,-0.5113287107036749,0.5637325932706351,638,480,158,0.08392838391263258,0.17197836816129372,0.12795337603696313,0.044024992124330566,1.7671231616496863,-0.16565588465437908,0.00015386452501542274,-0.11832687534952802
30,60,0.01,1,-999.0,999.0,1,1,100,200,0.57040898543397,0.09453437443166912,-0.48201062251869287,0.5467302808483625,436,329,107,0.05993384437677202,0.11333088312506563,0.08663236375091883,0.0266985193741468,1.6500532413885507,-0.2630160223589443,0.00018507335069618242,-0.11913442278525918
30,200,0.0,1,-999.0,1.5,1,1,100,200,0.5766719505817663,0.09540660720295979,-0.4841990564712081,0.5450398633889216,666,497,169,0.07274493331933214,0.14903391788302006,0.1108894256011761,0.03814449228184396,1.596581491007775,-0.1527811420908901,0.00016236617892874798,-0.11944092786319817
20,200,0.0,0,-999.0,0.75,1,1,100,200,0.7691046804636634,0.1209458801547203,-0.5407892710634378,0.5948240532167628,497,355,142,0.11409219783681612,0.21070040953481045,0.1623963036858133,0.048304105848997164,1.7031200023855724,-0.16085429979355947,0.00012506174671556578,-0.11970755271616045
30,120,0.0,1,-999.0,1.5,1,1,100,200,0.5656309649576647,0.09386707448204867,-0.48290773997049274,0.5492563976799792,608,456,152,0.06274283314081697,0.13005355455213694,0.09639819384647695,0.033655360705659984,1.6170282899169282,-0.18915186020885455,0.00017692718239494096,-0.12012397561919874
12,60,0.01,1,-999.0,2.5,1,1,100,200,0.4209908247323748,0.07285037578373244,-0.4341143752394703,0.4682404022228841,446,338,108,0.05268822849942245,0.10246245930904127,0.07757534390423186,0.02488711540480941,1.2653642292607645,-0.21598364105805812,0.00017598638997672134,-0.12079479172485849
30,60,0.01,1,-999.0,2.5,1,1,100,200,0.44086885398387965,0.07583735605438413,-0.44388697614715655,0.4803826832063703,450,341,109,0.053607056599810986,0.10322377402079176,0.07841541531030137,0.02480835871049039,1.3866691921971772,-0.24391099577428332,0.00017916396584112518,-0.12208699785887563
12,60,0.01,0,-999.0,0.75,1,1,100,200,0.3922319516480466,0.06846919569904486,-0.42677805186017237,0.44428582888262325,338,251,87,0.07510763414890266,0.13002730232069726,0.10256746823479995,0.027459834085897302,0.9123424057697582,-0.1378951992059011,0.00012444572706103813,-0.12270553878691016
20,120,0.005,1,-999.0,1.5,1,1,100,200,0.4787738639320487,0.08144298402938888,-0.4596733480822507,0.5067351294377996,513,388,125,0.05652105428961462,0.11285834295915152,0.08468969862438307,0.028168644334768456,1.249884308203896,-0.15049493524595248,0.00017705564500941357,-0.12305693353984648
48,96,0.0,1,-999.0,2.5,1,1,100,200,0.5855468036786395,0.0966378595551598,-0.49501500819536504,0.5364581314528186,642,481,161,0.07140606951590885,0.14963771920613253,0.11052189436102068,0.039115824845111835,1.9020232238847132,-0.24678046460438285,0.00016302595189538087,-0.12404673796988179
20,60,0.01,1,-999.0,1.5,1,1,100,200,0.3908557858738204,0.06825773957408643,-0.431648735853167,0.4676969814117763,413,316,97,0.046440197416780425,0.08655360705659981,0.06649690223669012,0.020056704819909694,1.0368307774206929,-0.16047933437641004,0.0001911721318548271,-0.12418177928190825
20,60,0.0,1,-0.2,0.75,1,1,100,200,-0.02170073406601658,-0.0043813109365209435,-0.2431560835860167,0.03284360451839097,578,448,130,0.022498162343799224,0.04118975112884595,0.031843956736322586,0.009345794392523364,0.1842413087349397,0.10299619708803576,0.00019681138484791734,-0.12431717250360974
12,60,0.01,1,-999.0,999.0,1,1,100,200,0.5350509009114568,0.08955724391033382,-0.4813974545339095,0.527129318858876,430,326,104,0.05869998949910742,0.11230704609891841,0.08550351779901291,0.026803528299905493,1.5233809010988062,-0.2457129806576669,0.0001803427680379802,-0.12478501741367712
12,200,0.005,1,-999.0,1.5,1,1,100,200,0.5049425010092425,0.08524626352127096,-0.47236944246510093,0.5157480345853162,545,412,133,0.06206027512338549,0.1239105323952536,0.09298540375931955,0.030925128635934055,1.2008431591737931,-0.101939374470014,0.00016984826566448136,-0.1251510559820137
20,120,0.0025,1,-999.0,2.5,1,1,100,200,0.5375839020674509,0.08991683059379563,-0.48273489377390655,0.5159200446456071,595,448,147,0.06681192901396618,0.1419458153943085,0.10437887220413736,0.03756694319017116,1.6624613663626682,-0.22233880463006594,0.00016048248245723084,-0.1256546140608773
20,120,0.0025,1,-999.0,999.0,1,1,100,200,0.6135827640508622,0.10049155398030707,-0.5072351646664434,0.5432640273940444,572,431,141,0.07508138191746298,0.154888165494067,0.11498477370576499,0.039903391788302,1.9060072004884225,-0.26084785020974866,0.0001561749256775121,-0.12596282698321237
12,120,0.0025,1,-999.0,0.75,1,1,100,200,0.0394687861751839,0.007777350428330276,-0.2820141461723821,0.13947047640124194,429,330,99,0.042738632783786625,0.07560642654625643,0.059172529665021525,0.016433896881234904,0.2800182517656584,0.006409559870649728,0.00011261344186507555,-0.12625619883779865
12,200,0.0,0,-999.0,0.75,1,1,100,200,0.762758103046232,0.12013990427497068,-0.5525594166825962,0.5961685334897266,496,355,141,0.11225454163603907,0.2074451328362911,0.15984983723616508,0.047595295600126014,1.5658955601205204,-0.11958849089532886,0.00012587277805430123,-0.1263313773918411
48,60,0.005,1,-999.0,2.5,1,1,100,200,0.5254534942386464,0.08819046843106726,-0.48164971643319676,0.5201601457657669,527,401,126,0.06279533760369631,0.12149532710280374,0.09214533235325002,0.02934999474955371,1.550663611763325,-0.22158535116824807,0.0001759636084891614,-0.12662638249724278
30,96,0.005,0,-999.0,0.75,1,1,100,200,0.6429347665227194,0.10446917883214057,-0.5211923933599425,0.5609282792862194,393,293,100,0.09277538590780217,0.16843431691693794,0.13060485141237005,0.03782946550456789,1.4325066828944495,-0.17789652236125175,0.00013199407540894696,-0.12808060388351972
48,60,0.005,1,-999.0,1.5,1,1,100,200,0.4251815338062326,0.07348286208535781,-0.45119418993447813,0.47584314109389275,493,376,117,0.0544471280058805,0.10422135881549932,0.07933424341068991,0.02488711540480941,1.1857557723352397,-0.16564876205704238,0.00017850914672626166,-0.1283220758271866
20,200,0.0,1,-999.0,0.75,1,1,100,200,0.06239518238450814,0.012187149641382344,-0.2988156448390412,0.16801457383577773,502,381,121,0.04859288039483356,0.0887587944975323,0.06867583744618293,0.020082957051349364,0.28363457652725343,0.0638486865945409,0.00011534023534430046,-0.1288199440863494
20,120,0.005,1,-999.0,999.0,1,1,100,200,0.5653913505786958,0.09383356698686685,-0.499502302137801,0.5224305640987067,530,403,127,0.07263992439357346,0.14373096713220623,0.10818544576288984,0.035545521369316394,1.6781602707344976,-0.2380908556667306,0.00015781615676451946,-0.1297960558770983
12,120,0.0025,0,-999.0,0.75,1,1,100,200,0.6301958736973989,0.10274991214273133,-0.5212188728241507,0.5483211366700421,435,314,121,0.09765830095558123,0.1793027407329623,0.13848052084427176,0.04082221988869054,1.722940968918787,-0.2558093047120755,0.00012689355856591752,-0.1304434674358419
30,200,0.0,1,-999.0,0.75,1,1,100,200,0.06053611295071715,0.011832416438631865,-0.3030621867220259,0.16596008354953112,511,389,122,0.04896041163498897,0.08996639714375722,0.0694634043893731,0.020502992754384122,0.3088615160191719,0.046216952695924185,0.00011471842869706706,-0.13140067274490452
20,96,0.0025,1,-999.0,0.75,1,1,100,200,0.016785276840339147,0.0033370279687676696,-0.2813738926373298,0.11072554539661969,419,325,94,0.040953481045888904,0.07182610521894361,0.05638979313241625,0.015436312086527355,0.2534484683642335,0.00029987073687709476,0.00010810567151166147,-0.13181364108006624
48,60,0.01,0,-999.0,0.75,1,1,100,200,0.5514090334384143,0.09187114771004001,-0.5007425349402768,0.5266708186749992,338,251,87,0.08062060275123385,0.14430851622387902,0.11246455948755645,0.031843956736322586,1.135599251538168,-0.13975792885191074,0.00013554759836280366,-0.1321665788263484
30,200,0.0025,1,-999.0,1.5,1,1,100,200,0.5033065823802836,0.08501006001934575,-0.48733691779780275,0.5053307491551875,617,459,158,0.06749448703139767,0.13984563687913473,0.1036700619552662,0.036175574923868525,1.4478660509910948,-0.16387104419671528,0.00015865654374654637,-0.13339186142179627
48,120,0.01,1,-999.0,1.5,1,1,100,200,0.45116924621945165,0.07737220334029793,-0.47142234926946625,0.49449293597303434,463,356,107,0.05098183345584375,0.10311876509503308,0.07705029927543841,0.026068465819594665,0.9296915102297363,-0.052030213859218244,0.00018121192866422305,-0.13361432449578348
48,120,0.0,1,-999.0,2.5,1,1,100,200,0.5456656361148604,0.09106096075196501,-0.5008757246145885,0.5101952963325916,658,497,161,0.07537015646329938,0.15774965872099128,0.11655990759214534,0.04118975112884595,1.606893689073237,-0.17603104657089974,0.00015249597138944113,-0.13386713673869965
20,96,0.005,1,-999.0,1.5,1,1,100,200,0.42194115711760527,0.07299393617746652,-0.461620872184312,0.4709199880859782,499,377,122,0.05528719941195002,0.10763414890265673,0.08146067415730338,0.026173474745353354,1.1304277269064653,-0.1433599192262881,0.00017358588039784526,-0.13427050051039058
20,200,0.01,0,-999.0,0.75,1,1,100,200,0.5292515853854629,0.08873217819521728,-0.49617767394385126,0.5008792648763378,361,264,97,0.08736742623122966,0.1589835135986559,0.12317546991494277,0.03580804368371312,1.1394267437198717,-0.14376835016658218,0.00012500072367051834,-0.13431269553289146
12,120,0.005,1,-999.0,1.5,1,1,100,200,0.4585383412929074,0.07846492363004387,-0.47514776436908723,0.493959760421879,508,385,123,0.05694108999264937,0.11233329833035809,0.08463719416150373,0.027696104168854353,1.2075041532041637,-0.14816651856339447,0.00017386995666108206,-0.13441097053340578
20,200,0.005,1,-999.0,1.5,1,1,100,200,0.4846992671254675,0.08230885319493941,-0.4854661251769765,0.5020676142469995,552,416,136,0.062270292974902865,0.12448808148692639,0.09337918723091462,0.031108894256011762,1.1872873373947348,-0.10540202923229691,0.0001670353516524144,-0.13532082868119888
48,200,0.0025,1,-999.0,999.0,1,1,100,200,0.5854603152289626,0.09662588721324239,-0.5157633827853657,0.5131888946796557,641,477,164,0.0901764149952746,0.18484196156673316,0.1375091882810039,0.04733277328572929,1.8339553568429312,-0.22911683344986566,0.0001362095762059819,-0.13559635944545767
48,60,0.01,1,-999.0,999.0,1,1,100,200,0.5176307174285082,0.08707132235999171,-0.4966269634152215,0.5104375855851088,448,342,106,0.062270292974902865,0.11745248346109419,0.08986138821799854,0.027591095243095665,1.4224814009612001,-0.2161879254787651,0.000173194274565096,-0.1357202800683636
30,120,0.0025,1,-999.0,1.5,1,1,100,200,0.4858139828926702,0.08247143571482374,-0.4876679596530742,0.5034799122252016,566,424,142,0.0593825475165389,0.12328047884070147,0.09133151317862018,0.031948965662081275,1.4592683009599061,-0.19814728471982357,0.00017017131935932538,-0.13618854850045328
20,120,0.005,1,-999.0,2.5,1,1,100,200,0.4816974389035471,0.08187054724803189,-0.48551089108865764,0.48750822763029383,549,417,132,0.06463299380447338,0.13136616612412055,0.09799957996429697,0.03336658615982358,1.4406616074131269,-0.20109413525835762,0.00016024033920973004,-0.13650948691478224
48,96,0.005,1,-999.0,1.5,1,1,100,200,0.44793149220967465,0.07689069171852436,-0.47626078106053815,0.48411002907832096,522,392,130,0.05578599180930379,0.1127008295705135,0.08424341068990865,0.02845741888060485,1.2404227818716733,-0.16093184094659363,0.00017374200783532834,-0.13703419735782868
12,96,0.0025,0,-999.0,0.75,1,1,100,200,0.44535352433884245,0.0765066857907839,-0.47381890719170927,0.4549532897964408,429,313,116,0.09526934789457103,0.17192586369841437,0.1335976057964927,0.03832825790192166,1.3188266320364987,-0.22752351255607084,0.00011158141397736076,-0.1376551033152487
48,200,0.0025,1,-999.0,0.75,1,1,100,200,0.03061043058748769,0.006052629446015256,-0.30155215163337146,0.130975327213995,486,371,115,0.048199096923238476,0.0883650110259372,0.06828205397458784,0.020082957051349364,0.300168593534035,0.010775749260256706,0.00010419016420092352,-0.1381746800099707
48,96,0.0025,1,-999.0,0.75,1,1,100,200,0.037165407832908226,0.007330017368200048,-0.30520363793794414,0.13695575545002758,432,331,101,0.04113724666596661,0.07489761629738528,0.05801743148167594,0.016880184815709336,0.27997811191242317,0.005718752915766734,0.00011377377289453995,-0.13842401382827063
30,120,0.0,1,-999.0,999.0,1,1,100,200,0.6151891115614219,0.1007107282093469,-0.5320242309772265,0.5358984685837505,622,465,157,0.08030557597395778,0.16536280583849627,0.12283419090622703,0.04252861493226924,1.9530848087399462,-0.2534707643808305,0.00015197420656245698,-0.13850646385007884
12,96,0.01,1,-999.0,0.75,1,1,100,200,-0.014584850247275516,-0.002936144663660545,-0.27803221428690605,0.060994170593951506,333,262,71,0.033812874094298014,0.057807413630158566,0.045810143862228286,0.011997269767930275,0.07227717055176708,0.08552614992476038,9.531439740754008e-05,-0.138902543277416
12,96,0.01,1,-999.0,1.5,1,1,100,200,0.3684583676426416,0.06479249090199124,-0.45228087109305537,0.4431453040500584,430,328,102,0.048829150477790614,0.09393048409114775,0.07137981728446918,0.022550666806678568,1.00339497503409,-0.15304239092899252,0.00017553065829150057,-0.13919067944203353
48,120,0.0,1,-999.0,0.75,1,1,100,200,0.063258394938424,0.012351692391584512,-0.32094935028709937,0.16870505195115412,479,366,113,0.04502257691903812,0.08251076341489026,0.06376667016696419,0.018744093247926075,0.27140868834917287,0.06265719217281096,0.00011994057445076397,-0.13968773015440747
48,200,0.0,1,-999.0,2.5,1,1,100,200,0.5111935947957575,0.08614694557338631,-0.5002899741743567,0.4816183948681114,714,534,180,0.08912632573768771,0.18284679197731807,0.13598655885750288,0.04686023311981519,1.698604451769394,-0.1996816485859888,0.00013424442600074458,-0.13991712177038648
30,60,0.01,1,-999.0,0.75,1,1,100,200,0.001027060819609238,0.00020546847751901076,-0.2888284322065504,0.0819858939753986,323,254,69,0.03163393888480521,0.054840911477475586,0.0432374251811404,0.011603486296335189,0.12196907106748234,0.04862699155625538,0.00010484046204717528,-0.14010945292698626
48,200,0.0025,1,-999.0,2.5,1,1,100,200,0.5045942827258818,0.0851960029396237,-0.49926477631304556,0.48132892870781185,667,498,169,0.08201197101753649,0.17126955791242254,0.12664076446497952,0.044628793447443034,1.5981221051048426,-0.19158701559406144,0.00013824535991832407,-0.14036993878150847
30,120,0.0,0,-999.0,0.75,1,1,100,200,0.7073885581491215,0.11300803526314707,-0.5643005104811725,0.5752205036900382,468,334,134,0.10666281633938884,0.1966029612517064,0.15163288879554762,0.04497007245615877,1.6082986815862959,-0.17277172886348624,0.00012592471626735426,-0.14038119479293726
12,120,0.005,0,-999.0,0.75,1,1,100,200,0.5901572793716188,0.09727531934463984,-0.5306389395385418,0.5354709688162059,396,292,104,0.09120025202142182,0.16633413840176414,0.128767195211593,0.03756694319017116,1.5032065581052332,-0.22561807780690346,0.0001282556517164245,-0.14127060198382074
12,60,0.005,0,-999.0,0.75,1,1,100,200,0.40944017132624877,0.07109932700816257,-0.4707879554183385,0.44642403718555085,388,291,97,0.08387587944975324,0.14787881969967448,0.11587734957471385,0.03200147012496062,1.1720847746604734,-0.21214903040693744,0.00011804766805595604,-0.14197344884172913
48,60,0.005,1,-999.0,0.75,1,1,100,200,-0.000991108539536989,-0.0001984361470344087,-0.2945735618860852,0.08459938827899455,379,297,82,0.03746193426441247,0.0651842906647065,0.051323112464559485,0.013861178200147012,0.18811674949431545,0.01631800851445031,0.00010182739148349657,-0.14325524767612727
48,96,0.0025,1,-999.0,2.5,1,1,100,200,0.5172174700896035,0.0870120739565301,-0.5107334291100161,0.501603610975203,601,451,150,0.06720571248556127,0.14181455423711015,0.10451013336133572,0.037304420875774444,1.679751569582741,-0.23529940190386955,0.00015919176641148323,-0.14327446004971778
12,96,0.005,0,-999.0,0.75,1,1,100,200,0.4297747675764827,0.0741743932756449,-0.4804585746205601,0.45194481136139175,393,292,101,0.08933634358920509,0.15969232384752705,0.12451433371836607,0.03517799012916098,1.1728660488081264,-0.1990694084210356,0.00011378451449729831,-0.14345765346656555
12,60,0.01,1,-999.0,1.5,1,1,100,200,0.34450807921139814,0.06103642829421729,-0.45364074735960125,0.4295256461131901,420,319,101,0.04625643179670272,0.0883650110259372,0.06731072141131997,0.021054289614617243,0.9923274442861638,-0.16741736602005874,0.0001784196380954183,-0.14430766307992382
48,200,0.01,1,-999.0,1.5,1,1,100,200,0.4559550412761959,0.07808236480589947,-0.49433283189288824,0.49014196866301857,488,372,116,0.05418460569148378,0.111939514858763,0.08306206027512339,0.02887745458363961,0.934754133563855,-0.039457609782082015,0.00017215755793203115,-0.1445769527073937
30,96,0.01,1,-999.0,1.5,1,1,100,200,0.40114347929750127,0.06983447341339843,-0.4771660660739445,0.4647254520296565,441,338,103,0.04909167279218733,0.09634568938359761,0.07271868108789246,0.023627008295705135,1.0220877904161836,-0.13609003234963735,0.00017988922277460386,-0.145512287022091
48,96,0.005,0,-999.0,0.75,1,1,100,200,0.5802592016338417,0.09590495016068634,-0.5356998411565538,0.5211722539798148,398,293,105,0.0936942140081907,0.17250341279008716,0.13309881339913893,0.03940459939094823,1.4998563700272132,-0.22863578687370478,0.00012453208932751173,-0.1458863577185998
30,96,0.01,1,-999.0,999.0,1,1,100,200,0.5007265243858265,0.08463711799173756,-0.51179425080163,0.49670167243057284,458,350,108,0.06282158983513599,0.12215163288879555,0.09248661136196577,0.02966502152682978,1.3807037431539553,-0.2073626887614981,0.0001659882193489642,-0.1464249237875488
48,120,0.0025,1,-999.0,2.5,1,1,100,200,0.5101297901308881,0.08599387911651313,-0.514773450257825,0.4936934431281726,618,467,151,0.07035598025832196,0.14916517904021842,0.10976057964927019,0.03940459939094823,1.4546160317534014,-0.16196672348904917,0.00015282089879867122,-0.14670817385599072
30,96,0.0025,0,-999.0,0.75,1,1,100,200,0.5795883373156536,0.09581182214317763,-0.5389648126100899,0.5192126613808771,430,314,116,0.0986296335188491,0.18121915362805838,0.13992439357345374,0.04129476005460464,1.500327557425106,-0.2166719547268502,0.00012110032987668362,-0.14770995109282345
48,60,0.01,1,-999.0,2.5,1,1,100,200,0.37300212586556336,0.06549913383479189,-0.46989150549883196,0.42852599780116984,462,355,107,0.055602226189226084,0.10742413105113935,0.08151317862018272,0.025910952430956632,1.1639153136637814,-0.2005743779952882,0.0001628471545143614,-0.14802031902456558
48,120,0.0,0,-999.0,0.75,1,1,100,200,0.6503430777608725,0.10546412153782359,-0.5629665041147895,0.5420562739670077,473,339,134,0.10986558857502887,0.20279848787146906,0.15633203822324898,0.046466449648220096,1.5648713093738866,-0.18483600787359677,0.00011900644421855748,-0.1489163168212208
48,96,0.01,1,-999.0,1.5,1,1,100,200,0.40866107318975375,0.07098080509494031,-0.4869612847097865,0.46694862975445406,454,346,108,0.050063005355455215,0.09936469599915992,0.07471385067730757,0.02465084532185236,1.0272107353020106,-0.1279987290121013,0.00017830632171262113,-0.14915240577223024
30,120,0.0025,1,-999.0,0.75,1,1,100,200,0.015762571911327683,0.003134972753009224,-0.3164248903300063,0.11064085972342542,436,335,101,0.04242360600651055,0.07607896671217053,0.059251286359340544,0.016827680352829992,0.2652634462084107,-0.001584950050460554,0.00010549036491715114,-0.14954542942582266
48,60,0.01,1,-999.0,1.5,1,1,100,200,0.3408718719274457,0.060461500753622,-0.4629343073273601,0.4218038376767615,431,331,100,0.04825160138611782,0.09225034127900872,0.07025097133256326,0.021999369946445448,0.9573594961599592,-0.15017295194945945,0.00017294132790204015,-0.14991546102621997
30,60,0.01,1,-999.0,1.5,1,1,100,200,0.35267293149401335,0.06232287072586895,-0.46873451526491006,0.43475647690078184,420,320,100,0.04683398088837551,0.08868003780321328,0.06775700934579439,0.02092302845741888,1.098975437055706,-0.20492134877420431,0.0001799395703920756,-0.150306563061547
48,96,0.0025,1,-999.0,999.0,1,1,100,200,0.5600767744252977,0.0930893239356545,-0.5384221005876741,0.5121862255300679,580,433,147,0.07579019216633413,0.1544943820224719,0.11514228709440302,0.03935209492806888,1.839008645002283,-0.2655602857292686,0.00015201986640876177,-0.15051241508167917
20,120,0.005,0,-999.0,0.75,1,1,100,200,0.5837763007204144,0.09639266985822537,-0.5480837755073753,0.5281938278887264,398,295,103,0.09366796177675102,0.1704819909692324,0.1320749763729917,0.03840701459624068,1.3746037608260067,-0.18614149942264668,0.00012534945125732024,-0.15123952650102596
30,120,0.0,1,-999.0,2.5,1,1,100,200,0.5146323341310235,0.08664114270843015,-0.5264999017862786,0.49620533182681653,643,484,159,0.0719311141447023,0.15100283524099548,0.11146697469284889,0.03953586054814659,1.8218132079200595,-0.25964578048296993,0.00015366239679718056,-0.1517985415933683
12,200,0.0025,1,-999.0,0.75,1,1,100,200,-0.0032807512976532616,-0.0006574628856823583,-0.31180853044117274,0.08895135118969538,467,357,110,0.045836396093667964,0.08327207812664077,0.06455423711015436,0.0187178410164864,0.22519856240879443,0.027541778682877993,9.635407712189892e-05,-0.15211416054678395
48,120,0.0025,1,-999.0,999.0,1,1,100,200,0.567095384053399,0.09407176865896849,-0.5437577911493101,0.512614046180412,598,450,148,0.0786779376246981,0.16216003360285625,0.12041898561377717,0.04174104798907907,1.6292031653706722,-0.19618184792867288,0.00014775475982037133,-0.15217642460666597
30,60,0.0,1,-0.2,0.75,1,1,100,200,-0.0783334538195225,-0.016192991856255,-0.2669089548254798,-0.06534413468755458,575,443,132,0.02220938779796283,0.04121600336028562,0.03171269557912423,0.009503307781161398,0.13981453930515197,0.0780291901649488,0.000157943209025353,-0.15291467600337263
30,200,0.0,0,-999.0,0.75,1,1,100,200,0.6727437650201027,0.10845097753395438,-0.5802654666217286,0.5471119910696558,503,358,145,0.11637614197206762,0.21508453218523574,0.16573033707865167,0.04935419510658406,1.6380141415344402,-0.18453621620779526,0.00011670701568463051,-0.15432615622342713
30,120,0.005,1,-999.0,1.5,1,1,100,200,0.4255117716522063,0.07353264025058825,-0.5031981687882988,0.4686070720717159,521,394,127,0.056704819909692325,0.11361965767090203,0.08516223879029718,0.02845741888060485,1.2419374180166947,-0.17489479274601138,0.00016859959395547643,-0.15463609053997535
12,200,0.01,1,-999.0,1.5,1,1,100,200,0.411221597916563,0.07137013343664877,-0.5003848747280979,0.4645371102609629,468,356,112,0.05258321957366376,0.1061377717105954,0.07936049564212957,0.02677727606846582,0.9308859725130592,-0.07638939598711236,0.00017004208729901393,-0.15559544841435202
20,200,0.01,1,-999.0,1.5,1,1,100,200,0.42438109302435767,0.07336216992405564,-0.50617801751129,0.4734570974951569,476,361,115,0.05297700304525885,0.10695159088522524,0.07996429696524204,0.0269872939199832,0.9654474385777834,-0.0804979495508642,0.00017213579935511134,-0.1560539839568315
48,120,0.005,1,-999.0,2.5,1,1,100,200,0.43983465535016086,0.07568276719808353,-0.5093808939512261,0.45584793700081244,573,437,136,0.06715320802268193,0.1372991704294865,0.10222618922608422,0.03507298120340229,1.231429932592481,-0.14061879015079304,0.0001514473937983598,-0.1562152829274889
48,120,0.005,1,-999.0,999.0,1,1,100,200,0.5070145190430091,0.08554513899336924,-0.5320662550398421,0.484137493429492,556,422,134,0.07531765200042004,0.1496639714375722,0.11249081171899611,0.03717315971857608,1.4061746920623794,-0.17290700740959697,0.00014844457586336615,-0.1562811138550772
20,200,0.0025,1,-999.0,0.75,1,1,100,200,-0.011119576679747945,-0.002235401785979585,-0.3177888973641596,0.07935746792314716,466,355,111,0.045731387167909275,0.08311456473800273,0.064422975952956,0.018691588785046728,0.23883010586886844,0.007738727190177874,9.394810144343712e-05,-0.15716197707190202
12,200,0.01,0,-999.0,0.75,1,1,100,200,0.46802995325459307,0.07986589138822331,-0.5214528358519068,0.46829418194379524,360,264,96,0.08587104903916833,0.1563845426861283,0.12112779586264832,0.03525674682348,0.978057999489232,-0.1114365362291031,0.00011942292824428079,-0.15744581744054034
48,120,0.01,0,-999.0,0.75,1,1,100,200,0.4696571987426972,0.08010534583065776,-0.5222030697918406,0.4661577491116878,354,261,93,0.08529349994749554,0.15591200252021423,0.12060275123385487,0.03530925128635934,1.0137817572490047,-0.12884989917204925,0.00012024050598998723,-0.15768830160967817
20,120,0.0025,0,-999.0,0.75,1,1,100,200,0.5775311358380677,0.09552604823798228,-0.5582094043293726,0.5169667708356595,436,316,120,0.09996849732227239,0.18381812454058594,0.14189331093142918,0.04192481360915678,1.5325364620194932,-0.22532042273056985,0.00011985626860463845,-0.15773031538492105
48,96,0.005,1,-999.0,2.5,1,1,100,200,0.43413002233523534,0.07482845638814117,-0.5115443860028245,0.45547368570742486,559,422,137,0.06410794917567993,0.1314186705869999,0.09776330988133991,0.033655360705659984,1.4097645341411327,-0.21290059643869752,0.00015514391356528332,-0.15817005232789982
12,60,0.0025,0,-999.0,0.75,1,1,100,200,0.3722111493871525,0.0653762561840805,-0.4899505334620746,0.4147442831922777,426,315,111,0.0898876404494382,0.15945605376456998,0.12467184710700409,0.034784206657565896,1.1977420761708215,-0.22736908871833283,0.00010981443988802801,-0.15886179638734294
30,96,0.01,1,-999.0,2.5,1,1,100,200,0.36621855575255147,0.06444346572138127,-0.48875046558506186,0.4209470028404911,473,363,110,0.05633728866953691,0.111939514858763,0.08413840176414995,0.027801113094613042,1.1265968378801228,-0.18609944059903305,0.0001572247436986301,-0.1588844169291251
48,96,0.005,1,-999.0,999.0,1,1,100,200,0.48731356996323627,0.08268999830034462,-0.5313005306727341,0.4758634422423629,541,406,135,0.07245615877349575,0.14354720151212852,0.10800168014281214,0.035545521369316394,1.5701005196793032,-0.24149496631060252,0.00015017838907080113,-0.15916709492390427
20,96,0.01,1,-999.0,999.0,1,1,100,200,0.46847046546084337,0.07993073513441296,-0.5275360702454615,0.47877788483196587,453,344,109,0.06132521264307466,0.11976267982778536,0.09054394623543001,0.02921873359235535,1.4054606392682953,-0.23429891658200874,0.00016348161273847155,-0.15989840574671949
20,96,0.01,1,-999.0,2.5,1,1,100,200,0.35188917204104664,0.06219965261652938,-0.4866068355806167,0.41245403252754426,470,357,113,0.05489341594035493,0.10949805733487346,0.0821957366376142,0.027302320697259266,1.1487112807812614,-0.20411970501268872,0.00015727375825244064,-0.16048106354740174
20,96,0.0025,0,-999.0,0.75,1,1,100,200,0.5445925807981751,0.09090932432403132,-0.5544883234875182,0.5029615547106372,429,313,116,0.09673947285519269,0.1766512653575554,0.13669536910637403,0.03995589625118135,1.566020978539735,-0.254009657843719,0.00012029845384290685,-0.16118675968419593
12,96,0.0,1,-0.2,0.75,1,1,100,200,-0.09851753419333453,-0.020543198135152596,-0.2717161573517558,-0.0972712140357126,616,480,136,0.023732017221463824,0.043998739892890895,0.03386537855717736,0.010133361335713536,0.07023487942354145,0.14623676854038825,0.00014797142135440885,-0.16126483751281612
30,120,0.01,0,-999.0,0.75,1,1,100,200,0.4586465530338104,0.07848093678950208,-0.5274656559608529,0.464365184175966,349,255,94,0.08408589730127061,0.1521316811929014,0.118108789247086,0.0340228919458154,1.0244060872066516,-0.14206225501756264,0.00012027919232311694,-0.1620336319821261
30,96,0.005,1,-999.0,0.75,1,1,100,200,-0.029784324072631096,-0.006033245652895203,-0.3191199473694222,0.047315299544059795,392,306,86,0.03874829360495642,0.06762574818859603,0.053187020896776224,0.014438727291819805,0.1644884568595042,0.013622180514771376,9.003323125461485e-05,-0.1632274543604033
30,200,0.0025,1,-999.0,0.75,1,1,100,200,-0.021362422370689194,-0.004312413093755185,-0.3277677659078946,0.06693529693653852,474,362,112,0.04602016171374567,0.08434841961566733,0.0651842906647065,0.01916412895096083,0.24453163543417866,-0.0032884755107973618,9.073619594840614e-05,-0.16484953120087556
20,60,0.0025,1,-0.2,0.75,1,1,100,200,-0.10022887049068308,-0.020915607585274554,-0.2815373118596106,-0.11221878404077275,542,424,118,0.021526829780531345,0.038538275753439044,0.030032552766985195,0.00850572298645385,0.12135934417346639,0.05222952957722127,0.0001396896901695817,-0.1672952027171185
20,96,0.005,0,-999.0,0.75,1,1,100,200,0.5199664377778119,0.08740595860589773,-0.5597619738474923,0.49635186675323484,394,292,102,0.09099023416990444,0.1644964822009871,0.12774335818544577,0.03675312401554132,1.3731734235669335,-0.22002275761010714,0.0001222836108947304,-0.16765743498018665
48,60,0.005,0,-999.0,0.75,1,1,100,200,0.5065136650194255,0.08547292411137009,-0.5552956319523898,0.48845561953498534,387,290,97,0.09080646854982674,0.16389268087787462,0.12734957471385067,0.03654310616402394,1.3258466018425832,-0.21395211121398516,0.00012078316764752974,-0.16775211088807557
48,96,0.0025,0,-999.0,0.75,1,1,100,200,0.5153901758419539,0.0867499349422669,-0.557843967617212,0.47971260122681214,433,313,120,0.10023101963666911,0.18586579859288038,0.14304840911477476,0.042817389478105636,1.561253395707694,-0.26528282938553815,0.00011356063585098431,-0.1681864188049985
48,60,0.0,1,-0.2,0.75,1,1,100,200,-0.09219967815116747,-0.01917322760362683,-0.29258783029700075,-0.08712155128520983,589,455,134,0.022288144492281843,0.042239840386432845,0.03226399243935735,0.0099758479470755,0.09215137321709888,0.11593579088001227,0.00014980464658295492,-0.1698232203163877
12,60,0.0,1,-0.2,0.75,1,1,100,200,-0.08916755851844727,-0.01851844623953558,-0.29429460630515414,-0.08349414451583016,601,466,135,0.023285729286989396,0.042764885015226295,0.033025307151107845,0.00973957786411845,0.09884499063938801,0.11954147441962526,0.00015326764455282684,-0.16984045661790415
30,120,0.0025,1,-999.0,2.5,1,1,100,200,0.45527724719890394,0.0779819009193572,-0.5422775483142226,0.4643117002982989,602,454,148,0.06770450488291505,0.1429959046518954,0.10535020476740523,0.03764569988449018,1.624521456637941,-0.2507082648175111,0.00015029704607953556,-0.16994128822283916
30,120,0.005,1,-999.0,999.0,1,1,100,200,0.4725323057320314,0.08052790926466336,-0.548477607877718,0.46718218837634296,538,407,131,0.07321747348524625,0.14493856977843117,0.1090780216318387,0.03586054814659246,1.5623411503553855,-0.2478883567877841,0.00014667060887186187,-0.17035178525537853
20,60,0.0,1,0.0,0.75,1,1,100,200,-0.14284420214023608,-0.030377279372261645,-0.2570943026974093,-0.23076639578889982,543,423,120,0.016171374566838183,0.03076761524729602,0.0234694949070671,0.00729812034022892,0.06223596143085919,0.0587153415033399,0.0001275543138659539,-0.1704627505104113
30,120,0.0025,1,-999.0,999.0,1,1,100,200,0.5130260450648412,0.08641040729451643,-0.5638351091354148,0.48619620574152855,580,436,144,0.07607896671217053,0.15614827260317127,0.1161136196576709,0.04003465294550037,1.7846351909635665,-0.2738020922512757,0.00014527407560449104,-0.17119733698611453
20,120,0.005,1,-999.0,0.75,1,1,100,200,-0.06012505091964615,-0.012333494642115306,-0.3269115758581955,0.0072224034909890026,398,310,88,0.039745878399663974,0.06977843116664917,0.05476215478315657,0.015016276383492597,0.1262928856066794,0.018274688927869764,7.695288385344938e-05,-0.17542816239666362
48,120,0.0025,1,-999.0,0.75,1,1,100,200,-0.023639161835351863,-0.004776443401992014,-0.34821767504935486,0.062095429773144306,448,344,104,0.04300115509818334,0.07833665861598235,0.06066890685708285,0.017667751758899508,0.2041991089376496,0.014421260247088785,9.174881684905039e-05,-0.17578050943801224
20,200,0.0025,0,-999.0,0.75,1,1,100,200,0.5049905603628688,0.0852531995059751,-0.5720268391188327,0.4707431506918577,463,331,132,0.10674157303370786,0.19825685183240577,0.1524992124330568,0.045757639399348946,1.5526659292240295,-0.2568027228698254,0.0001083652172742815,-0.17722306251884834
30,120,0.01,1,-999.0,1.5,1,1,100,200,0.35160723458038023,0.062155314072183776,-0.5225759523391291,0.42382294012298305,455,347,108,0.05043053659561063,0.09994224509083272,0.07518639084322168,0.024755854247611047,1.0355511450280508,-0.16632804451624306,0.00016655438497494352,-0.17794151509123163
30,200,0.01,1,-999.0,1.5,1,1,100,200,0.357366338416891,0.06305954835539085,-0.5243581816414622,0.42319059775155937,481,364,117,0.053055759739577865,0.10897301270608002,0.08101438622282894,0.027958626483251075,0.918309922884001,-0.09997982427732932,0.00015821044178713334,-0.17796001257776228
30,120,0.005,1,-999.0,2.5,1,1,100,200,0.4042624746154104,0.07031067382315537,-0.5422833762111872,0.4362635365676959,557,423,134,0.06507928173894781,0.13233749868738842,0.09870839021316812,0.03362910847422031,1.398918267724663,-0.22658231220015856,0.00014967352339033234,-0.17901783745405342
48,60,0.01,1,-999.0,0.75,1,1,100,200,-0.06554104810711947,-0.013475187340642347,-0.33129533784993304,-0.012018292713824418,334,261,73,0.03276278483671112,0.05707235114984774,0.04491756799327943,0.012154783156568308,0.04444490048086358,0.05735302316489399,7.284903066595184e-05,-0.1797237709013001
48,96,0.01,1,-999.0,999.0,1,1,100,200,0.410892617212546,0.07132014349890126,-0.5471678353316436,0.43731512540907164,472,359,113,0.0642392103328783,0.125879449753229,0.09505933004305366,0.030820119710175366,1.2342722167042663,-0.20039223021135055,0.00015058802628299255,-0.18039801789646695
20,200,0.0,1,-999.0,999.0,1,1,100,200,0.46789331876519125,0.07984577552068184,-0.5665118044136848,0.4520851233877655,661,490,171,0.08925758689488607,0.18355560222618922,0.13640659456053764,0.04714900766565158,1.7131863739368893,-0.24701714395434304,0.00012730499888406158,-0.18080587051677227
12,120,0.01,1,-999.0,2.5,1,1,100,200,0.31956615616198714,0.05706752588120012,-0.5153537539602626,0.3871331654587972,474,361,113,0.05620602751233855,0.11385592775385908,0.08503097763309882,0.028824950120760265,1.1571425217325717,-0.22463559219429619,0.00014672712745971713,-0.18125269282599132
30,200,0.005,1,-999.0,1.5,1,1,100,200,0.34442371828373375,0.061023103930496925,-0.5281462909250739,0.404171105249329,566,425,141,0.06334663446392944,0.12766460149112674,0.09550561797752809,0.03215898351359866,1.120052415712812,-0.158361406019785,0.00014431516329457177,-0.18284148626957358
20,200,0.005,0,-999.0,0.75,1,1,100,200,0.43543566513048804,0.07502422555451971,-0.5602617443971509,0.43751458402603277,421,309,112,0.09978473170219469,0.18295180090307675,0.14136826630263571,0.041583534600441036,1.2870934115613113,-0.2252855070621843,0.00010608424718674791,-0.1832309174427541
20,200,0.0,1,-999.0,2.5,1,1,100,200,0.4069583965998267,0.07072159928235844,-0.5521591265347099,0.4264272160605644,685,510,175,0.08090937729707025,0.16853932584269662,0.12472435156988344,0.04381497427281319,1.600866938991362,-0.2380154241336392,0.00013081547252477286,-0.1840366031819683
12,120,0.01,1,-999.0,999.0,1,1,100,200,0.41991482452785744,0.07268773885917978,-0.5581748561505429,0.44590857053603594,457,348,109,0.06261157198361861,0.12419930694108999,0.0934054394623543,0.030793867478735693,1.4086400660454288,-0.2591138203149328,0.00015150683917535768,-0.18410426068928984
48,120,0.01,1,-999.0,999.0,1,1,100,200,0.3994726825187249,0.06957903148933053,-0.550784393203622,0.4278792287823722,481,369,112,0.0653680562847842,0.13021106794077497,0.09778956211277959,0.03242150582799538,1.0182191136096903,-0.11799701643249305,0.0001455671672094133,-0.18441920367336187
48,96,0.01,1,-999.0,2.5,1,1,100,200,0.3324075356131868,0.059118342801126156,-0.5283656538182127,0.3941073220373437,487,373,114,0.05743988239000315,0.11571983618607581,0.08657985928803949,0.029139976898036334,1.0525992560604926,-0.1718479792438644,0.00014889552505662827,-0.185359118006113
12,120,0.005,1,-999.0,0.75,1,1,100,200,-0.06954627834864102,-0.014322899395160626,-0.341656044841275,-0.007215348507787558,393,306,87,0.039693373936784626,0.0694634043893731,0.05457838916307886,0.014885015226294235,0.11090302453968093,0.019480294357796746,7.2186104210404e-05,-0.1855116892411875
20,96,0.005,1,-999.0,0.75,1,1,100,200,-0.08313332798984574,-0.017220534187029624,-0.3351338788737459,-0.02859509490063254,388,303,85,0.03872204137351675,0.06675942455108684,0.05274073296230179,0.014018691588785047,0.10305928995228886,0.009209963944388777,6.781066078250845e-05,-0.1862172283689342
20,120,0.01,1,-999.0,1.5,1,1,100,200,0.28252831107332055,0.05106166336359941,-0.5121683676533019,0.3700094433970485,451,344,107,0.04980048304105849,0.09873464244460779,0.07426756274283314,0.02446707970177465,0.9434382064045062,-0.17309784924283833,0.0001537955524517362,-0.1865220482931991
48,120,0.01,1,-999.0,2.5,1,1,100,200,0.3288417361054883,0.05855046223117033,-0.5295768250847328,0.38956114824975474,496,383,113,0.05875249396198677,0.1198151842906647,0.08928383912632573,0.030531345164338967,0.8618372529713905,-0.08533194618888496,0.00014496101857849558,-0.18675989289870834
30,96,0.0,1,-0.2,0.75,1,1,100,200,-0.11825484753778259,-0.02487311845311113,-0.3115775355900835,-0.12962562076270792,619,479,140,0.023206972592670377,0.044103748818649584,0.033655360705659984,0.010448388112989605,0.05576511769455128,0.13821296642826808,0.00013601325393376352,-0.18714316728628827
12,200,0.0,1,-999.0,999.0,1,1,100,200,0.45153007588619354,0.07742581189645881,-0.5735799562363931,0.4430092243779386,659,492,167,0.08912632573768771,0.18331933214323218,0.13622282894045995,0.047096503202772234,1.6271417602837195,-0.23179284163961467,0.00012572628607376965,-0.18721370500284082
30,96,0.01,1,-999.0,0.75,1,1,100,200,-0.07446955837939928,-0.015368926083688228,-0.3419688316770325,-0.022752908559035084,345,269,76,0.03397038748293605,0.05922503412790087,0.04659771080541846,0.012627323322482412,0.040755597842423,0.056760290413470305,6.912226482371723e-05,-0.18749098735015624
20,120,0.0,1,-0.2,0.75,1,1,100,200,-0.11657153495852379,-0.02450083061986219,-0.3140514653570994,-0.12408964542896299,641,495,146,0.023863278378662187,0.04554762154783157,0.03470544996324688,0.010842171584584689,0.06547307229683574,0.14249708647200632,0.00013962147831140287,-0.18773104556986003
12,200,0.0025,0,-999.0,0.75,1,1,100,200,0.46299998559529487,0.0791243705045257,-0.5791448693287378,0.4503757801589637,465,334,131,0.10503517799012917,0.1950803318282054,0.15005775490916728,0.04502257691903812,1.35970077016602,-0.21767698582775064,0.0001057876524351947,-0.187929275151895
20,96,0.01,1,-999.0,1.5,1,1,100,200,0.25670465690271227,0.04679162289898753,-0.5046773501929209,0.3506511190729432,439,334,105,0.04814659246035913,0.09456053764569988,0.0713535650530295,0.023206972592670377,0.8672102208738663,-0.16171540153414177,0.00015242405763309186,-0.18801449624382577
20,60,0.01,1,-0.2,0.75,1,1,100,200,-0.1428363760101451,-0.030375507567562465,-0.2950338901919911,-0.2199783666788053,429,341,88,0.01785151737897721,0.03150267772760685,0.02467709755329203,0.006825580174314816,-0.014274588987658321,0.07767359786963746,7.881700204166004e-05,-0.18889137099749828
12,200,0.0,1,-999.0,2.5,1,1,100,200,0.3929121305171033,0.06857364753104478,-0.5590626938806507,0.41780302455971413,683,512,171,0.08072561167699255,0.16825055129686023,0.12448808148692639,0.04376246980993385,1.521348828898474,-0.2226091191308016,0.00012932472087943833,-0.19006754818129484
48,60,0.0025,0,-999.0,0.75,1,1,100,200,0.43572101181619116,0.07506699170725617,-0.5748451804366581,0.44098572817448384,422,310,112,0.09603066260632154,0.17557492386852883,0.13580279323742517,0.039772130631103644,1.3678012856749389,-0.2511689281117079,0.0001096450440566747,-0.1903063121023487
20,200,0.0025,1,-999.0,2.5,1,1,100,200,0.38364975490601716,0.06714774929437706,-0.5573179860047845,0.4146543173856319,641,478,163,0.07466134621442823,0.15777591095243096,0.11621862858342959,0.041557282369001365,1.473592880339746,-0.22923117752335576,0.00013243281676154632,-0.1907785278387336
48,96,0.005,1,-999.0,0.75,1,1,100,200,-0.06451461307690043,-0.013258408991183024,-0.3566806564286146,0.0015015809224150085,400,310,90,0.03851202352199937,0.06896461199201932,0.053738317757009345,0.015226294235009976,0.1281747007860372,0.012840991480862929,7.657193595070135e-05,-0.19152365815936956
48,200,0.005,1,-999.0,999.0,1,1,100,200,0.3828651580905498,0.0670266139743303,-0.5583004168798844,0.4059158199835045,592,445,147,0.08492596870734012,0.1685655780741363,0.12674577339073823,0.04181980468339809,1.3887550152949344,-0.22162023422596266,0.00012312486410039815,-0.19182780346643669
20,96,0.0,1,-0.2,0.75,1,1,100,200,-0.13474588314479796,-0.02855073413441611,-0.31068825559594526,-0.16252626835678013,610,472,138,0.02310196366691169,0.04352619972697679,0.03331408169694424,0.010212118030032552,0.03848322528436232,0.1304129693605398,0.00012324565536663646,-0.19202117535022775
48,200,0.005,1,-999.0,2.5,1,1,100,200,0.31564387510926695,0.056437940675633014,-0.5340367719006818,0.37005197452443056,615,463,152,0.07684028142392103,0.15564948020581748,0.11624488081486926,0.03940459939094823,1.2045449149729794,-0.18829476396524913,0.00012389827713687676,-0.19207784654848634
30,200,0.01,0,-999.0,0.75,1,1,100,200,0.3694167967108608,0.06494170130761501,-0.5596100403228531,0.4033566203171791,364,267,97,0.08781371416570409,0.16105743988239,0.12443557702404705,0.03662186285834296,0.93998589244408,-0.15316569784611378,0.0001062632933603602,-0.1946954878379526
12,120,0.01,1,-999.0,1.5,1,1,100,200,0.26546928536744807,0.04824869114860442,-0.5218528738497055,0.35657088371284335,444,338,106,0.049432951800903076,0.098157093352935,0.07379502257691904,0.024362070776015963,0.930283926473132,-0.1814072371030503,0.00014994447671977412,-0.19484920159060615
48,120,0.005,0,-999.0,0.75,1,1,100,200,0.40520363306035323,0.0704542013785936,-0.574257775274305,0.42015797136586447,409,302,107,0.0968182295495117,0.17793762469809934,0.13737792712380553,0.04055969757429381,1.2198236451611129,-0.22329478146045179,0.00010497251164565982,-0.1956667876902657
30,120,0.005,0,-999.0,0.75,1,1,100,200,0.39837696354454977,0.06941137860687685,-0.5766930277579057,0.4194229480388825,403,296,107,0.0946392943400189,0.1729234484931219,0.1337813714165704,0.039142077076551506,1.1786080302165898,-0.2148052560238407,0.00010567528440400816,-0.19796398787013186
20,60,0.005,1,-0.2,0.75,1,1,100,200,-0.13870696871927557,-0.02944242563074484,-0.31753952537213914,-0.19508838477309837,498,395,103,0.020634253911582485,0.03570303475795442,0.028168644334768456,0.007534390423185971,0.041760322289118745,0.06059479353740427,0.00010098845242219984,-0.19796660755546933
30,60,0.0,1,0.0,0.75,1,1,100,200,-0.1862189469683757,-0.04040217356295672,-0.28430118598458576,-0.32721523003678543,543,420,123,0.015961356715320802,0.030820119710175366,0.023390738212748084,0.007429381497427281,0.03773342342598318,0.028874038301845317,8.332353807737599e-05,-0.19891352805708887
20,60,0.0025,1,0.0,0.75,1,1,100,200,-0.19333854715618937,-0.042088297711568634,-0.2794291421764573,-0.35780552011866645,503,396,107,0.01538380762364801,0.02856242780636354,0.021973117715005777,0.006589310091357765,0.01858361634201966,0.018467079038953615,6.173929581222454e-05,-0.1996931448057306
12,96,0.0,1,0.2,0.75,1,1,100,200,-0.1880676029278323,-0.040838850299838914,-0.2806398392932796,-0.3723783012939875,491,377,114,0.013152367951275858,0.025175889950645805,0.01916412895096083,0.006011760999684973,-0.010780312365678446,0.04923574714940426,6.71239409973065e-05,-0.1997776850111781
48,200,0.0,0,-999.0,0.75,1,1,100,200,0.4575120800102732,0.07831301035721383,-0.6008812579724649,0.4381273742090549,513,365,148,0.11957891420770765,0.22212013021106794,0.1708495222093878,0.051270608001680144,1.267048149356083,-0.16904824035177035,9.803059605796905e-05,-0.20022124991856588
30,120,0.005,1,-999.0,0.75,1,1,100,200,-0.08514356095077269,-0.01765215738553294,-0.36798545420610507,-0.027563244636037345,404,314,90,0.039693373936784626,0.06998844901816655,0.054840911477475586,0.015147537540690958,0.10947216872025356,0.009220262187382033,6.782240947299047e-05,-0.20302304672038735
20,120,0.01,1,-999.0,999.0,1,1,100,200,0.3231246189503687,0.05763741907279796,-0.5597329816584127,0.3807508359031089,467,358,109,0.06334663446392944,0.1251443872729182,0.09424551086842381,0.03089887640449438,1.2319150630397973,-0.251216598018001,0.00013690875347227737,-0.20319152996125295
20,200,0.0025,1,-999.0,999.0,1,1,100,200,0.3998317976858552,0.06963395584783916,-0.5884734564235713,0.4166655318305004,617,459,158,0.08290454688648535,0.17137456683818125,0.1271395568623333,0.04423500997584795,1.6095199184696245,-0.26965410589607997,0.0001245803164010347,-0.20376949577242148
30,60,0.0025,1,-0.2,0.75,1,1,100,200,-0.16444181633020005,-0.0353169422161278,-0.3140406886804952,-0.2364709150219124,541,421,120,0.021316811929013964,0.03874829360495642,0.030032552766985195,0.008715740837971227,0.057489555028314765,0.035634827582875506,8.868833362924694e-05,-0.204160832307471
12,60,0.0,1,0.2,0.75,1,1,100,200,-0.17741087017207957,-0.0383324217102462,-0.29869400250283995,-0.34894396734321115,479,371,108,0.012968602331198151,0.024519584164653996,0.018744093247926075,0.005775490916727922,0.008066455440818965,0.03689156921791059,7.602975626333318e-05,-0.20512662132882672
20,60,0.005,1,0.0,0.75,1,1,100,200,-0.19775183743137936,-0.04313947596304357,-0.2860345507998605,-0.37949285320118037,465,372,93,0.014780006300535546,0.026541005985508768,0.020660506143022155,0.005880499842486612,0.0067266151534008944,0.005532007974391018,4.0903730546708994e-05,-0.20513139402303285
30,120,0.01,1,-999.0,999.0,1,1,100,200,0.3584822624824169,0.06323440404601444,-0.5771294550341501,0.40318681049371935,472,360,112,0.06434421925863698,0.12677202562217788,0.09555812244040743,0.03121390318177045,1.242022939398324,-0.23275679627254486,0.00014171849810227315,-0.20517098294637467
12,200,0.005,0,-999.0,0.75,1,1,100,200,0.36045779552252144,0.06354367153492446,-0.5786284417214786,0.39474918165167444,420,309,111,0.0978683188070986,0.17982778536175575,0.1388480520844272,0.040979733277328574,1.0887964712086187,-0.19644871918848805,9.936670644799546e-05,-0.20603309024323113
12,60,0.0,1,0.0,0.75,1,1,100,200,-0.1846235421342075,-0.04002595545498411,-0.3001377431359421,-0.3195860574347323,566,442,124,0.016775175889950644,0.03210647905071931,0.024440827470334978,0.0076656515803843325,-0.001795746545821042,0.08411368559215493,9.146104074099175e-05,-0.20607412989469176
20,120,0.01,1,-999.0,2.5,1,1,100,200,0.22642925266216518,0.04169515193136064,-0.5305716460666468,0.31570862419124746,484,371,113,0.05696734222408905,0.11482726031712695,0.085897301270608,0.028929959046518954,0.9936892732354285,-0.21637086104197123,0.0001302308272526361,-0.20780523989240035
48,96,0.01,1,-999.0,0.75,1,1,100,200,-0.09934488260305385,-0.020723169436968836,-0.369393068325352,-0.05722315878072914,351,273,78,0.034232909797332775,0.06069515908852252,0.04746403444292765,0.013231124645594875,0.008201137147843207,0.06475351049586497,5.765796817914547e-05,-0.2082808615386813
20,60,0.0,1,0.2,0.75,1,1,100,200,-0.18801869863388554,-0.04082728822977888,-0.2996648243221903,-0.3807656280108058,463,359,104,0.012574818859603066,0.02360075606426546,0.018087787461934263,0.005512968602331198,0.025711296635106073,-0.0021041756295965275,5.5058870789219554e-05,-0.20969798179141433
12,60,0.0025,1,-0.2,0.75,1,1,100,200,-0.16360196483449085,-0.03512295938225174,-0.3260277732204848,-0.23290288562988448,561,438,123,0.02202562217788512,0.039772130631103644,0.03089887640449438,0.008873254226609261,0.020617736999883896,0.08492560661235049,9.393495161527088e-05,-0.20978199027398836
12,96,0.0,1,0.0,0.75,1,1,100,200,-0.21136692975944205,-0.04641179586235844,-0.2893387174541806,-0.3763801706930024,576,448,128,0.01693268927858868,0.03289404599390948,0.02491336763624908,0.007980678357660401,-0.026881776438444138,0.08097952855829771,6.722991578451725e-05,-0.20990016312409887
48,60,0.0025,1,-0.2,0.75,1,1,100,200,-0.16339761632523409,-0.03507578400662037,-0.3271180785425418,-0.22835645616733374,555,432,123,0.021448073086212327,0.03987713955686233,0.03066260632153733,0.009214533235325003,0.022977867919782735,0.07944300841146346,9.248171669605579e-05,-0.21005264608625795
12,60,0.01,1,-0.2,0.75,1,1,100,200,-0.17370842691070176,-0.03746769790254101,-0.3172642617350838,-0.2851545600646529,438,346,92,0.01790402184185656,0.03202772235640029,0.024965872099128424,0.0070618502572718685,-0.05398901174321902,0.08735516017758216,5.1435544839437724e-05,-0.21035755677331555
48,200,0.01,0,-999.0,0.75,1,1,100,200,0.3097721649509195,0.05549263086917011,-0.5681836577606186,0.36398740186836237,365,269,96,0.08812874094298015,0.16273758269452904,0.1254331618187546,0.037304420875774444,0.760635797010714,-0.10709594911933606,9.875041863017763e-05,-0.21039982791772108
12,96,0.0025,1,0.2,0.75,1,1,100,200,-0.21718389803329918,-0.04782366634260282,-0.2817324515495384,-0.4590642605345192,454,353,101,0.012312296545206342,0.023180720361230703,0.017746508453218523,0.005434211908012181,-0.06557842612124265,0.05129934824766291,9.358190828917302e-06,-0.21164310514409798
20,120,0.0,1,0.2,0.75,1,1,100,200,-0.18489965758012084,-0.04009102506522322,-0.3080232451054621,-0.35092716257467166,512,390,122,0.013336133571353565,0.02609471805103434,0.01971542581119395,0.006379292239840386,0.007818108033023075,0.04480708693225277,8.084321114004131e-05,-0.21164900574668785
20,96,0.0,1,0.0,0.75,1,1,100,200,-0.20761722176275133,-0.04550609157563634,-0.2958724918487633,-0.3655149988537945,569,441,128,0.016512653575553923,0.03252651475375407,0.024519584164653996,0.008006930589100073,-0.020159425389759678,0.07489808256647512,6.922647695213972e-05,-0.2117180874427077
20,60,0.0025,1,0.2,0.75,1,1,100,200,-0.20624730442284944,-0.045176056744131166,-0.29100183921656586,-0.4393413942416334,427,336,91,0.011813504147852568,0.021736847632048723,0.016775175889950644,0.004961671742098078,-0.01558817848939853,-0.0017175116771164234,9.359031459233281e-06,-0.21264404606449577
20,120,0.0,1,0.0,0.75,1,1,100,200,-0.2016586930674108,-0.04407389594989741,-0.3031138651625265,-0.34251878532624247,601,462,139,0.016985193741468025,0.03394413525149638,0.0254646644964822,0.008479470755014176,-0.00057571623678776,0.07888916622909603,8.55426928527231e-05,-0.21275676779747277
20,120,0.0025,1,0.2,0.75,1,1,100,200,-0.20149628914950357,-0.044034980303487514,-0.29796728255131466,-0.40161123327681797,474,365,109,0.012496062165284049,0.024204557387377926,0.018350309776330988,0.005854247611046939,-0.0328713275008472,0.046516819038916246,4.309448810087302e-05,-0.21309918324298574
12,200,0.0025,1,-999.0,2.5,1,1,100,200,0.3153114475706027,0.056384512064825865,-0.5764802335808252,0.37054822080415595,640,481,159,0.07466134621442823,0.15751338863803424,0.11608736742623123,0.041426021211803006,1.3520863684418623,-0.22983403170156969,0.00012409544070103058,-0.21332819368537895
12,120,0.0,1,-0.2,0.75,1,1,100,200,-0.1534660370560893,-0.03279403645443557,-0.3438962238017521,-0.193942359254636,642,498,144,0.023968287304420875,0.04544261262207288,0.03470544996324688,0.010737162658826,0.030377391554305078,0.13263886103228217,0.00011524840076103392,-0.21443926631804341
30,120,0.0025,0,-999.0,0.75,1,1,100,200,0.3565854522419176,0.06293712182192324,-0.5946532488260079,0.3901479815776902,440,315,125,0.10104483881129896,0.18657460884175156,0.14380972382652527,0.042764885015226295,1.2829016439407224,-0.2594939095751506,9.769628819926051e-05,-0.2148821035121962
48,60,0.0,1,0.0,0.75,1,1,100,200,-0.20415368931082534,-0.04467255074649712,-0.30423973462006026,-0.3623935362888613,553,428,125,0.01583009555812244,0.03131891210752914,0.02357450383282579,0.00774440827470335,-0.015889222411021087,0.06634484591792367,6.827587618092925e-05,-0.21491209487097032
30,120,0.01,1,-999.0,2.5,1,1,100,200,0.2715098148230082,0.049248202168780564,-0.5634859588354969,0.3494595680106721,488,374,114,0.05785991809303791,0.11624488081486926,0.08705239945395359,0.02919248136091568,1.0610441199815552,-0.21254311853209873,0.00013776650295756096,-0.21502179884843428
30,60,0.0,1,0.2,0.75,1,1,100,200,-0.20143962919773006,-0.04402140478909622,-0.30109770323488705,-0.4133380871606019,463,357,106,0.012469809933844377,0.023653260527144806,0.018061535230494592,0.005591725296650215,0.015592598382291545,-0.00881997134088619,3.6696635779673526e-05,-0.21523716076456983
30,200,0.0025,0,-999.0,0.75,1,1,100,200,0.3949811140156234,0.06889112088839466,-0.6095288869102196,0.40811497914146505,470,335,135,0.10850047254016591,0.20222093877979627,0.15536070565998109,0.04686023311981519,1.42941663183555,-0.2736414480734324,9.7551198334648e-05,-0.21546757360964186
20,60,0.01,1,0.0,0.75,1,1,100,200,-0.2219963048535496,-0.0489980708633333,-0.2861372433859619,-0.4726715175856966,413,326,87,0.012312296545206342,0.023285729286989396,0.017799012916097867,0.005486716370891526,-0.05526151653375744,0.012451648008822813,-2.077621315944976e-05,-0.21570026843559909
12,96,0.0025,1,-0.2,0.75,1,1,100,200,-0.1883366055468888,-0.04090245850272123,-0.32320534664211353,-0.27769781943687005,579,455,124,0.022629423500997586,0.04116349889740628,0.031896461199201934,0.009267037698204347,-0.00998954759762638,0.09520615334665106,7.808424460511089e-05,-0.2163900227956215
20,120,0.01,1,-999.0,0.75,1,1,100,200,-0.12796651545831583,-0.02703215868601705,-0.3686399854109432,-0.1022213729072934,351,274,77,0.034784206657565896,0.06087892470860023,0.04783156568308306,0.01304735902551717,-0.007605792639912012,0.04733757141933581,4.3320206050686975e-05,-0.21646322003685334
12,60,0.0025,1,0.2,0.75,1,1,100,200,-0.2063262287812866,-0.04519505850177519,-0.29924436533571963,-0.4346603207417244,442,347,95,0.012128530925128635,0.02247191011235955,0.017300220518744094,0.005171689593615457,-0.05021612384357865,0.042366196558707214,1.8229684281352692e-05,-0.21655025720672122
12,60,0.005,1,-0.2,0.75,1,1,100,200,-0.1646367443847857,-0.03536198758856679,-0.33777589533234875,-0.24656529627276602,510,402,108,0.02068675837446183,0.03638559277538591,0.02853617557492387,0.007849417200462038,0.004481100928668935,0.07326356637216658,8.164624228580597e-05,-0.21657820006837947
48,96,0.0,1,-0.2,0.75,1,1,100,200,-0.15875817747098941,-0.03400720694017456,-0.3467567526319574,-0.20191187711383368,635,487,148,0.02357450383282579,0.04504882915047779,0.03431166649165179,0.010737162658826,0.03951007444680554,0.11177047025566411,0.00011087044731687675,-0.21748117711184495
20,200,0.005,1,-999.0,2.5,1,1,100,200,0.2771778683874475,0.05018263252832611,-0.5703025198530303,0.3467884633981445,590,443,147,0.07119605166439147,0.1445447863068361,0.10787041898561378,0.036674367321222305,1.2086448484127685,-0.22326225539165578,0.00012418546759224288,-0.2176292042282818
12,120,0.01,1,-999.0,0.75,1,1,100,200,-0.12058961714388372,-0.025390427210809863,-0.3760796503100906,-0.09264861431601679,345,269,76,0.03444292764885015,0.060380132311246455,0.04741152998004831,0.012968602331198151,-0.0008902207052089439,0.04595478801384001,4.5645628114034486e-05,-0.218062683081656
20,96,0.01,1,-999.0,0.75,1,1,100,200,-0.13606051406190944,-0.028846311859622387,-0.3666362463529639,-0.12002451064188763,342,267,75,0.03347159508558228,0.05820119710175365,0.045836396093667964,0.012364801008085687,-0.014315628792925805,0.03998812847918076,3.809516842029731e-05,-0.2181656605681987
12,200,0.005,1,-999.0,0.75,1,1,100,200,-0.12172973630725437,-0.025643439712865423,-0.37866483674674833,-0.0757524448212588,425,329,96,0.04192481360915678,0.07537015646329938,0.05864748503622808,0.0167226714270713,0.05861639121935691,0.026124888713189298,5.3343914914820514e-05,-0.21876348032730253
30,200,0.0,1,-999.0,999.0,1,1,100,200,0.36559126088582894,0.06434563364452406,-0.6061249195799068,0.3930503148816427,678,502,176,0.09106899086422346,0.1874671847107004,0.13926808778746194,0.048199096923238476,1.6520690202673878,-0.27723260202105426,0.00011603406636181799,-0.2190643104013472
30,200,0.005,0,-999.0,0.75,1,1,100,200,0.3520016534756669,0.06221733980555455,-0.6021236921899736,0.38642153972784105,426,312,114,0.10130736112569569,0.18641709545311352,0.1438622282894046,0.04255486716370892,1.2071772529261664,-0.24200233184368625,9.675520292669993e-05,-0.21952342930304022
30,96,0.0,1,0.0,0.75,1,1,100,200,-0.21446944746242458,-0.04716378554807932,-0.3090911685904175,-0.3768453323201614,579,448,131,0.016565158038433267,0.03278903706815079,0.02467709755329203,0.008111939514858764,-0.030760572245163376,0.08265903309425382,6.622319294678766e-05,-0.22055163645929615
30,60,0.0025,1,0.2,0.75,1,1,100,200,-0.22253663781434996,-0.04913029453621043,-0.2953253813566461,-0.4807321658657037,429,336,93,0.011760999684973223,0.021946865483566103,0.016853932584269662,0.00509293289929644,-0.035063023287909,-0.0014715430827758613,-1.4039139834272332e-05,-0.22082959350781867
48,120,0.01,1,-999.0,0.75,1,1,100,200,-0.11774732340164118,-0.024760812661230758,-0.3844321645366008,-0.08250594145769749,361,281,80,0.034784206657565896,0.06261157198361861,0.04869788932059225,0.013913682663026358,-0.028752133357955123,0.08810965723875208,4.989904619717865e-05,-0.22110219200241601
12,200,0.005,1,-999.0,2.5,1,1,100,200,0.26989106265543694,0.048980724536815456,-0.5744920015827808,0.3418315824546415,584,441,143,0.07088102488711541,0.14380972382652527,0.10734537435682033,0.03646434946970493,1.1804876724898272,-0.22006477768634325,0.00012313601144864572,-0.22117369713184287
30,120,0.01,1,-999.0,0.75,1,1,100,200,-0.12017554144689846,-0.025298601475520432,-0.38402668374862226,-0.0890314083558954,355,276,79,0.034941720046203925,0.06135146487451433,0.04814659246035913,0.013204872414155203,0.0004370809488665195,0.05029863079662711,4.786865960055506e-05,-0.22176351376762632
12,60,0.005,1,0.2,0.75,1,1,100,200,-0.21360607995875414,-0.046954283914757644,-0.3047061740807673,-0.47147860602287056,402,317,85,0.01128845951905912,0.020634253911582485,0.015961356715320802,0.004672897196261682,-0.036360548040310525,-0.0022066696998520596,-1.9228775495421683e-05,-0.2228813012562848
12,60,0.005,1,0.0,0.75,1,1,100,200,-0.21964284961403102,-0.04842301734293497,-0.30605475053640996,-0.4309699787472895,477,380,97,0.014806258531975218,0.02709230284574189,0.020949280688858554,0.006143022156883335,-0.024514358256129243,0.01549472119505535,1.9434482151799504e-05,-0.22299889154850444
12,60,0.01,1,0.2,0.75,1,1,100,200,-0.21955033167879512,-0.048400439460317135,-0.2975311388141987,-0.5233324968992352,352,274,78,0.009372046623963038,0.018087787461934263,0.013729917042948651,0.004357870418985613,-0.08316007951905269,0.015094161151121055,-7.30329538674048e-05,-0.22333263371237824
30,96,0.01,1,0.2,0.75,1,1,100,200,-0.2191549693941025,-0.04830398019352389,-0.30141244316801585,-0.49552644585283767,381,295,86,0.009713325632678778,0.019426651265357555,0.014569988449018167,0.004856662816339389,-0.09639184277305379,0.045534810289164396,-4.5076629427487134e-05,-0.2237865240701737
30,120,0.01,1,0.2,0.75,1,1,100,200,-0.21012446625570913,-0.046111310435010155,-0.3102386166570148,-0.4665365053114702,389,297,92,0.009713325632678778,0.01979418250551297,0.014753754069095874,0.005040428436417096,-0.08108628099485926,0.04417989708564862,-2.3298708429450667e-05,-0.22455744402909106
20,96,0.0,1,0.2,0.75,1,1,100,200,-0.21258366011251928,-0.04670642501796429,-0.31569586119931825,-0.42943572192267915,485,373,112,0.012889845636879135,0.024965872099128424,0.01892785886800378,0.0060380132311246455,-0.023813555334640468,0.0280503841687747,3.293091151309681e-05,-0.22602614171375737
12,200,0.01,1,-999.0,0.75,1,1,100,200,-0.13220365278968005,-0.027980164064552393,-0.38585015949134127,-0.10378536077224895,366,283,83,0.03575553922083377,0.06447548041583534,0.050115509818334555,0.014359970597500788,-0.03167708991722118,0.07620096302638268,4.291509379075588e-05,-0.22609451184883547
30,96,0.0,1,0.2,0.75,1,1,100,200,-0.20611285255213263,-0.045143689712357715,-0.32152456069889,-0.406575044331851,496,382,114,0.013073611256956842,0.025254646644964823,0.01916412895096083,0.006090517694003991,-0.015655035335207734,0.03357837383513451,4.746866293340848e-05,-0.22623472227839528
12,200,0.0025,1,-999.0,999.0,1,1,100,200,0.32873875735685787,0.05853404398615525,-0.6073417343323517,0.3736971391394503,616,462,154,0.08293079911792503,0.17113829675522418,0.12703454793657462,0.044103748818649584,1.4776900566515678,-0.2702253434201757,0.00011664989204635582,-0.22645196622304808
20,120,0.0025,1,-0.2,0.75,1,1,100,200,-0.18491180633251147,-0.04009388845586892,-0.34677572624130126,-0.2610781638997807,602,468,134,0.02278693688963562,0.04284364170954531,0.03281528929959047,0.010028352409954847,0.009314485516559445,0.09127304221819399,8.588324199450311e-05,-0.22653565977150858
48,120,0.005,1,-999.0,0.75,1,1,100,200,-0.1185530546531145,-0.024939130341250393,-0.3959561116404253,-0.07302344728363716,415,323,92,0.03987713955686233,0.0717473485246246,0.05581224404074346,0.01593510448388113,0.06014956467090671,0.02321684032852822,5.514639043205478e-05,-0.22656835852564491
30,96,0.0025,1,0.2,0.75,1,1,100,200,-0.22095240066855626,-0.04874282729481161,-0.31049195629733095,-0.454085939577355,462,360,102,0.012364801008085687,0.02360075606426546,0.017982778536175574,0.0056179775280898875,-0.06378540755943352,0.048420976898054136,9.842443721636669e-06,-0.22669310242234483
30,200,0.0,1,-999.0,2.5,1,1,100,200,0.28642362934677945,0.0516997867340816,-0.5917822895061362,0.34904288771131026,702,523,179,0.08282579019216633,0.1725559172529665,0.12769085372256642,0.04486506353040008,1.497371743307749,-0.2682271365983414,0.00011579145010487365,-0.22673921363342098
12,96,0.01,1,0.2,0.75,1,1,100,200,-0.23619554637977835,-0.05249740641074507,-0.29238449594368676,-0.5646387889312409,368,284,84,0.009555812244040743,0.018849102173684764,0.014202457208862753,0.00464664496482201,-0.11828912132709124,0.041324666733774995,-8.81894077686165e-05,-0.2269215938291505
20,200,0.005,1,-999.0,999.0,1,1,100,200,0.3067951427278557,0.055012052718653504,-0.6003975623320953,0.3617153457136068,569,427,142,0.07930799117925023,0.1574346319437152,0.11837131156148273,0.03906332038223249,1.3468126480995468,-0.2598550658705773,0.00011900712363423093,-0.2271009611617138
48,120,0.0025,0,-999.0,0.75,1,1,100,200,0.3280731655885374,0.05842790191776892,-0.6095898061625766,0.3707148178961362,446,321,125,0.10361755749238685,0.1922450908327208,0.1479313241625538,0.04431376667016696,1.2536840765051456,-0.26345233862337436,9.337425425969226e-05,-0.2278312602687126
12,200,0.0,1,-0.2,0.75,1,1,100,200,-0.1717761655490504,-0.037017638924863205,-0.3604213314889313,-0.219933468970024,711,545,166,0.02577969127375827,0.049406699569463405,0.03759319542161084,0.011813504147852568,0.06049177046623999,0.11447600081951492,0.0001138940543508614,-0.22822497811783005
12,200,0.005,1,-999.0,999.0,1,1,100,200,0.2963261549443399,0.05331506817578102,-0.6001516959725336,0.355063148558695,563,425,138,0.07899296440197416,0.15669956946340438,0.11784626693268928,0.03885330253071511,1.3115210822080283,-0.25680822420232063,0.00011763177173074273,-0.229007622382551
20,60,0.01,1,0.2,0.75,1,1,100,200,-0.22943785436969533,-0.050825574186254996,-0.3016453576413777,-0.5553311127007098,350,274,76,0.009372046623963038,0.017877769610416885,0.01362490811718996,0.004252861493226925,-0.07592901195939095,-0.006602927478448928,-9.43228092467913e-05,-0.22941480864197933
12,96,0.005,1,0.2,0.75,1,1,100,200,-0.23606753598326435,-0.05246562730206117,-0.3018834587125825,-0.5271840703944521,415,325,90,0.011472225139136826,0.02134306416045364,0.016407644649795234,0.004935419510658406,-0.08366689005308403,0.025983150356549745,-4.552709970850662e-05,-0.229766560178075
30,60,0.0025,1,0.0,0.75,1,1,100,200,-0.23726775949848378,-0.05276375515295684,-0.3086367420317565,-0.46392651321966155,505,395,110,0.015226294235009976,0.02877244565788092,0.021999369946445448,0.006773075711435472,-0.014879784607899404,-0.003288076342852553,1.135838389413089e-05,-0.23027845182981815
20,60,0.005,1,0.2,0.75,1,1,100,200,-0.22710287680487296,-0.05025063388966122,-0.30904803891336896,-0.5117202566169096,395,314,81,0.011262207287619447,0.020292974902866745,0.015777591095243095,0.004515383807623648,-0.03281401920134397,-0.026342286964875505,-4.6724670454228575e-05,-0.2303606661771912
20,120,0.01,1,0.2,0.75,1,1,100,200,-0.22522943092475212,-0.04979033997886928,-0.311452064757305,-0.5096305604645315,390,297,93,0.009660821169799433,0.01979418250551297,0.0147275018376562,0.005066680667856768,-0.09629279362636378,0.041967018483783924,-4.830637022284607e-05,-0.23099790038074836
20,96,0.0025,1,0.2,0.75,1,1,100,200,-0.23281028472981535,-0.0516584307231458,-0.3095257298502443,-0.4939649084033649,449,350,99,0.012128530925128635,0.023154468129791033,0.017641499527459834,0.005512968602331198,-0.06738635810628801,0.029732695450028546,-1.559365783371192e-05,-0.23111954106843619
30,96,0.0025,1,-0.2,0.75,1,1,100,200,-0.194289546425511,-0.04231442166860766,-0.3507252414880938,-0.2831400594870306,585,456,129,0.022314396723721517,0.041688543526199724,0.03200147012496062,0.009687073401239105,-0.019476824721895936,0.10099168673976933,7.520107164888974e-05,-0.23183404538700608
30,120,0.0,1,-0.2,0.75,1,1,100,200,-0.17936458389541465,-0.03878997660577299,-0.36280849345030197,-0.24160114639117986,641,494,147,0.02391578284154153,0.04549511708495222,0.03470544996324688,0.010789667121705345,0.013922441324790702,0.11524866301711811,9.715709629478563e-05,-0.23227428065048297
30,96,0.01,1,0.0,0.75,1,1,100,200,-0.2477070523389665,-0.055372760540456034,-0.30314721894319696,-0.5143300216126968,446,350,96,0.01260107109104274,0.02520214218208548,0.01890160663656411,0.00630053554552137,-0.11817140186262709,0.06628844004407886,-3.4452819136639515e-05,-0.23266287109268935
48,200,0.005,1,-999.0,0.75,1,1,100,200,-0.13494549705596515,-0.028595591594931635,-0.40004921207926614,-0.09123480973573093,445,345,100,0.04363120865273548,0.0794392523364486,0.06153523049459204,0.01790402184185656,0.07580384503790194,0.004534985791389223,4.957221999465008e-05,-0.23318193812135124
30,200,0.0025,1,-999.0,2.5,1,1,100,200,0.2421046724571254,0.044346312161515966,-0.5876600211019914,0.3200952836531609,656,489,167,0.07634148902656726,0.16176625013126117,0.1190538695789142,0.04271238055234695,1.3330935479694945,-0.2608879940470048,0.00011325835573129115,-0.2334789342068217
20,200,0.005,1,-999.0,0.75,1,1,100,200,-0.1442148062708407,-0.03068777845103232,-0.39572630081057436,-0.10806200296447678,429,331,98,0.042082326997794815,0.07563267877769611,0.05885750288774546,0.016775175889950644,0.05958645990912226,0.0009395078647806976,4.4986025485453936e-05,-0.23395402900454335
48,60,0.01,1,-0.2,0.75,1,1,100,200,-0.20449719291252555,-0.044755089267061954,-0.34437467408188527,-0.3461085404246596,448,355,93,0.01782526514753754,0.03289404599390948,0.025359655570723512,0.007534390423185971,-0.1040018190886085,0.11081281422164646,2.4748931840154336e-05,-0.23424785332923756
30,120,0.0025,1,0.2,0.75,1,1,100,200,-0.2203262100695691,-0.048589849538795304,-0.3264458785586738,-0.44896815252526373,473,365,108,0.012574818859603066,0.024178305155938256,0.01837656200777066,0.005801743148167594,-0.056641572712112565,0.04706232349841377,1.6821647274847684e-05,-0.2342611964443954
20,96,0.0025,1,-0.2,0.75,1,1,100,200,-0.20683568768936011,-0.04531775175017305,-0.347812100069269,-0.3138279381249804,574,448,126,0.02213063110364381,0.040927228814449226,0.03152892995904652,0.00939829885540271,-0.02113816662379253,0.07973071847934099,6.240310626903215e-05,-0.23491519869105656
12,60,0.01,1,0.0,0.75,1,1,100,200,-0.24741899712365933,-0.05530038195731968,-0.3071146083355206,-0.5383305668876438,421,331,90,0.012312296545206342,0.023705764990024154,0.018009030767615248,0.005696734222408905,-0.08839953548258583,0.01903843457361587,-5.239868428991353e-05,-0.23577421446946217
48,60,0.0025,1,0.0,0.75,1,1,100,200,-0.24249490356291947,-0.054066536767010454,-0.317461046485207,-0.46758424446045654,516,403,113,0.015147537540690958,0.029376246980993385,0.022261892260842173,0.007114354720151213,-0.057303156248840414,0.0401345050160391,1.0805169232660047e-05,-0.2361762722326368
48,96,0.01,1,0.2,0.75,1,1,100,200,-0.22434900066173225,-0.04957433122126731,-0.3232592097340843,-0.5044962890137973,390,298,92,0.00973957786411845,0.019820434736952643,0.014780006300535546,0.005040428436417096,-0.08877012010006291,0.0345393329984407,-4.646447410818045e-05,-0.2364287505389993
20,120,0.005,1,0.2,0.75,1,1,100,200,-0.228189496242452,-0.050518018540504084,-0.3234037931311654,-0.48573709402958903,437,339,98,0.011655990759214533,0.022314396723721517,0.016985193741468025,0.005329202982253491,-0.05964821106273943,0.021262546807977012,-1.661766983518929e-05,-0.23650676980756624
30,96,0.01,1,-0.2,0.75,1,1,100,200,-0.2097341874227946,-0.04601700090332084,-0.34744524596990367,-0.3487836873827355,468,372,96,0.01848157093352935,0.034127900871574086,0.026304735902551717,0.007823164969022366,-0.11787766677846312,0.132125833348115,2.7526916368104584e-05,-0.23717880825740945
30,60,0.01,1,-0.2,0.75,1,1,100,200,-0.2157282796379274,-0.04746957949359276,-0.34290315440041985,-0.3799734304781291,435,344,91,0.017720256221778852,0.031896461199201934,0.02480835871049039,0.007088102488711541,-0.08916093445219309,0.07030506016171056,7.508169513037546e-06,-0.23791982821770913
12,96,0.01,1,-0.2,0.75,1,1,100,200,-0.22493326310953454,-0.049717654917917575,-0.3374371534145658,-0.39289449477241506,458,364,94,0.01848157093352935,0.0334453428541426,0.025963456893835977,0.007481885960306626,-0.11603375360408308,0.10250793738430652,7.826394893729418e-06,-0.23808095636382123
30,96,0.005,1,0.2,0.75,1,1,100,200,-0.23337000623870774,-0.051796942953618585,-0.32345044864755057,-0.5010549928749025,426,335,91,0.01162973852777486,0.021868108789247085,0.016748923658510974,0.005119185130736113,-0.07425423158318811,0.024759444580179313,-3.177198117946071e-05,-0.238574916921139
48,60,0.0025,1,0.2,0.75,1,1,100,200,-0.23754105243441492,-0.052831691815496074,-0.32045530658593724,-0.511233719866977,443,346,97,0.011760999684973223,0.022524414575238894,0.017142707130106058,0.005381707445132836,-0.06790638359654,0.020885925582039278,-2.717824233130144e-05,-0.23862103110181354
48,60,0.005,1,0.0,0.75,1,1,100,200,-0.24271076122843416,-0.054120490234530916,-0.3227345263851804,-0.4807766916003763,478,379,99,0.014543736217578495,0.027354825160138613,0.020949280688858554,0.006405544471280058,-0.06440461845739365,0.028006960176770512,-8.16837318243464e-06,-0.23952658800713994
20,120,0.0025,1,0.0,0.75,1,1,100,200,-0.24708349766467075,-0.0552161101608134,-0.3226213453887725,-0.4619129944248948,559,433,126,0.016118870103958835,0.03171269557912423,0.02391578284154153,0.007796912737582694,-0.041756231211485306,0.03916970294435651,2.4345209270232103e-05,-0.2396224325764444
20,200,0.01,1,-999.0,0.75,1,1,100,200,-0.1519932852427155,-0.032457501996614235,-0.4037253307930023,-0.13370777605865394,371,286,85,0.03593930484091148,0.06481675942455109,0.05037803213273128,0.014438727291819805,-0.026942420610807427,0.049161933565788685,3.451729169484335e-05,-0.2410055561960481
12,60,0.0025,1,0.0,0.75,1,1,100,200,-0.24433297408533017,-0.054526355241561575,-0.3258728754885821,-0.477274613051471,523,412,111,0.01580384332668277,0.029612517063950437,0.0227081801953166,0.006904336868633834,-0.06337545145550916,0.04800014825397669,1.118765786561622e-05,-0.2413265236384262
30,120,0.0,1,0.2,0.75,1,1,100,200,-0.2156493099472241,-0.04745038473724339,-0.345710633114542,-0.4277813702794813,509,389,120,0.01338863803423291,0.025937204662396303,0.019662921348314606,0.006274283314081697,-0.01986561534208431,0.03223895503071228,4.089399184276757e-05,-0.24169476980848845
48,60,0.005,1,-0.2,0.75,1,1,100,200,-0.20079537001275205,-0.04386709683729806,-0.3645350373551328,-0.3159437401724577,512,404,108,0.020555497217263467,0.03693688963561903,0.028746193426441247,0.00819069620917778,-0.04312663630726743,0.0789733482771422,5.0606454979057376e-05,-0.24193180252348734
48,200,0.0,1,-0.2,0.75,1,1,100,200,-0.1962224762816681,-0.04277468299403531,-0.3723091090549068,-0.26200249250151814,748,570,178,0.026619762679827786,0.05145437362175785,0.03903706815079282,0.012417305470965033,0.07157117172906746,0.09038932901126273,0.000104059107094122,-0.2420293621465646
20,96,0.0025,1,0.0,0.75,1,1,100,200,-0.25676572454857094,-0.0576602914424581,-0.31930355772152785,-0.4983457955472458,529,414,115,0.01572508663236375,0.030373831775700934,0.023049459204032344,0.007324372571668592,-0.06470542574392857,0.035325551613586414,1.106712787188317e-07,-0.24222936008058432
30,96,0.005,1,0.0,0.75,1,1,100,200,-0.24953972782988565,-0.055833770109166125,-0.32476941653011115,-0.4859602816721091,497,395,102,0.015068780846371942,0.028404914417725507,0.021736847632048723,0.006668066785676783,-0.08063986230614506,0.046625244003839716,-6.297585470898497e-06,-0.24251649245782717
20,200,0.0,1,-0.2,0.75,1,1,100,200,-0.19837489141100495,-0.043288250247793036,-0.3716466708104039,-0.27011690738388294,709,541,168,0.025622177885120234,0.049406699569463405,0.03751443872729182,0.011892260842171584,0.05084849866749863,0.08749457633960933,9.610024833122279e-05,-0.24261743102218913
48,60,0.0,1,0.2,0.75,1,1,100,200,-0.22882584583718468,-0.05067474503564906,-0.3363271640147999,-0.47720175216147787,476,367,109,0.012417305470965033,0.02412580069305891,0.01827155308201197,0.005854247611046939,-0.02780032137821331,0.006433139058475756,5.952719016660418e-06,-0.2426984146511229
30,200,0.0,1,-0.2,0.75,1,1,100,200,-0.19940978092942996,-0.043535568110911194,-0.3716979466838254,-0.2713371815037395,719,546,173,0.025753439042318596,0.04985298750393784,0.03780321327312822,0.012049774230809619,0.07044890658521674,0.07154952607172604,9.728566394592995e-05,-0.24295140052801087
30,200,0.0025,1,-999.0,999.0,1,1,100,200,0.27391440854064664,0.04964502747665511,-0.6193958980322234,0.3384587774276961,632,470,162,0.08453218523574504,0.1753124015541321,0.12992229339493858,0.04539010815919353,1.495151481250101,-0.2996506824236037,0.00010913513669419424,-0.2431299826680718
48,60,0.01,1,0.0,0.75,1,1,100,200,-0.2570275174974538,-0.05772673123241323,-0.3158726863770759,-0.5524778532171172,429,336,93,0.012128530925128635,0.02425706185025727,0.018192796387692955,0.006064265462564318,-0.12267682665639468,0.049524524790147684,-5.968065166606703e-05,-0.24328696708180703
48,96,0.0025,1,0.2,0.75,1,1,100,200,-0.23145145470715078,-0.05132250203781907,-0.3366440162407106,-0.4766573409249742,472,365,107,0.012574818859603066,0.024073296230179564,0.018324057544891317,0.005749238685288249,-0.06388004135411762,0.03958242732337891,8.339955731964372e-07,-0.24347737720442308
48,120,0.01,1,0.2,0.75,1,1,100,200,-0.23316284603529536,-0.05174566835139882,-0.33094912270844434,-0.5291646915522629,393,300,93,0.009765830095558122,0.019899191431271657,0.01483251076341489,0.005066680667856768,-0.09785484449286386,0.034634445159120064,-5.9339428900233873e-05,-0.24367846428323414
30,200,0.01,1,-999.0,0.75,1,1,100,200,-0.161552207100347,-0.034650174459782246,-0.4040856967946047,-0.14833634416998184,375,289,86,0.03570303475795442,0.06557807413630158,0.050640554447128006,0.014937519689173579,-0.030880692000065046,0.0436367395409436,3.045789399219225e-05,-0.2441098400655837
48,200,0.01,1,-999.0,0.75,1,1,100,200,-0.13902030027284074,-0.0295131005064303,-0.4189525438399653,-0.11115678311849969,379,294,85,0.036175574923868525,0.06694319017116455,0.05155938254751654,0.01538380762364801,-0.02237612231295827,0.06448733159034581,4.1356647046620895e-05,-0.24454721158233791
12,120,0.0,1,0.2,0.75,1,1,100,200,-0.22671617690427037,-0.05015555111323278,-0.3433166459395437,-0.46116713894356987,509,389,120,0.013309881339913893,0.02601596135671532,0.019662921348314606,0.006353040008400714,-0.0325109559612663,0.030975763966155867,2.5934936408463797e-05,-0.24487223103018313
30,120,0.005,1,0.2,0.75,1,1,100,200,-0.23153752128320582,-0.05134376523800355,-0.33805685250537343,-0.4922178764986959,435,338,97,0.011682242990654205,0.022288144492281843,0.016985193741468025,0.005302950750813819,-0.06664559979738394,0.023431454265340657,-2.2665775347729523e-05,-0.24498308531562507
30,200,0.005,1,-999.0,0.75,1,1,100,200,-0.1608833211440116,-0.034496093274093864,-0.40830228908999333,-0.1319479376967566,436,337,99,0.04229234484931219,0.07678777696104169,0.05954006090517694,0.01724771605586475,0.05412682416092185,-0.010013294232460002,3.895967277261324e-05,-0.24524463470392835
12,96,0.005,1,0.0,0.75,1,1,100,200,-0.2614037977448195,-0.0588401591454073,-0.3199051548798252,-0.5294524604454162,490,390,100,0.015068780846371942,0.028037383177570093,0.02155308201197102,0.006484301165599076,-0.0828177986905162,0.0289166840388575,-2.5764818633121248e-05,-0.24526535960759072
30,60,0.01,1,0.2,0.75,1,1,100,200,-0.2550618196924279,-0.05722831841104392,-0.3149261511885252,-0.6311088772064193,354,276,78,0.00929328992964402,0.018061535230494592,0.013677412580069307,0.004384122650425286,-0.10508927736375884,-0.0063581626103784705,-0.0001393768609111944,-0.24624683786562748
30,96,0.0025,1,0.0,0.75,1,1,100,200,-0.2579030339984887,-0.05794906253033727,-0.327287052317776,-0.49429141066785703,541,422,119,0.01583009555812244,0.030793867478735693,0.023311981518429066,0.007481885960306626,-0.0789501015394064,0.056047695827014854,4.538462010584602e-06,-0.24630715922261812
12,120,0.0,1,0.0,0.75,1,1,100,200,-0.24344352782425505,-0.05430373651998033,-0.3396971282128318,-0.4434291241947685,598,463,135,0.01703769820434737,0.03389163078861703,0.0254646644964822,0.008426966292134831,-0.04212586121852491,0.06517122879036563,4.250098877609574e-05,-0.24632375683613467
12,120,0.0025,1,0.2,0.75,1,1,100,200,-0.2437756870665474,-0.05438684786078829,-0.3349294729560608,-0.5181420979888829,469,362,107,0.012417305470965033,0.023968287304420875,0.018192796387692955,0.005775490916727922,-0.07441482867804183,0.03300345195198173,-1.934921764598662e-05,-0.24775868923826283
48,96,0.0,1,0.2,0.75,1,1,100,200,-0.22367759454395442,-0.04940973716135555,-0.3529803309631975,-0.44700217053546126,508,389,119,0.013362385802793237,0.025753439042318596,0.019557912422555918,0.00619552661976268,-0.020937761284439138,0.022280802374742725,3.032961641203538e-05,-0.24825001116972734
20,120,0.005,1,0.0,0.75,1,1,100,200,-0.2537804979357643,-0.05690399872803942,-0.3336436301391068,-0.49195311625200744,514,405,109,0.015226294235009976,0.029139976898036334,0.022183135566523154,0.006956841331513179,-0.061554456692996196,0.028250935517590836,-3.1381997491105727e-06,-0.2483234696101932
12,96,0.005,1,-0.2,0.75,1,1,100,200,-0.2245465300024495,-0.049622776895791754,-0.36134577851040084,-0.3678020395259432,529,421,108,0.021369316391893312,0.03775070881024887,0.029560012601071092,0.00819069620917778,-0.07669506611961185,0.0942340002828097,3.441749480122993e-05,-0.24868576812728932
12,96,0.0025,1,0.0,0.75,1,1,100,200,-0.2700589002931092,-0.06105784909327616,-0.32206671705424705,-0.5357662103267935,535,420,115,0.01604011340963982,0.030531345164338967,0.023285729286989396,0.0072456158773495745,-0.08415850461978647,0.04152650798316948,-1.3114625115491936e-05,-0.24887951813673936
20,96,0.01,1,0.2,0.75,1,1,100,200,-0.25527193795133074,-0.05728154473105396,-0.3232455741542345,-0.6116065339323656,370,286,84,0.009477055549721726,0.01903286779376247,0.014254961671742098,0.004777906122020371,-0.12500463322865418,0.024133417397453005,-0.00011991562049731715,-0.24948465850478949
48,96,0.0,1,0.0,0.75,1,1,100,200,-0.24722068201644365,-0.055250564921945466,-0.34460123780509533,-0.4488152898912571,593,456,137,0.016880184815709336,0.03347159508558228,0.025175889950645805,0.00829570513493647,-0.039599813928126726,0.054425644690207164,3.749835201583316e-05,-0.249991948319056
30,60,0.01,1,0.0,0.75,1,1,100,200,-0.2689876898454594,-0.06078223689759721,-0.3193771000947083,-0.6001495410494454,418,328,90,0.012154783156568308,0.023548251601386117,0.01785151737897721,0.005696734222408905,-0.10130384561359929,0.0025407939775186072,-8.69266518108248e-05,-0.2504782639974236
48,60,0.01,1,0.2,0.75,1,1,100,200,-0.2530460201527899,-0.05671829336758172,-0.32706044388518607,-0.6088150031169139,367,285,82,0.00929328992964402,0.018691588785046728,0.013992439357345374,0.004699149427701355,-0.11937809238918862,0.01910123411811604,-0.00012037119761906107,-0.25068926546602044
48,200,0.01,1,-999.0,999.0,1,1,100,200,0.20036470008610618,0.03722627050448457,-0.6067638803568773,0.2906904060204117,503,382,121,0.06875459414050195,0.14105323952535967,0.1049039168329308,0.036149322692428855,0.8723718271524801,-0.1755325865971188,0.0001094760502914335,-0.2516211493729335
30,60,0.005,1,0.2,0.75,1,1,100,200,-0.2588875901789307,-0.05819933446263936,-0.32770628677337954,-0.600859084516391,400,317,83,0.011262207287619447,0.020555497217263467,0.015908852252441458,0.00464664496482201,-0.07049570278886819,-0.02610238571262924,-9.631687768340334e-05,-0.2520954320751487
30,60,0.005,1,0.0,0.75,1,1,100,200,-0.2610815855222668,-0.05875800113270724,-0.33271132267824177,-0.5402542177602899,471,375,96,0.0147275018376562,0.026856032762784837,0.020791767300220518,0.006064265462564318,-0.049658138479083624,-0.015946845417224353,-3.680447322141717e-05,-0.2521263733598426
30,200,0.0025,1,0.2,0.75,1,1,100,200,-0.2462830399369258,-0.05501516995443201,-0.3440200744115748,-0.5068075731153643,509,391,118,0.013309881339913893,0.02554342119080122,0.019426651265357555,0.006116769925443663,-0.05834429523748674,0.03245642888299871,6.383140097585761e-07,-0.2523655858159876
48,96,0.01,1,-0.2,0.75,1,1,100,200,-0.2275592944171443,-0.05036290801074583,-0.3656177310130667,-0.38390673760159166,479,376,103,0.01856032762784837,0.034889215583324584,0.026724771605586475,0.008164443977738108,-0.11997286662872964,0.11534347175364634,1.4447334496720049e-05,-0.25236711039735876
20,200,0.01,1,-999.0,999.0,1,1,100,200,0.22523592230795986,0.0414922177274597,-0.6194786469889286,0.30932236988211353,493,372,121,0.06702194686548357,0.135015226294235,0.10101858657985929,0.03399663971437572,1.0412380021513954,-0.23192003253087567,0.0001161691877237338,-0.25278098727289894
48,60,0.005,1,0.2,0.75,1,1,100,200,-0.25276856102679646,-0.05664817861131244,-0.33595859993768507,-0.5694478763956444,411,324,87,0.01118345059330043,0.021054289614617243,0.016118870103958835,0.004935419510658406,-0.07925948836770524,-0.003246614667057446,-7.571034859530227e-05,-0.2530998723999372
20,200,0.01,1,-999.0,2.5,1,1,100,200,0.17061356577674425,0.03202943040896811,-0.5990429059973192,0.2699459143483251,511,386,125,0.06064265462564318,0.12427806363540901,0.0924603591305261,0.031817704504882915,0.8787868909821297,-0.1955000502134273,0.00011501862082878305,-0.25399472687227526
48,96,0.01,1,0.0,0.75,1,1,100,200,-0.2693105466325536,-0.060865270830288365,-0.3300117886010321,-0.5648787097054968,458,355,103,0.012653575553922084,0.02577969127375827,0.019216633413840178,0.006563057859918093,-0.11563718980058413,0.03891657668683779,-5.6554663671887995e-05,-0.2541151006160792
30,200,0.01,1,0.2,0.75,1,1,100,200,-0.24929046521724174,-0.05577101521914907,-0.3395577550728326,-0.5740708063934775,405,307,98,0.009949595715635829,0.02034547936574609,0.015147537540690958,0.0051979418250551294,-0.10395250358549024,0.02590589945094446,-7.756962868849028e-05,-0.25425343307523923
20,120,0.01,1,0.0,0.75,1,1,100,200,-0.27096780796243203,-0.061291956159590266,-0.3288588557525779,-0.5706550389042178,460,357,103,0.012627323322482412,0.025753439042318596,0.019190381182400504,0.006563057859918093,-0.11369762780988546,0.03532691746786676,-5.8019120658257414e-05,-0.2542541359810901
20,96,0.005,1,0.0,0.75,1,1,100,200,-0.2668961888764968,-0.060245043505845364,-0.3343338046469544,-0.5391360961710352,490,389,101,0.014990024152052925,0.028168644334768456,0.02157933424341069,0.006589310091357765,-0.08313417316521887,0.021617793886399506,-3.218382185699911e-05,-0.25436875063787434
48,96,0.0025,1,-0.2,0.75,1,1,100,200,-0.22250296181670548,-0.04912205161057126,-0.37685317747929414,-0.33703022158496154,598,461,137,0.022603171269557912,0.04260737162658826,0.032605271448073084,0.010002100178515173,-0.027447206623869125,0.07813236152394332,5.611525845912817e-05,-0.2544001514294664
12,96,0.01,1,0.0,0.75,1,1,100,200,-0.2823885255064186,-0.0642536673903279,-0.3187345135273282,-0.6251898427868715,437,343,94,0.012574818859603066,0.024703349784731703,0.018639084322167383,0.006064265462564318,-0.13317155984297668,0.03008555745993613,-9.138129525423252e-05,-0.2548804162933356
20,96,0.005,1,0.2,0.75,1,1,100,200,-0.2590966293358986,-0.05825250596172982,-0.33587050989651335,-0.5840574799640023,416,327,89,0.011445972907697154,0.021526829780531345,0.01648640134411425,0.005040428436417096,-0.09118090455109462,0.003783309422244807,-8.105324363385121e-05,-0.2553906349081866
48,200,0.01,1,-999.0,2.5,1,1,100,200,0.14016531903823726,0.026600258205720317,-0.5885518273675303,0.24542329874639895,522,397,125,0.06250656305785991,0.13039483356085269,0.09645069830935629,0.03394413525149638,0.7250623018667011,-0.14189141066381417,0.00010668372549153625,-0.2554044905407249
20,200,0.01,1,0.2,0.75,1,1,100,200,-0.2509479973295139,-0.056188632572765185,-0.34101598116234755,-0.5790092236328884,403,307,96,0.0099758479470755,0.02026672267142707,0.015121285309251286,0.005145437362175785,-0.10638205702260706,0.025397636478479813,-8.203927895985981e-05,-0.25564708433558336
48,96,0.005,1,0.2,0.75,1,1,100,200,-0.2444366987150688,-0.05455233003165372,-0.3497435600445348,-0.5256016920661027,436,339,97,0.011708495222093877,0.022261892260842173,0.016985193741468025,0.005276698519374147,-0.07134728976258142,0.011852942478885575,-4.188470798176404e-05,-0.25570419465722627
48,200,0.0025,1,0.2,0.75,1,1,100,200,-0.25103567348167755,-0.056210743268222285,-0.34830985714469265,-0.5136131982567362,522,401,121,0.013677412580069307,0.02612097028247401,0.019899191431271657,0.006221778851202352,-0.06836574790186278,0.04374616372413631,1.3382589936514018e-06,-0.2560463317534054
48,200,0.0025,0,-999.0,0.75,1,1,100,200,0.2533822455579693,0.04623716644285536,-0.6371661088041218,0.3231498680972796,482,343,139,0.11067940774965872,0.2082852042423606,0.15948230599600965,0.04880289824635094,1.1357481475319586,-0.25316502997151147,8.272606107846572e-05,-0.25618839455434156
48,200,0.005,0,-999.0,0.75,1,1,100,200,0.20837326531436973,0.03860756613538263,-0.6205831509317512,0.29480188000337726,435,318,117,0.10238370261472225,0.19059120025202142,0.14648745143337183,0.044103748818649584,0.9413854477699377,-0.22630104427764053,8.05504122330369e-05,-0.2569439153303241
30,200,0.0,1,0.2,0.75,1,1,100,200,-0.2390051707130446,-0.053195982439646294,-0.36046549099611436,-0.47655938841787093,557,426,131,0.014569988449018167,0.028011130946130423,0.021290559697574294,0.006720571248556127,-0.017751827545328558,0.023627011375474183,3.3093160117895223e-05,-0.257256697358597
30,96,0.005,1,-0.2,0.75,1,1,100,200,-0.22324591406698346,-0.049303971559439885,-0.38120481766267766,-0.35516676564121286,535,424,111,0.021290559697574294,0.03830200567048199,0.029796282684028143,0.00850572298645385,-0.07889572926954813,0.10198980719081563,3.820588838259266e-05,-0.25766471867283935
12,120,0.0025,1,-0.2,0.75,1,1,100,200,-0.22579877079419852,-0.04993012896390836,-0.38067362538685756,-0.34803652881855646,601,469,132,0.022734432426756275,0.0424761104693899,0.032605271448073084,0.009870839021316812,-0.0337734038712767,0.08221362651078579,5.41391101048737e-05,-0.25766876809826494
20,96,0.01,1,0.0,0.75,1,1,100,200,-0.2828346370083571,-0.06437011954748817,-0.32860990134590085,-0.620205419982499,437,342,95,0.012417305470965033,0.02480835871049039,0.018612832090727713,0.00619552661976268,-0.13249988483707653,0.028648129400736133,-9.115743681426427e-05,-0.25968534121956355
48,200,0.01,1,0.2,0.75,1,1,100,200,-0.2577262554261186,-0.057904153948883375,-0.3444036445991868,-0.5940465036622444,409,309,100,0.0099758479470755,0.020529244985823796,0.015252546466449649,0.005276698519374147,-0.12350595881821713,0.03908377497943949,-8.834991920130913e-05,-0.259808301431589
12,200,0.01,1,0.2,0.75,1,1,100,200,-0.2564995428366015,-0.05759275702837563,-0.3453210611508475,-0.5954197012975585,403,307,96,0.0099758479470755,0.02026672267142707,0.015121285309251286,0.005145437362175785,-0.11300504268809197,0.025397636478479813,-9.16882171146402e-05,-0.2600242726686773
30,120,0.01,1,0.0,0.75,1,1,100,200,-0.27614975459523916,-0.06263114623183297,-0.33633533221868195,-0.5845635993339621,461,358,103,0.012679827785361756,0.02580594350519794,0.019242885645279848,0.006563057859918093,-0.12196599251418061,0.038167195108234964,-6.462491697683403e-05,-0.2600269923078721
30,60,0.005,1,-0.2,0.75,1,1,100,200,-0.23086460446611679,-0.05117756834660803,-0.3791485661641898,-0.3901898891959813,501,396,105,0.02058174944870314,0.03607056599810984,0.02832615772340649,0.00774440827470335,-0.053381211171078746,0.043868163043975894,1.8967688739682755e-05,-0.26026134588850197
20,96,0.01,1,-0.2,0.75,1,1,100,200,-0.24799787078141333,-0.05544585592046147,-0.3660782351017595,-0.4425457476984827,461,365,96,0.0182453008505723,0.03352409954846162,0.02588470019951696,0.00763939934894466,-0.13442333116446403,0.0940657968763845,-1.4226284566720774e-05,-0.2606122608562654
12,120,0.01,1,0.2,0.75,1,1,100,200,-0.25991432478467735,-0.05846061148836912,-0.3428148779346133,-0.6186076226588901,380,290,90,0.009555812244040743,0.0194791557282369,0.014517483986138821,0.004961671742098078,-0.1252585773124678,0.02314902096025251,-0.00011825452972816851,-0.26079843158862026
30,120,0.0,1,0.0,0.75,1,1,100,200,-0.2611544185637459,-0.05877656967155043,-0.356783365339718,-0.48304031758948995,600,462,138,0.0170114459729077,0.03376036963141867,0.025385907802163182,0.008374461829255487,-0.05378396492963777,0.054106046202275104,2.5324787121767257e-05,-0.26132026822088394
20,120,0.01,1,-0.2,0.75,1,1,100,200,-0.23991482643451256,-0.05342259841115038,-0.37495430790527307,-0.4128194186504583,481,380,101,0.018639084322167383,0.03486296335188491,0.02675102383702615,0.008111939514858764,-0.1268431696155884,0.10724556399065888,2.9831175562567654e-06,-0.26154072329630984
12,120,0.005,1,0.2,0.75,1,1,100,200,-0.2604803882141987,-0.05860478379170153,-0.35224133803632374,-0.5817784651323386,428,332,96,0.011498477370576498,0.021999369946445448,0.016748923658510974,0.005250446287934475,-0.09130321398585228,0.00807528078789943,-7.383164218449287e-05,-0.26381437606648034
20,200,0.0025,1,0.2,0.75,1,1,100,200,-0.2611520266467656,-0.05877595983711392,-0.35773869497083455,-0.5495761721428158,509,392,117,0.01328362910847422,0.0254646644964822,0.01937414680247821,0.006090517694003991,-0.08127927016371495,0.037354409672812006,-2.0164329405187326e-05,-0.265124115929672
48,96,0.005,1,0.0,0.75,1,1,100,200,-0.2735049308022127,-0.06194667974096468,-0.35295074040560137,-0.5404032273973985,508,399,109,0.015121285309251286,0.028929959046518954,0.02202562217788512,0.006904336868633834,-0.07957815640581034,0.017616498376386458,-2.9998991775249874e-05,-0.2654422113136353
48,120,0.0025,1,0.2,0.75,1,1,100,200,-0.25866716921311483,-0.05814328086234999,-0.3601346690828633,-0.5483450515084706,480,370,110,0.012679827785361756,0.02433581854457629,0.01850782316496902,0.0058279953796072665,-0.08194811417948289,0.02660351933993499,-3.3627340580447154e-05,-0.2656278679792052
30,120,0.0025,1,-0.2,0.75,1,1,100,200,-0.23855833714744834,-0.053084745361993035,-0.38976947755197333,-0.3713625585022401,603,467,136,0.022839441352514964,0.042896146172424654,0.03286779376246981,0.010028352409954847,-0.04571753051745564,0.07877835066542782,4.444378148277077e-05,-0.2665376120630917
20,120,0.005,1,-0.2,0.75,1,1,100,200,-0.23343005807101558,-0.051811808564796724,-0.3926719293840981,-0.3738873849150645,551,435,116,0.02157933424341069,0.039220833770870524,0.03040008400714061,0.008820749763729917,-0.07402788516004888,0.09051571778093614,3.419786930318055e-05,-0.266842142502599
30,120,0.01,1,-0.2,0.75,1,1,100,200,-0.2467451188447698,-0.055131145535825765,-0.3814233993994589,-0.4283051455810753,482,379,103,0.018691588785046728,0.03502047674052294,0.026856032762784837,0.008164443977738108,-0.1358478460876189,0.10928434242907503,-3.394655396129314e-06,-0.26725810251460896
12,200,0.0025,1,0.2,0.75,1,1,100,200,-0.26239272939076197,-0.05909249712954734,-0.36134389602821515,-0.5531214629755674,510,393,117,0.01328362910847422,0.0254646644964822,0.01937414680247821,0.006090517694003991,-0.08236320395773111,0.037354409672812006,-2.1396917281516938e-05,-0.2674205182924333
12,200,0.01,1,-999.0,999.0,1,1,100,200,0.17553102392168474,0.032895630370103346,-0.628280491450993,0.27284908867085567,487,370,117,0.06647065000525045,0.1339913892680878,0.10023101963666911,0.03376036963141867,0.9434001156453309,-0.22829906960352042,0.00010822899093472831,-0.26760216092185035
12,200,0.0,1,0.2,0.75,1,1,100,200,-0.25118782646938975,-0.056249119031379635,-0.37394168058843014,-0.510125461173077,558,427,131,0.014517483986138821,0.027958626483251075,0.02123805523469495,0.006720571248556127,-0.039819876118587616,0.030905002609842525,1.8300907972093383e-05,-0.26872623238424853
12,200,0.01,1,-999.0,2.5,1,1,100,200,0.122807747191646,0.023453159995893813,-0.608427938429621,0.23096312447168352,505,384,121,0.06011760999684973,0.12328047884070147,0.09169904441877559,0.03158143442192586,0.7882308145118972,-0.19170739239573364,0.0001062943707884592,-0.2692126529953325
48,200,0.0,1,0.2,0.75,1,1,100,200,-0.2549875115493243,-0.05720949784266094,-0.37404431393450366,-0.5129397724964994,570,436,134,0.014937519689173579,0.028588680037803214,0.021763099863488396,0.006825580174314816,-0.04257770368270264,0.0348201980430789,1.9358889242254295e-05,-0.2698786434347377
48,96,0.0025,1,0.0,0.75,1,1,100,200,-0.28255400551819876,-0.06429685724215772,-0.3562183091289366,-0.5501222322220184,553,428,125,0.01606636564107949,0.0314501732647275,0.023758269452903498,0.007691903811824005,-0.08251822921072671,0.03110816522326343,-1.8155956723983925e-05,-0.26991212341772697
48,120,0.0,1,-0.2,0.75,1,1,100,200,-0.23188735116924053,-0.05143021216217614,-0.403543205260256,-0.34354590839744015,658,503,155,0.024047043998739893,0.046308936259582066,0.03517799012916098,0.011130946130421086,-0.0008546004981258015,0.0683531651750724,6.310288702595308e-05,-0.27037911021217614
20,200,0.0,1,0.2,0.75,1,1,100,200,-0.25544984051074904,-0.057326619689747726,-0.3750422637012969,-0.5216215110851291,557,426,131,0.014491231754699149,0.02787986978893206,0.021185550771815605,0.006694319017116455,-0.048907151747350275,0.034313768743724715,1.2483049351074172e-05,-0.2709288270946526
48,120,0.0,1,0.2,0.75,1,1,100,200,-0.25378624847481435,-0.056905453271023254,-0.37807414657971916,-0.5243774317167393,517,395,122,0.013519899191431272,0.02612097028247401,0.019820434736952643,0.00630053554552137,-0.04512617943282993,0.012069788256412028,-5.1941743609275285e-06,-0.2721613981467198
30,200,0.005,1,-999.0,2.5,1,1,100,200,0.12378950227262053,0.023632196367898928,-0.6150331824230721,0.23286454265162843,606,455,151,0.07245615877349575,0.14816759424551088,0.1103118765095033,0.03785571773600756,1.0401724202969511,-0.25416590062248345,0.0001003044195064292,-0.2722411677110557
48,200,0.0025,1,-0.2,0.75,1,1,100,200,-0.24958724227217077,-0.05584573433894513,-0.39514991580864045,-0.3794605374187285,697,531,166,0.02478210647905072,0.047674052294445025,0.03622807938674787,0.011445972907697154,0.016040915658253496,0.046594598758081585,5.92865697938987e-05,-0.2723937191142018
12,120,0.0025,1,0.0,0.75,1,1,100,200,-0.2887634661115084,-0.06592329930047514,-0.36022486103508455,-0.5722405986322845,553,431,122,0.01606636564107949,0.0314501732647275,0.023758269452903498,0.007691903811824005,-0.08619353524526552,0.02629517120068159,-2.589972579302559e-05,-0.2746477597496316
30,120,0.005,1,0.0,0.75,1,1,100,200,-0.2844623480675478,-0.06479550635350217,-0.362760315504044,-0.5698121955186175,513,404,109,0.015200042003570304,0.029061220203717316,0.02213063110364381,0.006930589100073506,-0.0924447395850434,0.019022576904256683,-4.1402201503913606e-05,-0.27466627388145504
12,200,0.0025,1,-0.2,0.75,1,1,100,200,-0.24792909016334908,-0.05542856630509296,-0.4005642993330325,-0.382898825156605,664,510,154,0.02399453953586055,0.045731387167909275,0.03486296335188491,0.010868423816024361,-0.016536947216507558,0.06591498603442081,5.2910136987181676e-05,-0.27485565722943944
48,120,0.005,1,0.2,0.75,1,1,100,200,-0.2688634120883172,-0.060750282337474704,-0.3707657929281185,-0.5922325100512965,442,343,99,0.011787251916412896,0.02244565788091988,0.017116454898666388,0.005329202982253491,-0.08786070274896418,-0.00013714573228240656,-7.633483645221067e-05,-0.27574480430409876
20,96,0.005,1,-0.2,0.75,1,1,100,200,-0.2555359277889343,-0.05734843461345729,-0.3953801521272773,-0.433651576940522,530,419,111,0.02113304630893626,0.03782946550456789,0.029481255906752074,0.008348209597815815,-0.09940580926200226,0.0775350893980069,6.769121873378265e-06,-0.27672108952412205
12,120,0.005,1,0.0,0.75,1,1,100,200,-0.28720217987709473,-0.06551328648796317,-0.3643135706557965,-0.584053456609313,505,399,106,0.015068780846371942,0.028824950120760265,0.021946865483566103,0.006878084637194162,-0.096384220568564,0.01547523701213005,-4.9456388445197675e-05,-0.27687274464632705
12,200,0.01,1,-0.2,0.75,1,1,100,200,-0.26051923115945297,-0.0586146800477384,-0.3920503432359127,-0.4551662398302612,506,392,114,0.019111624488081486,0.03628058384962722,0.027696104168854353,0.008584479680772866,-0.11839227105074568,0.08032761457237592,-7.449200604363501e-06,-0.2773981636572078
30,120,0.0025,1,0.0,0.75,1,1,100,200,-0.29199434555071246,-0.06677405923194657,-0.36473960394645055,-0.5752224441501769,559,433,126,0.01614512233539851,0.03163393888480521,0.023889530610101857,0.00774440827470335,-0.08929807125223976,0.028196530229589234,-2.660745188667052e-05,-0.27790498341268066
48,120,0.01,1,0.0,0.75,1,1,100,200,-0.29853818936363397,-0.06850675239139792,-0.35681137628709814,-0.6445212617015393,466,360,106,0.012679827785361756,0.02601596135671532,0.019347894571038537,0.006668066785676783,-0.13924955980566966,0.028827818901187907,-9.308839092746099e-05,-0.27913850362002396
48,96,0.005,1,-0.2,0.75,1,1,100,200,-0.24997883904969354,-0.05594436225855104,-0.4057365572781575,-0.4086438859134526,547,428,119,0.021369316391893312,0.03906332038223249,0.0302163183870629,0.00884700199516959,-0.08287767952221103,0.0751164305007368,1.8490548642038238e-05,-0.2792448351933024
12,120,0.01,1,-0.2,0.75,1,1,100,200,-0.2609946442242381,-0.05873583765801016,-0.394688886567515,-0.4659321054796497,474,374,100,0.01850782316496902,0.03446917988028982,0.026488501522629423,0.007980678357660401,-0.14271595796681458,0.0926381976711157,-2.144971799064835e-05,-0.27937688621575013
30,200,0.0025,1,-0.2,0.75,1,1,100,200,-0.2609231790921046,-0.058717621000263565,-0.4013329589729815,-0.40802075014308875,672,511,161,0.02402079176730022,0.04623017956526305,0.03512548566628163,0.011104693898981414,0.004591706393916484,0.0295784230209879,4.496374112772126e-05,-0.27978513799390875
48,200,0.0,1,0.0,0.75,1,1,100,200,-0.28764245983984416,-0.06562883659573815,-0.3756669325617442,-0.5293321486370784,684,522,162,0.018980363330883127,0.037776961041688546,0.028378662186285833,0.00939829885540271,-0.05458852225429245,0.06082320808465225,2.7927673886072472e-05,-0.2799289103084642
20,200,0.0025,1,-0.2,0.75,1,1,100,200,-0.26057504380385155,-0.05862890050635239,-0.4017753820064287,-0.4086429412148351,663,507,156,0.02391578284154153,0.045862648325107634,0.034889215583324584,0.010973432741783052,-0.006304230000824584,0.03668135591403776,4.289032648608386e-05,-0.2799487385703085
30,200,0.0,1,0.0,0.75,1,1,100,200,-0.2905693758207235,-0.06639845214477458,-0.37481544950473644,-0.5427929290211037,664,507,157,0.01848157093352935,0.036805628478420664,0.02764359970597501,0.009162028772445659,-0.04918802663511945,0.04000904462310517,1.8104304567397935e-05,-0.28094582334819795
30,200,0.005,1,-999.0,999.0,1,1,100,200,0.15058909338599413,0.028471818233150037,-0.6449622576556361,0.2545624468691016,585,439,146,0.08054184605691483,0.16103118765095034,0.12078651685393259,0.04024467079701775,1.1691948298334731,-0.28930281270984526,9.727412341626326e-05,-0.2812811882512129
30,200,0.005,1,0.2,0.75,1,1,100,200,-0.2794128691328135,-0.06347838509270398,-0.3746729385816121,-0.6161979459726703,465,359,106,0.012338548776646014,0.023416990444187755,0.017877769610416885,0.00553922083377087,-0.08158647927958995,-0.009973198375618386,-7.606623703075951e-05,-0.28162475168214357
20,200,0.0,1,0.0,0.75,1,1,100,200,-0.29282861150949124,-0.06699424371698037,-0.3775601401977027,-0.5497897769415594,658,505,153,0.018455318702089676,0.036569358395463616,0.027512338548776646,0.009057019846686968,-0.06748624834670724,0.053872454609886766,1.367548290228909e-05,-0.2832638026629097
12,200,0.0,1,0.0,0.75,1,1,100,200,-0.287351415877503,-0.06555244661506021,-0.38254927405845274,-0.5355380619760456,659,507,152,0.018455318702089676,0.036569358395463616,0.027512338548776646,0.009057019846686968,-0.05769587046185831,0.05152632802101964,1.9617861947711708e-05,-0.28360398674308884
30,200,0.01,1,-999.0,999.0,1,1,100,200,0.13596642133650727,0.025842489302356997,-0.6446948797544947,0.24274333227928202,499,377,122,0.06728446917988029,0.1374829360495642,0.10238370261472225,0.03509923343484196,0.9000848352144175,-0.2326807854249593,0.00010049275478405835,-0.28436778396092627
48,200,0.01,1,0.0,0.75,1,1,100,200,-0.3092585211656358,-0.07137345130848982,-0.3611749364965152,-0.6645042816863918,489,372,117,0.012916097868318807,0.02709230284574189,0.020004200357030346,0.007088102488711541,-0.13823459127165827,0.02361828342201422,-9.239944076587014e-05,-0.28518613364106704
48,200,0.005,1,0.2,0.75,1,1,100,200,-0.2840611252479853,-0.06469057876187911,-0.37885295321262236,-0.6249247702062993,471,363,108,0.012417305470965033,0.023653260527144806,0.01803528299905492,0.0056179775280898875,-0.09637573429511603,0.002743806145615979,-7.878274294678118e-05,-0.28536329387850523
20,200,0.01,1,0.0,0.75,1,1,100,200,-0.3109328169850466,-0.07182437860042268,-0.3595963372438774,-0.6750117952994783,479,370,109,0.013021106794077496,0.02667226714270713,0.019846686968392313,0.006825580174314816,-0.12998883272838446,0.006413098135137574,-0.00010159417776278477,-0.2853731369873353
20,200,0.01,1,-0.2,0.75,1,1,100,200,-0.2755943980212958,-0.06248725714749792,-0.3978989836899406,-0.4880478419814387,509,393,116,0.019085372256641815,0.03646434946970493,0.027774860863173368,0.008689488606531555,-0.11067768530918753,0.050698705787877385,-2.0915988546387098e-05,-0.2858391410915401
12,120,0.01,1,0.0,0.75,1,1,100,200,-0.30680766906696755,-0.07071495306435716,-0.36268003154797523,-0.678118385074362,451,351,100,0.012548566628163393,0.0254646644964822,0.019006615562322797,0.0064580489341594036,-0.1456236453936326,0.01662884063496728,-0.00011581811261828,-0.2859608880920629
12,200,0.01,1,0.0,0.75,1,1,100,200,-0.3076247351209177,-0.07093427625025195,-0.36351678106592844,-0.6663610660166959,478,370,108,0.013021106794077496,0.026619762679827786,0.019820434736952643,0.006799327942875144,-0.12718571342826868,0.007492998860057165,-9.762316722906809e-05,-0.286010720084051
30,200,0.01,1,-999.0,2.5,1,1,100,200,0.08462639903372748,0.01639113164532291,-0.6258539360814817,0.19895284127023458,517,391,126,0.060931429171479576,0.12677202562217788,0.09385172739682873,0.03292029822534916,0.7477435708732063,-0.19629687566261522,9.788357462723773e-05,-0.2865881943319062
48,120,0.0,1,0.0,0.75,1,1,100,200,-0.29506373632283656,-0.06758517698593958,-0.3862552495758045,-0.5651400177262331,609,466,143,0.017142707130106058,0.03415415310301376,0.025648430116559907,0.00850572298645385,-0.07439734361572292,0.03276378720422235,-7.402246132616657e-06,-0.2889698026601535
12,200,0.005,1,0.2,0.75,1,1,100,200,-0.28615161868790895,-0.06523780042262195,-0.38440607610162136,-0.6394247976117566,462,357,105,0.012181035388007981,0.023206972592670377,0.01769400399033918,0.005512968602331198,-0.09582870152969214,-0.0052765040453761625,-8.940013050576912e-05,-0.28941207835402044
48,200,0.0025,1,0.0,0.75,1,1,100,200,-0.3102052215307527,-0.0716283124593764,-0.3769115764757104,-0.601853364578027,629,481,148,0.017562742833140816,0.034784206657565896,0.026173474745353354,0.008610731912212538,-0.08379369926177549,0.031208302180047998,-1.5929450607417393e-05,-0.2901767689261329
12,120,0.005,1,-0.2,0.75,1,1,100,200,-0.2623985336079384,-0.059093978945000014,-0.4179304284759092,-0.44242347166905543,546,431,115,0.021395568623332983,0.03882705029927544,0.03011130946130421,0.008715740837971227,-0.10450296426240535,0.0823049952796,6.395069544876617e-06,-0.2901803667664074
20,200,0.005,1,0.2,0.75,1,1,100,200,-0.2891050252705254,-0.06601309286263835,-0.3856520608105466,-0.647653500763718,463,358,105,0.012259792082326998,0.023285729286989396,0.017772760684658197,0.005512968602331198,-0.09911909110950323,-0.0052765040453761625,-9.31822353547867e-05,-0.2912217983060975
30,200,0.01,1,0.0,0.75,1,1,100,200,-0.3184664041496761,-0.07386426065160978,-0.36659788503608537,-0.6974245007025395,483,370,113,0.012916097868318807,0.02677727606846582,0.019846686968392313,0.006930589100073506,-0.138101800285784,0.006791736001845017,-0.00011006642985265598,-0.29203442820477943
48,200,0.01,1,-0.2,0.75,1,1,100,200,-0.2804083051411631,-0.06373745208048565,-0.40715883143050347,-0.49562865063943073,524,400,124,0.018980363330883127,0.03714690748713641,0.028063635409009767,0.00908327207812664,-0.12153456335221202,0.06457208390423608,-1.960245929081766e-05,-0.2920983003277089
30,120,0.005,1,-0.2,0.75,1,1,100,200,-0.266881091156596,-0.060241170177710246,-0.41917464309690333,-0.44718597079871125,551,433,118,0.02157933424341069,0.03927333823374987,0.03042633623858028,0.00884700199516959,-0.10561045717039841,0.07975633328501908,4.427433433062309e-06,-0.2921877902660975
48,120,0.01,1,-0.2,0.75,1,1,100,200,-0.27979988424508795,-0.0635790735966868,-0.4085213528299154,-0.5027584193334805,492,383,109,0.018639084322167383,0.035493016906437046,0.027066050614302214,0.008426966292134831,-0.14960116196745954,0.08316268291162787,-3.2502694492597716e-05,-0.2929776709783185
30,200,0.01,1,-0.2,0.75,1,1,100,200,-0.2863255002256606,-0.06528337454377398,-0.4068183066848573,-0.5139181792772887,517,396,121,0.019006615562322797,0.036700619552661976,0.027853617557492386,0.00884700199516959,-0.11932486742304949,0.04948840577339064,-2.8611004107889275e-05,-0.29438843685006705
30,200,0.0025,1,0.0,0.75,1,1,100,200,-0.32313742472511064,-0.07513811622517319,-0.38989888851639687,-0.6436938169656489,610,467,143,0.017090202667226714,0.03383912632573769,0.0254646644964822,0.008374461829255487,-0.09165058609731369,0.01097520584419609,-3.8991138466363694e-05,-0.3022722513316541
48,120,0.005,1,0.0,0.75,1,1,100,200,-0.31735527931824037,-0.07356226923484577,-0.3920058376020388,-0.6553025397037819,519,406,113,0.015200042003570304,0.029271238055234693,0.0222356400294025,0.0070355980258321954,-0.11122247016363496,-0.004298246358372726,-8.037869799376536e-05,-0.30233031502105423
48,200,0.005,1,0.0,0.75,1,1,100,200,-0.32080379227714206,-0.07450082463662999,-0.3910518717623258,-0.650365003085608,561,435,126,0.01606636564107949,0.031187650950330777,0.023627008295705135,0.007560642654625643,-0.10168286164280327,0.0009574913110506067,-6.0994297111519645e-05,-0.3025450106720733
12,200,0.005,1,-0.2,0.75,1,1,100,200,-0.27852442645253417,-0.06324740527661599,-0.43201805486084943,-0.46673220117923775,595,462,133,0.022340648955161187,0.04134726451748399,0.031843956736322586,0.009503307781161398,-0.0732911867877033,0.048366798758191054,8.629391957172219e-06,-0.3025930427660026
12,200,0.005,1,0.0,0.75,1,1,100,200,-0.3159132172275829,-0.07317091844546664,-0.39436241282484996,-0.6461319122818547,543,426,117,0.01580384332668277,0.03040008400714061,0.02310196366691169,0.00729812034022892,-0.0941700021914531,-0.00915678439926404,-6.482711010851829e-05,-0.30265872047198433
48,120,0.0025,1,-0.2,0.75,1,1,100,200,-0.2872681473805222,-0.06553059581754106,-0.42876105315218105,-0.4746160713336837,619,475,144,0.022918198046833982,0.04365746088417515,0.03328782946550457,0.010369631418670587,-0.06006337345736845,0.033416406290784684,9.071269966504021e-06,-0.30364192596031575
20,200,0.0025,1,0.0,0.75,1,1,100,200,-0.3258465804345023,-0.07588016765703842,-0.3923408301598844,-0.653098600236505,605,466,139,0.017090202667226714,0.033681612937099654,0.025385907802163182,0.00829570513493647,-0.1023578635686977,0.01639482768102951,-4.4395014874914246e-05,-0.30470551274880586
48,120,0.0025,1,0.0,0.75,1,1,100,200,-0.3260007589662528,-0.07592246962151816,-0.39520413470016835,-0.662958325762451,568,437,131,0.016223879029717527,0.03197521789352095,0.024099548461619238,0.007875669431901712,-0.11113244407536615,0.007378855643509041,-6.281861520282225e-05,-0.30667245325972486
12,200,0.0025,1,0.0,0.75,1,1,100,200,-0.32528427455249465,-0.07572595333544785,-0.39749704811265196,-0.6513474154557128,606,468,138,0.017090202667226714,0.03362910847422031,0.025359655570723512,0.008269452903496797,-0.10212316664309262,0.017485438994861324,-4.340635376019754e-05,-0.3070418481645595
30,200,0.005,1,0.0,0.75,1,1,100,200,-0.33091103925246923,-0.07727376942147746,-0.3969057626391985,-0.6840839455378346,551,429,122,0.015961356715320802,0.03076761524729602,0.02336448598130841,0.007403129265987609,-0.10474928931754224,-0.015496551143926451,-7.931988709234204e-05,-0.30993084801796844
20,200,0.005,1,0.0,0.75,1,1,100,200,-0.33034979701689915,-0.07711891590913555,-0.3988244832029516,-0.6848975189296487,545,427,118,0.01593510448388113,0.030583849627218315,0.02325947705554972,0.007324372571668592,-0.11144633245653957,-0.010218838734150304,-8.181685623622858e-05,-0.3107760334570938
12,60,0.0025,1,0.2,2.5,1,1,100,200,-0.28695377540128786,-0.06544811869391665,-0.45464807662963813,-0.42836481092475726,770,585,185,0.019347894571038537,0.040927228814449226,0.030137561692743883,0.010789667121705345,0.3306346588253348,-0.21240301707353415,6.308028229473407e-05,-0.3141903975549736
20,200,0.005,1,-0.2,0.75,1,1,100,200,-0.3033830021699563,-0.06979792106817773,-0.44448993697480166,-0.5215705076222398,597,462,135,0.022419405649480206,0.04163603906332038,0.03202772235640029,0.009608316706920089,-0.07906832283546394,0.019614442682023725,-1.2679039725072881e-05,-0.31812141493669055
48,200,0.005,1,-0.2,0.75,1,1,100,200,-0.3045976377476213,-0.07012275369907228,-0.44588800111626037,-0.5186370217860565,623,479,144,0.02278693688963562,0.042791137246665965,0.03278903706815079,0.010002100178515173,-0.07446883119437242,0.02603381906489366,-4.969524199585271e-06,-0.3189986053465053
30,200,0.005,1,-0.2,0.75,1,1,100,200,-0.30707912589937225,-0.07078779665752366,-0.44512741469993367,-0.5284955519167923,607,467,140,0.022550666806678568,0.04202982253491547,0.03229024467079702,0.00973957786411845,-0.07301040380260948,0.012628445565513902,-1.2618804501953586e-05,-0.3197762816033301
12,60,0.0,1,0.2,2.5,1,1,100,200,-0.283607420444314,-0.06457198275797493,-0.4701838495684685,-0.4104763994101644,832,627,205,0.02068675837446183,0.04415625328152893,0.03242150582799538,0.01173474745353355,0.42282261330566095,-0.23667057150343374,8.086219740633326e-05,-0.3201877275127174
12,96,0.0025,1,0.2,2.5,1,1,100,200,-0.3062053740416528,-0.07055341273222537,-0.45298889459667313,-0.4646270133327405,800,601,199,0.019662921348314606,0.04234484931219153,0.03100388533025307,0.011340963981938465,0.3002393665520935,-0.20389773882294315,5.378092182210893e-05,-0.32027921069719895
12,60,0.005,1,0.0,2.5,1,1,100,200,-0.30239208456713196,-0.06953325320448855,-0.46220652275280516,-0.40350377161578754,817,632,185,0.02522839441352515,0.05053554552136932,0.037881969967447235,0.012653575553922084,0.3859265005320953,-0.24260076244486417,5.768843238558034e-05,-0.3208117031616805
12,60,0.005,1,0.2,2.5,1,1,100,200,-0.29555729720481727,-0.06771586899851678,-0.462560635600757,-0.4583691495849788,714,545,169,0.01816654415625328,0.038013231124645594,0.028089887640449437,0.009923343484196157,0.33565674851355043,-0.24624064432108683,3.883407453706569e-05,-0.3219146442781442
20,60,0.0,1,-0.2,999.0,1,1,100,200,-0.27326255775432085,-0.06188405461737201,-0.4955643430200787,-0.24734960075998516,1033,786,247,0.04179355245195842,0.08185445762889845,0.06182400504042844,0.02003045258847002,0.4228071728997542,-0.1437497979568476,9.368720801333269e-05,-0.3220337061654106
20,60,0.0025,1,0.0,2.5,1,1,100,200,-0.3206864184001589,-0.07446881729715049,-0.4584230673927244,-0.43627226655847456,857,658,199,0.026147222513913684,0.05266197626798278,0.03940459939094823,0.013257376877034549,0.3863332104601209,-0.24778083313981114,5.2418471388240384e-05,-0.32549396432143646
30,60,0.0025,1,0.2,2.5,1,1,100,200,-0.3140122981948994,-0.07265604875739107,-0.4593091320884223,-0.4899901937175836,753,569,184,0.01892785886800378,0.039824635093982985,0.029376246980993385,0.010448388112989605,0.31646770348269104,-0.2406204722299996,3.332159686175293e-05,-0.32681012448748137
12,96,0.0,1,0.2,2.5,1,1,100,200,-0.30243688553059656,-0.06954521276777847,-0.4703071480590594,-0.4453656669739849,862,643,219,0.0210017851517379,0.04552136931639189,0.03326157723406489,0.012259792082326998,0.38675826209333675,-0.22587609526967256,7.215575383413582e-05,-0.3269670701460074
48,120,0.005,1,-0.2,0.75,1,1,100,200,-0.31331234487087933,-0.07246675172829153,-0.455917524387478,-0.5513472003940237,564,439,125,0.02157933424341069,0.03985088732542266,0.030715110784416674,0.009135776541005985,-0.11790059775591111,0.0321513479177693,-3.408349495531982e-05,-0.3279928739417317
30,60,0.0,1,-0.2,999.0,1,1,100,200,-0.2920045012764717,-0.06677673834406139,-0.4975940117301312,-0.2746638771841578,1031,779,252,0.041583534600441036,0.08211697994329518,0.06185025727186811,0.02026672267142707,0.4283299639927627,-0.16988790203072335,8.490244345701938e-05,-0.3293069380683349
20,60,0.0025,1,0.2,2.5,1,1,100,200,-0.3158404077071191,-0.07315117670246107,-0.4641640397010771,-0.4957674199813963,748,570,178,0.018980363330883127,0.03950960831670692,0.029244985823795023,0.010264622492911898,0.3184207531450165,-0.2456547741482833,2.996909827232569e-05,-0.33002156755206946
12,60,0.0025,1,0.0,2.5,1,1,100,200,-0.3279436583772233,-0.07645620738819447,-0.46641255504459156,-0.4424774047257221,882,675,207,0.026593510448388112,0.054420875774440824,0.04050719311141447,0.013913682663026358,0.34092368218640434,-0.22093555218841476,5.239819869197256e-05,-0.33178635514677635
12,96,0.005,1,0.2,2.5,1,1,100,200,-0.3196283552339443,-0.07418048761681773,-0.465733572486419,-0.5052135751689173,744,562,182,0.018534075396408695,0.0394308516223879,0.028982463509398298,0.010448388112989605,0.2689830898813397,-0.2221634958326011,2.4897236016930272e-05,-0.33230795261847307
20,60,0.005,1,0.0,2.5,1,1,100,200,-0.3300865190065764,-0.07704631009380858,-0.4642073094237912,-0.46458763795937646,802,624,178,0.02520214218208548,0.049406699569463405,0.037304420875774444,0.012102278693688963,0.34361402345852454,-0.25537120035319494,3.286066072661394e-05,-0.332379346703673
12,96,0.0,1,-0.2,999.0,1,1,100,200,-0.3121063943352492,-0.0721409733308882,-0.49943761192437686,-0.29885019805397633,1102,836,266,0.043394938569778434,0.0872361650740313,0.06531555182190486,0.02192061325212643,0.3344394242148929,-0.10550377539088052,8.278179656993635e-05,-0.33680228919577543
20,96,0.0025,1,0.0,2.5,1,1,100,200,-0.3548069635577571,-0.08396542859606304,-0.4570175824515601,-0.4898660820215657,902,683,219,0.026173474745353354,0.05620602751233855,0.04118975112884595,0.015016276383492597,0.3049615198544582,-0.22373901285086695,3.6991591809478246e-05,-0.3369675239229214
20,60,0.0,1,0.0,2.5,1,1,100,200,-0.3225827822748185,-0.07498648991654411,-0.4818530569706646,-0.4259303402373272,925,706,219,0.02766985193741468,0.0564422975952956,0.04205607476635514,0.01438622282894046,0.4566517930863869,-0.2613955618315944,6.481456475553039e-05,-0.33720953541374277
12,60,0.005,1,0.0,1.5,1,1,100,200,-0.2927382052907158,-0.06697037312993714,-0.49800134251184514,-0.4461334397634813,731,561,170,0.021369316391893312,0.043473695264097445,0.03242150582799538,0.011052189436102068,0.32001970805649194,-0.22772119937142365,4.2079348566143595e-05,-0.33827771637403375
20,96,0.0025,1,0.2,2.5,1,1,100,200,-0.33382615067757004,-0.07807975926652644,-0.4689488459596868,-0.5204090779634191,792,591,201,0.01913787671952116,0.042134831460674156,0.03063635409009766,0.011498477370576498,0.2529232765273828,-0.20989151225655267,2.667927588584369e-05,-0.33857463614454075
48,96,0.01,1,0.0,1.5,1,1,100,200,-0.31156035576515195,-0.07199361537982996,-0.48436773343763573,-0.4913237706604139,696,523,173,0.018350309776330988,0.04160978683188071,0.02998004830410585,0.01162973852777486,0.20622835383526916,-0.19163292820184197,1.547782558625364e-05,-0.3387436706316685
48,96,0.005,1,0.0,1.5,1,1,100,200,-0.3054236467848427,-0.07034391443233834,-0.4924716254268722,-0.4492685592123749,782,591,191,0.021395568623332983,0.047017746508453216,0.0342066575658931,0.012811088942560117,0.28687107741705176,-0.20193812827645397,4.53366377320351e-05,-0.33904315510639316
48,120,0.005,1,0.0,1.5,1,1,100,200,-0.30560571406170167,-0.07039269053637909,-0.4940165790525285,-0.44108570631279126,809,611,198,0.021868108789247085,0.048330358080436835,0.03509923343484196,0.013231124645594875,0.2652939301115427,-0.1775097386633251,5.2144535053223645e-05,-0.3394552653782829
20,60,0.0025,1,-0.2,2.5,1,1,100,200,-0.31304616236846206,-0.07239480520883668,-0.499357172735328,-0.36216081905938585,903,687,216,0.03591305260947181,0.07030347579544262,0.053108264202457206,0.017195211592985402,0.36561530625068084,-0.20980882678824575,5.743856055525585e-05,-0.34018143252947
48,120,0.01,1,0.0,1.5,1,1,100,200,-0.31437617094011805,-0.07275451640137998,-0.4867813421101934,-0.49100245969520695,715,536,179,0.018429066470650006,0.0424761104693899,0.030452588470019953,0.012023521999369947,0.16269365243037948,-0.15682114478055342,1.9127876782257442e-05,-0.340695310441237
20,60,0.0025,1,0.0,999.0,1,1,100,200,-0.3262078034163379,-0.07597928858586722,-0.4880883663845279,-0.41753331568781893,921,706,215,0.02919248136091568,0.05701984668696839,0.04310616402394204,0.013913682663026358,0.4580551149926977,-0.2675218739197367,6.238370355632915e-05,-0.34090013756252213
12,60,0.005,1,0.0,999.0,1,1,100,200,-0.31759319304079203,-0.0736268984509173,-0.4952951060178008,-0.40418317818588856,876,677,199,0.028194896566208126,0.05470965032027723,0.041452273443242676,0.013257376877034549,0.4293009136957049,-0.26007409376494794,5.997873180286653e-05,-0.3414836103691121
30,60,0.0,1,0.2,2.5,1,1,100,200,-0.3121453625618995,-0.07215149315703062,-0.49179194121514547,-0.47437168923695566,811,608,203,0.020161713745668382,0.04268612832090728,0.03142392103328783,0.011262207287619447,0.39591297527367386,-0.2607543474274795,5.174334240206999e-05,-0.3417660482264511
20,60,0.0,1,-0.2,2.5,1,1,100,200,-0.29995897431366314,-0.06888465811282618,-0.513528666900918,-0.3274537321536731,968,734,234,0.03785571773600756,0.07513388638034232,0.05649480205817495,0.018639084322167383,0.4560771566284474,-0.21982828628977846,7.293195810186686e-05,-0.34202167817096885
48,120,0.01,1,0.2,1.5,1,1,100,200,-0.298139752403345,-0.06840088455951177,-0.49557724761246147,-0.5193370847447242,616,444,172,0.013336133571353565,0.03202772235640029,0.02268192796387693,0.009345794392523364,0.10757330022367251,-0.13766836303212138,-3.5927059219948878e-06,-0.3421563626029787
48,96,0.0025,1,0.2,2.5,1,1,100,200,-0.3277968777783784,-0.07641584192967232,-0.48233418131078754,-0.4950094684646301,826,616,210,0.01968917357975428,0.04415625328152893,0.031922713430641604,0.012233539850887326,0.23748242519654794,-0.17894932505214434,4.2097509945337666e-05,-0.3423334060082976
20,60,0.0025,1,-0.2,999.0,1,1,100,200,-0.3236597416060967,-0.07528099636586183,-0.49987141904556553,-0.34261456304353405,966,737,229,0.03985088732542266,0.0763939934894466,0.05812244040743463,0.01827155308201197,0.35276256439175224,-0.18948630747256534,6.231160274907898e-05,-0.3423474340408213
20,60,0.0,1,-0.2,1.5,1,1,100,200,-0.264224689613069,-0.05956065997925031,-0.5341845753154086,-0.31500672413631675,877,670,207,0.03289404599390948,0.06523679512758584,0.04906542056074766,0.016171374566838183,0.3910140403218363,-0.17983836040046364,7.983640411523331e-05,-0.34240328384377045
20,96,0.0,1,0.0,2.5,1,1,100,200,-0.34990548523280784,-0.08257687984130901,-0.47482604699737885,-0.46552450965626735,969,731,238,0.027722356400294024,0.05990759214533235,0.04381497427281319,0.016092617872519165,0.37742676267307695,-0.23373977508806532,5.400774065880852e-05,-0.3432661288228118
12,60,0.0,1,0.0,2.5,1,1,100,200,-0.3248571857441165,-0.07560889143836713,-0.4940607276730773,-0.42217215680015513,954,727,227,0.028352409954846162,0.05854247611046939,0.043447443032657775,0.015095033077811614,0.4291695314245918,-0.23875899214232832,6.829983927228691e-05,-0.34374786311491357
12,60,0.0,1,-0.2,999.0,1,1,100,200,-0.3127363819393896,-0.07231110266814045,-0.5126329673199814,-0.30364391524779083,1060,806,254,0.042817389478105636,0.08429591515278799,0.06355665231544681,0.020739262837341173,0.332224187521029,-0.12344397666035622,7.839234453627353e-05,-0.3438097820905207
48,200,0.005,1,0.0,1.5,1,1,100,200,-0.3134262947091102,-0.07249755807075364,-0.4983936398845952,-0.44286074567518985,885,665,220,0.023627008295705135,0.05224194056494802,0.037934474430326576,0.014307466134621442,0.2634193691853408,-0.15401433515898788,6.30020851307992e-05,-0.3438374152968107
20,60,0.005,1,0.2,2.5,1,1,100,200,-0.332254612180244,-0.0776448999322954,-0.47859813723837275,-0.5441868425305962,700,537,163,0.018061535230494592,0.03706815079281739,0.02756484301165599,0.009503307781161398,0.2891670736919285,-0.2649061754072978,-3.45348795643774e-06,-0.3441533106780116
48,96,0.0,1,0.0,1.5,1,1,100,200,-0.3039217382145367,-0.06994194046666902,-0.5065540096998343,-0.4238261127350058,906,679,227,0.024414575238895307,0.0539745878399664,0.03919458153943085,0.014780006300535546,0.36150890263985413,-0.19569237439230358,7.27508249202879e-05,-0.3444102509533365
48,96,0.0025,1,0.0,2.5,1,1,100,200,-0.35375162983467245,-0.08366575018908218,-0.4740911826505315,-0.4743796211622964,940,711,229,0.02675102383702615,0.058568728341909064,0.042659876089467606,0.015908852252441458,0.30535105491218983,-0.2077876846554677,4.597055755597966e-05,-0.34443032257246275
20,60,0.0,1,0.2,2.5,1,1,100,200,-0.3215611777401146,-0.07470746676875739,-0.48999812150451805,-0.496191002897508,809,611,198,0.020240470439987397,0.04255486716370892,0.031397668801848154,0.011157198361860758,0.38398029198138417,-0.2653223360485425,4.263603517949428e-05,-0.3445160776658918
30,96,0.0025,1,0.2,2.5,1,1,100,200,-0.3366973426203813,-0.07887636831788836,-0.4797056466658375,-0.5208536601015336,808,605,203,0.01945290349679723,0.04297490286674367,0.03121390318177045,0.011760999684973223,0.22424685596348604,-0.1884008399340773,2.8970032265035972e-05,-0.34477187465588377
20,96,0.005,1,0.0,2.5,1,1,100,200,-0.35825691043358077,-0.08494783839542208,-0.46953659975245987,-0.5077422741784416,845,648,197,0.02512338548776646,0.05268822849942245,0.03890580699359446,0.013782421505827995,0.27221358643219484,-0.2302734305886298,2.155420533763772e-05,-0.3451032519805741
48,200,0.0025,1,0.0,1.5,1,1,100,200,-0.32166829955162624,-0.07473670836365676,-0.49639596760190563,-0.4469981250272307,980,731,249,0.02577969127375827,0.05754489131576184,0.041662291294760054,0.015882600021001784,0.27085536596469306,-0.1286281990046434,7.447923649690232e-05,-0.3452845984159711
30,96,0.01,1,0.0,1.5,1,1,100,200,-0.33480004964101484,-0.07834965815574213,-0.4788431170894982,-0.5545888826226791,680,516,164,0.01837656200777066,0.04063845426861283,0.029507508138191748,0.011130946130421086,0.14578004539585132,-0.1842670505004287,-1.2503567259286758e-05,-0.34550066083162523
48,120,0.0025,1,0.2,2.5,1,1,100,200,-0.33183266387043975,-0.07752828232188103,-0.4868740009849859,-0.4971895456637119,856,635,221,0.020082957051349364,0.04549511708495222,0.03278903706815079,0.012706080016801428,0.21459938603177786,-0.15593341636861113,4.667095419594085e-05,-0.3458247600975596
48,96,0.0025,1,0.0,1.5,1,1,100,200,-0.3206581521073072,-0.07446110986445875,-0.49590046107458374,-0.47090553371466953,845,634,211,0.022996954741152997,0.05087682453008506,0.03693688963561903,0.01393993489446603,0.27997778546594,-0.1901189408894538,4.7653489834155475e-05,-0.3459566170874841
12,60,0.0025,1,0.0,999.0,1,1,100,200,-0.3379984044068113,-0.07923825484882752,-0.49063934727125513,-0.4326440804569343,946,723,223,0.02969127375826945,0.05883125065630579,0.04426126220728762,0.014569988449018167,0.4005804110870208,-0.2413811134184396,5.893354803700783e-05,-0.3461901325073018
48,96,0.005,1,0.0,2.5,1,1,100,200,-0.3502943045045389,-0.08268672280050804,-0.47935695989707594,-0.4773138541195583,875,668,207,0.025175889950645805,0.054420875774440824,0.039798382862543315,0.014622492911897511,0.2809235204021354,-0.21432157707207744,3.5382195438645974e-05,-0.34623089545502395
12,60,0.0,1,0.2,999.0,1,1,100,200,-0.31146853669592156,-0.0719688455986226,-0.5054420185410617,-0.43984069256109487,889,671,218,0.02281318912107529,0.0477003045258847,0.03525674682348,0.012443557702404705,0.37918743037506153,-0.22125965625676536,7.160433699389736e-05,-0.34668188949720824
20,60,0.0,1,0.0,999.0,1,1,100,200,-0.3159516199674939,-0.0731813317308394,-0.5101216702150108,-0.3809867532776998,992,756,236,0.03063635409009766,0.06124645594875564,0.04594140501942665,0.015305050929328993,0.5072783060843717,-0.25465506640171265,8.160573139689992e-05,-0.3472915045022298
48,120,0.01,1,0.2,2.5,1,1,100,200,-0.3173810561128658,-0.07356927062571716,-0.4977592245092709,-0.5038397958843702,693,509,184,0.015462564317967028,0.036674367321222305,0.026068465819594665,0.010605901501627638,0.13667001929625644,-0.15069319743497422,1.0490918976225188e-05,-0.3476408726745711
48,120,0.0,1,0.0,1.5,1,1,100,200,-0.3128206045562062,-0.07233385659604574,-0.5082623536486139,-0.43349732190452117,942,704,238,0.024992124330568098,0.05581224404074346,0.04040218418565578,0.015410059855087683,0.31907710925163846,-0.1655433089072752,7.354000111203655e-05,-0.3481398995155788
30,96,0.005,1,0.2,2.5,1,1,100,200,-0.3348155980274773,-0.07835396967889585,-0.48701463304723314,-0.5283073862999226,754,568,186,0.01827155308201197,0.04000840071406069,0.029139976898036334,0.010868423816024361,0.22012738906105045,-0.20511034260890848,1.407771172777535e-05,-0.3482766555175085
20,60,0.005,1,0.0,1.5,1,1,100,200,-0.3195350558653437,-0.07415508009144267,-0.497648002723757,-0.5122170018675294,717,554,163,0.021448073086212327,0.04244985823795023,0.031948965662081275,0.01050089257586895,0.2827741088861915,-0.24074252020504694,1.4149380082880198e-05,-0.34858993154669765
30,96,0.005,1,0.0,1.5,1,1,100,200,-0.33105292484094007,-0.07731293382158066,-0.49140407687775,-0.5138797150223983,766,585,181,0.021448073086212327,0.04602016171374567,0.033734117399978995,0.01228604431376667,0.2124403167687423,-0.190703291646088,1.9383662270915484e-05,-0.3487089580115756
48,120,0.0025,1,0.0,1.5,1,1,100,200,-0.3246411142344465,-0.07554969039072523,-0.5002505037722378,-0.47042391671194067,880,657,223,0.023416990444187755,0.05255696734222409,0.037986978893205924,0.014569988449018167,0.25949395725904,-0.1673243006920282,5.2727375022037674e-05,-0.34919613811244116
48,96,0.01,1,0.2,1.5,1,1,100,200,-0.3213685450493914,-0.07465489211729659,-0.491198348202481,-0.5822526916702174,603,437,166,0.01328362910847422,0.03150267772760685,0.02239315341804053,0.009109524309566313,0.10595120851080408,-0.1703965485657979,-3.7779085558039595e-05,-0.34936670080204796
12,60,0.005,1,-0.2,2.5,1,1,100,200,-0.3197773288556164,-0.07422106227685732,-0.5124912823928875,-0.38012225479560796,862,659,203,0.03473170219468655,0.06728446917988029,0.05100808568728342,0.01627638349259687,0.2889276628929831,-0.18782374090214982,4.754223779606159e-05,-0.3494728162130815
20,96,0.0,1,-0.2,999.0,1,1,100,200,-0.332480298030031,-0.07770729893576012,-0.5109873257636489,-0.3300723426867574,1088,819,269,0.042213588154993174,0.08652735482516014,0.06437047149007666,0.02215688333508348,0.27406885222304567,-0.09721055684376023,7.23621516986212e-05,-0.3497045789519224
20,60,0.005,1,-0.2,2.5,1,1,100,200,-0.32803691459725526,-0.07648185701654653,-0.5065937188166418,-0.40004964994982645,847,650,197,0.03460044103748819,0.06599810983933635,0.05029927543841226,0.015698834400924077,0.2906936446509609,-0.20477146878666241,4.012402320712461e-05,-0.34978119892235876
20,200,0.01,1,0.2,1.5,1,1,100,200,-0.3125775591334542,-0.0722682005148294,-0.5001520648893767,-0.5514147040434069,631,452,179,0.013546151422870944,0.03276278483671112,0.023154468129791033,0.009608316706920089,0.09978909470135156,-0.14302436993640255,-1.3917467517059074e-05,-0.3499149681616881
12,60,0.01,1,0.2,2.5,1,1,100,200,-0.33103034584779967,-0.07730670094196657,-0.48915674933113507,-0.565311479435338,610,457,153,0.014753754069095874,0.03271028037383177,0.023732017221463824,0.008978263152367952,0.18451750623484786,-0.23377224902841487,-4.1126326029549474e-05,-0.350150649579301
30,96,0.01,1,0.2,1.5,1,1,100,200,-0.3301373213610801,-0.0770603183979206,-0.485092803756506,-0.6113274994451604,590,432,158,0.013362385802793237,0.030741363015856348,0.022051874409324792,0.008689488606531555,0.09150891851452903,-0.17565804243904626,-5.6041908824097705e-05,-0.3501730952484316
48,96,0.005,1,0.2,2.5,1,1,100,200,-0.3324576238019309,-0.07770102906410992,-0.4939950260561058,-0.5166353115603016,770,575,195,0.018192796387692955,0.040979733277328574,0.029586264832510763,0.01139346844481781,0.22389960401530762,-0.19836210979539504,2.177447023374076e-05,-0.3505303076701779
30,96,0.005,1,0.0,2.5,1,1,100,200,-0.36547267381533577,-0.08701634104081823,-0.47540776409521535,-0.5175580277178637,856,659,197,0.02520214218208548,0.05323952535965557,0.039220833770870524,0.014018691588785047,0.23054891458369853,-0.20881877731282572,1.895389167352928e-05,-0.3505981244743191
48,120,0.005,1,0.2,2.5,1,1,100,200,-0.33240172902187515,-0.07768557378158902,-0.4953608228136527,-0.5097173815569024,794,592,202,0.0187178410164864,0.04202982253491547,0.030373831775700934,0.011655990759214533,0.20616886913435217,-0.17668672993678947,2.9455089952550103e-05,-0.3508518542662605
20,60,0.005,1,0.0,999.0,1,1,100,200,-0.340138188979879,-0.07983466877740308,-0.4967282049216677,-0.4531661417124627,861,669,192,0.02811613987188911,0.05352829990549197,0.04082221988869054,0.012706080016801428,0.3952766518833106,-0.2725499154634775,4.0552498028190486e-05,-0.35085707832386004
48,96,0.0,1,0.0,2.5,1,1,100,200,-0.35129122218566233,-0.08296859635571718,-0.49028146475718026,-0.45612595794525973,1007,760,247,0.028378662186285833,0.06208652735482516,0.045232594770555495,0.016853932584269662,0.39444783610654643,-0.2302149746674349,6.036629029770021e-05,-0.3509156266315703
30,60,0.005,1,0.2,2.5,1,1,100,200,-0.3445531476191118,-0.08107013845072131,-0.4829453425348814,-0.5710550231385467,708,539,169,0.018061535230494592,0.0374356820329728,0.027748608631733698,0.009687073401239105,0.262073546026784,-0.26000035228488283,-1.34943208066973e-05,-0.35109556087508936
20,96,0.0,1,0.2,2.5,1,1,100,200,-0.3325146339657574,-0.07771679382407581,-0.49633282791568356,-0.5056862767477113,852,632,220,0.020424236060065104,0.045101333613357136,0.03276278483671112,0.012338548776646014,0.32124404635730963,-0.22640363147088893,4.463129419244307e-05,-0.35116752161930315
12,96,0.0,1,0.2,999.0,1,1,100,200,-0.32854445261642085,-0.07662150259192291,-0.5021282259305122,-0.47101926752651796,920,688,232,0.02312821589835136,0.04906542056074766,0.036096818229549514,0.012968602331198151,0.34695020680794353,-0.21024724953039964,6.486208339685128e-05,-0.3512365789335049
12,96,0.0,1,-0.2,2.5,1,1,100,200,-0.3295526695657469,-0.07689915714333384,-0.5120877617197512,-0.36729470470707365,1035,782,253,0.03937834715950856,0.08043683713115615,0.05990759214533235,0.020529244985823796,0.3803850295032212,-0.1849804522143056,6.60609029628821e-05,-0.35130777323856316
48,60,0.0,1,-0.2,999.0,1,1,100,200,-0.3407764089007329,-0.08001285685397519,-0.5077899580188099,-0.3491229179179621,1050,800,250,0.04192481360915678,0.08387587944975324,0.062900346529455,0.020975532920298225,0.2532278198933724,-0.11066714522760768,6.418172872857002e-05,-0.35136398175927824
20,60,0.0,1,0.0,1.5,1,1,100,200,-0.312303334400847,-0.07219414397119384,-0.511785633478525,-0.470286339903144,834,633,201,0.023705764990024154,0.048855402709230285,0.03628058384962722,0.012574818859603066,0.3501795476167666,-0.22704985532995203,5.16309546277241e-05,-0.35160127770561356
20,60,0.0025,1,0.0,1.5,1,1,100,200,-0.3233640770310323,-0.07520010628356788,-0.5020689356725225,-0.5097471687328707,771,588,183,0.02236690118660086,0.04546886485351255,0.0339178830200567,0.011550981833455844,0.2918335306408735,-0.22978691938982532,2.6498316559405062e-05,-0.35172193255647266
20,96,0.0025,1,0.0,999.0,1,1,100,200,-0.3600510205889238,-0.08546040137000799,-0.48571820734272386,-0.46953258310855905,966,731,235,0.02921873359235535,0.06056389793132416,0.04489131576183976,0.015672582169484407,0.372473662562647,-0.24411100080105375,4.7483722836423766e-05,-0.3517961341967979
12,60,0.0,1,0.0,999.0,1,1,100,200,-0.3229450603737066,-0.07508551704548994,-0.5150551065543552,-0.3867187435848693,1021,777,244,0.031371416570408484,0.06339913892680878,0.04738527774860863,0.016013861178200146,0.4686527502121667,-0.23181191564326664,8.13441670578533e-05,-0.351949007501911
30,60,0.0025,1,0.0,2.5,1,1,100,200,-0.3613424822440837,-0.08583007360538486,-0.48095198647033344,-0.5164445155185897,860,656,204,0.025963456893835977,0.053055759739577865,0.03950960831670692,0.013546151422870944,0.3633646580954386,-0.2798062861270346,2.2519019739840773e-05,-0.35212829261648104
30,96,0.01,1,0.2,2.5,1,1,100,200,-0.3366852643780146,-0.07887301145099923,-0.49069850791366576,-0.5601791005713174,663,493,170,0.01538380762364801,0.03512548566628163,0.025254646644964823,0.009870839021316812,0.1462164802378232,-0.19377247370571316,-2.3022465773533814e-05,-0.352231220436398
20,60,0.0025,1,-0.2,1.5,1,1,100,200,-0.2935402964600199,-0.06718224016638696,-0.5320130143500075,-0.38109595252488615,816,625,191,0.031240155413210124,0.060905176940039905,0.04607266617662501,0.01483251076341489,0.3072405309610351,-0.1872287154226734,5.3543983113551876e-05,-0.352243544967635
48,96,0.01,1,0.2,2.5,1,1,100,200,-0.3347511420998337,-0.07833609675980513,-0.4932023808506192,-0.5489876981178812,678,500,178,0.015305050929328993,0.036044313766670166,0.02567468234799958,0.010369631418670587,0.14284136856133323,-0.1829270497230565,-1.4179579592896273e-05,-0.35238667209100877
20,96,0.005,1,0.2,2.5,1,1,100,200,-0.3447072169653387,-0.08111337283803444,-0.4869995891927509,-0.5576298219460654,742,557,185,0.018087787461934263,0.03945710385382758,0.02877244565788092,0.010684658195946656,0.23235285219867952,-0.22933815579957717,-3.648431152470376e-07,-0.35249465853171313
12,96,0.005,1,0.0,2.5,1,1,100,200,-0.36452367575596434,-0.08674322592181405,-0.47922060008051237,-0.5236405171226952,854,658,196,0.02580594350519794,0.05268822849942245,0.039247086002310194,0.013441142497112254,0.27418527087885924,-0.23553621831244453,1.865387771124304e-05,-0.352535551818205
12,60,0.0025,1,0.2,999.0,1,1,100,200,-0.3297131393199836,-0.07694337998038825,-0.5018747449338179,-0.49617174807658265,824,628,196,0.02155308201197102,0.04407749658720991,0.03281528929959047,0.011262207287619447,0.3094227932522615,-0.22704380273109437,4.018679993902971e-05,-0.3526893398511263
20,96,0.0,1,0.0,999.0,1,1,100,200,-0.34354178184629325,-0.0807865342549412,-0.5021885414579121,-0.4199018688879329,1036,781,255,0.030688858552977004,0.0647117504987924,0.0477003045258847,0.0170114459729077,0.42529977819759224,-0.2267468932731015,7.070203704177616e-05,-0.3528758984282939
48,120,0.005,1,0.0,2.5,1,1,100,200,-0.3584715228234884,-0.08500909104645893,-0.4873403375248039,-0.48589441344764617,905,691,214,0.025832195736637614,0.05591725296650215,0.040874724351569885,0.01504252861493227,0.24578847840453344,-0.19027224041543156,3.62934361133974e-05,-0.3529739804812432
48,96,0.0,1,0.2,2.5,1,1,100,200,-0.3263998697572522,-0.07603200961305234,-0.5058732682205834,-0.48140471216193986,885,657,228,0.0210017851517379,0.0469389898141342,0.03397038748293605,0.012968602331198151,0.3224246155311752,-0.20703392785981412,5.8276960971737686e-05,-0.35303887933144107
12,96,0.01,1,0.2,2.5,1,1,100,200,-0.3479380690870084,-0.08202188140484257,-0.48247005947134614,-0.5984824197352958,644,477,167,0.015226294235009976,0.034232909797332775,0.024729602016171373,0.009503307781161398,0.14805033735865902,-0.21619918504588975,-4.5185647214194803e-05,-0.3531810321272804
30,60,0.0,1,-0.2,2.5,1,1,100,200,-0.3269695975644009,-0.07618846715051752,-0.5172782126422861,-0.3719094223205743,966,728,238,0.03764569988449018,0.0754489131576184,0.05654730652105429,0.01890160663656411,0.4622326348749508,-0.25383494899020276,5.8825279356420815e-05,-0.3534230445876893
30,96,0.0025,1,0.0,2.5,1,1,100,200,-0.3780836174484079,-0.09067706810870768,-0.47217559529729103,-0.5334714270738272,919,697,222,0.02635724036543106,0.05712485561272708,0.04174104798907907,0.01538380762364801,0.2413849814764284,-0.2067068012231389,2.3828614728484536e-05,-0.35343843711104456
12,96,0.0025,1,0.0,2.5,1,1,100,200,-0.36824880812470806,-0.08781717363972219,-0.4794091255048404,-0.5201797108939908,917,698,219,0.027039798382862544,0.05649480205817495,0.04176730022051874,0.0147275018376562,0.29749365337616207,-0.2297802594345797,3.027678994673448e-05,-0.35353072193684193
30,200,0.01,1,0.2,1.5,1,1,100,200,-0.3190963818935789,-0.07403565659781108,-0.5030161766603198,-0.5666901292569838,638,454,184,0.013519899191431272,0.03294655045678883,0.023233224824110048,0.009713325632678778,0.10045358307618524,-0.14868850156076063,-1.8594948108493284e-05,-0.3538782513908202
48,120,0.0025,1,0.0,2.5,1,1,100,200,-0.36560769574267316,-0.08705522596850779,-0.48517608593039274,-0.4902977978776724,979,737,242,0.027276068465819595,0.06051139346844482,0.043893730967132207,0.01661766250131261,0.27053228610782143,-0.18527224073230053,4.563679291268581e-05,-0.3541581588275878
20,120,0.0025,1,0.2,2.5,1,1,100,200,-0.3480828679136042,-0.08206268274752271,-0.49054938470956355,-0.5428329546267388,834,617,217,0.019505407959676573,0.04423500997584795,0.03187020896776226,0.012364801008085687,0.2665540240853306,-0.21888538375401134,2.5887116966665243e-05,-0.3544790228336414
48,60,0.0025,1,0.0,2.5,1,1,100,200,-0.38722151801101523,-0.09336691202553293,-0.4661396549201301,-0.5650854916271228,876,672,204,0.02601596135671532,0.054315866848682136,0.04016591410269873,0.014149952745983409,0.2312632691820582,-0.228703897608871,6.452238509653443e-06,-0.35469101406695414
30,96,0.0,1,0.0,1.5,1,1,100,200,-0.33854559069300083,-0.07939062307198197,-0.500143705471921,-0.5049699694660946,886,666,220,0.023889530610101857,0.05271448073086212,0.03830200567048199,0.014412475060380132,0.2662738059112535,-0.1863963986108409,4.324485202102107e-05,-0.3547109742812472
20,60,0.01,1,0.0,1.5,1,1,100,200,-0.34852165264022095,-0.0821863675741934,-0.48375368348368086,-0.6149505315650712,627,478,149,0.018087787461934263,0.03709440302425706,0.027591095243095665,0.009503307781161398,0.168038145620085,-0.23681763035642645,-4.968390073274311e-05,-0.3548107358942874
20,200,0.01,1,0.0,1.5,1,1,100,200,-0.33608334859377886,-0.07870578483707291,-0.498974857164855,-0.5353410320945311,737,551,186,0.018980363330883127,0.0437099653470545,0.03134516433896881,0.012364801008085687,0.16051040523614524,-0.17293039307529878,6.230483968136966e-06,-0.35496026502422695
30,60,0.0025,1,0.2,999.0,1,1,100,200,-0.3436085963041742,-0.08080525938193284,-0.4953464859053608,-0.5308237788629684,807,612,195,0.021106794077496587,0.042896146172424654,0.03200147012496062,0.010894676047464035,0.3002441988719926,-0.2441778633499242,2.283246218790423e-05,-0.3550196912777617
48,96,0.0,1,-0.2,1.5,1,1,100,200,-0.28128777239960345,-0.06396657625939695,-0.5513995185914374,-0.32106627561904916,967,726,241,0.03399663971437572,0.07242990654205607,0.0532132731282159,0.019216633413840178,0.3685741817762913,-0.1482334401745461,8.216052600356057e-05,-0.35571964933606814
12,60,0.005,1,0.2,1.5,1,1,100,200,-0.3323554335694354,-0.07767277356133329,-0.4963336821923613,-0.6069369111333693,630,474,156,0.015462564317967028,0.03278903706815079,0.02412580069305891,0.008663236375091882,0.1802106343444969,-0.2247839259058757,-3.833409590539916e-05,-0.3561864602141824
30,60,0.0,1,0.2,999.0,1,1,100,200,-0.32706531302093966,-0.07621476273511485,-0.5123215231605669,-0.4764689729787651,868,652,216,0.022261892260842173,0.04615142287094403,0.0342066575658931,0.011944765305050929,0.3580774124339996,-0.23514461152315425,5.452641797601855e-05,-0.35619897296433656
12,60,0.0025,1,-0.2,2.5,1,1,100,200,-0.3441517578506017,-0.08095754005643385,-0.5099403549921695,-0.4116281640575303,926,703,223,0.03654310616402394,0.07229864538485771,0.054420875774440824,0.017877769610416885,0.26822854143811026,-0.1782599245875387,4.3853299810538634e-05,-0.3565091257553951
48,200,0.01,1,0.0,1.5,1,1,100,200,-0.33678328287267834,-0.0789002548263239,-0.5029704949562908,-0.5292503686921615,762,563,199,0.01890160663656411,0.04483881129896041,0.03187020896776226,0.012968602331198151,0.11987886545043303,-0.13305410635890913,1.3452064796381564e-05,-0.35684802073907734
20,96,0.0,1,0.0,1.5,1,1,100,200,-0.34105899867021594,-0.08009179869965588,-0.5025743567523753,-0.5140425636706722,875,658,217,0.023863278378662187,0.052163183870629,0.038013231124645594,0.014149952745983409,0.27161429444531393,-0.1973199244051067,3.870911436910511e-05,-0.35708110525937714
30,60,0.0,1,0.0,2.5,1,1,100,200,-0.35600717243221636,-0.0843067234367939,-0.4967746452751238,-0.48995813868946403,925,702,223,0.027459834085897302,0.05665231544681298,0.04205607476635514,0.01459624068045784,0.44701293122398145,-0.29316174154059993,4.137492664234239e-05,-0.357191953008829
30,96,0.0,1,0.2,2.5,1,1,100,200,-0.3360061719807822,-0.07868435209860136,-0.5062926743386915,-0.5083091225793342,865,644,221,0.020634253911582485,0.045731387167909275,0.03318282053974588,0.012548566628163393,0.3042362923401525,-0.21532990957921583,4.520398844274315e-05,-0.35724614539691385
12,96,0.0,1,-0.2,1.5,1,1,100,200,-0.30685567887503573,-0.07072783450851283,-0.5352139939322968,-0.3798679536866604,939,714,225,0.034337918723091464,0.07019846686968392,0.05226819279638769,0.01793027407329623,0.3074145083798976,-0.15206488462203294,6.46876251773673e-05,-0.35732822915899426
12,96,0.0025,1,0.2,999.0,1,1,100,200,-0.34681681028960964,-0.08170617874468866,-0.4989054619845811,-0.5286507335930201,855,645,210,0.021868108789247085,0.04549511708495222,0.033681612937099654,0.011813504147852568,0.2821021360786813,-0.21869663066745393,3.3407037702865976e-05,-0.3575914464166302
20,60,0.005,1,-0.2,999.0,1,1,100,200,-0.3438013908657144,-0.08085929968826466,-0.5150481924417311,-0.3867456135070419,909,700,209,0.03838076236480101,0.07177360075606426,0.055077181560432634,0.01669641919563163,0.2663143163710202,-0.1835492470626907,4.376587924733294e-05,-0.3577206765844823
30,96,0.0,1,0.0,2.5,1,1,100,200,-0.37393854744990773,-0.0894673315224952,-0.4869684256747031,-0.510136994214051,983,743,240,0.027801113094613042,0.06061640239420351,0.04420875774440827,0.016407644649795234,0.3237501305049326,-0.22674975164547095,4.043430541015465e-05,-0.3584583940705493
12,60,0.0,1,0.0,1.5,1,1,100,200,-0.30581624866011914,-0.07044910583491948,-0.5317196241529629,-0.4470184588104096,862,653,209,0.02425706185025727,0.05082432006720571,0.03754069095873149,0.01328362910847422,0.34103598292348614,-0.20336066675759412,6.25842451501394e-05,-0.35865984085192143
12,60,0.0025,1,0.0,1.5,1,1,100,200,-0.3220017960428422,-0.07482776828128512,-0.5180914660943641,-0.496688793933529,795,604,191,0.02268192796387693,0.047096503202772234,0.034889215583324584,0.012207287619447654,0.26492242385012044,-0.20229946965130585,3.4272943846267744e-05,-0.3587079410251436
30,60,0.0025,1,0.0,999.0,1,1,100,200,-0.3574584600474955,-0.08472009596656549,-0.5007013122550135,-0.4763254945886186,923,703,220,0.02900871574083797,0.057361125695684134,0.04318492071826105,0.014176204977423081,0.43340449688799887,-0.28877097122168527,4.095305683246212e-05,-0.35888702682350315
12,60,0.01,1,0.0,1.5,1,1,100,200,-0.35424339493844303,-0.08380534578941656,-0.48789908396067394,-0.6233371111119779,636,481,155,0.017772760684658197,0.0377244565788092,0.027748608631733698,0.0099758479470755,0.14972450539469762,-0.2280036409201488,-5.139240496467235e-05,-0.3589217433253524
20,120,0.005,1,0.0,1.5,1,1,100,200,-0.3395992162752042,-0.07968429740000638,-0.5058659361343838,-0.5281531061892177,791,599,192,0.02155308201197102,0.0472277643599706,0.034390423185970805,0.01283734117399979,0.2610694946503378,-0.22218738489413792,1.909190317182744e-05,-0.35902492077665915
30,60,0.0,1,-0.2,1.5,1,1,100,200,-0.30348820211464356,-0.06982603699064127,-0.5400526394582463,-0.384161346201161,876,665,211,0.03276278483671112,0.06557807413630158,0.04917042948650635,0.016407644649795234,0.38410031824445245,-0.22011698352554832,5.7536235347085976e-05,-0.35906042402982247
12,60,0.01,1,0.2,1.5,1,1,100,200,-0.3433157652299038,-0.08072320312729686,-0.48989857849869645,-0.668161190096686,541,399,142,0.012784836711120445,0.028483671112044525,0.020634253911582485,0.007849417200462038,0.09552815948102578,-0.21433197017033256,-0.00010346922899865415,-0.35908055188147936
48,200,0.0,1,0.0,1.5,1,1,100,200,-0.3279276635059598,-0.0764518083697675,-0.5207368872905065,-0.4466283843010049,1062,794,268,0.02798487871469075,0.06185025727186811,0.04491756799327943,0.01693268927858868,0.3140070883371773,-0.1300659031186996,8.386917994218869e-05,-0.35915167123007097
48,120,0.005,1,0.2,1.5,1,1,100,200,-0.33087759020396446,-0.07726453751399986,-0.5072871423326136,-0.5668275822647904,706,518,188,0.01606636564107949,0.03654310616402394,0.026304735902551717,0.010238370261472226,0.13152471230292528,-0.15824477027098527,-2.4005995867748894e-06,-0.3592494877935462
12,96,0.0025,1,0.2,1.5,1,1,100,200,-0.34716024653184296,-0.08180283088701457,-0.49278403381854785,-0.6213560637295705,711,527,184,0.01695894151002835,0.03685813294130001,0.02690853722566418,0.009949595715635829,0.1356063621158452,-0.17963131483929118,-1.9429821833608307e-05,-0.359262650982767
12,60,0.0025,1,0.2,1.5,1,1,100,200,-0.3368988486546495,-0.07893237945252807,-0.5004560353293154,-0.602597708127534,685,514,171,0.01659141026987294,0.035493016906437046,0.02604221358815499,0.009450803318282054,0.14759106825241153,-0.1860913174435499,-1.8825569858599626e-05,-0.35929028252356243
20,60,0.01,1,0.2,2.5,1,1,100,200,-0.3498079941898681,-0.08254934648178103,-0.4922072692468308,-0.614644070705968,607,458,149,0.014963771920613251,0.03223774020791767,0.02360075606426546,0.00863698414365221,0.1728205861173564,-0.24898020608318094,-6.654092234344173e-05,-0.35938518464049485
12,60,0.0,1,-0.2,2.5,1,1,100,200,-0.3283822462719431,-0.07657686346116721,-0.5288000583342062,-0.3701027792833202,996,755,241,0.03885330253071511,0.07754909167279218,0.05820119710175365,0.019347894571038537,0.383839477805447,-0.20132665281702278,6.201929634373399e-05,-0.3594820315924363
30,60,0.0,1,0.0,999.0,1,1,100,200,-0.34038713097771733,-0.07990415583696608,-0.5170271589094126,-0.4245485128509188,991,751,240,0.03042633623858028,0.06140396933739368,0.04591515278798698,0.0154888165494067,0.49678881828689514,-0.27660530099086733,6.581765223767715e-05,-0.35964516093421833
12,200,0.01,1,0.2,1.5,1,1,100,200,-0.33518935967344343,-0.07845763698313712,-0.5017778153354278,-0.6074015791384226,630,451,179,0.0134936469599916,0.03271028037383177,0.02310196366691169,0.009608316706920089,0.08708563471375586,-0.1619475909523097,-4.123569452670875e-05,-0.3597166236077721
20,60,0.005,1,-0.2,1.5,1,1,100,200,-0.30729596583687624,-0.07084600057945212,-0.5359135701476399,-0.4193367177859648,762,589,173,0.030032552766985195,0.0569148377612097,0.043473695264097445,0.013441142497112254,0.2449284994794343,-0.18546287063940803,3.460910619059089e-05,-0.3597696215425703
20,120,0.0,1,0.0,1.5,1,1,100,200,-0.33757405946896457,-0.07912016207961747,-0.5118235626689025,-0.4973976867509912,919,685,234,0.024204557387377926,0.0544471280058805,0.03932584269662921,0.015121285309251286,0.32554966914532657,-0.208684730632823,5.099256485119879e-05,-0.3599018277516183
48,60,0.005,1,0.0,2.5,1,1,100,200,-0.38572172499537416,-0.09292323999626195,-0.4768721262191652,-0.5731726283581063,822,637,185,0.024939619867688754,0.05098183345584375,0.03796072666176625,0.013021106794077496,0.21124715848526665,-0.23498129227199704,-6.776729841074881e-06,-0.36001793452374986
12,96,0.0,1,0.0,2.5,1,1,100,200,-0.3600392365932379,-0.08545703102859858,-0.5003524529501002,-0.4878146343388713,987,748,239,0.028693688963561902,0.06045888900556547,0.044576288984563686,0.015882600021001784,0.3884625801493675,-0.24491282521530255,5.0417221338548084e-05,-0.36002398922059226
30,60,0.0025,1,-0.2,999.0,1,1,100,200,-0.35508766354181776,-0.08404520372508262,-0.5126880130323164,-0.39438820398357544,967,732,235,0.039693373936784626,0.07686653365536071,0.05827995379607267,0.01858657985928804,0.3305811640281635,-0.2138721028825561,4.6081312581797666e-05,-0.3601086204404196
20,60,0.01,1,-0.2,1.5,1,1,100,200,-0.3250398246736461,-0.07565894417293895,-0.5213386765709505,-0.483160963124344,660,509,151,0.025963456893835977,0.050115509818334555,0.038039483356085264,0.012076026462249291,0.14380380724765374,-0.17912008169179428,-3.7241436865334088e-06,-0.36048633061463137
48,96,0.01,1,-0.2,1.5,1,1,100,200,-0.316472437808372,-0.07332260286926906,-0.5312712147986474,-0.43480982484503905,739,563,176,0.02677727606846582,0.056127270818019534,0.041452273443242676,0.014674997374776856,0.11880093836259586,-0.11587198529704379,2.3755966220291367e-05,-0.3606987015108447
30,96,0.0025,1,0.0,1.5,1,1,100,200,-0.35529800502144715,-0.08410500112403363,-0.497681266976166,-0.5563659932400102,827,623,204,0.022629423500997586,0.04961671742098078,0.036123070460989185,0.0134936469599916,0.1937990873656612,-0.18331712310032133,1.5520452726783454e-05,-0.3607639342741171
12,96,0.0025,1,-0.2,2.5,1,1,100,200,-0.35534933246875966,-0.08411959523095347,-0.5108160954256638,-0.42644829411517576,968,733,235,0.037278168644334767,0.07539640869473906,0.05633728866953691,0.01905912002520214,0.2652619998568475,-0.17321027983352,4.390081549037605e-05,-0.36085005764954414
30,60,0.01,1,0.2,2.5,1,1,100,200,-0.3550076635820023,-0.08402246485205334,-0.49109502164276053,-0.625754215479613,617,463,154,0.01504252861493227,0.03263152367951276,0.023837026147222513,0.008794497532290245,0.15958816021694533,-0.24270666268251406,-6.801385045769404e-05,-0.3608576864474142
20,120,0.0,1,0.2,2.5,1,1,100,200,-0.34629160997308794,-0.08155845191193334,-0.5060207511124215,-0.5269453633393294,895,659,236,0.02081801953166019,0.0472277643599706,0.0340228919458154,0.013204872414155203,0.33732506016997177,-0.23520954412387363,4.377417128751204e-05,-0.36091609563511057
12,60,0.0,1,-0.2,1.5,1,1,100,200,-0.2919697141004153,-0.06676756150625396,-0.5533483806373052,-0.3580940921191416,905,690,215,0.033734117399978995,0.06759949595715636,0.050666806678567676,0.01693268927858868,0.3275635914937618,-0.1613825390966055,6.827089970687306e-05,-0.3613464564308636
12,96,0.005,1,0.2,1.5,1,1,100,200,-0.34818467339024994,-0.08209137378510045,-0.4956205787831325,-0.6383948178962284,657,489,168,0.015882600021001784,0.03415415310301376,0.025018376562007772,0.009135776541005985,0.13495601306903127,-0.20228647831106839,-4.415768134144202e-05,-0.3618214040714781
48,120,0.0025,1,0.2,1.5,1,1,100,200,-0.34059973645419717,-0.07996351690991188,-0.5065695308925047,-0.5770158676289092,764,560,204,0.017457733907382127,0.0397196261682243,0.028588680037803214,0.011130946130421086,0.11268003680311933,-0.13159802755352212,8.377768751082583e-06,-0.3620990757376097
20,96,0.005,1,0.0,1.5,1,1,100,200,-0.35093273184401574,-0.08286719511087526,-0.502222939219488,-0.5638974471555956,758,578,180,0.021421820854772657,0.04562637824215058,0.03352409954846162,0.012102278693688963,0.20972538519478645,-0.21613425474252979,-5.771851775121242e-07,-0.36217353707839905
48,60,0.005,1,0.0,1.5,1,1,100,200,-0.35959341513880705,-0.08532955805305042,-0.4946310236050805,-0.5932548871502286,734,565,169,0.021185550771815605,0.04391998319857188,0.03255276698519374,0.011367216213378138,0.18330332437599828,-0.21875789979009563,-1.6585072883262144e-05,-0.3623078142131021
48,60,0.0,1,-0.2,1.5,1,1,100,200,-0.3223784663050091,-0.07493065972286561,-0.5335229109881683,-0.41487726883992504,892,681,211,0.0329728026882285,0.06710070355980258,0.050036753124015544,0.017063950435787043,0.2702361361201029,-0.16661339825882926,4.9066934205815924e-05,-0.362435978658946
12,60,0.005,1,-0.2,999.0,1,1,100,200,-0.3452309616079621,-0.08126040500593668,-0.5242651094746622,-0.38489760998722594,923,708,215,0.038538275753439044,0.07308621232804788,0.05581224404074346,0.01727396828730442,0.24588176917133753,-0.16614923606110443,4.517321889344773e-05,-0.3626378402426291
20,96,0.0025,1,0.0,1.5,1,1,100,200,-0.3583417730792843,-0.08497205713531653,-0.49898490750663926,-0.5680733908417684,813,613,200,0.022498162343799224,0.048855402709230285,0.03567678252651475,0.01317862018271553,0.2111215684274812,-0.20438880528721637,9.069361886286331e-06,-0.36286818043072455
48,200,0.01,1,0.2,1.5,1,1,100,200,-0.3217792006153868,-0.07476698549223382,-0.5199994881809489,-0.5655146535145218,648,460,188,0.013441142497112254,0.0334453428541426,0.02344324267562743,0.010002100178515173,0.05523415733245818,-0.11127199518235142,-1.67696614809034e-05,-0.36304246225843434
48,60,0.0,1,0.0,1.5,1,1,100,200,-0.3603213562169604,-0.0855377337167712,-0.4986299700676693,-0.5664669543820009,844,642,202,0.023495747138506773,0.05001050089257587,0.03675312401554132,0.013257376877034549,0.23537243712417832,-0.21026379403255424,1.584240279084163e-05,-0.3631760664697059
12,96,0.01,1,0.2,1.5,1,1,100,200,-0.35677455187087836,-0.0845252043859902,-0.48786543124725446,-0.6946435372573084,572,417,155,0.013257376877034549,0.029901291609786832,0.02157933424341069,0.008321957366376143,0.06843229878785806,-0.19858864022301104,-0.00010235614071456211,-0.3631900968724828
12,60,0.005,1,-0.2,1.5,1,1,100,200,-0.3061867152505545,-0.07054841008714063,-0.5442048439812336,-0.41106071281690787,776,596,180,0.030032552766985195,0.05817494487031398,0.044103748818649584,0.014071196051664391,0.23093843249803991,-0.169088673009824,3.8320707869082875e-05,-0.3632038677186028
20,120,0.005,1,0.2,2.5,1,1,100,200,-0.3530068488723649,-0.08345449358047896,-0.5029101162292591,-0.5668272312784498,776,578,198,0.01827155308201197,0.041005985508768245,0.029638769295390107,0.011367216213378138,0.24582015045051953,-0.23441620554876685,3.2738585758537142e-06,-0.36325091325903097
48,60,0.0,1,0.0,2.5,1,1,100,200,-0.3877487269198858,-0.09352307844029262,-0.4849806886949781,-0.550401153930316,939,717,222,0.027407329623017958,0.05775490916727922,0.04258111939514859,0.01517378977213063,0.3024902302902204,-0.24819108036172643,2.1288368581689855e-05,-0.36353348048429746
48,96,0.0,1,-0.2,999.0,1,1,100,200,-0.32808094557462253,-0.07649396849272017,-0.5435174640503295,-0.31415771166784195,1136,856,280,0.04305365956106269,0.08973012706080016,0.06639189331093143,0.02333823374986874,0.3270764042246146,-0.10636126357564246,7.968769836043466e-05,-0.363960586101277
48,96,0.0025,1,0.2,1.5,1,1,100,200,-0.34341229487339986,-0.08075024914320572,-0.5073031581540727,-0.5919272380511251,738,544,194,0.017142707130106058,0.038564527984878715,0.027853617557492386,0.010710910427386328,0.12427704261557371,-0.15527734014055672,-3.839241142902066e-06,-0.3639981901227983
48,96,0.005,1,0.2,1.5,1,1,100,200,-0.3374560820811118,-0.07908734039757448,-0.5107698910184728,-0.5909468357987611,685,504,181,0.015672582169484407,0.03562427806363541,0.025648430116559907,0.0099758479470755,0.13867237947346656,-0.18040567185701784,-1.823988107492764e-05,-0.36401962769674895
48,120,0.0,1,0.2,2.5,1,1,100,200,-0.3353465824243951,-0.07850125854076628,-0.5216893538706856,-0.49444608768145676,915,677,238,0.02150057754909167,0.048330358080436835,0.034915467814764255,0.013414890265672582,0.2907848734435692,-0.18626913473776008,5.8047252913344254e-05,-0.36406823986018194
30,60,0.0025,1,-0.2,2.5,1,1,100,200,-0.3535704076616416,-0.0836143287238238,-0.5180649611809252,-0.4330481175729478,904,683,221,0.03575553922083377,0.07082852042423605,0.05329202982253491,0.017536490601701146,0.343685880194754,-0.2439096879901541,3.494968296570944e-05,-0.36429921519293373
20,96,0.005,1,0.0,999.0,1,1,100,200,-0.3678858997388893,-0.08771232557246644,-0.5036998679073115,-0.49501381791775956,904,693,211,0.028037383177570093,0.056809828835451014,0.04242360600651055,0.01438622282894046,0.32113083249042296,-0.24803115558530986,2.9622028698998092e-05,-0.3643129504220102
48,60,0.0025,1,0.2,2.5,1,1,100,200,-0.37301788306254935,-0.08919950597689541,-0.488752627602444,-0.6177927058186209,773,585,188,0.018980363330883127,0.04082221988869054,0.029901291609786832,0.010920928278903707,0.17344113296620445,-0.21351464299259504,-1.8268969737125424e-05,-0.3644654550690484
30,96,0.0,1,-0.2,999.0,1,1,100,200,-0.3443695082675521,-0.08101861685193723,-0.5324869736333895,-0.34641614766331924,1103,831,272,0.042239840386432845,0.08776120970282474,0.06500052504462879,0.022760684658195945,0.2625403360947536,-0.09845546232948277,6.85352195784888e-05,-0.3645829110517979
12,60,0.005,1,0.2,999.0,1,1,100,200,-0.34487276685323953,-0.0811598379167423,-0.5126999500554652,-0.5419979563668693,765,586,179,0.02026672267142707,0.041005985508768245,0.03063635409009766,0.010369631418670587,0.29765425253627575,-0.25983960750676105,8.378234548018282e-06,-0.3646097107628184
12,60,0.0025,1,-0.2,999.0,1,1,100,200,-0.36351498036067076,-0.08645328774720717,-0.5157824777935663,-0.4054127958056493,988,752,236,0.04050719311141447,0.07841541531030137,0.05946130421085792,0.018954111099443453,0.23771502868789107,-0.15712601532459192,4.466208668216394e-05,-0.36461516643427283
30,200,0.01,1,0.0,1.5,1,1,100,200,-0.34876226042276137,-0.08225421848806214,-0.509104971732046,-0.5639400494886744,748,555,193,0.018980363330883127,0.044024992124330566,0.03150267772760685,0.012522314396723721,0.1523809779590639,-0.1784949535336453,-2.0127276314207164e-06,-0.3650037068285189
30,96,0.005,1,0.2,1.5,1,1,100,200,-0.34517348474169085,-0.08124426478445612,-0.5067192998272441,-0.6171942339343834,670,498,172,0.01572508663236375,0.034784206657565896,0.025254646644964823,0.00952956001260107,0.1186228123087465,-0.18159623140708303,-3.383162412007815e-05,-0.36546362639479735
12,96,0.005,1,0.0,1.5,1,1,100,200,-0.3527935119764717,-0.08339401655632617,-0.5074375547602299,-0.5719572961864655,762,583,179,0.021946865483566103,0.04546886485351255,0.033707865168539325,0.011760999684973223,0.21699366413842447,-0.2214937150823416,-1.3962084540134738e-06,-0.36571065874576436
48,60,0.0025,1,0.0,1.5,1,1,100,200,-0.371826332987216,-0.08885334514764776,-0.492876230097518,-0.6092566975619583,786,600,186,0.022288144492281843,0.046965242045573875,0.03462669326892786,0.012338548776646014,0.17402543321772224,-0.20727485033238557,-1.078547442616895e-05,-0.3657542950745047
20,120,0.0025,1,0.0,1.5,1,1,100,200,-0.3554493215176596,-0.08414802812492794,-0.5086828142235554,-0.5512227224773006,856,639,217,0.02281318912107529,0.05111309461304211,0.0369631418670587,0.014149952745983409,0.26087967693199277,-0.2156535262332433,2.2828985767225557e-05,-0.3660505713605707
20,60,0.0025,1,0.2,999.0,1,1,100,200,-0.35460369664562197,-0.08390767732790372,-0.5088438349804206,-0.5564804129236403,803,614,189,0.02115929854037593,0.04263362385802793,0.031896461199201934,0.010737162658826,0.30262176110966776,-0.25967743675735266,1.1229885412827365e-05,-0.36615361546429603
12,96,0.0,1,0.2,1.5,1,1,100,200,-0.3454165947998601,-0.08131254086505446,-0.5099773781945727,-0.6010329807755354,771,567,204,0.018219048619132625,0.03985088732542266,0.029034967972277642,0.010815919353145017,0.221505368437394,-0.21198950273771255,4.7870802638269705e-06,-0.36635287900111757
48,96,0.0025,1,0.0,999.0,1,1,100,200,-0.3638993238515721,-0.08656371960188414,-0.5133423916668782,-0.46512891057181166,1003,759,244,0.02977003045258847,0.06284784206657566,0.046308936259582066,0.016538905806993593,0.3682460402945418,-0.23225886969937626,5.2091591950202844e-05,-0.3664913609639138
20,60,0.0,1,0.2,999.0,1,1,100,200,-0.3456510118154418,-0.081378394764275,-0.5186974851581143,-0.5167587041375735,867,656,211,0.022340648955161187,0.04607266617662501,0.0342066575658931,0.011866008610731912,0.34693199891906823,-0.250489873431352,3.8296433798780745e-05,-0.3665650725502108
12,60,0.0,1,0.2,1.5,1,1,100,200,-0.3356162549416002,-0.07857609858433168,-0.517743880107536,-0.5832936279051423,745,554,191,0.01785151737897721,0.038538275753439044,0.028194896566208126,0.010343379187230915,0.23756836397643744,-0.22077127970370736,5.7170932811178786e-06,-0.3666127200333568
20,96,0.01,1,0.2,2.5,1,1,100,200,-0.3620132796461205,-0.08602232085470207,-0.49867720902284995,-0.6271331622949169,649,479,170,0.015016276383492597,0.0344954321117295,0.024755854247611047,0.00973957786411845,0.12875462168987406,-0.2180555513996667,-5.902720059410277e-05,-0.3667175834808729
12,120,0.0025,1,0.2,2.5,1,1,100,200,-0.3613306436172662,-0.08582668216358647,-0.5041492623243871,-0.576447414892881,830,616,214,0.019584164653995588,0.04405124435577024,0.031817704504882915,0.012233539850887326,0.24710417604898938,-0.2243770899966805,1.2240815710814885e-05,-0.36672368407042405
30,200,0.0,1,0.0,1.5,1,1,100,200,-0.3392949042018929,-0.0795994388180119,-0.5265823021330371,-0.4786973102123492,1025,765,260,0.02724981623437992,0.06006510553397039,0.04365746088417515,0.016407644649795234,0.32753528847127256,-0.16901503417655062,7.003347515344026e-05,-0.36682545539514794
20,96,0.0,1,-0.2,2.5,1,1,100,200,-0.35290774556860993,-0.08342639766197757,-0.5264685006097842,-0.40686679516401686,1022,766,256,0.03824950120760265,0.07978053134516434,0.059015016276383496,0.020765515068780847,0.31150574107375695,-0.17742409250701296,5.2961272082208316e-05,-0.36700398772507054
12,96,0.0025,1,-0.2,999.0,1,1,100,200,-0.3727153145803591,-0.08911155607809662,-0.5144037557702368,-0.41660106913061423,1033,785,248,0.04129476005460464,0.08156568308306206,0.06143022156883335,0.02013546151422871,0.23996843984595806,-0.1519465013610315,4.598561111902284e-05,-0.36714348741974573
12,96,0.0,1,0.0,999.0,1,1,100,200,-0.3572491564568532,-0.08466043364046483,-0.5202346986972062,-0.447400751888797,1055,799,256,0.03171269557912423,0.06531555182190486,0.04851412370051454,0.016801428121390318,0.42970949543439896,-0.23802190852460325,6.521811698153405e-05,-0.36714782058350776
20,60,0.01,1,0.0,2.5,1,1,100,200,-0.3961727404766816,-0.09603309457933817,-0.47897073036870885,-0.6420710096206836,703,542,161,0.021080541846056913,0.04292239840386433,0.03200147012496062,0.010920928278903707,0.1474364709167939,-0.25204279125185103,-5.9149476504887196e-05,-0.3676220102447268
12,96,0.005,1,-0.2,2.5,1,1,100,200,-0.36157255115450704,-0.08589599202263432,-0.518482307072867,-0.4509004948494078,903,690,213,0.03567678252651475,0.07038223248976162,0.053029507508138195,0.01735272498162344,0.205279614605282,-0.16793599344113053,3.009004972550007e-05,-0.3676821703015382
12,200,0.01,1,0.0,1.5,1,1,100,200,-0.34987627890980844,-0.0825686310633067,-0.5134927120228754,-0.5675322266307221,735,550,185,0.01892785886800378,0.04360495642129581,0.031266407644649795,0.012338548776646014,0.15965451599269964,-0.19032538196164794,-7.06483791743027e-06,-0.3676915984062805
48,96,0.0,1,0.0,999.0,1,1,100,200,-0.3499435385502031,-0.08258762773161665,-0.5286551740757897,-0.42150516080094114,1073,810,263,0.03131891210752914,0.06681192901396618,0.04906542056074766,0.017746508453218523,0.43803857248264344,-0.22689620898332996,7.292814946188466e-05,-0.36799047280955854
20,120,0.0025,1,0.0,2.5,1,1,100,200,-0.39158422454893793,-0.09466245412908181,-0.4912444681751613,-0.5571351731456973,952,716,236,0.02656725821694844,0.05880499842486611,0.04268612832090728,0.016118870103958835,0.2879148365131936,-0.2395175577183607,2.1130926060862674e-05,-0.36814144687394734
48,60,0.0025,1,0.0,999.0,1,1,100,200,-0.38612938812732445,-0.09304374996521247,-0.4974042172132487,-0.5287775391620647,938,719,219,0.02908747243515699,0.058594980573348734,0.04384122650425286,0.014753754069095874,0.2945166917881381,-0.24193885344074872,2.353366528642672e-05,-0.36818473552994
20,96,0.0,1,-0.2,1.5,1,1,100,200,-0.32597681392254263,-0.07591589931210418,-0.5432698007649217,-0.41357845347504296,927,700,227,0.03336658615982358,0.06959466554657145,0.05148062585319752,0.018114039693373937,0.2493364664537756,-0.14228846116996696,5.2623775360361434e-05,-0.3682297223683172
30,120,0.01,1,0.2,1.5,1,1,100,200,-0.3458578618672783,-0.08143652005292545,-0.5089760638969627,-0.6463923781275602,606,436,170,0.01317862018271553,0.03150267772760685,0.022340648955161187,0.009162028772445659,0.10831273731436863,-0.20083963136954852,-6.736592384751828e-05,-0.36824417090778483
48,60,0.01,1,0.0,1.5,1,1,100,200,-0.37407523071918114,-0.08950712017255913,-0.49100902556165527,-0.6649897829134588,654,500,154,0.01814029192481361,0.03887955476215478,0.028509923343484195,0.010369631418670587,0.09054439980507945,-0.2039715365161835,-6.424283645804614e-05,-0.3682611220990597
12,96,0.0025,1,0.0,999.0,1,1,100,200,-0.3767526094312008,-0.0902879129704115,-0.505593253853077,-0.505064151750163,982,747,235,0.030137561692743883,0.060905176940039905,0.04552136931639189,0.01538380762364801,0.35796156130314705,-0.2499937025079213,3.905972399470371e-05,-0.36833774748445813
20,60,0.01,1,0.2,1.5,1,1,100,200,-0.3618736210007425,-0.08598228204907266,-0.4929446685532808,-0.7238430425483101,538,400,138,0.013021106794077496,0.028037383177570093,0.020529244985823796,0.007508138191746299,0.08449746680700154,-0.2299257745474257,-0.00013382659467552378,-0.36864676845312855
30,200,0.005,1,0.0,1.5,1,1,100,200,-0.34612718005592746,-0.08151222105189737,-0.5223501412823359,-0.5197180831382147,863,649,214,0.023390738212748084,0.05106059015016277,0.037225664181455426,0.01383492596870734,0.24344305080580342,-0.19032203633450884,3.2949021730616105e-05,-0.36867319584997604
30,96,0.0,1,-0.2,1.5,1,1,100,200,-0.31879299453346877,-0.0739530991830758,-0.5500417630290428,-0.39642194587916985,942,711,231,0.03331408169694424,0.07064475480415836,0.051979418250551294,0.018665336553607057,0.2687666318557369,-0.139994530221498,5.889613326450993e-05,-0.3687950779915557
30,200,0.0025,1,0.0,1.5,1,1,100,200,-0.3542006759810976,-0.08379321594007672,-0.5177712380199402,-0.5242674291851257,947,705,242,0.025097133256326787,0.05575973957786412,0.040428436417095454,0.015331303160768665,0.2475045459730567,-0.1687238639347336,4.512569064444333e-05,-0.3688922064093031
48,96,0.0025,1,-0.2,1.5,1,1,100,200,-0.3122426163254687,-0.07217774977195357,-0.554799071859817,-0.38770527740716365,907,680,227,0.03226399243935735,0.06838706290034653,0.05032552766985194,0.018061535230494592,0.26913531954300085,-0.14703908082268213,5.747192967917287e-05,-0.36896254957222024
30,60,0.0025,1,0.2,1.5,1,1,100,200,-0.3595453868651556,-0.08531582964552364,-0.5012240215968373,-0.664780912565407,671,501,170,0.01638139241835556,0.03460044103748819,0.025490916727921874,0.009109524309566313,0.14156349668290713,-0.21525144914715066,-5.1410851315042784e-05,-0.36916688607221265
48,120,0.0,1,0.0,2.5,1,1,100,200,-0.3744435600267868,-0.08961437584753151,-0.5098410171828374,-0.4943532498591041,1047,788,259,0.02908747243515699,0.06416045363855928,0.04662396303685813,0.017536490601701146,0.3363391637241402,-0.20975852106611326,5.24008468502999e-05,-0.3692525469319054
12,60,0.0025,1,-0.2,1.5,1,1,100,200,-0.32349478546411703,-0.07523586296777984,-0.5460897620874269,-0.43122347335132843,839,640,199,0.03171269557912423,0.06284784206657566,0.04728026882284994,0.015567573243725716,0.21912193126188284,-0.15577909636070142,3.9308240827771364e-05,-0.3698419176790597
30,60,0.01,1,0.2,1.5,1,1,100,200,-0.3663724495018721,-0.08727559220645709,-0.4918340361172948,-0.7339608273148609,547,404,143,0.013073611256956842,0.028404914417725507,0.020739262837341173,0.0076656515803843325,0.07274860336195066,-0.22349306250142797,-0.00013428996766674797,-0.36989065163084756
20,120,0.005,1,0.0,2.5,1,1,100,200,-0.3870337484690457,-0.09331131809942217,-0.497737360447568,-0.5589812416206845,885,676,209,0.025333403339283838,0.05463089362595821,0.03998214848262102,0.014648745143337184,0.25723305135070573,-0.24099586414675778,9.213404733831198e-06,-0.3701290604042404
30,96,0.0025,1,0.2,1.5,1,1,100,200,-0.3573828280907696,-0.08469853516184556,-0.5076265245875177,-0.6337126392127076,721,534,187,0.016880184815709336,0.03751443872729182,0.027197311771500577,0.010317126955791242,0.0960460565491581,-0.15913584928783386,-2.5586971398043565e-05,-0.3701974294162398
48,200,0.0025,1,0.2,1.5,1,1,100,200,-0.3491385498853038,-0.08236037157561316,-0.5180053442892387,-0.5786722412452281,835,611,224,0.01890160663656411,0.042948650635304,0.030925128635934055,0.012023521999369947,0.1025819802870307,-0.10372568701349882,2.2974161102541732e-05,-0.37029665578249393
12,96,0.0,1,0.0,1.5,1,1,100,200,-0.3485959053835578,-0.08220730456077396,-0.5231214663878478,-0.5332659967968053,889,670,219,0.024624593090412684,0.05260947180510343,0.03861703244775806,0.013992439357345374,0.28750829599047156,-0.21078992218484938,3.590439289677369e-05,-0.37043133759453817
20,120,0.01,1,0.2,1.5,1,1,100,200,-0.35429079328788415,-0.08381880508155426,-0.5068601566786857,-0.6689842606889167,603,434,169,0.01317862018271553,0.03134516433896881,0.022261892260842173,0.00908327207812664,0.09141527365731705,-0.2001298612444068,-7.989006731858228e-05,-0.3706980964553429
20,60,0.0025,1,0.2,1.5,1,1,100,200,-0.35850156687542034,-0.0850176672451467,-0.5050174308279065,-0.6648005525150072,665,501,164,0.01638139241835556,0.034232909797332775,0.025307151107844168,0.008925758689488606,0.14760608987906698,-0.22045393484824727,-5.323265080072141e-05,-0.3707664102848503
30,60,0.005,1,0.0,2.5,1,1,100,200,-0.38648751218873534,-0.09314966843629591,-0.497779548546848,-0.5818749103682428,809,626,183,0.02512338548776646,0.04990549196681718,0.03751443872729182,0.01239105323952536,0.28971781051527334,-0.2870734962619246,-1.1613800008208468e-05,-0.37113318822813207
20,120,0.0025,1,0.2,1.5,1,1,100,200,-0.35680377828258225,-0.0845335295714964,-0.5103612939830984,-0.628473516331929,746,545,201,0.01693268927858868,0.0386695369106374,0.027801113094613042,0.010868423816024361,0.14886609425392083,-0.18697027272678646,-1.542375628267517e-05,-0.37113785237964203
48,96,0.005,1,0.0,999.0,1,1,100,200,-0.3650287682348915,-0.08688854742466534,-0.5213076580496305,-0.47660445227167425,934,714,220,0.028089887640449437,0.058489971647590046,0.043289929644019745,0.015200042003570304,0.3261392950651911,-0.23610942904350485,3.875025326731817e-05,-0.3713725990630643
12,120,0.005,1,0.2,2.5,1,1,100,200,-0.36076041349652777,-0.08566338638734405,-0.5126150684720603,-0.5886901052497966,771,575,196,0.018402814239210332,0.0407697154258112,0.029586264832510763,0.01118345059330043,0.24049180573022766,-0.24223916671183876,-6.439168570263703e-06,-0.371405425885864
30,120,0.01,1,0.0,1.5,1,1,100,200,-0.35462090898196974,-0.08391256705456063,-0.5163529642858633,-0.590387506691701,702,526,176,0.018297805313451643,0.0417147957576394,0.03000630053554552,0.011708495222093877,0.18026244973337757,-0.2231954046967506,-2.339989584731559e-05,-0.3716084245320773
20,200,0.01,1,-0.2,1.5,1,1,100,200,-0.32858698539786113,-0.07663320902625892,-0.5452262926287038,-0.44744385291979544,791,597,194,0.027722356400294024,0.0593825475165389,0.04355245195841646,0.01583009555812244,0.12485155013720783,-0.11345462814713281,2.7090102802868635e-05,-0.3716185479866006
30,96,0.0025,1,0.0,999.0,1,1,100,200,-0.3830424328996712,-0.09213279792502793,-0.5079257879061038,-0.5112428923042281,982,744,238,0.029376246980993385,0.061456473800273026,0.0454163603906332,0.01604011340963982,0.30515838462711065,-0.22752577802860863,3.4964771348696497e-05,-0.3716578364932912
48,60,0.005,1,0.2,2.5,1,1,100,200,-0.37578285347683194,-0.09000479774791137,-0.49957710175391856,-0.6381360612628817,725,551,174,0.01790402184185656,0.03827575343904232,0.028089887640449437,0.01018586579859288,0.16609738631720017,-0.23074205058973274,-4.019784461148109e-05,-0.37170015168801473
20,120,0.005,1,0.2,1.5,1,1,100,200,-0.35137395383694836,-0.08299200388818195,-0.5145414148471008,-0.629804334402874,691,507,184,0.01572508663236375,0.03567678252651475,0.02570093457943925,0.0099758479470755,0.157230132933581,-0.2081171841508842,-3.20226840944025e-05,-0.37175292803187604
30,96,0.0,1,0.0,999.0,1,1,100,200,-0.36771166273765044,-0.08766200376837774,-0.5222539809801304,-0.4623938839627518,1049,792,257,0.030741363015856348,0.06539430851622388,0.048067835766040116,0.017326472750183765,0.36928589288390845,-0.21969307895864698,5.782945880176785e-05,-0.37190868845658054
30,200,0.0025,1,0.2,1.5,1,1,100,200,-0.3531223983413728,-0.08348725635560683,-0.5170773826300885,-0.5980764732511855,811,592,219,0.01848157093352935,0.04184605691483776,0.030163813924183557,0.011682242990654205,0.11702021606657143,-0.13121655960713852,1.137199578531603e-05,-0.37192977133321037
12,96,0.005,1,0.0,999.0,1,1,100,200,-0.37742400464405923,-0.09048412981120257,-0.5113792139860912,-0.5168906187734122,914,704,210,0.02877244565788092,0.05686233329833036,0.042817389478105636,0.014044943820224719,0.31672263261538736,-0.2531725298867087,2.465284844933566e-05,-0.3720182677429188
30,96,0.005,1,0.0,999.0,1,1,100,200,-0.3749933947036366,-0.08977457901232111,-0.51407824268037,-0.5046380900204568,915,704,211,0.02811613987188911,0.057361125695684134,0.042738632783786625,0.014622492911897511,0.27786413325714565,-0.22707146486882201,2.713101707364318e-05,-0.37204560485352894
48,60,0.0,1,0.0,999.0,1,1,100,200,-0.3755783656517714,-0.08994514350628324,-0.5156865453263276,-0.4878329433408968,1004,766,238,0.03040008400714061,0.06248031082642025,0.046440197416780425,0.01604011340963982,0.3472946720505514,-0.23425229941895254,4.4832259213272944e-05,-0.3721800633364919
12,60,0.01,1,0.0,2.5,1,1,100,200,-0.40478551881212277,-0.09862848154843484,-0.48163520464725706,-0.6579035173084135,710,543,167,0.020739262837341173,0.04352619972697679,0.03213273128215898,0.01139346844481781,0.12207764776489638,-0.24340463712392835,-6.44895134550293e-05,-0.37234125973748405
20,96,0.0,1,0.2,999.0,1,1,100,200,-0.3562155354883365,-0.08436602597381593,-0.5234309834895323,-0.5258912047918384,910,677,233,0.022524414575238894,0.04861913262627323,0.035571773600756064,0.01304735902551717,0.28587516363558296,-0.2107854361996614,4.03746175558948e-05,-0.372376077958174
20,96,0.0025,1,-0.2,2.5,1,1,100,200,-0.3715519746348913,-0.08877371486558683,-0.5219678640052161,-0.45453334288320263,958,719,239,0.03628058384962722,0.07502887745458364,0.05565473065210543,0.01937414680247821,0.2244230386646051,-0.17126256995003308,3.365699840361627e-05,-0.37248431401235504
48,60,0.01,1,0.2,2.5,1,1,100,200,-0.38257224691883784,-0.09199436744167178,-0.49231050022259504,-0.6869361264776099,638,479,159,0.015016276383492597,0.033655360705659984,0.02433581854457629,0.009319542161083692,0.07681990893965751,-0.2111078097813298,-9.110844101912172e-05,-0.3724964238768498
20,200,0.005,1,0.0,1.5,1,1,100,200,-0.35023933546525465,-0.08267119064201367,-0.526788913736886,-0.5302075964187243,850,643,207,0.023180720361230703,0.050640554447128006,0.03691063740417935,0.013729917042948651,0.22454952741837797,-0.1882947120070576,2.6449302152485612e-05,-0.3725760273313929
48,96,0.01,1,0.0,2.5,1,1,100,200,-0.3943483628901455,-0.09548713843339074,-0.4946114727865728,-0.6017095918146514,781,595,186,0.021526829780531345,0.04788407014596241,0.03470544996324688,0.01317862018271553,0.12363312098667256,-0.2034138145538128,-2.703451349955088e-05,-0.3728783544174097
20,96,0.01,1,0.0,1.5,1,1,100,200,-0.3747707935709078,-0.08970970702127712,-0.500930006695105,-0.6561621193165753,668,504,164,0.018114039693373937,0.04006090517694004,0.02908747243515699,0.010973432741783052,0.11577353503692067,-0.21737478963090562,-5.768284133287652e-05,-0.3729828163346584
20,120,0.0,1,0.0,2.5,1,1,100,200,-0.3864855543425707,-0.09314908925093657,-0.5067405085525345,-0.5308412925124674,1020,765,255,0.028142392103328782,0.06253281528929959,0.045337603696314184,0.017195211592985402,0.36117089883218667,-0.24931504106059554,3.889737906263882e-05,-0.3730614081528272
48,120,0.0,1,-0.2,1.5,1,1,100,200,-0.3085388990075437,-0.07117990870981095,-0.5680498372668488,-0.36150164863210277,1008,757,251,0.0349679722776436,0.07518639084322168,0.055077181560432634,0.020109209282789038,0.314720690376846,-0.12929023739050438,7.355457420079606e-05,-0.3732799097748405
30,60,0.0,1,0.0,1.5,1,1,100,200,-0.35031284961662457,-0.08269196318052319,-0.5262879576647104,-0.5500843916849267,834,629,205,0.023521999369946447,0.04909167279218733,0.03630683608106689,0.012784836711120445,0.3328790704953499,-0.26029318820590663,2.1265705199475367e-05,-0.3733401615971247
48,96,0.0,1,-0.2,2.5,1,1,100,200,-0.33872306456722545,-0.07944006368774281,-0.5515521774006678,-0.37052719685423546,1068,799,269,0.03903706815079282,0.08308831250656305,0.061062690328677935,0.02202562217788512,0.37048854621660987,-0.17684955753267295,6.602642026300621e-05,-0.37374251223078847
48,96,0.0025,1,-0.2,2.5,1,1,100,200,-0.35032993208850793,-0.08269679036124589,-0.5420411484584388,-0.40272569053282475,1002,749,253,0.0369631418670587,0.07849417200462039,0.05772865693583955,0.020765515068780847,0.27282286554362667,-0.15751759703267798,5.177052782175293e-05,-0.3738536491171065
48,96,0.0,1,0.2,999.0,1,1,100,200,-0.3495988471725203,-0.08249029045059686,-0.5329913287302175,-0.5013142576409351,941,701,240,0.02310196366691169,0.05040428436417096,0.03675312401554132,0.013651160348629633,0.2933311237258489,-0.1948844250828975,5.3323472006712074e-05,-0.37405166769775233
20,96,0.0025,1,0.2,999.0,1,1,100,200,-0.3715703987966621,-0.0887790614577686,-0.5128783989875719,-0.5793724384050674,847,635,212,0.021316811929013964,0.04525884700199517,0.03328782946550457,0.011971017536490602,0.23790915844745286,-0.22457898474062588,9.254106036752092e-06,-0.3741868828718079
48,200,0.0025,1,0.2,2.5,1,1,100,200,-0.37419627094683805,-0.08954236091859624,-0.5120604796688923,-0.5725962701287315,942,694,248,0.021526829780531345,0.04935419510658406,0.035440512443557705,0.013913682663026358,0.18144649293934512,-0.1515466955360325,3.256120831645219e-05,-0.374202414259479
12,96,0.005,1,0.2,999.0,1,1,100,200,-0.3662948592147698,-0.08725322462338381,-0.5160420155645121,-0.5843987932381453,796,604,192,0.020634253911582485,0.04242360600651055,0.03152892995904652,0.010894676047464035,0.23537330964084435,-0.23619684733258706,-2.311260289834612e-06,-0.37449417206754715
20,60,0.005,1,0.2,1.5,1,1,100,200,-0.36254170254091966,-0.08617387814782618,-0.5077198189828893,-0.6900375431131308,619,469,150,0.015515068780846372,0.03200147012496062,0.023758269452903498,0.008243200672057124,0.14912350330452662,-0.24398079506645953,-8.220827703665178e-05,-0.3745356647949274
20,120,0.01,1,0.0,1.5,1,1,100,200,-0.36867420266646145,-0.08794013596754058,-0.5103935952483967,-0.6288879730194088,697,523,174,0.0182453008505723,0.041452273443242676,0.029848787146907488,0.011603486296335189,0.1513679151669114,-0.2229859166621685,-3.9471682147348484e-05,-0.37458133224270934
48,120,0.01,1,-0.2,1.5,1,1,100,200,-0.33654581086410373,-0.0788342571268984,-0.5446579893077999,-0.4686003685938456,762,579,183,0.026961041688543526,0.05751863908432217,0.042239840386432845,0.01527879869788932,0.06894008492527326,-0.09141585231979465,1.5434984931053123e-05,-0.3745932702104906
30,120,0.0025,1,0.2,2.5,1,1,100,200,-0.3684509064326724,-0.08787558286219799,-0.5149190314118086,-0.5875077524424703,835,618,217,0.019531660191116244,0.04431376667016696,0.031922713430641604,0.01239105323952536,0.22861863811918925,-0.21953522318943086,7.461783809189923e-06,-0.3747104861902258
30,96,0.01,1,0.0,2.5,1,1,100,200,-0.40542971220731416,-0.09882380843507199,-0.4881369013607083,-0.6382446447100456,761,584,177,0.02150057754909167,0.04670271973117715,0.03410164864013441,0.01260107109104274,0.08983684037070949,-0.20176255871968118,-4.467367102150771e-05,-0.3748044913509284
30,200,0.0025,1,0.2,2.5,1,1,100,200,-0.36948482586502895,-0.08817463406481563,-0.5167983431791552,-0.5711010304387826,913,672,241,0.021054289614617243,0.04804158353460044,0.03454793657460884,0.0134936469599916,0.21518692561145913,-0.18086125952118337,2.8845380037452346e-05,-0.3751288571763324
30,96,0.01,1,-0.2,1.5,1,1,100,200,-0.34286927789709865,-0.08059814608710791,-0.5394020813381516,-0.4972689529756241,722,555,167,0.02675102383702615,0.05478840701459624,0.0407697154258112,0.014018691588785047,0.06803486553728888,-0.11715216245660964,6.252181053090473e-07,-0.3751626344049649
48,60,0.0,1,0.2,2.5,1,1,100,200,-0.3770564661049176,-0.09037669484840882,-0.5088212529436922,-0.6143613138450402,829,623,206,0.020109209282789038,0.04352619972697679,0.031817704504882915,0.011708495222093877,0.24014541710395654,-0.23961043016912864,-3.084354059985158e-06,-0.3755053870125069
30,120,0.005,1,0.0,1.5,1,1,100,200,-0.3530126415868604,-0.08345613592922818,-0.5294841260694604,-0.5530263226497054,791,597,194,0.021448073086212327,0.04728026882284994,0.034364170954531134,0.012916097868318807,0.2504013761913899,-0.23148424574033633,8.105705389955436e-06,-0.37584951509644365
12,96,0.0025,1,-0.2,1.5,1,1,100,200,-0.3478889447669331,-0.08200804082429736,-0.5404826739245372,-0.4725418806672139,876,667,209,0.03252651475375407,0.0656568308306206,0.04909167279218733,0.016565158038433267,0.20080787692417212,-0.15837895046362094,3.0942271352268186e-05,-0.37587647181992667
20,96,0.0025,1,-0.2,999.0,1,1,100,200,-0.38517588332891173,-0.09276198297196592,-0.5229086597666106,-0.4370477037619718,1022,770,252,0.04024467079701775,0.0811456473800273,0.06069515908852252,0.020450488291504778,0.20582903828814803,-0.1499486993314031,3.8132933003292125e-05,-0.3760686980433698
48,96,0.005,1,-0.2,1.5,1,1,100,200,-0.3254118411771383,-0.07576092990300476,-0.558194503142982,-0.42593747663153675,843,638,205,0.03042633623858028,0.06313661661241206,0.04678147642549617,0.016355140186915886,0.18903689870039742,-0.1351430399891541,3.960847574044818e-05,-0.3761550553060726
48,200,0.0,1,-0.2,1.5,1,1,100,200,-0.3295719340287021,-0.07690446566671716,-0.5608541910050096,-0.3775890504144341,1148,864,284,0.0394308516223879,0.08405964506983093,0.06174524834610942,0.022314396723721517,0.325982601176257,-0.10223693121489574,7.987260685589038e-05,-0.37621101368994364
48,96,0.0,1,0.2,1.5,1,1,100,200,-0.3438544229923366,-0.08087416681789339,-0.5328632010411999,-0.5792647035801755,795,583,212,0.01837656200777066,0.04116349889740628,0.02977003045258847,0.01139346844481781,0.21170064538708067,-0.19410196766946008,1.5260304015326205e-05,-0.3762690025175021
12,96,0.0025,1,0.0,1.5,1,1,100,200,-0.3690611470780911,-0.08805204167167047,-0.5171052811354322,-0.596302795377926,824,623,201,0.023154468129791033,0.04903916832930799,0.036096818229549514,0.01294235009975848,0.20955117285952363,-0.21234306933654734,2.680370945452885e-06,-0.37641982200828283
20,200,0.01,1,0.2,2.5,1,1,100,200,-0.36266927912632463,-0.08621048352475558,-0.520027739133293,-0.6048813238244204,712,517,195,0.015541321012286044,0.03754069095873149,0.026541005985508768,0.010999684973222724,0.12868131729389476,-0.19380329779440408,-3.0817604284056984e-05,-0.3764684192826231
48,60,0.005,1,0.0,999.0,1,1,100,200,-0.3889883774438515,-0.09389070394814047,-0.5106693877862543,-0.5449825950271102,880,682,198,0.02790612202037173,0.05505092932899296,0.04147852567468235,0.013572403654310616,0.25782021502298047,-0.2456580474813923,8.03927801876054e-06,-0.3764745275926231
30,120,0.01,1,0.2,2.5,1,1,100,200,-0.36616706905407426,-0.08721639028895956,-0.5165614954005429,-0.625632969300468,681,499,182,0.015226294235009976,0.036018061535230496,0.025622177885120234,0.010395883650110259,0.1452816686297258,-0.2220051133857387,-4.858872034491038e-05,-0.3767787864542544
48,200,0.0025,1,-0.2,1.5,1,1,100,200,-0.34137088910927726,-0.08017895717057721,-0.5525818726914056,-0.4108700750048505,1069,801,268,0.036648115089782635,0.0783891630788617,0.05751863908432217,0.020870523994539536,0.26247100654539457,-0.10955323234468317,6.538589838947495e-05,-0.3770133972665225
48,96,0.0025,1,0.2,999.0,1,1,100,200,-0.36518091499955263,-0.08693234009619433,-0.5249737280244622,-0.5527350907729559,879,659,220,0.021868108789247085,0.0472277643599706,0.03454793657460884,0.012679827785361756,0.2286448873569471,-0.19805652929618178,2.447275402065573e-05,-0.3770559586470732
12,60,0.01,1,-0.2,1.5,1,1,100,200,-0.3504817857131358,-0.08273970576225997,-0.535406280732013,-0.533561316267509,671,514,157,0.02570093457943925,0.05090307676152473,0.03830200567048199,0.01260107109104274,0.0904744125441197,-0.16685979625677683,-2.02557698328839e-05,-0.37712091194164193
48,60,0.0,1,-0.2,2.5,1,1,100,200,-0.371526278205351,-0.08876625810996641,-0.5322009803472734,-0.4476837631539947,986,747,239,0.037881969967447235,0.07726031712695579,0.05757114354720151,0.01968917357975428,0.2911448752354129,-0.20297329724964364,3.803707528373737e-05,-0.3772509364413028
20,200,0.0025,1,0.0,1.5,1,1,100,200,-0.3658449460519688,-0.0871235676578127,-0.5252965727096642,-0.551317116828383,932,697,235,0.024834610941930065,0.05528719941195002,0.04006090517694004,0.015226294235009976,0.21281882660709894,-0.16664246069900335,3.3170622701824955e-05,-0.37733770985406395
30,60,0.0,1,0.2,1.5,1,1,100,200,-0.3595657932879761,-0.08532166251926798,-0.5194301658748155,-0.6481198227258723,727,538,189,0.017536490601701146,0.037278168644334767,0.027407329623017958,0.009870839021316812,0.220782569806099,-0.24535669354024592,-2.675836780365788e-05,-0.37744273659296934
20,60,0.01,1,-0.2,2.5,1,1,100,200,-0.3766679619342149,-0.09026318654230947,-0.522698940938643,-0.5233247604339062,734,565,169,0.02966502152682978,0.05775490916727922,0.0437099653470545,0.014044943820224719,0.11201558589689986,-0.19083980625081154,-1.6804599794090012e-05,-0.3777788950333263
48,120,0.0025,1,0.0,999.0,1,1,100,200,-0.37842631445537167,-0.09077737240669381,-0.5257797499287364,-0.48627251277150135,1043,785,258,0.030268822849942246,0.06492176835030977,0.047595295600126014,0.017326472750183765,0.3301050481687833,-0.2126861510201058,4.984204962548599e-05,-0.3779808730096371
30,96,0.0,1,0.2,999.0,1,1,100,200,-0.3594833775108427,-0.0852981061020841,-0.5328549731348466,-0.5282076770459934,922,688,234,0.0227081801953166,0.0492229339493857,0.03596555707235115,0.013257376877034549,0.26888558275386765,-0.19948814610379428,4.079898118226026e-05,-0.3781359765218071
20,60,0.01,1,-0.2,999.0,1,1,100,200,-0.3681624615649839,-0.08779222283954169,-0.5352274303793993,-0.4574881074393307,786,606,180,0.03257901921663341,0.06250656305785991,0.047542791137246666,0.014963771920613251,0.1375224080811539,-0.17706434564274187,5.611810396987772e-06,-0.3782803434012079
30,120,0.005,1,0.2,2.5,1,1,100,200,-0.36700021790100656,-0.08745664472409387,-0.5219908332180837,-0.5971143627059133,776,577,199,0.018192796387692955,0.04108474220308726,0.029638769295390107,0.011445972907697154,0.21995770253837477,-0.23509555145664085,-1.0517255338463704e-05,-0.3783077794684314
12,96,0.01,1,0.0,1.5,1,1,100,200,-0.38711806770808355,-0.09333628125932181,-0.500737640744291,-0.6925665206668826,669,505,164,0.018455318702089676,0.039772130631103644,0.02911372466659666,0.010658405964506982,0.10785073394693012,-0.22695744308197519,-7.133842608707772e-05,-0.37833342766481143
20,96,0.01,1,0.2,1.5,1,1,100,200,-0.37459403726840124,-0.08965820861118456,-0.5039036174395177,-0.7353087530951864,578,420,158,0.013073611256956842,0.030190066155623228,0.021631838706290034,0.008558227449333194,0.04442877107387888,-0.20048671567208076,-0.00012259024185672074,-0.37837545498570274
48,200,0.005,1,0.2,1.5,1,1,100,200,-0.35579085402663946,-0.08424517295033773,-0.5272782103587921,-0.6115075889532837,761,555,206,0.017063950435787043,0.03906332038223249,0.028063635409009767,0.010999684973222724,0.09896040227231251,-0.14230037837422982,-7.990593984599655e-06,-0.37845965757739797
20,120,0.0,1,-0.2,1.5,1,1,100,200,-0.33151855914762307,-0.077441508643883,-0.5607866718535464,-0.4152267820630839,976,732,244,0.03389163078861703,0.07290244670797018,0.0533970387482936,0.019505407959676573,0.29080369687504426,-0.15624207962521341,5.684612332151795e-05,-0.37859618367381037
48,60,0.01,1,0.2,1.5,1,1,100,200,-0.38119788984416236,-0.09159021699934766,-0.4976032830811574,-0.7661273229921766,566,419,147,0.01304735902551717,0.02932374251811404,0.021185550771815605,0.008138191746298436,0.01817029129565828,-0.1933828712367336,-0.00014207314466112118,-0.3786982246895352
12,96,0.005,1,-0.2,999.0,1,1,100,200,-0.3838250989766626,-0.09236341494125577,-0.5280313399897254,-0.44818163539155875,967,742,225,0.03953586054814659,0.07623648010080857,0.05788617032447758,0.018350309776330988,0.16988486523395308,-0.1457307453361768,3.055902054378855e-05,-0.3787881667056964
48,120,0.01,1,0.2,999.0,1,1,100,200,-0.3643091561269475,-0.08668153385844124,-0.525557556336999,-0.5867276683750355,738,546,192,0.017090202667226714,0.039089572613672165,0.028089887640449437,0.010999684973222724,0.12116720845044604,-0.17989339464990084,-2.0544262423358246e-05,-0.3787966954456925
20,120,0.01,1,0.2,2.5,1,1,100,200,-0.37433818252804396,-0.08958368528300531,-0.5144782751209092,-0.6461799820334522,678,497,181,0.015226294235009976,0.03586054814659246,0.02554342119080122,0.010317126955791242,0.12782057238747013,-0.22131414127337135,-5.945340854654638e-05,-0.3791318219451325
48,60,0.0025,1,-0.2,999.0,1,1,100,200,-0.3943718550433889,-0.09549416023846513,-0.5215750152082131,-0.46007213140046394,988,753,235,0.04011340963981939,0.07880919878189646,0.05946130421085792,0.019347894571038537,0.1719161795682702,-0.15295862082448486,2.799845757585546e-05,-0.3792852744125949
30,96,0.0,1,0.2,1.5,1,1,100,200,-0.35847962517837795,-0.085011403865483,-0.5263935682427527,-0.6219306416237004,776,571,205,0.017982778536175574,0.04008715740837971,0.029034967972277642,0.011052189436102068,0.17762278313732804,-0.19693138291101353,-5.936849792314328e-06,-0.3793047200680444
20,120,0.0,1,0.2,1.5,1,1,100,200,-0.356807499914767,-0.08453458970550731,-0.5282216104955753,-0.6133928073987116,805,585,220,0.01816654415625328,0.04147852567468235,0.029822534915467814,0.011655990759214533,0.22341214710413082,-0.2136508387596704,5.4351623408660084e-06,-0.3793150353232305
20,200,0.0,1,0.0,1.5,1,1,100,200,-0.3592376787195781,-0.0852278938451283,-0.5360193660373087,-0.5215751178516297,1011,757,254,0.0269872939199832,0.05959256536805629,0.043289929644019745,0.016302635724036542,0.273568682848804,-0.1658092732748575,5.390742732807303e-05,-0.3793163327563641
48,120,0.0,1,0.2,1.5,1,1,100,200,-0.33873967229440083,-0.07944469080616479,-0.5439422428552634,-0.5595526253268138,821,600,221,0.018770345479365746,0.04239735377507088,0.030583849627218315,0.011813504147852568,0.19256269001310744,-0.16398567501296768,2.8315978946541664e-05,-0.37939344350013715
48,60,0.0025,1,-0.2,1.5,1,1,100,200,-0.35667156151357016,-0.08449586984573554,-0.5407047359485412,-0.49608781625748555,835,638,197,0.03147642549616717,0.06313661661241206,0.04730652105428961,0.01583009555812244,0.17408475083099217,-0.1680512121756924,1.7536912480482927e-05,-0.3796526286328804
30,60,0.0025,1,0.0,1.5,1,1,100,200,-0.3678278764468301,-0.08769556649501253,-0.5232278353387805,-0.6075127867748913,774,586,188,0.02220938779796283,0.045888900556547305,0.03404914417725507,0.01183975637929224,0.2625061911090427,-0.26257845660388623,-1.1441387722347015e-05,-0.3796851235031473
12,200,0.005,1,0.0,1.5,1,1,100,200,-0.3552501395187425,-0.08409139220097239,-0.5372672042542139,-0.54193288471645,851,645,206,0.02312821589835136,0.05053554552136932,0.03683188070986034,0.013703664811508979,0.24183224880437937,-0.20536655740605325,2.2679433915482126e-05,-0.37982163856390183
30,96,0.0025,1,0.2,999.0,1,1,100,200,-0.3741814829553648,-0.08953805511674173,-0.5230152710041882,-0.5792587821722371,862,648,214,0.021605586474850363,0.04607266617662501,0.03383912632573769,0.012233539850887326,0.2091598360086313,-0.20348780649180787,1.1517548368675111e-05,-0.3800086297274477
30,200,0.01,1,0.2,2.5,1,1,100,200,-0.3649038412428719,-0.08685259574296722,-0.5254459249897463,-0.6088041839565957,721,521,200,0.0154888165494067,0.03785571773600756,0.02667226714270713,0.01118345059330043,0.11731095506693046,-0.18479329396084754,-2.9749119989492117e-05,-0.38001576743567017
20,96,0.0025,1,0.2,1.5,1,1,100,200,-0.37687807989284583,-0.09032456915992293,-0.5108349296499437,-0.6900583037253468,708,523,185,0.01661766250131261,0.036779376246980994,0.0266985193741468,0.010080856872834191,0.08888719223217434,-0.18460351682217702,-5.3273959158915076e-05,-0.38024494917116214
48,120,0.005,1,0.0,999.0,1,1,100,200,-0.375889293810564,-0.090035855256279,-0.5315896382779459,-0.4907129325673118,965,737,228,0.028719941195001576,0.06011760999684973,0.04441877559592566,0.015698834400924077,0.28817128609221054,-0.21496772884797632,3.7647561526418924e-05,-0.38036632102361756
12,200,0.01,1,-0.2,1.5,1,1,100,200,-0.3393094104572627,-0.0796034832329543,-0.5544534656859479,-0.4710033274155786,786,594,192,0.02764359970597501,0.05909377297070251,0.043368686338338756,0.01572508663236375,0.09808910417726446,-0.10858291447779678,1.878228413339836e-05,-0.3803803824467072
12,120,0.005,1,0.0,2.5,1,1,100,200,-0.39808563245315187,-0.0966069580097142,-0.5091524763612458,-0.5861283656947033,880,674,206,0.025517168959361545,0.054394623543001154,0.03995589625118135,0.014438727291819805,0.24598350277726366,-0.24982985174516104,-9.917241100338963e-07,-0.3804896144750723
48,120,0.01,1,0.0,2.5,1,1,100,200,-0.4031184870442285,-0.09812380204634796,-0.5033157073831991,-0.6148087194017192,802,610,192,0.021763099863488396,0.04890790717210963,0.035335503517799016,0.013572403654310616,0.07285222106571587,-0.16910936706752844,-2.8084829018059364e-05,-0.38052209170803347
30,60,0.0025,1,-0.2,1.5,1,1,100,200,-0.3454344473264579,-0.08131755544522046,-0.550591520487252,-0.4796692332903292,818,622,196,0.031161398718891106,0.061456473800273026,0.046308936259582066,0.015147537540690958,0.2744677590465052,-0.2267941032462728,2.1228228614183998e-05,-0.38059677735336295
30,60,0.005,1,0.0,999.0,1,1,100,200,-0.38713112313336095,-0.09334014663311452,-0.5200181407726834,-0.5471603722679564,868,671,197,0.028063635409009767,0.05400084007140607,0.041032237740207915,0.012968602331198151,0.33930810270794476,-0.29365314991956715,6.191041508499778e-06,-0.380707235632854
48,96,0.005,1,-0.2,2.5,1,1,100,200,-0.36255646233453254,-0.0861781128556568,-0.5453816891372444,-0.4379845179798973,935,706,229,0.03507298120340229,0.0728761944765305,0.0539745878399664,0.01890160663656411,0.18348092202982969,-0.14026638709260353,3.559524102825671e-05,-0.38076818332327383
20,200,0.0,1,-0.2,1.5,1,1,100,200,-0.3224668325386443,-0.0749548045133086,-0.5738025555997575,-0.37903855370351464,1079,809,270,0.03746193426441247,0.0800955581224404,0.05877874619342644,0.021316811929013964,0.33434557820012545,-0.12899086989237984,7.467590184866759e-05,-0.38080800999836306
48,120,0.0,1,0.2,999.0,1,1,100,200,-0.3606869864192692,-0.0856423676754896,-0.5389090652469108,-0.5189486214697424,972,722,250,0.02357450383282579,0.051874409324792606,0.0377244565788092,0.014149952745983409,0.2613997385147566,-0.1758984883142426,5.1482158855006595e-05,-0.38104433137243215
12,120,0.0025,1,0.0,2.5,1,1,100,200,-0.40727792089328874,-0.09938514773362817,-0.5041930203673107,-0.5941213564787675,947,716,231,0.026724771605586475,0.058594980573348734,0.042659876089467606,0.01593510448388113,0.2621881961974186,-0.24592098574566357,8.143057692735104e-06,-0.3811877257412219
12,96,0.005,1,-0.2,1.5,1,1,100,200,-0.3526321344859559,-0.08334827964473379,-0.5465969449955976,-0.4965929304159693,813,625,188,0.031030137561692744,0.060957681402919246,0.04599390948230599,0.014963771920613251,0.15259036045177043,-0.15654675874358237,1.5389351464148574e-05,-0.38147639866333105
48,120,0.0025,1,0.2,999.0,1,1,100,200,-0.37140075770845604,-0.08872983726742245,-0.5309368425073113,-0.559728329783132,910,679,231,0.0222356400294025,0.04864538485771291,0.035440512443557705,0.013204872414155203,0.20498172474736753,-0.17766874026061052,2.7404819009861446e-05,-0.38218467501023473
12,60,0.01,1,0.2,999.0,1,1,100,200,-0.3701634926202476,-0.08837114516679778,-0.5245572215032172,-0.6319613691075915,654,492,162,0.016355140186915886,0.035046728971962614,0.02570093457943925,0.009345794392523364,0.17201537713651538,-0.254677329499173,-6.445018852272394e-05,-0.3822478243737859
12,120,0.0,1,0.2,2.5,1,1,100,200,-0.3717820649526976,-0.08884049482848622,-0.5283713652777454,-0.5869490672032418,897,663,234,0.02102803738317757,0.04733277328572929,0.03418040533445343,0.013152367951275858,0.3045113675054165,-0.2457900637007091,2.1912088914808685e-05,-0.382373630827521
30,96,0.0,1,-0.2,2.5,1,1,100,200,-0.365581445128049,-0.08704766554287025,-0.5485598579560633,-0.42588651386946,1039,779,260,0.03827575343904232,0.08106689068570828,0.059671322062375305,0.021395568623332983,0.3000861820304035,-0.1795046198634891,4.88178310245344e-05,-0.3826219202143749
20,120,0.0,1,0.0,999.0,1,1,100,200,-0.38308157120012376,-0.09214432468816403,-0.532608909543109,-0.48779173093089684,1089,816,273,0.031108894256011762,0.06738947810563897,0.04924918618082537,0.01814029192481361,0.4044014293177727,-0.2426982428921246,5.4727160288084705e-05,-0.38283836600626336
48,60,0.0025,1,-0.2,2.5,1,1,100,200,-0.39018998578056363,-0.09424761766997614,-0.5281849487306476,-0.4971571486325881,925,702,223,0.036096818229549514,0.07279743778221148,0.0544471280058805,0.018350309776330988,0.19099504827444447,-0.1868025163505871,1.7297125037101228e-05,-0.3831979494669293
48,120,0.0025,1,-0.2,1.5,1,1,100,200,-0.3338335149181785,-0.07808179895111744,-0.5684165663599454,-0.4195774366303217,947,709,238,0.033025307151107845,0.07093352934999475,0.051979418250551294,0.018954111099443453,0.23799146033082708,-0.1359179279496695,5.177770160216272e-05,-0.38326895396260624
30,200,0.005,1,0.2,1.5,1,1,100,200,-0.36151587340647384,-0.0858797511789946,-0.5313689271284683,-0.6342747630730062,745,543,202,0.016985193741468025,0.03835451013336134,0.02766985193741468,0.010684658195946656,0.11681009311903856,-0.1701761243740555,-2.045266823388612e-05,-0.38327795289687905
12,120,0.005,1,0.0,1.5,1,1,100,200,-0.3723585425693693,-0.08900789400828724,-0.5285530519303504,-0.6055304391920343,785,597,188,0.021710595400609052,0.046965242045573875,0.034337918723091464,0.012627323322482412,0.20838610508567235,-0.23085342068834858,-1.1146601348775303e-05,-0.38356094193306417
30,60,0.005,1,0.2,999.0,1,1,100,200,-0.37962630405342146,-0.09112894744115896,-0.522867112704736,-0.625606029476877,760,581,179,0.020161713745668382,0.040375931954216106,0.030268822849942246,0.010107109104273863,0.23109630682268922,-0.2630559416398697,-2.887870534394052e-05,-0.3838428052673708
30,60,0.005,1,0.2,1.5,1,1,100,200,-0.37696533293436674,-0.09035006361236397,-0.5143810215173523,-0.7261412952859302,628,472,156,0.015567573243725716,0.03242150582799538,0.02399453953586055,0.008426966292134831,0.12070992153105431,-0.23893532145143004,-9.584450292473968e-05,-0.38384763913533665
20,120,0.0025,1,0.0,999.0,1,1,100,200,-0.39906360335200874,-0.09690091088002362,-0.5201595125186151,-0.5395430870854527,1018,765,253,0.029612517063950437,0.06321537330673108,0.046413945185340755,0.016801428121390318,0.3506237005723658,-0.25970414823816546,3.0928335258969965e-05,-0.3839578214936038
20,60,0.005,1,0.2,999.0,1,1,100,200,-0.37681512091379277,-0.09030617495924143,-0.525577155467926,-0.6198564746223537,752,579,173,0.02013546151422871,0.04003465294550037,0.03008505722986454,0.009949595715635829,0.2575248314933489,-0.2781683840728837,-2.886485150801025e-05,-0.3840875764243221
20,120,0.0,1,0.2,999.0,1,1,100,200,-0.3695033221167745,-0.0881799874970004,-0.5372709561217359,-0.5462618521052497,953,704,249,0.022918198046833982,0.050745563372886694,0.03683188070986034,0.013913682663026358,0.3015256986936452,-0.21976913208554472,3.975528320596695e-05,-0.38412855816313085
20,60,0.01,1,0.0,999.0,1,1,100,200,-0.3968303002886914,-0.09623019686510148,-0.5157105790679546,-0.6042384778594734,754,580,174,0.02333823374986874,0.04623017956526305,0.034784206657565896,0.011445972907697154,0.2149993116087452,-0.27617521453455296,-3.771025575820287e-05,-0.38429741029205244
48,96,0.0025,1,-0.2,999.0,1,1,100,200,-0.3743559759229874,-0.08958886721242887,-0.5490816040178723,-0.40662824117843155,1068,803,265,0.040953481045888904,0.08453218523574504,0.06274283314081697,0.02178935209492807,0.2500800022228702,-0.1461909694201533,5.0205510011703874e-05,-0.3844610812802866
20,60,0.0,1,0.2,1.5,1,1,100,200,-0.36561238829604414,-0.08705657749468665,-0.5283565429978626,-0.6656865858653107,724,540,184,0.017562742833140816,0.03709440302425706,0.02732857292869894,0.009765830095558122,0.21495119124443107,-0.2500198282166217,-3.4840091346415456e-05,-0.3845191782868835
20,96,0.0025,1,-0.2,1.5,1,1,100,200,-0.3595044401179305,-0.08530412607263993,-0.5498916048142612,-0.4932424779401957,867,655,212,0.031686443347684556,0.06534180405334454,0.04851412370051454,0.016827680352829992,0.16874755965172938,-0.15450869319679994,2.229304924776044e-05,-0.38491205237678033
30,120,0.005,1,0.2,1.5,1,1,100,200,-0.36317669162157473,-0.08635613274302134,-0.5315382080002488,-0.6569328932380076,690,505,185,0.015620077706605062,0.0357292869893941,0.02567468234799958,0.010054604641394519,0.1366130648879229,-0.20881986667154506,-4.5624693249598524e-05,-0.3849718814050461
30,96,0.005,1,-0.2,1.5,1,1,100,200,-0.3444096542846211,-0.08102987917617976,-0.5611364045372419,-0.4714562424475759,823,629,194,0.030452588470019953,0.06174524834610942,0.04609891840806469,0.015646329938044733,0.13140903684904148,-0.1254799347872232,2.3382951511319904e-05,-0.3851708935671795
48,200,0.0025,1,0.0,2.5,1,1,100,200,-0.414090661367436,-0.10146648667156055,-0.5110164735338867,-0.5711240898239125,1094,819,275,0.02966502152682978,0.06636564107949176,0.04801533130316077,0.018350309776330988,0.22604865500291038,-0.17407387020774256,3.445272931708677e-05,-0.3855309279296995
30,96,0.01,1,0.2,999.0,1,1,100,200,-0.37725830127128035,-0.09043568688258852,-0.5273361008585868,-0.6301186608755447,708,529,179,0.0170114459729077,0.03748818649585215,0.02724981623437992,0.010238370261472226,0.1314687543880475,-0.21576887267919187,-4.757572981084121e-05,-0.3856096703556592
20,96,0.005,1,0.2,1.5,1,1,100,200,-0.37717728405057394,-0.09041200547205708,-0.5198461623549047,-0.7071595618547123,661,490,171,0.015593825475165388,0.034337918723091464,0.024965872099128424,0.009372046623963038,0.09676144651175833,-0.20964448123136392,-7.668121060183524e-05,-0.385693064742245
20,96,0.01,1,0.0,2.5,1,1,100,200,-0.41930550002764455,-0.1030727750631737,-0.49782844646961144,-0.6771342520400481,747,569,178,0.021106794077496587,0.04604641394518534,0.033576604011340966,0.012469809933844377,0.09862877419748917,-0.23202638751428006,-6.325225178981767e-05,-0.3858437108999818
30,120,0.0,1,0.0,1.5,1,1,100,200,-0.36509137799380675,-0.08690656748557146,-0.5432406753393504,-0.5530864662407963,921,687,234,0.02433581854457629,0.05452588470019952,0.0394308516223879,0.015095033077811614,0.3034206797352421,-0.22790766423065623,3.128079629291296e-05,-0.3861812284672865
20,96,0.005,1,-0.2,2.5,1,1,100,200,-0.3825417143257963,-0.09198538106017351,-0.5398463449174945,-0.4888383932824737,900,682,218,0.034915467814764255,0.07035598025832196,0.052635724036543104,0.017720256221778852,0.16231527139935364,-0.16676966992302023,1.730970241601645e-05,-0.38635047318304444
12,96,0.01,1,0.2,999.0,1,1,100,200,-0.38782280458111495,-0.09354502986381508,-0.5196995818515457,-0.6678245965361077,689,513,176,0.016853932584269662,0.03659561062690329,0.026724771605586475,0.009870839021316812,0.13327901629582484,-0.2375837134565144,-6.890686293558324e-05,-0.3867860506163933
30,60,0.01,1,0.0,1.5,1,1,100,200,-0.3951685000372941,-0.09573240650448067,-0.5098037432756053,-0.7284019335631,638,485,153,0.01814029192481361,0.03767195211592985,0.02790612202037173,0.009765830095558122,0.12586173838658987,-0.26086472821980844,-9.645632558136501e-05,-0.3870543748204383
30,60,0.01,1,0.2,999.0,1,1,100,200,-0.3858807099263204,-0.09297023018185935,-0.521012624412142,-0.6739315686944304,662,499,163,0.01669641919563163,0.0349679722776436,0.025832195736637614,0.009135776541005985,0.14466838844575736,-0.2529314168257337,-8.085981447238088e-05,-0.3871731208226519
12,60,0.01,1,0.0,999.0,1,1,100,200,-0.40374312319119243,-0.09831277302255703,-0.516817195065422,-0.6158445675195554,760,580,180,0.022970702509713326,0.04680772865693584,0.034889215583324584,0.011918513073611256,0.19092990968985646,-0.26781576564452125,-4.1663205885175584e-05,-0.3875135989312458
30,120,0.0025,1,0.0,1.5,1,1,100,200,-0.3747465025775095,-0.08970262908679238,-0.5366917333185608,-0.5901755232390261,857,639,218,0.02281318912107529,0.051165599075921456,0.03698939409849837,0.014176204977423081,0.2384772274587681,-0.2249854979357494,7.824036722032418e-06,-0.3875572719080241
48,96,0.01,1,0.2,999.0,1,1,100,200,-0.37811140178284,-0.09068519868369684,-0.5316697547506097,-0.6252814747775393,722,536,186,0.01695894151002835,0.03838076236480101,0.02766985193741468,0.010710910427386328,0.12813706838426286,-0.20901136954509802,-4.1994990826142045e-05,-0.3877841497978787
20,120,0.0,1,-0.2,999.0,1,1,100,200,-0.3802153041874704,-0.09130171277850141,-0.552873711626571,-0.4028388207561966,1147,859,288,0.042896146172424654,0.09036018061535231,0.06662816339388848,0.023732017221463824,0.2476734210689664,-0.11840301202152137,5.6996233333161353e-05,-0.3878805096295967
30,96,0.005,1,-0.2,2.5,1,1,100,200,-0.37578153667305925,-0.09000441355313116,-0.5488159154886108,-0.47052181251042435,913,694,219,0.03507298120340229,0.07130106059015016,0.053187020896776224,0.018114039693373937,0.14824860066686285,-0.14176603732880377,2.3929233281223824e-05,-0.3879384619229578
48,120,0.005,1,-0.2,1.5,1,1,100,200,-0.3436252315968018,-0.08080992175314539,-0.5697652688643033,-0.4521143246859031,875,663,212,0.031240155413210124,0.06521054289614617,0.048225349154678146,0.016985193741468025,0.15719385079984138,-0.1213880344395254,3.4599955941451694e-05,-0.3882982724195922
30,96,0.005,1,0.2,999.0,1,1,100,200,-0.3792052050456556,-0.09100551122350609,-0.5350363843105477,-0.6029532953371783,806,610,196,0.02034547936574609,0.04297490286674367,0.03166019111624488,0.011314711750498793,0.19017970644825977,-0.21945135888431855,-1.080521739895902e-05,-0.38867136814563885
20,120,0.0025,1,-0.2,1.5,1,1,100,200,-0.3559570771819417,-0.08429246803735191,-0.5611490263675099,-0.47624477024758133,913,684,229,0.03213273128215898,0.06857082852042423,0.05035177990129161,0.018219048619132625,0.22245833818408078,-0.16826350768659204,3.294070513979656e-05,-0.3886792197334859
20,96,0.0,1,0.2,1.5,1,1,100,200,-0.3773657314798886,-0.09046709263521324,-0.529044098434986,-0.6745739415990082,766,562,204,0.01782526514753754,0.03956211277958627,0.028693688963561902,0.010868423816024361,0.15806134944372396,-0.2113617508480955,-2.959766669559148e-05,-0.38871783893265666
30,60,0.005,1,0.0,1.5,1,1,100,200,-0.38071151474361475,-0.09144736305668377,-0.5295645526096973,-0.6517371274867947,724,556,168,0.021395568623332983,0.04297490286674367,0.03218523574503833,0.010789667121705345,0.2236378832079915,-0.27306762676390517,-4.110944717045485e-05,-0.3888164957358721
30,120,0.0,1,0.2,2.5,1,1,100,200,-0.37393347089371853,-0.08946585386523276,-0.5400851142642976,-0.5876671040369893,895,660,235,0.02092302845741888,0.04728026882284994,0.03410164864013441,0.01317862018271553,0.29812660874322217,-0.245431245960823,1.9822870023419113e-05,-0.38889176619923105
48,60,0.01,1,-0.2,1.5,1,1,100,200,-0.37325996145467066,-0.08926989720738454,-0.5414782478346214,-0.5777221094227796,689,534,155,0.02643599705975008,0.052478210647905074,0.03945710385382758,0.013021106794077496,0.04789469014514802,-0.15584603372137196,-3.248925850162318e-05,-0.3888951265958342
20,200,0.0025,1,-0.2,1.5,1,1,100,200,-0.3446449886220688,-0.08109590956486512,-0.5724636909865113,-0.43282902451089933,1006,752,254,0.034810458889005566,0.07460884175154889,0.05470965032027723,0.019899191431271657,0.25663182941233886,-0.1374717582851046,5.445997154955987e-05,-0.3889692062836657
12,120,0.01,1,0.2,2.5,1,1,100,200,-0.38634111726606934,-0.0931063648227437,-0.523912207277735,-0.68113775456059,668,488,180,0.015095033077811614,0.035466764674997375,0.025280898876404494,0.01018586579859288,0.12286974882550328,-0.23671227894755842,-7.859358411450648e-05,-0.3891193561896407
20,120,0.0025,1,0.2,999.0,1,1,100,200,-0.3850193553058676,-0.09271576130677817,-0.5330290816366098,-0.6005265165285909,889,661,228,0.021684343169169378,0.04735902551716896,0.03452168434316917,0.01283734117399979,0.25137656507528194,-0.23340566750110292,9.286936307878278e-06,-0.3892566279515126
30,60,0.005,1,-0.2,999.0,1,1,100,200,-0.39400608769615386,-0.09538485707266509,-0.5402345223058694,-0.47609980593016776,914,700,214,0.038433266827680355,0.0724036543106164,0.05541846056914838,0.016985193741468025,0.20056843892491272,-0.2027334339415583,1.5672902800389732e-05,-0.3893071085221082
30,60,0.005,1,-0.2,2.5,1,1,100,200,-0.38750264162212955,-0.09345017126399557,-0.5406238424405678,-0.5114420151489861,851,650,201,0.03462669326892786,0.06665441562532816,0.050640554447128006,0.016013861178200146,0.22368201484891026,-0.23391993982374815,4.321276170690239e-06,-0.3893341932417288
30,120,0.0025,1,0.2,1.5,1,1,100,200,-0.3747137253025714,-0.08969307875953514,-0.532147907902502,-0.6714431310675073,746,545,201,0.01693268927858868,0.03872204137351675,0.027827365326052716,0.010894676047464035,0.11780559877539831,-0.18764666357643045,-3.440447603493577e-05,-0.3893391892641615
12,120,0.005,1,0.2,1.5,1,1,100,200,-0.37205722360926097,-0.08892038083359965,-0.5323365253215132,-0.6867212162610268,682,501,181,0.015777591095243095,0.03536175574923869,0.02556967342224089,0.009792082326997794,0.1262445120519915,-0.2158144500678182,-6.005009137964972e-05,-0.3894247043074076
30,120,0.005,1,0.0,2.5,1,1,100,200,-0.40294695675567116,-0.09807193672617376,-0.5238163707482346,-0.5892092085219726,885,675,210,0.025280898876404494,0.05468339808883755,0.03998214848262102,0.014701249606216528,0.24286147001307845,-0.25215161560421506,-3.052335752275692e-06,-0.3894405825263897
48,120,0.0,1,0.0,999.0,1,1,100,200,-0.3758496004523555,-0.09002427290318493,-0.5524835358524038,-0.4635306596527016,1116,840,276,0.03205397458783996,0.069069620917778,0.05056179775280899,0.01850782316496902,0.3781479813107973,-0.2086104254276494,6.389020105751408e-05,-0.38944257381202196
30,200,0.0,1,0.2,1.5,1,1,100,200,-0.3568001693432904,-0.08453250154356196,-0.5506253867059354,-0.5921294099598337,883,645,238,0.02034547936574609,0.04544261262207288,0.03289404599390948,0.012548566628163393,0.19876551775443807,-0.16554937489643373,2.9083976459800528e-05,-0.38945166539452136
12,200,0.01,1,0.2,2.5,1,1,100,200,-0.3836333825388263,-0.09230690294334909,-0.528764047205259,-0.6559749439691351,711,516,195,0.0154888165494067,0.03748818649585215,0.026488501522629423,0.010999684973222724,0.11564412859828899,-0.21160524903191802,-5.4677766138088834e-05,-0.3894876737444354
20,200,0.0025,1,0.2,1.5,1,1,100,200,-0.37265438373710924,-0.08909384894785821,-0.5360222620364643,-0.6481515792239781,803,588,215,0.018297805313451643,0.041557282369001365,0.029927543841226503,0.01162973852777486,0.07693287833594775,-0.12957556768524947,-1.0650304077027673e-05,-0.38951255892728925
30,96,0.0025,1,-0.2,1.5,1,1,100,200,-0.35874345744232117,-0.08508672761490377,-0.560720427723808,-0.48652777904713645,885,668,217,0.03176520004200357,0.06662816339388848,0.04919668171794603,0.017431481675942453,0.16279695161558183,-0.14147826877745961,2.628986176543425e-05,-0.3897733304291646
48,96,0.005,1,0.2,999.0,1,1,100,200,-0.3764121741891371,-0.0901884845564902,-0.5409272056149972,-0.5899898050100116,821,617,204,0.020292974902866745,0.04391998319857188,0.03210647905071931,0.011813504147852568,0.2001230620414507,-0.21658061114867144,-2.823375573470087e-06,-0.3901515776144894
30,200,0.0,1,0.2,2.5,1,1,100,200,-0.3713433295402412,-0.08871317593422168,-0.5466474751884327,-0.5626843437723875,987,727,260,0.022996954741152997,0.051821904861913265,0.03740942980153313,0.014412475060380132,0.2930823545374235,-0.2035376176663829,4.499880445446456e-05,-0.3901711307170574
30,200,0.0,1,-0.2,1.5,1,1,100,200,-0.3322495050752189,-0.07764348808387289,-0.5858040829604331,-0.39429677692928394,1097,821,276,0.037986978893205924,0.08109314291714796,0.05954006090517694,0.02155308201197102,0.35224119791605246,-0.14526763087988914,7.217195269404994e-05,-0.3902603684105536
20,120,0.005,1,0.0,999.0,1,1,100,200,-0.3987664540926461,-0.09681155502066874,-0.5320300000077811,-0.5496620561442926,946,722,224,0.028247401029087474,0.05880499842486611,0.04352619972697679,0.01527879869788932,0.3017946883484308,-0.25873521059616644,1.64339650226903e-05,-0.3903096578317739
48,200,0.005,1,0.0,2.5,1,1,100,200,-0.41432158659752927,-0.10153737440122879,-0.5189925445014293,-0.5856333443731274,995,753,242,0.02764359970597501,0.06061640239420351,0.044130001050089254,0.01648640134411425,0.19169752092118886,-0.19163273268960468,1.4950489119662201e-05,-0.3903153138705998
20,120,0.005,1,-0.2,1.5,1,1,100,200,-0.35037088900341684,-0.08270836441770912,-0.567430852424464,-0.4793520553647453,846,643,203,0.030688858552977004,0.0632941300010501,0.046991494277013546,0.016302635724036542,0.16875552155997608,-0.1514170328216854,2.4142200903288963e-05,-0.3903913933981784
48,200,0.005,1,0.2,2.5,1,1,100,200,-0.38901397200138943,-0.09389830044516845,-0.5310936560412982,-0.6224763692497282,864,638,226,0.019741678042633624,0.04515383807623648,0.032447758059435054,0.012706080016801428,0.1493409451410812,-0.18107423347873952,-2.4239156888588227e-06,-0.39056894692830396
48,96,0.01,1,0.0,999.0,1,1,100,200,-0.3975932187446809,-0.09645909570272537,-0.5311447558548759,-0.5741810438707167,831,633,198,0.023810773915782842,0.051165599075921456,0.03748818649585215,0.013677412580069307,0.18979438348233613,-0.23279323760043913,-1.2213109168684228e-05,-0.3907405258236991
30,96,0.01,1,0.0,999.0,1,1,100,200,-0.4060771913008825,-0.09902030222944425,-0.5231877989842235,-0.6025766035930901,812,622,190,0.023758269452903498,0.05001050089257587,0.03688438517273968,0.013126115719836186,0.15400812539824194,-0.22751724573622567,-2.5812507638827773e-05,-0.3907430319012105
48,60,0.005,1,-0.2,1.5,1,1,100,200,-0.3641671808193405,-0.08664071341967128,-0.5557348445900006,-0.5259144479817136,782,603,179,0.030137561692743883,0.05896251181350415,0.044550036753124016,0.014412475060380132,0.1353465569646668,-0.17193180873263592,5.749628179030688e-07,-0.39080385811375723
48,96,0.01,1,-0.2,2.5,1,1,100,200,-0.38644665891998886,-0.09313758320934762,-0.545777492464242,-0.5128720818947555,820,627,193,0.03076761524729602,0.064422975952956,0.047595295600126014,0.016827680352829992,0.0394355768151704,-0.11047119597496724,-1.4474127742271654e-06,-0.3916699335362064
12,96,0.01,1,-0.2,1.5,1,1,100,200,-0.37982378554500995,-0.09118685802552051,-0.5430968326586147,-0.5866640959850492,707,542,165,0.02677727606846582,0.053712065525569674,0.04024467079701775,0.013467394728551928,0.051505721863795095,-0.16002771165873675,-3.204148193020743e-05,-0.39206847915408033
12,120,0.01,1,0.2,1.5,1,1,100,200,-0.38173124358983046,-0.0917469723874258,-0.5262177718586019,-0.7475018354126309,594,427,167,0.013126115719836186,0.031030137561692744,0.022078126640764466,0.00895201092092828,0.060793993889674436,-0.21555234961049774,-0.00012165098569426539,-0.39223095008735825
48,120,0.005,1,0.2,999.0,1,1,100,200,-0.37874034152668246,-0.09086932412027504,-0.5439138368607311,-0.5881319124012133,846,635,211,0.020791767300220518,0.04504882915047779,0.03292029822534916,0.012128530925128635,0.18181137937541103,-0.19744003042218072,2.9872009868030316e-06,-0.39223283817070126
48,200,0.01,1,0.2,2.5,1,1,100,200,-0.37750134452955664,-0.09050674344568088,-0.5404875541638228,-0.6311467293775318,735,530,205,0.015462564317967028,0.038459519059120026,0.026961041688543526,0.011498477370576498,0.055524379062428464,-0.14824775790482947,-3.748378061763701e-05,-0.39230785699646886
30,200,0.005,1,0.2,2.5,1,1,100,200,-0.3855123283177312,-0.09286136476608609,-0.5370100214923157,-0.6225272111139781,842,622,220,0.019610416885435262,0.04423500997584795,0.031922713430641604,0.012312296545206342,0.18643157494828122,-0.21085977819463797,-6.308450629013833e-06,-0.3924927360679428
30,96,0.0025,1,-0.2,2.5,1,1,100,200,-0.3896338260346831,-0.0940823516792878,-0.5485394461513893,-0.4840075873158235,978,734,244,0.03643809723826525,0.07655150687808464,0.05649480205817495,0.020056704819909694,0.18908876250184736,-0.16285768573306258,2.683273704800576e-05,-0.3925524541207736
20,60,0.01,1,0.2,999.0,1,1,100,200,-0.389578351793494,-0.0940658738042961,-0.5287363265121319,-0.6840834666046329,652,494,158,0.01659141026987294,0.03460044103748819,0.025595925653680563,0.009004515383807624,0.15773056012903774,-0.26947036610029684,-9.017172655738958e-05,-0.39263821039059366
20,96,0.005,1,0.2,999.0,1,1,100,200,-0.38843672871350676,-0.09372703573665886,-0.5346872062370907,-0.6317307665327357,794,599,195,0.020161713745668382,0.04242360600651055,0.031292659876089465,0.011130946130421086,0.20210509904151208,-0.24324206554069638,-2.4561220765743716e-05,-0.39265717718184096
12,96,0.01,0,0.2,0.75,1,1,100,200,-0.451071388632298,-0.11311463014609979,-0.4624962390581302,-0.967260524158373,700,552,148,0.020082957051349364,0.03641184500682558,0.028247401029087474,0.008164443977738108,-0.19416874705700427,-0.03325297778324865,-0.00015214030812100917,-0.39272577588308355
30,120,0.0025,1,0.0,2.5,1,1,100,200,-0.4132032992354613,-0.10119429852086537,-0.5231468647666455,-0.6001456320164398,953,717,236,0.026619762679827786,0.05885750288774546,0.042738632783786625,0.016118870103958835,0.2612408805251425,-0.2506534752434417,5.50898056846577e-06,-0.3927750125050101
12,60,0.01,1,-0.2,2.5,1,1,100,200,-0.3982486266425598,-0.0966559233242058,-0.5359453378642524,-0.5652328177050753,743,569,174,0.029402499212433056,0.0584374671847107,0.04391998319857188,0.014517483986138821,0.06123196986792023,-0.17778098931268393,-3.010474056189475e-05,-0.3928902331415858
12,200,0.0,1,-0.2,1.5,1,1,100,200,-0.3360380534987637,-0.07869320568218852,-0.5879939974371444,-0.404420498573051,1085,817,268,0.03764569988449018,0.08012181035388008,0.05888375511918513,0.02123805523469495,0.3086931564871065,-0.12709087115413686,6.893847721789699e-05,-0.3929112293294133
48,200,0.005,1,-0.2,1.5,1,1,100,200,-0.3649117417799763,-0.08685486920411345,-0.5652606183705499,-0.4710673762012464,971,732,239,0.03399663971437572,0.07127480835871049,0.052635724036543104,0.018639084322167383,0.16167184689693448,-0.11150841263974043,3.906825146499007e-05,-0.3930385471994507
12,120,0.0025,1,0.2,1.5,1,1,100,200,-0.383414151755635,-0.09224229780726134,-0.5324012037620102,-0.6998485291208507,739,542,197,0.01695894151002835,0.03838076236480101,0.02766985193741468,0.010710910427386328,0.10510918597493246,-0.19257850642429775,-4.7142657422566964e-05,-0.393435326144309
48,120,0.0,1,-0.2,999.0,1,1,100,200,-0.3627229710022394,-0.08622589101440759,-0.5781817589341076,-0.3645785037407042,1187,894,293,0.0441825055129686,0.0931166649165179,0.06864958521474325,0.02446707970177465,0.2812102435676638,-0.09941212198113414,6.963196474984276e-05,-0.3935456956684966
48,60,0.0,1,0.2,999.0,1,1,100,200,-0.39317273895050864,-0.09513602233208607,-0.535297212195793,-0.6164149138985102,885,667,218,0.0222356400294025,0.046965242045573875,0.03460044103748819,0.012364801008085687,0.20653186046374739,-0.21702182566082462,1.0144651664278053e-06,-0.39360537412490804
12,60,0.01,1,-0.2,999.0,1,1,100,200,-0.39286447502058275,-0.09504404515657527,-0.5473709668181312,-0.5024984685723086,793,608,185,0.03226399243935735,0.06313661661241206,0.0477003045258847,0.015436312086527355,0.07946257012454794,-0.16378321028150533,-9.280718171750396e-06,-0.39385445199425634
48,60,0.005,1,0.2,1.5,1,1,100,200,-0.39370334123573847,-0.09529442650288522,-0.521598977515334,-0.7629242611431165,643,483,160,0.015410059855087683,0.033156568308306204,0.024283314081696945,0.008873254226609261,0.06002264538752655,-0.21108425148017096,-0.00010869800924597535,-0.39424012831770805
20,96,0.005,1,-0.2,999.0,1,1,100,200,-0.4008420085081864,-0.0974364356712154,-0.5458584442444245,-0.4776713755708798,963,733,230,0.03872204137351675,0.07615772340648955,0.05743988239000315,0.0187178410164864,0.13371354187831708,-0.14453329620406663,2.045674513520064e-05,-0.39424922657197164
48,60,0.005,1,-0.2,2.5,1,1,100,200,-0.397093237241503,-0.09630905981528515,-0.5434719271593184,-0.524503166308263,869,666,203,0.03470544996324688,0.06825580174314817,0.05148062585319752,0.016775175889950644,0.14299635914972164,-0.18538303249817845,2.1363551027682127e-06,-0.3942701817103575
48,60,0.0025,1,0.2,999.0,1,1,100,200,-0.40263212455428044,-0.09797677245683267,-0.5267000163475493,-0.6601812229531987,826,628,198,0.021185550771815605,0.043867478735692536,0.03252651475375407,0.011340963981938465,0.15898021791245975,-0.22093388114550094,-2.7793475767416992e-05,-0.39433584177826725
48,60,0.005,1,-0.2,999.0,1,1,100,200,-0.405596293260705,-0.0988743452811065,-0.5417960119552511,-0.49294808804905643,931,717,214,0.038590780216318385,0.07397878819699674,0.056284784206657563,0.01769400399033918,0.11487002070062591,-0.15067890503478998,1.1981288967390566e-05,-0.39441975566118487
48,200,0.01,1,-0.2,1.5,1,1,100,200,-0.37463739435290366,-0.08967083973322054,-0.5569887410283567,-0.5266212980491793,820,614,206,0.027827365326052716,0.06122020371731597,0.044523784521684345,0.01669641919563163,0.027121092715036932,-0.08248002431543755,3.3010251484098064e-06,-0.39449627514985786
12,120,0.0025,1,0.0,1.5,1,1,100,200,-0.3930984003774497,-0.09511383840053234,-0.535057599098024,-0.640662835601668,851,640,211,0.022970702509713326,0.05085057229864538,0.03691063740417935,0.01393993489446603,0.19416178655036376,-0.22215399029108773,-9.622307502157865e-06,-0.39467577972962775
48,120,0.0025,1,-0.2,2.5,1,1,100,200,-0.3796404729805598,-0.09113310192606927,-0.5623386026212941,-0.44823533146784406,1046,781,265,0.03785571773600756,0.08148692638874304,0.059671322062375305,0.02181560432636774,0.22611446655092204,-0.14630004881105607,4.277983783523002e-05,-0.39471416981010854
20,200,0.005,1,0.2,1.5,1,1,100,200,-0.3724282851344026,-0.08902815438723999,-0.5450192608767616,-0.6640202733455228,738,540,198,0.016827680352829992,0.03809198781896461,0.027459834085897302,0.01063215373306731,0.0918240024301098,-0.1686087207920124,-3.508602746568419e-05,-0.3947387984928969
12,96,0.01,1,0.0,2.5,1,1,100,200,-0.43433243124245857,-0.1077668390004507,-0.5027561641279754,-0.7182306134145601,749,571,178,0.021474325317652,0.045783891630788616,0.03362910847422031,0.012154783156568308,0.08454948034547072,-0.24142964323683191,-7.841377610968749e-05,-0.3950564517351664
48,60,0.0025,1,0.2,1.5,1,1,100,200,-0.40067689031548515,-0.09738666071770075,-0.5190029599255942,-0.7652361085906592,688,516,172,0.01646014911267458,0.035466764674997375,0.025963456893835977,0.009503307781161398,0.04165269021514151,-0.18834260848628426,-9.236992338178566e-05,-0.3951499461100308
48,96,0.005,1,-0.2,999.0,1,1,100,200,-0.3906090204316066,-0.09437221582447941,-0.5569347026141944,-0.4475604236533271,1000,760,240,0.03893205922503413,0.07862543316181876,0.05877874619342644,0.019846686968392313,0.15218945575211573,-0.1278851716719207,3.2655278889201566e-05,-0.395217588314243
48,60,0.01,1,0.0,2.5,1,1,100,200,-0.43626677763570454,-0.10837830658431213,-0.5012823785897171,-0.7269256149321004,734,567,167,0.021211803003255276,0.04489131576183976,0.033051559382547516,0.01183975637929224,0.04468865353127294,-0.22104443094098836,-8.666018377328918e-05,-0.3953657766257757
30,96,0.005,1,-0.2,999.0,1,1,100,200,-0.394282189717965,-0.09546736044193782,-0.5542949777855533,-0.46084842419992356,976,745,231,0.03887955476215478,0.07710280373831775,0.05799117925023627,0.019111624488081486,0.11999301742941082,-0.11886239299016055,2.653960257204524e-05,-0.3956572705447106
12,120,0.0,1,0.0,2.5,1,1,100,200,-0.41338654932152963,-0.10125048139415482,-0.5303781741746326,-0.5903099904484119,1023,772,251,0.028509923343484195,0.06269032867793763,0.04560012601071091,0.017090202667226714,0.3235790825398144,-0.26073643344983277,2.0466894721267944e-05,-0.39595506800389174
30,96,0.0025,1,-0.2,999.0,1,1,100,200,-0.4027727646873993,-0.09801927876411343,-0.5494279474539508,-0.4648202683995581,1041,784,257,0.040375931954216106,0.08264202457208862,0.06150897826315237,0.02113304630893626,0.17062808040526423,-0.14132765423130222,3.163181997020486e-05,-0.39597426591106677
30,200,0.0025,1,0.0,2.5,1,1,100,200,-0.4226609076697184,-0.10411242727624692,-0.5247011615819808,-0.6002571619113635,1057,791,266,0.028824950120760265,0.06426546256431796,0.046545206342539114,0.017720256221778852,0.2481622550648901,-0.21523079274118806,2.1168201749241758e-05,-0.3964758661628055
48,96,0.01,1,-0.2,999.0,1,1,100,200,-0.38909867232744233,-0.09392344142406828,-0.5581619696710727,-0.47237936998800156,872,669,203,0.03376036963141867,0.06914837761209702,0.05145437362175785,0.01769400399033918,0.05707964127061538,-0.10615316165240163,1.0963773472727824e-05,-0.3966233947590047
20,200,0.0025,1,0.2,2.5,1,1,100,200,-0.39397061587142435,-0.09537425974625902,-0.53989029105624,-0.6302454051381686,905,668,237,0.020949280688858554,0.047674052294445025,0.03431166649165179,0.013362385802793237,0.18192733096376612,-0.19374892704228797,4.808579660256917e-06,-0.39683167553128745
20,200,0.005,1,-0.2,1.5,1,1,100,200,-0.3530389532194437,-0.08346359594378261,-0.5821280688341104,-0.46394122222717,923,697,226,0.03286779376246981,0.0684133151317862,0.050640554447128006,0.017772760684658197,0.18753172814809038,-0.13560959425524344,3.720839025196376e-05,-0.3977246914721963
30,60,0.01,1,0.0,2.5,1,1,100,200,-0.4382820286876411,-0.10901713658631029,-0.5035360028508652,-0.740945464057667,715,550,165,0.021185550771815605,0.04355245195841646,0.032369001365116036,0.01118345059330043,0.10877920812284825,-0.2756101598282349,-9.789648629182835e-05,-0.39783241121462626
12,120,0.0,1,0.0,1.5,1,1,100,200,-0.38782565072185615,-0.09354587330270625,-0.5475657584776141,-0.6104902050906795,922,693,229,0.02457208862753334,0.05455213693163919,0.03956211277958627,0.014990024152052925,0.24562065696082147,-0.22062018887653223,1.3499274232073223e-05,-0.39785326279604727
20,96,0.005,1,-0.2,1.5,1,1,100,200,-0.3709155246522219,-0.0885890974448088,-0.5668707798436999,-0.531544849330385,812,619,193,0.030373831775700934,0.061036438097238264,0.0457051349364696,0.015331303160768665,0.11791112225658673,-0.15536447066964687,3.1015901286871846e-06,-0.39860172983317804
48,120,0.005,1,-0.2,2.5,1,1,100,200,-0.38747584691005155,-0.09344223426523313,-0.5627904831027615,-0.4766076834765734,969,733,236,0.036149322692428855,0.07521264307466134,0.0556809828835451,0.019531660191116244,0.13860944250249685,-0.12659286515367452,2.724864662586689e-05,-0.3986678599904425
30,120,0.01,1,-0.2,1.5,1,1,100,200,-0.3638884338951387,-0.08656058990033688,-0.5711539916597876,-0.5332144040759388,742,566,176,0.026829780531345163,0.05633728866953691,0.041583534600441036,0.014753754069095874,0.07823852156456801,-0.14496873439301872,-9.15933744184977e-06,-0.39879830593402765
12,120,0.0025,1,0.0,999.0,1,1,100,200,-0.4181271804644524,-0.10270881998483483,-0.534775721908678,-0.582239929292922,1014,766,248,0.029848787146907488,0.0630841121495327,0.046466449648220096,0.01661766250131261,0.31624719762957954,-0.26593760077053996,1.6532605333867484e-05,-0.39920867740381993
12,200,0.0025,1,0.0,1.5,1,1,100,200,-0.38916042343109625,-0.0939417723103414,-0.5502228068842103,-0.6035965693906817,936,702,234,0.02488711540480941,0.05528719941195002,0.04008715740837971,0.015200042003570304,0.19571583914375856,-0.1841696978421935,1.632340833910886e-05,-0.39923300422198066
20,96,0.01,1,0.2,999.0,1,1,100,200,-0.40103707536816213,-0.09749525280333804,-0.5347408385924222,-0.6951605872627022,694,515,179,0.016643914732752285,0.03685813294130001,0.02675102383702615,0.010107109104273863,0.11423156779965593,-0.2393894323520671,-8.169218272474648e-05,-0.3996237014626842
30,60,0.01,0,0.2,0.75,1,1,100,200,-0.45787248980650674,-0.11532477588440193,-0.4697548041987555,-0.9901362577492193,687,546,141,0.020004200357030346,0.03575553922083377,0.02787986978893206,0.007875669431901712,-0.1868122579404864,-0.059999500058179,-0.0001689258120671947,-0.3997089908712406
30,120,0.0,1,-0.2,1.5,1,1,100,200,-0.34393440470517345,-0.08089659086495726,-0.5941182486904375,-0.43546689189007165,975,732,243,0.03410164864013441,0.0731649690223669,0.053633308831250656,0.019531660191116244,0.2882678808274377,-0.17069823119255012,5.001523487224394e-05,-0.3997290598046796
48,200,0.0025,1,0.0,999.0,1,1,100,200,-0.4158087351458455,-0.10199442468341102,-0.5418193879168762,-0.5426707609532804,1161,868,293,0.03281528929959047,0.07109104273863279,0.051953166019111624,0.01913787671952116,0.29684944413651837,-0.19492471692206792,4.591747439184704e-05,-0.40003765668951313
20,96,0.01,1,-0.2,1.5,1,1,100,200,-0.38466874587247213,-0.0926122628504944,-0.5557901005171018,-0.5931674207160759,711,543,168,0.026383492596870735,0.05394833560852672,0.04016591410269873,0.013782421505827995,0.03619124155157172,-0.15257873766408925,-3.440550355935014e-05,-0.4001656841448491
48,200,0.0,1,0.2,1.5,1,1,100,200,-0.36469591660283507,-0.08679277141060626,-0.5668426324968776,-0.6010621731570567,909,665,244,0.020739262837341173,0.04651895411109944,0.03362910847422031,0.012889845636879135,0.16186372283341965,-0.1384853636425014,2.9513126285960757e-05,-0.4002671963168979
12,200,0.0,1,0.0,1.5,1,1,100,200,-0.37910241480421425,-0.09097539062008453,-0.5624539976648137,-0.5643375941456479,1016,763,253,0.027066050614302214,0.059671322062375305,0.043368686338338756,0.016302635724036542,0.2679338000533864,-0.18604543701144705,4.1089904248579584e-05,-0.40041926915977377
48,120,0.01,1,0.0,999.0,1,1,100,200,-0.40903276595780835,-0.09991942780366303,-0.5424132843334045,-0.5930594086600511,853,648,205,0.02402079176730022,0.05232069725926704,0.03817074451328363,0.014149952745983409,0.13462055612246826,-0.20203163674601976,-1.5501660696707606e-05,-0.40077904040336787
20,96,0.01,1,0.0,999.0,1,1,100,200,-0.4199378685738063,-0.10326834240655602,-0.5317054396433243,-0.6392108891712699,798,607,191,0.02336448598130841,0.04935419510658406,0.03635934054394623,0.012994854562637824,0.1633177419373728,-0.2568046289292796,-4.289511486385366e-05,-0.40108160668678167
12,120,0.0,1,-0.2,999.0,1,1,100,200,-0.3901028943511351,-0.09422173000358991,-0.5717707665651572,-0.4212389602662331,1150,867,283,0.043447443032657775,0.09038643284679197,0.06691693793972488,0.0234694949070671,0.2507812484005829,-0.13332356467609674,5.2632913139494134e-05,-0.40116906129948016
12,200,0.005,1,-0.2,1.5,1,1,100,200,-0.3539651075266298,-0.08372633889766434,-0.5883527041605334,-0.4676454935841407,922,698,224,0.03278903706815079,0.0681245405859498,0.0504567888270503,0.017667751758899508,0.17876131764785463,-0.1308596257945115,3.646279148642049e-05,-0.4012849656571381
12,120,0.01,1,0.0,1.5,1,1,100,200,-0.40384997612407536,-0.09834511506538235,-0.5339271516774622,-0.7205852269852838,690,518,172,0.0182453008505723,0.04118975112884595,0.029717525989709125,0.011472225139136826,0.10471756441032354,-0.23796771193109767,-7.876931695355408e-05,-0.40133795225337765
30,60,0.01,1,-0.2,1.5,1,1,100,200,-0.3861149127485236,-0.09303946977871203,-0.5554271878785701,-0.6139954209252703,673,518,155,0.026173474745353354,0.05090307676152473,0.038538275753439044,0.012364801008085687,0.08369443334264703,-0.2068471642485431,-4.88445498505756e-05,-0.40145283476426064
48,120,0.0,1,-0.2,2.5,1,1,100,200,-0.3795716317021194,-0.0911129176192369,-0.578903745531528,-0.4354765808989044,1113,833,280,0.04016591410269873,0.08626483251076342,0.06321537330673108,0.023049459204032344,0.3001513008120811,-0.16738721968193848,5.16935756231149e-05,-0.40233861942994614
30,96,0.01,1,-0.2,999.0,1,1,100,200,-0.40019370981305535,-0.09724106872302118,-0.560341978655304,-0.5007860732956467,853,657,196,0.03362910847422031,0.0676520004200357,0.050640554447128006,0.0170114459729077,0.030399282634037572,-0.1081775784429636,-2.6338453118960625e-07,-0.40245136171545554
30,120,0.0,1,0.0,2.5,1,1,100,200,-0.4162547371284828,-0.10213167734097406,-0.5419741294916941,-0.5906033923653299,1023,769,254,0.028352409954846162,0.06263782421505829,0.04549511708495222,0.017142707130106058,0.33306558279930876,-0.2695860909118971,1.8883080751379337e-05,-0.4026489117050876
20,120,0.005,1,0.2,999.0,1,1,100,200,-0.3961825030771853,-0.09603601964417974,-0.5494438544053526,-0.6399275162712523,828,620,208,0.02034547936574609,0.043972487661451225,0.03215898351359866,0.011813504147852568,0.21524184625638343,-0.24822849956256832,-2.031570534909973e-05,-0.40275432266041866
12,120,0.005,1,0.0,999.0,1,1,100,200,-0.41319977251329754,-0.10119321739635256,-0.5450164115183331,-0.583067050834193,942,721,221,0.028509923343484195,0.05864748503622808,0.04357870418985614,0.015068780846371942,0.28293638633743257,-0.26736273137952216,4.473824066054093e-06,-0.4028547756972288
48,200,0.0,1,0.2,2.5,1,1,100,200,-0.38747273967408236,-0.09344131387293819,-0.5599211203977683,-0.5898702908702154,1018,750,268,0.02344324267562743,0.053108264202457206,0.03827575343904232,0.01483251076341489,0.23443505749805493,-0.17440253979856368,3.942155037288619e-05,-0.40289538861533314
20,120,0.0025,1,-0.2,2.5,1,1,100,200,-0.40643654437398513,-0.09912943089266701,-0.5564294676302315,-0.5124788312002412,1010,753,257,0.03683188070986034,0.0786779376246981,0.05775490916727922,0.02092302845741888,0.21508314140879214,-0.1904666953737233,2.2478040963609777e-05,-0.40296810626779483
48,60,0.01,1,0.2,999.0,1,1,100,200,-0.4146380527530448,-0.10163455717640335,-0.5288798733070668,-0.7393908793002681,682,515,167,0.01669641919563163,0.03596555707235115,0.02633098813399139,0.009634568938359761,0.06296506992763717,-0.22547231205982032,-0.00010566358320196478,-0.4030440377949501
30,96,0.01,1,-0.2,2.5,1,1,100,200,-0.40450077945534857,-0.09854219916674822,-0.5532037880276065,-0.5587763134570743,800,615,185,0.030688858552977004,0.06287409429801533,0.04678147642549617,0.016092617872519165,0.013200548832116077,-0.12310616316584244,-1.8864917612483303e-05,-0.4030829088534052
30,200,0.005,1,0.0,2.5,1,1,100,200,-0.42367594200632763,-0.10442788140586534,-0.5358446274331565,-0.6158541460971148,969,735,234,0.027276068465819595,0.059146277433581855,0.04321117294970073,0.01593510448388113,0.2142778579501856,-0.2294213515812341,1.6227794579434565e-06,-0.40314290242729933
20,120,0.01,1,-0.2,1.5,1,1,100,200,-0.37975857487741693,-0.09116773365132791,-0.5669664214408578,-0.5717592400924308,739,564,175,0.0266985193741468,0.05589100073506248,0.04129476005460464,0.01459624068045784,0.05717928530497751,-0.15096798576127646,-2.2116894319656067e-05,-0.4032389063763784
30,200,0.01,1,-0.2,1.5,1,1,100,200,-0.3732888323427547,-0.08927829369693674,-0.5742858183663467,-0.537285386980267,806,605,201,0.027853617557492386,0.06009135776541006,0.043972487661451225,0.016118870103958835,0.08114290810837588,-0.13254136246021975,1.3809662809530753e-07,-0.4032854722291235
20,120,0.0,1,-0.2,2.5,1,1,100,200,-0.3971908730306195,-0.09633835082201991,-0.5666185716540075,-0.4798682466833716,1077,803,274,0.03887955476215478,0.08350834820959782,0.0611939514858763,0.022314396723721517,0.28561855706781536,-0.19648543850781997,3.770092012709793e-05,-0.40364104898319225
12,120,0.0025,1,0.2,999.0,1,1,100,200,-0.401183090360275,-0.09753928969990766,-0.5482609535832661,-0.6416702541282697,886,661,225,0.021841856557807415,0.04725401659141027,0.03454793657460884,0.012706080016801428,0.22527382775164706,-0.23879528740299527,-6.619822948244234e-06,-0.4037532791979542
30,120,0.0,1,0.2,1.5,1,1,100,200,-0.38184400120567485,-0.09178012627596532,-0.5567189361111642,-0.6739323179515382,804,585,219,0.0182453008505723,0.04150477790612202,0.029875039378347158,0.01162973852777486,0.19112227165740614,-0.22416068051328653,-1.990151604283329e-05,-0.4038362102291243
30,200,0.0025,1,-0.2,1.5,1,1,100,200,-0.3621012943775791,-0.08604755744269166,-0.5896452984415727,-0.46323432740684833,1025,764,261,0.035335503517799016,0.07560642654625643,0.055470965032027725,0.02013546151422871,0.2566559796299066,-0.15244692609986354,4.7917058638157374e-05,-0.4040319230338204
12,96,0.01,1,-0.2,2.5,1,1,100,200,-0.41863711582829344,-0.10286625454790155,-0.5427416018900306,-0.5979797886760275,783,599,184,0.030478840701459623,0.061613987188911055,0.04604641394518534,0.015567573243725716,0.027972788960795025,-0.1633679582740265,-3.3822633815254074e-05,-0.40413604492671823
30,60,0.005,1,-0.2,1.5,1,1,100,200,-0.378303249342653,-0.0907413472781553,-0.5705983871389393,-0.5631308121984584,767,590,177,0.030137561692743883,0.05759739577864118,0.043867478735692536,0.013729917042948651,0.16948265635508863,-0.21984948835100482,-1.3613522805958161e-05,-0.40419708145754785
48,120,0.0025,1,-0.2,999.0,1,1,100,200,-0.3973521285251189,-0.09638673622663929,-0.5717243629523824,-0.44062645865198935,1115,836,279,0.04179355245195842,0.08768245300850572,0.06473800273023207,0.022944450278273652,0.22106261362145063,-0.1380036708393042,4.4837677900509996e-05,-0.40428024063542994
48,60,0.01,1,0.0,999.0,1,1,100,200,-0.43134289558826544,-0.10682509649695116,-0.5279881895438918,-0.6736019107640422,784,605,179,0.023521999369946447,0.04814659246035913,0.03583429591515279,0.012312296545206342,0.10620154322949138,-0.23914443536244578,-5.9275509919473214e-05,-0.4044992868070992
20,120,0.005,1,-0.2,2.5,1,1,100,200,-0.4010876992124126,-0.09751051955748624,-0.5626324337205992,-0.5162707496507528,940,711,229,0.035335503517799016,0.07303370786516854,0.05418460569148378,0.018849102173684764,0.1529261643797668,-0.16875089456276182,1.366172425826254e-05,-0.4046402739003235
12,120,0.0,1,-0.2,1.5,1,1,100,200,-0.3651080025133131,-0.08691135251926196,-0.5881165515805943,-0.4812980326404149,979,741,238,0.03441667541741048,0.07284994224509084,0.053633308831250656,0.019216633413840178,0.24875544940362104,-0.17041141043689811,3.875530973362148e-05,-0.40503452994157985
30,200,0.0,1,0.0,2.5,1,1,100,200,-0.42134242036589586,-0.10370332720017306,-0.5447982790693906,-0.581126886377421,1141,855,286,0.031187650950330777,0.068990864223459,0.050089257586894885,0.01890160663656411,0.3339264303748468,-0.23243222691052956,3.774433486056671e-05,-0.4051588110537394
12,96,0.01,1,-0.2,999.0,1,1,100,200,-0.4144322901237667,-0.10157136528384114,-0.5538792732276564,-0.5363448778545404,836,641,195,0.03341909062270293,0.06639189331093143,0.04990549196681718,0.01648640134411425,0.04542227650137498,-0.14912480614756807,-1.3791611632811161e-05,-0.4053282457903964
30,60,0.01,1,0.0,999.0,1,1,100,200,-0.4309440048830213,-0.10669974038494645,-0.5297806405419542,-0.6802518244988918,766,588,178,0.0234694949070671,0.04683398088837551,0.03515173789772131,0.011682242990654205,0.1740658491698226,-0.28905020784539615,-6.622119442615053e-05,-0.40560265188086814
20,200,0.0025,1,0.0,2.5,1,1,100,200,-0.4345766351139858,-0.10784394212474535,-0.5331539474629559,-0.6289214405137663,1040,781,259,0.028614932269242884,0.06368791347264517,0.04615142287094403,0.017536490601701146,0.23067122975530863,-0.22710355349040146,9.084824227866734e-06,-0.4058669878819116
30,60,0.01,1,-0.2,999.0,1,1,100,200,-0.41263390294612656,-0.10101981610274369,-0.555985876667086,-0.5423633796399946,800,615,185,0.03284154153103014,0.06334663446392944,0.04809408799747979,0.015252546466449649,0.08098815952325245,-0.18932052978536018,-2.1530123693825086e-05,-0.4061309234182864
12,120,0.0,1,0.0,999.0,1,1,100,200,-0.41372160379581824,-0.10135324247396915,-0.5545819427468908,-0.5513395798513399,1093,824,269,0.03155518219048619,0.06762574818859603,0.04959046518954111,0.01803528299905492,0.3579839195811143,-0.25422030740399115,3.5371272145390964e-05,-0.4062111928399815
12,200,0.0025,1,0.2,1.5,1,1,100,200,-0.39351476456343726,-0.09523811677884919,-0.5520908639015687,-0.701128053365419,805,590,215,0.018297805313451643,0.041557282369001365,0.029927543841226503,0.01162973852777486,0.0656968874145325,-0.14879575707279735,-3.142212906727159e-05,-0.40633995139790446
48,60,0.005,1,0.2,999.0,1,1,100,200,-0.4117096259115479,-0.100736873972752,-0.541962321476549,-0.6963342555357535,776,593,183,0.02003045258847002,0.04118975112884595,0.030610101858657986,0.010579649270187966,0.13747585488194192,-0.237573548567236,-5.645317758702975e-05,-0.40653474748781415
12,120,0.0025,1,-0.2,2.5,1,1,100,200,-0.405184886214792,-0.09874955443078182,-0.5644755758421842,-0.5120641220952936,1006,755,251,0.03704189856137772,0.07820539745878399,0.05762364801008086,0.02058174944870314,0.22766271141316774,-0.19867685792336842,2.2488720610526554e-05,-0.4065905484566386
12,96,0.01,1,0.0,999.0,1,1,100,200,-0.4349484356614467,-0.10796138284316459,-0.5301477941884749,-0.6780481073249668,800,609,191,0.023732017221463824,0.04909167279218733,0.03641184500682558,0.012679827785361756,0.14840943740659962,-0.26590449383658343,-5.69261988449196e-05,-0.4069376853036504
20,200,0.0,1,0.2,1.5,1,1,100,200,-0.38562850160004747,-0.0928956910622375,-0.5621895227619766,-0.6635963361506232,877,641,236,0.02013546151422871,0.045180090307676155,0.03265777591095243,0.012522314396723721,0.14047126872618088,-0.1647192612733127,7.210989874487132e-07,-0.407170269250757
48,200,0.0,1,0.0,2.5,1,1,100,200,-0.4312977623327313,-0.10681090931056425,-0.5417331888131391,-0.5918657221404021,1182,886,296,0.03208022681927964,0.07109104273863279,0.05158563477895621,0.019505407959676573,0.27311073851428747,-0.193227691954031,3.855854178926658e-05,-0.40727078982415393
12,200,0.005,1,0.2,1.5,1,1,100,200,-0.38869787235091036,-0.0938044995038041,-0.5566373062795371,-0.7062164412704436,739,541,198,0.016775175889950644,0.038039483356085264,0.027407329623017958,0.01063215373306731,0.08807712034424564,-0.18696700354269136,-5.2965099666532655e-05,-0.40743397470709486
12,120,0.0,1,0.2,999.0,1,1,100,200,-0.3977760847709162,-0.09651399554296658,-0.5608962533794707,-0.6118989040250004,956,709,247,0.023206972592670377,0.0509293289929644,0.03706815079281739,0.013861178200147012,0.2624952639989466,-0.2305632625679439,1.6502635837181215e-05,-0.4075570674339519
48,60,0.0,1,0.2,1.5,1,1,100,200,-0.4061724053289125,-0.0990492117667886,-0.540795040902426,-0.7626200909037637,742,552,190,0.01751023837026147,0.037986978893205924,0.027748608631733698,0.010238370261472226,0.1102591390465073,-0.2248253437836285,-7.278546657461796e-05,-0.4075777367631898
48,200,0.005,1,0.0,999.0,1,1,100,200,-0.42017780566579455,-0.10334259037772575,-0.552186032749598,-0.5644578952080029,1058,800,258,0.030688858552977004,0.06513178620182715,0.04791032237740208,0.017221463824425076,0.24502180898060688,-0.20947226444017297,2.5235798561347553e-05,-0.4076585015129249
12,200,0.0025,1,-0.2,1.5,1,1,100,200,-0.36718773608696376,-0.08751075405384734,-0.5927591465519887,-0.4775240319902624,1010,758,252,0.034889215583324584,0.07447758059435051,0.05468339808883755,0.01979418250551297,0.20919164462827466,-0.1327320227241755,4.282909895188722e-05,-0.40776652892935483
20,120,0.0025,1,-0.2,999.0,1,1,100,200,-0.4212222530255838,-0.10366607877835632,-0.5587646803397708,-0.4955829866952124,1078,807,271,0.04084847212013021,0.08489971647590046,0.06287409429801533,0.02202562217788512,0.19543599749947904,-0.1699031573999814,2.7131090077673966e-05,-0.4078275682830023
20,200,0.005,1,0.2,2.5,1,1,100,200,-0.40139572208118157,-0.0976034330060106,-0.5545008224416375,-0.6633763105977661,835,619,216,0.019531660191116244,0.043893730967132207,0.03171269557912423,0.012181035388007981,0.17013531814220295,-0.2232754732455322,-2.4357947992028184e-05,-0.40802265975671764
48,60,0.01,1,-0.2,999.0,1,1,100,200,-0.42090950496962154,-0.10356916486103485,-0.5553169318415283,-0.5536831464786223,819,636,183,0.03328782946550457,0.06515803843326683,0.0492229339493857,0.01593510448388113,0.007256061002729686,-0.1340464173287056,-2.232731451946491e-05,-0.4089117881057301
30,120,0.005,1,-0.2,1.5,1,1,100,200,-0.36719724330319115,-0.08751349775120043,-0.5925603874296557,-0.5098041852989639,846,642,204,0.03063635409009766,0.06350414785256747,0.047070250971332564,0.016433896881234904,0.14386226689467763,-0.155407663936037,1.3535690310018837e-05,-0.4092839007309765
30,120,0.0025,1,0.2,999.0,1,1,100,200,-0.40550507266173164,-0.09884666965422428,-0.5563157996837794,-0.6465571930772923,890,662,228,0.021658090937729708,0.04749028667436732,0.03457418880604851,0.012916097868318807,0.21438692421366334,-0.23598753061383693,-9.066667558666497e-06,-0.4093324291499786
20,200,0.005,1,0.0,2.5,1,1,100,200,-0.4288215755162128,-0.10603392134134382,-0.5437988792232284,-0.6295981040127453,954,727,227,0.02711855507718156,0.058621232804788405,0.042869893940984984,0.015751338863803425,0.2127903733216252,-0.2410794235933683,-5.9110434759255835e-06,-0.4094132661535953
12,120,0.0025,1,-0.2,1.5,1,1,100,200,-0.3808821141785207,-0.09149745984502144,-0.5834530723866787,-0.528765334375623,910,688,222,0.032395253596555706,0.06809828835451014,0.05024677097553292,0.01785151737897721,0.18525015120845634,-0.17658886066974666,1.7243228957674493e-05,-0.4096622627571419
30,120,0.0,1,0.2,999.0,1,1,100,200,-0.3974526043993666,-0.09641688968153672,-0.5658258228146626,-0.6072348525852245,953,705,248,0.022970702509713326,0.05085057229864538,0.03691063740417935,0.01393993489446603,0.2638877410549698,-0.2321510665462958,1.6348623391304096e-05,-0.40969154371812927
30,120,0.0025,1,-0.2,1.5,1,1,100,200,-0.3680912873604698,-0.08777165831090572,-0.5945636314802347,-0.4962892617343326,913,684,229,0.032211487976478,0.06880709860338129,0.050509293289929647,0.018297805313451643,0.20502673907555802,-0.17212899768433088,2.5914897571474688e-05,-0.4098679371377397
48,120,0.01,1,-0.2,2.5,1,1,100,200,-0.4107390712214034,-0.10044014766524723,-0.563398565785076,-0.5560005672461837,844,644,200,0.031187650950330777,0.06605061430221569,0.04861913262627323,0.017431481675942453,-0.016859172501388242,-0.0858656701274022,-1.2139216810960632e-05,-0.4099394589200944
20,200,0.01,1,0.2,999.0,1,1,100,200,-0.4056980561041761,-0.09890522335286378,-0.5543621892825072,-0.6821617818740289,759,554,205,0.017116454898666388,0.04000840071406069,0.02856242780636354,0.011445972907697154,0.11328746272734302,-0.21971042282455244,-5.707180011465563e-05,-0.41019440708781885
30,120,0.01,1,0.2,999.0,1,1,100,200,-0.4064471422209882,-0.09913265005847982,-0.5524773487546942,-0.6968014722504515,726,535,191,0.016801428121390318,0.038433266827680355,0.027617347474535335,0.010815919353145017,0.13054597047765237,-0.24515202170910233,-7.263216597060041e-05,-0.4102113980483495
12,120,0.005,1,-0.2,2.5,1,1,100,200,-0.4064822315299681,-0.09914330899526347,-0.569381529847846,-0.5301655888434961,936,709,227,0.035466764674997375,0.07263992439357346,0.05405334453428542,0.01858657985928804,0.1550273149258825,-0.17937996228103525,9.498114192805742e-06,-0.41034235336136127
12,120,0.0,1,0.2,1.5,1,1,100,200,-0.3951695785340935,-0.09573272921200515,-0.5580447740285279,-0.7125997955476893,804,587,217,0.018324057544891317,0.04147852567468235,0.029901291609786832,0.011577234064895517,0.16584398159860858,-0.22442601215548785,-3.403693047822444e-05,-0.4103851060036536
30,200,0.0,1,0.2,999.0,1,1,100,200,-0.3999193462499938,-0.09715843922127387,-0.5681064109443201,-0.5943067615549812,1047,773,274,0.02512338548776646,0.055523469494907066,0.040323427491336765,0.015200042003570304,0.25298356035127334,-0.19151071002702746,3.668102056260161e-05,-0.410926982771183
30,200,0.01,1,0.2,999.0,1,1,100,200,-0.40778175388638815,-0.09953841508402272,-0.5545408350716037,-0.6858597177829431,768,558,210,0.017063950435787043,0.040323427491336765,0.028693688963561902,0.01162973852777486,0.10207217855457351,-0.21098995539718735,-5.586359392798264e-05,-0.4111018185089717
48,200,0.0025,1,0.2,999.0,1,1,100,200,-0.4141214623231023,-0.10147594043080665,-0.5556189157844957,-0.6378953165981166,1000,740,260,0.023758269452903498,0.05274073296230179,0.03824950120760265,0.014491231754699149,0.1586471198649675,-0.1662075690112763,1.4085707807431715e-05,-0.4111801641529603
30,120,0.0,1,-0.2,999.0,1,1,100,200,-0.39249380410558954,-0.09493349696361075,-0.5903882920462837,-0.4216077498108224,1148,863,285,0.04318492071826105,0.09070145962406805,0.06694319017116455,0.023758269452903498,0.25010005817009984,-0.1371142223247973,5.137086764277631e-05,-0.41120803047729376
20,120,0.01,1,0.2,999.0,1,1,100,200,-0.4126080997178013,-0.10101191231962636,-0.5494052242825281,-0.7129601569228431,723,533,190,0.016853932584269662,0.03822324897616297,0.027538590780216317,0.010684658195946656,0.11330953638678909,-0.24255911774085048,-8.128258175788144e-05,-0.41136253230703257
30,120,0.01,1,0.0,2.5,1,1,100,200,-0.43879124680284887,-0.10917884765423125,-0.5339150597864095,-0.7073875190762016,787,598,189,0.02150057754909167,0.04796282684028142,0.03473170219468655,0.013231124645594875,0.09944520518078193,-0.2433614522514591,-6.71684161267506e-05,-0.4115057535012461
12,200,0.0025,1,0.2,2.5,1,1,100,200,-0.4120880672655576,-0.10085268042241102,-0.5542827901126864,-0.6738329237983454,904,667,237,0.020949280688858554,0.047674052294445025,0.03431166649165179,0.013362385802793237,0.17189704753591784,-0.21155207886208705,-1.2215544856580449e-05,-0.4116857216686715
30,120,0.005,1,0.0,999.0,1,1,100,200,-0.41571609701245715,-0.10196592673573301,-0.5617764877078457,-0.5815590279031915,947,722,225,0.028168644334768456,0.05893625958206448,0.04355245195841646,0.01538380762364801,0.287877920275462,-0.27148401070796946,4.2291865367626155e-06,-0.41193212198481544
30,120,0.0025,1,0.0,999.0,1,1,100,200,-0.42165406208822764,-0.10379995601466063,-0.5583253132570757,-0.5834676208593325,1019,766,253,0.029612517063950437,0.06332038223248976,0.046466449648220096,0.016853932584269662,0.32318614228949216,-0.2723959278951613,1.5490198037995764e-05,-0.4121359936861651
20,120,0.01,1,0.0,2.5,1,1,100,200,-0.449757344646054,-0.11269013424696772,-0.5251072993928934,-0.739132774056553,783,595,188,0.021421820854772657,0.04772655675732437,0.03457418880604851,0.013152367951275858,0.07252919383753054,-0.24104864205797427,-7.97985629924838e-05,-0.41220042264624207
20,200,0.0,1,0.2,2.5,1,1,100,200,-0.40486971398201343,-0.09865400088889176,-0.5630872513542369,-0.6414124825996428,981,723,258,0.022865693583954638,0.05148062585319752,0.03717315971857608,0.014307466134621442,0.2410702821445918,-0.21676805555638634,1.5632848510359484e-05,-0.4122682506959923
20,96,0.01,1,-0.2,999.0,1,1,100,200,-0.42156684275429923,-0.10377290826109709,-0.5627515606632975,-0.5476913805192606,841,643,198,0.033051559382547516,0.06665441562532816,0.04985298750393784,0.016801428121390318,0.026170248864916257,-0.14157914389219273,-1.7303806021096153e-05,-0.41253325761870885
12,120,0.0,1,-0.2,2.5,1,1,100,200,-0.40317553137328144,-0.09814105308426757,-0.5795909222074249,-0.4929126461355609,1079,810,269,0.03935209492806888,0.08345584374671847,0.06140396933739368,0.022051874409324792,0.29606399450752385,-0.21008448828560433,3.4775188050016956e-05,-0.4125821464947581
48,120,0.005,1,-0.2,999.0,1,1,100,200,-0.4085168850200167,-0.09976223116508165,-0.5786618103908319,-0.47337552324492244,1036,788,248,0.03998214848262102,0.08109314291714796,0.06053764569988449,0.020555497217263467,0.12402117983234007,-0.11653640495439055,2.8485553872356886e-05,-0.4127619125227437
12,120,0.005,1,-0.2,1.5,1,1,100,200,-0.3815921538949303,-0.09170608279387193,-0.5877183700238094,-0.5470708878408689,842,642,200,0.030846371941615037,0.06292659876089468,0.04688648535125486,0.01604011340963982,0.12417768808300877,-0.16184617509187327,2.6744409367594426e-06,-0.4129188121978201
20,96,0.01,1,-0.2,2.5,1,1,100,200,-0.42572043689365713,-0.10506462448029397,-0.5551359730357184,-0.6096619991643685,788,601,187,0.03011130946130421,0.06187650950330778,0.04599390948230599,0.015882600021001784,0.009042103258520617,-0.15594860598299654,-3.752104337402844e-05,-0.41311571095637156
12,120,0.005,1,0.2,999.0,1,1,100,200,-0.4070492872421648,-0.09931563113411013,-0.5609287363496073,-0.6699327492254614,824,618,206,0.020555497217263467,0.04381497427281319,0.03218523574503833,0.01162973852777486,0.20328191535243234,-0.25591032262890256,-3.279341727082897e-05,-0.41327663677018683
30,200,0.0025,1,0.2,999.0,1,1,100,200,-0.4113434918184482,-0.10062489035373479,-0.5616575685462039,-0.640928722494471,970,717,253,0.02325947705554972,0.05134936469599916,0.037304420875774444,0.014044943820224719,0.1953932784117225,-0.20009826290336807,8.474630207059588e-06,-0.41350011075156023
20,120,0.005,1,-0.2,999.0,1,1,100,200,-0.42075791488081193,-0.1035222054056657,-0.5693708029060216,-0.5075416698760689,1007,765,242,0.03919458153943085,0.07894045993909482,0.05906752073926284,0.019872939199831987,0.12343247519264566,-0.14683095274025004,1.651479684615824e-05,-0.41358469035247997
12,120,0.0025,1,-0.2,999.0,1,1,100,200,-0.4235314897499389,-0.10438296117582224,-0.569404962062884,-0.5017296861250032,1075,810,265,0.04113724666596661,0.08450593300430537,0.06282158983513599,0.021684343169169378,0.2010622689979904,-0.1783218721962071,2.540526379678448e-05,-0.4141719265135144
30,60,0.01,1,-0.2,2.5,1,1,100,200,-0.42806226801350356,-0.10579620254659383,-0.5541162408618325,-0.6303311131092155,747,574,173,0.029901291609786832,0.058621232804788405,0.04426126220728762,0.014359970597500788,0.05674901260855125,-0.21363087621326782,-5.183791078460422e-05,-0.4143708786329709
12,200,0.005,1,0.0,2.5,1,1,100,200,-0.43165901929068995,-0.10692449206838428,-0.552666878202041,-0.6366999330844633,952,726,226,0.027039798382862544,0.058489971647590046,0.042764885015226295,0.01572508663236375,0.23145927125360766,-0.25704109705069855,-8.662199904806448e-06,-0.41509292782362794
48,200,0.0,1,0.0,999.0,1,1,100,200,-0.42257229837868293,-0.10408491018594623,-0.5700040544916264,-0.5367095709096096,1254,939,315,0.03520424236060065,0.07631523679512758,0.05575973957786412,0.020555497217263467,0.32656018125249964,-0.18503042373217615,5.628669429823215e-05,-0.4159224159772399
48,200,0.01,1,0.2,999.0,1,1,100,200,-0.415840364641173,-0.10200415558311926,-0.5586199719821768,-0.6976582664928428,782,567,215,0.0170114459729077,0.040953481045888904,0.028982463509398298,0.011971017536490602,0.041128297073854236,-0.17038059271889072,-5.863485306471118e-05,-0.41619705489884984
30,120,0.0,1,0.0,999.0,1,1,100,200,-0.4142688728991186,-0.10152119076865596,-0.5749142971082344,-0.5473781595774382,1092,820,272,0.031266407644649795,0.06754699149427701,0.049406699569463405,0.01814029192481361,0.37595999662800694,-0.26501820113512753,3.5272118348611385e-05,-0.4163472473016451
30,200,0.005,1,-0.2,1.5,1,1,100,200,-0.3813234708260623,-0.09162711616093566,-0.5991853544116668,-0.5175822644577907,940,707,233,0.03331408169694424,0.06933214323217474,0.051323112464559485,0.018009030767615248,0.16554642461432678,-0.15061709285929725,2.325749505566106e-05,-0.4170989065896586
48,60,0.01,1,-0.2,2.5,1,1,100,200,-0.4341269670321689,-0.10770198787152718,-0.5552177426905814,-0.6367773116567637,767,594,173,0.030268822849942246,0.06045888900556547,0.04536385592775386,0.015095033077811614,-0.009556381664422409,-0.16153907968035475,-5.000992803428141e-05,-0.41714972479965606
30,120,0.005,1,0.2,999.0,1,1,100,200,-0.41059483700321575,-0.10039608451234983,-0.5677305104418546,-0.6722415845813162,829,620,209,0.020240470439987397,0.044130001050089254,0.03218523574503833,0.011944765305050929,0.19090578683688464,-0.25080199586090435,-3.413951541500444e-05,-0.417873418962343
48,120,0.01,1,-0.2,999.0,1,1,100,200,-0.4159706034880998,-0.10204422835721039,-0.5812223141011437,-0.5186476500160758,897,686,211,0.03415415310301376,0.07090727711855507,0.052530715110784415,0.01837656200777066,-0.0014053760540561067,-0.0840426110628405,-8.115939957672364e-07,-0.418587767908586
30,200,0.0,1,0.0,999.0,1,1,100,200,-0.4239561043555461,-0.10451502899779208,-0.5734255876542038,-0.5492809703675597,1213,908,305,0.034259162028772445,0.0741100493541951,0.05418460569148378,0.01992544366271133,0.3714018696110113,-0.22952896474259232,4.906028349364527e-05,-0.41869187134327196
20,200,0.0,1,0.0,2.5,1,1,100,200,-0.44029927476755837,-0.10965843758501848,-0.5559572163576096,-0.6240876293317285,1125,845,280,0.0309776330988134,0.0684133151317862,0.0496954741152998,0.0187178410164864,0.29785263840925347,-0.24302380122159872,2.2077913319508413e-05,-0.41884142723040974
12,200,0.005,1,0.2,2.5,1,1,100,200,-0.41547546488263776,-0.10189191879092918,-0.5648054732614058,-0.698380229650155,834,618,216,0.0194791557282369,0.04384122650425286,0.03166019111624488,0.012181035388007981,0.16782860420644674,-0.24042663761079908,-3.898030165855672e-05,-0.41921366690413986
30,200,0.0025,1,0.0,999.0,1,1,100,200,-0.4356131861124417,-0.10817151184658536,-0.5633529932264305,-0.5944104268098953,1124,840,284,0.031922713430641604,0.0688858552977003,0.05040428436417096,0.01848157093352935,0.30264172170104153,-0.23987255704586863,2.635821568255891e-05,-0.41956852980029535
48,200,0.0,1,0.2,999.0,1,1,100,200,-0.4136937088174929,-0.10134468530237728,-0.5751736405043987,-0.6165139256705282,1079,797,282,0.025595925653680563,0.05688858552977003,0.0412422555917253,0.015646329938044733,0.1924957565257761,-0.15661051917073154,3.313165622282762e-05,-0.41975720183810306
12,200,0.0,1,0.2,1.5,1,1,100,200,-0.40165280746381626,-0.09768101071781765,-0.5742175459090271,-0.7039209713948891,879,643,236,0.020161713745668382,0.04525884700199517,0.03271028037383177,0.012548566628163393,0.14070120866744573,-0.18585545984056373,-1.4043914607122086e-05,-0.41998583224207564
20,200,0.01,1,0.0,2.5,1,1,100,200,-0.4521815329339749,-0.11347389105250494,-0.5419004088008548,-0.7257989314601178,828,625,203,0.022104378872204136,0.05035177990129161,0.03622807938674787,0.014123700514543737,0.0708376735565095,-0.22597336322856298,-6.483178935379185e-05,-0.4207140420259382
12,120,0.01,1,0.2,999.0,1,1,100,200,-0.42387684978028695,-0.1044903725490266,-0.5590092760206906,-0.7469816686175001,713,524,189,0.0167226714270713,0.03782946550456789,0.027276068465819595,0.010553397038748294,0.1084224123003441,-0.2575371462415329,-9.94545559358718e-05,-0.4213440939902469
12,120,0.01,1,-0.2,1.5,1,1,100,200,-0.403953668730472,-0.09837650497996475,-0.5833515648320536,-0.6292848875268714,734,559,175,0.026646014911267456,0.055523469494907066,0.04108474220308726,0.014438727291819805,0.03312044507277423,-0.16717261403189465,-4.24655127160367e-05,-0.42151653177233517
20,96,0.01,0,0.2,0.75,1,1,100,200,-0.4737175975524982,-0.12056128475119765,-0.5014533159125208,-1.0064695722387533,719,567,152,0.020660506143022155,0.0377244565788092,0.02919248136091568,0.008531975217893522,-0.19168634792501626,-0.06716067479989907,-0.00016794780346022286,-0.4216114213193958
12,120,0.005,1,-0.2,999.0,1,1,100,200,-0.42946863616956243,-0.1062366982255405,-0.5796152905387519,-0.5271638429078054,1004,764,240,0.03940459939094823,0.07862543316181876,0.059015016276383496,0.019610416885435262,0.1191900968029378,-0.15774030773280467,1.079958201042953e-05,-0.4224025356403067
30,120,0.005,1,-0.2,2.5,1,1,100,200,-0.4138200307549317,-0.10138343891123358,-0.5890029907415264,-0.5382772058382592,940,711,229,0.035335503517799016,0.07324372571668591,0.054289614617242465,0.018954111099443453,0.13690659268145078,-0.17495878934006914,6.208819844018819e-06,-0.42279879457390973
12,200,0.0,1,0.2,2.5,1,1,100,200,-0.41837980501309013,-0.10278680006107221,-0.5736153559595801,-0.6736196784428775,980,722,258,0.022891945815394308,0.05155938254751654,0.037225664181455426,0.014333718366061116,0.24376276970448507,-0.23658719555859853,3.650348587432156e-06,-0.42327546196300614
30,120,0.0025,1,-0.2,2.5,1,1,100,200,-0.41484416206875907,-0.10169787335469838,-0.5911606377533323,-0.5251666047125149,1010,754,256,0.0369631418670587,0.07891420770765516,0.057938674787356925,0.020975532920298225,0.20681817859494123,-0.19646784598222589,1.7973458241465497e-05,-0.42353652246699025
30,96,0.01,0,0.2,0.75,1,1,100,200,-0.4745726738175108,-0.12084743974029499,-0.5072555830344357,-0.9838517489149932,745,586,159,0.02134306416045364,0.03903706815079282,0.030190066155623228,0.00884700199516959,-0.21303419005524815,-0.0308925267651875,-0.00015339548628469463,-0.42366781870326253
12,120,0.01,1,0.0,2.5,1,1,100,200,-0.46169945234067733,-0.11657818703020406,-0.5372493979362989,-0.7739340461170899,773,586,187,0.021290559697574294,0.04733277328572929,0.03431166649165179,0.013021106794077496,0.06507866700197606,-0.2560565394875155,-9.572717946128043e-05,-0.423899588304208
12,200,0.01,1,0.2,999.0,1,1,100,200,-0.42450899023298416,-0.10468710976939954,-0.5667470705799328,-0.7297393782988316,757,552,205,0.01703769820434737,0.03992964401974168,0.028483671112044525,0.011445972907697154,0.10128976008401058,-0.23694030849143377,-7.903068786665324e-05,-0.4245476139743075
30,120,0.0,1,-0.2,2.5,1,1,100,200,-0.4082541681295455,-0.0996822195390541,-0.602248970541662,-0.497852327681941,1078,806,272,0.03919458153943085,0.08382337498687388,0.06150897826315237,0.022314396723721517,0.28824471120496153,-0.21244642765423927,3.216754025798595e-05,-0.4256993211939822
30,120,0.01,1,0.0,999.0,1,1,100,200,-0.44127745651806116,-0.10997007633552525,-0.5656723979437979,-0.6737132424959423,839,636,203,0.02367951275858448,0.05134936469599916,0.03751443872729182,0.01383492596870734,0.16418224564439066,-0.26985801879444904,-4.870121094927206e-05,-0.4264919374322213
20,120,0.01,1,0.0,999.0,1,1,100,200,-0.45080103057275644,-0.11302722585160663,-0.5574136869807809,-0.7003938530331307,835,633,202,0.023653260527144806,0.05106059015016277,0.037356925338653785,0.013703664811508979,0.13568137776873757,-0.2657626044103629,-5.916759700292515e-05,-0.4267537619936536
30,200,0.01,1,0.0,2.5,1,1,100,200,-0.4622527979798171,-0.11676000874953096,-0.5484026002662343,-0.7496033026676469,842,632,210,0.022104378872204136,0.05082432006720571,0.03646434946970493,0.014359970597500788,0.04696239209081443,-0.21741633365303858,-7.011146791962189e-05,-0.4284414740160305
20,200,0.0025,1,0.0,999.0,1,1,100,200,-0.44726159090047835,-0.11188611995945363,-0.5711183891321104,-0.6217698602060275,1107,830,277,0.03171269557912423,0.06830830620602751,0.05001050089257587,0.018297805313451643,0.28438725259565567,-0.25137251293816254,1.5136042907646215e-05,-0.4285338075358102
30,200,0.005,1,0.0,999.0,1,1,100,200,-0.44059850638060705,-0.10975372345105416,-0.5763273164747478,-0.617770992279501,1032,782,250,0.030268822849942246,0.06355665231544681,0.04691273758269453,0.016643914732752285,0.2517023934107825,-0.25118500200199745,4.891217720575867e-06,-0.4288059313024031
20,60,0.01,0,0.2,0.75,1,1,100,200,-0.47859516749944175,-0.1221986038566979,-0.5048184850897945,-1.09203654364717,667,532,135,0.019610416885435262,0.034259162028772445,0.026934789457103855,0.007324372571668592,-0.1683706093270556,-0.12477713754217212,-0.00021547447704330265,-0.4292096735839537
30,120,0.0025,1,-0.2,999.0,1,1,100,200,-0.43120872409921707,-0.10678292367512865,-0.5942442812482391,-0.5111378820964874,1079,809,270,0.040927228814449226,0.08518849102173685,0.06305785991809304,0.02213063110364381,0.1871888080885411,-0.17814802942369867,2.211788546162793e-05,-0.4294619584040726
48,200,0.01,1,0.0,2.5,1,1,100,200,-0.47074521095502286,-0.11956944703378358,-0.546488617721279,-0.7608678284027525,858,641,217,0.02215688333508348,0.051821904861913265,0.03698939409849837,0.01483251076341489,-0.016564209631857563,-0.17343366462632925,-7.206937917014738e-05,-0.4308571473145607
20,200,0.0,1,0.0,999.0,1,1,100,200,-0.4428273343247562,-0.11046474633148662,-0.5828542276840649,-0.5900348872129657,1197,898,299,0.03404914417725507,0.07353250026252231,0.05379082221988869,0.019741678042633624,0.33431461755643177,-0.2401606008150784,3.4573406069128954e-05,-0.43139360453416736
12,200,0.0025,1,0.0,2.5,1,1,100,200,-0.46179410344548755,-0.11660927747121463,-0.560798116277132,-0.690683460321366,1041,783,258,0.028667436732122232,0.06368791347264517,0.0461776751023837,0.01751023837026147,0.1971966332754298,-0.24335916847705685,-1.1006124291551832e-05,-0.431542508625849
48,200,0.005,1,0.2,999.0,1,1,100,200,-0.4341907289109467,-0.10772211116035135,-0.5782715772414677,-0.7023272810366636,920,683,237,0.02189436102068676,0.04840911477475585,0.03515173789772131,0.013257376877034549,0.1132139929619751,-0.19477578848256483,-2.658240117083702e-05,-0.43197426383291837
12,60,0.01,0,0.2,0.75,1,1,100,200,-0.47686384639828916,-0.12161603102445295,-0.5101316798027317,-1.106923737988301,644,513,131,0.01890160663656411,0.033077811613987186,0.025989709125275647,0.007088102488711541,-0.19420030241611075,-0.10408784176351338,-0.00023063265370386804,-0.43202805782523385
12,200,0.01,1,0.0,2.5,1,1,100,200,-0.4634032050933863,-0.11713849610085902,-0.5550423387273953,-0.7545479465259196,825,623,202,0.02202562217788512,0.05022051874409325,0.036123070460989185,0.014097448283104063,0.06983051164730614,-0.2422527484600444,-7.66644224499097e-05,-0.43238706279085265
30,120,0.005,1,-0.2,999.0,1,1,100,200,-0.434370288320014,-0.10777878997014367,-0.5962617234353583,-0.5308692920608274,1008,766,242,0.039168329307991176,0.07922923448493122,0.059198781896461196,0.02003045258847002,0.10865273082987459,-0.1553518379634039,9.00902496422224e-06,-0.4324531162908642
12,120,0.01,0,0.2,0.75,1,1,100,200,-0.47970381690479935,-0.12257246680135325,-0.5192885748835123,-1.0237895868392455,731,570,161,0.020476740522944452,0.03811824005040428,0.029297490286674367,0.008820749763729917,-0.19707409248564078,-0.06599436008980053,-0.0001698691172888297,-0.4334062335850717
20,200,0.0025,1,0.2,999.0,1,1,100,200,-0.43420371824362014,-0.10772621082426104,-0.5826057181159787,-0.698307225885532,962,713,249,0.023154468129791033,0.05098183345584375,0.03706815079281739,0.013913682663026358,0.16267543472315205,-0.2126832709463633,-1.4149478949795407e-05,-0.433944431176527
20,200,0.005,1,0.0,999.0,1,1,100,200,-0.44559304900140984,-0.11135021249181498,-0.5835878145762697,-0.6308502699128146,1017,774,243,0.03011130946130421,0.06303160768665336,0.04657145857397879,0.01646014911267458,0.2501690639034164,-0.262513812095996,-2.0882316114011923e-06,-0.4346866332755906
30,200,0.005,1,0.2,999.0,1,1,100,200,-0.4325221437812359,-0.10719610093178222,-0.5847445712671915,-0.7069878533624077,897,666,231,0.021736847632048723,0.04741152998004831,0.03457418880604851,0.01283734117399979,0.15266489469010325,-0.22896225381984425,-3.25428218260266e-05,-0.43491777923349834
48,200,0.0,1,-0.2,999.0,1,1,100,200,-0.44871555945857944,-0.11235416618680227,-0.5985110815227881,-0.4916930156880319,1350,1012,338,0.048881654940669955,0.10385382757534391,0.07636774125800692,0.027486086317336973,0.21178348608292685,-0.10633902700649056,4.829695133467439e-05,-0.4361943577325979
30,120,0.01,1,-0.2,2.5,1,1,100,200,-0.4391828727225916,-0.10930329513402959,-0.5918309411725828,-0.6250751580715,824,630,194,0.030846371941615037,0.06460674157303371,0.04772655675732437,0.016880184815709336,0.00175057168531767,-0.15465158385398237,-3.720340071117011e-05,-0.436472523623896
20,200,0.01,1,0.0,999.0,1,1,100,200,-0.4568914736296603,-0.11500461234645065,-0.5737735567289144,-0.6976939959933489,881,663,218,0.024309566313136615,0.05381707445132836,0.03906332038223249,0.014753754069095874,0.13249002316523195,-0.25491332244842213,-4.9064475111625914e-05,-0.4367760905105753
30,120,0.01,1,-0.2,999.0,1,1,100,200,-0.4370160106057269,-0.10861559809253174,-0.5996954229140767,-0.5675950143517072,878,672,206,0.033707865168539325,0.0694634043893731,0.05158563477895621,0.017877769610416885,0.018754946029758468,-0.14270701262779284,-1.885840493335823e-05,-0.43684306026715547
12,120,0.01,1,0.0,999.0,1,1,100,200,-0.46272048678877253,-0.11691380155225595,-0.5668652552306739,-0.733273454223998,825,624,201,0.023521999369946447,0.050666806678567676,0.03709440302425706,0.013572403654310616,0.12779215234688723,-0.2802817951419292,-7.38877166938044e-05,-0.4370101018787928
20,120,0.01,0,0.2,0.75,1,1,100,200,-0.4888535455351518,-0.12568255214669943,-0.5207082491969255,-1.0255082219084501,757,590,167,0.02126430746613462,0.0394308516223879,0.03034757954426126,0.00908327207812664,-0.22085856556944716,-0.04203283775827882,-0.00016604426215653388,-0.4373120878405847
20,200,0.0,1,0.2,999.0,1,1,100,200,-0.4319217660747623,-0.10700713853359423,-0.5949486116522609,-0.6697695535606957,1041,769,272,0.024992124330568098,0.05518219048619133,0.04008715740837971,0.015095033077811614,0.20258439480753387,-0.20494093293897253,9.233460716272244e-06,-0.4379699220377594
12,96,0.005,0,0.2,0.75,1,1,100,200,-0.49175630046268537,-0.1266785310197448,-0.5193825261584472,-1.035312373459165,797,629,168,0.02310196366691169,0.04116349889740628,0.03213273128215898,0.009030767615247296,-0.1746629669819253,-0.08261781270315127,-0.00014997856106321563,-0.43813541277192664
20,120,0.01,1,-0.2,999.0,1,1,100,200,-0.45230608437731046,-0.11351423426481122,-0.5943036575182787,-0.6028821219541345,875,669,206,0.033576604011340966,0.06896461199201932,0.051270608001680144,0.01769400399033918,-0.008698298731940501,-0.1441780570040121,-3.0312301293631548e-05,-0.4408101691216573
48,200,0.0025,1,-0.2,2.5,1,1,100,200,-0.459517332784078,-0.11586262670890646,-0.5923103352644846,-0.5767215648596147,1188,886,302,0.04163603906332038,0.09030767615247295,0.06597185760789667,0.02433581854457629,0.17473570632369806,-0.16655482221792117,2.115005184840249e-05,-0.4408538725841295
12,200,0.005,1,0.0,999.0,1,1,100,200,-0.44962647519952303,-0.1126479018849672,-0.5926292645370634,-0.6404420758485926,1015,773,242,0.030032552766985195,0.062900346529455,0.046466449648220096,0.016433896881234904,0.26646954031502457,-0.2780246759157007,-5.6049359480854655e-06,-0.44098463794592857
20,120,0.01,1,-0.2,2.5,1,1,100,200,-0.45579886915849543,-0.11464857498193748,-0.5869035571918375,-0.6664163664960915,821,627,194,0.03066260632153733,0.06416045363855928,0.04741152998004831,0.016748923658510974,-0.025244441925978967,-0.15824406176899575,-5.0664619025263017e-05,-0.44142117190266084
48,96,0.01,0,0.2,0.75,1,1,100,200,-0.48915611666696024,-0.12578615732834275,-0.5322546482922995,-0.9909684063452532,767,596,171,0.021605586474850363,0.04024467079701775,0.030925128635934055,0.009319542161083692,-0.15698411134838808,-0.11070464619663001,-0.00015803756092614614,-0.44146190179175515
12,120,0.01,1,-0.2,2.5,1,1,100,200,-0.4546451639442276,-0.11427324733541466,-0.588711305819243,-0.6672419615867691,813,618,195,0.03042633623858028,0.06360915677832615,0.047017746508453216,0.01659141026987294,-0.007648798326345685,-0.17472512106165083,-5.212552398640605e-05,-0.4419909983243746
12,120,0.01,1,-0.2,999.0,1,1,100,200,-0.4511449744668945,-0.11313842573643618,-0.5990537648752076,-0.6032585176802423,867,660,207,0.03334033392838391,0.0684133151317862,0.05087682453008506,0.017536490601701146,0.0091960249174583,-0.1609345199475516,-3.15066121334187e-05,-0.44282823405805205
48,200,0.0025,1,-0.2,999.0,1,1,100,200,-0.4700764821699449,-0.11934691715415557,-0.5929415250150141,-0.5520282413059591,1258,938,320,0.04565263047359026,0.09689698624383072,0.07127480835871049,0.025622177885120234,0.17420236291964075,-0.15333854520057433,2.705527536572824e-05,-0.4434190917269606
12,200,0.0,1,0.0,2.5,1,1,100,200,-0.46405297357607767,-0.11735255876473083,-0.5848579838590604,-0.6769312792197333,1127,848,279,0.031056389793132418,0.06849207182610521,0.04977423080961882,0.0187178410164864,0.2749436170880657,-0.2613868611459367,5.865130997587276e-06,-0.4436281146552477
20,200,0.0,1,-0.2,999.0,1,1,100,200,-0.4431644423905746,-0.11057248583612234,-0.6167594687585144,-0.49672341246584356,1272,949,323,0.04659771080541846,0.09904966922188387,0.07282369001365116,0.0262259792082327,0.26758189682622646,-0.1700894255383696,4.172254580015394e-05,-0.4437883908386717
30,200,0.01,1,0.0,999.0,1,1,100,200,-0.46687614966117086,-0.11828505606469353,-0.5798714455471219,-0.7205370374710514,895,670,225,0.024309566313136615,0.054289614617242465,0.03929959046518954,0.014990024152052925,0.10724014755116174,-0.24667623029519492,-5.4144392597025306e-05,-0.44424763071180706
20,200,0.0025,1,-0.2,2.5,1,1,100,200,-0.4477746938300311,-0.11205118007950243,-0.607693518360633,-0.5717892346047435,1115,828,287,0.03950960831670692,0.08576604011340964,0.06263782421505829,0.02312821589835136,0.24023865878138118,-0.2223382041414078,1.629519732360822e-05,-0.4444874009900561
48,200,0.01,1,0.0,999.0,1,1,100,200,-0.4719615128645335,-0.11997476754337566,-0.578371836240642,-0.7237519609728562,911,679,232,0.02433581854457629,0.05531345164338969,0.039824635093982985,0.0154888165494067,0.040056068737820416,-0.19928229048386004,-5.32264543937868e-05,-0.4453482837123395
48,60,0.01,0,0.2,0.75,1,1,100,200,-0.5028464652317931,-0.13052614031249188,-0.5199612280650073,-1.097323331754557,727,575,152,0.02058174944870314,0.03775070881024887,0.029166229129476005,0.008584479680772866,-0.22914828088490047,-0.07226228931260226,-0.00020443139253367796,-0.4453729209327234
12,200,0.01,1,0.0,999.0,1,1,100,200,-0.46786655804771293,-0.1186131246628086,-0.5858842952779734,-0.7247706054444212,878,661,217,0.024204557387377926,0.05365956106269033,0.03893205922503413,0.0147275018376562,0.13174412533099877,-0.270584040326169,-5.9986017170446486e-05,-0.44779380257401635
12,200,0.0025,1,0.2,999.0,1,1,100,200,-0.45192831799311783,-0.11339189531480598,-0.5962586953947341,-0.7424669895445832,961,712,249,0.023180720361230703,0.05100808568728342,0.03709440302425706,0.013913682663026358,0.15110744441197288,-0.23006832595930038,-3.081069116218753e-05,-0.4486445924894022
12,200,0.0,1,0.2,999.0,1,1,100,200,-0.4456369743838823,-0.11136430403785358,-0.6052922582891411,-0.7025681195883652,1040,768,272,0.025044628793447442,0.05528719941195002,0.04016591410269873,0.015121285309251286,0.20341500274406576,-0.22505935005908018,-2.6348867818352454e-06,-0.4491388391618424
30,200,0.0,1,-0.2,999.0,1,1,100,200,-0.45134651011563953,-0.11320360976731414,-0.6214083099502286,-0.509287945687655,1294,965,329,0.047122755434211905,0.10025727186810879,0.07369001365116035,0.02656725821694844,0.25880246690449193,-0.1674710181535588,4.043810944649166e-05,-0.4493721620268112
20,200,0.005,1,0.2,999.0,1,1,100,200,-0.44719041892773037,-0.1118632343222169,-0.6004320599478383,-0.7466722942524852,890,663,227,0.021658090937729708,0.047070250971332564,0.034364170954531134,0.012706080016801428,0.13683244085807944,-0.24109313913627206,-4.956446511466082e-05,-0.4494128790087603
20,200,0.0,1,-0.2,2.5,1,1,100,200,-0.4457877764212086,-0.11141268910142166,-0.6212259444019357,-0.5516569610375409,1195,890,305,0.04252861493226924,0.09183030557597396,0.0671794602541216,0.02465084532185236,0.31118772665153394,-0.23163588778273092,2.8771240721943077e-05,-0.44960850935426655
30,120,0.01,0,0.2,0.75,1,1,100,200,-0.5026208579224682,-0.13044718748006578,-0.5353089736458573,-1.059993620820592,762,593,169,0.021605586474850363,0.03998214848262102,0.030793867478735693,0.00918828100388533,-0.21975717371608117,-0.0668201287184026,-0.0001795595702610483,-0.451101355344024
12,200,0.0025,1,0.0,999.0,1,1,100,200,-0.4751702854236026,-0.12104765427777886,-0.5920874138339127,-0.6838932968983956,1109,833,276,0.031791452273443245,0.06833455843746719,0.050063005355455215,0.01827155308201197,0.2469834738654988,-0.26711770138230795,-4.3517987504667765e-06,-0.451286026039655
20,200,0.01,1,-0.2,2.5,1,1,100,200,-0.46196146177673714,-0.11666426106103323,-0.604986729522832,-0.6591745518485039,880,663,217,0.03171269557912423,0.06825580174314817,0.049984248661136196,0.01827155308201197,0.02635315327072907,-0.1859446712170778,-3.920446085421367e-05,-0.4521163534148744
20,200,0.005,1,-0.2,2.5,1,1,100,200,-0.45448991354411084,-0.11422278919532924,-0.6163098479876634,-0.602896519385521,1028,772,256,0.03775070881024887,0.0789667121705345,0.05835871049039169,0.02060800168014281,0.16318373750477844,-0.2157804719899865,-2.0879366242015682e-06,-0.452522539158437
48,200,0.005,1,-0.2,2.5,1,1,100,200,-0.47476415768931723,-0.12091157169141231,-0.6007687467078903,-0.6270321866122591,1084,814,270,0.039089572613672165,0.08251076341489026,0.06080016801428122,0.021710595400609052,0.0793645723050842,-0.1631788052323181,-3.819635535085337e-06,-0.4526475543759704
48,200,0.0,1,-0.2,2.5,1,1,100,200,-0.4659291238827803,-0.11797181338481255,-0.6124374797328773,-0.5741776421833485,1274,954,320,0.04478630683608106,0.09655570723511499,0.07067100703559803,0.02588470019951696,0.22844559667591313,-0.1778373616004908,2.9257864576614055e-05,-0.45289943536041866
30,60,0.005,0,0.2,0.75,1,1,100,200,-0.5069088506676873,-0.13195272775453182,-0.5337114404340497,-1.0852878503475565,785,624,161,0.023206972592670377,0.04074346319437152,0.03197521789352095,0.008768245300850573,-0.17781485243358375,-0.11190220121227112,-0.00017491356477601828,-0.4530728404889345
12,200,0.0,1,0.0,999.0,1,1,100,200,-0.4677938742140624,-0.11858903185118208,-0.6051189157963603,-0.6432598622607308,1200,902,298,0.03415415310301376,0.073637509188281,0.05389583114564738,0.019741678042633624,0.30817278773886536,-0.25859311750797365,1.8765105303616915e-05,-0.4533114828623988
12,60,0.005,0,0.2,0.75,1,1,100,200,-0.5051572617474684,-0.13133647396345915,-0.5341432128729486,-1.1367323720432396,736,585,151,0.021763099863488396,0.03751443872729182,0.029638769295390107,0.007875669431901712,-0.15548281774790185,-0.15332049116448765,-0.000207273702018354,-0.45524469900209547
30,200,0.0,1,-0.2,2.5,1,1,100,200,-0.4539312972244568,-0.11404132752493223,-0.6300356062447021,-0.564709777326093,1217,906,311,0.04305365956106269,0.09303790822219889,0.0680457838916308,0.024992124330568098,0.30210627732727535,-0.22921166241729596,2.755524117311732e-05,-0.45729461951358796
30,200,0.0025,1,-0.2,2.5,1,1,100,200,-0.46262318074659403,-0.11688179502712304,-0.6215603554954241,-0.5986913319814974,1138,844,294,0.04003465294550037,0.08697364275963457,0.06350414785256747,0.0234694949070671,0.21537227625864896,-0.21883106878972514,1.1582640727681164e-05,-0.45759653937391
12,200,0.005,1,-0.2,2.5,1,1,100,200,-0.45757332124347394,-0.11522709042960722,-0.6236229502681716,-0.6114851723710814,1025,771,254,0.03761944765305051,0.07862543316181876,0.05812244040743463,0.020502992754384122,0.14856343663822247,-0.21147105578224024,-4.632931666671189e-06,-0.4576128241822471
48,200,0.005,1,-0.2,999.0,1,1,100,200,-0.4881005961042112,-0.12542494301400064,-0.6042117310989763,-0.6047185067804401,1152,867,285,0.04305365956106269,0.08878504672897196,0.06591935314501733,0.022865693583954638,0.06806567238921968,-0.1472870716136242,2.3816493166080857e-06,-0.4577667339025108
12,200,0.0,1,-0.2,999.0,1,1,100,200,-0.46530597252155204,-0.11776593919257905,-0.6270018755558515,-0.5392196526768587,1276,955,321,0.04678147642549617,0.09907592145332353,0.07292869893940986,0.026147222513913684,0.21696161303911654,-0.1682790782184317,3.146210141548409e-05,-0.45822785960434775
20,60,0.005,0,0.2,0.75,1,1,100,200,-0.5121541467318103,-0.13380868968003146,-0.5363371197440889,-1.1386854078877795,760,606,154,0.02257691903811824,0.03890580699359446,0.030741363015856348,0.008164443977738108,-0.13648414025402955,-0.17379946051817752,-0.0002004304320953155,-0.4589115199464649
48,120,0.01,0,0.2,0.75,1,1,100,200,-0.5114394361417538,-0.13355486463732946,-0.5458987543095992,-1.0521359432686375,782,608,174,0.02202562217788512,0.04113724666596661,0.03158143442192586,0.009555812244040743,-0.18466377258390532,-0.11400090649549144,-0.00017781666134947515,-0.45911103895556094
20,200,0.01,1,-0.2,999.0,1,1,100,200,-0.4669888853216786,-0.11832237467739315,-0.6208762226861748,-0.6162548523241341,936,705,231,0.03457418880604851,0.07321747348524625,0.05389583114564738,0.019321642339598866,0.0424861957302467,-0.18348042784392704,-2.5987126420561953e-05,-0.45957322863668726
12,96,0.0,0,0.2,0.75,1,1,100,200,-0.5052466640194402,-0.13136788568064361,-0.5575884364726231,-1.0064438036858494,920,717,203,0.026278483671112046,0.04749028667436732,0.03688438517273968,0.010605901501627638,-0.1345334892621376,-0.09434271285082418,-0.00010774794654765906,-0.46048429410124764
12,200,0.005,1,0.2,999.0,1,1,100,200,-0.4609056373757692,-0.11631761130620266,-0.6101895721410626,-0.7823287842891437,888,661,227,0.021605586474850363,0.047017746508453216,0.03431166649165179,0.012706080016801428,0.13252703290256118,-0.25785086450770023,-6.424079386051202e-05,-0.46052883659119115
20,200,0.01,0,0.2,0.75,1,1,100,200,-0.5084806848483736,-0.1325072316852819,-0.5521432468390992,-1.0416374988859263,796,619,177,0.022419405649480206,0.041583534600441036,0.03200147012496062,0.009582064475480415,-0.16493731470794004,-0.12357664591496942,-0.00016763121856306083,-0.46066073004912783
20,200,0.0025,1,-0.2,999.0,1,1,100,200,-0.47351407269385626,-0.12049322906912052,-0.6231784984020345,-0.5766008148709892,1187,882,305,0.04349994749553712,0.09227659351044838,0.06788827050299276,0.024388323007455633,0.2143176763153034,-0.21499452587604662,1.5125548894470823e-05,-0.46091251901368724
12,200,0.01,1,-0.2,2.5,1,1,100,200,-0.4740895731471151,-0.12068572226674146,-0.6171246014520169,-0.6892645859865544,875,660,215,0.03158143442192586,0.06791452273443242,0.04974797857817915,0.01816654415625328,-0.004756789394200989,-0.18147130234196085,-4.9341891728051643e-05,-0.4637112522920776
12,200,0.0,1,-0.2,2.5,1,1,100,200,-0.4665049398195099,-0.11816221996353626,-0.6350207405287513,-0.5944456812901502,1198,895,303,0.04268612832090728,0.09183030557597396,0.06725821694844061,0.02457208862753334,0.2613175957405285,-0.2299597964614578,1.827663812706234e-05,-0.46539487429241944
12,200,0.0025,1,-0.2,2.5,1,1,100,200,-0.4762111610715575,-0.12139680895192961,-0.6275233279409438,-0.6325665059935043,1116,831,285,0.03956211277958627,0.08560852672477161,0.06258531975217893,0.02302320697259267,0.17052963772719165,-0.21806482375808278,2.125570172503557e-07,-0.4667867982220767
12,120,0.005,0,0.2,0.75,1,1,100,200,-0.5188922780284243,-0.13621643402746042,-0.5522268972026152,-1.0904644169208824,830,649,181,0.023653260527144806,0.04302740732962302,0.03334033392838391,0.009687073401239105,-0.1778848495345705,-0.11368732750407051,-0.00016539472961974946,-0.4668531034748121
12,200,0.01,1,-0.2,999.0,1,1,100,200,-0.47885666402695926,-0.12228672936261575,-0.6278612555133102,-0.6439222935104131,931,702,229,0.03441667541741048,0.07284994224509084,0.053633308831250656,0.019216633413840178,0.0111724806826341,-0.17899351754328452,-3.528344079924914e-05,-0.4684134717947915
30,200,0.005,1,-0.2,2.5,1,1,100,200,-0.4776730589974938,-0.12188813099422102,-0.6295476337443391,-0.6491093909979929,1048,785,263,0.03817074451328363,0.08006930589100074,0.059120025202142185,0.020949280688858554,0.11989626474110415,-0.21224376227271546,-1.27466513628004e-05,-0.4691174174162902
30,60,0.0,0,0.2,0.75,1,1,100,200,-0.5153424074120976,-0.13494461683243397,-0.5652105825127374,-1.0398711485481749,897,701,196,0.025910952430956632,0.046387692953901084,0.036149322692428855,0.010238370261472226,-0.13239235521805492,-0.12513420453222956,-0.00012856313533096415,-0.4695434655162114
20,200,0.005,1,-0.2,999.0,1,1,100,200,-0.4826078869675836,-0.12355481779217448,-0.6340665324508974,-0.611062371480595,1098,827,271,0.041662291294760054,0.0851359865588575,0.06339913892680878,0.021736847632048723,0.12836628649815074,-0.20593327082155077,-3.8833499753625795e-06,-0.47114120259165293
30,200,0.0025,1,-0.2,999.0,1,1,100,200,-0.4876704674045146,-0.1252779176219705,-0.6323566140402404,-0.6020685113115315,1210,898,312,0.044024992124330566,0.09348419615667332,0.06875459414050195,0.024729602016171373,0.18997100107698262,-0.21145427166241848,1.0756299758114178e-05,-0.4715596502076672
30,200,0.01,0,0.2,0.75,1,1,100,200,-0.521519796325002,-0.137162641496002,-0.5639183789871333,-1.059414572927218,804,624,180,0.02268192796387693,0.04216108369211383,0.03242150582799538,0.00973957786411845,-0.1892924202276859,-0.11767256440193274,-0.00017837109277534508,-0.47209255963592955
20,60,0.01,0,-0.2,0.75,1,1,100,200,-0.4887021548304282,-0.1256307319660801,-0.6170139366759844,-0.799990846185362,897,703,194,0.03929959046518954,0.06607686653365535,0.05268822849942245,0.01338863803423291,-0.09840192085651622,-0.11184089716066792,-6.212976801969632e-05,-0.4741372426133404
12,200,0.005,1,-0.2,999.0,1,1,100,200,-0.4867254269858582,-0.12495523298382805,-0.6374300012608518,-0.6215614652310815,1095,826,269,0.041531030137561695,0.08479470755014176,0.06316286884385172,0.021631838706290034,0.11159979099728079,-0.20156974261225236,-6.967300951286166e-06,-0.47474830687580805
30,60,0.01,0,0.0,0.75,1,1,100,200,-0.5370323629137699,-0.14283523245838492,-0.5562975386490063,-1.0921857565902255,810,637,173,0.027171059540060907,0.04854037593195422,0.03785571773600756,0.010684658195946656,-0.2196183621449228,-0.11043672792316683,-0.00017038044125363436,-0.4755932896123994
30,60,0.01,0,-0.2,0.75,1,1,100,200,-0.5117310811603974,-0.1336584046671505,-0.6005449481386986,-0.8390385005121195,921,720,201,0.039640869473905285,0.0684133151317862,0.05402709230284574,0.01438622282894046,-0.2029170771337302,-0.02904702028929118,-7.198920104135632e-05,-0.4758828037621058
48,200,0.01,1,-0.2,2.5,1,1,100,200,-0.5104042566342395,-0.1331877531481136,-0.6160241396860833,-0.7531774806377259,914,685,229,0.03197521789352095,0.07056599810983934,0.051270608001680144,0.019295390108159192,-0.11307498005951666,-0.12808742784225846,-6.54038874988339e-05,-0.4788586970230415
30,200,0.01,1,-0.2,2.5,1,1,100,200,-0.4981133978634481,-0.12887574214046604,-0.6299978710456695,-0.7401540281203774,899,675,224,0.03187020896776226,0.06920088207497638,0.05053554552136932,0.018665336553607057,-0.033710098650346354,-0.1857414053771328,-6.122068625539451e-05,-0.4808823790693197
20,96,0.005,0,0.2,0.75,1,1,100,200,-0.5378396238177717,-0.1431345678162791,-0.5607493438239706,-1.152403185912593,819,647,172,0.023968287304420875,0.042817389478105636,0.03339283839126326,0.009424551086842382,-0.21015619001369068,-0.11866796732117135,-0.0001941284920191311,-0.481129399023894
48,200,0.01,1,-0.2,999.0,1,1,100,200,-0.5119912314843049,-0.13375080517846072,-0.624902623231183,-0.6992760319744179,969,726,243,0.034784206657565896,0.07552766985193742,0.05515593825475165,0.02037173159718576,-0.09975756873350838,-0.11989103540630952,-4.89029068528418e-05,-0.4811659183927731
12,200,0.0025,1,-0.2,999.0,1,1,100,200,-0.5018607375126019,-0.1301813887705805,-0.6386263156152663,-0.6363837736271764,1189,886,303,0.04357870418985614,0.09214533235325002,0.06786201827155308,0.024283314081696945,0.14380170434421014,-0.2106807907642173,-3.8405457092898493e-07,-0.48131373525957244
30,96,0.005,0,0.2,0.75,1,1,100,200,-0.5393562758708712,-0.14369808084578062,-0.562605967721356,-1.1291363726881696,845,666,179,0.024729602016171373,0.04420875774440827,0.03446917988028982,0.00973957786411845,-0.23229244727414533,-0.08440238720953597,-0.00018102776329081526,-0.4814578833408671
20,60,0.01,0,0.0,0.75,1,1,100,200,-0.5335091514519971,-0.1415336791112347,-0.5711279773094016,-1.1100958730454304,788,625,163,0.02690853722566418,0.0467552241940565,0.03683188070986034,0.009923343484196157,-0.18094419960754737,-0.15533508299954635,-0.00018009523709725162,-0.482602461418207
12,200,0.01,0,0.2,0.75,1,1,100,200,-0.5293172588643109,-0.13999530326430176,-0.5713858381749702,-1.1395194640391608,783,608,175,0.022078126640764466,0.0407697154258112,0.03142392103328783,0.009345794392523364,-0.24406602746085848,-0.07888634410544226,-0.0002044170801895048,-0.48266419555374496
12,96,0.01,0,-0.2,0.75,1,1,100,200,-0.5172129167145172,-0.13561383465281018,-0.610054142504241,-0.8476241127442208,941,737,204,0.04008715740837971,0.06980468339808883,0.054945920403234275,0.014858762994854563,-0.19441915714997504,-0.040526096394229105,-7.073638902414103e-05,-0.4830221115421417
12,60,0.0,0,0.2,0.75,1,1,100,200,-0.5260493966364139,-0.13880361930085428,-0.5800822664064724,-1.1209950779556526,860,675,185,0.02491336763624908,0.04381497427281319,0.034364170954531134,0.009450803318282054,-0.14373472307903434,-0.14902250088274516,-0.00016268428050432974,-0.48489450640187315
30,200,0.005,1,-0.2,999.0,1,1,100,200,-0.5045960718071962,-0.1311394020506843,-0.642666452629153,-0.6546116906666115,1118,840,278,0.042082326997794815,0.08623858027932374,0.06416045363855928,0.022078126640764466,0.08637453290037156,-0.2023521517382575,-1.3756614082509513e-05,-0.48520321289859136
30,200,0.01,1,-0.2,999.0,1,1,100,200,-0.5028030182925045,-0.13051093352900078,-0.6408354218171864,-0.6924969290687898,955,717,238,0.03473170219468655,0.07416255381707446,0.0544471280058805,0.01971542581119395,-0.018521178582247333,-0.1832765466938372,-4.66988411806059e-05,-0.4855534908910335
20,60,0.0,0,0.2,0.75,1,1,100,200,-0.5335043144757734,-0.14153189763660912,-0.5793859903919247,-1.1310275044347062,876,688,188,0.025412160033602856,0.04473380237320172,0.03507298120340229,0.009660821169799433,-0.11555448917923716,-0.18258029323048763,-0.00016331156870042456,-0.4877762680543068
12,96,0.01,0,0.0,0.75,1,1,100,200,-0.5520019214181893,-0.14845528111140416,-0.5683920873681548,-1.134346849186394,827,649,178,0.027302320697259266,0.04961671742098078,0.038459519059120026,0.011157198361860758,-0.2427624775199707,-0.10531593172221632,-0.00017926092046572666,-0.48936866725480127
12,96,0.0025,0,0.2,0.75,1,1,100,200,-0.5459741633264099,-0.1461744663906971,-0.5706533088762127,-1.1610734330739267,866,680,186,0.024939619867688754,0.044628793447443034,0.034784206657565896,0.00984458678987714,-0.22456445175242,-0.09711715861201942,-0.00018204419585686848,-0.4895547924824998
20,120,0.005,0,0.2,0.75,1,1,100,200,-0.5475441863736313,-0.14676619613539554,-0.5704280382022373,-1.155878437597545,858,671,187,0.02465084532185236,0.044602541216003364,0.03462669326892786,0.0099758479470755,-0.23219352929874448,-0.09492757913378125,-0.00018611331295031227,-0.48977413711639145
30,60,0.0025,0,0.2,0.75,1,1,100,200,-0.5480709046573213,-0.14696508016939558,-0.57263607919423,-1.1696551420338872,845,666,179,0.02467709755329203,0.04378872204137352,0.034232909797332775,0.009555812244040743,-0.21360259677696236,-0.12307280645863594,-0.00019466181405417408,-0.49176587686820494
12,120,0.0,0,0.2,0.75,1,1,100,200,-0.541745117394495,-0.1445886733855285,-0.5868162781000271,-1.093542643085226,960,744,216,0.02701354615142287,0.04959046518954111,0.03830200567048199,0.01128845951905912,-0.15355761383892674,-0.12496951781203491,-0.00013187424221530034,-0.49267394458980335
12,60,0.01,0,0.0,0.75,1,1,100,200,-0.5504539453461796,-0.14786721847333006,-0.5727108396987624,-1.18544027553808,777,616,161,0.025937204662396303,0.04546886485351255,0.03570303475795442,0.009765830095558122,-0.22088079508260516,-0.1489876120632131,-0.00021046313926163058,-0.49349465209961524
48,96,0.005,0,0.2,0.75,1,1,100,200,-0.5481979661116342,-0.1470130851748881,-0.5811812781436014,-1.118375615779614,869,678,191,0.025097133256326787,0.04546886485351255,0.03528299905491967,0.01018586579859288,-0.16779440064788376,-0.1615721583641826,-0.00017848355617495313,-0.4935225050356695
30,96,0.01,0,0.0,0.75,1,1,100,200,-0.5597052935249169,-0.15140612934880537,-0.5770713591112941,-1.1099842229896997,867,678,189,0.02856242780636354,0.05255696734222409,0.04055969757429381,0.011997269767930275,-0.25855394002189336,-0.08382667536957811,-0.0001658469444742573,-0.4954410200539374
20,60,0.005,0,0.0,0.75,1,1,100,200,-0.5349469489786425,-0.14206388093367606,-0.6056167941232187,-1.0329194209848838,901,714,187,0.031187650950330777,0.05344954321117295,0.04231859708075186,0.011130946130421086,-0.10119937068697149,-0.18803422654613489,-0.00012799383179843467,-0.49651824904452957
48,60,0.005,0,0.2,0.75,1,1,100,200,-0.5544698130297347,-0.14939618152251866,-0.5769566917487072,-1.205519603344955,824,652,172,0.023889530610101857,0.042791137246665965,0.03334033392838391,0.009450803318282054,-0.23085834833301178,-0.12532869642342204,-0.00021498302424057106,-0.49815050756412005
20,96,0.01,0,0.0,0.75,1,1,100,200,-0.5647174234301804,-0.15334832221941497,-0.575817134613497,-1.1501656836997747,841,659,182,0.02790612202037173,0.05106059015016277,0.03948335608526725,0.011577234064895517,-0.2376308334931445,-0.13049424572435997,-0.00018428071848768405,-0.49876517371115225
30,60,0.0,0,-0.2,0.75,1,1,100,200,-0.5442322780535354,-0.14551987523334864,-0.6304243635008914,-0.8036385688578214,1189,916,273,0.04959046518954111,0.0876036963141867,0.06859708075186391,0.019006615562322797,-0.07627272491140757,-0.1057634116834214,-3.122253018080211e-05,-0.5009139854266854
20,96,0.0,0,0.2,0.75,1,1,100,200,-0.5502796773109362,-0.14780111704365295,-0.5945114306557484,-1.1203423224050701,939,732,207,0.026961041688543526,0.048855402709230285,0.037908222198886905,0.01094718051034338,-0.1767355208360012,-0.12631397793386168,-0.00014954093884472924,-0.5010739484917807
30,96,0.01,0,-0.2,0.75,1,1,100,200,-0.5308274713865504,-0.1405482661418117,-0.6369589700322391,-0.8477915062412882,976,764,212,0.041531030137561695,0.0738212748083587,0.0576761524729602,0.01614512233539851,-0.24599933270836305,0.01379361943057944,-6.904525069356003e-05,-0.5014173264699957
20,60,0.0,0,-0.2,0.75,1,1,100,200,-0.5244330807429382,-0.13821662863945938,-0.6519850368518327,-0.778444554368196,1170,903,267,0.04901291609786832,0.08508348209597816,0.06704819909692324,0.01803528299905492,0.03568986041591238,-0.17565744231139102,-2.325255865139646e-05,-0.5031313747837856
48,60,0.01,0,0.0,0.75,1,1,100,200,-0.56969938190223,-0.15529663208589928,-0.5793682259457342,-1.1639186015518266,846,663,183,0.027774860863173368,0.05098183345584375,0.03937834715950856,0.011603486296335189,-0.25936484401169757,-0.11300707711639024,-0.00018906927022858193,-0.5031766751363578
12,60,0.005,0,0.0,0.75,1,1,100,200,-0.5501689793082578,-0.1477591389377424,-0.6064911936496853,-1.0985442715642204,888,702,186,0.029953796072666176,0.051848157093352935,0.040900976583009556,0.01094718051034338,-0.14500948847995287,-0.17971819370890474,-0.00015284400404689562,-0.5059319493407961
20,60,0.0025,0,0.2,0.75,1,1,100,200,-0.5632328972402059,-0.1527712141395542,-0.5848838490478965,-1.260164275622361,822,651,171,0.02412580069305891,0.04197731807203612,0.033051559382547516,0.008925758689488606,-0.19022933023702093,-0.18636888564841758,-0.00023311820877448271,-0.5082213524446205
12,60,0.01,0,-0.2,0.75,1,1,100,200,-0.5420499843622821,-0.14470259895398307,-0.6343380660654665,-0.9633159909149175,880,691,189,0.03814449228184396,0.06402919248136092,0.05108684238160244,0.01294235009975848,-0.1985547212079284,-0.11267735794847256,-0.00011360752013637993,-0.5100374315324622
20,96,0.01,0,-0.2,0.75,1,1,100,200,-0.5423729841599081,-0.14482336677204288,-0.6410711977248393,-0.8957163633438736,959,749,210,0.04061220203717316,0.0717473485246246,0.056179775280898875,0.015567573243725716,-0.227095140925626,-0.04350677141408876,-8.411562736681738e-05,-0.5101447838016562
30,120,0.005,0,0.2,0.75,1,1,100,200,-0.5649689293100287,-0.15344625077936824,-0.593259550838308,-1.2027551363133175,862,673,189,0.025044628793447442,0.045206342539115825,0.03512548566628163,0.010080856872834191,-0.2406361172715229,-0.11834622469935296,-0.0002046895103039942,-0.5102137830141881
48,60,0.01,0,-0.2,0.75,1,1,100,200,-0.5462826625023207,-0.1462906080385471,-0.6379993930056247,-0.9055083378385368,953,746,207,0.04050719311141447,0.07179985298750394,0.056153523049459204,0.015646329938044733,-0.2425763092001384,-0.03519496068858907,-8.82365149678501e-05,-0.5105657214332863
12,60,0.0025,0,0.2,0.75,1,1,100,200,-0.5647446688715692,-0.15335892855991717,-0.5863206807524015,-1.284304681029789,806,638,168,0.02357450383282579,0.040900976583009556,0.03223774020791767,0.008663236375091882,-0.2347747436878448,-0.14882423518074128,-0.0002473541511581,-0.5107345029876074
30,96,0.0,0,0.2,0.75,1,1,100,200,-0.5626168759453312,-0.152532197007616,-0.6060091749627119,-1.1385677246828863,968,754,214,0.027853617557492386,0.05032552766985194,0.039089572613672165,0.011235955056179775,-0.20595415043860665,-0.10614404341726036,-0.0001511412673908237,-0.5124651707231163
20,120,0.0,0,0.2,0.75,1,1,100,200,-0.5629821060918831,-0.15267387429811485,-0.6065426488005614,-1.1363308992678574,984,761,223,0.02790612202037173,0.05100808568728342,0.03945710385382758,0.011550981833455844,-0.2023688576155258,-0.103761824598393,-0.0001452861221584177,-0.5127617436617884
12,120,0.0025,0,0.2,0.75,1,1,100,200,-0.5711088868508387,-0.1558511248727633,-0.5923694185229005,-1.215009679840256,901,702,199,0.02556967342224089,0.04662396303685813,0.036096818229549514,0.010527144807308621,-0.22846622191923416,-0.12765013955126392,-0.0001950802056201882,-0.5127863181262263
20,60,0.0,0,0.0,0.75,1,1,100,200,-0.5524295422693768,-0.14861801701854538,-0.6292413292551133,-1.0206241713938498,1041,814,227,0.03446917988028982,0.061036438097238264,0.047752808988764044,0.01328362910847422,-0.07850871264382009,-0.18252027771308432,-9.567810143577552e-05,-0.5142698902157945
30,200,0.005,0,0.2,0.75,1,1,100,200,-0.5704623218846152,-0.15559658850549085,-0.6036656653789036,-1.140014285026501,930,725,205,0.02709230284574189,0.04877664601491127,0.037934474430326576,0.010842171584584689,-0.15917706175873125,-0.18661875943742656,-0.00017480286737169186,-0.5144301354462677
20,120,0.01,0,-0.2,0.75,1,1,100,200,-0.545058187465081,-0.14582999763963567,-0.6497793846847018,-0.8818415303851725,990,773,217,0.0417147957576394,0.07463509398298855,0.05817494487031398,0.01646014911267458,-0.24141454751545843,-0.016032228274500127,-7.645585873654423e-05,-0.5148117665012452
20,120,0.01,0,0.0,0.75,1,1,100,200,-0.5794993177629775,-0.15918238379109217,-0.5959418015727163,-1.169639979229014,883,687,196,0.028588680037803214,0.053160768665336554,0.040874724351569885,0.01228604431376667,-0.2592133439479323,-0.11719960452493872,-0.00018243974615999762,-0.515635283538901
12,120,0.01,0,0.0,0.75,1,1,100,200,-0.5771396914328932,-0.1582402052202222,-0.5961626707223188,-1.1862782429402883,857,668,189,0.027853617557492386,0.05174314816759425,0.039798382862543315,0.011944765305050929,-0.24665838902520099,-0.13831865507601326,-0.00019221422082457161,-0.515635452728396
48,120,0.005,0,0.2,0.75,1,1,100,200,-0.5716846927976968,-0.15607806370185562,-0.6016632014039038,-1.186431832222262,887,692,195,0.025648430116559907,0.04659771080541846,0.036123070460989185,0.010474640344429277,-0.18884227177057833,-0.17715874764911554,-0.00019863635346633663,-0.5162312560149206
30,60,0.005,0,0.0,0.75,1,1,100,200,-0.5678048116981986,-0.15455360109692218,-0.615525232872375,-1.0975412475666169,931,733,198,0.031843956736322586,0.05573348734642444,0.04378872204137352,0.011944765305050929,-0.1873853460513789,-0.1527532394751333,-0.00014845147600207155,-0.5171932799114405
12,96,0.01,0,0.2,1.5,1,1,100,200,-0.5701171016997053,-0.1554608094753701,-0.6295681958111117,-0.9824871994746811,1078,818,260,0.027538590780216317,0.057361125695684134,0.04244985823795023,0.014911267457733907,-0.029798972580785676,-0.24031823054212276,-0.00010705593344605274,-0.51936926735466
20,200,0.005,0,0.2,0.75,1,1,100,200,-0.5741328882207636,-0.15704568890957937,-0.6087831938457221,-1.1906222086999187,915,713,202,0.02643599705975008,0.047752808988764044,0.03709440302425706,0.010658405964506982,-0.17834289902004885,-0.1809264457787827,-0.00018910495399441143,-0.5209683962674364
12,60,0.01,0,0.2,1.5,1,1,100,200,-0.565882597087545,-0.15380238607584795,-0.6330354326299662,-1.0133065863965214,991,757,234,0.025490916727921874,0.05232069725926704,0.03890580699359446,0.013414890265672582,0.012673657804945115,-0.2963050811862743,-0.0001368255789196652,-0.5209854317106571
20,96,0.0025,0,0.2,0.75,1,1,100,200,-0.5806572889666672,-0.1596462994598784,-0.6014444974586086,-1.2475908747290492,884,694,190,0.025648430116559907,0.04612517063950436,0.03588680037803213,0.010238370261472226,-0.2506312508492883,-0.1292776598488965,-0.00021477019589841127,-0.5227480919256352
20,60,0.005,0,-0.2,0.75,1,1,100,200,-0.5432084120611107,-0.14513604512291167,-0.6679785734596374,-0.8807170701065276,1027,800,227,0.044681297910322375,0.07508138191746298,0.05988133991389268,0.015200042003570304,-0.06436017808651218,-0.18402775329559273,-6.832439009800204e-05,-0.5231611853580568
12,96,0.0,0,-0.2,0.75,1,1,100,200,-0.5623975821395534,-0.1524471756882716,-0.6589271530572876,-0.8445328414326492,1222,945,277,0.05048304105848997,0.0897038748293605,0.07009345794392523,0.019610416885435262,-0.10896633865889305,-0.09508895120456407,-3.727976465672413e-05,-0.5241373942885479
12,120,0.01,0,-0.2,0.75,1,1,100,200,-0.552570118074388,-0.14867154187822818,-0.6600583858626097,-0.919060685325772,971,756,215,0.04069095873149218,0.07256116769925444,0.05662606321537331,0.01593510448388113,-0.23475221536435298,-0.049776852998005605,-8.891127289956104e-05,-0.5246537690758216
30,60,0.0,0,0.0,0.75,1,1,100,200,-0.5685481864368298,-0.15484483387604686,-0.6410661120943897,-1.034825685834848,1064,827,237,0.0349679722776436,0.06305785991809304,0.04901291609786832,0.014044943820224719,-0.1377980309585275,-0.14802719301083767,-0.00010153639709922209,-0.5271191742149841
48,96,0.0,0,0.2,0.75,1,1,100,200,-0.5771492473408468,-0.15824401232206697,-0.6270826143680036,-1.1515648610195046,994,769,225,0.028483671112044525,0.05174314816759425,0.04011340963981939,0.01162973852777486,-0.14879849346523444,-0.183317854693808,-0.0001560284511745205,-0.529363562557044
48,96,0.01,0,-0.2,0.75,1,1,100,200,-0.5586098931325112,-0.15098401998263833,-0.6685380500795491,-0.8829160196731648,1002,776,226,0.04216108369211383,0.07602646224929119,0.05909377297070251,0.01693268927858868,-0.20640974887543861,-0.08195869908172715,-8.162699239094348e-05,-0.5293988460060711
48,60,0.0,0,0.2,0.75,1,1,100,200,-0.5781877769372112,-0.15865817631668933,-0.6200353039808904,-1.2148396308932448,941,735,206,0.02677727606846582,0.04856662816339389,0.03767195211592985,0.010894676047464035,-0.21000867040453775,-0.14516264825576808,-0.00018445501302795042,-0.5294178098517968
48,200,0.01,0,0.2,0.75,1,1,100,200,-0.5818741714762259,-0.16013492215076452,-0.6165285146333292,-1.2207169823860216,810,628,182,0.022498162343799224,0.04250236270082957,0.032500262522314395,0.010002100178515173,-0.3047502373707488,-0.0982224928985842,-0.0002562481258160426,-0.5294350285867302
48,120,0.01,0,0.2,1.5,1,1,100,200,-0.57832419063627,-0.1587126384736458,-0.6493064327591036,-0.9286344347773053,1208,900,308,0.029848787146907488,0.06492176835030977,0.04738527774860863,0.017536490601701146,0.0004023190965707357,-0.2287707991839596,-7.192683498912767e-05,-0.5297975765920628
30,96,0.0025,0,0.2,0.75,1,1,100,200,-0.5886339232414511,-0.16287010862582896,-0.6093964649225749,-1.2493167927203455,914,716,198,0.026514753754069097,0.047674052294445025,0.03709440302425706,0.010579649270187966,-0.2797609503458347,-0.09785982509906477,-0.0002090254921509918,-0.5300341807231337
20,120,0.0025,0,0.2,0.75,1,1,100,200,-0.5898170389769637,-0.16335252170614856,-0.6105198662305737,-1.2510691247656403,927,721,206,0.026488501522629423,0.048172844691798805,0.037330673107214114,0.010842171584584689,-0.2699111593946596,-0.10680200700364673,-0.00020478806462909785,-0.5311659110597174
12,96,0.005,0,0.0,0.75,1,1,100,200,-0.5827064233811925,-0.16046975701467503,-0.6287814972564305,-1.1411291749196992,944,742,202,0.03166019111624488,0.0564422975952956,0.04405124435577024,0.01239105323952536,-0.2264797546838765,-0.13501560200132157,-0.00015964548908859727,-0.5319169643888753
30,200,0.0,0,0.2,0.75,1,1,100,200,-0.5814041830486605,-0.15994607001349848,-0.6330789196593158,-1.1099168122334087,1086,838,248,0.03121390318177045,0.056836081066890684,0.044024992124330566,0.012811088942560117,-0.10345535520861338,-0.19628172747097405,-0.00012312514703773672,-0.5319813704548269
30,96,0.01,0,0.2,1.5,1,1,100,200,-0.5815309543905602,-0.15999699293770453,-0.6468901617332483,-0.9784388356210022,1141,862,279,0.029034967972277642,0.061062690328677935,0.04504882915047779,0.016013861178200146,-0.04167503096048564,-0.2273594475985974,-9.654389113751285e-05,-0.5323640155853788
20,200,0.01,0,0.2,1.5,1,1,100,200,-0.5739460947661388,-0.15697170406356875,-0.6598879543397643,-0.914438611835218,1228,913,315,0.0302163183870629,0.06586684868213798,0.04804158353460044,0.01782526514753754,0.030967781694618335,-0.23626454006233988,-6.268175284465336e-05,-0.5326376118252119
12,60,0.0,0,0.0,0.75,1,1,100,200,-0.5689888916681827,-0.15501767902649222,-0.6492367030503159,-1.0835682470184673,1036,812,224,0.03383912632573769,0.06003885330253071,0.0469389898141342,0.013099863488396514,-0.14686767498954845,-0.15181054826966434,-0.00011532001633265479,-0.5338144429025735
20,200,0.0,0,0.2,0.75,1,1,100,200,-0.5845495148433737,-0.16121318240364169,-0.6338936138208477,-1.1539232356285376,1069,823,246,0.03034757954426126,0.055497217263467395,0.04292239840386433,0.012574818859603066,-0.13428967944556336,-0.18090339095629127,-0.0001351560658921722,-0.5358561510954925
12,120,0.01,0,0.2,1.5,1,1,100,200,-0.5826172037691685,-0.16043383628088492,-0.6531824505825498,-0.9918202553447244,1130,845,285,0.02787986978893206,0.06011760999684973,0.043998739892890895,0.016118870103958835,-0.020268649498107583,-0.25033836497567985,-0.0001021700879883439,-0.5366160743393961
48,96,0.0025,0,0.2,0.75,1,1,100,200,-0.5977214086550535,-0.1666043874871339,-0.6229564768847586,-1.2420411729345564,938,729,209,0.02701354615142287,0.04901291609786832,0.038013231124645594,0.010999684973222724,-0.22177354849679887,-0.17366531477695368,-0.00020723738709768651,-0.540184684576241
48,96,0.01,0,0.2,1.5,1,1,100,200,-0.5865354202115323,-0.16201717134292548,-0.660308557511336,-0.9659976928837771,1180,882,298,0.02942875144387273,0.06339913892680878,0.046413945185340755,0.016985193741468025,0.025484088579841302,-0.27254319856056775,-8.84025772688024e-05,-0.5404713347427823
48,60,0.005,0,0.0,0.75,1,1,100,200,-0.598421734230413,-0.16689495979003766,-0.6355785468738477,-1.163229094466763,964,756,208,0.03255276698519374,0.05822744933319332,0.04539010815919353,0.01283734117399979,-0.22854197173842183,-0.1569755177242399,-0.00016626905177537777,-0.5428456879502996
12,60,0.005,0,-0.2,0.75,1,1,100,200,-0.5748655284339117,-0.15733612263930463,-0.6718133119744252,-0.9923390701952407,1006,784,222,0.04307991179250236,0.0725874199306941,0.05783366586159824,0.014753754069095874,-0.13986447089983978,-0.18254437114325606,-0.00010146260161707094,-0.5428597321362792
48,60,0.0025,0,0.2,0.75,1,1,100,200,-0.6002905741237323,-0.16767234956024968,-0.6204647792514077,-1.3172514735356975,888,698,190,0.025490916727921874,0.04596765725086632,0.0357292869893941,0.010238370261472226,-0.2776804203054053,-0.13724005267843264,-0.00024161464427189052,-0.5437673128627384
30,200,0.0025,0,0.2,0.75,1,1,100,200,-0.6019815182964408,-0.1683782485818328,-0.6318011233842351,-1.1979285635018988,1013,783,230,0.02900871574083797,0.05300325527669852,0.041005985508768245,0.011997269767930275,-0.17899979001240185,-0.1953905361465711,-0.00017590084860190795,-0.5441752384490453
12,200,0.005,0,0.2,0.75,1,1,100,200,-0.5946054144208603,-0.16531641354605864,-0.6284997386857959,-1.2959932692967993,900,700,200,0.025832195736637614,0.04657145857397879,0.0362018271553082,0.010369631418670587,-0.2616090385513907,-0.13886158496878165,-0.00022717329383387978,-0.5443659463537965
12,60,0.0,0,-0.2,0.75,1,1,100,200,-0.5792585141494544,-0.15908603949421019,-0.6779650756212701,-0.9377655010826671,1158,898,260,0.048199096923238476,0.08327207812664077,0.06573558752493962,0.017536490601701146,-0.10457361269846044,-0.1614965806038433,-6.494939175853102e-05,-0.5449568523589786
12,96,0.005,0,-0.2,0.75,1,1,100,200,-0.582151470158658,-0.16024642678285295,-0.6744085413737407,-0.9568034653278672,1074,837,237,0.04562637824215058,0.07901921663341384,0.06232279743778221,0.01669641919563163,-0.1943975514595453,-0.11249141814192276,-8.519124760266234e-05,-0.5452908707361167
20,60,0.0025,0,-0.2,0.75,1,1,100,200,-0.583990445091738,-0.16098739897081005,-0.6729079418641815,-0.9570170216057353,1109,858,251,0.047122755434211905,0.08072561167699255,0.06392418355560223,0.016801428121390318,-0.06302282173424434,-0.22687305959351567,-7.889683775442165e-05,-0.5452922209831875
30,96,0.005,0,0.0,0.75,1,1,100,200,-0.6020526451828034,-0.16840799363813475,-0.6405019792248139,-1.155678632768473,990,776,214,0.03349784731702195,0.06001260107109104,0.0467552241940565,0.013257376877034549,-0.25175394348039604,-0.12740902672364607,-0.00015879545380682186,-0.5464429148889653
20,60,0.0025,0,0.0,0.75,1,1,100,200,-0.5953648289334453,-0.16562958039804465,-0.6444178488883849,-1.1850553251297478,977,767,210,0.0329728026882285,0.05754489131576184,0.04525884700199517,0.01228604431376667,-0.15952891871723907,-0.21522209988277596,-0.00016313450160913335,-0.5470912710987245
20,200,0.0025,0,0.2,0.75,1,1,100,200,-0.6057486602701359,-0.16995954073386987,-0.6333407439813059,-1.2487006032366366,999,772,227,0.028404914417725507,0.051926913787671954,0.04016591410269873,0.011760999684973223,-0.20311391424121383,-0.18461770258389654,-0.000189487388550315,-0.5490649428863547
30,60,0.005,0,-0.2,0.75,1,1,100,200,-0.5910930283869771,-0.16387405290697032,-0.6723583873194585,-0.9853173024012737,1055,821,234,0.04546886485351255,0.0779166229129476,0.061692743883230074,0.016223879029717527,-0.21796066991385743,-0.11377591046523094,-9.699212483162337e-05,-0.5493191116867633
30,60,0.0025,0,-0.2,0.75,1,1,100,200,-0.6070133660272126,-0.17049312230306368,-0.6586752895082728,-0.9941616631731243,1130,873,257,0.047779061220203714,0.0834295915152788,0.06560432636774126,0.01782526514753754,-0.18119525710497264,-0.15543092162402417,-8.960669502662261e-05,-0.5495388502158562
12,120,0.005,0,0.0,0.75,1,1,100,200,-0.6006569879260466,-0.1678251091176144,-0.6466622036625189,-1.171265259500669,977,764,213,0.032447758059435054,0.05885750288774546,0.04565263047359026,0.013204872414155203,-0.21990459943657847,-0.16554238489338613,-0.00016409856399807987,-0.5497194739239073
20,96,0.01,0,0.2,1.5,1,1,100,200,-0.6027372191305482,-0.16869449810801995,-0.6566601130185272,-1.0623782319761954,1113,841,272,0.0282211487976478,0.059251286359340544,0.04373621757849417,0.015515068780846372,-0.0325596929126003,-0.2835283323780702,-0.00012980180475611412,-0.5501434662160933
30,200,0.01,0,0.2,1.5,1,1,100,200,-0.5993301157075317,-0.16727246107219618,-0.6686517130592787,-0.9717631704635034,1246,923,323,0.030478840701459623,0.06675942455108684,0.04861913262627323,0.01814029192481361,-0.02247301600155316,-0.23565210810955783,-8.158279882408836e-05,-0.5501864761250107
30,120,0.0,0,0.2,0.75,1,1,100,200,-0.597516827714015,-0.16651958111118503,-0.6431518045237784,-1.2467200465901283,991,765,226,0.028404914417725507,0.051716895936154576,0.04006090517694004,0.011655990759214533,-0.22636917974976345,-0.14599444375478354,-0.0001828975160727879,-0.5504314857025806
20,96,0.005,0,0.0,0.75,1,1,100,200,-0.6066244602940574,-0.17032889623446779,-0.6410099307996799,-1.194394901985725,965,758,207,0.03276278483671112,0.058489971647590046,0.04562637824215058,0.012863593405439463,-0.2393301438505806,-0.16206440927118526,-0.0001746826527604665,-0.550553606733594
20,120,0.01,0,0.2,1.5,1,1,100,200,-0.6016935980281517,-0.1682578845883307,-0.6624887949658969,-1.0317243897117083,1161,869,292,0.02879869788932059,0.06187650950330778,0.045337603696314184,0.016538905806993593,-0.06418701761284284,-0.2393248727342645,-0.0001115875289494869,-0.5510885015568645
30,60,0.01,0,0.2,1.5,1,1,100,200,-0.6053725071398905,-0.16980110524485892,-0.6527161675729098,-1.102435590964846,1056,807,249,0.027538590780216317,0.05599600966082117,0.04176730022051874,0.014228709440302426,-0.03887549895027409,-0.30373827405559817,-0.0001555122322611891,-0.5512809685795561
48,96,0.01,0,0.0,0.75,1,1,100,200,-0.6149177335249048,-0.17385946727832446,-0.6317104252420547,-1.237326880694666,894,691,203,0.028929959046518954,0.05423711015436312,0.041583534600441036,0.012653575553922084,-0.2620619533903631,-0.18395933892570915,-0.00021641529922706814,-0.5515810239340851
20,200,0.01,0,-0.2,0.75,1,1,100,200,-0.585955508330998,-0.16178207671897016,-0.687314935810138,-0.947172249185881,1051,811,240,0.04373621757849417,0.07907172109629318,0.06140396933739368,0.017667751758899508,-0.18472380697470114,-0.14094479143210603,-9.100427307589237e-05,-0.5527981570833332
12,96,0.0,0,0.0,0.75,1,1,100,200,-0.594878899137562,-0.1654291388852186,-0.6665547486900598,-1.1116024681471777,1090,848,242,0.03541426021211803,0.06460674157303371,0.05001050089257587,0.01459624068045784,-0.1979636840288279,-0.1287545647926982,-0.00011911121260731217,-0.5542866366376074
12,120,0.0,0,-0.2,0.75,1,1,100,200,-0.5899631932872781,-0.16341219304341648,-0.6926607771785986,-0.8976435961652708,1267,976,291,0.05161188701039588,0.0933004305365956,0.07245615877349575,0.020844271763099862,-0.1344016805608481,-0.10730973916533115,-4.684863883908445e-05,-0.5546247614409794
48,120,0.0,0,0.2,0.75,1,1,100,200,-0.6033889146537013,-0.16896760960713986,-0.6502237062843058,-1.2314381504347327,1018,785,233,0.029061220203717316,0.0532132731282159,0.04113724666596661,0.012076026462249291,-0.17582738173658852,-0.1993221015561235,-0.0001769273284775382,-0.5556513702710294
12,200,0.01,0,0.2,1.5,1,1,100,200,-0.6015298450501285,-0.168189459309949,-0.6780756987144796,-1.0101476749907916,1211,899,312,0.029796282684028143,0.06492176835030977,0.04735902551716896,0.017562742833140816,-0.06959186633586989,-0.2152101592673037,-9.49776951983383e-05,-0.5577346924167284
48,60,0.0,0,-0.2,0.75,1,1,100,200,-0.6014100798984734,-0.16813942887857425,-0.6867241202501093,-0.9300261547095563,1229,950,279,0.05106059015016277,0.09164653995589625,0.0713535650530295,0.020292974902866745,-0.16843188622083172,-0.11372360306071139,-6.127198767839475e-05,-0.5580027967391067
12,200,0.0,0,0.2,0.75,1,1,100,200,-0.6041671562082087,-0.16929422448088072,-0.6526393153521955,-1.249728503489939,1052,810,242,0.029875039378347158,0.054289614617242465,0.042082326997794815,0.012207287619447654,-0.2214094317102293,-0.13960334306274558,-0.00016674183898931152,-0.5581003073314754
30,120,0.0025,0,0.2,0.75,1,1,100,200,-0.6155312836410903,-0.1741230729332639,-0.637727117648943,-1.3345483306005073,935,725,210,0.02690853722566418,0.04890790717210963,0.037908222198886905,0.010999684973222724,-0.28800446233201493,-0.13807955722213217,-0.0002338218884330258,-0.5597140482877607
30,120,0.01,0,0.2,1.5,1,1,100,200,-0.6103083622850245,-0.17188976620159513,-0.6715555639932153,-1.0501900261439097,1178,879,299,0.029297490286674367,0.06316286884385172,0.04623017956526305,0.01693268927858868,-0.058710738102008664,-0.2537894185131917,-0.00011444000969968696,-0.5601770495053982
48,60,0.0,0,0.0,0.75,1,1,100,200,-0.6122278272385009,-0.1727077257305074,-0.662102681947611,-1.1447745011456238,1103,857,246,0.03593930484091148,0.0657618397563793,0.05085057229864538,0.014911267457733907,-0.19954674781176873,-0.1589651893829387,-0.00013089748333853328,-0.5609977917615941
30,60,0.0025,0,0.0,0.75,1,1,100,200,-0.6115210348216527,-0.17240615775879498,-0.6578937866875597,-1.199314750520068,1002,782,220,0.03352409954846162,0.059723826525254646,0.04662396303685813,0.013099863488396514,-0.2214826563673633,-0.17636429537894494,-0.00016794787273364747,-0.5613187886285782
20,120,0.005,0,0.0,0.75,1,1,100,200,-0.6159330575202274,-0.17429587341992248,-0.6559082573654166,-1.198958533036961,1008,787,221,0.03355035177990129,0.06069515908852252,0.047122755434211905,0.013572403654310616,-0.2526132563536725,-0.14925247217682314,-0.0001682906116500996,-0.5621979287544788
30,96,0.0,0,-0.2,0.75,1,1,100,200,-0.6023708291726853,-0.16854110933865074,-0.696905471896978,-0.9176937004157357,1267,979,288,0.052504462879344745,0.09450803318282054,0.07350624803108265,0.0210017851517379,-0.1946690789308726,-0.06953889868972796,-5.41280766952821e-05,-0.5628785303079266
20,96,0.0,0,0.0,0.75,1,1,100,200,-0.6144355303168157,-0.1736525291686739,-0.6641111367674113,-1.1528416843461229,1108,861,247,0.03622807938674787,0.06631313661661241,0.051270608001680144,0.01504252861493227,-0.20652417516662458,-0.15428775339111878,-0.00013110778726285917,-0.5633501817696857
20,96,0.0,0,-0.2,0.75,1,1,100,200,-0.6052156464251524,-0.16973507128680965,-0.693554753752718,-0.9400694626883354,1244,959,285,0.05124435577024047,0.09204032342749134,0.0716423395988659,0.020397983828625434,-0.18266095216945666,-0.10017841359957425,-6.15747418609961e-05,-0.5635159212975854
20,120,0.0,0,-0.2,0.75,1,1,100,200,-0.6038520716100789,-0.16916192695528753,-0.6982628155821002,-0.9171285999819876,1289,994,295,0.0529244985823795,0.09582064475480416,0.07437257166859183,0.021448073086212327,-0.18349783945572162,-0.07557252749730725,-5.1181131562556195e-05,-0.564149764745437
48,120,0.0025,0,0.2,0.75,1,1,100,200,-0.6215206483093425,-0.17671417914228293,-0.6452627824147554,-1.3178875983382545,961,744,217,0.027486086317336973,0.05032552766985194,0.03890580699359446,0.011419720676257482,-0.24262921059388964,-0.19190145344787535,-0.00022715166140538823,-0.5652399502665734
30,96,0.0,0,0.0,0.75,1,1,100,200,-0.6195603010547999,-0.1758625097413542,-0.6660619525163303,-1.1508535625805827,1138,883,255,0.03714690748713641,0.06801953166019112,0.05258321957366376,0.015436312086527355,-0.22575607083308025,-0.1318727677985737,-0.00012642387420429795,-0.5664361641285485
12,120,0.0,0,0.0,0.75,1,1,100,200,-0.6179116251889496,-0.17514895863533608,-0.6666134365480916,-1.1620507801767643,1133,878,255,0.03633308831250656,0.06731072141131997,0.051821904861913265,0.0154888165494067,-0.1954688857686221,-0.16302915277495655,-0.00012771959050471974,-0.5665582159182201
12,60,0.01,0,0.2,2.5,1,1,100,200,-0.6208420781133012,-0.17641897707022292,-0.6747386083906013,-1.0570361979245009,1128,872,256,0.02934999474955371,0.0604326367741258,0.04489131576183976,0.015541321012286044,0.014822761809290208,-0.3431997968678635,-0.00014088938067041142,-0.5666400911617486
12,60,0.01,0,0.0,1.5,1,1,100,200,-0.6177745880905403,-0.1750897595593357,-0.6844474108230922,-1.02976379662055,1170,895,275,0.036018061535230496,0.0719311141447023,0.0539745878399664,0.017956526304735904,-0.006602923979999509,-0.3092474630137392,-0.00010694104261172026,-0.5688016548019094
48,60,0.01,0,0.2,1.5,1,1,100,200,-0.6289284562898316,-0.17996469252066472,-0.6646535613437715,-1.1527028688026735,1108,847,261,0.02845741888060485,0.05875249396198677,0.04360495642129581,0.015147537540690958,-0.0926145307770424,-0.2882538222639792,-0.0001627399401882187,-0.5699266166326842
30,120,0.01,0,-0.2,0.75,1,1,100,200,-0.6055855320280419,-0.1698908163679297,-0.6966566665801115,-1.0345305719072642,1004,779,225,0.042213588154993174,0.07576393993489447,0.05898876404494382,0.016775175889950644,-0.3062534885967019,-0.060660949721026536,-0.00012130360342656589,-0.5699456782533486
48,200,0.005,0,0.2,0.75,1,1,100,200,-0.6220856046802798,-0.17696027830160654,-0.6590045144635386,-1.2761487088900125,946,737,209,0.027144807308621233,0.049511708495222094,0.03832825790192166,0.01118345059330043,-0.26432331224937833,-0.17552193989270326,-0.00023378656848185001,-0.5702699709778765
30,120,0.01,0,0.0,0.75,1,1,100,200,-0.633550852513587,-0.18201937112284228,-0.6445715777439089,-1.330410731445757,896,694,202,0.028982463509398298,0.05402709230284574,0.04150477790612202,0.012522314396723721,-0.32304546205763507,-0.15264226754269505,-0.00024180219337032862,-0.5708256965670846
12,120,0.005,0,-0.2,0.75,1,1,100,200,-0.6017921654585261,-0.16829908249814196,-0.7068458330600635,-0.9886959243867396,1107,858,249,0.04649270187965977,0.08214323217473485,0.06431796702719732,0.01782526514753754,-0.21164271176640637,-0.1213238780072009,-9.09288047550409e-05,-0.5711567952475107
12,60,0.0025,0,0.0,0.75,1,1,100,200,-0.6186530306403699,-0.17546953545804356,-0.665345687979656,-1.2823191476190179,970,763,207,0.03218523574503833,0.056284784206657563,0.04423500997584795,0.012049774230809619,-0.2429502372207908,-0.1817587475614718,-0.00019660357115313008,-0.5722583368288224
48,60,0.005,0,-0.2,0.75,1,1,100,200,-0.612364623239591,-0.17276614341888175,-0.69840332017132,-1.0182565811249162,1087,846,241,0.046545206342539114,0.08151317862018272,0.06402919248136092,0.0174839861388218,-0.2387894344797703,-0.12296549930620326,-0.000103419184629503,-0.5728806325607876
30,96,0.005,0,-0.2,0.75,1,1,100,200,-0.6085597248825512,-0.17114740340203038,-0.7046289881135541,-0.9897306267935857,1115,868,247,0.047752808988764044,0.08382337498687388,0.06578809198781896,0.01803528299905492,-0.2584900600650365,-0.07800566101088924,-9.237662337997825e-05,-0.5729484287984867
12,200,0.0025,0,0.2,0.75,1,1,100,200,-0.626734508277242,-0.1789966284883311,-0.6528578759268288,-1.3581291090498395,983,760,223,0.027932374251811404,0.050666806678567676,0.03929959046518954,0.011367216213378138,-0.2898200002439829,-0.1406728693589524,-0.0002278625047655054,-0.5733320219042375
12,96,0.0025,0,-0.2,0.75,1,1,100,200,-0.6275923582941461,-0.17937460547789497,-0.6857620080068489,-1.0506236560954771,1161,900,261,0.04848787146907487,0.08518849102173685,0.06683818124540586,0.018350309776330988,-0.21701123028536962,-0.14997040674471018,-9.928772360348322e-05,-0.5747867922860933
12,96,0.01,0,0.2,2.5,1,1,100,200,-0.639200874083788,-0.18455918214916,-0.6769955187442454,-1.0628943738887753,1225,937,288,0.03147642549616717,0.06644439777381077,0.04896041163498897,0.0174839861388218,-0.050267118524748855,-0.29897114210691245,-0.00012581920580436256,-0.5762016602157214
20,200,0.01,0,0.0,0.75,1,1,100,200,-0.6389054636617677,-0.1844256032145155,-0.6532015954994328,-1.3119366589448207,933,723,210,0.030190066155623228,0.05633728866953691,0.04326367741258007,0.013073611256956842,-0.26781790307043185,-0.213586692206021,-0.00022868427682575394,-0.576623233911473
48,200,0.01,0,0.2,1.5,1,1,100,200,-0.6292998382097771,-0.18012901497640144,-0.6975398152360495,-1.0241717518127744,1265,937,328,0.030452588470019953,0.06778326157723406,0.04911792502362701,0.018665336553607057,-0.1365027764889114,-0.1917945296995217,-0.00010466795372271282,-0.5801075101850649
20,120,0.005,0,-0.2,0.75,1,1,100,200,-0.6161177199807824,-0.17437534411793298,-0.7105659508655602,-1.009344854660761,1131,879,252,0.04793657460884175,0.08468969862438307,0.06631313661661241,0.01837656200777066,-0.2535712897084532,-0.09454957193836311,-9.48631518790668e-05,-0.5801255622837511
20,120,0.0,0,0.0,0.75,1,1,100,200,-0.6298554574306543,-0.18037510150776304,-0.683855476135958,-1.1802545108995737,1160,896,264,0.037304420875774444,0.06901711645489866,0.053160768665336554,0.015856347789562113,-0.22782882345293942,-0.1437283657334032,-0.0001306203103498969,-0.5813155651207208
12,200,0.01,0,-0.2,0.75,1,1,100,200,-0.6177175820911643,-0.175065138362823,-0.7103521820721859,-1.0639227712623087,1036,799,237,0.04305365956106269,0.07760159613567154,0.060327627848367114,0.01727396828730442,-0.3021486973371149,-0.08030837385871914,-0.00012322660219519452,-0.5834373679620314
20,60,0.01,0,0.2,1.5,1,1,100,200,-0.6326109427224096,-0.1815999041279941,-0.6848062807034057,-1.220812599840363,1025,786,239,0.026856032762784837,0.05389583114564738,0.040375931954216106,0.013519899191431272,-0.05724253692268111,-0.3493344367802521,-0.00020523834622891926,-0.5850436744717151
48,200,0.0,0,0.2,0.75,1,1,100,200,-0.6357751722978765,-0.18301548898186437,-0.6787304263993215,-1.2545465753856224,1114,860,254,0.031791452273443245,0.05835871049039169,0.045075081381917466,0.01328362910847422,-0.21884377477503347,-0.18605666645599628,-0.000174347282507397,-0.5851080309508062
20,96,0.005,0,-0.2,0.75,1,1,100,200,-0.6232652003524565,-0.17747506901372956,-0.7106002877336572,-1.053738459968678,1099,854,245,0.04667646749973748,0.08164443977738108,0.06416045363855928,0.0174839861388218,-0.25839178265027896,-0.11983173824642268,-0.00011057621126763488,-0.5854621358789921
12,60,0.0025,0,-0.2,0.75,1,1,100,200,-0.6348174266662098,-0.18258598660543235,-0.6958899018814617,-1.1318516884776908,1094,850,244,0.04604641394518534,0.07859918093037908,0.06232279743778221,0.01627638349259687,-0.20994502862332054,-0.20113898898647076,-0.0001277958291748768,-0.5871235219700477
48,120,0.01,0,-0.2,0.75,1,1,100,200,-0.6268305285207546,-0.17903890137865053,-0.7138426297570388,-1.067428093761222,1027,794,233,0.04284364170954531,0.07775910952430956,0.06030137561692744,0.017457733907382127,-0.2929913760218056,-0.11783995490663568,-0.00013154620933836884,-0.5893316209452311
48,200,0.0025,0,0.2,0.75,1,1,100,200,-0.6469804200077971,-0.1881088387912213,-0.6713752375088646,-1.315038545923256,1039,804,235,0.0294550036753124,0.05434211908012181,0.04189856137771711,0.012443557702404705,-0.2735205870162942,-0.1829514034993842,-0.00022123846521353822,-0.5895483848418164
12,60,0.01,0,-0.2,1.5,1,1,100,200,-0.6324803790516942,-0.18154170353021692,-0.7264244680838214,-0.9113564094340755,1301,998,303,0.05300325527669852,0.1005197941825055,0.07676152472960202,0.023758269452903498,-0.05430323650689506,-0.2550830809566915,-6.276806493639194e-05,-0.5903217580438315
30,200,0.01,0,-0.2,0.75,1,1,100,200,-0.6297773572811727,-0.18034049272153063,-0.7167319026056864,-1.056760349075237,1065,818,247,0.04407749658720991,0.08004305365956106,0.06206027512338549,0.017982778536175574,-0.26088345686174763,-0.1467629607886849,-0.00012327957768241033,-0.5915444614781357
48,60,0.0025,0,0.0,0.75,1,1,100,200,-0.6480533390971616,-0.18860328821378192,-0.6767276485122682,-1.2952799635844177,1040,810,230,0.03441667541741048,0.06240155413210123,0.04840911477475585,0.013992439357345374,-0.27679958133692506,-0.1813320510208667,-0.00019290674126187936,-0.5917311106491369
12,200,0.01,0,0.0,0.75,1,1,100,200,-0.6500896628106626,-0.18954504301249153,-0.6682902653418363,-1.3839452849447604,921,713,208,0.029717525989709125,0.05533970387482936,0.04252861493226924,0.012811088942560117,-0.329337005433076,-0.17301991200664069,-0.0002516356643169547,-0.5928874399306477
12,96,0.0025,0,0.0,0.75,1,1,100,200,-0.6420212648498079,-0.18583893352677483,-0.6847532028603251,-1.302378838968878,1026,801,225,0.03383912632573769,0.060983933634358924,0.04741152998004831,0.013572403654310616,-0.28614393349539025,-0.16228679630852527,-0.00019421786145485323,-0.5933344769053813
48,96,0.005,0,0.0,0.75,1,1,100,200,-0.6494384520366752,-0.18924339668912415,-0.6871207199983667,-1.265381960360744,1015,787,228,0.03394413525149638,0.061718996114669744,0.04783156568308306,0.013887430431586684,-0.24908286323075035,-0.2244106598036586,-0.0002006621291107819,-0.5960728547063446
20,96,0.0025,0,0.0,0.75,1,1,100,200,-0.6528449246095764,-0.1908262943080602,-0.6798648164189138,-1.3150924985299757,1043,813,230,0.03470544996324688,0.06284784206657566,0.04877664601491127,0.014071196051664391,-0.28050052599348774,-0.18710537756848777,-0.0001967000653941594,-0.5965133274440159
30,96,0.0025,0,0.0,0.75,1,1,100,200,-0.655395732714056,-0.19201974194753313,-0.681151532627416,-1.3020176862626396,1073,834,239,0.035545521369316394,0.06458048934159404,0.050063005355455215,0.014517483986138821,-0.3025698569534012,-0.15496013759783234,-0.00018749352751430684,-0.5976963925743731
12,120,0.0025,0,-0.2,0.75,1,1,100,200,-0.6436073109779821,-0.18656214810790372,-0.7155259093329307,-1.076045055766506,1200,925,275,0.049432951800903076,0.08860128110889426,0.06901711645489866,0.019584164653995588,-0.22546385435987815,-0.16145002281678278,-0.00010168052972491015,-0.5981273555626944
12,120,0.0025,0,0.0,0.75,1,1,100,200,-0.6551959635079536,-0.1919260212886329,-0.6808439881576254,-1.32127032950127,1063,825,238,0.03462669326892786,0.06355665231544681,0.04909167279218733,0.014464979523259477,-0.2708910852510593,-0.19524223428679188,-0.00019308046498037898,-0.5984115318425091
48,120,0.01,0,0.0,0.75,1,1,100,200,-0.6590149103609395,-0.19372523207450543,-0.6710893821186587,-1.3830721206313226,915,708,207,0.02942875144387273,0.05541846056914838,0.04242360600651055,0.012994854562637824,-0.3263185066761869,-0.2001285672705848,-0.00026359045335223343,-0.5984235291654009
20,200,0.0,0,-0.2,0.75,1,1,100,200,-0.6404847311668458,-0.18514073599929415,-0.7334019391120961,-0.9727943784254307,1405,1074,331,0.05715110784416676,0.10403759319542161,0.08059435051979419,0.02344324267562743,-0.09893192921086347,-0.19438431900818642,-5.486837175850693e-05,-0.6004814244766137
48,96,0.005,0,-0.2,0.75,1,1,100,200,-0.6350645340404345,-0.1826967159315408,-0.7327569711910306,-1.0290682578168349,1143,881,262,0.04843536700619552,0.0860810668906857,0.06725821694844061,0.01882284994224509,-0.21824165487932046,-0.17319153768007745,-0.00010524610728947979,-0.6005286144178978
48,96,0.0,0,-0.2,0.75,1,1,100,200,-0.6397928586132375,-0.18482712973633364,-0.7339488187783458,-0.9893042120501662,1301,998,303,0.053764569988449015,0.09718576078966712,0.07547516538905807,0.021710595400609052,-0.16971452998437409,-0.16841989204295527,-7.311026494039281e-05,-0.6012667497280149
20,120,0.0025,0,-0.2,0.75,1,1,100,200,-0.6504594563664341,-0.18971653444962822,-0.7164773319657465,-1.075647148568405,1222,943,279,0.05082432006720571,0.09130526094718051,0.07106479050719311,0.020240470439987397,-0.2580749030849535,-0.13192393004296465,-0.00010018385661381215,-0.6017375578609216
30,96,0.01,0,0.0,1.5,1,1,100,200,-0.6673814977941013,-0.19772401219645142,-0.7010802849275402,-1.0762858038182226,1307,988,319,0.03998214848262102,0.08319332143232175,0.061587734957471385,0.021605586474850363,-0.1708685260186823,-0.22873180489495115,-0.00010962747837997055,-0.6020784448511326
12,96,0.01,0,0.0,1.5,1,1,100,200,-0.6654441820392685,-0.19679098163335595,-0.7007151841679169,-1.1058741351036832,1253,952,301,0.038538275753439044,0.07870418985613777,0.058621232804788405,0.020082957051349364,-0.1398400880531825,-0.2721482585455677,-0.00012473191232384315,-0.6024422804724986
48,60,0.0025,0,-0.2,0.75,1,1,100,200,-0.6546348070694148,-0.19166298988688424,-0.7109333444777104,-1.1115305598274257,1167,903,264,0.04911792502362701,0.08739367846266932,0.06825580174314817,0.01913787671952116,-0.2654582923629799,-0.15717713419073998,-0.00011746456956601527,-0.6027061901171107
20,96,0.0025,0,-0.2,0.75,1,1,100,200,-0.6560653773202062,-0.19233421946854623,-0.7156929435144159,-1.1163828313851187,1182,913,269,0.04932794287514439,0.0877087052399454,0.06851832405754489,0.019190381182400504,-0.26486554894295744,-0.1550298864763432,-0.00011604601098740377,-0.6059998327950101
30,96,0.0025,0,-0.2,0.75,1,1,100,200,-0.6552177827463552,-0.19193625555497995,-0.7201253896280309,-1.0957349505379095,1204,931,273,0.050509293289929647,0.09020266722671427,0.07035598025832196,0.019846686968392313,-0.2884749875411863,-0.11515877593196855,-0.00010820894333436791,-0.6067856978958909
12,120,0.01,0,0.2,2.5,1,1,100,200,-0.6661889484922963,-0.19714915595675864,-0.7071412132531296,-1.122214129309228,1281,965,316,0.031817704504882915,0.06956841331513179,0.05069305891000735,0.018875354405124434,-0.07957766400728039,-0.3117460035703592,-0.00013744411835752725,-0.6068304690487849
48,120,0.01,0,0.2,2.5,1,1,100,200,-0.6699469873038915,-0.19896629020875556,-0.7086630806354348,-1.078545310197266,1371,1031,340,0.03452168434316917,0.07542266092617872,0.054972172634673945,0.020450488291504778,-0.09461548327409641,-0.27634101705016934,-0.00011219787002476737,-0.6072250960363362
20,120,0.0025,0,0.0,0.75,1,1,100,200,-0.6626792447444627,-0.19546681723001214,-0.69502189160006,-1.3239794485538332,1092,845,247,0.03565053029507508,0.06542056074766354,0.05053554552136932,0.014885015226294235,-0.2923737032374596,-0.17695574395782876,-0.00018963233280112885,-0.6091767354577338
12,60,0.01,0,0.2,999.0,1,1,100,200,-0.6672436240143348,-0.197657467347376,-0.7066514774590498,-1.163967856540684,1199,931,268,0.03255276698519374,0.06489551611887011,0.048724141552031926,0.016171374566838183,-0.03734140014986731,-0.3703796675048068,-0.00016725613089446837,-0.6091815989039351
12,60,0.01,0,0.0,2.5,1,1,100,200,-0.6767563011787825,-0.2023014072923328,-0.707130564896997,-1.0815338482399555,1315,1019,296,0.0417147957576394,0.08324582589520109,0.06248031082642025,0.020765515068780847,-0.0853561722753493,-0.31782139830768497,-0.00011608180491494022,-0.6099433821528291
20,96,0.01,0,0.2,2.5,1,1,100,200,-0.6719165297404803,-0.19992524631802644,-0.706161661882996,-1.1500981350197437,1263,960,303,0.032211487976478,0.0687020896776226,0.0504567888270503,0.0182453008505723,-0.07673544198802007,-0.33168110770340464,-0.00014966851995737231,-0.6105109840105116
12,96,0.01,0,-0.2,1.5,1,1,100,200,-0.6654264296413149,-0.19678245190591614,-0.7338907179007808,-0.9384015408656486,1392,1063,329,0.056284784206657563,0.10973432741783051,0.08300955581224403,0.026724771605586475,-0.13942435432194789,-0.22008525463059148,-6.583186000612386e-05,-0.6106478878995889
12,60,0.005,0,0.2,1.5,1,1,100,200,-0.6568006027938252,-0.1926800595275594,-0.71026178661822,-1.259407953630117,1155,882,273,0.029507508138191748,0.06006510553397039,0.04478630683608106,0.01527879869788932,-0.026853405792428675,-0.3716002048318423,-0.00018343945666996283,-0.6107813505181753
30,60,0.01,0,0.2,2.5,1,1,100,200,-0.6768787799901211,-0.20236190834042111,-0.698327440630969,-1.1969068133500553,1203,925,278,0.03160768665336554,0.06510553397038749,0.04835661031187651,0.016748923658510974,-0.09019831369131914,-0.35179526050238297,-0.0001777188077291178,-0.6113709693234084
12,96,0.005,0,0.2,1.5,1,1,100,200,-0.6634860934652349,-0.19585232773420036,-0.7092362547898798,-1.231256622803336,1244,945,299,0.03176520004200357,0.06552556967342224,0.04864538485771291,0.016880184815709336,-0.08557812303963896,-0.31442474858154856,-0.00015600385776497335,-0.6120332862693071
30,96,0.01,0,0.2,2.5,1,1,100,200,-0.6724558759833554,-0.20018865309778933,-0.7111775128905777,-1.1298926300912433,1296,985,311,0.03326157723406489,0.07080226819279639,0.05203192271343064,0.018770345479365746,-0.14975570448404674,-0.26342107372668366,-0.00013859980579363396,-0.6122720410476403
48,96,0.01,0,0.2,2.5,1,1,100,200,-0.67310535453679,-0.2005063072918385,-0.7149527784775318,-1.1041876130070318,1341,1010,331,0.03383912632573769,0.07358500472540166,0.053712065525569674,0.019872939199831987,-0.07399901307811507,-0.3096590587570647,-0.00012460874776622411,-0.613192077180956
20,96,0.01,0,0.0,1.5,1,1,100,200,-0.6801953323300732,-0.20400720696234576,-0.7064337502559357,-1.1376533025130204,1276,966,310,0.03919458153943085,0.08104063845426861,0.06011760999684973,0.02092302845741888,-0.1410022983758511,-0.29523882841238436,-0.00013119077689071528,-0.6141067472159646
30,96,0.01,0,-0.2,1.5,1,1,100,200,-0.6691917943971388,-0.1985998059733992,-0.7427670406324208,-0.9193224176024638,1441,1097,344,0.058043683713115614,0.11579859288039483,0.08692113829675523,0.02887745458363961,-0.20032065296187607,-0.14955188804808128,-5.793041941904681e-05,-0.6159494471697329
30,200,0.01,0,0.0,0.75,1,1,100,200,-0.6744633747807671,-0.20117213764580855,-0.6897555709542087,-1.4159040517286468,944,729,215,0.030452588470019953,0.05707235114984774,0.04376246980993385,0.013309881339913893,-0.33603517105225655,-0.21387240496671878,-0.00026949005027235106,-0.6168451257093452
48,200,0.01,0,-0.2,0.75,1,1,100,200,-0.6564302686262229,-0.1925057853821266,-0.7381656273449274,-1.1151469936206593,1075,824,251,0.044024992124330566,0.08088312506563058,0.06245405859498057,0.018429066470650006,-0.33680726151205487,-0.11311605145442172,-0.00014338425041283373,-0.6173459487356233
12,120,0.01,0,0.0,1.5,1,1,100,200,-0.6823236113308636,-0.20507022155066956,-0.7155583396568903,-1.1316339513276699,1299,978,321,0.038984563687913476,0.08230074556337288,0.06064265462564318,0.021658090937729708,-0.16833533301255843,-0.26855530552021856,-0.00012703185738542183,-0.6194310889454983
48,96,0.0,0,0.0,0.75,1,1,100,200,-0.6693007265617709,-0.19865262785418114,-0.716996912271133,-1.275409818812845,1166,898,268,0.037934474430326576,0.06996219678672687,0.05394833560852672,0.016013861178200146,-0.23040672243264482,-0.23010946978926838,-0.0001681970460043547,-0.6209215749303899
20,200,0.005,0,-0.2,0.75,1,1,100,200,-0.6576580051677628,-0.1930841192426187,-0.7492792840769997,-1.083959872855765,1217,937,280,0.05095558122440407,0.09075396408694739,0.07085477265567573,0.019899191431271657,-0.19298644206690752,-0.22032496703462645,-0.00010691719483975896,-0.6219217549239068
48,120,0.005,0,0.2,1.5,1,1,100,200,-0.674904547609458,-0.20138892052136637,-0.7241863195448268,-1.172686744535281,1393,1040,353,0.035046728971962614,0.07458258952010921,0.054814659246035916,0.019767930274073295,-0.04656017372234256,-0.31564828675017487,-0.0001188342013292387,-0.6221164175205438
20,200,0.01,0,0.2,2.5,1,1,100,200,-0.6789658900253848,-0.2033957116214582,-0.7270671965337383,-1.1058786533698879,1394,1042,352,0.03460044103748819,0.0764990024152053,0.055549721726346736,0.020949280688858554,-0.058738475626794684,-0.3151115738615604,-0.0001160611493300204,-0.6222232425568217
30,120,0.005,0,0.0,0.75,1,1,100,200,-0.6731082294233377,-0.20050771449508709,-0.705721840418261,-1.37797411073893,1021,794,227,0.03407539640869474,0.06164023942035073,0.04785781791452273,0.013782421505827995,-0.32505731391574144,-0.19295106220601743,-0.00023023475714545335,-0.6222673402411641
12,120,0.005,0,0.2,1.5,1,1,100,200,-0.672652186166113,-0.20028461349890148,-0.7206516887313485,-1.2332929621259365,1300,975,325,0.03226399243935735,0.06849207182610521,0.05037803213273128,0.018114039693373937,-0.07696252779436563,-0.3205584181018106,-0.00014776547876368108,-0.6222751059708725
12,96,0.01,0,0.2,999.0,1,1,100,200,-0.6878826941107701,-0.20787394531045889,-0.7152996484415237,-1.181769411005843,1301,1001,300,0.034915467814764255,0.07114354720151213,0.053029507508138195,0.018114039693373937,-0.10974238191998853,-0.32798129402135145,-0.00015473334352096888,-0.6246122400815128
30,200,0.01,0,0.2,2.5,1,1,100,200,-0.6873285653771442,-0.2075926863737626,-0.7258477522371141,-1.1148589286391364,1420,1059,361,0.0349679722776436,0.07775910952430956,0.05636354090097658,0.021395568623332983,-0.09287844178499882,-0.2987886886764052,-0.00011770226934421618,-0.6262595089242764
20,200,0.01,0,-0.2,1.5,1,1,100,200,-0.6803577898481213,-0.20408815004813996,-0.7561110123778403,-0.8991008736445922,1560,1176,384,0.06122020371731597,0.12538065735587525,0.0933004305365956,0.03208022681927964,-0.14620276205348304,-0.18314722089729107,-4.568799781222707e-05,-0.6270986999192897
48,96,0.005,0,0.2,1.5,1,1,100,200,-0.6782427637664165,-0.20303692018337838,-0.7289301544104749,-1.2028591740899868,1353,1012,341,0.034127900871574086,0.0724036543106164,0.05326577759109524,0.01913787671952116,-0.03604276023552211,-0.34333443177936884,-0.00013424900341267986,-0.6276449560931152
20,200,0.005,0,0.0,0.75,1,1,100,200,-0.6784701683826622,-0.20314968128299438,-0.7135851697284458,-1.3577197100318474,1077,837,240,0.03593930484091148,0.06507928173894781,0.050509293289929647,0.014569988449018167,-0.26617091295027107,-0.24915132982357502,-0.00021196273436773942,-0.6278282516488097
48,96,0.01,0,-0.2,1.5,1,1,100,200,-0.6814865586821169,-0.20465146001187162,-0.754649553451783,-0.9175662404208736,1486,1124,362,0.05922503412790087,0.12013021106794078,0.08967762259792082,0.030452588470019953,-0.1627643581005468,-0.20008921349861397,-5.7343359230967316e-05,-0.6278545487588068
12,60,0.005,0,0.0,1.5,1,1,100,200,-0.6613505075486584,-0.19483355403471436,-0.7591118882522133,-1.0968286994966212,1360,1039,321,0.04192481360915678,0.08282579019216633,0.06237530190066155,0.020450488291504778,0.06384611944744689,-0.37155725393345584,-9.800940521838927e-05,-0.6292309331356521
20,120,0.01,0,0.0,1.5,1,1,100,200,-0.693475821388777,-0.21073544388667975,-0.7223220741858711,-1.154302631518016,1328,998,330,0.039903391788302,0.08426966292134831,0.06208652735482516,0.022183135566523154,-0.19933078206079513,-0.25620156876296696,-0.0001299611941659022,-0.6296116125555161
20,96,0.01,0,-0.2,1.5,1,1,100,200,-0.6874290050723544,-0.2076436369162027,-0.7451923226422241,-0.988034248212163,1417,1078,339,0.05694108999264937,0.11280583849627218,0.08487346424446078,0.027932374251811404,-0.17448406557046003,-0.23087344698698165,-7.620035584506292e-05,-0.629641510647923
12,200,0.0,0,-0.2,0.75,1,1,100,200,-0.6703244139472373,-0.19914970134907017,-0.7547542334268733,-1.0830869318053584,1389,1063,326,0.056153523049459204,0.10193741468024782,0.07904546886485352,0.022891945815394308,-0.23540137369811143,-0.1363332092177988,-8.112078047462684e-05,-0.6306811646527748
30,200,0.0,0,-0.2,0.75,1,1,100,200,-0.6721314894215741,-0.2000301871278597,-0.7570342320497105,-1.0431364275953003,1429,1090,339,0.058489971647590046,0.10621652840491441,0.08235325002625223,0.023863278378662187,-0.13853066228865396,-0.22224843687212203,-7.243505896254175e-05,-0.63070412453248
20,120,0.01,0,0.2,2.5,1,1,100,200,-0.6923247836021537,-0.21014316867560878,-0.7260796319545237,-1.1926572117682324,1318,994,324,0.03289404599390948,0.0717473485246246,0.05232069725926704,0.019426651265357555,-0.15693332536010252,-0.29449153391857263,-0.00015533177084759792,-0.6328158452412823
48,60,0.01,0,0.0,1.5,1,1,100,200,-0.6971694486758223,-0.21264811982752496,-0.7219829468927457,-1.2021861395007165,1274,970,304,0.03953586054814659,0.0803843326682768,0.0599600966082117,0.020424236060065104,-0.17981487962891618,-0.30176346320885383,-0.0001506226530457736,-0.6337489002489336
12,120,0.01,0,-0.2,1.5,1,1,100,200,-0.6874465462979775,-0.20765253648393545,-0.7549110762809972,-0.977903973562973,1437,1091,346,0.05686233329833036,0.11435472015121285,0.08560852672477161,0.028746193426441247,-0.19849118636493512,-0.19991777642113007,-7.240033858955777e-05,-0.6340032733025827
20,120,0.01,0,-0.2,1.5,1,1,100,200,-0.6889286095150068,-0.20840591045828438,-0.75751325374756,-0.970349755215469,1460,1108,352,0.05809618817599496,0.11716370891525779,0.08762994854562638,0.02953376036963142,-0.2222331264728281,-0.1699105664748043,-6.857942093251754e-05,-0.6356800250928378
30,60,0.01,0,0.0,1.5,1,1,100,200,-0.6947994814436971,-0.21141874639612346,-0.726975661207302,-1.220343101903768,1227,935,292,0.038564527984878715,0.07678777696104169,0.0576761524729602,0.019111624488081486,-0.1484737643169567,-0.33794582175295995,-0.00016426221645290847,-0.6359237320949629
48,200,0.01,0,0.2,2.5,1,1,100,200,-0.6976147422921255,-0.2128799652654214,-0.7361147536779835,-1.1014399692380739,1446,1078,368,0.03515173789772131,0.07909797332773286,0.05712485561272708,0.021973117715005777,-0.16517340031722483,-0.2534863193726976,-0.00011990884186264297,-0.6360093405663169
20,200,0.0025,0,-0.2,0.75,1,1,100,200,-0.6828510720330105,-0.20533455362971953,-0.7495496289363939,-1.1257700455433464,1326,1012,314,0.05405334453428542,0.09826210227869368,0.07615772340648955,0.022104378872204136,-0.18269777514045304,-0.24683554371569727,-0.00010296657710365221,-0.6363978703750838
30,96,0.005,0,0.2,1.5,1,1,100,200,-0.6890466668098636,-0.20846604563390825,-0.7289994211137296,-1.2756399157965648,1311,992,319,0.03362910847422031,0.06975217893520949,0.0516906437047149,0.018061535230494592,-0.1398119240670752,-0.30360919985712465,-0.00016157473899519682,-0.6367477519806013
20,60,0.01,0,0.2,2.5,1,1,100,200,-0.6927219525793172,-0.210347334413593,-0.7256603551671887,-1.2798021640031314,1169,905,264,0.030951380867373725,0.06255906752073927,0.0467552241940565,0.01580384332668277,-0.07396621107540935,-0.40459386100918937,-0.00021441291597338062,-0.637167620197344
20,60,0.01,0,0.0,1.5,1,1,100,200,-0.6951254736843522,-0.21158739447568897,-0.7278426262551858,-1.2470502750637347,1192,913,279,0.03780321327312822,0.0739262837341174,0.05586474850362281,0.018061535230494592,-0.14004615627823858,-0.3564974988717956,-0.00017835431520903022,-0.6378612213564686
30,120,0.0,0,-0.2,0.75,1,1,100,200,-0.6787631698093539,-0.20329506337146952,-0.7566206807342729,-1.1277156626590832,1307,1004,303,0.05384332668276803,0.09731702194686548,0.07558017431481676,0.021736847632048723,-0.27646638314209515,-0.14641055118021518,-0.00010369773472003672,-0.6379911868715602
20,60,0.01,0,-0.2,1.5,1,1,100,200,-0.6881590431378208,-0.20801436098241988,-0.7588133603461052,-1.0373885996612462,1326,1014,312,0.055077181560432634,0.10353880079806783,0.07930799117925023,0.0242308096188176,-0.09962022819440464,-0.3277718811767335,-9.747605985926556e-05,-0.6392904711385349
30,60,0.01,0,-0.2,1.5,1,1,100,200,-0.6953766416872318,-0.21171743156127432,-0.7520048748523529,-1.0397707388100486,1364,1043,321,0.056074766355140186,0.10726661766250131,0.08167069200882075,0.025595925653680563,-0.15988287264293688,-0.2827240463755454,-9.422629748448517e-05,-0.6397084059279532
30,200,0.005,0,0.2,1.5,1,1,100,200,-0.6903705878479599,-0.20914166879999885,-0.7419384613469118,-1.1957557842912359,1459,1090,369,0.03701564632993804,0.07807413630158563,0.05754489131576184,0.020529244985823796,-0.03836060912513006,-0.33207604605214003,-0.00011740605307507978,-0.6398986886880165
30,120,0.005,0,-0.2,0.75,1,1,100,200,-0.676631177799809,-0.20223961883446517,-0.7574736171922702,-1.1819019146064722,1147,887,260,0.04864538485771291,0.08597605796492702,0.06731072141131997,0.018665336553607057,-0.3282197374991678,-0.14571834922864635,-0.00014236055775776604,-0.6400715231609239
48,60,0.01,0,0.2,2.5,1,1,100,200,-0.7031273370724106,-0.2157729991011328,-0.723446361015416,-1.2635756114277095,1262,969,293,0.03257901921663341,0.06838706290034653,0.05048304105848997,0.01790402184185656,-0.17754598593625182,-0.3214733115592743,-0.00018897339608439832,-0.6406749601802263
48,96,0.0025,0,-0.2,0.75,1,1,100,200,-0.6859099185027822,-0.20687443692292173,-0.752565179335271,-1.1562421119863495,1234,946,288,0.05145437362175785,0.09261787251916413,0.07203612307046099,0.02058174944870314,-0.26563279340422996,-0.20719267375270078,-0.0001258475910579701,-0.6409691321898747
48,200,0.01,0,0.0,0.75,1,1,100,200,-0.7000063834894378,-0.21412988418809142,-0.7057086224348929,-1.4813044446064192,953,734,219,0.030373831775700934,0.0576761524729602,0.044024992124330566,0.013651160348629633,-0.40091689176234835,-0.19347466839736716,-0.0003001924786002676,-0.6410494176358589
20,200,0.005,0,0.2,1.5,1,1,100,200,-0.686925223606111,-0.20738821294197407,-0.7467828956655523,-1.209209352841949,1432,1070,362,0.036175574923868525,0.07655150687808464,0.05636354090097658,0.020187965977108053,-0.04738727741372639,-0.3273884583082537,-0.00012174281981915523,-0.6412401284168476
48,60,0.01,0,-0.2,1.5,1,1,100,200,-0.7015952611251259,-0.21496467649840134,-0.749921041254745,-1.0370477606906645,1404,1075,329,0.05746613462144282,0.11228079386747873,0.08487346424446078,0.027407329623017958,-0.19005632470227118,-0.2564642277365752,-8.914052021265726e-05,-0.641777585160307
30,200,0.005,0,-0.2,0.75,1,1,100,200,-0.6812317737527338,-0.20452417070445983,-0.7624848089654438,-1.1331356319309955,1236,948,288,0.05190066155623228,0.09238160243620708,0.07214113199621967,0.020240470439987397,-0.22530073787253435,-0.23651063098468006,-0.00012139523765352023,-0.6424233567837314
48,96,0.01,0,0.0,1.5,1,1,100,200,-0.7048699645053527,-0.21669647470584974,-0.7374673016468469,-1.1517659135663894,1357,1016,341,0.0406647065000525,0.08644859813084112,0.06355665231544681,0.022891945815394308,-0.17817946783231287,-0.29208857670518595,-0.0001318181573915017,-0.6430184212075927
12,200,0.005,0,0.0,0.75,1,1,100,200,-0.6904339655477958,-0.20917406961017637,-0.7283822268379954,-1.434592407692052,1062,824,238,0.03507298120340229,0.06358290454688649,0.04932794287514439,0.014254961671742098,-0.3333867360552124,-0.21014495797135535,-0.00023671079609053884,-0.6450948034137767
30,120,0.01,0,0.2,2.5,1,1,100,200,-0.7030720922673277,-0.2157437940436593,-0.7369401384468898,-1.221176122843242,1335,1004,331,0.033602856242780636,0.07324372571668591,0.05342329097973328,0.019820434736952643,-0.1635294313876804,-0.307907063280938,-0.00016134614225862769,-0.6452726694092662
48,120,0.005,0,0.0,0.75,1,1,100,200,-0.6944151497233078,-0.2112201020739658,-0.7264164817121278,-1.4198408778809475,1042,808,234,0.03465294550036753,0.06326787776961042,0.04896041163498897,0.014307466134621442,-0.31145769315816607,-0.2526480012709065,-0.0002462820753221067,-0.645420386824077
30,60,0.005,0,0.2,1.5,1,1,100,200,-0.6974015981630374,-0.21276895613791558,-0.7287392687963967,-1.3699128733429018,1222,934,288,0.031922713430641604,0.06431796702719732,0.04812034022891946,0.016197626798277853,-0.1000407210374562,-0.38046754847148034,-0.0002071555281964048,-0.645634234203259
12,60,0.01,0,0.0,999.0,1,1,100,200,-0.711509348802482,-0.2202553668816014,-0.7372153523474856,-1.1367971935861265,1397,1083,314,0.04594140501942665,0.08925758689488607,0.06759949595715636,0.021658090937729708,-0.08410062846941113,-0.36654678808733043,-0.0001266836563060707,-0.6457029027346506
48,96,0.0025,0,0.0,0.75,1,1,100,200,-0.6980214733115245,-0.21309197155877346,-0.7275934138293461,-1.4118005395364468,1099,847,252,0.036175574923868525,0.0664181455423711,0.051296860233119815,0.015121285309251286,-0.3035958825396964,-0.24868989403620123,-0.00022720222039209178,-0.6474787054502689
20,200,0.0,0,0.0,0.75,1,1,100,200,-0.6892095218388876,-0.20854902953504484,-0.7460863546999437,-1.327709976339893,1265,972,293,0.04063845426861283,0.07518639084322168,0.057912422555917255,0.01727396828730442,-0.2325412138130062,-0.23761806362901572,-0.00016005196422829807,-0.6479777057020113
30,200,0.005,0,0.0,0.75,1,1,100,200,-0.6971431425673179,-0.21263443188864495,-0.7321095990454429,-1.3884200260370625,1093,847,246,0.036674367321222305,0.06633938884805209,0.05150687808463719,0.01483251076341489,-0.29302614083091316,-0.2599938220088738,-0.00022677690201058085,-0.6481102327132195
12,60,0.0025,0,0.2,1.5,1,1,100,200,-0.7009724371487149,-0.21463702365131365,-0.7289422277790285,-1.3814053407317997,1250,948,302,0.03147642549616717,0.0651842906647065,0.048330358080436835,0.016853932584269662,-0.12510310868898755,-0.36135975896052097,-0.00020341256941368435,-0.6481784045774179
12,60,0.0,0,0.2,1.5,1,1,100,200,-0.6933081307128632,-0.210649046792714,-0.7448436380383974,-1.3217992630040452,1341,1011,330,0.033655360705659984,0.06988344009240785,0.05176940039903392,0.018114039693373937,-0.0425722975641486,-0.3735829842092012,-0.00016203715778405803,-0.6491608289621149
12,96,0.0,0,0.2,1.5,1,1,100,200,-0.6968839698082478,-0.21249962653786236,-0.7454039724212548,-1.2874569096826325,1431,1072,359,0.03583429591515279,0.07547516538905807,0.05565473065210543,0.019820434736952643,-0.06546924939659438,-0.3365155935966463,-0.00013661359902983862,-0.6495744582326214
12,60,0.005,0,0.2,2.5,1,1,100,200,-0.7012145640018596,-0.21476433590301702,-0.7438671046581644,-1.2807655242769487,1316,1014,302,0.034259162028772445,0.06980468339808883,0.05203192271343064,0.017772760684658197,-0.016026744335223886,-0.413573801282636,-0.000173701868971056,-0.6507361644459466
20,120,0.005,0,0.2,1.5,1,1,100,200,-0.7012956033593103,-0.21480696548273825,-0.7410986004156214,-1.3182620006397032,1336,1003,333,0.03339283839126326,0.07072351149847737,0.05205817494487031,0.018665336553607057,-0.15040235809140745,-0.3141808905652491,-0.0001694452968526199,-0.651269365722534
30,120,0.0,0,0.0,0.75,1,1,100,200,-0.6958805475157668,-0.21197857731148417,-0.738868433758594,-1.3986802296777734,1176,906,270,0.037986978893205924,0.0701197101753649,0.05405334453428542,0.01606636564107949,-0.31115312712316034,-0.20503039026176095,-0.0001979994271065384,-0.6513468056746698
30,120,0.005,0,0.2,1.5,1,1,100,200,-0.7016775358168851,-0.21500800014418664,-0.742647889686215,-1.3047871820465178,1350,1010,340,0.0340228919458154,0.07214113199621967,0.053082011971017536,0.01905912002520214,-0.1289636580961312,-0.3272220188326348,-0.00016342312913639068,-0.65157130408962
12,200,0.005,0,-0.2,0.75,1,1,100,200,-0.6858522753446776,-0.20684530756081587,-0.769409267974566,-1.2026449188017516,1201,924,277,0.04987923973537751,0.08878504672897196,0.06933214323217474,0.01945290349679723,-0.3140263862556394,-0.16500175174708964,-0.00013797046684539338,-0.6516821874881865
20,200,0.01,0,0.0,1.5,1,1,100,200,-0.7127615430668723,-0.22093390604932395,-0.7460693740409425,-1.1617951548372982,1419,1063,356,0.04216108369211383,0.09015016276383493,0.06615562322797437,0.02399453953586055,-0.20507728330865227,-0.265271865253751,-0.00012445633087139398,-0.6520583508116601
30,60,0.01,0,0.2,999.0,1,1,100,200,-0.7160481923134159,-0.22272619888506162,-0.7311133104139691,-1.2951852140004831,1277,987,290,0.035046728971962614,0.06975217893520949,0.052399453953586056,0.01735272498162344,-0.1466180342171306,-0.3698157408940037,-0.00019834548624147498,-0.6530421147920703
12,60,0.005,0,0.0,2.5,1,1,100,200,-0.7022337027270702,-0.21530111364744664,-0.7665598160933479,-1.100476795214109,1527,1177,350,0.048855402709230285,0.09621442822639924,0.07253491546781476,0.02367951275858448,0.02603301872852226,-0.37715359222681855,-9.09795993944998e-05,-0.653604861454826
12,96,0.0025,0,0.2,1.5,1,1,100,200,-0.708135538205729,-0.21843881873829785,-0.7349829741319069,-1.3578144775709347,1341,1010,331,0.033681612937099654,0.07085477265567573,0.05226819279638769,0.01858657985928804,-0.1534381464837874,-0.3257983744842178,-0.0001772648909214579,-0.6538210296827981
12,120,0.01,0,0.2,999.0,1,1,100,200,-0.7112293279312674,-0.22010395153842954,-0.7455506711349702,-1.2375322155354676,1357,1029,328,0.03525674682348,0.07426756274283314,0.05476215478315657,0.019505407959676573,-0.13721740875635013,-0.3402275029656212,-0.00016440645623839922,-0.6547558978826881
48,120,0.005,0,-0.2,0.75,1,1,100,200,-0.6921988688357761,-0.2100784858751863,-0.7698302387188574,-1.2019712193565824,1175,905,270,0.049537960726661764,0.08839126325737688,0.06896461199201932,0.019426651265357555,-0.29109628298431023,-0.21856155376069708,-0.00014759569423082228,-0.655092166202444
48,200,0.005,0,0.2,1.5,1,1,100,200,-0.703558983688793,-0.21600133803309485,-0.7614863098359157,-1.1978064914957147,1497,1118,379,0.03748818649585215,0.08001680142812138,0.05875249396198677,0.02126430746613462,-0.10632035321838074,-0.2986946685005979,-0.00012053102340325121,-0.6566348175258384
12,200,0.01,0,0.2,2.5,1,1,100,200,-0.709086646199157,-0.21894921289380564,-0.7529502796141899,-1.2300382463827637,1375,1026,349,0.03399663971437572,0.07531765200042004,0.05465714585739788,0.020660506143022155,-0.18032885223239503,-0.2940464371323497,-0.00015643545131920685,-0.6569262650200388
20,96,0.005,0,0.2,1.5,1,1,100,200,-0.7088982242952828,-0.21884799392843124,-0.7394742733239641,-1.3809180348546173,1282,971,311,0.03271028037383177,0.06778326157723406,0.05024677097553292,0.017536490601701146,-0.14042040405956857,-0.3569997549524476,-0.0001985517983271857,-0.6576310323331441
20,96,0.01,0,0.2,999.0,1,1,100,200,-0.7158992946537515,-0.22264464332764233,-0.7456325655622444,-1.2639392356059223,1338,1023,315,0.03565053029507508,0.07340123910532395,0.05452588470019952,0.018875354405124434,-0.13411787102309436,-0.3593376476225799,-0.00017598764942039613,-0.6586578878890607
12,60,0.005,0,-0.2,1.5,1,1,100,200,-0.6908722314468876,-0.20939827119073573,-0.7969383904784514,-1.0222082771239402,1499,1141,358,0.06051139346844482,0.11495852147432532,0.08773495747138507,0.02722356400294025,0.016277667296199727,-0.356259616909413,-6.908408614476561e-05,-0.6589778802861584
12,200,0.01,0,-0.2,1.5,1,1,100,200,-0.712739323912764,-0.22092184533139403,-0.7794768277228742,-1.008834940521025,1540,1160,380,0.06027512338548777,0.12343799222933949,0.09185655780741363,0.03158143442192586,-0.27415834430114094,-0.14508158801228022,-7.188555747474984e-05,-0.6611020062188824
48,120,0.01,0,-0.2,1.5,1,1,100,200,-0.7181511566930066,-0.22388172252697103,-0.7750886286463364,-1.0121568176744187,1524,1151,373,0.06017011445972908,0.12307046098918407,0.09162028772445657,0.0314501732647275,-0.27768184677907837,-0.1638140171800383,-7.72055780219863e-05,-0.6620338777338601
12,96,0.005,0,0.2,2.5,1,1,100,200,-0.7185621866242975,-0.2241083778389097,-0.7475331941808933,-1.28753274299529,1416,1082,334,0.036569358395463616,0.0762102278693689,0.05638979313241625,0.019820434736952643,-0.09665832304662447,-0.3674602984346611,-0.00015992626482833476,-0.6622516120791209
12,120,0.0025,0,0.2,1.5,1,1,100,200,-0.7216577678179672,-0.22582394234725656,-0.7354554513361156,-1.37982693356975,1400,1043,357,0.034285414260212116,0.07413630158563478,0.05421085792292345,0.01992544366271133,-0.16197855206272438,-0.3310307796872718,-0.00017449617965450425,-0.6625430146938018
12,60,0.0,0,0.0,1.5,1,1,100,200,-0.6957945364289511,-0.21193397817003756,-0.7870042339583712,-1.1497252260159927,1578,1197,381,0.04741152998004831,0.09566313136616612,0.07153733067310722,0.02412580069305891,0.02759726103299398,-0.34823938796769816,-8.18281708999341e-05,-0.6629223564500227
48,96,0.0,0,0.2,1.5,1,1,100,200,-0.7170917644800108,-0.22329875559553658,-0.7513295248356598,-1.2833220659810418,1545,1143,402,0.038695789142077074,0.08269452903496798,0.06069515908852252,0.021999369946445448,0.006956578662465462,-0.39156913833660356,-0.00012534759166157037,-0.6631296213124187
48,120,0.0025,0,0.2,1.5,1,1,100,200,-0.7230929289747194,-0.2266244879264897,-0.7425459246987939,-1.310491934559112,1505,1111,394,0.03714690748713641,0.08077811613987189,0.05896251181350415,0.02181560432636774,-0.10174813176156627,-0.3456287001727114,-0.00014193034698750418,-0.6634220470038423
48,120,0.0,0,-0.2,0.75,1,1,100,200,-0.7040896634086811,-0.21628242973755396,-0.7771828363692865,-1.1834159868629364,1342,1027,315,0.05512968602331198,0.10017851517378977,0.07765410059855088,0.022524414575238894,-0.25424980548313536,-0.22366130141698692,-0.00011642997001588121,-0.6640446472653441
48,96,0.0025,0,0.2,1.5,1,1,100,200,-0.7244104754247631,-0.22736235420132023,-0.7419992270020449,-1.334727255844804,1457,1081,376,0.03635934054394623,0.07825790192166335,0.057308621232804786,0.020949280688858554,-0.08251690586628535,-0.3775172980878695,-0.00015692662926385846,-0.6650983304945828
30,96,0.01,0,0.2,999.0,1,1,100,200,-0.7224146643339825,-0.226245733355394,-0.7522269400113157,-1.2656976177406771,1371,1048,323,0.036648115089782635,0.07560642654625643,0.056127270818019534,0.0194791557282369,-0.21002981350331384,-0.30245996714822365,-0.00017210335019539534,-0.6656440842480857
48,120,0.01,0,0.2,999.0,1,1,100,200,-0.7242500234310082,-0.2272723454922595,-0.7543832204849643,-1.2257125575996097,1445,1095,350,0.037908222198886905,0.0803843326682768,0.059146277433581855,0.02123805523469495,-0.17955427820934577,-0.30765611097728374,-0.00014979866503893747,-0.6657495836147221
48,120,0.01,0,0.0,1.5,1,1,100,200,-0.7255597813694092,-0.22800830839176112,-0.7559200699287256,-1.2059817832043234,1393,1043,350,0.04129476005460464,0.08854877664601492,0.06492176835030977,0.023627008295705135,-0.26388108946102395,-0.2517244835916489,-0.00014395576723675172,-0.6662674325163401
30,200,0.0025,0,-0.2,0.75,1,1,100,200,-0.7131168228685116,-0.2211268559369497,-0.7702315387273265,-1.202125050640506,1346,1024,322,0.05505092932899296,0.10004725401659141,0.07754909167279218,0.022498162343799224,-0.23259156378395962,-0.26712181684178404,-0.00012363883235306679,-0.6663488778326383
12,120,0.0,0,0.2,1.5,1,1,100,200,-0.7195803469384903,-0.22467096705043654,-0.7499856981936759,-1.3450686215962064,1496,1111,385,0.03662186285834296,0.07894045993909482,0.05778116139871889,0.02115929854037593,-0.09989142475262214,-0.34166482363232764,-0.00014447329846924397,-0.6669172472270848
12,200,0.0,0,0.0,0.75,1,1,100,200,-0.704390617936296,-0.21644201927105067,-0.7604763368387307,-1.4131185843507241,1249,960,289,0.03992964401974168,0.073637509188281,0.05678357660401134,0.016853932584269662,-0.3123158808843941,-0.1971878267025784,-0.00018495176448539408,-0.6673361169079521
48,60,0.005,0,0.2,1.5,1,1,100,200,-0.7215176911379169,-0.22574598331584894,-0.7408789847067161,-1.4359211563285534,1271,971,300,0.03294655045678883,0.06712695579124225,0.050036753124015544,0.017090202667226714,-0.16793522749248713,-0.36801955512756845,-0.00022005052118300827,-0.6679815334856347
20,200,0.0025,0,0.2,1.5,1,1,100,200,-0.7215351578396619,-0.2257557026163658,-0.7546908819047884,-1.2982058488381674,1550,1147,403,0.038459519059120026,0.08314081696944241,0.06080016801428122,0.022340648955161187,-0.09454070956216265,-0.33232696390878613,-0.00012878003570052942,-0.6680114360106684
12,200,0.01,0,0.0,1.5,1,1,100,200,-0.7266723340003536,-0.22863567015948083,-0.7577797443308933,-1.2279680657732206,1403,1050,353,0.041557282369001365,0.08891630788617032,0.06523679512758584,0.02367951275858448,-0.2699476492094718,-0.24479760610600654,-0.00014388040415812695,-0.6689239456135885
12,96,0.01,0,0.0,2.5,1,1,100,200,-0.733711843426552,-0.23265326191470292,-0.7525944286985673,-1.201094037368492,1413,1083,330,0.04439252336448598,0.09127900871574084,0.0678357660401134,0.02344324267562743,-0.228388553216329,-0.3003852232312486,-0.00014380677092962795,-0.6690051781324111
48,120,0.0,0,0.2,1.5,1,1,100,200,-0.721641310510813,-0.2258147814820778,-0.7581808327914235,-1.282332471496138,1596,1177,419,0.039772130631103644,0.08545101333613357,0.06261157198361861,0.022839441352514964,-0.03755941690739839,-0.35748314807854775,-0.00011771128140660029,-0.6690218214525964
12,60,0.0025,0,0.0,1.5,1,1,100,200,-0.7096318089863082,-0.21924236627432103,-0.7772016812732168,-1.2266612172532863,1473,1117,356,0.044471280058805,0.08952010920928279,0.0669956946340439,0.022524414575238894,-0.046176175868481106,-0.3640561816048301,-0.00011762930614523524,-0.6691762677735937
30,200,0.0,0,0.0,0.75,1,1,100,200,-0.7080217550284129,-0.21837784827790174,-0.7662898921182241,-1.3617023865832523,1283,984,299,0.041662291294760054,0.07689278588680037,0.059277538590780214,0.01761524729602016,-0.2512429317781164,-0.2592372385725983,-0.0001732726993099071,-0.6696079136661764
12,200,0.0025,0,-0.2,0.75,1,1,100,200,-0.7129965400254652,-0.22106150980622785,-0.7718707125501617,-1.255199955076723,1310,1001,309,0.05313451643389688,0.09618817599495957,0.07466134621442823,0.021526829780531345,-0.3178508025836053,-0.1898941189454031,-0.0001354360902818506,-0.6697568638351449
20,200,0.0025,0,0.0,0.75,1,1,100,200,-0.7132940880414133,-0.22122319884927166,-0.7520487663041306,-1.451609553493457,1181,907,274,0.03824950120760265,0.07064475480415836,0.0544471280058805,0.016197626798277853,-0.29292481686498884,-0.268042139055537,-0.00021681373020620347,-0.6698280596760098
30,120,0.01,0,0.0,1.5,1,1,100,200,-0.7287426770854635,-0.2298085816833757,-0.757416242802257,-1.2500057835559157,1358,1016,342,0.04053344534285414,0.08621232804788408,0.06337288669536911,0.022839441352514964,-0.2608891663953631,-0.2761782941065106,-0.00015818672499696686,-0.6710169922623
12,60,0.0025,0,0.2,2.5,1,1,100,200,-0.7273888155264644,-0.22904077187594352,-0.7505470367324212,-1.3375985674282458,1420,1083,337,0.036123070460989185,0.07565893100913577,0.05589100073506248,0.019767930274073295,-0.07651029570957857,-0.39946571470287184,-0.00017208575328657628,-0.6711942186135664
20,60,0.005,0,0.2,1.5,1,1,100,200,-0.7138117712267105,-0.22150483059976533,-0.7527230058424039,-1.472917719185408,1187,910,277,0.0309776330988134,0.06179775280898876,0.046387692953901084,0.015410059855087683,-0.10529477858525182,-0.4208513746063116,-0.00024806536866251756,-0.6715122194802376
30,120,0.01,0,-0.2,1.5,1,1,100,200,-0.7237535492626054,-0.2269941036167784,-0.7841866644483679,-1.0563620486154286,1486,1125,361,0.05898876404494382,0.11973642759634569,0.08936259582064475,0.030373831775700934,-0.28688790142452825,-0.1854825381056967,-8.914953032245191e-05,-0.6719055382717338
12,60,0.0,0,0.2,2.5,1,1,100,200,-0.7204025248472895,-0.22512645889171257,-0.765181808860589,-1.2842042474676156,1521,1152,369,0.03835451013336134,0.08083062060275123,0.05959256536805629,0.02123805523469495,-0.010731754809495286,-0.39524046032951177,-0.0001354249277501721,-0.6719275756953877
48,200,0.0,0,-0.2,0.75,1,1,100,200,-0.715518214487459,-0.22243607030599843,-0.7859179929333343,-1.159662972413226,1473,1123,350,0.059723826525254646,0.10949805733487346,0.08461094193006405,0.02488711540480941,-0.24102161475008776,-0.21699788664524722,-9.785397852566195e-05,-0.6733782153933269
48,120,0.0,0,0.0,0.75,1,1,100,200,-0.7160332714219371,-0.2227180247390207,-0.7571766430064537,-1.4414891063922215,1200,921,279,0.03877454583639609,0.07206237530190066,0.05541846056914838,0.016643914732752285,-0.29962343112866785,-0.2611135456251077,-0.00021183485795632978,-0.6733808015618586
48,96,0.01,0,0.2,999.0,1,1,100,200,-0.7287033053420258,-0.22978620972525698,-0.7612825130172236,-1.2598200751925983,1415,1074,341,0.037278168644334767,0.0783891630788617,0.05783366586159824,0.020555497217263467,-0.15426906974309573,-0.34904273849068823,-0.00016491148935094915,-0.6734184699934987
20,96,0.01,0,0.0,2.5,1,1,100,200,-0.742857020881066,-0.2380014652581499,-0.7496696165982392,-1.2164168112059721,1438,1097,341,0.04515383807623648,0.09408799747978579,0.06962091777801113,0.02446707970177465,-0.2330566786405488,-0.311748408781632,-0.00014489726467802186,-0.673657114117568
12,60,0.0,0,-0.2,1.5,1,1,100,200,-0.7121248335299157,-0.22058859079535043,-0.8034561348102678,-1.0301164019771967,1722,1307,415,0.06767825265147538,0.13194371521579334,0.09981098393363436,0.03213273128215898,0.01983377870425418,-0.33212394746162177,-4.9785205369801384e-05,-0.6738224782993442
12,200,0.005,0,0.2,1.5,1,1,100,200,-0.7175228258697174,-0.22353575087611344,-0.7669272592292801,-1.3471457001437606,1413,1055,358,0.035440512443557705,0.07513388638034232,0.05528719941195002,0.019846686968392313,-0.17390604121826347,-0.3067981739580894,-0.00016416296533291663,-0.6743566654979415
30,120,0.0025,0,0.0,0.75,1,1,100,200,-0.7198349925519426,-0.22481192803863514,-0.7464213571343012,-1.527833374660293,1108,854,254,0.0362018271553082,0.06649690223669012,0.05134936469599916,0.015147537540690958,-0.3698718798640077,-0.22617217303092707,-0.0002554766484399299,-0.6744142753388004
30,120,0.0025,0,-0.2,0.75,1,1,100,200,-0.7179098982590526,-0.22374880786503182,-0.7724038176413022,-1.291128139689851,1240,952,288,0.05153313031607687,0.09269662921348315,0.07211487976478001,0.02058174944870314,-0.35389723424940756,-0.1882614633952403,-0.0001559596528360333,-0.6745071236701754
48,200,0.01,0,-0.2,1.5,1,1,100,200,-0.7349222923799603,-0.23335262804683465,-0.7828216816151343,-1.0166847248900228,1602,1200,402,0.06208652735482516,0.1293972487661451,0.09574188806048514,0.033655360705659984,-0.32488366046699546,-0.1251140069818314,-7.560933494955769e-05,-0.6755977050989029
30,96,0.01,0,0.0,2.5,1,1,100,200,-0.7439694972733362,-0.2386623874796192,-0.7555520524625434,-1.1997493661214136,1474,1125,349,0.046308936259582066,0.09660821169799433,0.0714585739787882,0.02514963771920613,-0.3032595437386889,-0.23197428910194529,-0.0001364536750441606,-0.6764258820169616
48,200,0.005,0,0.0,0.75,1,1,100,200,-0.7255996406358851,-0.22803074962685244,-0.7506172961557178,-1.4647865998684804,1114,861,253,0.036779376246980994,0.06754699149427701,0.052163183870629,0.01538380762364801,-0.36318768783985556,-0.24779581316704025,-0.00025531008173482065,-0.6765787276981353
30,200,0.0025,0,0.2,1.5,1,1,100,200,-0.7294017608276261,-0.23018347490279356,-0.7630575820782455,-1.3011587803361364,1581,1169,412,0.03929959046518954,0.08487346424446078,0.06208652735482516,0.02278693688963562,-0.07444561788915294,-0.35535789393558914,-0.000129087172240245,-0.6767702049587231
30,96,0.0,0,0.2,1.5,1,1,100,200,-0.7284782226463674,-0.22965836223768687,-0.757934612384406,-1.3649792073598186,1498,1118,380,0.03769820434736953,0.07959676572508663,0.05864748503622808,0.020949280688858554,-0.1261045776040085,-0.3427764467285044,-0.00015295487142531893,-0.6768746287978807
20,200,0.01,0,0.2,999.0,1,1,100,200,-0.731161256037627,-0.23118788256737455,-0.7693639767125964,-1.2495236518209771,1469,1106,363,0.037934474430326576,0.08151317862018272,0.059723826525254646,0.02178935209492807,-0.14704307783967463,-0.34289642425530376,-0.0001519173106621952,-0.6783460535147215
48,200,0.0025,0,0.2,1.5,1,1,100,200,-0.734321894512491,-0.2330054151113804,-0.766549224896052,-1.2693255952704026,1632,1209,423,0.04040218418565578,0.08765620077706605,0.06402919248136092,0.023627008295705135,-0.1137584697167906,-0.32192678268684516,-0.00012073104467765957,-0.6797463073229266
30,96,0.0025,0,0.2,1.5,1,1,100,200,-0.7361402720106749,-0.23405892829538955,-0.7494578470608992,-1.4217674593671694,1411,1057,354,0.035545521369316394,0.07523889530610102,0.05539220833770871,0.019846686968392313,-0.20443405166134454,-0.3283108928701802,-0.0001879221676125574,-0.6798762247941976
20,200,0.0,0,0.2,1.5,1,1,100,200,-0.7284388998852864,-0.22963603551837852,-0.773980291859737,-1.3008877701807533,1661,1228,433,0.0417147957576394,0.08902131681192901,0.0653680562847842,0.023653260527144806,-0.053085438531878526,-0.34184447418269714,-0.0001103823501040055,-0.6816705699572847
30,200,0.01,0,0.2,999.0,1,1,100,200,-0.7381642848992973,-0.23523843199725436,-0.768333511412634,-1.256775420399507,1495,1123,372,0.03830200567048199,0.082773285729287,0.06053764569988449,0.0222356400294025,-0.17798019754861927,-0.3272357329480913,-0.00015291315644021724,-0.6822439587235467
48,200,0.005,0,-0.2,0.75,1,1,100,200,-0.7200722515017393,-0.224943356761664,-0.7909415635395609,-1.2400196913711103,1264,966,298,0.05211067940774966,0.09421925863698415,0.0731649690223669,0.021054289614617243,-0.3163454073212614,-0.2295366771699746,-0.00015001327576852824,-0.6824151231
12,96,0.0,0,0.2,2.5,1,1,100,200,-0.7333995917403362,-0.23247326362619714,-0.7720112614362319,-1.2811921995860387,1623,1218,405,0.04055969757429381,0.08744618292554868,0.06400294024992124,0.02344324267562743,-0.05664447865045419,-0.3636390472171802,-0.0001219851124607415,-0.6825385043236151
20,60,0.01,0,0.2,999.0,1,1,100,200,-0.735682861463045,-0.23379337304498293,-0.7587624812672795,-1.3996365061719853,1242,966,276,0.034285414260212116,0.06715320802268193,0.050719311141447024,0.016433896881234904,-0.1381516194411978,-0.42923310709504403,-0.00024198649781391108,-0.683156438987222
20,120,0.01,0,0.2,999.0,1,1,100,200,-0.7378031010154253,-0.235027416947311,-0.7643367122416233,-1.3203080894953612,1393,1057,336,0.03630683608106689,0.07652525464664496,0.05641604536385593,0.020109209282789038,-0.2166986103796522,-0.32816843084698,-0.00018553882173857902,-0.6832111775428906
48,120,0.005,0,0.2,2.5,1,1,100,200,-0.7435112719862136,-0.2383898781643784,-0.7663418143685192,-1.2786790445862932,1583,1187,396,0.040375931954216106,0.08684238160243621,0.06360915677832615,0.023233224824110048,-0.13928583795095828,-0.3422825231584671,-0.00013875043941486518,-0.6854947375779527
12,60,0.005,0,0.2,999.0,1,1,100,200,-0.7350678633738612,-0.23343690717846233,-0.7683889198850267,-1.361313435471782,1400,1084,316,0.03809198781896461,0.07537015646329938,0.056731072141131995,0.018639084322167383,-0.07261430421553039,-0.42461781217151773,-0.00018585152994429107,-0.6856970388945648
12,60,0.0025,0,0.0,2.5,1,1,100,200,-0.732902471288861,-0.2321870448897715,-0.7900049840764638,-1.1717479832059698,1646,1255,391,0.051270608001680144,0.10382757534390423,0.07754909167279218,0.026278483671112046,-0.05097988625183136,-0.358925950362451,-9.516204379089132e-05,-0.6857769360883019
12,60,0.01,0,-0.2,2.5,1,1,100,200,-0.7454938122441648,-0.2395717230841553,-0.7812953409642012,-1.1266509867050387,1450,1120,330,0.060905176940039905,0.11624488081486926,0.08857502887745458,0.02766985193741468,-0.2266331808536176,-0.32039736788646256,-0.00011418789527853164,-0.6865519429015078
30,60,0.0025,0,0.2,1.5,1,1,100,200,-0.7338080287149136,-0.23270874218314685,-0.7606090239505154,-1.475306816345441,1311,990,321,0.03347159508558228,0.0691746298435367,0.051323112464559485,0.01785151737897721,-0.1436077047551063,-0.40121153210058613,-0.0002225231495999416,-0.6867785949756766
12,60,0.005,0,0.0,999.0,1,1,100,200,-0.7353302688679364,-0.23358892189819036,-0.7916024415396321,-1.154268351614641,1623,1253,370,0.05400084007140607,0.1036700619552662,0.07883545101333614,0.024834610941930065,0.007480167221028733,-0.4084575992730025,-9.936140150039496e-05,-0.6871035602487384
30,60,0.0,0,0.2,1.5,1,1,100,200,-0.72903070900983,-0.2299723273038038,-0.7721623199764733,-1.4261395961124066,1398,1050,348,0.035598025832195734,0.07355875249396199,0.05457838916307886,0.018980363330883127,-0.07580160465413965,-0.4100670878810764,-0.0001863819840007144,-0.6873604670976607
12,120,0.005,0,0.2,2.5,1,1,100,200,-0.7405289501094705,-0.23662572590279607,-0.7670415203309386,-1.3444888328917344,1477,1113,364,0.03701564632993804,0.07959676572508663,0.05830620602751234,0.021290559697574294,-0.12488491168098681,-0.3793733498809172,-0.00016854453180857777,-0.6873709277128521
30,200,0.0,0,0.2,1.5,1,1,100,200,-0.7323079544415004,-0.23184530881294152,-0.7826041254704454,-1.2895055748352935,1693,1253,440,0.042764885015226295,0.09091147747558542,0.06683818124540586,0.024073296230179564,-0.018508361148719565,-0.36397955077898003,-0.00010657469737308597,-0.687622650289929
12,96,0.0025,0,0.2,2.5,1,1,100,200,-0.743955745406284,-0.23865420348624844,-0.7632895339508695,-1.347411218987835,1523,1150,373,0.03830200567048199,0.08230074556337288,0.06030137561692744,0.021999369946445448,-0.12926090152130776,-0.3701676788631355,-0.0001594369061842101,-0.687669531411075
30,200,0.01,0,-0.2,1.5,1,1,100,200,-0.7397589664407502,-0.23617288810480397,-0.7968025147531157,-1.0661811673068387,1584,1189,395,0.06192901396618713,0.12719206132521263,0.09456053764569988,0.03263152367951276,-0.27780448958231907,-0.20426540535154025,-8.417419462025349e-05,-0.6878832038467038
48,60,0.01,0,0.2,999.0,1,1,100,200,-0.7445209559511464,-0.23899086097626066,-0.7598430397365146,-1.3810421338808117,1336,1032,304,0.036044313766670166,0.07311246455948756,0.05457838916307886,0.018534075396408695,-0.23585003239495317,-0.3478343076640096,-0.00021523290379770737,-0.6879644875385585
12,96,0.005,0,0.0,1.5,1,1,100,200,-0.7291990250755834,-0.23006807913765004,-0.7905566004282459,-1.2555943768382323,1449,1102,347,0.04483881129896041,0.09020266722671427,0.06752073926283735,0.02268192796387693,-0.16208940312821196,-0.33292052142834716,-0.0001386319948667,-0.6881260981936846
48,200,0.01,0,0.2,999.0,1,1,100,200,-0.7451690801174721,-0.2393776385077685,-0.7755925122738232,-1.233703330811767,1521,1142,379,0.038459519059120026,0.08413840176414995,0.06129896041163499,0.022839441352514964,-0.243492792848228,-0.27922020598374275,-0.0001523977484924048,-0.6888590611852684
12,60,0.0,0,0.0,2.5,1,1,100,200,-0.7289455730100585,-0.22992391315621574,-0.8055371203159866,-1.13095658222319,1765,1344,421,0.054368371311561484,0.11081066890685708,0.08258952010920928,0.0282211487976478,0.0034264601120077565,-0.34697217871081576,-7.047885257241189e-05,-0.6892403024253685
12,200,0.0025,0,0.0,0.75,1,1,100,200,-0.7288813192408872,-0.22988738212530646,-0.764959103535448,-1.5485428539775945,1166,896,270,0.03756694319017116,0.069069620917778,0.05331828205397459,0.015751338863803425,-0.37186158351344945,-0.2266767103566436,-0.00024675271455747996,-0.6897940765919102
12,120,0.01,0,0.0,2.5,1,1,100,200,-0.7563216288902299,-0.2461596167387159,-0.7616051232361272,-1.257695512679949,1463,1111,352,0.04491756799327943,0.09537435682032973,0.07014596240680458,0.02522839441352515,-0.2795607657179021,-0.2969511720649447,-0.00015379698330451256,-0.6898469539907769
20,120,0.0025,0,0.2,1.5,1,1,100,200,-0.7430393595750351,-0.23810963576306887,-0.7590523645265024,-1.447447327367398,1438,1069,369,0.03538800798067836,0.07644649795232594,0.05591725296650215,0.020529244985823796,-0.21687440215576037,-0.3264481876177937,-0.00018924930434621566,-0.6900081843946899
20,96,0.0,0,0.2,1.5,1,1,100,200,-0.7385451791699118,-0.23546121485884008,-0.7677290532901478,-1.433367752705064,1465,1094,371,0.036700619552661976,0.0774440827470335,0.05707235114984774,0.02037173159718576,-0.1348398310190676,-0.3712175640405433,-0.00017656865328313532,-0.6909941291391671
20,120,0.0,0,0.2,1.5,1,1,100,200,-0.7386313555642374,-0.23551165494255044,-0.7708593187670134,-1.402075382770462,1528,1132,396,0.03764569988449018,0.08101438622282894,0.05933004305365956,0.021684343169169378,-0.15910951284465358,-0.33258185725609846,-0.00015755634863585927,-0.6910450834645803
30,96,0.005,0,0.0,1.5,1,1,100,200,-0.7379944775124814,-0.23513919617052637,-0.787853095029518,-1.2463949533330836,1508,1140,368,0.0467552241940565,0.09553187020896776,0.07114354720151213,0.024388323007455633,-0.20806207969443913,-0.2966698453865515,-0.00013011797118839873,-0.6913854913519395
30,120,0.01,0,0.2,999.0,1,1,100,200,-0.7444299073842962,-0.23893658930831707,-0.7715220330737822,-1.3357875271615443,1409,1067,342,0.03688438517273968,0.07815289299590465,0.05751863908432217,0.020634253911582485,-0.2228271161940767,-0.3346818531776655,-0.0001870648059144018,-0.6914869822032854
12,60,0.01,0,-0.2,999.0,1,1,100,200,-0.7560651995919974,-0.2460009175465958,-0.7841558531588674,-1.0717057599794575,1509,1171,338,0.06652315446812979,0.1248556127270818,0.0956893835976058,0.029166229129476005,-0.25098919794490193,-0.3073037858634473,-0.00010480521011812153,-0.6916641321250023
12,60,0.0025,0,-0.2,1.5,1,1,100,200,-0.7329652084368579,-0.23222314250356269,-0.80663000594308,-1.1244088058072452,1614,1222,392,0.06376667016696419,0.12383177570093458,0.09379922293394939,0.030032552766985195,-0.07275622814789351,-0.354439099489406,-8.142875679740383e-05,-0.6917585857654649
48,200,0.0,0,0.2,1.5,1,1,100,200,-0.7399664300603039,-0.23629479467390047,-0.785469371319283,-1.2696934495373917,1748,1295,453,0.043998739892890895,0.0938779796282684,0.06893835976057965,0.024939619867688754,-0.06651242343156183,-0.33228800508759837,-0.00010164089283471488,-0.6925141528104115
30,200,0.0025,0,0.0,0.75,1,1,100,200,-0.7327360789621298,-0.23209133913739544,-0.7717171443335347,-1.4915722451057924,1196,916,280,0.038984563687913476,0.07200987083902131,0.055497217263467395,0.016512653575553923,-0.3219030898255604,-0.28316101033792584,-0.00023399674996015026,-0.6925285235594524
48,200,0.0,0,0.0,0.75,1,1,100,200,-0.7355340441811475,-0.23370705461452546,-0.7772390820848701,-1.435088997334701,1314,1007,307,0.04244985823795023,0.07920298225349155,0.06082642024572089,0.01837656200777066,-0.3256268130981186,-0.24338959239607172,-0.0001943704302784195,-0.6940810455236956
12,96,0.005,0,-0.2,1.5,1,1,100,200,-0.7374700431878788,-0.23483303997942595,-0.8085887213788717,-1.1020370286713954,1598,1212,386,0.06439672372151634,0.1250393783471595,0.09471805103433792,0.03032132731282159,-0.1384228578056801,-0.32240098051476895,-8.428020150579598e-05,-0.6942292521024316
30,200,0.01,0,0.0,1.5,1,1,100,200,-0.7486336125320687,-0.24145859623078103,-0.7805260208059714,-1.2755226366292156,1442,1076,366,0.04260737162658826,0.09138401764149953,0.0669956946340439,0.024388323007455633,-0.2918737398209341,-0.26986842069429984,-0.0001568155736393732,-0.6954977384652276
20,96,0.0025,0,0.2,1.5,1,1,100,200,-0.7473441663822215,-0.24068143075471649,-0.7599316461223874,-1.4999944018161617,1376,1032,344,0.03452168434316917,0.07295495117084952,0.053738317757009345,0.019216633413840178,-0.20763505354050638,-0.36543896215733984,-0.00021677096646648697,-0.6956469739067184
48,200,0.01,0,0.0,1.5,1,1,100,200,-0.753997373865112,-0.24472603267944437,-0.7767273898097157,-1.260952095414399,1462,1089,373,0.042764885015226295,0.09295915152787987,0.06786201827155308,0.025097133256326787,-0.344129915912734,-0.2207611777051558,-0.00015582637312892435,-0.6961373323550221
12,96,0.0,0,-0.2,1.5,1,1,100,200,-0.7450637463346192,-0.2393147255327478,-0.8067411449130644,-1.0722413909749733,1818,1372,446,0.07101228604431377,0.14220833770870525,0.1066103118765095,0.035598025832195734,-0.08013274022556127,-0.3120151920222384,-5.7017203599730614e-05,-0.6962973675380286
48,96,0.005,0,0.2,2.5,1,1,100,200,-0.750448154721987,-0.24255766268772905,-0.7751923909851463,-1.3327140725523927,1537,1153,384,0.039142077076551506,0.0841909062270293,0.0616664916517904,0.022524414575238894,-0.12034895015131608,-0.3880877659647931,-0.0001599693093835469,-0.6967895618079217
12,120,0.005,0,0.0,1.5,1,1,100,200,-0.7425879486127476,-0.23784195298973276,-0.7910735449002171,-1.2759409958117207,1498,1130,368,0.04549511708495222,0.0941667541741048,0.06983093562952851,0.02433581854457629,-0.19093278902284438,-0.3270044533337231,-0.00013880708335900702,-0.6971757752304273
48,120,0.0025,0,-0.2,0.75,1,1,100,200,-0.7393069413064363,-0.23590754503063005,-0.79028774781676,-1.3396999385056332,1273,973,300,0.05255696734222409,0.09534810458889005,0.07395253596555708,0.021395568623332983,-0.3380294249920698,-0.2556308764077171,-0.00016749167320779165,-0.6980364158642918
20,60,0.01,0,0.0,2.5,1,1,100,200,-0.7549367330271507,-0.24530411281437692,-0.773922011668998,-1.3180268211343882,1348,1044,304,0.04384122650425286,0.08594980573348734,0.06489551611887011,0.021054289614617243,-0.22424989940448858,-0.3800679892676935,-0.00018956484373920427,-0.6981664597055953
30,120,0.0025,0,0.2,1.5,1,1,100,200,-0.7505173608643472,-0.2425997071653757,-0.7651003770575394,-1.464588614275011,1458,1079,379,0.036018061535230496,0.07802163183870629,0.05701984668696839,0.0210017851517379,-0.19364990153312522,-0.35850017814048996,-0.00019140641318823694,-0.698379326407896
30,200,0.005,0,0.2,2.5,1,1,100,200,-0.7546102743458202,-0.24510301002773216,-0.7779448378682449,-1.2899919702866811,1664,1245,419,0.04226609261787252,0.09099023416990444,0.06662816339388848,0.024362070776015963,-0.10040503933459499,-0.37305025013033366,-0.00013206391690513924,-0.6985750274761887
30,60,0.01,0,0.0,2.5,1,1,100,200,-0.7575888682451393,-0.24694585389804868,-0.7735563477407793,-1.303475204833283,1387,1066,321,0.044576288984563686,0.0894151002835241,0.0669956946340439,0.022419405649480206,-0.24909152836483395,-0.3540125224482772,-0.00017859111066255898,-0.6988977880101025
12,60,0.0,0,0.2,999.0,1,1,100,200,-0.7468670069016774,-0.24039464483297113,-0.784603795331922,-1.3306505964004927,1616,1230,386,0.04229234484931219,0.08718366061115194,0.06473800273023207,0.02244565788091988,-0.0832101283763762,-0.3804495942291487,-0.00013880686476630663,-0.6992290723189568
48,120,0.0025,0,0.0,0.75,1,1,100,200,-0.7413388909326503,-0.23710322450276056,-0.7668487519701688,-1.5813362926086683,1133,870,263,0.03685813294130001,0.06830830620602751,0.05258321957366376,0.01572508663236375,-0.3662047710353513,-0.28076382749514917,-0.00027307975010594493,-0.6995944151182784
30,60,0.005,0,0.2,2.5,1,1,100,200,-0.7517507479117774,-0.24335059013856541,-0.7696891668076195,-1.4316369039722177,1389,1065,324,0.036726871784101646,0.07489761629738528,0.05581224404074346,0.019085372256641815,-0.13771925151974895,-0.42332356376176405,-0.00021169203389108607,-0.6997770187409861
48,200,0.005,0,0.2,2.5,1,1,100,200,-0.7568810914559904,-0.24650632160917796,-0.7854160848416817,-1.2440555422480817,1711,1279,432,0.04302740732962302,0.09343169169379398,0.0682295495117085,0.02520214218208548,-0.13959347619823215,-0.3351144604437786,-0.00012215389729155503,-0.7014171411424228
20,60,0.005,0,0.0,1.5,1,1,100,200,-0.7387804180347701,-0.23559893441922053,-0.7983932562737002,-1.3403315176894526,1384,1060,324,0.043972487661451225,0.08508348209597816,0.0645279848787147,0.020555497217263467,-0.10416970499154488,-0.4173779401134572,-0.00017005071834111574,-0.7018121384405432
12,96,0.005,0,0.2,999.0,1,1,100,200,-0.7562374170741376,-0.24610748493045098,-0.7745361909452645,-1.3898981637430423,1508,1157,351,0.04050719311141447,0.08209072771185551,0.06129896041163499,0.020791767300220518,-0.15500248462380462,-0.3867302514766794,-0.00017756180728093033,-0.7028704885902353
48,60,0.01,0,0.0,2.5,1,1,100,200,-0.764511614281653,-0.25129994170392844,-0.773070879752048,-1.3043785956991412,1440,1106,334,0.0457051349364696,0.09364170954531136,0.06967342224089047,0.023968287304420875,-0.3040679914130414,-0.30469891543890937,-0.00017003438316979657,-0.7030543113649095
48,200,0.0025,0,-0.2,0.75,1,1,100,200,-0.7475763977312723,-0.2408211649175559,-0.7971999825618528,-1.3018062782679438,1386,1053,333,0.05589100073506248,0.10288249501207603,0.07938674787356925,0.023495747138506773,-0.3221352941475707,-0.25521952891077193,-0.0001465282657485507,-0.7045114701118794
12,60,0.0025,0,0.2,999.0,1,1,100,200,-0.7574015907263668,-0.24682945402567535,-0.775082242007108,-1.4106658916558978,1510,1158,352,0.04006090517694004,0.0815394308516224,0.06080016801428122,0.020739262837341173,-0.12771101764145332,-0.40816329503675053,-0.00018060365210078298,-0.7049038696120242
30,120,0.0,0,0.2,1.5,1,1,100,200,-0.7510756793023153,-0.24293924135387956,-0.7799458043971441,-1.4413429987036968,1548,1143,405,0.038485771290559696,0.08269452903496798,0.06059015016276383,0.022104378872204136,-0.13989005387719966,-0.3723155729782399,-0.0001661187416690835,-0.7049792934876364
12,200,0.0025,0,0.2,1.5,1,1,100,200,-0.7527763815973088,-0.24397726915938134,-0.7793527138050841,-1.451303359714722,1528,1132,396,0.03780321327312822,0.0815394308516224,0.059671322062375305,0.021868108789247085,-0.23335630170688837,-0.30756286556590884,-0.00017397919262045344,-0.7062187940476595
12,96,0.01,0,0.0,999.0,1,1,100,200,-0.7675009236853314,-0.2532117867396153,-0.7805569831487562,-1.2709179336774257,1499,1150,349,0.04890790717210963,0.09763204872414155,0.07326997794812559,0.024362070776015963,-0.23835304205039254,-0.35397007250891144,-0.00015659958313727574,-0.7070361749978646
30,96,0.005,0,-0.2,1.5,1,1,100,200,-0.7507014302753764,-0.24271157939747445,-0.8180714626646273,-1.1096666693792405,1656,1248,408,0.06668066785676782,0.13225874199306942,0.09946970492491862,0.03278903706815079,-0.22201728506450835,-0.2664400726944942,-8.257919216677498e-05,-0.7072306441987501
20,60,0.0025,0,0.2,1.5,1,1,100,200,-0.7497854236657191,-0.24215550840532185,-0.7723406504717336,-1.5860242464350969,1275,969,306,0.03271028037383177,0.06662816339388848,0.04966922188386013,0.01695894151002835,-0.17325912706073743,-0.4273685877829242,-0.0002638312471763236,-0.7076270459629435
12,200,0.01,0,0.2,999.0,1,1,100,200,-0.754467882669396,-0.24501536192584195,-0.7895932129534722,-1.3631788370358267,1450,1090,360,0.037278168644334767,0.08027932374251812,0.05877874619342644,0.02150057754909167,-0.2513817457035602,-0.32268586711921776,-0.00018786950415522377,-0.7079709102543694
20,96,0.005,0,0.2,2.5,1,1,100,200,-0.760157838522117,-0.2485498695556092,-0.7768099243938543,-1.4365990524878907,1452,1102,350,0.03740942980153313,0.07873044208757744,0.058069935944555284,0.020660506143022155,-0.1724212419094978,-0.40090893956448326,-0.0002010911452171225,-0.7087847843769309
30,96,0.005,0,0.2,2.5,1,1,100,200,-0.7596315277190455,-0.24822013575589597,-0.7810323740693568,-1.4052683133142907,1488,1129,359,0.038538275753439044,0.08106689068570828,0.059802583219573664,0.02126430746613462,-0.22984241814354567,-0.3431082489183478,-0.0001876090178328598,-0.7089997384562889
12,120,0.005,0,-0.2,1.5,1,1,100,200,-0.750759328368833,-0.24274678189607457,-0.8219757411538189,-1.1217175841123208,1646,1241,405,0.06523679512758584,0.1301848157093353,0.09771080541846057,0.032474010290874725,-0.18645665519916232,-0.30216626465882346,-8.544966150329944e-05,-0.7098205316786
20,96,0.005,0,0.0,1.5,1,1,100,200,-0.7524537819606281,-0.24377993166983647,-0.799651647047729,-1.3272236461246927,1476,1118,358,0.045836396093667964,0.09319542161083692,0.06951590885225244,0.02367951275858448,-0.20178127821502345,-0.3511805392846732,-0.00015480730199082386,-0.7099669374999356
20,96,0.01,0,0.0,999.0,1,1,100,200,-0.7752603806784317,-0.2582678269794547,-0.7777399316063565,-1.2844675289604641,1523,1163,360,0.04966922188386013,0.1004410374881865,0.0750551296860233,0.025385907802163182,-0.24258010649028672,-0.3644629296939573,-0.00015713264604580305,-0.7113611692306562
20,60,0.0,0,0.2,1.5,1,1,100,200,-0.7480305302519388,-0.2410947149660566,-0.7861159852170938,-1.545803053081047,1365,1031,334,0.034836711120445236,0.0711697994329518,0.05300325527669852,0.01816654415625328,-0.11645866921494541,-0.435581601461575,-0.00022676422356260152,-0.7114428602286559
20,120,0.01,0,0.0,2.5,1,1,100,200,-0.7730936443142018,-0.2568421117704962,-0.7814048678303609,-1.3078576249371665,1501,1140,361,0.04609891840806469,0.09792082326997795,0.07200987083902131,0.025910952430956632,-0.32718172886557984,-0.285555652825599,-0.00016300439069534832,-0.712937426932535
48,60,0.005,0,0.0,1.5,1,1,100,200,-0.7536531789800531,-0.24451465766005154,-0.8033726440232034,-1.3347585567531262,1464,1113,351,0.04612517063950436,0.09222408904756904,0.0691746298435367,0.023049459204032344,-0.18665206742715257,-0.37012603409966893,-0.00015962786731491644,-0.7129389075093095
12,96,0.01,0,-0.2,2.5,1,1,100,200,-0.7756523393860697,-0.25852690960081215,-0.7927335784379078,-1.1621547206191334,1552,1187,365,0.06431796702719732,0.12706080016801427,0.0956893835976058,0.031371416570408484,-0.30475215242576115,-0.2987406069729518,-0.00011665836048029281,-0.7130014348507226
48,96,0.005,0,-0.2,1.5,1,1,100,200,-0.755292606034439,-0.24552357946683812,-0.8269172364059264,-1.085833312065915,1704,1274,430,0.06791452273443242,0.13690538695789142,0.10240995484616193,0.0344954321117295,-0.16325976506279216,-0.31424675170552874,-7.704293487591634e-05,-0.7132738632730972
30,60,0.0,0,-0.2,1.5,1,1,100,200,-0.7594073023554705,-0.2480798339322402,-0.8174200849469799,-1.1316078294037415,1770,1334,436,0.0702247191011236,0.13900556547306522,0.1046151422870944,0.034390423185970805,-0.04884325617713903,-0.3869765520981667,-7.413311496342713e-05,-0.7133702678759173
30,96,0.01,0,-0.2,2.5,1,1,100,200,-0.7723052930425203,-0.25632607702540056,-0.8036305595107012,-1.1106517917413987,1606,1227,379,0.06694319017116455,0.13451643389688123,0.1007298120340229,0.03378662186285834,-0.3714071314745452,-0.1912595448630111,-0.00010033361303800277,-0.7136739463678211
48,96,0.01,0,0.0,2.5,1,1,100,200,-0.7722882580949232,-0.25631494216486583,-0.7891554905993082,-1.2627405399562663,1528,1157,371,0.04725401659141027,0.1004410374881865,0.07384752703979838,0.026593510448388112,-0.2956043756198069,-0.3058509429297219,-0.0001526238400889862,-0.7140297144623333
30,60,0.005,0,0.0,1.5,1,1,100,200,-0.7511816999938311,-0.2430037852804403,-0.8075584822266537,-1.3539273577452822,1422,1083,339,0.04499632468759845,0.08852252441457524,0.06675942455108684,0.021763099863488396,-0.15338636771974656,-0.40150895100787987,-0.00017075802596692766,-0.7144793942810312
20,60,0.0,0,-0.2,1.5,1,1,100,200,-0.7582945128419118,-0.24738508512290047,-0.8188248945009611,-1.1554308833512377,1739,1315,424,0.06925338653785572,0.13467394728551926,0.1019636669116875,0.03271028037383177,-0.020141958109684555,-0.41137753005324107,-7.976126244332239e-05,-0.7145690765409429
48,200,0.0025,0,0.0,0.75,1,1,100,200,-0.7554914945205401,-0.24564634509488592,-0.7829065080725359,-1.54988370852892,1229,941,288,0.03958836501102594,0.07408379712275544,0.056836081066890684,0.01724771605586475,-0.38388023775705105,-0.2662138136746186,-0.000251499836419802,-0.7145937845575999
48,60,0.0,0,0.2,1.5,1,1,100,200,-0.7572995354217598,-0.24676605314887023,-0.7836292079213201,-1.5213231213770138,1450,1091,359,0.03675312401554132,0.0764990024152053,0.05662606321537331,0.019872939199831987,-0.15622370234989524,-0.4060012546983721,-0.00020696416365196602,-0.714646813178381
12,200,0.0,0,0.2,1.5,1,1,100,200,-0.7543649560951209,-0.2449520315766467,-0.7972087939421192,-1.4306307240321494,1638,1212,426,0.040953481045888904,0.08736742623122966,0.06416045363855928,0.023206972592670377,-0.18086577398009596,-0.319682902246631,-0.0001468346201306601,-0.7150879647493137
12,120,0.0025,0,0.2,2.5,1,1,100,200,-0.7687140839884983,-0.2539932884923203,-0.780179142116094,-1.4229017701101896,1587,1183,404,0.03880079806783577,0.08605481465924604,0.0624278063635409,0.023627008295705135,-0.1723579877418724,-0.38197575480328605,-0.00017248585582175602,-0.7152279480558767
20,60,0.005,0,-0.2,1.5,1,1,100,200,-0.7516616105901712,-0.2432962236443289,-0.825045610323663,-1.1900676342781455,1529,1162,367,0.06303160768665336,0.11837131156148273,0.09070145962406805,0.02766985193741468,-0.07709700445855039,-0.4219186370011073,-0.00011054256214934506,-0.7153224105200676
48,120,0.0025,0,0.2,2.5,1,1,100,200,-0.7706605322505194,-0.255254042711085,-0.7851017223289094,-1.3507068828225568,1706,1261,445,0.042187335923553504,0.09390423185970807,0.0680457838916308,0.025858447968077288,-0.15571766987001445,-0.3624166938068163,-0.00014071719316490565,-0.7153402480166675
20,120,0.005,0,0.0,1.5,1,1,100,200,-0.7567855383009667,-0.246447061150458,-0.8070185158674646,-1.315098206788629,1533,1153,380,0.0466502152682978,0.09679197731807204,0.07172109629318492,0.025070881024887116,-0.23737621076339888,-0.31348660393703787,-0.00014494848996487718,-0.7157112294236219
48,200,0.0025,0,0.2,2.5,1,1,100,200,-0.7715299140219724,-0.2558199257256787,-0.7936286436908229,-1.2620834606284836,1858,1372,486,0.04565263047359026,0.10204242360600652,0.07384752703979838,0.028194896566208126,-0.11103327402463048,-0.34911492715136994,-0.00010711913903828254,-0.7157384206025144
12,60,0.0,0,0.0,999.0,1,1,100,200,-0.7558626790620508,-0.2458756757428212,-0.8240850875289314,-1.1638686137572631,1876,1431,445,0.05964506983093563,0.11929013966187126,0.08946760474640345,0.029822534915467814,-0.03362235399132085,-0.35440910145997573,-7.35698806283481e-05,-0.7161116501951501
30,96,0.0,0,-0.2,1.5,1,1,100,200,-0.7668862202823465,-0.25281704734763455,-0.815327352360852,-1.114324154893317,1876,1406,470,0.0728761944765305,0.14979523259477057,0.11133571353565053,0.038459519059120026,-0.17200175116410898,-0.28053672900332915,-6.332357724679621e-05,-0.7161969312727263
12,96,0.0,0,0.2,999.0,1,1,100,200,-0.7642315454229366,-0.2511218170305728,-0.7957184795288681,-1.3502456287041884,1726,1301,425,0.044602541216003364,0.09411424971122545,0.06935839546361441,0.024755854247611047,-0.13232433036564994,-0.35580381982217524,-0.00013099023895331828,-0.7164933382302162
20,200,0.005,0,-0.2,1.5,1,1,100,200,-0.757089495934879,-0.2466356352139556,-0.8330966997308907,-1.0691185753439585,1815,1358,457,0.07200987083902131,0.14504357870418985,0.10852672477160559,0.03651685393258427,-0.13435483742135212,-0.30445185851382073,-6.304484230535619e-05,-0.716639913846599
48,96,0.0,0,-0.2,1.5,1,1,100,200,-0.7662794411452608,-0.2524282123239795,-0.8214888622286876,-1.0708859711997731,1931,1438,493,0.07510763414890266,0.15528194896566208,0.11519479155728236,0.04008715740837971,-0.06958407052488136,-0.3401640647781705,-5.434433357854623e-05,-0.7167169419983119
48,60,0.0025,0,0.2,1.5,1,1,100,200,-0.763262658223852,-0.2505069043381525,-0.7752113073804298,-1.5773648722660039,1365,1032,333,0.03467919773180721,0.07221988869053869,0.05344954321117295,0.018770345479365746,-0.22819753195142167,-0.392927284967424,-0.00024469013292892366,-0.7169808016416674
12,96,0.01,0,-0.2,999.0,1,1,100,200,-0.787707459644333,-0.26667794622676744,-0.7888443075434858,-1.120661055592495,1615,1242,373,0.07035598025832196,0.13619657670902027,0.10327627848367112,0.03292029822534916,-0.33533413980379323,-0.28367211390950475,-0.00010948777459722279,-0.7171331527781352
20,60,0.005,0,0.2,2.5,1,1,100,200,-0.7616128491039929,-0.24946445522616412,-0.7848834965197992,-1.5080783126036608,1352,1043,309,0.03586054814659246,0.07198361860758165,0.05392208337708705,0.018061535230494592,-0.11536248819705253,-0.4701243258742194,-0.000243052104912772,-0.7173101191162466
12,120,0.0,0,0.2,2.5,1,1,100,200,-0.7663872093842001,-0.2524972131406923,-0.7915333147930407,-1.3881459820268405,1693,1257,436,0.0412422555917253,0.09138401764149953,0.06631313661661241,0.025070881024887116,-0.1275616619867146,-0.3755695217317978,-0.00014341688728580093,-0.7176711696385546
12,60,0.0025,0,0.0,999.0,1,1,100,200,-0.7630412004486249,-0.25036663694004957,-0.8128886067356689,-1.2236841140201846,1751,1338,413,0.056599810983933636,0.11172949700724562,0.08416465399558963,0.02756484301165599,-0.06732698029033779,-0.3900933984667503,-0.00010164700915112766,-0.7179951460088932
48,96,0.005,0,0.0,1.5,1,1,100,200,-0.7578564607905312,-0.24711229739303886,-0.8146782944544635,-1.2722930828500374,1556,1163,393,0.047542791137246666,0.0991021736847632,0.07332248241100493,0.02577969127375827,-0.18446191704031445,-0.3534617174691963,-0.00013777524803996118,-0.7180660987627725
12,96,0.0025,0,-0.2,1.5,1,1,100,200,-0.7696485100016193,-0.25459747174458647,-0.8114192485231678,-1.1843015217819206,1714,1291,423,0.06731072141131997,0.13430641604536386,0.10080856872834192,0.03349784731702195,-0.17207210972546982,-0.34433505844003454,-9.125825863977525e-05,-0.7195221720952664
12,96,0.0,0,0.0,1.5,1,1,100,200,-0.7523909355189374,-0.24374151180250714,-0.8233719026492352,-1.2854561367413144,1666,1255,411,0.049984248661136196,0.10311876509503308,0.07655150687808464,0.02656725821694844,-0.14698320139315024,-0.3321687598712487,-0.00011412708524483478,-0.7197002699641905
20,200,0.005,0,0.2,2.5,1,1,100,200,-0.7673197522273099,-0.25309535857359544,-0.7964863559998655,-1.3787570734870145,1628,1219,409,0.041426021211803006,0.08904756904336869,0.06523679512758584,0.023810773915782842,-0.11790691831803801,-0.40454462704688643,-0.00015741464893649892,-0.7202763902478789
30,96,0.01,0,0.0,999.0,1,1,100,200,-0.7810043827607247,-0.2621013201464909,-0.7875909488580037,-1.28781571874607,1559,1191,368,0.050771815604326365,0.10306626063215374,0.07691903811824005,0.026147222513913684,-0.318322705240595,-0.29939407696929365,-0.00015422879587724067,-0.7202875805127963
48,96,0.0,0,0.2,2.5,1,1,100,200,-0.7695857871182226,-0.2545568549246533,-0.7970421894937025,-1.3503324201664533,1751,1295,456,0.04368371311561483,0.0958731492176835,0.06977843116664917,0.02609471805103434,-0.05380779639929101,-0.4154121212066654,-0.00013055667996268348,-0.7205945706798272
48,96,0.01,0,-0.2,2.5,1,1,100,200,-0.7778779164005714,-0.26000490721002767,-0.8119304957532674,-1.0939992744960447,1652,1256,396,0.0684133151317862,0.13945185340753963,0.10393258426966293,0.035519269137876716,-0.3264673178660781,-0.24655766606271345,-9.541801213713941e-05,-0.7206701188114636
20,120,0.005,0,-0.2,1.5,1,1,100,200,-0.761607944464697,-0.24946136479355652,-0.8287923886482534,-1.1444312957255491,1678,1262,416,0.06673317231964716,0.1337813714165704,0.10025727186810879,0.03352409954846162,-0.24156482862144635,-0.2724924450260515,-8.805114611225069e-05,-0.7210791239039607
20,120,0.005,0,0.2,2.5,1,1,100,200,-0.7702410950759382,-0.25498164327474493,-0.7874655158560633,-1.4497781482268488,1513,1140,373,0.03814449228184396,0.08209072771185551,0.06011760999684973,0.021973117715005777,-0.22626747498747468,-0.36714030432291456,-0.00019557522506536635,-0.721203308614119
12,120,0.0,0,-0.2,1.5,1,1,100,200,-0.769611314577897,-0.2545733844148439,-0.8200740623629245,-1.1329603731418758,1881,1413,468,0.07208862753334033,0.1483251076341489,0.11020686758374462,0.03811824005040428,-0.15158861359097164,-0.3043180009887618,-6.59285788422716e-05,-0.7212584342534
20,200,0.0,0,-0.2,1.5,1,1,100,200,-0.7685344498509479,-0.25387736407577044,-0.8306910617943039,-1.0560288363382835,2082,1551,531,0.08064685498267353,0.16664916517904022,0.12364801008085688,0.04300115509818334,-0.0663778319261058,-0.2976900425885418,-3.936765743358042e-05,-0.7220243367898366
30,60,0.005,0,-0.2,1.5,1,1,100,200,-0.7653800048152583,-0.2518533201660972,-0.8207831227156019,-1.2120512086635893,1565,1188,377,0.064422975952956,0.12275543421190802,0.093589205082432,0.029166229129476005,-0.16896655382131875,-0.38245737737490426,-0.00011368156335167984,-0.7228474419570776
30,60,0.0,0,0.2,2.5,1,1,100,200,-0.766216493780368,-0.2523879207601881,-0.7985847995038425,-1.4248230783015292,1585,1190,395,0.040323427491336765,0.0854247611046939,0.06287409429801533,0.022550666806678568,-0.09516914729306558,-0.4291645743032252,-0.00017128354098363248,-0.7229214744271858
48,120,0.0,0,0.2,2.5,1,1,100,200,-0.7717755363305305,-0.25598011397863507,-0.8004065583205489,-1.3351357589142208,1809,1335,474,0.045101333613357136,0.09918093037908222,0.07214113199621967,0.027039798382862544,-0.1045341959055961,-0.3701592060480069,-0.00012008994361930883,-0.7229401810846205
48,96,0.0025,0,0.2,2.5,1,1,100,200,-0.7755086316835579,-0.25843187756735564,-0.7893738728658058,-1.3976113827839969,1651,1225,426,0.04113724666596661,0.09085897301270608,0.06599810983933635,0.024860863173369736,-0.12828476246086318,-0.41193577234284473,-0.000160591712172105,-0.7229993831394584
30,60,0.0025,0,0.2,2.5,1,1,100,200,-0.7709287122135835,-0.2554284185199567,-0.7889154821505493,-1.4718325396422292,1488,1124,364,0.03809198781896461,0.08051559382547517,0.05930379082221989,0.021211803003255276,-0.14567622329858942,-0.4356558023192709,-0.00020518137276854392,-0.7234777865773427
30,200,0.0025,0,0.2,2.5,1,1,100,200,-0.7752373977274737,-0.2582526465918382,-0.7974857621124751,-1.3358677597756827,1799,1327,472,0.04423500997584795,0.09873464244460779,0.07148482621022786,0.02724981623437992,-0.09789461437835156,-0.38735011394250374,-0.0001254368020342555,-0.7237889156368599
30,96,0.01,0,-0.2,999.0,1,1,100,200,-0.7896992189719417,-0.2680601113913498,-0.8032627376208022,-1.093812069599031,1668,1281,387,0.07295495117084952,0.1437834715950856,0.10836921138296755,0.03541426021211803,-0.4065469760882119,-0.18389372527496217,-9.898793870367009e-05,-0.7243820836817024
48,60,0.005,0,-0.2,1.5,1,1,100,200,-0.7698448658261356,-0.254724681109719,-0.8216115977955458,-1.2031641570653422,1606,1218,388,0.06597185760789667,0.12803213273128217,0.09700199516958942,0.031030137561692744,-0.19197314112910724,-0.3640535416963607,-0.00010770801143087231,-0.725688687860759
20,96,0.0,0,-0.2,1.5,1,1,100,200,-0.7748128155195716,-0.2579724303867369,-0.8196283012870267,-1.161473806979227,1839,1381,458,0.07169484406174524,0.14588365011025936,0.10878924708600231,0.03709440302425706,-0.17644884570328723,-0.31405904529501927,-7.525945385665533e-05,-0.7258602713792116
30,96,0.0,0,0.0,1.5,1,1,100,200,-0.7644196045461376,-0.2512414045423653,-0.8220775460810071,-1.293797811466068,1726,1292,434,0.05166439147327523,0.10852672477160559,0.0800955581224404,0.02843116664916518,-0.18879531999534627,-0.3115085250445565,-0.00011169901246086588,-0.7269700681561723
20,96,0.0,0,0.2,2.5,1,1,100,200,-0.7731703119992431,-0.2568923729679403,-0.7975862835275405,-1.4263520991993774,1655,1234,421,0.04126850782316497,0.08973012706080016,0.06549931744198256,0.0242308096188176,-0.14886957912191545,-0.3902211729150048,-0.00016053466668440478,-0.7270031196916794
48,200,0.0,0,0.2,2.5,1,1,100,200,-0.7762122727335596,-0.25889765132634646,-0.8102085378376555,-1.2614213172823174,1985,1465,520,0.049537960726661764,0.10897301270608002,0.0792554867163709,0.029717525989709125,-0.08224495505258533,-0.34195657558481707,-8.915853071251613e-05,-0.7270729861092899
20,96,0.01,0,-0.2,2.5,1,1,100,200,-0.7844788970902543,-0.2644593869437577,-0.80840448656209,-1.1759247851990338,1579,1204,375,0.06526304735902552,0.1309461304210858,0.09810458889005566,0.03284154153103014,-0.33815396565792677,-0.2827111651277804,-0.00011763332149910138,-0.7274578694847544
12,96,0.0025,0,0.2,999.0,1,1,100,200,-0.7774289412152721,-0.25970579371787683,-0.7915211913971402,-1.4419325872361641,1621,1230,391,0.04234484931219153,0.08849627218313556,0.06542056074766354,0.023075711435472015,-0.1837134118791991,-0.38664806930694484,-0.00017327257639733294,-0.7275630187782551
20,96,0.005,0,-0.2,1.5,1,1,100,200,-0.7692454719227585,-0.2543366345094882,-0.8266924750151085,-1.1980959868547072,1626,1227,399,0.06544681297910322,0.12887220413735168,0.09715950855822746,0.03171269557912423,-0.22320851592625146,-0.3300914978098164,-0.00010433189763776368,-0.7275876713597779
12,120,0.01,0,0.0,999.0,1,1,100,200,-0.7874138232410834,-0.2664750578551043,-0.7909071318154807,-1.3256577884951095,1550,1178,372,0.049406699569463405,0.10175364906017012,0.07558017431481676,0.026173474745353354,-0.28886442332374296,-0.35099952972785564,-0.00016548786631995755,-0.7282115131876
48,60,0.0,0,-0.2,1.5,1,1,100,200,-0.7765780444497077,-0.25914023606276904,-0.8225655992630072,-1.1719420110991416,1814,1369,445,0.07198361860758165,0.14475480415835346,0.10836921138296755,0.03638559277538591,-0.1285724981325811,-0.3648179874508045,-7.968013522507278e-05,-0.7290201362492297
12,120,0.005,0,0.2,999.0,1,1,100,200,-0.7758793073116208,-0.25867709976110564,-0.7963686394860618,-1.446678324029717,1570,1189,381,0.040979733277328574,0.08555602226189227,0.06326787776961042,0.022288144492281843,-0.1843578387905378,-0.3974560691589889,-0.0001854033118669595,-0.7291953357056224
20,60,0.0025,0,-0.2,1.5,1,1,100,200,-0.7732834142463679,-0.2569665444632825,-0.8217812158184572,-1.2380777140959027,1636,1235,401,0.0656568308306206,0.1269295390108159,0.09629318492071826,0.03063635409009766,-0.08257590970586237,-0.4399137876173673,-0.00010947376462430982,-0.7297610380773062
48,60,0.005,0,0.2,2.5,1,1,100,200,-0.7774559168524016,-0.2597237516273334,-0.7886882013388823,-1.5155583112972606,1446,1106,340,0.037776961041688546,0.07825790192166335,0.05801743148167594,0.020240470439987397,-0.2378383850978698,-0.39821353595396713,-0.0002283459528048702,-0.7298457678616376
30,120,0.005,0,0.2,2.5,1,1,100,200,-0.776554146876178,-0.2591243771742816,-0.7954888060875545,-1.4622898963573885,1531,1150,381,0.039010815919353146,0.08384962721831356,0.06143022156883335,0.022419405649480206,-0.22077407254628156,-0.383341856245787,-0.0001967237678054561,-0.7299832750359283
30,200,0.0,0,0.2,2.5,1,1,100,200,-0.7755400171426179,-0.2584526282090216,-0.812427823433581,-1.315733428592009,1922,1418,504,0.04788407014596241,0.1053764569988449,0.07663026357240366,0.028746193426441247,-0.054203125883564574,-0.3794133594456227,-0.00010171128612712159,-0.7304532113554125
30,60,0.01,0,0.0,999.0,1,1,100,200,-0.7849949182012768,-0.26481218642762616,-0.7959675587363824,-1.3546624933647526,1471,1131,340,0.04909167279218733,0.09571563582904546,0.0724036543106164,0.023311981518429066,-0.2583063631768193,-0.3950386268913837,-0.00018542001996881265,-0.730529090464055
20,96,0.01,0,-0.2,999.0,1,1,100,200,-0.7958550793427162,-0.2723991683776592,-0.8033490691800667,-1.1342883463118874,1641,1258,383,0.07130106059015016,0.14008190696209177,0.10569148377612098,0.034390423185970805,-0.36694844792221915,-0.26729823527581664,-0.0001105043323694326,-0.7307881202832869
12,60,0.005,0,-0.2,2.5,1,1,100,200,-0.7733807009536913,-0.2570303679433391,-0.8313961865560878,-1.1650344973052447,1670,1276,394,0.06983093562952851,0.133413840176415,0.10162238790297175,0.031791452273443245,-0.10395829041005067,-0.41696416635694056,-9.806041942352095e-05,-0.7309801860866453
20,200,0.0025,0,-0.2,1.5,1,1,100,200,-0.7784874021804313,-0.26041172987903305,-0.83087533806167,-1.1127312860999423,1957,1450,507,0.07518639084322168,0.15672582169484406,0.11595610626903287,0.0407697154258112,-0.11560001181883794,-0.3334800892043427,-6.053748187655306e-05,-0.7314859632148651
30,60,0.01,0,-0.2,2.5,1,1,100,200,-0.7905670423906985,-0.26866560724755095,-0.8028395532258454,-1.2289641578065025,1523,1167,356,0.06426546256431796,0.12469809933844377,0.09448178095138086,0.0302163183870629,-0.32611995407783023,-0.33432785634609996,-0.00013671012932661792,-0.7315335917507988
48,120,0.005,0,0.2,999.0,1,1,100,200,-0.7812326916734145,-0.2622553456657636,-0.7996147734549128,-1.3898313686299646,1675,1262,413,0.04415625328152893,0.09303790822219889,0.06859708075186391,0.024440827470334978,-0.21602446835385425,-0.35509981075955577,-0.0001594005154104842,-0.7315543008247183
30,60,0.01,0,-0.2,999.0,1,1,100,200,-0.7978099950690847,-0.2737990124673859,-0.7988927428752501,-1.1670093666121546,1584,1219,365,0.07025097133256326,0.13372886695369107,0.10198991914312716,0.0317389478105639,-0.35222821372885826,-0.31073709971896346,-0.0001244305786551942,-0.7315958522356187
20,200,0.01,0,0.0,2.5,1,1,100,200,-0.7855771662355416,-0.2652110788907015,-0.802955128721534,-1.2991181956100522,1597,1207,390,0.04867163708915258,0.10479890790717211,0.07673527249816234,0.028063635409009767,-0.306074479822217,-0.3132019706329745,-0.00015184811237366292,-0.7316445530319711
20,120,0.0,0,-0.2,1.5,1,1,100,200,-0.7792135709447761,-0.26089760721453714,-0.8275428235662519,-1.154297055384535,1909,1427,482,0.07337498687388427,0.15207917673002205,0.11272708180195316,0.03935209492806888,-0.2149727540727706,-0.2693230683532556,-6.865169721442852e-05,-0.7323838717668898
20,60,0.01,0,0.0,999.0,1,1,100,200,-0.7842980324733464,-0.26433589116427947,-0.7987253334069808,-1.3756141742657197,1431,1109,322,0.048225349154678146,0.09211908012181036,0.07017221463824425,0.021946865483566103,-0.23350556425328672,-0.42434734482777126,-0.0001984867514880411,-0.7324792665810559
30,60,0.0025,0,-0.2,1.5,1,1,100,200,-0.779047473676497,-0.2607863594090549,-0.8205812033401995,-1.230329914159794,1670,1256,414,0.06665441562532816,0.13144492281843956,0.09904966922188387,0.032395253596555706,-0.12716203962386496,-0.4164313844893537,-0.0001062927943387484,-0.7325934567871444
20,200,0.005,0,0.0,1.5,1,1,100,200,-0.7697291571669268,-0.2546497086109156,-0.8266705649511091,-1.295188914470056,1657,1244,413,0.050640554447128006,0.10498267352724981,0.07781161398718892,0.027171059540060907,-0.20589929900118964,-0.33584976192266125,-0.00012896581713350703,-0.7327444368099729
12,96,0.0025,0,0.0,1.5,1,1,100,200,-0.768359873492042,-0.25376477255618957,-0.8203325972946204,-1.3793673572349399,1564,1178,386,0.04717525989709125,0.09715950855822746,0.07216738422765935,0.024992124330568098,-0.22025374025920919,-0.35052309722167185,-0.00015394089607403722,-0.7328994390652468
20,96,0.0025,0,0.2,2.5,1,1,100,200,-0.7813676193495205,-0.2623464332522931,-0.792205429951908,-1.4892305528575873,1556,1166,390,0.038984563687913476,0.08471595085582274,0.06185025727186811,0.022865693583954638,-0.2057222399012537,-0.4006124930089795,-0.0001977269684682224,-0.7329106758711265
30,96,0.0,0,0.2,2.5,1,1,100,200,-0.7789912230603414,-0.26074869931268074,-0.8029676448873942,-1.4265521537417372,1695,1264,431,0.0424761104693899,0.09225034127900872,0.06736322587419931,0.02488711540480941,-0.20049349576227427,-0.3547260389704321,-0.0001568611548195474,-0.7335601294434647
12,96,0.005,0,0.0,2.5,1,1,100,200,-0.7759668721362787,-0.2587350760442677,-0.8202134665429923,-1.295989678532452,1632,1248,384,0.05190066155623228,0.10482516013861178,0.07836291084742203,0.02646224929118975,-0.21249758597853152,-0.35652263984870347,-0.00013808472845288624,-0.7336412932423865
48,120,0.005,0,0.0,1.5,1,1,100,200,-0.7715740829420138,-0.2558487213440698,-0.8264770392861918,-1.3045486608183063,1604,1200,404,0.04880289824635094,0.10204242360600652,0.07542266092617872,0.026619762679827786,-0.240440962105528,-0.3292276981863427,-0.0001416276889515282,-0.7343146740280809
12,120,0.0025,0,-0.2,1.5,1,1,100,200,-0.782391328369513,-0.26303899203436987,-0.8228520700693347,-1.2051432746585369,1770,1325,445,0.06809828835451014,0.14013441142497113,0.10411634988974063,0.036018061535230496,-0.20455701933482728,-0.3369994628707411,-9.175996467633386e-05,-0.7347221908019641
30,60,0.005,0,0.2,999.0,1,1,100,200,-0.7811410484085094,-0.2621935043373913,-0.7942776240244386,-1.511376363178765,1479,1138,341,0.04063845426861283,0.08069935944555287,0.06066890685708285,0.02003045258847002,-0.19127743870929947,-0.4329702546080997,-0.00022066411464408204,-0.7349011345085488
48,120,0.01,0,0.0,2.5,1,1,100,200,-0.7886228284897168,-0.2673118651305465,-0.8043187229149782,-1.3111927893444792,1566,1187,379,0.048225349154678146,0.10293499947495537,0.07558017431481676,0.027354825160138613,-0.3623736163054535,-0.27451335194899784,-0.0001621410004606234,-0.7350308660552596
20,200,0.0025,0,0.2,2.5,1,1,100,200,-0.7832047856727332,-0.2635911720421149,-0.8023526665048348,-1.4072811125225795,1758,1299,459,0.043421190801218104,0.09655570723511499,0.06998844901816655,0.02656725821694844,-0.126450473598111,-0.4021358999524052,-0.00014509413287743208,-0.7351315609206613
20,60,0.0,0,0.0,1.5,1,1,100,200,-0.7640664409092024,-0.25101688932234667,-0.830615681385022,-1.3801296755943682,1592,1206,386,0.04877664601491127,0.09729076971542581,0.07303370786516854,0.02425706185025727,-0.10753868010437817,-0.4138818398155645,-0.00014573135072629305,-0.735331213794576
48,60,0.01,0,-0.2,2.5,1,1,100,200,-0.7948985111546649,-0.2717181080807739,-0.8066133292758892,-1.2194188598048161,1568,1204,364,0.06610311876509503,0.1307361125695684,0.09841961566733172,0.03231649690223669,-0.3645555039545584,-0.29292869203882366,-0.00012892557703830253,-0.7359957157089594
48,120,0.005,0,-0.2,1.5,1,1,100,200,-0.777748047910584,-0.25991833734885617,-0.8389820198965209,-1.1478098478943222,1752,1310,442,0.06985718786096819,0.14105323952535967,0.10545521369316392,0.035598025832195734,-0.24170967931716558,-0.2960413007917907,-8.735277083967467e-05,-0.7367998396918327
20,96,0.0,0,0.0,1.5,1,1,100,200,-0.7721538162854149,-0.2562270879072178,-0.8280942008318017,-1.348278736221514,1688,1266,422,0.050666806678567676,0.105848997164759,0.07825790192166335,0.027591095243095665,-0.18967111510985335,-0.34594141836478975,-0.00012833596361951484,-0.7376881251341944
30,96,0.0025,0,0.2,2.5,1,1,100,200,-0.7857800686098471,-0.2653502889029157,-0.7965922150305305,-1.4815144168030765,1598,1197,401,0.040218418565578076,0.08736742623122966,0.06379292239840387,0.02357450383282579,-0.25837173295840765,-0.35766487449857776,-0.0001904640348997752,-0.7377221172583347
30,96,0.0025,0,0.0,1.5,1,1,100,200,-0.7777340116726106,-0.25990898326693446,-0.8190560760725855,-1.3755522788859176,1627,1216,411,0.048855402709230285,0.10282999054919668,0.07584269662921349,0.0269872939199832,-0.2553224390342619,-0.3265712420142616,-0.0001463149043595887,-0.7382146352475232
12,60,0.005,0,-0.2,999.0,1,1,100,200,-0.7885731067185338,-0.26727737505302684,-0.8289762889911281,-1.1308997499341626,1743,1339,404,0.07670902026672267,0.14380972382652527,0.11025937204662396,0.03355035177990129,-0.16829167623487018,-0.39218491441006087,-9.31195634528388e-05,-0.738310507045299
48,96,0.0025,0,-0.2,1.5,1,1,100,200,-0.7876599081903704,-0.26664507527586323,-0.8287692238601113,-1.1709670773563052,1827,1355,472,0.07101228604431377,0.14740627953376037,0.10920928278903706,0.0381969967447233,-0.1654246226590247,-0.3655554696498855,-8.441110924944089e-05,-0.7395780410737343
20,60,0.0025,0,0.2,2.5,1,1,100,200,-0.7823207778800956,-0.26299117976084796,-0.7974563424876406,-1.5593238164397236,1449,1105,344,0.03746193426441247,0.07752283944135252,0.05749238685288249,0.02003045258847002,-0.14890370617790294,-0.47208583223216305,-0.00023821913704909266,-0.7396855418266545
12,120,0.01,0,-0.2,2.5,1,1,100,200,-0.79288700428083,-0.2702941972403661,-0.8188035077671166,-1.2018449945917922,1601,1218,383,0.06510553397038749,0.13241625538170745,0.09876089467604747,0.033655360705659984,-0.3708949523639089,-0.26679763763065956,-0.00012169291611268453,-0.739788200853514
30,60,0.0,0,0.0,1.5,1,1,100,200,-0.7690977323957496,-0.25424111205784383,-0.8351138394013468,-1.3651195298563776,1625,1223,402,0.049485456263782424,0.1006248031082642,0.0750551296860233,0.02556967342224089,-0.11897570814913638,-0.40926483113489565,-0.00014088280562005718,-0.7400540082513362
20,60,0.0025,0,0.0,1.5,1,1,100,200,-0.7719388112130321,-0.2560866737741335,-0.8234816943862229,-1.444947648467465,1491,1130,361,0.04604641394518534,0.09146277433581855,0.06875459414050195,0.0227081801953166,-0.1553013500791729,-0.43088885753597095,-0.00018033900262758517,-0.7400749033906182
12,120,0.0,0,0.0,1.5,1,1,100,200,-0.7747649478250613,-0.2579408651304631,-0.8299468442795683,-1.3480686232608754,1728,1293,435,0.05079806783576604,0.10771290559697574,0.0792554867163709,0.02845741888060485,-0.20384057084139862,-0.32863266548154313,-0.00012362987899692103,-0.7403177184332911
12,60,0.0,0,-0.2,999.0,1,1,100,200,-0.7920760580101411,-0.26972326985217165,-0.833118491938672,-1.0822890082857102,1991,1519,472,0.08424341068990865,0.1645752388953061,0.12440932479260737,0.04016591410269873,-0.17900744935675628,-0.31449036770186845,-6.171037416242945e-05,-0.7403969662357932
20,60,0.01,0,-0.2,2.5,1,1,100,200,-0.7944415993725809,-0.2713936909155755,-0.8116507686880297,-1.269091060877981,1483,1139,344,0.06334663446392944,0.12015646329938044,0.09175154888165495,0.028404914417725507,-0.2775831291234364,-0.4026109706790697,-0.00015134859055360224,-0.7406736283034894
48,60,0.01,0,0.0,999.0,1,1,100,200,-0.7954631445628082,-0.2721198094450412,-0.7997671997483871,-1.3750373016763744,1524,1172,352,0.05024677097553292,0.10002100178515173,0.07513388638034232,0.02488711540480941,-0.3191136747022575,-0.35625759430763915,-0.00018245651998888445,-0.7407552744030534
30,96,0.0025,0,-0.2,1.5,1,1,100,200,-0.7887866566491666,-0.26742555234963394,-0.8256155593530174,-1.2203960937900726,1775,1326,449,0.06922713430641604,0.14220833770870525,0.10571773600756064,0.0364906017011446,-0.25587440689615804,-0.310383167570484,-9.505744959091874e-05,-0.7412531367156463
48,60,0.0,0,0.0,1.5,1,1,100,200,-0.7744592602241436,-0.25773941288334856,-0.8310436014349584,-1.361241194970019,1669,1258,411,0.050771815604326365,0.10458889005565473,0.07768035282999054,0.02690853722566418,-0.15764639464921915,-0.38306424392073934,-0.00013492514423144622,-0.7413232733493288
20,120,0.01,0,-0.2,2.5,1,1,100,200,-0.7948562615215836,-0.27168808569365843,-0.8202788502612166,-1.1921869990722578,1629,1241,388,0.06686443347684554,0.13611782001470124,0.10149112674577339,0.03462669326892786,-0.3915140685875933,-0.2385716505458606,-0.00011677668414970878,-0.7414368607778796
20,60,0.0,0,0.2,2.5,1,1,100,200,-0.7802322396704847,-0.26158135417690276,-0.8092242478045459,-1.5209504654618662,1549,1173,376,0.039667121705344956,0.08256326787776962,0.06111519479155728,0.021448073086212327,-0.10734794245481283,-0.46577160649301486,-0.00020375246471260517,-0.742241001352269
20,60,0.01,0,-0.2,999.0,1,1,100,200,-0.803499087570171,-0.27793529836393804,-0.8078053419011265,-1.2106474769600344,1543,1191,352,0.0691746298435367,0.1290297175259897,0.0991021736847632,0.029927543841226503,-0.3068748338580498,-0.38666903825905097,-0.00013988194791568652,-0.742370343162503
48,60,0.01,0,-0.2,999.0,1,1,100,200,-0.8064635754809151,-0.28012873382270875,-0.8069149776223434,-1.1784526289980661,1629,1258,371,0.07221988869053869,0.13989814134201406,0.10605901501627639,0.03383912632573769,-0.40007837093207965,-0.27139942148635954,-0.00012184520738366864,-0.7425088540837838
20,60,0.005,0,0.0,2.5,1,1,100,200,-0.7818761271181407,-0.262690123540967,-0.8254482657838905,-1.3621191884061479,1559,1202,357,0.05113934684448178,0.09907592145332353,0.07510763414890266,0.023968287304420875,-0.15549928727767626,-0.4367251122000908,-0.00016455989911781522,-0.7435202158532196
12,120,0.01,0,-0.2,999.0,1,1,100,200,-0.8041745212318622,-0.2784327140098045,-0.8143386603163578,-1.1606977361805229,1665,1273,392,0.07111729497007245,0.1415782841541531,0.10634778956211279,0.03523049459204032,-0.39856750495560744,-0.25127405646089707,-0.00011450472855624044,-0.7436369309770096
48,96,0.005,0,0.2,999.0,1,1,100,200,-0.7885635599983539,-0.2672707536033895,-0.8090065322061075,-1.4510333464835155,1629,1228,401,0.04297490286674367,0.09022891945815395,0.0666019111624488,0.023627008295705135,-0.19247131596189926,-0.40865191010165325,-0.00018206543603973085,-0.744325687030619
20,200,0.0,0,0.2,2.5,1,1,100,200,-0.7865720694494495,-0.2658946869198865,-0.8180780202359261,-1.3988067378589157,1880,1387,493,0.04686023311981519,0.10304000840071406,0.07495012076026462,0.028089887640449437,-0.09679707710736318,-0.3949311082434136,-0.00012353843000648346,-0.7448740339307953
48,96,0.0,0,0.0,1.5,1,1,100,200,-0.7779198437182663,-0.2600328644518901,-0.8402578286959919,-1.297385329264567,1778,1320,458,0.053082011971017536,0.11262207287619448,0.08285204242360601,0.02977003045258847,-0.13113527713173878,-0.37806938139343615,-0.00011331116841701455,-0.7450310452631144
12,120,0.0025,0,0.0,1.5,1,1,100,200,-0.7824948124500793,-0.2631091459355933,-0.822959258203452,-1.4093358789503865,1619,1209,410,0.047779061220203714,0.10154363120865273,0.07466134621442823,0.026882284994224508,-0.2513794659090811,-0.34708418706869093,-0.0001552523506358115,-0.7450555689848386
20,200,0.01,0,-0.2,2.5,1,1,100,200,-0.7954048551860837,-0.27207829917102055,-0.8319393625907986,-1.1422278912830008,1735,1311,424,0.07035598025832196,0.14559487556442297,0.10797542791137246,0.03761944765305051,-0.3064284804023464,-0.29749607633070807,-9.789422327900264e-05,-0.74515937503057
30,200,0.005,0,0.2,999.0,1,1,100,200,-0.7920865775667097,-0.26973066448371197,-0.8108276816534447,-1.4055383953431873,1758,1321,437,0.04609891840806469,0.09734327417830516,0.07172109629318492,0.025622177885120234,-0.18752334410496607,-0.3835299908742591,-0.00015352576693927498,-0.7454214250775937
48,96,0.01,0,-0.2,999.0,1,1,100,200,-0.8049395589225463,-0.27899777775191525,-0.8213585883251705,-1.1173805056645565,1714,1310,404,0.07447758059435051,0.14877139556862334,0.11162448808148692,0.03714690748713641,-0.380861107210098,-0.25755452387227873,-0.0001032055844330605,-0.7455460971977282
20,120,0.0,0,0.2,2.5,1,1,100,200,-0.7883068576040216,-0.2670927986038879,-0.8112726608190048,-1.4661472178577275,1725,1278,447,0.04226609261787252,0.09372046623963037,0.06799327942875144,0.025727186810878926,-0.21748376968082617,-0.35895856459366393,-0.0001621051409706985,-0.7460364899062767
48,200,0.005,0,-0.2,1.5,1,1,100,200,-0.7891533865186395,-0.26768029744964716,-0.8447189627488849,-1.1271106692545132,1886,1405,481,0.07468759844586789,0.15207917673002205,0.11338338758794497,0.038695789142077074,-0.24308008287226024,-0.28458373053553465,-7.59172754688309e-05,-0.7463953122868153
48,200,0.005,0,0.2,999.0,1,1,100,200,-0.7934391915180082,-0.2706839756118561,-0.8166474254571324,-1.3554980758186894,1806,1356,450,0.04688648535125486,0.0998634883965137,0.07337498687388427,0.026488501522629423,-0.22529389204260497,-0.34207417073723345,-0.00014274236176249576,-0.7467825921313568
12,60,0.0,0,-0.2,2.5,1,1,100,200,-0.7918979407837214,-0.26959810929049033,-0.8371990572152009,-1.1744234994472076,1914,1451,463,0.07702404704399873,0.15273548251601385,0.1148797647800063,0.03785571773600756,-0.11030302593282237,-0.3908026255010608,-7.694848635449185e-05,-0.7469188128704511
20,120,0.0025,0,0.2,2.5,1,1,100,200,-0.792412201890488,-0.2699597074316119,-0.8028896101024229,-1.5107972701294308,1625,1209,416,0.039903391788302,0.08862753334033392,0.06426546256431796,0.024362070776015963,-0.2574377174413228,-0.36988263485148676,-0.00019295583042827367,-0.746944375989295
20,96,0.0025,0,-0.2,1.5,1,1,100,200,-0.794454276226351,-0.27140268397049805,-0.8253148140948139,-1.263844909286154,1737,1301,436,0.0680457838916308,0.13819174629843536,0.10311876509503308,0.03507298120340229,-0.24528365193543145,-0.3507622353813651,-0.00010733857410249797,-0.7472523364822127
20,120,0.0025,0,-0.2,1.5,1,1,100,200,-0.7929939164032869,-0.2703695995125672,-0.8318162119094459,-1.2321583128602145,1802,1342,460,0.0694634043893731,0.1441247506038013,0.1067940774965872,0.037330673107214114,-0.2628805718473419,-0.3084199820598764,-9.478750888838652e-05,-0.7478856211103009
30,60,0.0025,0,0.0,1.5,1,1,100,200,-0.77919949820577,-0.2608881790500328,-0.8303804851228015,-1.4383680300751507,1527,1149,378,0.0467552241940565,0.09495432111729497,0.07085477265567573,0.024099548461619238,-0.17421824581601764,-0.4261458407023595,-0.00017624682833151546,-0.747996823115191
30,120,0.005,0,0.0,1.5,1,1,100,200,-0.7817901296711742,-0.2626319545811089,-0.8325122077194653,-1.3855421464689965,1561,1169,392,0.047542791137246666,0.09894466029612517,0.07324372571668591,0.02570093457943925,-0.27855081512422286,-0.3397319884094834,-0.00016537626775282947,-0.7481651657642914
20,96,0.005,0,0.2,999.0,1,1,100,200,-0.7913563161456411,-0.2692180427017524,-0.805171994881291,-1.5287554832121297,1543,1176,367,0.04129476005460464,0.08461094193006405,0.06295285099233434,0.021658090937729708,-0.22393858297567026,-0.4183641930019216,-0.00021414368797914837,-0.7482418143030044
48,200,0.005,0,0.0,1.5,1,1,100,200,-0.7838954275533729,-0.26406128647396454,-0.839885117812259,-1.2867896671254013,1725,1290,435,0.052530715110784415,0.10986558857502887,0.08119815184290664,0.028667436732122232,-0.2613756977411039,-0.30671304282872924,-0.00012749921009980942,-0.7483433287363641
30,96,0.005,0,0.0,2.5,1,1,100,200,-0.7922211003611185,-0.26982525251384104,-0.8249840838991906,-1.3211234288318237,1697,1289,408,0.05400084007140607,0.11107319122125381,0.08253701564632994,0.02853617557492387,-0.3031393372092398,-0.30329886880412005,-0.00013862261059665934,-0.7483734659050275
20,96,0.0025,0,0.0,1.5,1,1,100,200,-0.7856756991658939,-0.26527866853358717,-0.8260437897483914,-1.4357777760101238,1588,1190,398,0.04788407014596241,0.10007350624803109,0.07397878819699674,0.02609471805103434,-0.24931123496674856,-0.368275741513419,-0.00016588520410455672,-0.750089452208289
30,120,0.01,0,0.0,2.5,1,1,100,200,-0.7986987827018741,-0.2744390233453068,-0.8126155594965079,-1.38877586134508,1527,1156,371,0.047017746508453216,0.10009975847947075,0.07355875249396199,0.026541005985508768,-0.3771820089846004,-0.30633143763254134,-0.00018604086086017343,-0.7501855961608147
20,120,0.0,0,0.0,1.5,1,1,100,200,-0.7825079449674265,-0.26311805063724125,-0.8391248621331406,-1.3643933468569467,1758,1309,449,0.05179565263047359,0.11028562427806364,0.08104063845426861,0.029244985823795023,-0.23931797912989983,-0.311219944825451,-0.0001248590475206347,-0.7509001490466589
30,96,0.005,0,0.2,999.0,1,1,100,200,-0.7931221738270294,-0.27046009716651154,-0.8104296316504003,-1.5075741580473982,1581,1203,378,0.04231859708075186,0.08710490391683293,0.0647117504987924,0.02239315341804053,-0.28451470020477887,-0.36245789382526916,-0.00020373830913059427,-0.7510536208940816
20,96,0.005,0,0.0,2.5,1,1,100,200,-0.7934106078541443,-0.27066377851028445,-0.8261209457435069,-1.350394626832619,1658,1259,399,0.05281948965662081,0.10821169799432952,0.08051559382547517,0.027696104168854353,-0.2539527092599587,-0.3654558811689418,-0.00014939144356392983,-0.7512439827236688
30,60,0.0,0,0.2,999.0,1,1,100,200,-0.7907282069340531,-0.2687782754923106,-0.8173246828687694,-1.4768276769460695,1687,1271,416,0.04434001890160664,0.092066575658931,0.06820329728026882,0.023863278378662187,-0.17333677154263938,-0.4114259863797869,-0.00017366942712043052,-0.7512820007739988
12,60,0.0025,0,-0.2,2.5,1,1,100,200,-0.7981436457747333,-0.2740390081131594,-0.8324468060698105,-1.225653361600208,1790,1356,434,0.07292869893940986,0.14344219258636984,0.10818544576288984,0.03525674682348,-0.1707710339118793,-0.4041201112510534,-9.987780200440884e-05,-0.751545079228075
12,120,0.0,0,0.2,999.0,1,1,100,200,-0.7939702404265904,-0.2710596198255506,-0.8161473054662844,-1.4556732147824645,1797,1341,456,0.045311351464874514,0.09813084112149532,0.07172109629318492,0.026409744828310405,-0.20044586031761547,-0.3670152347734219,-0.00015107927502482315,-0.7519169332978161
12,200,0.005,0,-0.2,1.5,1,1,100,200,-0.787697501001946,-0.26667106161654164,-0.8513681728400798,-1.19986727421492,1794,1343,451,0.07059225034127901,0.1423658510973433,0.10647905071931114,0.03588680037803213,-0.2864900379018256,-0.27018188588248016,-9.163293763536119e-05,-0.7523485117473275
30,120,0.005,0,-0.2,1.5,1,1,100,200,-0.7881115745807963,-0.2669575372033015,-0.8489400261197194,-1.2200381818924317,1704,1278,426,0.06791452273443242,0.1366428646434947,0.10227869368896356,0.034364170954531134,-0.2930386823251886,-0.2972141376883983,-0.00010522687231327515,-0.7524294593577828
48,200,0.0,0,-0.2,1.5,1,1,100,200,-0.7961816937473226,-0.2726322968738981,-0.8504977741997752,-1.0974724750936422,2181,1622,559,0.08508348209597816,0.176441247506038,0.13076236480100809,0.04567888270502993,-0.1409341315580397,-0.2937909229212561,-4.6359689505004126e-05,-0.7527548077284678
12,96,0.0,0,0.0,2.5,1,1,100,200,-0.788242744014928,-0.267048379780773,-0.8432671562901378,-1.287095612839143,1869,1410,459,0.05701984668696839,0.11955266197626799,0.08828625433161819,0.031266407644649795,-0.1763882182681228,-0.34526517824955505,-0.00010509683129059616,-0.753036738567799
12,120,0.005,0,0.0,2.5,1,1,100,200,-0.7957415126265681,-0.272318177439426,-0.827311053422835,-1.3515949465151684,1687,1278,409,0.052504462879344745,0.10941930064055445,0.08096188175994959,0.02845741888060485,-0.2657085806573043,-0.3532585945635238,-0.00014661461693868787,-0.7535534514766019
48,120,0.0,0,-0.2,1.5,1,1,100,200,-0.7969318259173266,-0.2731688542330969,-0.8441742182201909,-1.1669013519868532,1994,1483,511,0.07747033497847317,0.1604798907907172,0.1189751128845952,0.04150477790612202,-0.1865568948678118,-0.32327134886159603,-6.963176517801817e-05,-0.7536010309425349
30,200,0.005,0,0.0,1.5,1,1,100,200,-0.7864783697937925,-0.2658301963484663,-0.8416257839673621,-1.339327699306814,1686,1263,423,0.05174314816759425,0.10697784311666492,0.07936049564212957,0.027617347474535335,-0.24189888526220704,-0.3454896062028099,-0.00014040896889861047,-0.753609473297488
48,60,0.0025,0,-0.2,1.5,1,1,100,200,-0.7988228880977022,-0.27452857067574876,-0.8299301996353974,-1.2860400714262348,1714,1290,424,0.06843956736322587,0.13727291819804682,0.10285624278063635,0.03441667541741048,-0.22130999148052144,-0.3911680760248173,-0.0001144832495531769,-0.7537956740647592
20,120,0.01,0,-0.2,999.0,1,1,100,200,-0.8121297422087144,-0.28439702936388467,-0.8214648534285329,-1.1776175044442225,1694,1295,399,0.07282369001365116,0.14543736217578493,0.10913052609471804,0.03630683608106689,-0.4255298873314407,-0.2369903845870952,-0.00011561237369584345,-0.7540103313003622
48,60,0.0025,0,0.0,1.5,1,1,100,200,-0.7882406283794248,-0.2670469142212034,-0.8300644056002295,-1.4502989888183297,1573,1185,388,0.048067835766040116,0.09899716475900451,0.07353250026252231,0.0254646644964822,-0.2293314466926195,-0.3965614752160347,-0.000172955339464172,-0.7545940664622347
12,120,0.0025,0,0.2,999.0,1,1,100,200,-0.7995014223753633,-0.2750189447516146,-0.809440323483602,-1.5168484168785632,1686,1264,422,0.042869893940984984,0.09232909797332774,0.06759949595715636,0.024729602016171373,-0.22691320807439574,-0.39732267933684196,-0.00018535920895411626,-0.7555815273373436
20,60,0.005,0,0.2,999.0,1,1,100,200,-0.7940449401479732,-0.27111252173816625,-0.808292018664209,-1.6068869842754103,1440,1115,325,0.0397196261682243,0.07768035282999054,0.05869998949910742,0.018980363330883127,-0.17676555563046992,-0.48593367080841865,-0.0002575060878531556,-0.7556028802840413
30,200,0.005,0,-0.2,1.5,1,1,100,200,-0.7931660904329746,-0.2704910947690664,-0.8524311863232686,-1.1825019986478273,1844,1376,468,0.07361125695684133,0.1478525674682348,0.11073191221253807,0.03712065525569674,-0.225869825704189,-0.32806479516049913,-8.689176206537568e-05,-0.755831787863092
30,60,0.005,0,0.0,2.5,1,1,100,200,-0.7936649083968043,-0.2708435448243641,-0.8333593139216618,-1.3801029412454398,1601,1225,376,0.05208442717630998,0.10306626063215374,0.07757534390423186,0.025490916727921874,-0.2158757240913911,-0.41395917568348284,-0.00016559232671377298,-0.7565283488474671
12,200,0.005,0,0.0,1.5,1,1,100,200,-0.7892988110864542,-0.2677814132572882,-0.8397729557753033,-1.3988217286136448,1638,1229,409,0.04961671742098078,0.10311876509503308,0.07636774125800692,0.02675102383702615,-0.29883789624657553,-0.31825072792419185,-0.00015700948232840514,-0.7576089775756221
20,120,0.01,0,0.0,999.0,1,1,100,200,-0.8075569682538664,-0.2809445252993683,-0.813416489802343,-1.3991311943500617,1589,1206,383,0.050509293289929647,0.1044313766670167,0.07747033497847317,0.026961041688543526,-0.3417277053313583,-0.35281287396822814,-0.00018057240865526465,-0.7576093299180429
48,60,0.0,0,0.2,2.5,1,1,100,200,-0.7956267810532354,-0.2722363923408152,-0.8177984729447213,-1.5333644781838414,1646,1236,410,0.04150477790612202,0.08902131681192901,0.06526304735902552,0.023758269452903498,-0.2092791520199101,-0.41127220486115,-0.00019384318895441802,-0.7578038527223678
12,96,0.0025,0,0.0,2.5,1,1,100,200,-0.7960154207988634,-0.2725135784472724,-0.8358347265314836,-1.3478977786878215,1753,1324,429,0.05400084007140607,0.1127008295705135,0.08335083482095978,0.02934999474955371,-0.2348556892009217,-0.35936849380723335,-0.00013477213086723284,-0.7578258306474053
12,60,0.0025,0,-0.2,999.0,1,1,100,200,-0.8095143639540032,-0.28241426375053724,-0.8331727907009548,-1.1807518491290876,1864,1421,443,0.08001680142812138,0.1544156253281529,0.11721621337813715,0.03719941195001575,-0.22538383290089714,-0.37534624223028534,-9.273147392841568e-05,-0.7580382515574691
48,96,0.0025,0,0.0,1.5,1,1,100,200,-0.7915230211519003,-0.26933493809388853,-0.8393576657758428,-1.3807143604366403,1679,1244,435,0.050036753124015544,0.10684658195946656,0.07844166754174105,0.028404914417725507,-0.2088733719585928,-0.3897700795412209,-0.00014804081779185095,-0.758049489003642
20,120,0.0025,0,0.0,1.5,1,1,100,200,-0.7917404403562048,-0.2694875072373022,-0.8342817897789222,-1.4331769510818115,1655,1230,425,0.048855402709230285,0.10435261997269768,0.07660401134096398,0.027748608631733698,-0.2837213024930405,-0.33473991193931096,-0.00015678743623787823,-0.7582872496808538
30,60,0.0025,0,0.2,999.0,1,1,100,200,-0.7992073574704152,-0.2748062624648071,-0.8125332207475015,-1.5545163444508885,1584,1202,382,0.042134831460674156,0.0866586159823585,0.06439672372151634,0.022261892260842173,-0.20447047289670195,-0.44263622337864694,-0.0002139648440280585,-0.7587986900611022
48,200,0.0025,0,0.2,999.0,1,1,100,200,-0.8068224469290739,-0.2803960841342956,-0.8198249091314235,-1.3748375421723904,1960,1455,505,0.04964296965242045,0.10886800378032133,0.0792554867163709,0.029612517063950437,-0.20486673418041867,-0.35251193549497273,-0.00012680137071673854,-0.759050415808627
48,200,0.01,0,0.0,2.5,1,1,100,200,-0.8098024074153167,-0.28263156375931286,-0.8197061891053661,-1.3385019501706283,1652,1242,410,0.04964296965242045,0.10850047254016591,0.07907172109629318,0.02942875144387273,-0.4155587786070801,-0.256499731570194,-0.00016601083055854148,-0.7594097558205273
20,96,0.0,0,0.2,999.0,1,1,100,200,-0.79906131751838,-0.2747007317213699,-0.8206903784832236,-1.488066863184326,1759,1317,442,0.04525884700199517,0.09645069830935629,0.07085477265567573,0.025595925653680563,-0.21985756257837552,-0.37920649193318723,-0.00016596445626517137,-0.7594492641221979
30,200,0.01,0,0.0,2.5,1,1,100,200,-0.8061083675144144,-0.27986450290483955,-0.8231866722219028,-1.367809095128555,1626,1226,400,0.04924918618082537,0.1064265462564318,0.07783786621862858,0.028588680037803214,-0.37406770220331254,-0.3014436910523036,-0.00016975406086152417,-0.7598482937722187
12,200,0.01,0,0.0,2.5,1,1,100,200,-0.805655757508817,-0.27952837730674585,-0.8209723337554402,-1.4075282912641567,1578,1191,387,0.04780531345164339,0.10325002625223144,0.07552766985193742,0.027722356400294024,-0.39576747290694547,-0.29187224332131945,-0.00018224940032760946,-0.7603909587476738
12,200,0.005,0,0.2,2.5,1,1,100,200,-0.7962443925667622,-0.27267708377164646,-0.8216940079601407,-1.5382211797723768,1604,1199,405,0.040480940879974794,0.08736742623122966,0.06392418355560223,0.02344324267562743,-0.26173826679972145,-0.3844115097634274,-0.0002048056458577536,-0.7604351467403356
48,120,0.0025,0,0.2,999.0,1,1,100,200,-0.8053335684017335,-0.2792894885798807,-0.816139469880256,-1.46189377895695,1805,1342,463,0.04609891840806469,0.10049354195106584,0.07329623017956527,0.027197311771500577,-0.23607206427807736,-0.37152578176161266,-0.0001594831087298512,-0.7604539124678562
48,200,0.0025,0,-0.2,1.5,1,1,100,200,-0.8051029998257901,-0.2791187264207061,-0.8478239586596087,-1.152483598227187,2048,1514,534,0.07888795547621548,0.165625328152893,0.12225664181455424,0.043368686338338756,-0.20252657964743925,-0.3193596312813143,-6.783381685274816e-05,-0.7606548856618699
48,120,0.0,0,0.2,999.0,1,1,100,200,-0.8028237889905078,-0.27743934749551524,-0.8251473215125237,-1.4203429558226286,1915,1420,495,0.04906542056074766,0.10634778956211279,0.07770660506143022,0.028641184500682558,-0.20728208666295556,-0.35184809031495756,-0.00013289499244393074,-0.7610301560429085
48,96,0.0,0,0.2,999.0,1,1,100,200,-0.8019419996320163,-0.27679378745810135,-0.8243653649549623,-1.4414328724798902,1856,1379,477,0.047674052294445025,0.10285624278063635,0.0752651475375407,0.027591095243095665,-0.15487355006169046,-0.4070790918890581,-0.00014476277258745673,-0.761048113559577
48,60,0.005,0,0.0,2.5,1,1,100,200,-0.8005191227582342,-0.27575692725462486,-0.8328727623953333,-1.38250700808676,1650,1260,390,0.05331828205397459,0.10745038328257901,0.0803843326682768,0.027066050614302214,-0.27630869471386477,-0.3708843843209272,-0.00015995656846010532,-0.7613186588566295
48,60,0.0025,0,0.2,2.5,1,1,100,200,-0.8013037427280741,-0.27632795083116024,-0.8113323755117956,-1.5876157712604806,1550,1170,380,0.03927333823374987,0.08416465399558963,0.061718996114669744,0.02244565788091988,-0.26392848575292227,-0.41395350654888863,-0.00022970039567843555,-0.761374927150082
20,120,0.005,0,0.2,999.0,1,1,100,200,-0.8013113249662607,-0.2763334777554982,-0.8156171749557882,-1.5458149663065457,1605,1214,391,0.04197731807203612,0.08807623648010081,0.06502677727606847,0.023049459204032344,-0.2811935366714584,-0.38316412922118237,-0.00020983422539558175,-0.7614328135487196
48,200,0.0,0,0.2,999.0,1,1,100,200,-0.8065352568181681,-0.28018210292768453,-0.8305817260182066,-1.345768515247686,2093,1551,542,0.05355455213693164,0.11634988974062796,0.0849522209387798,0.031397668801848154,-0.19364335851570824,-0.31659602686442123,-0.00010222729146829565,-0.762761391699172
30,120,0.0025,0,0.2,2.5,1,1,100,200,-0.8037402913767558,-0.27811277302795445,-0.8148797195231562,-1.5509636977721655,1649,1222,427,0.0407697154258112,0.09054394623543001,0.0656568308306206,0.02488711540480941,-0.24893992959932398,-0.40389628936276967,-0.0002010309149639011,-0.7631008176781408
20,60,0.0025,0,0.0,2.5,1,1,100,200,-0.7983697504837384,-0.2742018261309872,-0.8381861479345538,-1.4001050295292916,1672,1272,400,0.053029507508138195,0.10632153733067311,0.07967552241940565,0.026646014911267456,-0.16859636767984476,-0.4403651457398766,-0.00015737344479807794,-0.7633001515747286
12,200,0.0,0,-0.2,1.5,1,1,100,200,-0.802185458375916,-0.27697179405541417,-0.8537927515592687,-1.199141049759547,2066,1542,524,0.07920298225349155,0.16352514963771922,0.12136406594560538,0.04216108369211383,-0.24983069407519964,-0.25896739468578367,-6.716080656628364e-05,-0.7638252223230259
20,200,0.005,0,0.2,999.0,1,1,100,200,-0.8028550440810918,-0.2774622717617009,-0.8270947667814059,-1.4931531934223798,1722,1295,427,0.04525884700199517,0.0954006090517694,0.07032972802688228,0.025070881024887116,-0.2033303113848055,-0.4144979254323198,-0.00017762534315085947,-0.7656673148235229
30,120,0.0,0,-0.2,1.5,1,1,100,200,-0.8047825473977919,-0.27888166323352404,-0.8507549950302482,-1.2314989012074742,1936,1444,492,0.0748713640659456,0.15536070565998109,0.11511603486296335,0.04024467079701775,-0.2436955482693467,-0.32028918922439653,-8.470771294520899e-05,-0.7658341058090219
20,200,0.01,0,-0.2,999.0,1,1,100,200,-0.8187236383388098,-0.28949581866402774,-0.8371306399144769,-1.1558297985850707,1799,1365,434,0.07631523679512758,0.15528194896566208,0.11579859288039483,0.03948335608526725,-0.3664550737677419,-0.2964267164712511,-0.0001032631134865046,-0.7658526285505197
12,96,0.005,0,0.0,999.0,1,1,100,200,-0.8041237540637594,-0.2783952794346404,-0.8403129869061604,-1.3549632972767158,1733,1327,406,0.05712485561272708,0.1127795862648325,0.0849522209387798,0.027827365326052716,-0.23443773908816645,-0.3912884608841375,-0.00014524898967111194,-0.7662999377515565
30,120,0.005,0,0.2,999.0,1,1,100,200,-0.804633942937642,-0.2787718347663589,-0.8206991486526856,-1.545232352219011,1624,1225,399,0.04271238055234695,0.09001890160663656,0.06636564107949176,0.023653260527144806,-0.27554772259482907,-0.39246033134543534,-0.00020680541222403465,-0.7663830267036522
20,60,0.0,0,0.0,2.5,1,1,100,200,-0.7974296668531724,-0.27352582763371847,-0.8492070743296485,-1.366816793639953,1787,1357,430,0.05594350519794183,0.11301585634778956,0.08447968077286569,0.02853617557492387,-0.13569299064930196,-0.42714201672404883,-0.0001325516289075506,-0.7664702044805404
30,120,0.01,0,-0.2,2.5,1,1,100,200,-0.8158834803549604,-0.2872817506992653,-0.832703596159867,-1.2569548551872396,1651,1256,395,0.06807203612307046,0.13895306101018587,0.10351254856662816,0.035440512443557705,-0.43599794098358813,-0.25456149935645467,-0.00013167650156812482,-0.7664812915385608
48,60,0.005,0,0.2,999.0,1,1,100,200,-0.805503916419064,-0.27941575453575007,-0.8153205572903401,-1.600159446287915,1538,1180,358,0.04163603906332038,0.08421715845846897,0.06292659876089468,0.021290559697574294,-0.2919430459722482,-0.4072130342646565,-0.000237737006196449,-0.7670840054953159
20,96,0.0,0,0.0,2.5,1,1,100,200,-0.8032006191008338,-0.27771593014951845,-0.8455875664768799,-1.333391904642245,1891,1416,475,0.05751863908432217,0.12278168644334768,0.09015016276383493,0.03263152367951276,-0.2219338463463033,-0.34876860754575156,-0.0001148729066573186,-0.7671793086200707
30,120,0.0,0,0.2,2.5,1,1,100,200,-0.8036747140449425,-0.2780645048085376,-0.8261466763196207,-1.5260994893838244,1749,1292,457,0.043342434106899086,0.09574188806048514,0.06954216108369211,0.026199726976793028,-0.21375581112157416,-0.4011689735213504,-0.0001754706208056287,-0.7674428174375392
30,200,0.0,0,-0.2,1.5,1,1,100,200,-0.8055054689996609,-0.2794169057517015,-0.8588256113742814,-1.1747056488447682,2119,1576,543,0.0826682768035283,0.170193216423396,0.12643074661346215,0.04376246980993385,-0.15138968053809987,-0.3386228887364193,-6.166002287825019e-05,-0.7675649938810807
30,200,0.0025,0,0.2,999.0,1,1,100,200,-0.8104829305962005,-0.2831459980044485,-0.8236815098902577,-1.4520675448163716,1900,1409,491,0.048199096923238476,0.10548146592460358,0.07684028142392103,0.028641184500682558,-0.19063897759930704,-0.39439565334337956,-0.0001454790411909096,-0.7675901301903959
20,200,0.0025,0,0.0,1.5,1,1,100,200,-0.7973636883168915,-0.27347847787122603,-0.8501136345259612,-1.381172927864235,1800,1335,465,0.05326577759109524,0.11369841436522105,0.08348209597815814,0.0302163183870629,-0.23282230026774087,-0.35019345068841745,-0.0001307529621199005,-0.7675939415274184
48,96,0.01,0,0.0,999.0,1,1,100,200,-0.8134608976042053,-0.2854146933032863,-0.8263515077762258,-1.383266355940026,1613,1223,390,0.05174314816759425,0.10697784311666492,0.07936049564212957,0.027617347474535335,-0.3289776828815404,-0.3771563920264348,-0.0001791340921326057,-0.7677537649884005
48,120,0.0025,0,-0.2,1.5,1,1,100,200,-0.8102787465753913,-0.2829914923278386,-0.8452661444470274,-1.24397099682753,1885,1395,490,0.07284994224509084,0.15218418565578073,0.11251706395043579,0.039667121705344956,-0.2546542787465116,-0.34659397237771805,-9.537004830790465e-05,-0.7678231143927289
12,96,0.005,0,-0.2,2.5,1,1,100,200,-0.8135136824972167,-0.28545516676531635,-0.8397647973056309,-1.25064984740829,1780,1349,431,0.0738212748083587,0.14506983093562953,0.10944555287199412,0.03562427806363541,-0.24902735738577564,-0.39515846275397337,-0.00011232970568022697,-0.7678700577885462
30,200,0.0,0,0.2,999.0,1,1,100,200,-0.8075538910796134,-0.2809422241920394,-0.8339432083307197,-1.4076239185380117,2031,1505,526,0.05190066155623228,0.1127008295705135,0.08230074556337288,0.03040008400714061,-0.17020476750916014,-0.35956576594041323,-0.00011624457132497502,-0.7682950242842999
48,120,0.01,0,-0.2,2.5,1,1,100,200,-0.8181103816647781,-0.2890154127896736,-0.8368778257878674,-1.2307252836401548,1692,1286,406,0.06983093562952851,0.1429171479575764,0.10637404179355245,0.03654310616402394,-0.45561329817264073,-0.22123680275528923,-0.00012497855421908123,-0.768990589865615
48,96,0.0025,0,0.2,999.0,1,1,100,200,-0.8107147262350523,-0.28332155879907517,-0.8212219205306783,-1.5159889732661986,1750,1306,444,0.045101333613357136,0.09729076971542581,0.07119605166439147,0.02609471805103434,-0.20504361448666442,-0.4286842055541594,-0.00018072644671877932,-0.7697319677277242
30,96,0.0,0,0.0,2.5,1,1,100,200,-0.8061080063458164,-0.2798642344370623,-0.8476644242586502,-1.324367116186483,1937,1451,486,0.05883125065630579,0.12603696314186705,0.09243410689908642,0.033602856242780636,-0.2642797631843674,-0.30566897950753324,-0.00010937040088229117,-0.7699148023757115
30,96,0.0,0,0.2,999.0,1,1,100,200,-0.8073901229937974,-0.28081980104871873,-0.8282856535835998,-1.5031154198491257,1801,1347,454,0.046413945185340755,0.09918093037908222,0.07279743778221148,0.026383492596870735,-0.27809042353291824,-0.3432868161635918,-0.00016607807751614138,-0.770118398832975
20,200,0.0,0,0.0,1.5,1,1,100,200,-0.7963612116434517,-0.27276055915656383,-0.8599814396830983,-1.3512144236248416,1927,1435,492,0.05749238685288249,0.12123280478840702,0.08936259582064475,0.03187020896776226,-0.20237821002949197,-0.3307153364394133,-0.00010691793655313034,-0.7703120001793551
30,60,0.0025,0,0.0,2.5,1,1,100,200,-0.8049654508331732,-0.2790169327411679,-0.8435488332136487,-1.3955492045146993,1713,1291,422,0.05358080436837131,0.11044313766670166,0.08201197101753649,0.02843116664916518,-0.20145247609695538,-0.4247229728564633,-0.00015317878621178715,-0.7705688095737272
30,60,0.0,0,0.0,2.5,1,1,100,200,-0.8019258000049765,-0.27678194919673593,-0.8523017284595809,-1.3538803919763776,1825,1374,451,0.05652105428961462,0.11700619552661977,0.08676362490811719,0.030242570618502572,-0.16170228746072823,-0.41139702800600086,-0.00012753431610325805,-0.7706268330253452
48,120,0.0,0,0.0,1.5,1,1,100,200,-0.7986631213298817,-0.2744133003136815,-0.8564652020463268,-1.364520598616979,1841,1364,477,0.05465714585739788,0.11645489866638664,0.08555602226189227,0.03089887640449438,-0.22209119401977406,-0.3500758279011301,-0.00012365727607894272,-0.7708719312676938
20,96,0.0025,0,0.0,2.5,1,1,100,200,-0.8093814476872968,-0.2823140803211699,-0.8391046622840341,-1.3885437608260003,1777,1331,446,0.05452588470019952,0.1161136196576709,0.08531975217893521,0.030793867478735693,-0.267445051589965,-0.3671626437754031,-0.00014259238068196255,-0.771293599504487
20,96,0.0025,0,0.2,999.0,1,1,100,200,-0.8103475536907341,-0.2830435436819072,-0.8197488019745609,-1.5806438292605525,1654,1246,408,0.04300115509818334,0.0909377297070251,0.06696944240260422,0.023968287304420875,-0.25796774610247275,-0.41549662564235135,-0.00020912687359780162,-0.7719501361322153
30,96,0.0025,0,0.0,2.5,1,1,100,200,-0.8112789867629167,-0.2837496466699668,-0.8401763290954903,-1.3736031712656984,1823,1365,458,0.05578599180930379,0.11942140081906961,0.0876036963141867,0.031817704504882915,-0.3126575861830334,-0.3167092618886488,-0.0001348836778830521,-0.7725179697809968
20,60,0.005,0,0.0,999.0,1,1,100,200,-0.806858631764762,-0.280423062979395,-0.843745536584835,-1.4069034344008666,1655,1278,377,0.05625853197521789,0.1067153208022682,0.08148692638874304,0.02522839441352515,-0.1741810625307496,-0.46487033812164125,-0.00016815702214618533,-0.7726410029918558
48,96,0.005,0,0.0,2.5,1,1,100,200,-0.80880446466537,-0.281879835599661,-0.8476866298599179,-1.3470780353652807,1750,1315,435,0.054972172634673945,0.11524729602016172,0.08510973432741784,0.030137561692743883,-0.2669966318445638,-0.37414391118061285,-0.00014451545606442742,-0.773077052297884
12,96,0.0,0,-0.2,999.0,1,1,100,200,-0.821363793952701,-0.29157899888642114,-0.8496546873140439,-1.135910392183413,2105,1592,513,0.08783996639714375,0.17720256221778852,0.13252126430746614,0.044681297910322375,-0.27044409551425674,-0.29835059089443705,-6.873790907067937e-05,-0.7732018621526137
20,60,0.0,0,0.2,999.0,1,1,100,200,-0.8061374608708016,-0.27988613020948183,-0.8294923423627368,-1.5839630292318507,1648,1253,395,0.04363120865273548,0.08904756904336869,0.06633938884805209,0.0227081801953166,-0.18319378811917986,-0.45884333423869317,-0.00020890652012910165,-0.7738304528524427
30,96,0.005,0,-0.2,2.5,1,1,100,200,-0.8202407142584216,-0.2906898578860908,-0.8449025472181703,-1.2349284765609203,1842,1387,455,0.07665651580384332,0.1538380762364801,0.11524729602016172,0.038590780216318385,-0.34253982578280184,-0.313078466497796,-0.00010513529820702463,-0.774887555323222
48,200,0.0025,0,0.0,1.5,1,1,100,200,-0.8049271355736864,-0.278988587606651,-0.8579713068077278,-1.340589296971374,1886,1396,490,0.05599600966082117,0.1201039588365011,0.08804998424866113,0.03205397458783996,-0.24862902556774902,-0.33321693285882714,-0.00011988114677625172,-0.7750037058590837
48,200,0.0,0,0.0,1.5,1,1,100,200,-0.802755045863507,-0.2773889375898435,-0.8659419000579265,-1.30765668211794,2014,1496,518,0.0607214113199622,0.1281896461199202,0.0944555287199412,0.033734117399978995,-0.20755311177138203,-0.31847835887078857,-9.60893676974974e-05,-0.7757427217247037
30,60,0.0,0,-0.2,999.0,1,1,100,200,-0.8233219616057077,-0.2931400297788048,-0.8505597936352235,-1.1485033320203244,2048,1544,504,0.08694739052819489,0.17405229444502782,0.13049984248661137,0.04355245195841646,-0.25311734858758117,-0.3411918502749658,-7.612531647441755e-05,-0.7758450931974329
12,200,0.0025,0,-0.2,1.5,1,1,100,200,-0.8140747504410796,-0.2858859398052054,-0.8539158761436065,-1.274037254873359,1940,1440,500,0.07395253596555708,0.15381182400504043,0.11388217998529875,0.03992964401974168,-0.3042007810963484,-0.29494104138248345,-9.359984681699842e-05,-0.7765457406206766
48,60,0.0,0,0.0,2.5,1,1,100,200,-0.8103200568903258,-0.2830227410316629,-0.850851104294444,-1.3663107673590988,1878,1416,462,0.057938674787356925,0.12183660611151947,0.0898876404494382,0.031948965662081275,-0.22655677108467642,-0.3726679556087136,-0.0001250941900862564,-0.7767638315468398
20,60,0.0025,0,0.2,999.0,1,1,100,200,-0.8112549106609355,-0.2837313599437623,-0.8220622347440365,-1.6506170616755746,1543,1182,361,0.041426021211803006,0.08353460044103748,0.06248031082642025,0.021054289614617243,-0.2062420061881154,-0.48556615377489554,-0.00024898494141097885,-0.7772933303995593
20,120,0.005,0,0.0,2.5,1,1,100,200,-0.8129762732591659,-0.2850435291610719,-0.84422746387106,-1.41224453973697,1726,1305,421,0.053738317757009345,0.11249081171899611,0.08311456473800273,0.029376246980993385,-0.3277797037877853,-0.34040864633140766,-0.00015783130561795666,-0.7777694880834505
48,120,0.0025,0,0.0,1.5,1,1,100,200,-0.8069331023272868,-0.28047859978576184,-0.8523382915976447,-1.428117873905788,1738,1284,454,0.051191851307361126,0.1103118765095033,0.08075186390843221,0.029560012601071092,-0.27498170479196227,-0.36488095038337487,-0.00015370041626597058,-0.7780536392798736
12,96,0.0,0,-0.2,2.5,1,1,100,200,-0.8197200400376239,-0.2902791474290224,-0.8539144648120922,-1.2184616895306553,2023,1520,503,0.08043683713115615,0.16465399558962512,0.12254541636039064,0.042108579229234486,-0.20254507707199476,-0.378215292155914,-8.28044390524715e-05,-0.7781594643116012
20,200,0.0025,0,0.2,999.0,1,1,100,200,-0.8172009343874094,-0.28830536030780174,-0.8279378276624204,-1.5229603544600265,1859,1381,478,0.04738527774860863,0.10330253071511078,0.0753439042318597,0.027958626483251075,-0.21625904348296343,-0.4090114012282833,-0.0001642752721162478,-0.7784222918620134
12,200,0.0025,0,0.2,2.5,1,1,100,200,-0.8131374629315337,-0.2851668956516563,-0.829370978270155,-1.5787350506012654,1730,1278,452,0.04252861493226924,0.09466554657145858,0.06859708075186391,0.026068465819594665,-0.2862994417696808,-0.3780365284516347,-0.00019389430954760522,-0.7787891373167971
12,96,0.005,0,-0.2,999.0,1,1,100,200,-0.8274542683484899,-0.2964802233265228,-0.8433812010442352,-1.2217625639874712,1858,1416,442,0.08088312506563058,0.15617452483461094,0.11852882495012076,0.03764569988449018,-0.30892963688417874,-0.36767198394618483,-0.00010723739673044204,-0.779258952048014
20,120,0.0,0,0.2,999.0,1,1,100,200,-0.814333730428618,-0.28608512857148805,-0.8344759748224421,-1.5351848254511886,1831,1362,469,0.04623017956526305,0.10057229864538486,0.07340123910532395,0.027171059540060907,-0.29194951198446617,-0.34481368806023593,-0.00016930860044137074,-0.7800823572552685
20,200,0.01,0,0.0,999.0,1,1,100,200,-0.8224573343011159,-0.29244906042524843,-0.8346256220178206,-1.4069954320334122,1683,1273,410,0.053108264202457206,0.1116507403129266,0.0823795022576919,0.029271238055234693,-0.34311411753043153,-0.3728621544870928,-0.00017419469610246676,-0.7801116430358292
30,96,0.0025,0,0.2,999.0,1,1,100,200,-0.8166853858691759,-0.2879040989659557,-0.8259376736286362,-1.5849785437820647,1697,1276,421,0.044130001050089254,0.09374671847107004,0.06893835976057965,0.02480835871049039,-0.31594608011361325,-0.3738220414324319,-0.00020531333937405486,-0.7801218629693771
12,96,0.0,0,0.0,999.0,1,1,100,200,-0.8123896627147095,-0.28459528358161157,-0.8589343136285489,-1.327175510622718,1985,1500,485,0.06237530190066155,0.12853092512863593,0.09545311351464875,0.033077811613987186,-0.21469686551661682,-0.3552898585062372,-0.00010806794663703881,-0.7804212159270218
12,120,0.0025,0,0.0,2.5,1,1,100,200,-0.8164099994664985,-0.2876901301528879,-0.8443416246944231,-1.4134049971014766,1815,1356,459,0.0544471280058805,0.1178200147012496,0.08613357135356506,0.031686443347684556,-0.29026034115267696,-0.35883359981728735,-0.00014431564806966822,-0.7805311923551733
30,200,0.0025,0,-0.2,1.5,1,1,100,200,-0.818364848469237,-0.28921459653536863,-0.8577862786531918,-1.251798844762579,1992,1472,520,0.07686653365536071,0.1599285939304841,0.11839756379292239,0.041531030137561695,-0.2173892988930094,-0.3714792820075301,-8.809340692992082e-05,-0.7806976781000935
48,120,0.005,0,0.0,2.5,1,1,100,200,-0.8149973468193947,-0.28659655076413804,-0.853716141504614,-1.3474116635327993,1804,1358,446,0.05662606321537331,0.11873884280163814,0.08768245300850572,0.031056389793132418,-0.31901263202895047,-0.33031512633599336,-0.00014041364134679087,-0.780825204693085
48,60,0.0025,0,0.0,2.5,1,1,100,200,-0.8164082343225304,-0.2876887595054527,-0.8453521443440057,-1.4220418162308046,1766,1332,434,0.054945920403234275,0.11527354825160138,0.08510973432741784,0.030163813924183557,-0.2807254546243908,-0.3826429138237304,-0.000153405038483925,-0.7814669224889959
30,96,0.005,0,0.0,999.0,1,1,100,200,-0.8195779408987741,-0.2901672237301617,-0.8456137395175748,-1.3842572264356405,1797,1366,431,0.059015016276383496,0.11918513073611257,0.08910007350624803,0.03008505722986454,-0.32523678118162913,-0.3431753975616335,-0.00014677328096885807,-0.7821869548107311
30,120,0.01,0,-0.2,999.0,1,1,100,200,-0.8312327177468348,-0.2995908670136339,-0.8417339984012091,-1.2374671893850033,1714,1310,404,0.0739262837341174,0.1484301165599076,0.11117820014701249,0.037251916412895096,-0.4728484772583744,-0.24553996221944574,-0.0001293931270109259,-0.7823312256834887
20,96,0.005,0,0.0,999.0,1,1,100,200,-0.8188628749600403,-0.28960507326695906,-0.8451220358209354,-1.4045974074563028,1757,1336,421,0.057938674787356925,0.11616612412055025,0.08705239945395359,0.02911372466659666,-0.27081546936139733,-0.40187336835730914,-0.0001551583411882198,-0.7823959615502419
20,200,0.0,0,0.2,999.0,1,1,100,200,-0.8172527496523254,-0.28834573916657935,-0.8391567695193002,-1.4900511052089631,1989,1474,515,0.05085057229864538,0.11033812874094298,0.08059435051979419,0.0297437782211488,-0.20861505515200363,-0.3755798031693891,-0.0001372762132893265,-0.7824266791866776
30,120,0.0025,0,-0.2,1.5,1,1,100,200,-0.8196769174671833,-0.2902451746896866,-0.8532530296879668,-1.3211335171777152,1830,1359,471,0.07061850257271868,0.14717000945080333,0.108894256011761,0.03827575343904232,-0.30879519454805604,-0.34848652434220295,-0.00011386763402556001,-0.7829283653925557
12,120,0.0,0,0.0,2.5,1,1,100,200,-0.8153694344754201,-0.28688394594325006,-0.854798137851446,-1.3811045124316517,1938,1449,489,0.0576761524729602,0.12488186495852148,0.09127900871574084,0.033602856242780636,-0.257301931375886,-0.3447185087245964,-0.00012106458003244993,-0.7833382404905557
30,60,0.005,0,0.0,999.0,1,1,100,200,-0.8166549451226552,-0.28788043458156165,-0.8495749862027928,-1.4214519477600283,1699,1301,398,0.05722986453848577,0.11094193006405545,0.08408589730127061,0.026856032762784837,-0.23348598484241967,-0.44053293260086346,-0.00016757003264070556,-0.7837405250709595
48,120,0.01,0,0.0,999.0,1,1,100,200,-0.8253051601863545,-0.29473518454377035,-0.8374093631209014,-1.420312028987804,1650,1252,398,0.05268822849942245,0.10970807518639085,0.08119815184290664,0.028509923343484195,-0.3964332154059891,-0.3394019371752176,-0.00018504587128158342,-0.7844554675536113
12,120,0.005,0,-0.2,2.5,1,1,100,200,-0.8258357582403089,-0.2951644177694587,-0.8510845274185084,-1.277402624569451,1835,1381,454,0.07468759844586789,0.15113409639819383,0.11291084742203088,0.03822324897616297,-0.3110702961019598,-0.3670798536400758,-0.00011379023066121943,-0.7845768127071854
12,200,0.0,0,0.2,2.5,1,1,100,200,-0.8138595769657843,-0.28572061257772174,-0.8427750314541232,-1.5556648701830826,1850,1364,486,0.045783891630788616,0.10101858657985929,0.07340123910532395,0.027617347474535335,-0.2516065337629122,-0.37261581171981784,-0.00016622678686326227,-0.7848913718139374
30,60,0.0,0,-0.2,2.5,1,1,100,200,-0.8248331343195952,-0.2943542095274174,-0.8573485450022171,-1.2462071358496238,1970,1477,493,0.07967552241940565,0.1615299800483041,0.12060275123385487,0.040927228814449226,-0.186670648005676,-0.42313716667978596,-9.357251682980816e-05,-0.7853388388210072
12,200,0.01,0,-0.2,2.5,1,1,100,200,-0.8277769011568454,-0.29674369442747583,-0.84770078991974,-1.297867583141823,1712,1292,420,0.069069620917778,0.14325842696629212,0.10616402394203507,0.03709440302425706,-0.45025039991084503,-0.262477076111193,-0.00013380818100107924,-0.785487468544437
12,96,0.0025,0,-0.2,2.5,1,1,100,200,-0.8285004299044395,-0.2973359870116604,-0.8496983669296087,-1.282272977785889,1902,1428,474,0.07647275018376562,0.15549196681717947,0.11598235850047255,0.03950960831670692,-0.2595804676846115,-0.4003435505237909,-0.00010725526848657354,-0.7862988193657593
20,120,0.0025,0,0.2,999.0,1,1,100,200,-0.8209943100275271,-0.29128598655845295,-0.8300291170016405,-1.6057625062116536,1724,1289,435,0.043867478735692536,0.09495432111729497,0.06941089992649375,0.02554342119080122,-0.31274544126614545,-0.3831143444874454,-0.00020544284821504412,-0.7865886703698559
12,120,0.005,0,0.0,999.0,1,1,100,200,-0.8220464112615604,-0.2921216132912503,-0.8488947847928044,-1.41140074986475,1790,1358,432,0.05772865693583955,0.11747873569253386,0.0876036963141867,0.029875039378347158,-0.2887403261581556,-0.3875518437793708,-0.00015335160514431782,-0.7871390431808901
30,120,0.0,0,0.0,1.5,1,1,100,200,-0.810271817299178,-0.28298625129103694,-0.8627487944290573,-1.4584982270452278,1791,1330,461,0.05295075081381918,0.11280583849627218,0.08287829465504568,0.029927543841226503,-0.27159194604672,-0.3620816773136081,-0.00014868881677171305,-0.787285559857827
30,96,0.0,0,-0.2,2.5,1,1,100,200,-0.8310104926343932,-0.29940638439698897,-0.8538410196778398,-1.2273024815238631,2087,1557,530,0.08282579019216633,0.17402604221358817,0.12842591620287724,0.04560012601071091,-0.30293413754118004,-0.3115291582473858,-8.171312489571635e-05,-0.7876920183121021
48,96,0.0,0,0.0,2.5,1,1,100,200,-0.8185737461809492,-0.28937827799466953,-0.8641633882055466,-1.3341319881607094,1997,1485,512,0.06059015016276383,0.1308411214953271,0.09571563582904546,0.03512548566628163,-0.18876761508724205,-0.3928355426501522,-0.00011082550915365718,-0.7881665715054783
48,96,0.005,0,-0.2,2.5,1,1,100,200,-0.828905728516814,-0.2976686450389121,-0.8584260356745992,-1.2323068633139678,1894,1414,480,0.07799537960726662,0.1592722881444923,0.11863383387587945,0.04063845426861283,-0.27966656897811004,-0.38753450613048135,-0.0001037415300059318,-0.7884970060419101
48,60,0.0,0,0.2,999.0,1,1,100,200,-0.8189417384346855,-0.28966698476005315,-0.8385840771448269,-1.5909719202368597,1749,1317,432,0.04549511708495222,0.09584689698624384,0.07067100703559803,0.025175889950645805,-0.2859698529024486,-0.3918827801539182,-0.00019687036703912642,-0.7885076193443095
20,60,0.0,0,-0.2,999.0,1,1,100,200,-0.8309017113235326,-0.2993161491311509,-0.8598163695468364,-1.2062836936588637,2013,1527,486,0.08615982358500472,0.16843431691693794,0.12729707025097134,0.04113724666596661,-0.2195691293658566,-0.40703168958271474,-8.926473458652105e-05,-0.7895385185875122
12,96,0.0025,0,0.0,999.0,1,1,100,200,-0.8219913518392887,-0.2920777847340129,-0.8544648261749439,-1.4058823881618672,1863,1410,453,0.05940879974797858,0.12110154363120865,0.09025517168959361,0.030846371941615037,-0.2555238245893886,-0.3929327867863104,-0.00014058095420285254,-0.7896043172295782
30,96,0.005,0,-0.2,999.0,1,1,100,200,-0.8364575855422359,-0.3039853848455233,-0.8492277607537166,-1.2217837331861252,1919,1452,467,0.08350834820959782,0.16515278798697888,0.12433056809828835,0.04082221988869054,-0.39959422644512066,-0.2887941637154957,-0.00010340082727511055,-0.7896884518816879
20,60,0.0,0,0.0,999.0,1,1,100,200,-0.8178284805124938,-0.28879501488663095,-0.862904952551914,-1.3899551414851663,1898,1444,454,0.06122020371731597,0.12170534495432112,0.09146277433581855,0.030242570618502572,-0.16915002512017285,-0.43349153486129643,-0.00013130909509872444,-0.7897452482368463
30,200,0.0,0,0.0,1.5,1,1,100,200,-0.8113444658671136,-0.2837993900104092,-0.8732029311214057,-1.3927740009818446,1961,1458,503,0.05883125065630579,0.12377927123805524,0.09130526094718051,0.032474010290874725,-0.21761492182776954,-0.35704404640785836,-0.0001162882140114965,-0.7900395556202043
30,60,0.0025,0,-0.2,2.5,1,1,100,200,-0.8306346182369791,-0.2990947893438247,-0.8524132731809944,-1.2971261719210843,1853,1388,465,0.07584269662921349,0.1527092302845742,0.11427596345689384,0.038433266827680355,-0.23006803175462176,-0.4442918609916482,-0.0001157526779756061,-0.7901577345303761
30,60,0.005,0,-0.2,2.5,1,1,100,200,-0.8298185337910797,-0.29842016533200033,-0.8506885840060081,-1.329562835307531,1741,1320,421,0.0739262837341174,0.1428121390318177,0.10836921138296755,0.03444292764885015,-0.2855335777234643,-0.43104446169033317,-0.00013462665708067597,-0.790242599100381
30,96,0.0,0,-0.2,999.0,1,1,100,200,-0.8359784900890896,-0.30357778957389414,-0.8573568464225098,-1.1624519905105648,2167,1627,540,0.09009765830095558,0.18691588785046728,0.13850677307571144,0.04840911477475585,-0.372712637879144,-0.22712365116671218,-7.131684628564038e-05,-0.7903788123106773
48,60,0.005,0,0.0,999.0,1,1,100,200,-0.824107294051384,-0.2937699784059622,-0.8502948623154012,-1.4302716665576887,1749,1337,412,0.05841121495327103,0.11548356610311876,0.08694739052819489,0.02853617557492387,-0.2992569380654424,-0.39803044457180303,-0.00016363597017749726,-0.7904309928915472
20,60,0.0025,0,0.0,999.0,1,1,100,200,-0.8213982838922637,-0.2916063752189394,-0.8550955252749022,-1.4427134263789354,1777,1355,422,0.05835871049039169,0.11443347684553187,0.08639609366796178,0.028037383177570093,-0.18443390299750018,-0.46740926073360334,-0.0001594196239389901,-0.7912898091753373
20,60,0.005,0,-0.2,2.5,1,1,100,200,-0.8277093177305881,-0.29668847121729036,-0.8542498104976686,-1.3512715437711955,1704,1296,408,0.07266617662501312,0.13766670166964193,0.10516643914732753,0.032500262522314395,-0.20785185566480868,-0.49000394606801345,-0.00014208025045610125,-0.7913769536546844
30,120,0.01,0,0.0,999.0,1,1,100,200,-0.8291174701602486,-0.297842687526531,-0.8400776902528577,-1.4725402719649632,1613,1222,391,0.051323112464559485,0.10676782526514754,0.07904546886485352,0.027722356400294024,-0.39673680777654186,-0.3653461330866008,-0.00020145169440811218,-0.791508546251208
20,96,0.005,0,-0.2,2.5,1,1,100,200,-0.832854866112085,-0.30094342960821674,-0.8498862320574014,-1.3154419268296733,1808,1362,446,0.07502887745458364,0.14969022366901186,0.11235955056179775,0.037330673107214114,-0.33295975151780943,-0.38106920329798855,-0.0001246435411192068,-0.7916586419784011
48,96,0.0025,0,0.0,2.5,1,1,100,200,-0.8235466889745179,-0.29332006404743416,-0.8584732311580292,-1.3821275181452621,1880,1396,484,0.05717736007560643,0.12406804578389163,0.09062270292974903,0.0334453428541426,-0.25326176970053904,-0.3949373682552806,-0.00013608303912297076,-0.7916630555337119
48,200,0.005,0,0.0,2.5,1,1,100,200,-0.8241536306304471,-0.2938072171846534,-0.8648063295323141,-1.3120754343715613,1950,1461,489,0.06045888900556547,0.12813714165704085,0.09429801533130316,0.03383912632573769,-0.3182415761585272,-0.31601605512737463,-0.00012237325819438707,-0.7918141536693886
48,120,0.01,0,-0.2,999.0,1,1,100,200,-0.8386861163136436,-0.30589397961846065,-0.8487258992020454,-1.2393820333674435,1752,1338,414,0.07586894886065315,0.15247296020161713,0.11417095453113514,0.03830200567048199,-0.502483726299314,-0.2212437154574901,-0.0001290303091766655,-0.7922260308878556
48,60,0.005,0,-0.2,2.5,1,1,100,200,-0.834418998145974,-0.3022575974278888,-0.8477085117053834,-1.3222975848254264,1787,1354,433,0.07584269662921349,0.14913892680877874,0.11249081171899611,0.036648115089782635,-0.32552841000400634,-0.3999519795669265,-0.00012857727005240107,-0.7922267325218519
20,96,0.0,0,0.0,999.0,1,1,100,200,-0.8248668649979594,-0.29438140650703515,-0.8604050296421778,-1.367762485157006,2005,1504,501,0.06279533760369631,0.13183870629003466,0.09731702194686548,0.03452168434316917,-0.2564877059561741,-0.35794938345632465,-0.00011634509513558382,-0.7929720455859743
20,96,0.0,0,-0.2,999.0,1,1,100,200,-0.8372368444440026,-0.3046503919196005,-0.8581202698021126,-1.1856697709355684,2125,1597,528,0.08852252441457524,0.18192796387692953,0.13522524414575238,0.04670271973117715,-0.35616341187389233,-0.26829885808003195,-7.813882534047118e-05,-0.7929940153674353
20,200,0.005,0,0.0,2.5,1,1,100,200,-0.8227486648091029,-0.2926815767717663,-0.862071902392044,-1.3876342714772094,1865,1405,460,0.05822744933319332,0.12207287619447653,0.09015016276383493,0.031922713430641604,-0.27009656386032965,-0.3828297401182862,-0.00013933112780768758,-0.7930992415416488
30,200,0.0025,0,0.0,1.5,1,1,100,200,-0.8167350314359535,-0.28794269976275366,-0.8664224283348096,-1.444489613945061,1833,1356,477,0.054368371311561484,0.11600861073191221,0.08518849102173685,0.030820119710175366,-0.2667208746379244,-0.3749128539645008,-0.00014604265482797137,-0.7933783946274116
30,120,0.0025,0,0.0,1.5,1,1,100,200,-0.817364229910258,-0.2884326451149454,-0.8584655265707675,-1.5214759307768286,1687,1249,438,0.04972172634673947,0.10668906857082852,0.07820539745878399,0.028483671112044525,-0.3194709320754757,-0.3760379621681691,-0.0001803198218599568,-0.7937392049391705
30,60,0.0,0,0.0,999.0,1,1,100,200,-0.8221391894570897,-0.29219549139712975,-0.8652680241107936,-1.3796339792507022,1937,1460,477,0.06179775280898876,0.1260107109104274,0.09390423185970807,0.03210647905071931,-0.20153967533297334,-0.41312403938769515,-0.00012657084809029916,-0.7938112024150616
30,96,0.0025,0,-0.2,2.5,1,1,100,200,-0.8382266919754088,-0.30549879383305656,-0.8504698035900868,-1.2833422313126894,1968,1465,503,0.07883545101333614,0.16510028352409956,0.12196786726871785,0.04313241625538171,-0.3517905272278039,-0.33220350526812725,-0.00010337967906949145,-0.7949008071937345
12,96,0.0025,0,-0.2,999.0,1,1,100,200,-0.8394993653988757,-0.3065957295948124,-0.8539040890377423,-1.244554484494269,1981,1497,484,0.08374461829255486,0.16717420980783368,0.12545941405019426,0.0417147957576394,-0.31428241026515047,-0.36961230637094156,-0.00010057201275392182,-0.795775498338397
30,200,0.005,0,0.0,2.5,1,1,100,200,-0.8253094606220815,-0.2947386592351273,-0.8654138598333481,-1.3668662082773084,1902,1430,472,0.05935629528509923,0.12451433371836607,0.09193531450173265,0.03257901921663341,-0.2990391511089372,-0.3548020717037953,-0.00013445486628333665,-0.7957888995656668
20,120,0.005,0,-0.2,2.5,1,1,100,200,-0.8346766116085336,-0.3024749931110289,-0.8569366582241573,-1.2978226720599095,1868,1404,464,0.07657775910952432,0.1555444712800588,0.11606111519479155,0.03948335608526725,-0.36317649344253655,-0.3392339823424031,-0.00011575110133581425,-0.795834455826103
30,60,0.0025,0,-0.2,999.0,1,1,100,200,-0.8391983406392095,-0.3063356454856514,-0.8544628637696399,-1.247600399232846,1928,1452,476,0.08303580804368371,0.16431271658090937,0.12367426231229654,0.04063845426861283,-0.28426333049017294,-0.41074695101815895,-0.00010643820386126542,-0.7959470973321137
12,120,0.005,0,-0.2,999.0,1,1,100,200,-0.8392821443676712,-0.3064080124053319,-0.8549595648517629,-1.2507446681389323,1917,1451,466,0.08180195316601911,0.1623963036858133,0.1220991284259162,0.040297175259897094,-0.3671083661366208,-0.3376155357369883,-0.00010878616109325362,-0.79642502823816
20,96,0.0,0,-0.2,2.5,1,1,100,200,-0.8364660460904755,-0.30399259131914746,-0.8577609799448795,-1.2726517887196582,2045,1527,518,0.08119815184290664,0.16930064055444713,0.1252493961986769,0.04405124435577024,-0.2977910345662681,-0.35238227230389707,-9.308975481817727e-05,-0.7965056707275702
30,120,0.0,0,0.2,999.0,1,1,100,200,-0.8260265407919474,-0.29531900911606546,-0.8449002755930892,-1.581840418897134,1856,1377,479,0.04720151212853092,0.10285624278063635,0.07502887745458364,0.027827365326052716,-0.28914387679190423,-0.3808051161850954,-0.00017837968798420912,-0.7968611678574667
48,200,0.01,0,-0.2,2.5,1,1,100,200,-0.8407767191356172,-0.30770371751138814,-0.8519589058702034,-1.2670247135782222,1786,1343,443,0.07169484406174524,0.15076656515803843,0.11123070460989185,0.03953586054814659,-0.49371210645773267,-0.2316997281784341,-0.00013057507210462407,-0.797034406125401
48,60,0.0,0,-0.2,999.0,1,1,100,200,-0.8397888241803827,-0.30684618898084204,-0.8606705463833325,-1.1974266165039567,2100,1588,512,0.08923133466344639,0.1813241625538171,0.13527774860863173,0.04604641394518534,-0.3477203900558049,-0.29792703260537234,-8.249971859793518e-05,-0.7970527929977061
30,60,0.005,0,-0.2,999.0,1,1,100,200,-0.8392796877074495,-0.3064058905794971,-0.8535423154052894,-1.2803352870956355,1816,1383,433,0.08085687283419091,0.15378557177360075,0.11732122230389583,0.03646434946970493,-0.3356762691953973,-0.40003072761704395,-0.0001247364730597331,-0.7971938126369236
12,120,0.0025,0,-0.2,2.5,1,1,100,200,-0.8395269295348154,-0.3066195643847076,-0.8513248701344253,-1.3052556880569293,1966,1464,502,0.0771553082011971,0.1623700514543736,0.11976267982778536,0.04260737162658826,-0.30852526406126557,-0.3796395755576186,-0.00010717159526162785,-0.7975447838547668
48,96,0.0,0,-0.2,2.5,1,1,100,200,-0.8367289309992207,-0.3042166585382913,-0.8665684455495711,-1.2113233453254602,2149,1593,556,0.08529349994749554,0.18048409114774755,0.13288879554762154,0.047595295600126014,-0.19740237775542824,-0.40409436865877935,-7.7684984674081e-05,-0.7980670485793497
48,60,0.0025,0,0.2,999.0,1,1,100,200,-0.8273295174874411,-0.2963784538695394,-0.836044572745561,-1.6739351615448064,1647,1248,399,0.0432374251811404,0.09043893730967133,0.06683818124540586,0.02360075606426546,-0.32135960631181326,-0.420158436490498,-0.00023844634914330586,-0.7980974983195602
30,200,0.01,0,-0.2,2.5,1,1,100,200,-0.8377892569814934,-0.30512335614107466,-0.8562983853738036,-1.2994458894421648,1765,1330,435,0.07130106059015016,0.14795757639399348,0.10962931849207183,0.03832825790192166,-0.44253795625844716,-0.2965632730378368,-0.00013361469360762522,-0.7982448433000848
12,120,0.0,0,-0.2,999.0,1,1,100,200,-0.8403627115442114,-0.30734382737665844,-0.8626958497982188,-1.1946199300535651,2179,1637,542,0.08886380342329098,0.18452693478945711,0.13669536910637403,0.04783156568308306,-0.3467275110806134,-0.27335524756482943,-7.574343449110172e-05,-0.7984227487784461
20,60,0.005,0,-0.2,999.0,1,1,100,200,-0.8380622098890093,-0.3053575285072134,-0.856021495465295,-1.3020554113018468,1777,1359,418,0.07957051349364697,0.14835135986558856,0.11396093667961776,0.034390423185970805,-0.26482842170530285,-0.46429383236559174,-0.00013256911254376237,-0.7984710468049534
30,120,0.0025,0,0.2,999.0,1,1,100,200,-0.8292321579851386,-0.29793702799580857,-0.8378511828341667,-1.634247514734416,1749,1303,446,0.044602541216003364,0.0971070040953481,0.07085477265567573,0.026252231439672372,-0.3063471206268431,-0.40959585120909303,-0.00020961952881662713,-0.7985749951496128
20,60,0.0,0,-0.2,2.5,1,1,100,200,-0.8323882703514955,-0.30055330584155415,-0.8657972045085836,-1.31108861041714,1936,1459,477,0.07888795547621548,0.15627953376036963,0.11758374461829256,0.038695789142077074,-0.156054778956647,-0.47701125553438184,-0.00010809685570810799,-0.7990063386167029
30,60,0.0025,0,0.0,999.0,1,1,100,200,-0.8280774693733758,-0.2969895024100543,-0.8598984435375776,-1.4430891863364603,1819,1373,446,0.05896251181350415,0.11881759949595716,0.08889005565473065,0.029927543841226503,-0.22384493200714028,-0.4498591305456765,-0.00015606326225637,-0.799093183495666
12,120,0.0,0,-0.2,2.5,1,1,100,200,-0.8384658241179966,-0.3057043773755622,-0.8597968741681967,-1.2759139786239377,2093,1562,531,0.08140816969442402,0.17182085477265568,0.12661451223353984,0.045206342539115825,-0.2847042517731615,-0.35674730821811795,-8.970659152058186e-05,-0.7993985133908574
12,200,0.0,0,0.0,1.5,1,1,100,200,-0.8176646435186361,-0.28866704803452403,-0.8746890661482833,-1.4708902576338758,1908,1423,485,0.05646854982673527,0.1190538695789142,0.08776120970282474,0.031292659876089465,-0.3151282545828399,-0.30867511457401386,-0.00013591570907093572,-0.7995560939903595
48,60,0.0,0,-0.2,2.5,1,1,100,200,-0.8382857450607764,-0.30554953956240294,-0.8598618394192382,-1.281683622594682,2021,1518,503,0.08188070986033813,0.1685655780741363,0.12522314396723722,0.043342434106899086,-0.2744896853318317,-0.3875522589293058,-9.711650471210982e-05,-0.7995646404017562
20,120,0.0025,0,0.0,2.5,1,1,100,200,-0.8293311403169425,-0.2980184901166566,-0.857443339882872,-1.4586471110413952,1855,1382,473,0.055602226189226084,0.12107529139976898,0.08833875879449753,0.03273653260527145,-0.3407970382809037,-0.3452974922548183,-0.00015117480800621517,-0.7996725156101624
30,96,0.0,0,0.0,999.0,1,1,100,200,-0.8303255500158215,-0.29883898988211643,-0.8645743834470119,-1.3728705408041317,2052,1539,513,0.06402919248136092,0.1353302530715111,0.099679722776436,0.03565053029507508,-0.30742414882258073,-0.3163297566119908,-0.0001141101375104903,-0.799769708645829
20,120,0.0,0,0.0,2.5,1,1,100,200,-0.8272308410832386,-0.2962979971236941,-0.8658533934482768,-1.4205758277692742,1973,1471,502,0.05877874619342644,0.12792712380552346,0.09335293499947496,0.03457418880604851,-0.3121121405368086,-0.326267924027442,-0.00012751369196028117,-0.8002534852362962
12,200,0.0025,0,0.0,1.5,1,1,100,200,-0.8211112279941043,-0.29137865380694883,-0.8663209336628248,-1.5168910383458694,1781,1323,458,0.052399453953586056,0.11162448808148692,0.08201197101753649,0.029612517063950437,-0.3526636780219701,-0.3265752711385268,-0.000165353676315117,-0.8003836725556547
48,200,0.0025,0,0.0,2.5,1,1,100,200,-0.8308999874812253,-0.29931471955920785,-0.8722449492824447,-1.30790330226006,2121,1567,554,0.06350414785256747,0.13974062795337602,0.10162238790297175,0.03811824005040428,-0.2728092251992056,-0.32829318006875974,-0.00010203704344530727,-0.8008323593134332
20,60,0.0025,0,-0.2,2.5,1,1,100,200,-0.8360201683230339,-0.3036132099045139,-0.8592069779999222,-1.3549568979314535,1817,1369,448,0.07508138191746298,0.14732752283944137,0.11120445237845217,0.036123070460989185,-0.1920659719529757,-0.4964185253406945,-0.00013014333444493913,-0.8009645438010478
48,60,0.0,0,0.0,999.0,1,1,100,200,-0.8312657238585992,-0.299618283969726,-0.8652139787462221,-1.3994764984203774,1990,1502,488,0.0631891210752914,0.1310248871154048,0.0971070040953481,0.0339178830200567,-0.27185873897805723,-0.37307044008974743,-0.00012601305908962934,-0.8021990982638559
48,96,0.0025,0,-0.2,2.5,1,1,100,200,-0.8422883121333684,-0.3090241094661811,-0.8612345273199089,-1.258715118891633,2024,1495,529,0.08069935944555287,0.17116454898666386,0.12593195421610837,0.045232594770555495,-0.258538322419563,-0.4146830524602203,-9.7651763133325e-05,-0.8025771290707172
20,96,0.0025,0,0.0,999.0,1,1,100,200,-0.8337149372815669,-0.3016648292361602,-0.8574148027722834,-1.4451333926720498,1885,1415,470,0.05988133991389268,0.1245668381812454,0.09222408904756904,0.032342749133676366,-0.2856607605777114,-0.40245083276655313,-0.00014793448981580544,-0.8026289002559044
20,96,0.0025,0,-0.2,2.5,1,1,100,200,-0.8425829762993514,-0.3092826796545344,-0.8541562370938506,-1.3264076757750458,1926,1436,490,0.07723406489551612,0.16029612517063951,0.1187650950330778,0.041531030137561695,-0.3350534339015502,-0.3797095045479718,-0.00011519830515617452,-0.802681181990212
12,200,0.005,0,0.2,999.0,1,1,100,200,-0.8283313963750689,-0.29719743470253124,-0.8472632307125647,-1.6547548135015662,1696,1275,421,0.04434001890160664,0.09364170954531136,0.068990864223459,0.02465084532185236,-0.3297337189385102,-0.4018400596254569,-0.00022423394318200177,-0.8035667907338919
20,96,0.005,0,-0.2,999.0,1,1,100,200,-0.8449110313935582,-0.3113392959633353,-0.8563131341511702,-1.2822007700280924,1884,1427,457,0.08198571878609681,0.16079491756799327,0.12139031817704504,0.03940459939094823,-0.38284726458139495,-0.3552431543378356,-0.00011854785003996972,-0.803605901540325
48,200,0.01,0,0.0,999.0,1,1,100,200,-0.8414425198532189,-0.30828406024276767,-0.8476529947774878,-1.4367788007513744,1737,1307,430,0.05402709230284574,0.1153523049459204,0.08468969862438307,0.03066260632153733,-0.4467774267174873,-0.3167715725674033,-0.00018536299672190003,-0.8039494976690803
48,120,0.0025,0,0.0,2.5,1,1,100,200,-0.8326639113913972,-0.3007836659484441,-0.8667839469004219,-1.3993379667623407,1947,1442,505,0.058621232804788405,0.1281896461199202,0.0934054394623543,0.034784206657565896,-0.31736721002946255,-0.35092650118565505,-0.0001346234934451807,-0.8041425377367721
12,200,0.01,0,0.0,999.0,1,1,100,200,-0.8382913202442696,-0.3055543312166784,-0.8490082613647751,-1.507464950877651,1665,1258,407,0.052163183870629,0.11002310196366691,0.08109314291714796,0.028929959046518954,-0.4249199284814136,-0.3533852796860133,-0.00020188130202221458,-0.8054317094429485
20,60,0.0025,0,-0.2,999.0,1,1,100,200,-0.8437511154388383,-0.31031155628802753,-0.8606709132051074,-1.2969900353686377,1891,1434,457,0.08222198886905387,0.15861598235850047,0.12041898561377717,0.0381969967447233,-0.24367044553460993,-0.4680951165835693,-0.00011918644910009357,-0.8054965146590131
48,60,0.005,0,-0.2,999.0,1,1,100,200,-0.8460940084301087,-0.3123938211829862,-0.8577417162996384,-1.2872732403749765,1863,1419,444,0.08279953796072666,0.16034862963351884,0.12157408379712276,0.03877454583639609,-0.3840590615021031,-0.365600346949585,-0.00012181818229957357,-0.8056283413515541
30,200,0.01,0,0.0,999.0,1,1,100,200,-0.8393835739915987,-0.30649564017382014,-0.8515373282488119,-1.4719361521797358,1711,1291,420,0.05365956106269033,0.11325212643074661,0.08345584374671847,0.029796282684028143,-0.4075026472937331,-0.3621252830811613,-0.00019075030707061156,-0.8058611119072129
30,96,0.0025,0,0.0,999.0,1,1,100,200,-0.8374325508338251,-0.30481780462609687,-0.8601387702351145,-1.440840415949353,1931,1448,483,0.061036438097238264,0.12803213273128217,0.09453428541426022,0.03349784731702195,-0.3382543044076892,-0.3547044780640034,-0.00014297887409722105,-0.8069292105411219
12,200,0.01,0,-0.2,999.0,1,1,100,200,-0.8466558546752126,-0.3128969324831776,-0.8599838404254727,-1.2985851547548013,1777,1347,430,0.07495012076026462,0.15286674367321224,0.11390843221673842,0.0389583114564738,-0.4951082934267568,-0.2613544099115296,-0.0001361319706420573,-0.807818110433654
48,120,0.0,0,0.0,2.5,1,1,100,200,-0.833233151084465,-0.30126035605284873,-0.8764151600190888,-1.378129487859781,2068,1535,533,0.06253281528929959,0.13535650530295076,0.09894466029612517,0.03641184500682558,-0.27484465673152203,-0.35307867373998014,-0.00011553405215422322,-0.8083744104553822
20,200,0.0025,0,0.0,2.5,1,1,100,200,-0.8339026832187846,-0.3018227011134298,-0.8729901703857246,-1.408633092176882,2017,1496,521,0.0604326367741258,0.1319962196786727,0.09621442822639924,0.03578179145227344,-0.2623864439929583,-0.38251097213852303,-0.0001253677193511081,-0.8087494409151361
48,60,0.0025,0,-0.2,2.5,1,1,100,200,-0.8462615932661341,-0.31254373288171755,-0.8581833762064469,-1.344840324648737,1902,1426,476,0.07794287514438727,0.15969232384752705,0.11881759949595716,0.040874724351569885,-0.33000417633489243,-0.40594367997878966,-0.00012147922590990651,-0.8088774372173778
48,200,0.0,0,0.0,2.5,1,1,100,200,-0.8349125357698693,-0.30267432338445344,-0.88357226106824,-1.3042316667377132,2266,1679,587,0.0687020896776226,0.1489814134201407,0.10884175154888165,0.04013966187125906,-0.24861273975960807,-0.31761578464686935,-8.627035832994662e-05,-0.8096720372554592
30,120,0.005,0,0.0,2.5,1,1,100,200,-0.8339397797282383,-0.3018539117269098,-0.8673273955436808,-1.4835849553332339,1754,1322,432,0.054945920403234275,0.11501102593720466,0.08497847317021946,0.030032552766985195,-0.3649486894718499,-0.3713219397470372,-0.00017692549090512631,-0.8096968572654119
12,120,0.0025,0,-0.2,999.0,1,1,100,200,-0.8502165708324683,-0.3161201564530567,-0.8623245567915045,-1.2701354050683025,2049,1536,513,0.08447968077286569,0.17420980783366585,0.12934474430326579,0.04486506353040008,-0.3607068771486063,-0.3471555685350143,-0.00010076332937159864,-0.8107892051022241
20,120,0.0025,0,-0.2,2.5,1,1,100,200,-0.8482162167066805,-0.31430195093216007,-0.8603449657064701,-1.3287105598590405,1999,1484,515,0.07891420770765516,0.16717420980783368,0.12304420875774441,0.044130001050089254,-0.36497052217145576,-0.3504428340593888,-0.00010950352856062013,-0.8109099617783472
12,120,0.0,0,0.0,999.0,1,1,100,200,-0.8370031643614858,-0.30445070622914205,-0.8712533215273096,-1.420594748021339,2056,1540,516,0.06303160768665336,0.1339651370366481,0.09849837236165074,0.035466764674997375,-0.29440062839544723,-0.35406715844999503,-0.0001232481432407565,-0.8111071043938639
48,60,0.0025,0,0.0,999.0,1,1,100,200,-0.8393954912896009,-0.3065059387522452,-0.8625668988488686,-1.474752051606505,1872,1414,458,0.060248871154048096,0.12377927123805524,0.09201407119605166,0.03176520004200357,-0.30780524196652026,-0.40826028119262925,-0.0001575911388675258,-0.8115269907570047
48,96,0.0,0,-0.2,999.0,1,1,100,200,-0.8488641539204095,-0.31488877853218955,-0.8753511443511387,-1.1828054176429659,2233,1668,565,0.0926441247506038,0.19350519794182505,0.14307466134621444,0.05043053659561063,-0.2941606287139943,-0.34585706660701754,-7.394914544775831e-05,-0.8117046215899071
20,200,0.005,0,-0.2,2.5,1,1,100,200,-0.8439741221839797,-0.3105086757099246,-0.8760017291740038,-1.278124058503628,2021,1507,514,0.08227449333193322,0.1686443347684553,0.12545941405019426,0.04318492071826105,-0.24625078310580018,-0.43123340033930846,-0.00010145967759980774,-0.8124157432221077
20,120,0.0,0,-0.2,2.5,1,1,100,200,-0.8469291382366303,-0.31314218039215125,-0.8691420131725114,-1.298218845064184,2124,1581,543,0.08314081696944241,0.176441247506038,0.12979103223774022,0.0466502152682978,-0.3470384167366577,-0.3218262428660523,-9.235896425981148e-05,-0.8126241292316161
30,96,0.0025,0,-0.2,999.0,1,1,100,200,-0.8520369374740016,-0.3177917222674722,-0.8632348805183511,-1.26475819461543,2045,1531,514,0.08594980573348734,0.17704504882915048,0.1314974272813189,0.04554762154783157,-0.4081743889542059,-0.3047568512073635,-0.00010069435113895442,-0.8126470722574192
12,120,0.0025,0,0.0,999.0,1,1,100,200,-0.8403569935625871,-0.30733886205650207,-0.8640554998611327,-1.4718763662678989,1927,1443,484,0.059855087682453005,0.12632573768770344,0.09309041268507823,0.03323532500262522,-0.3119220598353324,-0.39178147696819765,-0.00014965776873795682,-0.8129604303004634
20,120,0.005,0,-0.2,999.0,1,1,100,200,-0.851353167736816,-0.31716192650603536,-0.8635603903825452,-1.290183300412249,1950,1472,478,0.08348209597815814,0.1669641919563163,0.12522314396723722,0.04174104798907907,-0.41902080075066006,-0.32151837652054693,-0.00011469672252714098,-0.8134512867179204
20,120,0.005,0,0.0,999.0,1,1,100,200,-0.8396472507659731,-0.30672364487100456,-0.8656526669341178,-1.4827712176395629,1829,1383,446,0.05875249396198677,0.12065525569673423,0.0897038748293605,0.030951380867373725,-0.3509801509437709,-0.383291323510913,-0.0001669476834987691,-0.8136885392200416
20,96,0.0025,0,-0.2,999.0,1,1,100,200,-0.8527315480630726,-0.31843389127232646,-0.863558688362138,-1.288025863004692,2003,1503,500,0.08445342854142603,0.17203087262417305,0.12824215058279953,0.04378872204137352,-0.38282117031129126,-0.35023936378660003,-0.00010833364012659069,-0.81461452860363
20,200,0.0025,0,-0.2,2.5,1,1,100,200,-0.8495004650573642,-0.3154670382958369,-0.8726455169641987,-1.269669132121173,2171,1599,572,0.08482095978158144,0.1819542161083692,0.13338758794497532,0.04856662816339389,-0.20841355237455084,-0.436905398433833,-8.710824941093514e-05,-0.8152732533839949
48,96,0.005,0,-0.2,999.0,1,1,100,200,-0.8518294892422367,-0.3176004035824226,-0.8711928301689069,-1.2560151978483007,1975,1483,492,0.08492596870734012,0.1706657565893101,0.1277958626483251,0.042869893940984984,-0.3574779650184756,-0.3807773910609795,-0.00010930817676908853,-0.8159975785592911
48,96,0.005,0,0.0,999.0,1,1,100,200,-0.8408393476960099,-0.3077582246701539,-0.8726543057369879,-1.4424732123352935,1852,1394,458,0.06001260107109104,0.12343799222933949,0.09172529665021527,0.03171269557912423,-0.30755167749612833,-0.4196291304731291,-0.0001605618423852473,-0.8162090381554125
30,200,0.0025,0,0.0,2.5,1,1,100,200,-0.8399135472583934,-0.30695421944458146,-0.878801562870706,-1.4055160327629594,2059,1523,536,0.06150897826315237,0.13485771290559698,0.09818334558437466,0.036674367321222305,-0.28748623001925855,-0.3708136350439223,-0.0001245179432632106,-0.8166308025180824
20,120,0.0,0,-0.2,999.0,1,1,100,200,-0.8529664644787637,-0.31865162024508065,-0.8733952963673058,-1.2372799304804034,2211,1655,556,0.09043893730967133,0.18940984983723616,0.13992439357345374,0.049485456263782424,-0.41175734502508987,-0.24474691998323084,-8.228845977331596e-05,-0.8172132649527537
20,200,0.0,0,0.0,2.5,1,1,100,200,-0.837593176127689,-0.3049553284758789,-0.8845592242197583,-1.401560082470876,2162,1609,553,0.06502677727606847,0.14058069935944556,0.102803738317757,0.037776961041688546,-0.24249787574664128,-0.36786452952909376,-0.0001074494226370715,-0.8173129447093019
48,200,0.01,0,-0.2,999.0,1,1,100,200,-0.8577014140917054,-0.32310061901502507,-0.8621229647005442,-1.2702135034486908,1846,1394,452,0.07757534390423186,0.16042738632783787,0.11900136511603486,0.041426021211803006,-0.5376228048051988,-0.2252559817312353,-0.00013273696500717085,-0.8176727765377317
12,200,0.0025,0,0.2,999.0,1,1,100,200,-0.8418497206065643,-0.30863995656024956,-0.8511388417821572,-1.6872073854788527,1829,1360,469,0.04649270187965977,0.10130736112569569,0.07390003150267772,0.027407329623017958,-0.3502557092840983,-0.39244007640338596,-0.00020972114507051615,-0.8185697467252707
30,200,0.01,0,-0.2,999.0,1,1,100,200,-0.8560626553400356,-0.3215476070039509,-0.8645438180908839,-1.304581013083325,1827,1382,445,0.07723406489551612,0.15761839756379292,0.11742623122965452,0.0401921663341384,-0.4905341408949009,-0.2954924932540698,-0.00013665453883773688,-0.8190485667035591
12,200,0.0,0,0.2,999.0,1,1,100,200,-0.8399801871849761,-0.3070119680528176,-0.860436261703488,-1.6389768790347496,1955,1450,505,0.04977423080961882,0.10815919353145018,0.0789667121705345,0.02919248136091568,-0.3322480846615684,-0.3629292908418087,-0.00017714824087599828,-0.8191789428562991
30,200,0.0,0,0.0,2.5,1,1,100,200,-0.8394992019631622,-0.3065955882812318,-0.8879517155435532,-1.378443876866572,2204,1637,567,0.06633938884805209,0.1436784626693269,0.10500892575868949,0.0386695369106374,-0.24869665748020453,-0.35675846119625965,-0.00010226053813001879,-0.8194936398963371
48,120,0.005,0,-0.2,2.5,1,1,100,200,-0.8520971200618023,-0.31784726567815424,-0.8749478381278045,-1.3118885197988017,1947,1456,491,0.08046308936259582,0.164102698729392,0.1222828940459939,0.04181980468339809,-0.39635223476983183,-0.3512394352102651,-0.00011844280398629857,-0.8209156107319966
48,120,0.005,0,0.0,999.0,1,1,100,200,-0.8446277489237876,-0.3110877285254079,-0.8766099380015993,-1.433869102546919,1905,1436,469,0.06164023942035073,0.12716580909377298,0.09440302425706185,0.03276278483671112,-0.3607669939280037,-0.36979301614956006,-0.00015424216569030904,-0.8210861526535534
48,60,0.0025,0,-0.2,999.0,1,1,100,200,-0.8566168444189557,-0.3220712086205074,-0.8674681770576913,-1.3076772940095882,1979,1493,486,0.0851359865588575,0.1715058279953796,0.12832090727711856,0.04318492071826105,-0.3891549742090388,-0.36844823719800934,-0.00011457628541289816,-0.8211891618498325
20,200,0.0,0,-0.2,2.5,1,1,100,200,-0.8513879423397446,-0.3171939001578947,-0.8835680587528442,-1.2562274427952216,2318,1716,602,0.0908327207812664,0.19342644124750605,0.14212958101438622,0.051296860233119815,-0.19204062139108968,-0.41367595587794637,-7.286747461674818e-05,-0.8217893016740779
30,120,0.005,0,-0.2,2.5,1,1,100,200,-0.8515929732395426,-0.317382538415935,-0.8758219338311612,-1.3554889427146772,1893,1419,474,0.07802163183870629,0.1588785046728972,0.11845006825580175,0.040428436417095454,-0.4039538115805559,-0.35829255850227304,-0.00012803362293147032,-0.8230679524672495
48,200,0.005,0,0.0,999.0,1,1,100,200,-0.8495635593215582,-0.3155244829039304,-0.8828853037065557,-1.3822565807188063,2053,1540,513,0.06563057859918094,0.13687913472645175,0.10125485666281633,0.03562427806363541,-0.3534051118893564,-0.35041564532391545,-0.00013227475722280105,-0.8260799637931485
48,96,0.0,0,0.0,999.0,1,1,100,200,-0.8473516429357922,-0.31352203129350587,-0.8852118343521976,-1.4124056640966274,2113,1574,539,0.06581434421925864,0.1402656725821695,0.10304000840071406,0.037225664181455426,-0.2538125225094662,-0.41143959162579646,-0.00012236378543266612,-0.826748231674436
12,200,0.005,0,0.0,2.5,1,1,100,200,-0.8454326980569937,-0.3118035223797261,-0.8786099251220341,-1.5272437734764472,1839,1384,455,0.05694108999264937,0.11984143652210438,0.08839126325737688,0.0314501732647275,-0.38884362568607456,-0.36554777728900845,-0.0001754666955528612,-0.8274706736145655
20,120,0.0025,0,-0.2,999.0,1,1,100,200,-0.8624002677398233,-0.3276343465916699,-0.8734577801671677,-1.3143903594705537,2082,1554,528,0.0860810668906857,0.17922398403864329,0.1326525254646645,0.04657145857397879,-0.4188087895250939,-0.32932492016323567,-0.00010723388489304174,-0.8300827546487815
48,96,0.0025,0,-0.2,999.0,1,1,100,200,-0.8624285356287511,-0.32766199335838697,-0.8786911155371258,-1.2761753887689145,2105,1566,539,0.08789247086002311,0.18324057544891315,0.13556652315446813,0.047674052294445025,-0.33841868102943695,-0.40412607615157126,-0.00010179264167384236,-0.8308163205653956
20,120,0.0,0,0.0,999.0,1,1,100,200,-0.8502618088250967,-0.3161614991857872,-0.8830488464053281,-1.4732129657248922,2092,1561,531,0.06397668801848157,0.1372204137351675,0.10059855087682452,0.03662186285834296,-0.3529717180970112,-0.34113725361140335,-0.00013241661020079194,-0.8313465706746959
20,200,0.005,0,0.0,999.0,1,1,100,200,-0.8513957508169696,-0.31720108051716545,-0.8829072913122813,-1.473795906622394,1969,1485,484,0.06337288669536911,0.1307361125695684,0.09705449963246876,0.033681612937099654,-0.3169425039096051,-0.41756990189325016,-0.00015263630362397467,-0.8323445215044258
20,200,0.0,0,-0.2,999.0,1,1,100,200,-0.8622430864256398,-0.3274807017840463,-0.8883649533294177,-1.224920816259344,2410,1794,616,0.0983408589730127,0.20718261052189435,0.15276173474745353,0.054420875774440824,-0.2958049974015641,-0.34705561619403813,-6.870755028792436e-05,-0.8329092192617222
30,120,0.0025,0,0.0,2.5,1,1,100,200,-0.8510145335713306,-0.31685088032205977,-0.879821390025756,-1.5425208453296098,1887,1402,485,0.056836081066890684,0.12383177570093458,0.09033392838391263,0.03349784731702195,-0.3709134364318083,-0.39145484002831654,-0.00017191185122835531,-0.8338876176014182
30,200,0.005,0,0.0,999.0,1,1,100,200,-0.8534754879142902,-0.3191243577898748,-0.8856919989637886,-1.4527969947997417,2005,1509,496,0.06447548041583534,0.13315131786201828,0.09881339913892681,0.034337918723091464,-0.344054737924794,-0.391119894941385,-0.00014787065507992567,-0.8346102070117561
48,96,0.0025,0,0.0,999.0,1,1,100,200,-0.8540028272094804,-0.3196154929276437,-0.8823907448379738,-1.479852282466227,1990,1481,509,0.06245405859498057,0.13281003885330253,0.09763204872414155,0.03517799012916098,-0.29787008325557385,-0.4374539960628472,-0.00015134126603904183,-0.8348034794699419
30,120,0.0,0,0.0,2.5,1,1,100,200,-0.85020409609996,-0.3161087576259335,-0.8872046653204764,-1.5103709477502534,2007,1494,513,0.060327627848367114,0.13089362595820644,0.09561062690328678,0.03528299905491967,-0.33904849891020816,-0.38162226066931737,-0.0001485929617151278,-0.8352296376736843
20,120,0.0025,0,0.0,999.0,1,1,100,200,-0.8544129958494412,-0.3199984836837152,-0.8776752632081979,-1.5308945026885528,1967,1467,500,0.06085267247716056,0.12973852777486086,0.09529560012601071,0.03444292764885015,-0.36502193995090504,-0.38680397575964665,-0.00015958752495839445,-0.8353808404222418
20,200,0.005,0,-0.2,999.0,1,1,100,200,-0.8640591704168199,-0.32926454456141585,-0.8829885775558763,-1.2947648375240106,2105,1577,528,0.08928383912632573,0.18058910007350626,0.13493646959991598,0.04565263047359026,-0.3334789539537222,-0.4155527725926009,-0.00010542088750265854,-0.8354970752155546
48,200,0.0025,0,0.0,999.0,1,1,100,200,-0.856212890501018,-0.32168939066877866,-0.8900007342586215,-1.381983016439195,2232,1652,580,0.06891210752913998,0.14903391788302006,0.10897301270608002,0.04006090517694004,-0.313535932400159,-0.3604183511019644,-0.00011229310981081717,-0.8357889086200491
30,120,0.005,0,-0.2,999.0,1,1,100,200,-0.8656957612035532,-0.33088848454829434,-0.8804486695923174,-1.339282074846896,1976,1489,487,0.0848472120130211,0.17053449543211172,0.12769085372256642,0.04284364170954531,-0.45853817201503966,-0.33363507516165525,-0.00012485264347968726,-0.8380769230867978
48,200,0.0,0,0.0,999.0,1,1,100,200,-0.856811756667401,-0.32225574783527633,-0.8977448661274937,-1.3568443676628754,2385,1770,615,0.07413630158563478,0.15903601806153522,0.116586159823585,0.04244985823795023,-0.30327587749480445,-0.3225578717608253,-9.223652939184594e-05,-0.8389703992821669
20,200,0.0025,0,-0.2,999.0,1,1,100,200,-0.8682047039107361,-0.33340903891900875,-0.8850665923320774,-1.2835963475307466,2256,1670,586,0.09204032342749134,0.19463404389373096,0.14333718366061116,0.051296860233119815,-0.29944299358746096,-0.4186159449720567,-9.055917845706591e-05,-0.8401221524615847
30,120,0.0,0,-0.2,2.5,1,1,100,200,-0.8631323078520176,-0.32835177103749913,-0.8879215720938581,-1.3570204702550859,2152,1599,553,0.08500472540165914,0.18030032552766986,0.1326525254646645,0.047647800063005355,-0.3668960217165571,-0.36577460379078264,-0.00010368136591530167,-0.8401635805971825
48,120,0.0025,0,-0.2,2.5,1,1,100,200,-0.8663070281711097,-0.3314990876801982,-0.8822355779271197,-1.350966927764759,2090,1542,548,0.08290454688648535,0.1768350309776331,0.12986978893205922,0.046965242045573875,-0.38830255556049365,-0.378382629389854,-0.00011292764841521438,-0.8401652230319959
30,120,0.0025,0,-0.2,2.5,1,1,100,200,-0.8656854330964953,-0.33087818677053327,-0.8814020508764406,-1.395298433758668,2026,1500,526,0.0803843326682768,0.1707445132836291,0.12556442297595297,0.045180090307676155,-0.39858918161744605,-0.38481999414779455,-0.00012292264967585408,-0.8413441338966869
30,120,0.005,0,0.0,999.0,1,1,100,200,-0.8566957047299751,-0.3221458478821926,-0.8850091916398668,-1.542728360444897,1858,1402,456,0.05988133991389268,0.12341173999789982,0.09164653995589625,0.03176520004200357,-0.38947759418236627,-0.4055462473229837,-0.0001826488812268943,-0.8417868617243709
48,120,0.005,0,-0.2,999.0,1,1,100,200,-0.8687359414273588,-0.3339476519212595,-0.8844230958005408,-1.314555882653745,2027,1524,503,0.08736742623122966,0.17573243725716686,0.13154993174419827,0.0441825055129686,-0.45652178388968767,-0.3343725549951341,-0.00011915193816204688,-0.8418869939542172
30,120,0.0,0,-0.2,999.0,1,1,100,200,-0.8677381919301801,-0.3329374802452518,-0.8893692231665086,-1.2887901123590637,2239,1675,564,0.09225034127900872,0.19358395463614408,0.1429171479575764,0.050666806678567676,-0.43295518549033574,-0.28528757321207276,-9.201914754547673e-05,-0.8420615974464594
48,120,0.0,0,0.0,999.0,1,1,100,200,-0.8586269911502515,-0.3239840978899431,-0.894481246549724,-1.4474346374388098,2186,1626,560,0.06780951380867374,0.1450960831670692,0.10645279848787147,0.03864328467919773,-0.33709497604377414,-0.36361817161753596,-0.00012456211585391085,-0.8435964530367456
30,200,0.005,0,-0.2,2.5,1,1,100,200,-0.866200276500237,-0.33139229122903247,-0.888911188866384,-1.357941639599386,2058,1531,527,0.08398088837551192,0.1720833770870524,0.12803213273128217,0.04405124435577024,-0.3636836772128845,-0.411450583541323,-0.00011865234491657553,-0.8437449676421938
48,200,0.005,0,-0.2,2.5,1,1,100,200,-0.8691380632629919,-0.33435651725217885,-0.8864984798804001,-1.3233780960400494,2108,1565,543,0.08547726556757325,0.17736007560642655,0.1314186705869999,0.04594140501942665,-0.3995182079433238,-0.37457626470052763,-0.00011277918754739028,-0.8437746619943813
48,120,0.0,0,-0.2,2.5,1,1,100,200,-0.8667396892664061,-0.33193262995453776,-0.8909719815294682,-1.3312954139305222,2220,1645,575,0.08810248871154049,0.1866008610731912,0.13735167489236585,0.04924918618082537,-0.3512204862548708,-0.37656507839471665,-9.754942118570499e-05,-0.843983391415798
48,120,0.0025,0,0.0,999.0,1,1,100,200,-0.8603175690361197,-0.3256097962406834,-0.8883144447148317,-1.4876492655615394,2056,1526,530,0.06387167909272289,0.13716790927228814,0.1005197941825055,0.036648115089782635,-0.3622140094749342,-0.3876028123666748,-0.00014763497808782696,-0.8441494818761762
12,200,0.005,0,-0.2,2.5,1,1,100,200,-0.8662784337844929,-0.33147047461250356,-0.8900806307653132,-1.4174714926773309,1993,1487,506,0.08056809828835451,0.16541531030137563,0.12299170429486507,0.04242360600651055,-0.4174039778258456,-0.3781056366961164,-0.00013088190717033935,-0.8473843646290268
20,200,0.0025,0,0.0,999.0,1,1,100,200,-0.8615920617578352,-0.3268458141568128,-0.8928305233331477,-1.4978090500701402,2129,1582,547,0.06581434421925864,0.14121075291399768,0.10351254856662816,0.03769820434736953,-0.31294985136928266,-0.415755473242997,-0.00013841904291927404,-0.8481515283268937
48,200,0.0025,0,-0.2,2.5,1,1,100,200,-0.8725604267855812,-0.33787756943571623,-0.8913712662746169,-1.304019004533572,2280,1676,604,0.08910007350624803,0.19274388323007455,0.14092197836816128,0.051821904861913265,-0.35098261631767336,-0.3858598318273727,-9.424769232533021e-05,-0.8487641527997033
48,120,0.0,0,-0.2,999.0,1,1,100,200,-0.8736571901065171,-0.33902195987766637,-0.8956423256967851,-1.2814310645217375,2308,1723,585,0.09550561797752809,0.19998949910742414,0.14774755854247612,0.05224194056494802,-0.4225083413718802,-0.30608546620104304,-8.905904245732965e-05,-0.8509146759521458
20,200,0.0,0,0.0,999.0,1,1,100,200,-0.8626963494538011,-0.32792414829284666,-0.9011737214729908,-1.471896524110078,2284,1703,581,0.07046098918408064,0.1505302950750814,0.11049564212958102,0.04003465294550037,-0.3109631556962852,-0.3755064319958097,-0.00011664023206535456,-0.8521058352348461
30,200,0.0,0,0.0,999.0,1,1,100,200,-0.864262641337249,-0.3294655885902993,-0.9040460619705262,-1.4491293138235741,2325,1730,595,0.0717473485246246,0.1536543106164024,0.1127008295705135,0.040953481045888904,-0.31573156525499235,-0.36544907493140844,-0.0001116113310848923,-0.8539450852667411
12,200,0.0025,0,0.0,2.5,1,1,100,200,-0.8623819174506064,-0.3276164019397375,-0.8937931467660012,-1.588669712283638,1991,1478,513,0.05930379082221989,0.12955476215478315,0.09442927648850152,0.03512548566628163,-0.41876203097070963,-0.35913020429011855,-0.0001690911665347348,-0.8539464609369201
48,200,0.0,0,-0.2,2.5,1,1,100,200,-0.8750212169801259,-0.3404563593223978,-0.899921671635553,-1.2960500051104622,2434,1799,635,0.09595190591200252,0.20521369316391894,0.15058279953796072,0.05463089362595821,-0.32952727314196184,-0.370314435122016,-8.03806812651721e-05,-0.8552196953956975
30,200,0.0025,0,0.0,999.0,1,1,100,200,-0.8665396837186067,-0.3317320773478025,-0.8976871972758533,-1.4937402931309554,2170,1608,562,0.06686443347684554,0.1440459939094823,0.10545521369316392,0.038590780216318385,-0.3363565777392412,-0.4046878997853425,-0.00013739699244585146,-0.855262690642277
30,200,0.0025,0,-0.2,2.5,1,1,100,200,-0.8754509877906145,-0.3409108967083644,-0.8934350683996096,-1.3727252216208274,2215,1628,587,0.08657985928803949,0.18591830305575974,0.1362490811718996,0.04966922188386013,-0.33636035460661784,-0.4317893244162414,-0.00010749876201458902,-0.8562646919892105
30,200,0.0,0,-0.2,2.5,1,1,100,200,-0.8738425692271249,-0.339216173491784,-0.9006144360655367,-1.3402358590462873,2363,1747,616,0.09293289929644019,0.1977318072036123,0.14533235325002625,0.052399453953586056,-0.3038857972190516,-0.4091467971832028,-8.875813590196498e-05,-0.8565351844768667
30,120,0.0025,0,-0.2,999.0,1,1,100,200,-0.8776899884990447,-0.34329942553539883,-0.8907332733979938,-1.3736861525215833,2110,1572,538,0.08747243515698834,0.18308306206027514,0.13527774860863173,0.04780531345164339,-0.4534885880389128,-0.3570783750448957,-0.0001188389372209391,-0.8573503698604749
48,200,0.0,0,-0.2,999.0,1,1,100,200,-0.8801984001958444,-0.3460172615089562,-0.9011370278604866,-1.2445867820952645,2520,1872,648,0.10340753964086948,0.2190223669011866,0.16121495327102803,0.057807413630158566,-0.4007513836579537,-0.2949766948315229,-7.227724958963825e-05,-0.8588151145439626
12,200,0.0,0,0.0,2.5,1,1,100,200,-0.8642395288787372,-0.3294427396741174,-0.9036419215897181,-1.5709263100732649,2134,1589,545,0.06363540900976583,0.13792922398403865,0.10078231649690224,0.03714690748713641,-0.3963789515397368,-0.3460913836911932,-0.0001468669644141646,-0.8598100159726396
48,120,0.0025,0,-0.2,999.0,1,1,100,200,-0.8806460379873708,-0.3465070490396035,-0.8942220378736916,-1.3482734984486875,2171,1612,559,0.09004515383807624,0.18917357975427912,0.13960936679617766,0.04956421295810144,-0.44909682014503727,-0.35833830066758754,-0.00011259245952552559,-0.8610317428988836
48,200,0.005,0,-0.2,999.0,1,1,100,200,-0.8825478619664555,-0.3486044774557946,-0.8950175859069496,-1.319156157383354,2187,1631,556,0.09251286359340544,0.18938359760579648,0.14094823059960096,0.04843536700619552,-0.45808837006563763,-0.3529285532730738,-0.00011200692379562215,-0.8620710782784371
12,200,0.0025,0,-0.2,2.5,1,1,100,200,-0.8777534082635998,-0.343367588339647,-0.8945232118570847,-1.4454446644456134,2146,1583,563,0.08335083482095978,0.1784364170954531,0.13089362595820644,0.047542791137246666,-0.424584616488497,-0.3786020606284809,-0.00012191362942324982,-0.86290142749047
30,120,0.0,0,0.0,999.0,1,1,100,200,-0.8694750762117814,-0.33469995659952423,-0.9012873248215189,-1.5524638188884106,2126,1585,541,0.06544681297910322,0.1405281948965662,0.10298750393783472,0.03754069095873149,-0.3816039037517346,-0.3887805081743547,-0.00015053292719525692,-0.8629668099547041
48,200,0.0025,0,-0.2,999.0,1,1,100,200,-0.8849435227258254,-0.3512855494046534,-0.8989308122543903,-1.2976160849717688,2360,1743,617,0.09631943715215793,0.20547621547831565,0.1508978263152368,0.05457838916307886,-0.4133341543420135,-0.36156613463633036,-9.345746329364747e-05,-0.865631759780437
30,120,0.0025,0,0.0,999.0,1,1,100,200,-0.8722107935783259,-0.33751440941906385,-0.8964701180259648,-1.6039163731891928,1999,1488,511,0.06200777066050614,0.13278378662186285,0.0973957786411845,0.03538800798067836,-0.39803548034493064,-0.42308853601628293,-0.00017722382531834338,-0.865945287091506
30,200,0.005,0,-0.2,999.0,1,1,100,200,-0.8832500999181184,-0.3493858109739989,-0.8968697005179873,-1.3706755345468127,2140,1599,541,0.09096398193846476,0.18400189016066365,0.1374829360495642,0.04651895411109944,-0.43704500816978065,-0.39522455283639857,-0.00012137550594944304,-0.8663544379603332
30,200,0.0,0,-0.2,999.0,1,1,100,200,-0.8828977030278162,-0.34899325389864366,-0.9045787837855104,-1.3057686928611887,2453,1823,630,0.10041478525674682,0.2115142287094403,0.15596450698309355,0.055549721726346736,-0.3921895879219226,-0.34295869801872114,-8.35974279164398e-05,-0.8665710804344583
12,200,0.0,0,-0.2,2.5,1,1,100,200,-0.8779880900999792,-0.34362006781688426,-0.9039084624541146,-1.4210668322049484,2293,1700,593,0.08899506458048934,0.18954111099443452,0.13926808778746194,0.05027302320697259,-0.4048546603988714,-0.3546098499632867,-0.000104029819122659,-0.8666276406541891
12,200,0.005,0,0.0,999.0,1,1,100,200,-0.8716462819017422,-0.3369297315840877,-0.8979273474855529,-1.6169971448823819,1943,1465,478,0.06208652735482516,0.12839966397143757,0.09524309566313137,0.033156568308306204,-0.4264642263968149,-0.4086146721139904,-0.0001886911643801854,-0.8667432625709832
12,200,0.005,0,-0.2,999.0,1,1,100,200,-0.8838708844853058,-0.3500796532976317,-0.8985896548254069,-1.4288221924696802,2077,1558,519,0.0876036963141867,0.1772288144492282,0.13241625538170745,0.04481255906752074,-0.4833804692340826,-0.36481840071119875,-0.0001335300274284512,-0.8708155903338192
12,200,0.0,0,-0.2,999.0,1,1,100,200,-0.8866325447017366,-0.35320276073172197,-0.9076492601920226,-1.3785931122917419,2387,1780,607,0.09650320277223565,0.20308726241730546,0.14979523259477057,0.05329202982253491,-0.4735989378442934,-0.2893893182533085,-9.736633164464186e-05,-0.8759570464423203
30,200,0.0025,0,-0.2,999.0,1,1,100,200,-0.8907672015442277,-0.3579943064764435,-0.9036849006563418,-1.3817795857287043,2298,1697,601,0.09377297070250971,0.1985718786096818,0.14617242465609576,0.052399453953586056,-0.41238743945712075,-0.41333369959108845,-0.00010953281187766858,-0.8789257360910495
12,200,0.0025,0,-0.2,999.0,1,1,100,200,-0.8925055464514793,-0.3600522382799384,-0.904355732445804,-1.4472147287149886,2233,1656,577,0.09057019846686969,0.19095873149217685,0.14076446497952325,0.050194266512653574,-0.4847798845152802,-0.3626113912842941,-0.00012253521843677573,-0.8845908409385899
12,200,0.0025,0,0.0,999.0,1,1,100,200,-0.8854603905705479,-0.35186984287621637,-0.9104907061838802,-1.673058238719584,2104,1566,538,0.06465924603591305,0.1386380342329098,0.10164864013441142,0.03698939409849837,-0.4522533420783821,-0.40108110591887236,-0.0001797899608603652,-0.8907681079041356
12,200,0.0,0,0.0,999.0,1,1,100,200,-0.8854461690299332,-0.3518537379414972,-0.9176696795498731,-1.6368693916205468,2256,1684,572,0.06904336868633834,0.14769505407959677,0.10836921138296755,0.03932584269662921,-0.44251850392635184,-0.3649822742163318,-0.00015412791455705392,-0.8925320472974612
