ema_fast,ema_slow,trend_threshold,use_macd,volume_filter,funding_z_cap,allow_short,total_return,annual_return,max_drawdown,sharpe,trades,exposure,abs_exposure,avg_bar_return_when_in_position,score
12,96,0.0,0,-999.0,999.0,0,4.304934945742271,0.5185124740186824,-0.2327746137611807,1.5083754102191502,91,0.2700058506143145,0.2700058506143145,0.00023329664186505421,0.47754393764904957
12,120,0.0,0,-999.0,999.0,0,4.404274091010345,0.5255816323060378,-0.2609470015740153,1.5089480432892783,87,0.28017941883897807,0.28017941883897807,0.000227393621388778,0.4705555336834941
30,60,0.0,0,-999.0,999.0,0,3.938767930164339,0.4915655986880121,-0.27540793981608014,1.4579864664530506,84,0.26506533185984527,0.26506533185984527,0.00022811809772815448,0.42676095210262455
12,120,0.0025,0,-999.0,999.0,0,3.8228211339564915,0.482721061083099,-0.2557063952717312,1.4335845002000802,79,0.2638952089969447,0.2638952089969447,0.00022617082911591003,0.4265470884572374
12,96,0.0025,0,-999.0,999.0,0,3.685211112827939,0.47201471139402695,-0.23546319478166322,1.423857944336459,85,0.25420919196515634,0.25420919196515634,0.00023075894160829458,0.4254760112200183
30,96,0.0,0,-999.0,999.0,0,4.128072111595524,0.5056770560087431,-0.31365613208518983,1.4566998130318831,73,0.28349476695052983,0.28349476695052983,0.00021845127277095387,0.42168398061774237
12,120,0.0,0,-999.0,1.5,0,3.4354797610985175,0.45196737248047647,-0.2202977949931214,1.4946706701372543,242,0.22368848729116558,0.22368848729116558,0.0002596458780243696,0.4165520084907785
48,96,0.0,0,-999.0,999.0,0,3.9362342088981483,0.49137399624652,-0.3060897919144242,1.4022176881410786,65,0.29428590001950206,0.29428590001950206,0.00020705281543218515,0.40843998469636184
12,96,0.0,0,-999.0,1.5,0,3.1630058815492044,0.4291046331295296,-0.19210307359252887,1.4535763792462495,240,0.21553013066371968,0.21553013066371968,0.00025902678231026,0.40573191529557767
20,96,0.0,0,-999.0,999.0,0,3.774484445287544,0.47898677005754764,-0.2906653054843713,1.413868073618124,82,0.2762465058831177,0.2762465058831177,0.00021563322886002792,0.4043475209962682
30,60,0.0025,0,-999.0,999.0,0,3.5030702438415746,0.4574750808617094,-0.26603604097595945,1.3985033248357686,78,0.24904114932067867,0.24904114932067867,0.00022955554352254058,0.39438222661551814
12,120,0.005,0,-999.0,999.0,0,3.4961406909117123,0.4569132789383221,-0.26775190381926217,1.4023749345131824,70,0.24900864590782032,0.24900864590782032,0.00022858936621917203,0.39315607375435013
48,60,0.0,0,-999.0,999.0,0,3.7007448976470556,0.47323498212406023,-0.3010357002790627,1.3972127020461256,74,0.2764740297731262,0.2764740297731262,0.00021338620184495983,0.39257776708683517
12,96,0.005,0,-999.0,999.0,0,3.4510480100653815,0.4532415219567283,-0.2630030625676306,1.4075692541418252,77,0.23981018006890722,0.23981018006890722,0.00023573734627059707,0.39211845338000423
20,120,0.0,0,-999.0,999.0,0,3.7577789065502296,0.4776895800623371,-0.3204235391730984,1.3955139525013418,78,0.2874601833192485,0.2874601833192485,0.00020738754157653748,0.38725350810085496
30,96,0.0025,0,-999.0,999.0,0,3.534192186925588,0.4599902781743115,-0.30644513922769456,1.3741368270585104,68,0.26737307417278816,0.26737307417278816,0.00021561206027035496,0.37547454991338974
30,96,0.005,0,-999.0,999.0,0,3.4364791501823992,0.452049265920472,-0.29985851735840185,1.380863523045451,62,0.2521289735422219,0.2521289735422219,0.00022409317583746232,0.37116318339354365
20,96,0.0025,0,-999.0,999.0,0,3.3400286888595163,0.4440812166629453,-0.2832127621531886,1.3519671967628177,76,0.2601573165182344,0.2601573165182344,0.00021591437589127974,0.3700731954244919
12,60,0.0,0,-999.0,999.0,0,3.4601697810897507,0.45398652197351974,-0.3115663258537521,1.4215346728356968,115,0.2537216407722811,0.2537216407722811,0.00022491128814832557,0.36928009268842854
30,60,0.0,0,-999.0,1.5,0,2.883459644438063,0.4044511067675718,-0.22266397775650482,1.4002358456498654,236,0.21081713579925893,0.21081713579925893,0.00025331371140282447,0.36313091017181265
12,120,0.0025,0,-999.0,1.5,0,2.856147802092101,0.40197184827516175,-0.22309526308379102,1.3841651622534357,226,0.21013456412923356,0.21013456412923356,0.0002527454132292471,0.359632474845938
48,96,0.0025,0,-999.0,999.0,0,3.3378487408475364,0.4438995974163016,-0.3042727874746304,1.3159847466051537,59,0.27764415263602676,0.27764415263602676,0.00020325373147980492,0.35756244100924406
48,96,0.0,0,-999.0,1.5,0,3.154259041369322,0.4283523428691798,-0.2821271697251698,1.4022993274640951,235,0.2331144770200871,0.2331144770200871,0.00024109679066504393,0.3574037243797996
30,96,0.0,0,-999.0,1.5,0,3.14056976772137,0.4271725813261993,-0.2898945411085393,1.4256153404883252,237,0.22515114086979132,0.22515114086979132,0.0002480089241971254,0.3535060777963459
20,120,0.0025,0,-999.0,999.0,0,3.327206708355434,0.4430119880933605,-0.3132836472993161,1.3344660419505645,71,0.2711109666514984,0.2711109666514984,0.0002073721463725396,0.3530934665412307
30,120,0.0,0,-999.0,999.0,0,3.3174590045843555,0.4421975340552944,-0.32594008706393485,1.305612513834819,68,0.2945784307352272,0.2945784307352272,0.00019192948259653874,0.34450811621506794
12,60,0.0,0,-999.0,1.5,0,2.5950465997294696,0.3775791824941772,-0.2057662385794813,1.3781669282419706,257,0.20207371774036273,0.20207371774036273,0.00025115353779942115,0.3436044096165351
48,60,0.0025,0,-999.0,999.0,0,3.1164060579781276,0.4250829622471033,-0.293692112307272,1.305596601746774,70,0.2606123642982513,0.2606123642982513,0.00020880635547889368,0.343516736180806
20,200,0.0,0,-999.0,999.0,0,3.3477823849342494,0.44472665105728204,-0.33186610277748374,1.291213504158934,69,0.3164207241760385,0.3164207241760385,0.00018053788425932796,0.3433542748764869
12,120,0.005,0,-999.0,1.5,0,2.734615893631023,0.3907773020596377,-0.23465553711365628,1.3859747775590583,207,0.19671065461873496,0.19671065461873496,0.0002615242799671542,0.34274827238076244
48,200,0.0,0,-999.0,999.0,0,3.454613129578111,0.45353283115712806,-0.3489173406137348,1.2672456593580796,52,0.3347851524410063,0.3347851524410063,0.00017461314451698733,0.3424364438181646
20,120,0.005,0,-999.0,999.0,0,3.180920034644382,0.430641686366509,-0.3133694580939308,1.3301826955997325,64,0.2557368523694988,0.2557368523694988,0.00021367020451931813,0.34046609209953027
12,96,0.0025,0,-999.0,1.5,0,2.5877035389015517,0.3768742348342722,-0.20767803957203235,1.3330408759384,226,0.20233374504322954,0.20233374504322954,0.00025011739345551785,0.33968725884517603
20,96,0.005,0,-999.0,999.0,0,3.0978756219063666,0.42347425647914094,-0.3037982233583816,1.3286744758656157,69,0.24553078073197684,0.24553078073197684,0.00021936422470812537,0.3380088685932309
12,96,0.005,0,-999.0,1.5,0,2.5372711367984535,0.3720031753545525,-0.2157564972024586,1.350276783456302,209,0.1893973867256062,0.1893973867256062,0.00026167648971129617,0.33163876592613833
12,60,0.0025,0,-999.0,999.0,0,3.0057401088949467,0.41539361434407573,-0.3048145473453141,1.3469292675744933,107,0.23766495482025612,0.23766495482025612,0.0002240294024629552,0.33033280405014337
20,96,0.0,0,-999.0,1.5,0,2.7861994444441565,0.3955616369230097,-0.26802243071640064,1.356798261506772,235,0.22024312552818046,0.22024312552818046,0.00023962803441277255,0.329390334640148
20,120,0.0,0,-999.0,1.5,0,2.9349927573371977,0.40909369582743915,-0.29929631522231204,1.3755906076832394,237,0.22882402652278488,0.22882402652278488,0.00023701860693895683,0.3282250686004451
30,60,0.005,0,-999.0,999.0,0,3.0162033592871724,0.4163182512959709,-0.31237377826217716,1.3275426503410714,72,0.23545472274588833,0.23545472274588833,0.00022526975327748946,0.3265084946819359
48,60,0.005,0,-999.0,999.0,0,3.0278064675962257,0.4173415081717933,-0.3219945240755753,1.3110711263553023,64,0.24572580120912696,0.24572580120912696,0.00021678296750627646,0.32189780245177074
30,60,0.0025,0,-999.0,1.5,0,2.439200705603963,0.3623798904489053,-0.21135970298946338,1.3036076825538332,221,0.19762075017876876,0.19762075017876876,0.0002481942046742868,0.32188042308186526
48,120,0.0,0,-999.0,999.0,0,3.1408695498318,0.4271984482775628,-0.34205412416088954,1.2546987568688106,62,0.3062471559513749,0.3062471559513749,0.00018100169040029978,0.3189063240405586
20,60,0.0,0,-999.0,999.0,0,2.9842771431037574,0.4134912521764267,-0.32947778954979345,1.3073074939337512,101,0.25833712539816683,0.25833712539816683,0.00020692531829863105,0.31411773209821753
20,200,0.0,0,-999.0,1.5,0,2.8342345431218416,0.3999731157765407,-0.3110633079534669,1.3143750602365485,248,0.252876552037964,0.252876552037964,0.000213691139092322,0.3101602148116347
30,96,0.005,0,-999.0,1.5,0,2.615738727649412,0.37955987614295106,-0.2748928739663259,1.3485701270602297,207,0.19859585256451928,0.19859585256451928,0.0002541115372613787,0.3095419455127996
48,96,0.005,0,-999.0,999.0,0,3.0149848278794558,0.41621066270674256,-0.3459048982183528,1.278992301016316,55,0.2602223233439511,0.2602223233439511,0.00020548686736033541,0.307207828648382
48,96,0.0025,0,-999.0,1.5,0,2.574014642740924,0.3755571821837471,-0.27458492145328117,1.2845181620632988,219,0.2198205811610219,0.2198205811610219,0.00023149928864616413,0.3024906295602715
30,96,0.0025,0,-999.0,1.5,0,2.558355151403439,0.37404588668281535,-0.282433899830149,1.3044784762289383,222,0.21224728596502632,0.21224728596502632,0.00023796913301805058,0.2980528605791878
48,200,0.0,0,-999.0,1.5,0,2.725477698831936,0.3899245835241525,-0.30934591859328175,1.2501646601492948,249,0.26776311512708834,0.26776311512708834,0.0002005114832521207,0.29775985723497633
30,120,0.0025,0,-999.0,999.0,0,2.7776027785562514,0.39476771013026646,-0.31885815416567376,1.2140979907095277,62,0.2779366833517519,0.2779366833517519,0.00018673525448337106,0.29604353258290594
20,200,0.0025,0,-999.0,999.0,0,2.9802735873381745,0.41313554875812786,-0.3589343277002278,1.2358551062237675,61,0.29617109796528635,0.29617109796528635,0.0001820573116158818,0.29546114021920233
30,200,0.0,0,-999.0,999.0,0,3.009412015073484,0.4157183065069099,-0.362856707292174,1.2147180884541333,62,0.32360397841773386,0.32360397841773386,0.00016903654370328434,0.29502585728352954
20,60,0.0,0,-999.0,1.5,0,2.2357603044655256,0.3417415066976677,-0.22058816100510592,1.257604072465898,246,0.2056165897419229,0.2056165897419229,0.00023035924768250975,0.2943276298184096
30,60,0.005,0,-999.0,1.5,0,2.160798691998187,0.33389145319867186,-0.20779476198538271,1.250962575921105,206,0.18556198400832088,0.18556198400832088,0.0002466712405684421,0.29254220100203576
48,60,0.0,0,-999.0,1.5,0,2.599323907905501,0.37798931475644615,-0.30323354089660903,1.3111927811648552,234,0.21874796853669634,0.21874796853669634,0.00023367556062622332,0.2919321833663844
12,60,0.005,0,-999.0,999.0,0,2.904018621066261,0.4063087583733169,-0.3651985223714127,1.3519476102857506,98,0.22385100435545732,0.22385100435545732,0.0002319802568804759,0.2913068777018981
30,120,0.0,0,-999.0,1.5,0,2.693634445995365,0.3869408656314295,-0.32805961771221237,1.30666483397937,237,0.23389455892868752,0.23389455892868752,0.000223754505669149,0.2882442984742918
48,96,0.005,0,-999.0,1.5,0,2.4537372632973162,0.3638191870797751,-0.28287657207007066,1.2837205464682786,205,0.2043814600533056,0.2043814600533056,0.0002406843099778642,0.28656692836815373
20,120,0.005,0,-999.0,1.5,0,2.4702507064994954,0.36544872025068664,-0.291313008290496,1.305891662453128,206,0.20165117337320418,0.20165117337320418,0.00024379826849967357,0.28508679922809504
20,96,0.0025,0,-999.0,1.5,0,2.333973356884425,0.35182274883366116,-0.2603319926274196,1.2557614057772462,221,0.20704673990769032,0.20704673990769032,0.0002330535412491753,0.28444482280881367
20,120,0.0025,0,-999.0,1.5,0,2.471870845610803,0.3656082809008987,-0.29193445260160544,1.2778463031947223,222,0.21549762725086133,0.21549762725086133,0.00023090916571772517,0.2835333697598321
48,200,0.0025,0,-999.0,999.0,0,2.994557519849268,0.41440340572138723,-0.38338033572806907,1.1988303390749455,48,0.3130728726516284,0.3130728726516284,0.00017452037791390755,0.2826547548111
12,60,0.0025,0,-999.0,1.5,0,2.1425107422739402,0.33195517557523146,-0.22571103958712946,1.2647926484917649,241,0.1885522979912891,0.1885522979912891,0.00024373204053433463,0.282339288206255
20,60,0.0025,0,-999.0,999.0,0,2.604045383736129,0.37844161226533024,-0.32117156224781396,1.2378987182508199,95,0.2426379769875837,0.2426379769875837,0.00020567136934207872,0.2797507670539643
48,120,0.0,0,-999.0,1.5,0,2.709264165508543,0.3884077722471668,-0.3518355755118707,1.2904137424991884,236,0.2428980042904505,0.2428980042904505,0.00021699920979323617,0.27701067161619086
20,96,0.005,0,-999.0,1.5,0,2.256577125611152,0.34389725101921687,-0.2613939017637822,1.261213340522104,205,0.1939478645257752,0.1939478645257752,0.00024192732350719585,0.27626096716343096
12,60,0.005,0,-999.0,1.5,0,2.1625240406789925,0.3340736944223308,-0.2511697682695193,1.3037228031171926,222,0.17633101475654944,0.17633101475654944,0.00025830702940344815,0.2736749504434308
20,200,0.0025,0,-999.0,1.5,0,2.4437915186334433,0.3628349288635373,-0.30382507388763635,1.2346276184439362,227,0.23668985243450563,0.23668985243450563,0.00021141340739957195,0.27265377284191594
20,200,0.005,0,-999.0,999.0,0,2.726739785122443,0.39004244669220833,-0.3699419988622037,1.2054339976197805,55,0.2778716765260352,0.2778716765260352,0.00018465872797890275,0.2653431471420955
12,200,0.0,0,-999.0,999.0,0,2.684310744230592,0.38606358475019764,-0.36724815764210794,1.1745245022236348,82,0.3107651303386856,0.3107651303386856,0.0001666956487995438,0.2611657310403254
12,200,0.0,0,-999.0,1.5,0,2.4468876505639474,0.36314155875862464,-0.3303918230205085,1.232453376241372,253,0.24878112201781186,0.24878112201781186,0.00020311310366468834,0.259568316060439
30,120,0.005,0,-999.0,999.0,0,2.5587659083786,0.37408559239900363,-0.348960036470485,1.1872021787108922,56,0.2612949359682767,0.2612949359682767,0.0001894620367830576,0.25896568309930573
20,200,0.005,0,-999.0,1.5,0,2.3144647203725333,0.3498381431716253,-0.3142033702922049,1.227171125129965,211,0.22047064941818892,0.22047064941818892,0.0002185719798083622,0.25409501428202114
48,200,0.0025,0,-999.0,1.5,0,2.262947692990667,0.34455490816823153,-0.306053880016651,1.1517210451251354,231,0.2503412858350127,0.2503412858350127,0.00019540585272085866,0.2491140204161628
48,60,0.005,0,-999.0,1.5,0,2.1181204924817596,0.32935961383319556,-0.2834213262196488,1.2213190439549706,205,0.192907755314308,0.192907755314308,0.0002358570554700189,0.2487149029211197
48,120,0.0025,0,-999.0,999.0,0,2.5936674188434368,0.37744686091687063,-0.38346304228043515,1.1582641976641226,58,0.2882077618149906,0.2882077618149906,0.0001754137621260822,0.2436285496598592
30,200,0.0,0,-999.0,1.5,0,2.4437311442105676,0.36282894754154205,-0.36549640386277626,1.2084717275322283,248,0.2585321458753169,0.2585321458753169,0.00019632407389734763,0.24050433198676532
30,200,0.0025,0,-999.0,999.0,0,2.5828711745071287,0.3764097284258576,-0.3896439700908132,1.1412711570810978,56,0.30280179418838976,0.30280179418838976,0.00016756957105491585,0.23865130123450592
48,60,0.0025,0,-999.0,1.5,0,2.0718296223062507,0.32439127884139407,-0.29591304428431786,1.1809177831785362,219,0.20616914776051484,0.20616914776051484,0.000220982255473779,0.23548064585816195
48,200,0.005,0,-999.0,999.0,0,2.3854550463291,0.35701848283507776,-0.3534783110748103,1.0962576455779687,48,0.2914581031008256,0.2914581031008256,0.000167561467619332,0.23509220957657104
48,120,0.005,0,-999.0,999.0,0,2.3987562867458143,0.3583512589585125,-0.36093187949302696,1.1347796689298,55,0.2694857960085809,0.2694857960085809,0.00017924162368420531,0.23462430265848902
20,60,0.0025,0,-999.0,1.5,0,1.8515219458607337,0.299945468967473,-0.25019655646945216,1.1516920328429667,232,0.19255021777286616,0.19255021777286616,0.0002226436220782838,0.23243179237489525
48,96,0.0,1,-999.0,1.5,0,1.578109135366696,0.26755343814744204,-0.2082333604056702,1.3694476564906601,355,0.09526750308782422,0.09526750308782422,0.00041071448283975116,0.23190914076913993
30,96,0.0,1,-999.0,1.5,0,1.497590758210389,0.2575247761241575,-0.18597241447910096,1.3410756021160468,345,0.09143210037053891,0.09143210037053891,0.0004141919330127148,0.23159234899040934
30,120,0.0025,0,-999.0,1.5,0,2.1366094823857478,0.33132856397176513,-0.3209999534187721,1.1750413789370506,220,0.22047064941818892,0.22047064941818892,0.00021129323386067067,0.22958065620923163
20,60,0.005,0,-999.0,999.0,0,2.3182270367103603,0.3502215623549889,-0.3748200556598863,1.1889551196866326,87,0.22931157771566013,0.22931157771566013,0.000204004625372176,0.2222592905093774
30,120,0.005,0,-999.0,1.5,0,2.0832066214079323,0.325617531108348,-0.32876107022146384,1.1848472788230142,206,0.2057466033933563,0.2057466033933563,0.00022097254923789236,0.2204793599387668
48,120,0.0025,0,-999.0,1.5,0,2.1589494168213914,0.33369603932748304,-0.3450257105826974,1.1636749036779992,222,0.2287590196970682,0.2287590196970682,0.00020587897875205209,0.2193669292200343
48,120,0.005,0,-999.0,1.5,0,2.1409204102277766,0.3317863967422885,-0.3525122078053736,1.184553582959978,209,0.21240980302931808,0.21240980302931808,0.00021815254942877835,0.21475797198760058
48,200,0.0,1,-999.0,1.5,0,1.605389402109787,0.27089795335394573,-0.2466656174710723,1.321253189758642,398,0.11652473509718521,0.11652473509718521,0.00034732017055611543,0.2136278041063417
30,200,0.005,0,-999.0,999.0,0,2.2754312526598386,0.3458408459319573,-0.3736819920450306,1.090989579256167,52,0.28349476695052983,0.28349476695052983,0.00016711682828490817,0.21354932887225034
48,200,0.005,0,-999.0,1.5,0,2.0292780548528384,0.3197745210614735,-0.3248276814130354,1.112884460634507,217,0.23139179613859456,0.23139179613859456,0.0001983011867832361,0.21300490338668115
12,200,0.0025,0,-999.0,1.5,0,2.012604216102449,0.31795218235042655,-0.32335666177372835,1.1268781283406972,233,0.232919456542937,0.232919456542937,0.00019605715984870827,0.21261775788059722
20,60,0.005,0,-999.0,1.5,0,1.7345919181443117,0.286390590682726,-0.2664404476063542,1.1357272047334803,215,0.18075147890528506,0.18075147890528506,0.00022654344039634193,0.2099567271162229
30,120,0.0,1,-999.0,1.5,0,1.5157268362240184,0.2598045664359736,-0.23490406013082543,1.3357427197284342,357,0.09656763960215822,0.09656763960215822,0.00039732539714547874,0.2091396723569826
12,200,0.005,0,-999.0,1.5,0,2.009816229681289,0.3176467367563871,-0.33318994592158524,1.1490097257672363,211,0.21718780471949556,0.21718780471949556,0.00020695192740631622,0.2085022500839563
12,200,0.0025,0,-999.0,999.0,0,2.2936235753586596,0.3477082837049694,-0.395451594221077,1.0988598235319809,74,0.2911980757979588,0.2911980757979588,0.00016424794031291907,0.20492547777102996
20,120,0.0,1,-999.0,1.5,0,1.3743575560802945,0.24169585077947442,-0.20302215706017512,1.2627450778863396,352,0.09494246895924072,0.09494246895924072,0.0003832629594239016,0.20332202614370384
30,60,0.0,1,-999.0,1.5,0,1.4004425775121612,0.24509691300643155,-0.21692180152089147,1.3218593179721374,324,0.08444386660599362,0.08444386660599362,0.00042734151499225953,0.20272897814459268
48,120,0.0,1,-999.0,1.5,0,1.5195420123949153,0.2602825825129442,-0.25130030894100186,1.327229291866421,365,0.10092309692517715,0.10092309692517715,0.0003824453352211208,0.20099389263576434
30,200,0.0025,0,-999.0,1.5,0,2.025562879577883,0.3193691296131542,-0.358830064854457,1.109675039807923,228,0.24185789507898328,0.24185789507898328,0.00019042488090508642,0.19543784917632187
12,120,0.0,1,-999.0,1.5,0,1.3663542234396235,0.24064673274588988,-0.2213259170494395,1.261311761868003,352,0.09484495872066567,0.09484495872066567,0.0003823414823210055,0.1930493623145703
12,96,0.0,1,-999.0,1.5,0,1.3035332178321362,0.2323180581464015,-0.2118216605167459,1.2384588451935152,337,0.0910420594162387,0.0910420594162387,0.0003853084292789998,0.1883301701477043
12,200,0.005,0,-999.0,999.0,0,2.2128952254483263,0.3393616342125394,-0.4142859606756477,1.0966150824934173,63,0.27338620555158294,0.27338620555158294,0.00017003439641047086,0.1870494079993864
30,60,0.0,1,-999.0,999.0,0,1.6305225290013987,0.2739560776071166,-0.3136364803250413,1.2781600010434424,334,0.10852889553403107,0.10852889553403107,0.00036917432532229043,0.18104583749676806
30,96,0.0025,1,-999.0,1.5,0,1.287410658948715,0.2301531486006687,-0.22458595363274347,1.2377833993956708,323,0.0866866020932198,0.0866866020932198,0.00039891863253859887,0.17974934175408053
48,96,0.0025,1,-999.0,1.5,0,1.3487151264857653,0.2383250830925565,-0.24361367263028555,1.2603791930338382,330,0.0901969706819216,0.0901969706819216,0.00039489447024841266,0.17953720642910564
30,200,0.005,0,-999.0,1.5,0,1.923358685327825,0.30806758693796543,-0.3756514018674404,1.1024736262524728,213,0.2248586101540662,0.2248586101540662,0.00019717078971868553,0.17536556731686886
48,200,0.0025,1,-999.0,1.5,0,1.4188733954386334,0.24748332417149288,-0.27418081937648175,1.2416013020072736,369,0.10888643307547292,0.10888643307547292,0.00034445542275674017,0.17247297958361568
12,60,0.0,1,-999.0,1.5,0,1.2647672373621295,0.22709323037249107,-0.23470794656469762,1.2307191290656436,332,0.087726711304687,0.087726711304687,0.0003918046819569355,0.17127521354342445
20,60,0.0,1,-999.0,1.5,0,1.2545120058665926,0.22569983991055742,-0.23239428391588823,1.233751883585072,324,0.08457388025742703,0.08457388025742703,0.00040261737440633636,0.1711902921318669
20,200,0.0,1,-999.0,1.5,0,1.4201639904755847,0.2476499183026768,-0.28333416774288855,1.254384215780329,380,0.10875641942403952,0.10875641942403952,0.0003460539297733503,0.16870204522024898
30,96,0.0,1,-999.0,999.0,0,1.5387871699801017,0.2626856339077903,-0.313380494785217,1.2083849979166874,357,0.11671975557433531,0.11671975557433531,0.00033815013351419553,0.16641463641101617
12,96,0.0,1,-999.0,999.0,0,1.5630701638892317,0.26569832743505306,-0.3265007024149231,1.2283717871950688,347,0.1158746668400182,0.1158746668400182,0.000341360378941104,0.16386656558734494
30,200,0.0,1,-999.0,1.5,0,1.4021457908645987,0.2453180189157711,-0.28845618242823134,1.2380047515412325,388,0.11064161736982384,0.11064161736982384,0.0003394652140353138,0.16299016527871704
30,60,0.0025,1,-999.0,999.0,0,1.5187297270891715,0.26018085408168945,-0.32273592497201664,1.2401226707086839,313,0.10228824026522784,0.10228824026522784,0.0003736965615645738,0.16081902513111532
30,60,0.0025,1,-999.0,1.5,0,1.2295461282550493,0.22228772264092167,-0.25004201374335067,1.235478560974402,301,0.07950334785152441,0.07950334785152441,0.0004180601558873623,0.15904064381796643
48,60,0.0,1,-999.0,1.5,0,1.2208254551434723,0.22108910783297975,-0.24410172781736472,1.1992785683283413,338,0.08736917376324514,0.08736917376324514,0.00038748389749019934,0.15900217234071445
20,120,0.0025,1,-999.0,1.5,0,1.2130952848349525,0.22002367928957178,-0.2405961164100281,1.182985273331608,328,0.0898069297276214,0.0898069297276214,0.00037454678751998034,0.15887488475113815
30,120,0.0025,1,-999.0,1.5,0,1.2981862044698942,0.23160133282907203,-0.27304202091487695,1.2298761400574187,332,0.09146460378339726,0.09146460378339726,0.00038210505244343126,0.1565741293745045
20,60,0.0,1,-999.0,999.0,0,1.5069758502434722,0.25870607000373025,-0.3315742152941461,1.2216302135043675,332,0.10856139894688942,0.10856139894688942,0.0003542908691936044,0.15400047303187558
12,200,0.0,1,-999.0,1.5,0,1.351743978425302,0.23872466653468227,-0.2928673377232124,1.215255067707031,382,0.10856139894688942,0.10856139894688942,0.00033848794535051434,0.15305375105842764
12,120,0.0,1,-999.0,999.0,0,1.5323478858757889,0.26188311594247793,-0.34650008490090345,1.2037242782929964,361,0.12049015146590392,0.12049015146590392,0.00032752320634193115,0.14881928740667602
12,60,0.0,1,-999.0,999.0,0,1.4567644231691261,0.25234693253207374,-0.330708828860244,1.1909204682371564,338,0.11177923681986608,0.11177923681986608,0.00033946498629063395,0.14653854151380957
12,120,0.0025,1,-999.0,1.5,0,1.2010404538429964,0.21835661316590493,-0.2666599457465526,1.1786050277569649,327,0.0894168887733212,0.0894168887733212,0.00037383953300779653,0.14395689168047687
48,120,0.0025,1,-999.0,1.5,0,1.2781358404491452,0.22890255411767946,-0.2945057346689698,1.208433106158343,343,0.09536501332639927,0.09536501332639927,0.00036587746237197157,0.14207134209111172
12,96,0.0025,1,-999.0,999.0,0,1.4417808626332453,0.2504304435702589,-0.3401216179265345,1.1840836331407953,326,0.10940648768120653,0.10940648768120653,0.00034320727173476126,0.13957381626403143
30,96,0.0025,1,-999.0,999.0,0,1.3969752969651035,0.2446464376694042,-0.3257204711345184,1.1533664935780121,337,0.11067412078268218,0.11067412078268218,0.00033600567885672263,0.13945452678104558
12,96,0.0025,1,-999.0,1.5,0,1.1287578784972405,0.20821442385911548,-0.25324470531690746,1.1455640988389166,314,0.08587401677176104,0.08587401677176104,0.00037340148164370207,0.13887027614260758
20,60,0.0025,1,-999.0,999.0,0,1.421261075980342,0.24779148124413708,-0.33792707379619447,1.1932653799769528,311,0.10228824026522784,0.10228824026522784,0.00036076433463049363,0.13849121334488748
20,200,0.0025,1,-999.0,1.5,0,1.283826762371096,0.22967035594670948,-0.3123094711384372,1.1933136572636345,351,0.1017356822466359,0.1017356822466359,0.00034601123659691997,0.1331813032406726
20,60,0.0025,1,-999.0,1.5,0,1.1121736522039551,0.20585111752532836,-0.2625008268956901,1.158185100631626,301,0.07960085809009947,0.07960085809009947,0.0003955067964633826,0.1325099591090646
12,60,0.0025,1,-999.0,1.5,0,1.1144592400699755,0.2061776458410145,-0.26520089972134375,1.1514885674488673,307,0.08220113111876746,0.08220113111876746,0.00038509351570444484,0.131151624352786
12,60,0.0025,1,-999.0,999.0,0,1.3645780833591812,0.24041354659780878,-0.33750011854234674,1.1585380180415232,315,0.10495352011961256,0.10495352011961256,0.0003452613422453546,0.12959038822871158
20,96,0.0,1,-999.0,1.5,0,1.1014527666710379,0.2043159435882702,-0.26122088054209924,1.1140952545814617,342,0.0902619775076383,0.0902619775076383,0.000356447261335112,0.1294102660462937
12,120,0.0025,1,-999.0,999.0,0,1.4282088536108484,0.2486868762257135,-0.3555506802407563,1.167081568634045,338,0.11376194500422544,0.11376194500422544,0.00033082764498379446,0.1292656145370376
12,120,0.0,0,-999.0,0.75,0,1.5236419995558346,0.2607956789891943,-0.38358198545632893,1.1525205560273695,266,0.15140089709419488,0.15140089709419488,0.000252153579433452,0.12663071406239831
12,96,0.0,0,-999.0,0.75,0,1.4094162413357445,0.24626052693963452,-0.3519053542600745,1.108686461428844,260,0.14672040564259248,0.14672040564259248,0.0002488237059246484,0.12574217288103945
30,200,0.0025,1,-999.0,1.5,0,1.2350025930561368,0.2230359012204901,-0.3198474478300929,1.1584336168617093,358,0.1036208801924202,0.1036208801924202,0.00033439047294315074,0.12103385814852913
20,120,0.0,1,-999.0,999.0,0,1.3402287884105881,0.23720345570430657,-0.344132673801095,1.1076307736299058,367,0.12084768900734577,0.12084768900734577,0.00030641646277810517,0.12051865748525434
48,200,0.0,1,-999.0,999.0,0,1.4656224577208161,0.25347581140240716,-0.37946301117392234,1.118632845300696,404,0.14600533055970877,0.14600533055970877,0.00027213628289279044,0.11967594808048079
48,96,0.0,1,-999.0,999.0,0,1.4428797995425597,0.2505713034444159,-0.3811086318693452,1.1485932394047604,370,0.12169277774166287,0.12169277774166287,0.0003167085920516427,0.11744664947998135
30,60,0.0,0,-999.0,0.75,0,1.3748187512762042,0.24175622578729516,-0.358662930231902,1.0986596653536158,258,0.1433075472924657,0.1433075472924657,0.0002508697590499305,0.11735774393902496
48,60,0.0025,1,-999.0,1.5,0,1.0336776143942337,0.19447255475607528,-0.2689372180493752,1.0920737246811028,316,0.08272118572450107,0.08272118572450107,0.00036944089435296133,0.11460763196544282
48,60,0.0,1,-999.0,999.0,0,1.3488625491704607,0.23834454087558332,-0.3604085570281774,1.1279017581899629,350,0.11236429825131639,0.11236429825131639,0.00032706156195862516,0.11453535027099276
20,96,0.0,1,-999.0,999.0,0,1.3254612470481866,0.23524435960974466,-0.36290186139094394,1.1140744536139282,353,0.1149645712799844,0.1149645712799844,0.00031739072491806624,0.1094971515949691
12,200,0.0025,1,-999.0,1.5,0,1.204608496483408,0.21885075048002167,-0.33347366234921594,1.1450509942431002,354,0.10157316518234415,0.10157316518234415,0.00033585171448709917,0.10936646901756872
30,96,0.005,1,-999.0,1.5,0,1.0444229765651873,0.1960494096748322,-0.28514309849821884,1.1105560208752572,299,0.08200611064161736,0.08200611064161736,0.00037070263141163347,0.10900566146948565
48,96,0.005,1,-999.0,1.5,0,1.0620791875183246,0.19862697526645334,-0.2919024168487865,1.1130173011415363,305,0.08428134954170188,0.08428134954170188,0.0003657523297745593,0.10832663189913691
20,120,0.0025,1,-999.0,999.0,0,1.248675104304267,0.22490465018105432,-0.3514306086010832,1.0722004271642518,345,0.11441201326139244,0.11441201326139244,0.00030841653400325914,0.1027993672387253
48,200,0.0025,1,-999.0,999.0,0,1.3516762604151964,0.23871573700566162,-0.3859506264045567,1.0769742787067598,379,0.13651433400507054,0.13651433400507054,0.000276122215189687,0.09958913773872127
12,96,0.0,0,-999.0,1.5,1,1.4478915768736345,0.25121310292614796,-0.3916803839809019,0.7729791069091065,445,0.04563479165312358,0.3854254696743158,0.00012739150956171975,0.09402186628115235
30,120,0.0,1,-999.0,999.0,0,1.3759435973779306,0.2419034424020523,-0.4087387969234013,1.1159803717217995,371,0.12312292790743028,0.12312292790743028,0.0003058746304334504,0.09333306252644163
12,60,0.005,1,-999.0,999.0,0,1.2223035838708776,0.22129251760027135,-0.3700512769658333,1.1064793367320498,292,0.09920041604368458,0.09920041604368458,0.00033955583624828726,0.0915908459539572
20,96,0.0025,1,-999.0,999.0,0,1.2330641127841653,0.22277025800420147,-0.3707407390210954,1.0776439723976527,332,0.10865890918546448,0.10865890918546448,0.0003197251513041689,0.09128208711353641
12,200,0.0,0,-999.0,1.5,1,1.6462095192797652,0.2758537380584609,-0.4493992174696796,0.8013880842789605,454,0.04911265682896704,0.4484495872066567,0.00011889729541329766,0.09122353353756915
30,96,0.0,0,-999.0,0.75,0,1.4093696064501438,0.24625448820416507,-0.4193840669391973,1.0916446617059128,265,0.152896054085679,0.152896054085679,0.00024030951934224745,0.09114468781986207
20,60,0.0,0,-999.0,0.75,0,1.2854772653146127,0.2298927684361287,-0.38856776952781547,1.0812064330142088,259,0.14034973672235584,0.14034973672235584,0.00024590909942058016,0.08966920532293143
48,60,0.0025,1,-999.0,999.0,0,1.2173777558937546,0.22061426475799495,-0.3710763122197378,1.0711502499987289,330,0.10641617369823832,0.10641617369823832,0.00032386386713732015,0.0886336211480625
20,96,0.0025,1,-999.0,1.5,0,0.9574799260511424,0.18310773594927232,-0.29220319938538686,1.0301341184610777,319,0.08525645192745238,0.08525645192745238,0.0003450537971255258,0.08851284217963279
48,96,0.0025,1,-999.0,999.0,0,1.2942763802035682,0.2310764598249806,-0.3945597554938143,1.0872552731643836,347,0.11532210882142625,0.11532210882142625,0.00031251214656690323,0.08815934573629264
20,120,0.005,1,-999.0,1.5,0,0.9783461583161588,0.18625242686772214,-0.3020970711721018,1.0554347457836337,303,0.08483390756029383,0.08483390756029383,0.0003470846788314678,0.08797562857085292
20,200,0.005,0,-999.0,1.5,1,1.507999930992309,0.2588347694934223,-0.43194719924859015,0.7774405710838754,372,0.05278554248196061,0.38815575635441724,0.00012776149165191208,0.08173319842332102
30,120,0.005,1,-999.0,1.5,0,1.0165421246904267,0.1919449932659505,-0.3288338740597959,1.0798402695744582,307,0.08606903724891113,0.08606903724891113,0.0003502223396748221,0.08152006971477545
30,60,0.005,1,-999.0,999.0,0,1.1679572011308434,0.21374608145851726,-0.3723378233491019,1.0783690098716852,292,0.09754274198790873,0.09754274198790873,0.0003368888492935841,0.08149562027755056
48,200,0.005,1,-999.0,1.5,0,1.07491672263839,0.20049071105502891,-0.34523810072421957,1.0720744513341356,339,0.10053305597087694,0.10053305597087694,0.0003169240491947176,0.08147538325962592
12,60,0.005,1,-999.0,1.5,0,0.951793396975116,0.18224638008264904,-0.3093159868893035,1.0669799785407779,282,0.07752063966716505,0.07752063966716505,0.0003676605139603533,0.08093738556503619
30,96,0.005,1,-999.0,999.0,0,1.1565221929444247,0.21214021668741134,-0.36867861269577296,1.0477133496381963,314,0.10501852694532926,0.10501852694532926,0.00031636472713237473,0.08018657782143468
12,96,0.005,1,-999.0,999.0,0,1.1933300559758449,0.2172867477107996,-0.3842933811311271,1.077227581585337,302,0.10365338360527855,0.10365338360527855,0.00032331287561049445,0.0790014362245029
12,96,0.005,0,-999.0,0.75,0,1.1285552359890243,0.2081856300759728,-0.3600174947631761,1.010403634015948,229,0.12887603198335826,0.12887603198335826,0.00024515991448453915,0.07869706439518212
48,120,0.005,1,-999.0,1.5,0,1.0110658496326623,0.19113382369430054,-0.3328144305912527,1.0684541110680248,317,0.08870181369043749,0.08870181369043749,0.0003411359137388255,0.07814931395207543
20,60,0.005,1,-999.0,999.0,0,1.1511488147239675,0.2113834059509625,-0.3738575292690255,1.0696352718074997,290,0.09734772151075863,0.09734772151075863,0.000334560234097448,0.07793640490682474
48,120,0.0,1,-999.0,999.0,0,1.3567255340157187,0.23938102354460966,-0.43426895816994204,1.1004498675517127,381,0.12835597737762466,0.12835597737762466,0.0002930153106498797,0.07726903783722427
12,120,0.005,0,-999.0,0.75,0,1.2240693918214451,0.22153538286416485,-0.3979796757145311,1.0538449026924097,231,0.13310147565494376,0.13310147565494376,0.00024885625028314094,0.0752377901415198
12,120,0.0025,0,-999.0,0.75,0,1.2228084707161058,0.22136197336823416,-0.396985322955674,1.022301839229021,251,0.14337255411818242,0.14337255411818242,0.00023510136370711159,0.07398440385184821
12,200,0.005,0,-999.0,1.5,1,1.4658361056546791,0.253503001383494,-0.440065161825266,0.769913894435535,374,0.05226548787622701,0.3821101215627641,0.0001278394371809303,0.07196611519263776
30,60,0.0025,0,-999.0,0.75,0,1.1228664290811863,0.20737645892201373,-0.36967986204988545,0.9828646647620346,245,0.13566924527075344,0.13566924527075344,0.00023581574294326646,0.07167976113517274
12,120,0.005,1,-999.0,1.5,0,0.9576801952752068,0.18313803712436627,-0.3293569352457948,1.045481024327167,299,0.08437885978027693,0.08437885978027693,0.00034382996143848875,0.07073362071782724
30,60,0.005,1,-999.0,1.5,0,0.9064342756980979,0.17530745676060633,-0.3156476286522981,1.0392665733715603,279,0.0757329519599558,0.0757329519599558,0.00036517044978556513,0.06944697110303528
12,96,0.005,1,-999.0,1.5,0,0.9012071599341067,0.17449989913655606,-0.31181247296859615,1.0148102179326035,289,0.08112851849444191,0.08112851849444191,0.0003431377939985128,0.06933417354888816
12,96,0.0025,0,-999.0,0.75,0,1.099815500155163,0.204080979233197,-0.36599746556023294,0.9648049407139478,248,0.1390170967951635,0.1390170967951635,0.00022833646560019633,0.06932249348877795
20,200,0.0,0,-999.0,1.5,1,1.539665838219019,0.2627950226108704,-0.4645323655894783,0.7756992965963933,446,0.04927517389325879,0.4564779301826692,0.00011415374378729712,0.06931380464595091
30,96,0.005,0,-999.0,0.75,0,1.1951730972509158,0.2175427372128469,-0.4056311960915501,1.0298575154844054,234,0.13498667360072808,0.13498667360072808,0.0002431600534237036,0.06622001494129212
12,120,0.005,1,-999.0,999.0,0,1.169996569733513,0.214031810723732,-0.40165017859344276,1.0552439519623322,312,0.10771631021257232,0.10771631021257232,0.00031002131755527543,0.06596891902512725
20,96,0.0,0,-999.0,0.75,0,1.2732763904080993,0.22824579302916748,-0.428595923709141,1.036146481445252,265,0.14977572645127737,0.14977572645127737,0.00023215912437777415,0.06575515524685957
30,120,0.0025,1,-999.0,999.0,0,1.2353084797753158,0.22307780319134052,-0.42141483180978134,1.0562254578032308,349,0.11671975557433531,0.11671975557433531,0.0003018521538235858,0.0651816601766114
20,60,0.005,1,-999.0,1.5,0,0.8683661803041287,0.16938772164705718,-0.31121224258215807,1.0090824494034054,279,0.07570044854709744,0.07570044854709744,0.0003567175401274367,0.06423572282614842
12,200,0.005,1,-999.0,1.5,0,1.0313143653162458,0.19412491634936502,-0.36675854100312144,1.0643559560893174,321,0.09471494506923227,0.09471494506923227,0.000324689099651116,0.06396344365227016
20,120,0.0,0,-999.0,0.75,0,1.2942369340645068,0.2310711609761975,-0.44086596089144825,1.0343173119979212,269,0.15517129298576351,0.15517129298576351,0.00022719168938573658,0.06235404613036945
20,200,0.005,1,-999.0,1.5,0,1.013351267922196,0.19147255082778258,-0.3681879223799941,1.0534014711247106,324,0.09490996554638237,0.09490996554638237,0.0003214267810210586,0.06004866319402107
48,96,0.0,0,-999.0,0.75,0,1.3164284735471536,0.23404144968272922,-0.45110302875381025,1.0309978015390233,269,0.15624390561008905,0.15624390561008905,0.00022855163979135137,0.06003982538277526
20,200,0.0025,0,-999.0,1.5,1,1.419068099959825,0.24750846152062933,-0.45533195717466446,0.7516166144127637,410,0.04748748618604953,0.42589221868296173,0.00011637496785541725,0.05742331365393529
30,96,0.0,0,-999.0,1.5,1,1.3235635612496583,0.23499193255670314,-0.4326994930712674,0.736464879115125,428,0.04231944354157186,0.4079828381980108,0.00011684031214702553,0.05546542997682568
30,200,0.0,1,-999.0,999.0,0,1.263455650041081,0.22691528757079782,-0.4473903779681172,1.037791321743814,396,0.13927712409803028,0.13927712409803028,0.00026346991270950325,0.055109664673929915
12,200,0.0025,0,-999.0,1.5,1,1.3260377978291777,0.23532102086301565,-0.43804529319564656,0.7313283504569272,419,0.047454982773191184,0.41838393031268284,0.00011517194805962532,0.05286479178803873
30,60,0.005,0,-999.0,0.75,0,1.0186220108748687,0.1922526423220381,-0.37432956735169565,0.9516249721740552,228,0.12634076578040696,0.12634076578040696,0.00023603687249409733,0.05266910725489303
20,60,0.005,0,-999.0,0.75,0,1.0231193779008456,0.19291706461451574,-0.3807461759518519,0.9791003306941977,227,0.12354547227458883,0.12354547227458883,0.0002401921462308384,0.05149899317329968
48,60,0.0,0,-999.0,0.75,0,1.2149829620541333,0.22028410988968705,-0.4463983895546658,1.0063104574551744,261,0.14834557628550998,0.14834557628550998,0.00022834994212519777,0.04740043798511287
48,96,0.005,0,-999.0,0.75,0,1.1477603421769778,0.21090542933736667,-0.4267056848983358,0.9871703801590314,235,0.137391926152246,0.137391926152246,0.00023508285976590795,0.04691110589615033
20,120,0.005,1,-999.0,999.0,0,1.0217293422338258,0.19271182485613148,-0.3961337790270886,0.9644023489967096,321,0.10843138529545603,0.10843138529545603,0.00028852167322210157,0.04286505279242267
48,120,0.0025,1,-999.0,999.0,0,1.1930590352489054,0.21724909064663578,-0.4517175765224626,1.0284235956168262,360,0.12117272313592928,0.12117272313592928,0.0002875254742133727,0.0428114821662458
20,60,0.0025,0,-999.0,0.75,0,1.033149351177296,0.1943948725302329,-0.3990709939817898,0.9559558987577643,246,0.1327439381135019,0.1327439381135019,0.00022901324169270816,0.042657170477226225
48,60,0.005,1,-999.0,1.5,0,0.8044012654991666,0.15923404232204375,-0.32826828529097773,0.9478979655086105,293,0.07830072157576545,0.07830072157576545,0.00033408179762845646,0.04249479795198541
20,200,0.0,1,-999.0,999.0,0,1.2036180638177325,0.21871364586111341,-0.4577002081869408,1.0121818114575085,390,0.1370018851979458,0.1370018851979458,0.0002604737473988377,0.04047263234051845
30,200,0.005,1,-999.0,1.5,0,0.9310622151320704,0.1790901438188901,-0.377473194703171,0.9914902992264217,331,0.09643762595072483,0.09643762595072483,0.00030380424320654824,0.039928061428625705
30,96,0.0025,0,-999.0,0.75,0,1.1241189146636597,0.20755475085021313,-0.43268540564578517,0.9633255260109348,252,0.14519274523825001,0.14519274523825001,0.0002226844667285659,0.03937832432786729
12,60,0.0,0,-999.0,0.75,0,1.0085819819867874,0.1907653565194123,-0.39714166033077336,0.9376718535708672,266,0.1378469739322629,0.1378469739322629,0.00022029876175813743,0.03907811903256897
20,120,0.005,0,-999.0,0.75,0,1.1083121110177858,0.20529883983570185,-0.43292915310862146,0.9796164629306101,235,0.13680686472079567,0.13680686472079567,0.0002307079132294038,0.03781508642792163
30,200,0.0025,1,-999.0,999.0,0,1.1613551763684957,0.21281970919194748,-0.4528998898579004,0.9957263712129407,371,0.13040369238770072,0.13040369238770072,0.00026606681988475646,0.03615608282364431
20,96,0.005,1,-999.0,999.0,0,1.0282593448711919,0.19367506746875218,-0.41560743599615335,0.9811386283042648,308,0.10319833582526165,0.10319833582526165,0.00030106617265145195,0.03492828088588875
48,96,0.005,1,-999.0,999.0,0,1.0270530117208976,0.19349729615814515,-0.41651815412644433,0.9615197406373333,322,0.10830137164402262,0.10830137164402262,0.0002903020940632804,0.03331420612678965
20,200,0.0025,1,-999.0,999.0,0,1.1441498580844924,0.21039551337290052,-0.45740150188386663,0.9910513599490268,365,0.1280634466618995,0.1280634466618995,0.00026780794485462814,0.031247330428418547
48,60,0.005,1,-999.0,999.0,0,0.9823928934148392,0.18685941727413002,-0.413099867171851,0.95465663509429,307,0.10102060716375219,0.10102060716375219,0.00029990818087281373,0.028042315442919033
20,200,0.0,0,-999.0,0.75,0,1.1519817013751705,0.21150080618989953,-0.47050899439162797,0.9400519972176822,286,0.16830267178053696,0.16830267178053696,0.00020048376043948563,0.023248908854969656
48,60,0.005,0,-999.0,0.75,0,1.016195521903513,0.1918937019455036,-0.4313462620837426,0.9387319590251195,231,0.13108626405772605,0.13108626405772605,0.00022840721539684215,0.02315716885488827
20,96,0.005,1,-999.0,1.5,0,0.7677688589708918,0.153297000738438,-0.3527700829729534,0.9108262769303476,294,0.08080348436585842,0.08080348436585842,0.000316273597294346,0.022453273098478665
12,96,0.0025,0,-999.0,1.5,1,1.1123805075720168,0.20588068061740028,-0.4368740252415091,0.6876722513194699,416,0.04615484625885718,0.3585126438276019,0.00012124962018695353,0.021827280562619227
20,96,0.0025,0,-999.0,0.75,0,1.0283210408251224,0.19368415716356258,-0.4384115418072634,0.9191140127536169,252,0.14210492101670674,0.14210492101670674,0.00021641153334960953,0.020434086897611732
12,60,0.005,0,-999.0,0.75,0,0.853135042510901,0.16699388139868732,-0.3815322997748972,0.8803616931585522,231,0.12032763440161216,0.12032763440161216,0.00022276078556238726,0.02024581616916632
20,120,0.0025,0,-999.0,0.75,0,1.0634236358974007,0.19882256752698257,-0.45047080345605595,0.9276975945088458,254,0.14727296366118442,0.14727296366118442,0.00021362805303498127,0.019972045524396895
20,96,0.005,0,-999.0,0.75,0,1.0225741527530654,0.192836574336406,-0.4401757359469297,0.9423532698122168,233,0.13199635961775988,0.13199635961775988,0.00022785743443838296,0.01986636985355198
48,200,0.005,1,-999.0,999.0,0,1.0007407266211668,0.18959990653724312,-0.43407862335526437,0.9143307775233867,351,0.12686082038614055,0.12686082038614055,0.0002506845650419029,0.01827713373578027
48,96,0.0025,0,-999.0,0.75,0,1.0686172295469696,0.1995772427423299,-0.45881060859876965,0.9186668790011107,253,0.14831307287265164,0.14831307287265164,0.00021350959773243247,0.016105282393000617
12,96,0.0,0,-999.0,999.0,1,1.4931942146588515,0.2569702419208404,-0.5571863601323624,0.7431048320256807,192,0.060326334265097835,0.47968536696353115,0.00010571739453615454,0.015532303455943204
48,200,0.005,0,-999.0,1.5,1,1.1041459084263296,0.2047021383994081,-0.45148943846504386,0.6709378381121482,379,0.054410713124878114,0.408372879152311,0.0001096075074425308,0.012504311072493578
48,120,0.0,0,-999.0,0.75,0,1.1257974096968035,0.20779356189207032,-0.4857039957296778,0.9300532387266203,274,0.1624195540531756,0.1624195540531756,0.00020387668268856136,0.011444225963562427
12,200,0.0,1,-999.0,999.0,0,1.0780700905329352,0.20094718969571734,-0.474764724374236,0.9453293890167725,394,0.13657934083078724,0.13657934083078724,0.00024787995942624294,0.01083129695943797
30,96,0.005,0,-999.0,1.5,1,1.2195610619382062,0.22091503030238746,-0.49217145757474823,0.7173022360083857,366,0.04716245205746603,0.3500292530715725,0.00012663650690187614,0.010694413315432631
30,120,0.0,0,-999.0,0.75,0,1.1358766154301678,0.20922463458293672,-0.49231319779215843,0.9495400700407542,268,0.15760904895013977,0.15760904895013977,0.00020934532957628802,0.010545039188895218
20,96,0.0,0,-999.0,1.5,1,1.0600222702479574,0.19832754692248344,-0.44759596571092297,0.6677938225038833,438,0.04452967561593967,0.39595657544042123,0.00011014065644895532,0.007919255192216125
30,120,0.005,1,-999.0,999.0,0,0.9757777759526041,0.18586669911512743,-0.44953614783756,0.9297202571815026,323,0.11021907300266529,0.11021907300266529,0.00027794929740401054,0.00758463805542256
30,96,0.0025,0,-999.0,1.5,1,1.0137798296144718,0.19153603685080678,-0.43395559762457747,0.6547322838496924,399,0.043002015211597217,0.38149255671845544,0.00011057619659506741,0.007294852231002666
12,96,0.005,0,-999.0,1.5,1,1.2111086951737127,0.21974942247475449,-0.5033925269220231,0.7200769755170107,377,0.04862510563609179,0.3301696678151206,0.00013289643309777774,0.004057007789593482
48,120,0.005,0,-999.0,0.75,0,0.9825441385844251,0.1868820852934754,-0.4667491743144756,0.8875619353031073,242,0.1420074107781317,0.1420074107781317,0.00021070467454021498,-0.002114405098607046
48,120,0.005,1,-999.0,999.0,0,0.9601120635538729,0.1835057988541573,-0.46296371951403303,0.9159481183325485,334,0.11324189039849185,0.11324189039849185,0.0002701908207914652,-0.0021786549862317928
12,200,0.0025,1,-999.0,999.0,0,1.0030268673806626,0.18994004996605995,-0.47925085171895987,0.9126610110822218,370,0.1278034193590327,0.1278034193590327,0.0002517636143099165,-0.004052325339308889
20,200,0.005,0,-999.0,0.75,0,0.9721281185688257,0.18531793497350613,-0.46938226646395675,0.8786628031778235,247,0.14668790222973413,0.14668790222973413,0.0002036156695936867,-0.00544005809958107
48,60,0.0025,0,-999.0,0.75,0,0.9464820723539848,0.18144015670532676,-0.46108716527938054,0.8721599305102601,248,0.14093479815380616,0.14093479815380616,0.0002083234247770543,-0.005495429408850505
12,60,0.0025,0,-999.0,0.75,0,0.7759765962037668,0.15463519644295776,-0.41025015748730864,0.8020249309790156,252,0.12985113436910875,0.12985113436910875,0.0002005363650733516,-0.010388635751745784
20,200,0.0025,0,-999.0,0.75,0,0.9654984742690602,0.18431914803700855,-0.4796046269100055,0.8521785458277125,266,0.15842163427159853,0.15842163427159853,0.00019168213685602633,-0.012874238126608567
48,96,0.0,0,-999.0,1.5,1,1.0114724817030534,0.19119411267121889,-0.47453399198649526,0.6485175745175433,426,0.041929402587271666,0.42429955145290255,0.00010249222478985675,-0.013647004596151577
12,120,0.0,0,-999.0,1.5,1,1.1540298044825694,0.21178935348846406,-0.5206777244583218,0.6929235650555131,452,0.043749593707339274,0.4036273808749919,0.00011263667383657897,-0.013903330487921202
20,120,0.0,0,-999.0,1.5,1,1.0609587512532928,0.19846389956041754,-0.4914287229577249,0.6652055822567668,437,0.042611974257297014,0.41503607878827276,0.00010608098539550421,-0.01399018280560655
30,96,0.0,0,-999.0,999.0,1,1.3272762448364,0.23548564320322152,-0.5776493993372209,0.705617953154881,149,0.05762855099785477,0.5093609829032049,9.51277052493859e-05,-0.018058158807644893
30,200,0.0,0,-999.0,0.75,0,1.0062811059664312,0.1904237301868017,-0.5053960832778751,0.8550880046434447,289,0.17178053695638043,0.17178053695638043,0.00018442222114248624,-0.019519911219963618
20,200,0.005,1,-999.0,999.0,0,0.917719573864151,0.17704532261067651,-0.4822427849412231,0.8800221625847445,338,0.12010011051160371,0.12010011051160371,0.00025026711520916863,-0.020074961730697796
12,200,0.0,0,-999.0,0.75,0,1.025049295736217,0.19320184315871125,-0.516965644073652,0.8850996651074002,285,0.16537736462328545,0.16537736462328545,0.00019125943458772146,-0.021025995622744723
30,120,0.005,0,-999.0,0.75,0,0.9130226227710305,0.1763229552006238,-0.48899092845270753,0.8613567558506353,236,0.13865955925372164,0.13865955925372164,0.00020553701616691218,-0.0251046712331982
12,200,0.005,1,-999.0,999.0,0,0.894064546072934,0.173393713214546,-0.48418235914647056,0.8651716942104171,338,0.11971006955730351,0.11971006955730351,0.0002477482936926748,-0.025438881648168432
30,200,0.005,0,-999.0,1.5,1,0.9051498698423213,0.1751091778311975,-0.46335792527814157,0.6166886660042066,379,0.05330559708769421,0.39641162322043816,0.00010355910206174102,-0.02573535150766295
48,200,0.0,0,-999.0,1.5,1,1.0851227296721286,0.20196624695044663,-0.5272747904860431,0.6608144493087513,450,0.05171292985763505,0.48381330039654163,9.633243715436234e-05,-0.028630425827137353
30,200,0.005,1,-999.0,999.0,0,0.867004021878008,0.16917423151704636,-0.48648195935345273,0.845048622324234,345,0.12201781187024638,0.12201781187024638,0.00024047752356000395,-0.03181431704346831
48,120,0.0,0,-999.0,1.5,1,0.8750556699814345,0.17043447036745807,-0.465343622621889,0.6064233692160446,425,0.04465968926737308,0.4411363193135279,9.433621739012817e-05,-0.031916172482684205
12,120,0.0,0,-999.0,999.0,1,1.1965223748580884,0.2177300431980731,-0.5684545887072101,0.6773608136199786,180,0.057693557823571474,0.5026652798543847,9.325283442107769e-05,-0.03262921047453302
30,120,0.0,0,-999.0,1.5,1,0.887866480361239,0.17243127362921662,-0.47791211268361444,0.6122898877299068,428,0.04277449132158877,0.42501462653578626,9.738508089231955e-05,-0.03591028832609526
48,120,0.0025,0,-999.0,0.75,0,0.8822793704644107,0.17156167150230317,-0.49661163173094813,0.8086423802809056,260,0.1536761359942794,0.1536761359942794,0.00018757900909987138,-0.036312025349125615
30,200,0.0,0,-999.0,1.5,1,0.8581442794169227,0.16778279320514677,-0.4700839189426591,0.599168343171509,453,0.050087759214717545,0.46697653253591626,9.076507644837983e-05,-0.03730074910760733
48,120,0.005,0,-999.0,1.5,1,0.9284313943919456,0.17868779861659334,-0.49858783480857394,0.6267109889096247,363,0.04846258857180004,0.37635701748683614,0.00010788936479690319,-0.03927056934221239
30,120,0.0025,0,-999.0,0.75,0,0.8751424210823555,0.17044802648524415,-0.5093761667908134,0.8164575550652283,253,0.1495156991484106,0.1495156991484106,0.0001900581610895317,-0.043417179156901145
48,200,0.0025,0,-999.0,1.5,1,0.9319593133107813,0.17922724779199606,-0.5094596522938557,0.6204296879126032,418,0.04904765000325034,0.451634921666775,9.569291578435577e-05,-0.04448109395930163
20,60,0.0,1,-999.0,0.75,0,0.26412271501565043,0.06043045519764956,-0.263117525456094,0.487832767911328,263,0.05574335305207047,0.05574335305207047,0.00024091065218458942,-0.046736669134831044
20,120,0.0025,0,-999.0,1.5,1,0.8528326492117277,0.16694620590801623,-0.48965028509995356,0.604542498022645,407,0.04309952545017227,0.3878957290515504,0.00010239021202115053,-0.0476518117408283
48,96,0.005,0,-999.0,1.5,1,0.9875714054212243,0.18763481526057046,-0.5359034937464078,0.6469075065528682,361,0.04547227458883183,0.36329064551777934,0.00011326703920523136,-0.04797155628499001
30,60,0.0,1,-999.0,0.75,0,0.2505651961117017,0.057571802336983335,-0.26300250303461126,0.4703051500273026,263,0.05528830527205356,0.05528830527205356,0.00023634555186767027,-0.050414191678957165
20,96,0.0025,0,-999.0,1.5,1,0.8499752597887504,0.1664954201313842,-0.49607865514009963,0.6056737277209219,409,0.04508223363453163,0.36901124618084896,0.00010644981023910226,-0.051260221052619535
30,200,0.005,0,-999.0,0.75,0,0.8358986331689526,0.16426702068612453,-0.5142695901652358,0.7889247134003505,250,0.14919066501982708,0.14919066501982708,0.00018598772656489165,-0.05342153872647582
30,96,0.0,1,-999.0,0.75,0,0.24289648755644855,0.05594452581854714,-0.2655646864092377,0.452403264579574,277,0.059773776246505886,0.059773776246505886,0.00022037059434173542,-0.054217654157093
12,200,0.0,0,-999.0,999.0,1,1.1663913697102304,0.21352656116211421,-0.6023351994659425,0.6671597478953684,151,0.0647793018266918,0.5567509588506793,8.497827511804656e-05,-0.054283051176088615
30,200,0.0025,0,-999.0,1.5,1,0.7217131563721855,0.14570039654090605,-0.45929149634445277,0.5574125540096694,418,0.047780016901774684,0.4359357732561919,8.935500165315145e-05,-0.05607472393083686
48,60,0.0,0,-999.0,1.5,1,0.7960449172041728,0.15788773337568962,-0.4889173688437193,0.5861609334494737,425,0.04404212442306442,0.3934538126503283,9.903486245867558e-05,-0.05726290437369633
20,200,0.0,0,-999.0,999.0,1,1.1724346755940331,0.21437314169212085,-0.6121884701560447,0.6679118341818174,131,0.06526685301956706,0.5675745953325099,8.349811947179021e-05,-0.05832550167681064
48,96,0.0,1,-0.2,1.5,0,0.197182950609452,0.046084859724596194,-0.24924657681422768,0.4030009956971765,583,0.05255801859195215,0.05255801859195215,0.0003186115128431848,-0.05838837889765882
12,120,0.0025,0,-999.0,1.5,1,0.8799477628358567,0.17119819761374644,-0.5226204927469107,0.6144347788480673,421,0.04394461418448937,0.37632451407397777,0.0001067380412324527,-0.059390309817305545
12,200,0.005,0,-999.0,0.75,0,0.8075497560239286,0.15974009004856415,-0.5229144127378246,0.7898404854366634,246,0.1440226223753494,0.1440226223753494,0.00018688409487019935,-0.06222509204851496
30,200,0.0025,0,-999.0,0.75,0,0.8089737027616559,0.1599687398811942,-0.5202398811592496,0.7543116277607992,270,0.16147695508028342,0.16147695508028342,0.00017278865399875015,-0.06243561931039063
20,120,0.005,0,-999.0,1.5,1,0.9665291565814675,0.18447459077974426,-0.5594315996834771,0.642944443121002,370,0.04748748618604953,0.3558148605603588,0.00011403936657290656,-0.0630939869059442
12,200,0.0025,0,-999.0,0.75,0,0.8056829647047696,0.15944012593220402,-0.5274686993762343,0.7693330469409706,267,0.15546382370148865,0.15546382370148865,0.00017694444579629783,-0.0658275714088646
20,96,0.0,0,-999.0,999.0,1,1.003324906229932,0.18998437222611875,-0.5781943250484978,0.6315547324503576,175,0.05870116362218033,0.49379184814405513,8.834506652301914e-05,-0.06753505367561224
48,96,0.0,0,-999.0,999.0,1,1.0453504974707561,0.19618522950014006,-0.5925946745621617,0.6402899708772597,132,0.05896119092504713,0.529610609113957,8.40556916101695e-05,-0.06809760923707783
12,96,0.0025,0,-999.0,999.0,1,1.006758203667236,0.19049459217634301,-0.5810346132788176,0.6340658398023719,177,0.06214652538516544,0.4462718585451472,9.615130440412588e-05,-0.06831942247294717
48,60,0.0,0,-999.0,999.0,1,0.9995552216938062,0.18942340646658362,-0.581347341743039,0.6305060661844754,155,0.06039134109081454,0.4925567184554378,8.791769416347969e-05,-0.06972496109571213
48,96,0.0,1,-999.0,0.75,0,0.2325807286072088,0.053743638503668034,-0.2915227918678448,0.43594435069097504,283,0.061171422999414936,0.061171422999414936,0.00021296382511297224,-0.07022053989570562
48,60,0.0,1,-999.0,0.75,0,0.20823146183069086,0.04849336849890262,-0.27948204110867925,0.40772774625063773,269,0.057140999804979525,0.057140999804979525,0.00021140294368220467,-0.0708612647429051
20,96,0.005,0,-999.0,1.5,1,0.9020511643855893,0.17463040528102147,-0.5546755217674402,0.6252162222581946,373,0.04826756809464994,0.33962816095690046,0.00011527661243747763,-0.07144654448978888
48,120,0.0,0,-999.0,999.0,1,0.9820734716794355,0.18681153936492634,-0.5789498016892887,0.6243346033068388,119,0.06253656633946564,0.5499577455632841,7.971779895157272e-05,-0.07144663131437606
48,96,0.0025,0,-999.0,1.5,1,0.7832200743248241,0.1558123327930383,-0.5152775378269481,0.5802813944515162,396,0.042059416238705065,0.39758174608333874,9.739313559739339e-05,-0.07281236639785993
30,96,0.0,1,-0.2,1.5,0,0.14069999962702462,0.03350469298462788,-0.24580521395977384,0.3182965043248384,566,0.05132288890333485,0.05132288890333485,0.0002894998920963118,-0.07348308877901712
20,120,0.0,1,-0.2,1.5,0,0.14091604020139425,0.033553691219974535,-0.24666110761340365,0.3177305478244268,583,0.05275303906910225,0.05275303906910225,0.00028730140547943096,-0.07389033519550595
12,60,0.0,1,-999.0,0.75,0,0.22464362802120208,0.05204082401020216,-0.2954861698489547,0.431792646286597,271,0.058018591952154974,0.058018591952154974,0.00021614416616748072,-0.07411262859994534
30,120,0.0,1,-999.0,0.75,0,0.2139538987364351,0.0497343403942232,-0.2940030187162407,0.4102474487771145,285,0.06250406292660729,0.06250406292660729,0.00020104414843863088,-0.07675479652504141
48,120,0.0025,0,-999.0,1.5,1,0.6707672997551557,0.1371176094211528,-0.48425871671674403,0.5414993751272186,397,0.04394461418448937,0.413573425209647,8.955525907848248e-05,-0.07793678018085828
20,120,0.0,1,-999.0,0.75,0,0.18718584916808423,0.04389114935778626,-0.28096543955539566,0.3724301666710043,284,0.062114021972307094,0.062114021972307094,0.00019046772295484512,-0.07797006208636134
12,120,0.005,0,-999.0,1.5,1,0.9794359458606507,0.1864159811615238,-0.5938640953754253,0.6485139662775764,380,0.04716245205746603,0.3462588571800039,0.00011760582317131225,-0.07809036821231002
20,60,0.0025,1,-999.0,0.75,0,0.19154354464819168,0.044849074687801194,-0.28567033896779515,0.3889015674360276,248,0.05301306637196906,0.05301306637196906,0.00021159169544564277,-0.078541016424295
12,96,0.0,1,-999.0,0.75,0,0.17202099903560897,0.040536867572560586,-0.2748799711657286,0.35397103509989725,275,0.059676266007930835,0.059676266007930835,0.00018788641227235388,-0.07920456625530885
48,200,0.0,0,-999.0,0.75,0,0.7902051288805492,0.15694408265927717,-0.551552519231391,0.7295140250147293,298,0.17717610349086654,0.17717610349086654,0.00015966541723745744,-0.08235647570568189
48,120,0.0,1,-0.2,1.5,0,0.16617804415617643,0.03923579147372913,-0.2788955857159259,0.35357243151556805,613,0.054930767730611715,0.054930767730611715,0.00029877413301205983,-0.0825333798084554
30,120,0.0,1,-0.2,1.5,0,0.15841599671634077,0.03749980304990741,-0.27923374423333436,0.343582216736924,588,0.05317558343626081,0.05317558343626081,0.0002963515630618425,-0.08493795822991357
30,60,0.0025,1,-999.0,0.75,0,0.16969702021963284,0.040019960807416766,-0.28635352847692686,0.3571246023734099,249,0.05255801859195215,0.05255801859195215,0.00020206498968701638,-0.08530057331237617
20,120,0.0,0,-999.0,999.0,1,0.9253746969024879,0.17821980473321863,-0.5887452084910945,0.611036210359614,156,0.05743353052070468,0.5174868361177923,8.217717136907778e-05,-0.0856009889943479
30,60,0.0,1,-0.2,1.5,0,0.12679359606483143,0.03033596499705382,-0.26450116463293305,0.3005704978636157,528,0.048300071507508285,0.048300071507508285,0.00028479799928929914,-0.08688609242623191
30,96,0.0025,0,-999.0,999.0,1,0.8860848532715107,0.17215418318953346,-0.5789503018101018,0.6013767417012138,135,0.05941623870506403,0.47532990964051225,8.603090023988695e-05,-0.08725213063045673
48,96,0.0,1,0.0,1.5,0,0.06770042833034351,0.016534455976760842,-0.2288558523138512,0.20256125738242248,540,0.0382565169342781,0.0382565169342781,0.00031461879763884003,-0.08776540731104363
30,96,0.0025,1,-999.0,0.75,0,0.1588519556923904,0.03759753639860852,-0.28582702487162615,0.33620923214092713,263,0.057043489566404475,0.057043489566404475,0.00018621110204726626,-0.0885055144301582
20,60,0.0,1,-0.2,1.5,0,0.13014877243495282,0.03110315092850069,-0.27084082634171247,0.3063937301785682,531,0.04846258857180004,0.04846258857180004,0.0002867684305258347,-0.08899757573342713
30,120,0.0025,0,-999.0,1.5,1,0.6281196169086398,0.12978062413683444,-0.4907633042232853,0.5272556966412368,397,0.04296951179873887,0.39797178703763897,8.974459418618025e-05,-0.08923824314274637
12,96,0.0,1,-0.2,1.5,0,0.0954343360635237,0.023081316531165852,-0.2534626710568766,0.24540529815735568,568,0.05164792303191835,0.05164792303191835,0.0002621834723151195,-0.09137975408940466
48,200,0.0,1,-999.0,0.75,0,0.17722186620387492,0.04169088315569214,-0.30477953923610823,0.35208207046690515,319,0.07228759019697069,0.07228759019697069,0.00016934941172858965,-0.09309478293901671
20,200,0.0,1,-999.0,1.5,1,0.7688190393691201,0.15346848246215372,-0.5573352683428683,0.6303564468211518,689,0.022004810505103035,0.195508028342976,0.00018912684838504924,-0.09368132936822282
30,120,0.005,0,-999.0,1.5,1,0.7326327761731484,0.14751517184252672,-0.5407123855770108,0.5652631876036285,363,0.047780016901774684,0.3637131898849379,0.00010085390877152173,-0.09457786156579728
20,200,0.0025,0,-999.0,999.0,1,0.9119656569334536,0.17616021595059683,-0.6032958173687459,0.6069014582044873,114,0.06370668920236625,0.5286355067282065,8.02893991486468e-05,-0.09514261982355177
30,96,0.0,1,0.0,1.5,0,0.01896406222614133,0.004714136363411114,-0.2146810044577646,0.10775550177991441,525,0.03737892478710265,0.03737892478710265,0.0002739646430978989,-0.09723859077647547
48,120,0.0,1,-999.0,0.75,0,0.18415645878843234,0.043223662857630796,-0.31786535635456303,0.3676831691096748,290,0.06409673015666645,0.06409673015666645,0.00018492364148738587,-0.09732485686416698
12,120,0.0,1,-0.2,1.5,0,0.11047354297937728,0.026579646999529194,-0.2747971501184103,0.2687600562790148,590,0.05311057661054411,0.05311057661054411,0.0002708788497291655,-0.09738092524572523
12,120,0.0,1,-999.0,0.75,0,0.161315190087453,0.03814922742832483,-0.30534043987900683,0.3369032664605981,283,0.06188649808229864,0.06188649808229864,0.000178888498330811,-0.09767582918814868
20,200,0.0025,1,-999.0,1.5,1,0.7383869421927702,0.1484680323327192,-0.554900185835863,0.6202860686589762,632,0.021322238835077684,0.1821491256581941,0.00019370471611721755,-0.09796775715226347
20,120,0.0,1,0.0,1.5,0,0.020856773883896063,0.005181011648930145,-0.2189974089192842,0.1117243344774026,541,0.03848404082428655,0.03848404082428655,0.0002747663040499022,-0.09873147608684182
12,200,0.0,1,-999.0,1.5,1,0.724553193961553,0.14617322209376837,-0.5508657864117531,0.6100559315513187,688,0.021907300266527985,0.19521549762725085,0.00018515244946344534,-0.09875687453454224
48,120,0.0,1,0.0,1.5,0,0.05218559852466198,0.012816246864432612,-0.24702049129396542,0.17266588713587325,565,0.039849184164337255,0.039849184164337255,0.00030090557718614785,-0.10206070442575643
48,200,0.0,1,-0.2,1.5,0,0.09692178572696131,0.02342891679075776,-0.27580075445861085,0.24068939940276,693,0.06113891958655659,0.06113891958655659,0.00025961520038972287,-0.10243699046840966
12,60,0.0025,1,-999.0,0.75,0,0.15531762851876607,0.036804414885590164,-0.3140202200529627,0.33392386593378837,254,0.054833257492036665,0.054833257492036665,0.00018825715639838556,-0.10350950184420177
48,96,0.0025,1,-999.0,0.75,0,0.14764460624572529,0.03507626732428504,-0.31102820387431007,0.31809662326817556,266,0.058213612429305076,0.058213612429305076,0.00017837455159171113,-0.10453300344946122
48,60,0.0025,1,-999.0,0.75,0,0.1263878504310909,0.030243072229277024,-0.30266731476692155,0.28905835695000803,255,0.054508223363453165,0.054508223363453165,0.00017475349454428807,-0.10663766730668335
48,60,0.0,1,-0.2,1.5,0,0.06451798688924248,0.015775085300788527,-0.26521292423496823,0.19279346645346243,541,0.049340180718975495,0.049340180718975495,0.00024619775859877996,-0.10719170349402246
30,120,0.0,1,0.0,1.5,0,0.03183950311940209,0.007877389641387733,-0.24370201248258305,0.13357172086483432,547,0.038711564714295,0.038711564714295,0.00028519407601435796,-0.10729503055666208
20,120,0.0025,1,-999.0,0.75,0,0.1191455497132532,0.02858076013087474,-0.2997018357730221,0.2749764429250618,268,0.059156211402197234,0.059156211402197234,0.000162375562689336,-0.10752133560938323
48,200,0.005,0,-999.0,0.75,0,0.665753306733404,0.13626235135186393,-0.5575134639845785,0.6760503888275925,258,0.1524410063056621,0.1524410063056621,0.00016314338844178973,-0.10869186119904567
30,120,0.0,0,-999.0,999.0,1,0.8395838315520674,0.16485164005650854,-0.6087692504360918,0.5883222871051981,134,0.05892868751218878,0.5302281739582656,7.758203963859918e-05,-0.11011687080627744
12,60,0.005,1,-999.0,0.75,0,0.10230795781939839,0.024684655861744398,-0.29782175226128615,0.25589891189650577,232,0.05125788207761815,0.05125788207761815,0.0001621994403977226,-0.11143127467407339
30,120,0.0025,1,-999.0,0.75,0,0.12811556899912313,0.03063844808032612,-0.31575582828097337,0.28874906414848805,269,0.05954625235649743,0.05954625235649743,0.00016586128579348168,-0.11280201285273617
30,60,0.0,1,0.0,1.5,0,0.0004955108948356823,0.00012402450262904985,-0.2346557100708172,0.06847996851518796,491,0.03523369953845154,0.03523369953845154,0.0002564817073657766,-0.11377983210702015
30,60,0.0,1,-0.2,999.0,0,0.06122673819592772,0.014987959588568467,-0.27615312760364386,0.18415175597396513,624,0.061171422999414936,0.061171422999414936,0.00022732640667932034,-0.1138810164145552
20,60,0.005,1,-999.0,0.75,0,0.09133487180148303,0.022121482944216897,-0.29582166199164384,0.23764128028267,229,0.0500552558018592,0.0500552558018592,0.0001585919420850951,-0.11390728403747152
12,200,0.0025,0,-999.0,999.0,1,0.7725140226746365,0.15407122240059,-0.5943708300921828,0.5699833511877068,134,0.06364168237664955,0.518754469219268,7.710969498522434e-05,-0.11461502508611607
20,96,0.0,1,-999.0,0.75,0,0.11713681167840462,0.028118270020973668,-0.3150642293247238,0.2720948879899817,277,0.05925372164077228,0.05925372164077228,0.00016349377839136055,-0.11580910024188913
48,200,0.0025,1,-999.0,0.75,0,0.116825657668306,0.02804657443896419,-0.31634324911196354,0.26803101725421913,298,0.06737957485535981,0.06737957485535981,0.00015048727244613305,-0.11672349925430663
48,96,0.0,1,-0.2,999.0,0,0.05658200867897811,0.013874019638970836,-0.28273235485422954,0.17731966764826315,693,0.06601443151530911,0.06601443151530911,0.0002275488669532607,-0.11862617440573078
48,200,0.0025,0,-999.0,0.75,0,0.6272451933193965,0.1296286911561999,-0.5604458866274467,0.6373396451976736,280,0.1657349021647273,0.1657349021647273,0.0001495494794079528,-0.11872726989763974
20,60,0.0,1,-0.2,999.0,0,0.0621940995587702,0.015219500662141172,-0.2865928848064555,0.1856041198897537,628,0.06133394006370669,0.06133394006370669,0.0002282058141025889,-0.1187967357465989
12,96,0.0025,1,-999.0,0.75,0,0.08980474338681321,0.021762531536501983,-0.3072322112299263,0.23088331261264478,260,0.05678346226353767,0.05678346226353767,0.00015070467323615556,-0.12030940844782892
12,96,0.005,0,-999.0,999.0,1,0.9366538489143683,0.17994393874112324,-0.6622626354549295,0.6167260619765909,158,0.06669700318533446,0.41292335695248,9.917592409006057e-05,-0.12035107588751195
48,96,0.0025,1,-0.2,1.5,0,0.07777749328471506,0.01892783232474371,-0.3013245254152944,0.21493815211953982,547,0.049860235324709096,0.049860235324709096,0.0002544938649016693,-0.12098752277692651
12,200,0.0025,1,-999.0,1.5,1,0.6399851729168129,0.1318362680227423,-0.5630226661727649,0.5732911849015299,632,0.021387245660794384,0.1817590847038939,0.00018370805971708044,-0.12101050581856365
30,96,0.005,0,-999.0,999.0,1,0.8855537888846297,0.17207155058027324,-0.6464263133813026,0.6018641870263141,124,0.06562439056100891,0.43863355652343494,9.157493521194344e-05,-0.12104839675906237
48,96,0.005,1,0.0,1.5,0,0.013659908201218096,0.0034022874229602262,-0.2590529317221013,0.09606476067623933,467,0.03357602548267568,0.03357602548267568,0.0002702668182815314,-0.12132094040427846
30,96,0.0,1,-0.2,999.0,0,0.033880340463213976,0.008376064141024209,-0.2748844456154992,0.1435926711018483,667,0.06461678476240006,0.06461678476240006,0.0002143524105546536,-0.12188652511163296
48,200,0.0,0,-999.0,999.0,1,0.9312493488818456,0.17911874750615886,-0.6635773681587008,0.6113236446003453,103,0.06848469089254372,0.6010856139894689,7.375859539153034e-05,-0.12210375434317429
48,60,0.0,1,0.0,1.5,0,-0.02828485822532989,-0.007157242402443198,-0.2309223551861258,0.007856413522207492,505,0.03585126438276019,0.03585126438276019,0.00023232613675944113,-0.12222559931939572
30,60,0.0,1,0.0,999.0,0,-0.00012586362185651456,-3.151052560801393e-05,-0.2528062400933194,0.07936719857096461,594,0.044789702918806476,0.044789702918806476,0.0002477274656065663,-0.1224662706437195
48,96,0.0,1,0.0,999.0,0,0.001622824980911819,0.0004060154999463439,-0.25431505719911174,0.08499585492083694,650,0.04810505103035819,0.04810505103035819,0.00025276245966600097,-0.12250172035356768
20,96,0.0,1,-0.2,1.5,0,0.048772987070189844,0.011992888816457326,-0.2856628421632684,0.16485539201427518,557,0.0507703308847429,0.0507703308847429,0.00023533253942285202,-0.12259576266446313
20,200,0.0,1,-0.2,1.5,0,0.08450468986574133,0.020516268617497113,-0.3088241026942795,0.22295941325701638,657,0.05876617044789703,0.05876617044789703,0.00025231623930593503,-0.12274781206679182
48,60,0.0025,0,-999.0,1.5,1,0.5710046392012871,0.11972557294521358,-0.535859317121598,0.5070552711719915,396,0.04485470974452317,0.3674835857765065,9.193469541059593e-05,-0.12285132205698583
12,200,0.005,1,-999.0,1.5,1,0.626854475835888,0.12956078336805765,-0.5620535385270117,0.5703771027104069,573,0.02330494701943704,0.1661249431190275,0.00019231127252274766,-0.12294713075992784
30,200,0.0,1,-0.2,1.5,0,0.09304691366895645,0.022522662306659003,-0.3148973664066692,0.2361533177050741,667,0.05941623870506403,0.05941623870506403,0.0002569361790947881,-0.1231183550114219
48,96,0.0025,1,0.0,1.5,0,-0.006874406070481398,-0.0017254096760122017,-0.24917849497326838,0.05461845991589779,504,0.03617629851134369,0.03617629851134369,0.00025020979324439816,-0.1235837341668515
12,120,0.0025,0,-999.0,999.0,1,0.8087126364620925,0.1599268293396765,-0.6277635631995839,0.5802917361603024,163,0.05922121822791393,0.46856919976597544,8.489885205402316e-05,-0.12494036545210034
20,96,0.0,1,0.0,1.5,0,-0.02733293939268422,-0.006913844435822547,-0.23775598214713844,0.011368651523261117,517,0.03702138724566079,0.03702138724566079,0.00023178074114318513,-0.1252234029332287
12,96,0.0,1,-0.2,999.0,0,0.02095011179700923,0.005204018522037668,-0.2749301841175663,0.12348874515413971,669,0.0648443086524085,0.0648443086524085,0.00020718707686239374,-0.1260866362790385
20,60,0.0,1,0.0,1.5,0,-0.007042530181467388,-0.0017677192191444258,-0.2555665306304622,0.05215497945014254,498,0.03533120977702659,0.03533120977702659,0.00025175026472226307,-0.1269432355618684
20,200,0.005,1,-999.0,1.5,1,0.6199576135726499,0.12836007190071808,-0.5675184724077897,0.566892786242085,579,0.02336995384515374,0.166449977247611,0.00019169479725272525,-0.12705452499107256
30,60,0.0,0,-999.0,1.5,1,0.5807116646368662,0.12145360521411375,-0.548814577708203,0.5109620403449927,441,0.047780016901774684,0.37385425469674316,9.24423796672251e-05,-0.1274055816227381
12,60,0.0,1,-0.2,1.5,0,0.06590297007465717,0.016105768631537565,-0.3068268435328688,0.19510858611675347,554,0.050282779691867646,0.050282779691867646,0.00024673473029868576,-0.12755222382905917
30,96,0.0,1,0.0,999.0,0,-0.020391202613749382,-0.005144276300904749,-0.2513537459152524,0.04518621561401825,631,0.047129948644607685,0.047129948644607685,0.00023537837293460053,-0.12856183847783004
30,200,0.0,1,-999.0,0.75,0,0.10642780008997788,0.02564206000481084,-0.3347559456529602,0.2521898950850267,311,0.06890723525970227,0.06890723525970227,0.00014607832746205075,-0.12912641806741793
12,120,0.0025,1,-999.0,0.75,0,0.08687572207356897,0.02107435997314644,-0.3249657154368104,0.22570384094167836,266,0.05873366703503868,0.05873366703503868,0.0001463240829180729,-0.13012330569817485
20,96,0.0,1,0.0,999.0,0,-0.027303447569134276,-0.006906306466899714,-0.2502024240305021,0.03176418635177461,620,0.04664239745173243,0.04664239745173243,0.00022856528793021823,-0.13041930916456201
30,200,0.0,0,-999.0,999.0,1,0.729953991534166,0.14707076935918328,-0.6121414570685337,0.5592077130439782,124,0.06630696223103426,0.5809009946044335,6.949999487235055e-05,-0.13103957352288467
20,200,0.0,1,-999.0,0.75,0,0.11023507652486342,0.026524454301913636,-0.3410166102586232,0.258086815860098,304,0.06835467724111031,0.06835467724111031,0.00014706641393046272,-0.13107951003439305
20,120,0.0025,1,-0.2,1.5,0,0.03679444064559756,0.009086841104090304,-0.2948818696499227,0.1435799113793164,545,0.04982773191185075,0.04982773191185075,0.0002282026890947832,-0.13117509815190523
12,60,0.0,0,-999.0,1.5,1,0.6588893685248911,0.13508840538789468,-0.5873841932187827,0.5431713775669446,481,0.05021777286615094,0.35392966261457454,0.00010149561747662643,-0.13144512234314942
20,200,0.005,0,-999.0,999.0,1,0.7905539355970783,0.15700051104531543,-0.634716664955306,0.574919334939411,105,0.07180003900409543,0.483943314047975,8.178781925134907e-05,-0.131611854685367
30,96,0.005,1,-999.0,0.75,0,0.047053525595263324,0.011577274584138042,-0.3042764485755469,0.1616536415616275,244,0.05379314828056946,0.05379314828056946,0.0001282527498510027,-0.13247826762555404
48,60,0.005,0,-999.0,1.5,1,0.661464779529557,0.1355293064801999,-0.5908275401661596,0.5421911421908892,365,0.04800754079178314,0.33780796983683287,0.00010249215915585703,-0.13277490649333543
30,96,0.0025,1,-0.2,1.5,0,0.03149739571102761,0.007793724038924754,-0.2949988738791939,0.13396207133869426,531,0.04852759539751674,0.04852759539751674,0.00022587810669838894,-0.13300760933373748
20,60,0.0,1,0.0,999.0,0,-0.008712169886269105,-0.002188186845640927,-0.27070111651001205,0.06360080822994754,601,0.04488721315738153,0.04488721315738153,0.00024325053254556833,-0.13435870468914957
48,120,0.0025,1,-999.0,0.75,0,0.09615097177730103,0.023248830379888563,-0.3404998395291957,0.23944806167520316,275,0.06071637521939804,0.06071637521939804,0.00014910378879553677,-0.13502868630094914
12,200,0.0,1,-999.0,0.75,0,0.10167925444579229,0.0245383165931925,-0.3455505139617937,0.24530934421068815,305,0.06848469089254372,0.06848469089254372,0.00014341165010090892,-0.13597147317716995
12,96,0.0,1,0.0,1.5,0,-0.04149234132292745,-0.010552877953254547,-0.24954016386519617,-0.019020183153371825,529,0.037736462328544496,0.037736462328544496,0.00021990111593440085,-0.13627396904352124
20,120,0.0025,1,0.0,1.5,0,-0.042446735258049983,-0.01079960783873457,-0.24932186501227083,-0.022155076901708436,504,0.03617629851134369,0.03617629851134369,0.00021685828023952348,-0.13656829418995542
20,60,0.0,1,-0.2,0.75,0,-0.015501610137381383,-0.0039034696912854105,-0.26808252675914257,0.026308909940860308,367,0.03208086849119157,0.03208086849119157,0.00019754934352383046,-0.13662928757381368
30,96,0.0025,1,0.0,1.5,0,-0.047947443793154076,-0.012225255381828837,-0.24590021018076036,-0.03521563033822234,490,0.03516869271273484,0.03516869271273484,0.00021090352554587404,-0.13693614198912013
20,120,0.0,1,-0.2,999.0,0,0.004397356129254293,0.0010990361727871711,-0.287186693146814,0.09911382532677533,690,0.06627445881817591,0.06627445881817591,0.00020069499670656956,-0.13753861913428106
30,96,0.005,1,0.0,1.5,0,-0.025669148221529436,-0.0064888549337943635,-0.2656802655768893,0.010978313777970587,460,0.03302346746408373,0.03302346746408373,0.00023143740790908547,-0.13878007203334047
20,120,0.005,1,0.0,1.5,0,-0.019848802405194377,-0.005006405565073702,-0.2704796035548579,0.02439942971924613,473,0.03390105961125918,0.03390105961125918,0.00023777378915353052,-0.13902623585654034
12,60,0.0,0,-999.0,999.0,1,0.7519700054338287,0.15070797594822283,-0.6362357095591349,0.5646394055023296,249,0.06653448612104271,0.44090879542351946,8.82278933046898e-05,-0.13917790855622814
48,120,0.0,1,-999.0,1.5,1,0.6505034578252038,0.1336492026171734,-0.6046413925446479,0.5802932229243378,660,0.01816940778781772,0.18367678606253657,0.00018487874929364316,-0.13965683250893365
12,120,0.0,1,-0.2,999.0,0,0.013621893263955132,0.003392866832314878,-0.2988760724121178,0.11306859100034758,695,0.0665994929467594,0.0665994929467594,0.0002052650595552156,-0.14039173982372663
48,120,0.005,1,0.0,1.5,0,0.002857376869170425,0.0007145585854377856,-0.28999495169077827,0.07421218723566558,489,0.03484365858415134,0.03484365858415134,0.0002613646882412457,-0.14057230789816808
20,120,0.0,1,0.0,999.0,0,-0.04081724267006093,-0.010378462663232058,-0.26130193847051053,0.009057527029409165,652,0.04843008515894169,0.04843008515894169,0.00022228019758424074,-0.14057655554701687
48,120,0.0025,1,0.0,1.5,0,-0.018168990059945433,-0.004579782714849712,-0.2757717532606543,0.032178753288078996,529,0.037638952089969445,0.037638952089969445,0.00024203124684005523,-0.1408567216807729
48,120,0.0025,1,-0.2,1.5,0,0.05404323847765902,0.013263597009837369,-0.3262460710075332,0.17378465892418016,576,0.05203796398621855,0.05203796398621855,0.00023959025416156883,-0.14117020554772022
12,96,0.0,0,-999.0,0.75,1,0.5142364485792261,0.10945623809032146,-0.5520896144145435,0.49413300184765424,496,0.04124683091724631,0.2521939803679386,0.00012098254223269977,-0.1418819190245676
30,120,0.0025,1,-0.2,1.5,0,0.049214623442004335,0.012099555108062265,-0.3251553248489406,0.16554604833529452,550,0.05021777286615094,0.05021777286615094,0.00023629105262964247,-0.14220080489964332
20,60,0.0025,1,-0.2,1.5,0,0.03367425596955553,0.00832574132333841,-0.3161556009372032,0.13749644158089053,495,0.04560228824026523,0.04560228824026523,0.00022707489733344102,-0.14287723706621866
12,200,0.005,0,-999.0,999.0,1,0.7179890992103286,0.14507950757241517,-0.6330912639542778,0.5543519626919305,117,0.07101995709549502,0.4757524540076708,8.018513476082818e-05,-0.1437485262701272
30,120,0.0,1,-0.2,999.0,0,0.022861011586530644,0.005674690216550982,-0.31240595267476057,0.1276229233547794,698,0.06676201001105116,0.06676201001105116,0.000210461549533322,-0.14414713995309034
30,120,0.0025,1,0.0,1.5,0,-0.03442418270432446,-0.008731327076213047,-0.27103798775210597,-0.0033904789624045703,509,0.03640382240135214,0.03640382240135214,0.00022576419238390968,-0.14441984490038626
12,200,0.0,1,-0.2,1.5,0,0.057345054949488716,0.014057271781962699,-0.335256710392864,0.17865644700869962,662,0.05883117727361373,0.05883117727361373,0.00023946566074304333,-0.1446382610640343
48,96,0.005,1,-999.0,0.75,0,0.037971063270903826,0.00937340624093852,-0.32371673797418055,0.1461872565451842,247,0.05454072677631151,0.05454072677631151,0.00012270942924631396,-0.14517559991889253
48,200,0.0,1,-999.0,1.5,1,0.5808259352980245,0.12147390009742587,-0.587779946867161,0.5373436513973145,726,0.02307742312942859,0.20997204706494182,0.00016307325530261446,-0.14554889076628888
30,60,0.0025,1,-0.2,1.5,0,0.021693396598764902,0.005387174627834446,-0.31348517025452105,0.11499520910541905,493,0.04547227458883183,0.04547227458883183,0.00021875303996579703,-0.14560565004415513
30,120,0.005,1,0.0,1.5,0,-0.016650821027092477,-0.004194682981682352,-0.2861251850818022,0.032300213331060916,476,0.034031073262692585,0.034031073262692585,0.00024199781658000387,-0.1456422648560304
30,60,0.005,1,-999.0,0.75,0,0.030743604754088993,0.007609303892067265,-0.32029361563689307,0.1329109001691422,231,0.04979522849899239,0.04979522849899239,0.0001225432508374275,-0.14589195891792217
12,96,0.0,1,0.0,999.0,0,-0.05411262420788887,-0.013830475441547252,-0.2629461162134368,-0.0175804601984465,636,0.047552493011766235,0.047552493011766235,0.00021055535567029085,-0.14618255655818796
12,120,0.0,1,0.0,1.5,0,-0.04605316050266228,-0.011733608580783872,-0.2665207717031469,-0.027277996674983287,547,0.03880907495287005,0.03880907495287005,0.00021791028112045055,-0.1463578942661065
20,96,0.0025,1,-999.0,0.75,0,0.045906450461558945,0.011299728315826929,-0.3327480948082825,0.15966917088319688,263,0.05649093154781252,0.05649093154781252,0.00012872829320013474,-0.14709086054415446
48,200,0.0,1,0.0,1.5,0,-0.018230754178508946,-0.004595459288019188,-0.2895026103814424,0.03774849868402594,632,0.04404212442306442,0.04404212442306442,0.00024760539889869985,-0.1474593395445391
20,200,0.0025,1,-999.0,0.75,0,0.06181404463039564,0.015128552145252439,-0.34370631431149634,0.18512166946047348,283,0.06416173698238314,0.06416173698238314,0.00012800954557822482,-0.14746852153747206
30,120,0.0,1,0.0,999.0,0,-0.03349591494755666,-0.008492844440693204,-0.28145043418672944,0.023272808442398,659,0.04869011246180849,0.04869011246180849,0.00022893737855506907,-0.14805442111193803
20,96,0.0,1,-0.2,999.0,0,-0.019997492110072845,-0.005044194768590415,-0.29311165759583846,0.05937895648115244,656,0.06383670285379965,0.06383670285379965,0.00018630821056583478,-0.14863107574245202
30,60,0.0,0,-999.0,999.0,1,0.693712626870779,0.14100712087315537,-0.6348619240317452,0.5468163335563264,190,0.062439056100890594,0.46769160761879996,8.094323663141481e-05,-0.14908302446490093
30,200,0.0025,1,-999.0,0.75,0,0.05048096222853804,0.01240522126846133,-0.342287122349458,0.16726552534348765,290,0.06474679841383345,0.06474679841383345,0.0001234092173952963,-0.1503750636390933
30,60,0.0025,1,0.0,999.0,0,-0.06261908756438483,-0.016058219562592013,-0.2647888120283848,-0.039561368784721156,556,0.042254436715855166,0.042254436715855166,0.0001971371717598605,-0.15043069401602047
48,60,0.0,1,0.0,999.0,0,-0.05688346949165224,-0.014554472447844136,-0.26995889545405827,-0.024029693549891273,609,0.04550477800169018,0.04550477800169018,0.00020784535955065776,-0.15073540485236783
20,96,0.0025,0,-999.0,999.0,1,0.6988702089240839,0.14187595045519474,-0.6420004331555134,0.5484182618838885,160,0.06045634791653123,0.4598582851199376,8.159661444189918e-05,-0.15170335302836752
48,200,0.0025,1,-0.2,1.5,0,0.005168590998890998,0.0012914198021158896,-0.3152278802168026,0.09107254115439833,645,0.05749853734642137,0.05749853734642137,0.0002120685008000858,-0.1517688932485655
48,96,0.005,1,-0.2,1.5,0,0.022027700926736227,0.005469519475118645,-0.3281438863359285,0.11633961007846816,510,0.04641487356172398,0.04641487356172398,0.000221700910085055,-0.1527854431889222
30,60,0.0025,1,0.0,1.5,0,-0.06266092357523778,-0.016069213310174857,-0.2669193329917975,-0.07354665006945883,456,0.032990964051225376,0.032990964051225376,0.0001910092986701349,-0.15320621230954654
12,96,0.0025,1,-0.2,1.5,0,-0.010667732840456301,-0.002681334518610079,-0.3067121018035567,0.054787125713422605,530,0.04862510563609179,0.04862510563609179,0.0001964948284852247,-0.1532980291347173
12,120,0.0025,1,-0.2,1.5,0,0.010060698784544408,0.002509180027723712,-0.32172622465304523,0.0949803739427227,548,0.049892738737567444,0.049892738737567444,0.00021176483530808328,-0.15360491360166276
20,60,0.0025,1,-0.2,999.0,0,-0.01828888535915485,-0.004610214447540506,-0.3051184852479625,0.05820932669484361,590,0.057921081713579924,0.057921081713579924,0.00018571872430443847,-0.15425899073677957
48,96,0.0025,1,0.0,999.0,0,-0.06771614567757323,-0.017400350485457294,-0.26963938028279655,-0.04255197969388715,611,0.04573230189169863,0.04573230189169863,0.0001999482755380718,-0.15434763961154993
48,120,0.005,0,-999.0,999.0,1,0.6957249392862521,0.14134634415586977,-0.6475694076004535,0.5478951892774325,99,0.06887473184684392,0.4700968601703179,7.941434135794917e-05,-0.15504360018048532
30,120,0.005,1,-999.0,0.75,0,0.02061285606575014,0.005120880871447353,-0.33198079342463904,0.11629678577095842,250,0.05587336670350387,0.05587336670350387,0.00011087876146704247,-0.15505467655232424
20,120,0.005,1,-999.0,0.75,0,0.011353672705685991,0.002830292598168027,-0.3258322088965626,0.10023822100549062,248,0.05561333940063707,0.05561333940063707,0.00010557149781786427,-0.15507390079983874
20,120,0.0025,0,-999.0,999.0,1,0.6160007456571417,0.12766946876409935,-0.6193598553342716,0.5234473888802375,140,0.059156211402197234,0.4830657219007996,7.467107172943433e-05,-0.15583808945902458
30,60,0.0025,1,-0.2,999.0,0,-0.027664502615469266,-0.006998602201936599,-0.30231493337593274,0.04280901295576236,587,0.057791068062146525,0.057791068062146525,0.0001799583902097066,-0.15601561824211485
48,60,0.005,1,-999.0,0.75,0,0.013672248720184799,0.003405345505419266,-0.3298751315755394,0.10282247525885152,237,0.0514854059676266,0.0514854059676266,0.00011051406106917715,-0.15639109651940786
48,120,0.0,1,-0.2,999.0,0,0.03154906852362083,0.007806362447553061,-0.34277957629366973,0.14090217772381805,728,0.06880972502112721,0.06880972502112721,0.00021568567536844684,-0.1565383168130909
20,96,0.0025,1,0.0,999.0,0,-0.0863030135839753,-0.022341647376274643,-0.2608895732537164,-0.08289096997103011,581,0.044074627835922774,0.044074627835922774,0.00018021119088437973,-0.15693098250168436
30,96,0.0025,1,0.0,999.0,0,-0.08410871645980211,-0.021754395084854328,-0.2631326074983952,-0.0766208263164854,593,0.04462718585451472,0.04462718585451472,0.0001846311173703626,-0.15715174014987618
48,200,0.0025,0,-999.0,999.0,1,0.6766995705761194,0.13812702066648375,-0.6452540660817976,0.5447230722664458,92,0.0661444451667425,0.5600013001365143,6.969476189446176e-05,-0.15726385876109275
30,60,0.0,1,-0.2,0.75,0,-0.05076146343207555,-0.012956968377147882,-0.28339015524771494,-0.05661622005172009,365,0.031950854839758173,0.031950854839758173,0.0001604320620672678,-0.15748285700359135
48,120,0.0,1,0.0,999.0,0,-0.026049778128027223,-0.006586032883795223,-0.3066259992953775,0.03757321481109854,680,0.0500552558018592,0.0500552558018592,0.00023499091009061477,-0.15802037179092904
20,60,0.0025,1,0.0,999.0,0,-0.06256230722126199,-0.016043299302932135,-0.2807857346574717,-0.04016351249185858,562,0.04231944354157186,0.04231944354157186,0.00019894588034097296,-0.15844434225626092
48,200,0.005,0,-999.0,999.0,1,0.6056259069318795,0.12585268049994447,-0.6218334401808311,0.5229839731952126,90,0.07446531885848014,0.508450887343171,7.253781438292764e-05,-0.15891484093071045
12,200,0.0025,1,-999.0,0.75,0,0.04300056755935655,0.010595598289512731,-0.354797946425373,0.15537498546648182,285,0.06416173698238314,0.06416173698238314,0.00011951329514632579,-0.15903462564984966
12,60,0.0,1,0.0,1.5,0,-0.03796470499531868,-0.009642508862524823,-0.2986030565603556,-0.012600835370840262,520,0.036761359942793996,0.036761359942793996,0.0002245409809814125,-0.15957407891124462
12,96,0.005,1,-999.0,0.75,0,-0.0018645389477485175,-0.0004671002905627386,-0.32685767854304293,0.07515811441369698,239,0.053143080023402456,0.053143080023402456,9.850174210349073e-05,-0.16013803384139935
12,60,0.005,1,0.0,1.5,0,-0.03170012032137193,-0.00803197117122978,-0.304681355805447,-0.004828043271392896,448,0.03211337190404993,0.03211337190404993,0.00022447516381464704,-0.1606140512375229
48,120,0.0025,0,-999.0,999.0,1,0.6640870801683301,0.13597770880491633,-0.6478239101160972,0.5390947862957685,106,0.06204901514659039,0.5143665084833907,7.278469101630089e-05,-0.16097950693834384
48,60,0.0025,1,0.0,1.5,0,-0.09089824565086191,-0.023574887465371952,-0.26128838375107943,-0.1376070628497028,470,0.03367353572125073,0.03367353572125073,0.00016477869400471343,-0.1610994324833968
20,96,0.0025,1,0.0,1.5,0,-0.0869389186104319,-0.022512030053622234,-0.2647005313670975,-0.1251729859337226,481,0.03474614834557629,0.03474614834557629,0.00016960883302634093,-0.1611209450338571
20,60,0.0025,1,0.0,1.5,0,-0.06160844305604751,-0.0157927521510407,-0.28354679965960417,-0.07215110892459072,462,0.03305597087694208,0.03305597087694208,0.0001943849362785956,-0.16117370742707232
48,60,0.0,1,-0.2,999.0,0,-0.04291371881482964,-0.01092039958598856,-0.3040968520997437,0.021425799165482498,641,0.062439056100890594,0.062439056100890594,0.00017392116334083622,-0.16189753567758627
48,200,0.0025,1,-999.0,1.5,1,0.5114657763038428,0.10894768693434509,-0.59240390983666,0.5043293549729196,670,0.021809790027952934,0.1959630761229929,0.0001616177880047264,-0.16203780023533892
48,96,0.0025,0,-999.0,999.0,1,0.695886108068801,0.14137349994523318,-0.6623633906808192,0.5479209334401217,117,0.059806279659364234,0.49548202561268934,7.605625812547148e-05,-0.1624121487231703
48,96,0.0025,1,-0.2,999.0,0,-0.037859447889176834,-0.009615383875824501,-0.3089523080204709,0.03140533484005861,654,0.0627640902294741,0.0627640902294741,0.00017978382482026372,-0.16252127114405704
30,200,0.0,1,0.0,1.5,0,-0.0497980277273713,-0.012706269007968896,-0.29815966127898386,-0.02712880047005666,616,0.04316453227588897,0.04316453227588897,0.00022147167729906784,-0.16314253967096365
20,60,0.005,1,0.0,1.5,0,-0.051979724300143415,-0.013274250045115066,-0.2959799548691152,-0.053009383972264575,436,0.03133328999544952,0.03133328999544952,0.0002011680627129314,-0.1639146966782859
30,96,0.0025,1,-0.2,999.0,0,-0.055289565065926416,-0.014137805027348183,-0.3008767290367691,0.0008828609917576834,630,0.061268933237989986,0.061268933237989986,0.00016740600547341945,-0.16453202649614485
12,120,0.0,1,0.0,999.0,0,-0.07669609507401365,-0.01977834727369998,-0.28439259163165953,-0.05852363530618235,656,0.04878762270038354,0.04878762270038354,0.00019626468682039518,-0.16490082485483887
48,60,0.0025,1,-0.2,1.5,0,-0.03612399751536177,-0.009168474892945144,-0.31223627916444796,0.004126130067699315,506,0.04657739062601573,0.04657739062601573,0.00017806043565857222,-0.16508030797178416
48,96,0.005,1,0.0,999.0,0,-0.06846391227604198,-0.01759771089857931,-0.2915825903645811,-0.04720541597857586,571,0.04274198790873042,0.04274198790873042,0.00019703765302836045,-0.16574927687979865
12,60,0.0,1,-0.2,999.0,0,-0.025821827280670173,-0.006527831736155454,-0.324651372504826,0.04937117185242396,651,0.0632841448352077,0.0632841448352077,0.0001832888482305984,-0.16638495939594725
48,60,0.0025,0,-999.0,999.0,1,0.638859485406253,0.13164172832725263,-0.6506103344424662,0.5301333546303488,142,0.06208151855944874,0.4591432100370539,7.869687361250638e-05,-0.16715677116246302
20,96,0.005,1,0.0,1.5,0,-0.07080290144863899,-0.018215815492111154,-0.2889891839725256,-0.09232969924370618,454,0.032893453812650325,0.032893453812650325,0.00018197522888199614,-0.16732689244055926
30,96,0.005,1,-0.2,1.5,0,-0.0072042603691859775,-0.0018084247574011725,-0.3371143165910091,0.060504533591271004,500,0.04563479165312358,0.04563479165312358,0.0002006098998498479,-0.16734035637334216
20,120,0.005,1,-0.2,1.5,0,-0.0019115468304923278,-0.0004788850547993162,-0.3411718599178206,0.07114028204555438,513,0.046804914516024185,0.046804914516024185,0.00020412987003912638,-0.16750780091143191
12,96,0.0,1,-999.0,1.5,1,0.4574752296189246,0.09889541620073228,-0.5814812409075868,0.48394191392065755,615,0.018689462393551324,0.1633946564389261,0.00017580931917867386,-0.16764810855702825
48,60,0.0,1,-0.2,0.75,0,-0.06586291158378277,-0.016911731523054585,-0.2929837247821332,-0.09071697504177346,373,0.032665929922641876,0.032665929922641876,0.00014558029225693385,-0.16793944266620986
48,60,0.005,1,0.0,1.5,0,-0.07689222746815683,-0.01983047856281772,-0.2857155535624014,-0.10952311495211058,441,0.03165832412403302,0.03165832412403302,0.00017486648233853167,-0.16816441109162394
20,120,0.0025,1,0.0,999.0,0,-0.09969703063738267,-0.02594935198358561,-0.2759755081734159,-0.10582605546305893,612,0.04582981213027368,0.04582981213027368,0.00017468018767965199,-0.1692284088434465
20,200,0.0025,1,-0.2,1.5,0,-0.0016113231694213637,-0.0004036268540481558,-0.34572087526992645,0.07685844344099549,612,0.05519079503347851,0.05519079503347851,0.00020562045064294657,-0.16942114231696162
12,96,0.0025,1,-0.2,999.0,0,-0.06826569438193975,-0.0175453830551745,-0.3016618164514725,-0.023103583271293606,629,0.061268933237989986,0.061268933237989986,0.00015914959612720037,-0.16953147044447542
30,96,0.005,1,0.0,999.0,0,-0.08240110356868591,-0.021298121782487023,-0.2891195804661363,-0.07686797393991779,560,0.04209191965156341,0.04209191965156341,0.00018341041126712214,-0.16970131071255107
12,60,0.0,1,0.0,999.0,0,-0.06950476686180929,-0.017872624763966893,-0.2990185219786926,-0.04756113150311107,623,0.04647988038744068,0.04647988038744068,0.00019908476575161067,-0.16975994232846875
20,60,0.005,1,0.0,999.0,0,-0.07272833223416486,-0.018725508439214833,-0.2961015573254099,-0.06300656984788217,532,0.040174218292920755,0.040174218292920755,0.0001876980167223953,-0.16992661559431388
12,120,0.005,0,-999.0,999.0,1,0.7360864945379351,0.14808737405378003,-0.693358258577278,0.5595222463030043,145,0.06474679841383345,0.4332704934018072,8.689427942345302e-05,-0.17061564291970874
12,96,0.005,1,0.0,1.5,0,-0.0768476687425319,-0.019818634283982894,-0.2913711223061345,-0.10659420051153544,461,0.03325099135409218,0.03325099135409218,0.00017701019699856618,-0.17083390546262692
48,200,0.0025,1,0.0,1.5,0,-0.06812810555051951,-0.017509065676909796,-0.30001473967157954,-0.06748271598126253,586,0.04127933433010466,0.04127933433010466,0.00020380952548872691,-0.1708905713117627
48,200,0.005,1,0.0,1.5,0,-0.0510864385195382,-0.013041574436108094,-0.3126038541013001,-0.03548077065129434,537,0.03802899304426965,0.03802899304426965,0.00021446470004279924,-0.17111754001932286
30,60,0.005,1,0.0,1.5,0,-0.07664701740434166,-0.019765303903141462,-0.2921405030502545,-0.1100701199969761,433,0.031300786582591174,0.031300786582591174,0.00017269579242211536,-0.17133906142811753
12,120,0.005,1,-999.0,0.75,0,-0.009154945238687318,-0.002299780618516545,-0.34582526459857843,0.06291552585457043,244,0.055028277969186766,0.055028277969186766,9.282467064979909e-05,-0.17206663662507724
20,120,0.0,1,-0.2,0.75,0,-0.07170008073895728,-0.018453214880944313,-0.29769854919431415,-0.09979773349848671,408,0.034908665409868034,0.034908665409868034,0.00014785405303713038,-0.17229237615302573
30,200,0.0025,1,-0.2,1.5,0,4.615568783172819e-06,1.1554719543394043e-06,-0.3527933379187498,0.08031983366711788,623,0.055905870116362215,0.055905870116362215,0.00020750907806174843,-0.17237952180406466
20,96,0.005,1,0.0,999.0,0,-0.08958113090014352,-0.02322093146406834,-0.2892230584467629,-0.09315923176579595,550,0.04179938893583826,0.04179938893583826,0.0001741400810012754,-0.17249042227573957
12,120,0.005,1,0.0,1.5,0,-0.06727800730272071,-0.017284766363407478,-0.30308377782722196,-0.0821405638786098,473,0.034031073262692585,0.034031073262692585,0.0001891369443001117,-0.17293368347094895
48,200,0.0,1,-0.2,999.0,0,-0.05457018622789933,-0.013949922596639297,-0.32310733805159864,0.01582815434504289,816,0.07612299291425599,0.07612299291425599,0.0001788424340660087,-0.17471218390518647
48,200,0.005,1,-999.0,1.5,1,0.4563641348313574,0.09868563558375376,-0.5951414849348796,0.4771040801437606,608,0.023727491386595592,0.17733862055515828,0.00016471579207513027,-0.175029902876498
30,96,0.0,1,-0.2,0.75,0,-0.07594670622494881,-0.019579238820907063,-0.299847703860603,-0.11110998354969862,393,0.03396606643697588,0.03396606643697588,0.00014011641134673304,-0.1750585899286935
12,96,0.0,1,-0.2,0.75,0,-0.09089600294059152,-0.023574284441996163,-0.2881845855241535,-0.15090813586215301,394,0.03409608008840928,0.03409608008840928,0.0001238041367248283,-0.17521198399718055
12,60,0.005,1,0.0,999.0,0,-0.0688715240232537,-0.01770534318066974,-0.3103899010904029,-0.05359603154646911,544,0.04108431385295456,0.04108431385295456,0.0001921141580885173,-0.17558009530319463
12,96,0.0025,1,0.0,1.5,0,-0.1022755383147248,-0.02664849009074488,-0.28220105263146833,-0.16116714511936062,492,0.03533120977702659,0.03533120977702659,0.0001562427142723677,-0.1758073736624471
30,120,0.0025,1,0.0,999.0,0,-0.09496136963836144,-0.02466922248167347,-0.29386976289360656,-0.09467327800287759,618,0.04608983943314048,0.04608983943314048,0.00017997147554912348,-0.17633776782862062
48,120,0.005,1,-999.0,0.75,0,-0.009584073955998695,-0.002407970674726312,-0.3547009768108088,0.06345802081108809,256,0.05639342130923747,0.05639342130923747,9.449090170084474e-05,-0.17658555803957632
30,96,0.0,0,-999.0,0.75,1,0.5038229505345198,0.10754123004812022,-0.6172780773170614,0.4876548408389636,501,0.04014171488006241,0.2656503932912956,0.00011560296751473171,-0.1767150665684623
30,60,0.005,1,0.0,999.0,0,-0.09603718628043711,-0.024959592383270612,-0.29308289564751944,-0.10939096783334772,530,0.040174218292920755,0.040174218292920755,0.00016649279926096198,-0.17697058859869771
48,120,0.005,1,-0.2,1.5,0,-0.0007783012919140297,-0.00019489891421664574,-0.36105603950874354,0.07461002983271903,535,0.04833257492036664,0.04833257492036664,0.0002067660425824216,-0.17699241717695247
20,60,0.005,1,-0.2,1.5,0,-0.015763089528649354,-0.003969706904938253,-0.35026972238083476,0.040469610624841654,466,0.043229539101605666,0.043229539101605666,0.00019058101005148473,-0.17708108756411356
12,96,0.0025,1,0.0,999.0,0,-0.11350540073246196,-0.02971103526386598,-0.28248964032944135,-0.13722237845618285,596,0.04485470974452317,0.04485470974452317,0.00016060487570735142,-0.1778169743513958
20,120,0.0025,1,-0.2,999.0,0,-0.07769136308029423,-0.020042971830946832,-0.3126680092338461,-0.03596318347043343,650,0.06279659364233245,0.06279659364233245,0.0001563528385238134,-0.17817513562139153
48,60,0.0025,1,0.0,999.0,0,-0.11706633598126104,-0.0306882250972218,-0.28049889412869955,-0.14657118506970052,571,0.043034518624455564,0.043034518624455564,0.00015445627630696797,-0.1782662314150566
12,120,0.0025,1,-0.2,999.0,0,-0.06836245908294225,-0.017570927073097375,-0.31991345225845025,-0.0206923159090824,651,0.0628290970551908,0.0628290970551908,0.00016158465246932959,-0.1785622689977766
20,96,0.0025,1,-0.2,1.5,0,-0.047178048748549695,-0.012025476398039192,-0.3319250006383311,-0.016304215576016207,521,0.04791003055320809,0.04791003055320809,0.00017088223441257252,-0.17880318749600554
12,120,0.0025,1,0.0,1.5,0,-0.10024523017526032,-0.026097865369690165,-0.291090218562423,-0.1534678061696511,506,0.03627380874991874,0.03627380874991874,0.00016105771209959146,-0.17931636495938422
30,60,0.0,0,-999.0,0.75,1,0.38441549388857643,0.08483833843485367,-0.5718540871400779,0.4303388019722264,488,0.04144185139439641,0.24517324319053502,0.00011133262698061311,-0.17957176503657396
48,200,0.005,1,-999.0,0.75,0,-0.01895048927317211,-0.004778192370106904,-0.3553605603102321,0.05017849056720868,276,0.06191900149515699,0.06191900149515699,8.781717527702589e-05,-0.17994954799686252
20,60,0.0025,1,-0.2,0.75,0,-0.0814405466086836,-0.0210417411239866,-0.3053017906320509,-0.13780003368509033,348,0.03029318078398232,0.03029318078398232,0.0001234787594716784,-0.18058263812426656
20,200,0.0,0,-999.0,0.75,1,0.3877291961757843,0.08548780638149611,-0.5759912198700352,0.43038515437608926,543,0.04456217902879803,0.2920431645322759,0.00010135983982575771,-0.18098854583471702
30,120,0.005,1,-0.2,1.5,0,-0.01211554880362864,-0.0030469111531139514,-0.36155683365843116,0.0523476965800981,517,0.04706494181889098,0.04706494181889098,0.00019769759913622906,-0.18120794315332464
20,120,0.005,1,0.0,999.0,0,-0.09770227900249606,-0.02540952292400911,-0.3014007908397208,-0.10589052449759839,577,0.043132028863030615,0.043132028863030615,0.00017307049059069453,-0.18140444456874943
20,60,0.0,0,-999.0,0.75,1,0.3611491086841536,0.08024512562392094,-0.5653873386445445,0.4188303912586765,488,0.041864395761554964,0.23883507768315673,0.00011069558177999538,-0.18150702413541747
20,60,0.0,0,-999.0,1.5,1,0.42047207611347615,0.0918435526688075,-0.591454578751177,0.44597326974075246,454,0.049437690957550545,0.3617954885262953,8.521805662237095e-05,-0.18158507321974338
12,60,0.0025,1,-0.2,1.5,0,-0.028957637636536693,-0.007329374501594432,-0.35066545679188166,0.018358741939376567,513,0.04706494181889098,0.04706494181889098,0.00018378531793351649,-0.18174416580056643
30,60,0.0025,0,-999.0,1.5,1,0.4312171401565372,0.09390534035409903,-0.5972690610409557,0.45052081981514513,411,0.04817005785607489,0.34707144250146266,8.782307529563055e-05,-0.18220314917562155
48,120,0.0025,1,-999.0,1.5,1,0.4884912497611209,0.1047036061956439,-0.6237756777248016,0.4985087779801434,614,0.01810440096210102,0.17262562569069753,0.0001718228554098652,-0.18225879376774973
48,96,0.005,0,-999.0,999.0,1,0.6889049008912891,0.14019543895954834,-0.7011320193863217,0.5455198715098942,107,0.06523434960670871,0.45521029708119354,8.084388805066851e-05,-0.18309457715811783
48,96,0.0,1,-0.2,0.75,0,-0.0863594748053429,-0.022356771846917645,-0.30892356197068993,-0.1344997179501682,402,0.03471364493271793,0.03471364493271793,0.0001310638366487842,-0.18354353872977103
12,96,0.005,1,0.0,999.0,0,-0.1074399385158975,-0.0280533081427623,-0.2985305724993468,-0.129381831288174,561,0.04235194695443022,0.04235194695443022,0.00016086800444866777,-0.1837876859568444
20,200,0.0,1,0.0,1.5,0,-0.0795102892341728,-0.02052714647860554,-0.31842645933603364,-0.09005711151049023,609,0.04287200156016382,0.04287200156016382,0.00019603880324033435,-0.18424323172214688
48,120,0.0025,1,0.0,999.0,0,-0.09080463165838537,-0.02354971733976674,-0.31311545349288683,-0.0845845718950513,639,0.04748748618604953,0.04748748618604953,0.0001855151228277471,-0.1843366726809627
48,120,0.005,1,-999.0,1.5,1,0.45415825797580034,0.0982687984708539,-0.6137256719661042,0.48156993899569944,562,0.019827081843593577,0.15757654553728143,0.000176698424205535,-0.1845155405624132
30,120,0.0025,1,-0.2,999.0,0,-0.06384415201816407,-0.016380296792994797,-0.3359791142123938,-0.011149451217540025,658,0.06325164142234935,0.06325164142234935,0.00016538467951654297,-0.1849273264600687
48,200,0.0,1,0.0,999.0,0,-0.09215337017644643,-0.02391254236952145,-0.31489833925122557,-0.07593011536689637,753,0.05496327114347006,0.05496327114347006,0.00019572841424808795,-0.18515821776347904
12,96,0.005,1,-0.2,1.5,0,-0.046222634402353635,-0.011777564415363151,-0.34496918750512284,-0.018437890804457794,496,0.04579730871741533,0.04579730871741533,0.0001692608786330758,-0.18518405270814747
12,96,0.005,0,-999.0,0.75,1,0.3825287635126182,0.08446802853867807,-0.5836108265389381,0.4304362715003051,416,0.04166937528440486,0.21608268868231165,0.0001185962977554738,-0.18581557115577574
30,120,0.0025,0,-999.0,999.0,1,0.4858843213900925,0.10421893320712972,-0.6306098953051498,0.48230756968664495,119,0.060228824026522784,0.4956445426769811,6.74952205596374e-05,-0.1869706359611129
20,96,0.005,1,-999.0,0.75,0,-0.04270775882450861,-0.010867119744841225,-0.3523474672839596,8.116985769546536e-05,243,0.05317558343626081,0.05317558343626081,7.429401809705691e-05,-0.18703679489393626
30,200,0.0,1,-999.0,1.5,1,0.4661819325915342,0.10053515123962198,-0.623343301198293,0.4805555520820057,710,0.021874796853669637,0.19940843788597803,0.00015695515739209596,-0.1871087217554242
12,60,0.0025,0,-999.0,1.5,1,0.4892734865764421,0.10484891339766156,-0.6332533914941191,0.47585604491163225,446,0.04982773191185075,0.3272768640707274,9.61875307741968e-05,-0.18798498010381637
30,120,0.0,1,-0.2,0.75,0,-0.09269144021345621,-0.024057401706092496,-0.31306296687028523,-0.14997907383870057,408,0.035201196125593186,0.035201196125593186,0.000125567104156987,-0.18808783883317015
12,60,0.005,1,-0.2,1.5,0,-0.02042648308295769,-0.005153246097072239,-0.36979885647798105,0.03230683672289744,478,0.044172138074497824,0.044172138074497824,0.00018802323870378604,-0.1884373324999179
12,120,0.005,1,-0.2,1.5,0,-0.03347224590802644,-0.008486765838253696,-0.36122726680309014,0.009474095848387655,512,0.046902424754599235,0.046902424754599235,0.00018084832247538285,-0.1886266944473794
20,96,0.0025,1,-0.2,999.0,0,-0.10031767386123402,-0.026117496248378225,-0.3173193561169442,-0.07882256794357827,618,0.060423844503672886,0.060423844503672886,0.0001395978251485005,-0.18871830270402923
12,60,0.0025,1,0.0,1.5,0,-0.08777152779771336,-0.02273525165382928,-0.32078952124032867,-0.12949676287159206,481,0.034258597152701034,0.034258597152701034,0.00017060733682554204,-0.18960485041757322
30,120,0.005,1,0.0,999.0,0,-0.09769799668169799,-0.025408364985062715,-0.31877273399820316,-0.104017329504306,582,0.043327049340180716,0.043327049340180716,0.0001746365622388316,-0.1899955984593796
30,200,0.0,1,-0.2,999.0,0,-0.05186578986810675,-0.013244564215018517,-0.3551854594973075,0.016803830102317292,785,0.07388025742702983,0.07388025742702983,0.00017765573629601467,-0.18999710245855642
30,60,0.005,0,-999.0,1.5,1,0.46838879088211804,0.10094960927022689,-0.6289173027786126,0.4664351562249893,376,0.05119287525190145,0.3199310927647403,9.476482810707237e-05,-0.19018728430782994
12,200,0.005,1,-999.0,0.75,0,-0.04443778145034005,-0.011314927090892324,-0.3595127130241196,0.003298762592005707,262,0.05941623870506403,0.05941623870506403,7.27047610213561e-05,-0.19090634547335184
20,200,0.005,1,-999.0,0.75,0,-0.04378579441348496,-0.01114609233247521,-0.3602977101580137,0.0045426327272559104,263,0.05954625235649743,0.05954625235649743,7.321145049550302e-05,-0.19106781577511928
12,120,0.0025,1,0.0,999.0,0,-0.12856730621715462,-0.03386463300300835,-0.29845379900244673,-0.1654034946548711,612,0.04595982578170708,0.04595982578170708,0.00015078531420015872,-0.19136170723697526
12,60,0.0025,1,0.0,999.0,0,-0.11709096082909909,-0.03069499291163813,-0.30711031107917897,-0.14610193259051574,581,0.04368458688162257,0.04368458688162257,0.00015596510927472635,-0.1915552450807534
48,200,0.005,1,-0.2,1.5,0,-0.05368117551188545,-0.013717884875302122,-0.354648957287805,-0.018075986596113595,592,0.053143080023402456,0.053143080023402456,0.00017481917229510556,-0.1919461628490103
20,96,0.0,1,-0.2,0.75,0,-0.10684829366351722,-0.027892060586166223,-0.30947281457127507,-0.19066715680162932,389,0.03354352206981733,0.03354352206981733,0.0001062748445863533,-0.19216182571188523
12,60,0.0,1,-0.2,0.75,0,-0.09358893689409098,-0.02429916932814702,-0.32069571528062013,-0.16078035987985786,385,0.03328349476695053,0.03328349476695053,0.00011892292490667825,-0.19268604496244998
30,200,0.0025,1,0.0,1.5,0,-0.1031925689535399,-0.026897497219506517,-0.3180551941588273,-0.146000338216599,572,0.040369238770070856,0.040369238770070856,0.0001713330938291548,-0.19322511120975014
30,200,0.005,1,0.0,1.5,0,-0.08302494091215507,-0.02146473695288098,-0.3332116830123284,-0.10613081297359356,528,0.037443931612819344,0.037443931612819344,0.00018381437591716846,-0.19337711910772487
48,120,0.005,1,0.0,999.0,0,-0.09087611264140882,-0.02356893635666213,-0.3314828155589552,-0.08860848395384469,596,0.04430215172593122,0.04430215172593122,0.0001819688356944902,-0.19374076833383197
48,60,0.005,1,0.0,999.0,0,-0.12232967799360439,-0.0321380135422451,-0.30718923712020374,-0.16234269896072087,539,0.04062926607293766,0.04062926607293766,0.00014494760262855403,-0.193849767050383
48,120,0.0025,1,-0.2,999.0,0,-0.058906288422773234,-0.015084024495917059,-0.3579856862142127,-0.0016149609417135272,685,0.0652993564324254,0.0652993564324254,0.0001699627367950906,-0.19415761565010908
20,60,0.005,1,-0.2,999.0,0,-0.08132491071249659,-0.021010890495564705,-0.34108442554233165,-0.0530369778846892,558,0.05496327114347006,0.05496327114347006,0.00014594539257168601,-0.19420495216096498
12,96,0.0,1,-999.0,0.75,1,-0.03299691442492336,-0.00836471643580261,-0.3825681119365768,0.10819844305009027,483,0.017031788337775466,0.1023207436780862,0.00011130890072808729,-0.1942388502515865
30,200,0.0025,0,-999.0,999.0,1,0.4788583563566535,0.1029095032275138,-0.6429239432314131,0.48345391882271427,109,0.06438926087239161,0.5412143275043879,6.375520330156071e-05,-0.19437977244705704
48,200,0.0,1,-0.2,0.75,0,-0.101594528489654,-0.026463694541850158,-0.3202233448586316,-0.16159884843277464,466,0.03887408177858675,0.03887408177858675,0.0001314311296550427,-0.19465530939280468
12,200,0.0025,1,-0.2,1.5,0,-0.033772449086759804,-0.00856387126987268,-0.3753699022940382,0.018660370475701325,615,0.055158291620620165,0.055158291620620165,0.00018738040538886135,-0.1953158038931067
12,120,0.005,1,0.0,999.0,0,-0.11639511482260778,-0.03050380329228619,-0.31866778935934603,-0.14532198570497093,576,0.04329454592732237,0.04329454592732237,0.00015595126761493765,-0.19710379725720775
30,200,0.0,1,0.0,999.0,0,-0.11256783554202798,-0.029454238637868335,-0.3241601878503678,-0.11652000674737675,734,0.05376064486771111,0.05376064486771111,0.0001800431449703886,-0.19736033290042107
48,96,0.0,1,-999.0,1.5,1,0.4379053543538354,0.09518283770624958,-0.6339895761676289,0.4698333211733248,648,0.015959175713449913,0.17457583046219854,0.00016675334251279727,-0.19832028431889862
20,200,0.005,1,-0.2,1.5,0,-0.036939303506973165,-0.009378355327838706,-0.3802987624024097,0.00906451989181904,569,0.0514854059676266,0.0514854059676266,0.00018274220038786196,-0.1990745105344526
12,96,0.0025,0,-999.0,0.75,1,0.2844014586646566,0.06466370590946835,-0.5654535584369804,0.3761006080323322,461,0.04176688552297991,0.23626730806734708,0.00010298710675497519,-0.19925804290740526
12,96,0.0025,1,-999.0,1.5,1,0.35859076213641816,0.07973647789498406,-0.6008631294149145,0.4264037537246822,564,0.01979457843073523,0.15195345511278685,0.00016720873755413814,-0.19937489912623907
20,120,0.0,0,-999.0,0.75,1,0.4183391788660076,0.09143289763099771,-0.6264486155348002,0.44644024209481076,511,0.04124683091724631,0.2690957550542807,0.00010785656878856172,-0.19946939803166186
30,200,0.0025,1,-999.0,1.5,1,0.4158715063460363,0.09095720895434001,-0.6265603557322577,0.4543019506510147,652,0.020964701293635833,0.18627705909120457,0.0001557915842827206,-0.19960787137923808
30,96,0.005,0,-999.0,0.75,1,0.4036349719616237,0.08858916945947226,-0.6229581894555885,0.4407498024993992,422,0.04166937528440486,0.2283039719170513,0.0001162008645487561,-0.200852435143352
12,200,0.005,1,0.0,1.5,0,-0.086025566485186,-0.022267336801840454,-0.34703912221082556,-0.11388034955145683,524,0.037118897484235844,0.037118897484235844,0.00018054458835130505,-0.20148091538482607
30,60,0.005,1,-0.2,1.5,0,-0.06357220343882719,-0.016308772510622127,-0.3647862499527804,-0.0576936597369722,467,0.04319703568874732,0.04319703568874732,0.00015370663609705985,-0.20158658047386094
20,200,0.0,1,-0.2,999.0,0,-0.06911673419622821,-0.017770109387630684,-0.3668838373343203,-0.011868058366017944,773,0.07306767210557108,0.07306767210557108,0.00016840129572142252,-0.20180543097309173
20,120,0.005,0,-999.0,999.0,1,0.562123567252991,0.11813755003103643,-0.6905833231055772,0.5055632373746005,126,0.0657544042124423,0.4457193005265553,7.67627556620601e-05,-0.20187594965302216
12,200,0.0,1,0.0,1.5,0,-0.09633382552136838,-0.02503970280325074,-0.34181926932884,-0.12606535166807736,612,0.04283949814730547,0.04283949814730547,0.00018336434441687603,-0.20225260505107462
48,120,0.0,1,-0.2,0.75,0,-0.10847426551802364,-0.028335397381856642,-0.32931353537907104,-0.1876136439774258,418,0.03578625755704349,0.03578625755704349,0.00011229659524813999,-0.20237284727026345
48,60,0.0025,1,-0.2,999.0,0,-0.12430877903910964,-0.03268484352981427,-0.32815853012802465,-0.12359153503055545,604,0.05912370798933888,0.05912370798933888,0.00012361022868480389,-0.20294368534535437
12,120,0.0,1,-0.2,0.75,0,-0.10968177420018799,-0.02866502856797204,-0.3293484972099071,-0.1948175315135321,409,0.03494116882272639,0.03494116882272639,0.00010885915503696292,-0.2030801537486022
12,60,0.0025,1,-0.2,999.0,0,-0.1032102416269568,-0.026902297866630565,-0.34402791457227555,-0.0855810796162252,608,0.05951374894363908,0.05951374894363908,0.00013686397845699946,-0.2031953091335796
20,200,0.005,1,0.0,1.5,0,-0.09492388172328448,-0.024659108916218142,-0.3438536916544095,-0.13362852867612057,523,0.037216407722810894,0.037216407722810894,0.0001711369164904728,-0.20326738117722892
20,200,0.005,0,-999.0,0.75,1,0.3198851776001863,0.0719520168596477,-0.5900572638758095,0.39597322167262355,450,0.04475719950594812,0.24861860495352012,0.00010370330906636056,-0.20327795399462587
30,200,0.005,1,-999.0,0.75,0,-0.06420202514494955,-0.016474443541308226,-0.37070906294559625,-0.03202904538442854,269,0.05996879672365599,0.05996879672365599,6.283330832417569e-05,-0.20343042728332777
48,200,0.0025,1,0.0,999.0,0,-0.13794427984004176,-0.0364777623632474,-0.3174486119187313,-0.1676754790836449,702,0.05184294350906845,0.05184294350906845,0.00015805591038099478,-0.2035858422767953
30,60,0.0025,1,-0.2,0.75,0,-0.12199749319340092,-0.032046320769402614,-0.31983099985231034,-0.24208645880534624,347,0.03019567054540727,0.03019567054540727,7.493761432202491e-05,-0.2040661436358251
30,120,0.0,1,-999.0,1.5,1,0.44193592524775305,0.0959505562451124,-0.6477566142628423,0.472203768743991,648,0.016934278099200416,0.17620100110511605,0.00016568972512721997,-0.20431756244910917
48,96,0.005,1,-0.2,999.0,0,-0.10256704737371969,-0.026727624707344577,-0.34708549435940017,-0.08245189731603814,614,0.05876617044789703,0.05876617044789703,0.00014112754022688184,-0.20439296675284657
12,200,0.005,1,-0.2,1.5,0,-0.03894289377968274,-0.009894696726398866,-0.3899265530049745,0.0051569711413607085,569,0.05132288890333485,0.05132288890333485,0.00018196451273676546,-0.20460012467181807
48,60,0.005,1,-0.2,1.5,0,-0.07589369607454921,-0.01956515890339161,-0.36203736032031375,-0.08178429422341418,476,0.04381460053305597,0.04381460053305597,0.0001455469614922921,-0.2046730537747192
48,200,0.0025,1,-0.2,999.0,0,-0.12024831209380205,-0.031563923904801006,-0.3381813839332649,-0.09350643692023962,761,0.07180003900409543,0.07180003900409543,0.00014367336652625632,-0.20532993771744545
20,96,0.005,0,-999.0,999.0,1,0.5944772773745446,0.12389055384662706,-0.7110207218112073,0.5155080454240104,146,0.0656893973867256,0.4253721640772281,8.165657593938838e-05,-0.2058444047877761
12,60,0.0,1,-999.0,0.75,1,-0.014022660640288676,-0.0035290744706746313,-0.4182033305625992,0.12631060704253963,470,0.017649353182084118,0.09838783072222583,0.00011932274958094852,-0.20631520939984724
12,60,0.005,0,-999.0,1.5,1,0.5218885006847098,0.1108571420045299,-0.6836153208817866,0.4906343014269688,406,0.05112786842618475,0.3015341610869141,0.00010313464670249423,-0.20641880336501495
30,96,0.0,1,-999.0,1.5,1,0.4049363957492045,0.0888417574078535,-0.6363183101248959,0.45216486320372146,630,0.015796658649158163,0.16706754209191965,0.00016694616769571708,-0.2067091544944084
12,96,0.005,1,-0.2,999.0,0,-0.11720633339192765,-0.030726703422493507,-0.3405655948068791,-0.1144631759720104,592,0.05785607488786323,0.05785607488786323,0.00012667726572945792,-0.20673265962453358
30,96,0.005,1,-0.2,999.0,0,-0.10651935847934435,-0.02780244685143951,-0.35003557536886176,-0.09180384254268116,597,0.05782357147500487,0.05782357147500487,0.00013562750003702232,-0.20741042666300444
30,200,0.005,1,-0.2,1.5,0,-0.052871017043499724,-0.01350657038883496,-0.3887023797364382,-0.020176307337505042,577,0.05203796398621855,0.05203796398621855,0.00017325108535073757,-0.2088665756239293
12,200,0.0,0,-999.0,0.75,1,0.33429681222779895,0.07487023374716473,-0.6101845378414918,0.4038103425767914,543,0.04348956640447247,0.2872651628420984,9.795954832985971e-05,-0.21003151804474163
20,200,0.0025,1,0.0,1.5,0,-0.12580721212672186,-0.03309948050046474,-0.3346312665308345,-0.19828323994471542,564,0.04001170122862901,0.04001170122862901,0.00014864011551771498,-0.21032927576311777
48,60,0.0025,1,-0.2,0.75,0,-0.13178363457463338,-0.034758558124264205,-0.3270320600029428,-0.26353907715487795,354,0.03091074562829097,0.03091074562829097,6.5769439363247e-05,-0.2114515419834795
12,60,0.005,1,-0.2,999.0,0,-0.09869760595311783,-0.025678771024178704,-0.3642121819603368,-0.08258048406612117,571,0.056003380354937266,0.056003380354937266,0.000136378290901299,-0.21191388620765314
20,120,0.0025,1,-0.2,0.75,0,-0.13408258290285957,-0.035399035256059364,-0.32846953965525927,-0.26071630660626954,386,0.032990964051225376,0.032990964051225376,7.600584297685483e-05,-0.21266962041400247
30,200,0.005,1,-999.0,1.5,1,0.35236888969584124,0.078496448413512,-0.6247992233367123,0.4186667928804027,596,0.02297991289085354,0.1698953390105961,0.00015531910021429865,-0.21296982361082403
48,200,0.005,1,0.0,999.0,0,-0.13917898156600295,-0.03682342837528929,-0.3352585430574344,-0.17603885777154976,650,0.04817005785607489,0.04817005785607489,0.00015045275178054716,-0.213254642792584
48,60,0.005,0,-999.0,999.0,1,0.5722752409274992,0.11995221833360303,-0.7176758883436856,0.5083053274316227,132,0.06721705779106807,0.42423454462718585,8.035904309001518e-05,-0.2134704594666586
30,200,0.005,0,-999.0,999.0,1,0.43291618540177423,0.0942302936399746,-0.6652770947417573,0.4664219577641722,102,0.07287265162842098,0.4941168822726386,6.628375426188228e-05,-0.21508715584269547
20,60,0.005,1,-0.2,0.75,0,-0.12184712092589933,-0.03200482215249445,-0.3422106842675291,-0.2535208987623025,324,0.028668010141064813,0.028668010141064813,6.42438505050219e-05,-0.21578620922437414
20,96,0.005,1,-0.2,1.5,0,-0.08793201463930467,-0.022778295553815497,-0.37559723713120974,-0.10487948324393963,492,0.04537476435025678,0.04537476435025678,0.00013742594876534455,-0.21582088828161736
30,60,0.005,1,-0.2,999.0,0,-0.1242815149478389,-0.032677304110665384,-0.3532466875266489,-0.13160753415518997,559,0.05496327114347006,0.05496327114347006,0.00011798187487503023,-0.21588102458174932
20,120,0.005,0,-999.0,0.75,1,0.3638182166115238,0.08077503147731879,-0.6369277751383755,0.41969931089300594,426,0.04231944354157186,0.2312942859000195,0.00011119831754416361,-0.21670389054721867
48,96,0.0,0,-999.0,0.75,1,0.3588253419119316,0.07978314668169495,-0.6362167230523605,0.41634475702708434,513,0.03997919781577065,0.27250861340440746,0.00010248101931184592,-0.2175079769931311
30,96,0.0025,1,-0.2,0.75,0,-0.14228520305593462,-0.037694690118599716,-0.33139524436600576,-0.2842254993918762,374,0.03217837872976662,0.03217837872976662,6.196310091757352e-05,-0.2176035872711964
30,60,0.005,0,-999.0,0.75,1,0.2722339595565346,0.06212976870968001,-0.599712176928457,0.3686615576708078,412,0.042286940128713514,0.21039459143210038,0.00010792337530350822,-0.2192932418710081
30,200,0.0,1,-0.2,0.75,0,-0.13706954408284833,-0.036233096655603036,-0.34216454798078433,-0.25027042266438315,450,0.037833972567119546,0.037833972567119546,9.317167195829069e-05,-0.21982889177921436
48,60,0.0,0,-999.0,0.75,1,0.385861896776309,0.08512196883793277,-0.6537255602640304,0.43049106195559206,493,0.0395566534486121,0.2571344991224079,0.0001079863697930434,-0.2202162581963028
20,120,0.005,1,-0.2,999.0,0,-0.1274005564043006,-0.033540965597186556,-0.3609977518079316,-0.128339339934993,615,0.05918871481505558,0.05918871481505558,0.00012473487326776581,-0.220456808497902
12,60,0.0025,0,-999.0,999.0,1,0.47541887647152326,0.10226678597608418,-0.6935052330511744,0.4732419072993532,228,0.06734707144250146,0.4079828381980108,7.959417491623686e-05,-0.22082373518453535
12,120,0.005,1,-0.2,999.0,0,-0.12473154559273592,-0.032801774931589756,-0.3648962336231035,-0.12480837578954428,613,0.05925372164077228,0.05925372164077228,0.00012545500278433267,-0.22149031053261872
48,96,0.005,0,-999.0,0.75,1,0.3274208802160514,0.07348088688874066,-0.6334833385771212,0.4000210911134792,429,0.04066176948579601,0.23412208281869595,0.00010735732884043791,-0.223259727844146
12,200,0.0,1,-0.2,0.75,0,-0.13532825001741333,-0.035746605395688524,-0.35238850099268504,-0.24672881763012616,447,0.0376714555028278,0.0376714555028278,9.391050408950328e-05,-0.22427729677353736
12,96,0.0025,1,-0.2,0.75,0,-0.1632105228299079,-0.043626501599409284,-0.3268448591921458,-0.34658750572702,374,0.03217837872976662,0.03217837872976662,3.6251689628187376e-05,-0.22437830648183318
20,200,0.0025,0,-999.0,0.75,1,0.241665858904357,0.055682689829319454,-0.5958981968931012,0.35465934864641374,501,0.04329454592732237,0.27354872261587465,9.153509483063778e-05,-0.22453344118491045
20,60,0.0,1,0.0,0.75,0,-0.18586591247170614,-0.05017547267888389,-0.30077699815458747,-0.47952087041585917,346,0.02327244360657869,0.02327244360657869,-1.6110166794845595e-05,-0.2245400152769706
20,60,0.005,0,-999.0,0.75,1,0.2620209529271844,0.059988801090122834,-0.6060610284704613,0.3625957297163437,409,0.04274198790873042,0.20434895664044725,0.00010814313659269791,-0.22491192665929063
30,200,0.0025,1,0.0,999.0,0,-0.16209554695657702,-0.043307645347746004,-0.341318596557985,-0.21947637638899228,685,0.050607813820451146,0.050607813820451146,0.00013761228231528322,-0.22494076244618813
12,200,0.0,1,-0.2,999.0,0,-0.10978157773076425,-0.028692288379424946,-0.3863205276214612,-0.07826767633226259,777,0.07310017551842944,0.07310017551842944,0.000149442797067872,-0.22576593600676867
20,200,0.0,1,0.0,999.0,0,-0.1523905395140288,-0.0405455941045364,-0.35088718449443124,-0.19566751184200418,727,0.053370603913410905,0.053370603913410905,0.00015095826910823445,-0.22577256194385223
20,96,0.0,0,-999.0,0.75,1,0.33471901957930217,0.0749553696621752,-0.6418518774181767,0.4038553690339175,504,0.04085678996294611,0.25869466293960863,0.00010324821944994674,-0.2257778005952173
48,96,0.0025,1,-0.2,0.75,0,-0.1526585272813077,-0.040621544479725435,-0.34061319002550106,-0.3086259711513032,381,0.032893453812650325,0.032893453812650325,5.244778866175754e-05,-0.22635943805004113
30,200,0.0025,1,-0.2,999.0,0,-0.12003457948731633,-0.03150502909536568,-0.3800200783857244,-0.09842715530858383,735,0.06968731716830268,0.06968731716830268,0.0001409796024129668,-0.22643642605365705
30,96,0.0025,0,-999.0,0.75,1,0.2962074708576403,0.06710521829325722,-0.6259029736676436,0.3830437195364701,467,0.04056425924722096,0.24982123122927907,0.00010032889856276829,-0.22669408256374107
48,200,0.0025,1,-0.2,0.75,0,-0.15392020171630305,-0.04097935760072302,-0.3421137743972822,-0.2973721684220266,435,0.03627380874991874,0.03627380874991874,7.21850458715006e-05,-0.22690485322046544
12,200,0.0025,1,0.0,1.5,0,-0.14056340005490264,-0.03721145125914782,-0.35655361180418943,-0.2321398554267491,566,0.03997919781577065,0.03997919781577065,0.0001357693981455703,-0.22709524993257998
12,200,0.0,1,-999.0,0.75,1,-0.06902429202233518,-0.017745691570290822,-0.4268712693199529,0.08089385472782641,543,0.01748683611779237,0.11948254566729506,9.711494432883595e-05,-0.22713663349387594
30,60,0.0025,0,-999.0,999.0,1,0.4362303823764446,0.09486332471664904,-0.6908877644246249,0.4612426637290754,175,0.06403172333094975,0.4340505753104076,7.315871542160055e-05,-0.2275184243092096
30,120,0.0025,1,-0.2,0.75,0,-0.15479891131482149,-0.041228797582600674,-0.34165577455601714,-0.31466581694599666,386,0.03321848794123383,0.03321848794123383,5.186010622331489e-05,-0.22778997570790907
48,96,0.0025,1,-999.0,1.5,1,0.331302189070104,0.07426580324555321,-0.6465975902931718,0.40744264519784856,598,0.016316713254891764,0.16407722810895145,0.00015604944821528497,-0.22866085964114025
30,120,0.005,0,-999.0,999.0,1,0.41433854448239127,0.09066138967020176,-0.6848670934747534,0.4560761127442602,108,0.06695703048820126,0.4556328414483521,6.828343706846196e-05,-0.2289683514299619
20,60,0.0,1,-999.0,0.75,1,-0.037319642541686626,-0.009476309803681748,-0.44975940506636947,0.10121688029619642,457,0.016641747383475264,0.09484495872066567,0.00011273711576347421,-0.22929516832205665
20,200,0.0,1,-999.0,0.75,1,-0.06135550224300168,-0.01572634536887596,-0.4364811210454651,0.08868268285708901,541,0.01742182929207567,0.11928752519014496,9.924746726445274e-05,-0.22953277174875406
30,96,0.0025,1,-999.0,1.5,1,0.3244683782263731,0.07288264998857996,-0.6452664857640675,0.4040368721369611,581,0.016771761034908666,0.1566014431515309,0.00015953829101861066,-0.22954874928660574
20,200,0.0,1,-0.2,0.75,0,-0.1484028744583521,-0.03941757168798965,-0.3525834000278216,-0.2801178380209706,447,0.0376714555028278,0.0376714555028278,8.06868170929267e-05,-0.229715163602949
30,60,0.0025,0,-999.0,0.75,1,0.21176702062763342,0.04926061116605851,-0.592128760276827,0.333281468933437,453,0.04189689917441331,0.22944159136709355,9.648362995010775e-05,-0.23013969552568317
12,96,0.005,1,-999.0,1.5,1,0.2675937106878141,0.061158629708958134,-0.6240275435055109,0.3678448906394634,518,0.021029708119352532,0.1412273288695313,0.000157365961134432,-0.23246289751182417
12,60,0.0,1,-999.0,1.5,1,0.27826221590047484,0.06338744059209667,-0.6297865002057164,0.37426688738195596,602,0.02089969446791913,0.15455372814145485,0.00015576612412754898,-0.2327924651416637
30,120,0.005,1,-0.2,999.0,0,-0.13299838715645107,-0.03509682435284822,-0.3826697366555024,-0.13682912494850327,622,0.05954625235649743,0.05954625235649743,0.00012272693762861896,-0.2332731489280246
12,60,0.0025,1,-0.2,0.75,0,-0.15486334573180016,-0.04124709628018408,-0.35234426880230507,-0.3291555171055055,362,0.03123577975687447,0.03123577975687447,4.0769520919359835e-05,-0.2338770065366119
20,96,0.005,1,-0.2,999.0,0,-0.15361700045546856,-0.04089333268862161,-0.36774621941899177,-0.182612699351055,586,0.05730351686927127,0.05730351686927127,0.00010234531912757022,-0.23389707736567025
12,60,0.005,1,-0.2,0.75,0,-0.1451087437691475,-0.03848871762473016,-0.35933557850486597,-0.316476971994765,333,0.029188064746798414,0.029188064746798414,3.842387534166348e-05,-0.2339803554769014
12,120,0.0,0,-999.0,0.75,1,0.2898754391940326,0.06579782126650091,-0.637692822167219,0.37971239529609924,515,0.04053175583436261,0.2622700383540272,9.850591556233315e-05,-0.23406297005230364
48,120,0.005,1,-0.2,999.0,0,-0.12111339897354034,-0.03180241141717044,-0.39327537822021186,-0.11335051968696616,640,0.06100890593512319,0.06100890593512319,0.00013221482190295137,-0.23410762651162467
20,60,0.0025,0,-999.0,1.5,1,0.28139255793830253,0.06403876902849626,-0.6344313107199122,0.3811654360198819,425,0.049892738737567444,0.33520769680816487,7.9504714528654e-05,-0.23411861453046576
30,120,0.0025,1,-999.0,1.5,1,0.33955440291601424,0.07592896286615591,-0.6614263970180075,0.4126334275630666,597,0.01748683611779237,0.16544237144900215,0.0001558354077773566,-0.23415256426469452
48,96,0.005,1,-999.0,1.5,1,0.29388296441556383,0.06662582655628335,-0.6402960913391404,0.3844772234299232,549,0.01810440096210102,0.15045829812130274,0.00015731643339025794,-0.2342983579417907
20,60,0.0,0,-999.0,999.0,1,0.38023700146242545,0.08401771287385928,-0.681816566694025,0.440652799008812,218,0.06487681206526685,0.45179743873106676,6.892126530474088e-05,-0.23485793052271262
20,200,0.0025,1,-0.2,999.0,0,-0.1306472689141579,-0.03444244096268334,-0.39002316773024637,-0.11893394744635798,722,0.06880972502112721,0.06880972502112721,0.00013355426424184003,-0.23540072220012442
30,200,0.005,1,0.0,999.0,0,-0.16128144841450254,-0.04307503361613596,-0.3623685761520343,-0.2236303592022405,638,0.04729246570889943,0.04729246570889943,0.00013078759363029829,-0.23544083965226514
20,96,0.0025,1,-0.2,0.75,0,-0.1722490806983471,-0.046223138901717364,-0.3416053679125485,-0.3712902214395745,370,0.03175583436260807,0.03175583436260807,2.3595984937092128e-05,-0.23559033392997034
30,96,0.0,1,-999.0,0.75,1,-0.0629131115125402,-0.016135491535467672,-0.4532499571924531,0.07911313359879509,494,0.014529025547682506,0.10501852694532926,0.00010134125707194907,-0.23880481345175447
48,60,0.005,0,-999.0,0.75,1,0.3069679988451437,0.06931604285493398,-0.6576974742907464,0.3887632964815589,416,0.04088929337580446,0.22128323473964767,0.00010824616367838753,-0.24009452946636128
48,120,0.0025,1,-0.2,0.75,0,-0.16778259839526422,-0.044937345627804826,-0.35589968524974,-0.3478303604305079,395,0.03373854254696743,0.03373854254696743,4.066977725888771e-05,-0.24027870627420023
30,60,0.0,1,0.0,0.75,0,-0.21053894609123391,-0.057464985959064796,-0.3145328852575796,-0.554519104350252,343,0.02327244360657869,0.02327244360657869,-6.074101068871483e-05,-0.2424573838053672
20,120,0.0025,0,-999.0,0.75,1,0.24628363866609382,0.056664194327287865,-0.6342593167348805,0.3552028936974153,474,0.041636871871546514,0.2529090554508223,9.47286049242435e-05,-0.24270531935528158
20,120,0.0,1,0.0,0.75,0,-0.21488702942001958,-0.05876724716946913,-0.3156571158282925,-0.5481768870939805,379,0.02532015861665475,0.02532015861665475,-3.808172220163094e-05,-0.2440046494383144
20,60,0.0025,1,0.0,0.75,0,-0.21597588936908352,-0.059094209503260386,-0.3130642387244341,-0.5904565593990084,324,0.021809790027952934,0.021809790027952934,-9.089374868500055e-05,-0.24514915683542787
20,60,0.005,1,0.0,0.75,0,-0.2054738916144997,-0.05595475256275162,-0.3220158753483561,-0.568853548554598,305,0.02073717740362738,0.02073717740362738,-9.088870352824329e-05,-0.24540536766465956
12,200,0.0,1,0.0,999.0,0,-0.1788882784990068,-0.04814405096535235,-0.37012039178159883,-0.248751029110219,729,0.05333810050055256,0.05333810050055256,0.00013240214688157914,-0.24564179831166272
48,200,0.005,1,-0.2,999.0,0,-0.18096948183389927,-0.04874859986809954,-0.3732923542634986,-0.20780008463689514,704,0.06682701683676787,0.06682701683676787,0.00010441191258168542,-0.2457847812316936
12,120,0.0025,1,-0.2,0.75,0,-0.17466295276590438,-0.04692020113728246,-0.3611063257044872,-0.37335226255691306,385,0.03282844698693363,0.03282844698693363,2.7859881987698928e-05,-0.2461409771173717
48,96,0.0,1,-999.0,0.75,1,-0.06382238326288647,-0.0163745708923283,-0.4675540180908756,0.0796744643847244,504,0.014106481180523956,0.10823636481830592,0.00010017598345715029,-0.2461678567185299
48,60,0.005,1,-0.2,999.0,0,-0.17418703541507186,-0.046782647984448644,-0.3765830841134439,-0.22492594855095316,571,0.055808359877787164,0.055808359877787164,8.601305878305724e-05,-0.24632048746871824
20,120,0.0,1,-999.0,1.5,1,0.27877856931203704,0.06349496023454848,-0.6582445483569488,0.3736136704667085,646,0.016154196190600014,0.17373074172788142,0.0001450042685945178,-0.24694663042059048
12,200,0.005,0,-999.0,0.75,1,0.23267447390299578,0.05376370130757735,-0.6367391451939671,0.34785120349455667,449,0.04355457323018917,0.24449067152050966,9.563075665334646e-05,-0.24721331111467837
48,60,0.0,1,0.0,0.75,0,-0.21594377546273413,-0.05908456148483121,-0.31954412689255074,-0.5693583267883758,351,0.023597477735162194,0.023597477735162194,-6.360621816765339e-05,-0.2473245412705254
30,96,0.005,1,-999.0,1.5,1,0.2540127596505315,0.058300928120966544,-0.6495182577525858,0.35826109940513495,536,0.018819476044984722,0.14519274523825001,0.0001535054166433178,-0.2485451457850696
20,60,0.005,0,-999.0,1.5,1,0.2918973306409869,0.0662158102274113,-0.6690527423688206,0.38515164531787466,389,0.05236299811480206,0.3091399596957681,8.384357351541806e-05,-0.24905297869110526
12,96,0.0,1,-999.0,999.0,1,0.28122463494833805,0.06400385968515021,-0.6638018595250336,0.37553164338464257,637,0.026815315608138855,0.20493401807189754,0.00013626518488587183,-0.24912048790813446
30,200,0.0025,1,-0.2,0.75,0,-0.18547062790877744,-0.05006004413789589,-0.36189251708775605,-0.38366021844168957,423,0.035428720015601635,0.035428720015601635,3.313554295734248e-05,-0.2501893136038584
20,200,0.0025,1,0.0,999.0,0,-0.19469547635934603,-0.05276484632771705,-0.36607343544583215,-0.2898303126227262,677,0.05015276604043425,0.05015276604043425,0.00011021641302997551,-0.25029307968176945
12,60,0.0025,1,-999.0,1.5,1,0.22603303730148117,0.05233950211642946,-0.6404015975439834,0.33890257962066744,548,0.021614769550802833,0.1427874926867321,0.00015150672702193434,-0.25091616767452884
30,120,0.0,1,-999.0,0.75,1,-0.07744415829773243,-0.019977224378281533,-0.46930703727451684,0.06529642452571605,507,0.01556913475914971,0.10943899109406488,9.514242194916062e-05,-0.25136592178925415
30,120,0.0,0,-999.0,0.75,1,0.24624829360984446,0.05665669213270208,-0.6519635503010015,0.35651198684121926,513,0.04111681726581291,0.2741012806344666,9.146763763530606e-05,-0.2514994836757377
30,60,0.0,1,-999.0,0.75,1,-0.0963344776367695,-0.025039878935309567,-0.4577405236263642,0.036917448167095246,461,0.01540661769485796,0.09516999284924917,9.120847006598459e-05,-0.2520642683401369
12,200,0.005,1,0.0,999.0,0,-0.17454818648211423,-0.04688702509761289,-0.3867032837521853,-0.25369077955583347,632,0.046804914516024185,0.046804914516024185,0.00011862718320385271,-0.2529232059514972
12,60,0.0025,1,-999.0,0.75,1,-0.09562140721310453,-0.024847340214078306,-0.4621213077421409,0.035786137255750625,432,0.01826691802639277,0.09139959695768056,8.931719972716598e-05,-0.2541186872223612
20,120,0.005,1,-0.2,0.75,0,-0.17713185922662456,-0.04763473863995682,-0.3740882002541055,-0.3900821833065652,360,0.03097575245400767,0.03097575245400767,1.2162689091539872e-05,-0.2541829479323378
30,96,0.0,1,0.0,0.75,0,-0.22748493934890368,-0.0625711298821453,-0.32422606876454874,-0.5925678859194929,367,0.024605083533771045,0.024605083533771045,-6.881518273926207e-05,-0.2543125585603943
30,200,0.0,0,-999.0,0.75,1,0.19113627533284494,0.04475965854834141,-0.6325736871733335,0.32856816892857366,552,0.045764805304556976,0.29779626860820385,8.393493250918017e-05,-0.25509877659189667
20,200,0.005,1,0.0,999.0,0,-0.1837908659000249,-0.04956999834936182,-0.38462076966521075,-0.27312600125614656,633,0.04696743158031593,0.04696743158031593,0.00011080614472730562,-0.2555366832447745
48,96,0.0025,0,-999.0,0.75,1,0.2074916117015415,0.04833260259781946,-0.6411878994035796,0.33373112166895474,476,0.040076708054345704,0.25654943769095756,9.050306735724613e-05,-0.2555747910205226
12,60,0.0,0,-999.0,0.75,1,0.15606926913306451,0.03697323909677519,-0.6159176510823209,0.2977512197317926,500,0.04251446401872196,0.2331794838458038,9.056141711711117e-05,-0.25609802545779564
48,60,0.0,1,-999.0,1.5,1,0.23955149297135625,0.055232369936155656,-0.6576972344243286,0.3480084580251318,614,0.016641747383475264,0.15809660014301502,0.00014796645242829887,-0.25621582437475204
48,60,0.005,1,-0.2,0.75,0,-0.17675294171061995,-0.047524970080363715,-0.37835349601466983,-0.40144172656528815,330,0.029090554508223364,0.029090554508223364,-4.6784927467270794e-06,-0.25677380441596304
20,96,0.005,0,-999.0,0.75,1,0.24712310738600518,0.056842329602415864,-0.6637267276767773,0.3543456328295276,425,0.04166937528440486,0.22232334395111486,0.00010161264289543208,-0.2573037525944964
48,200,0.0,1,-999.0,0.75,1,-0.11753699579385157,-0.030817604236219376,-0.4569853898472387,0.03362299472016808,566,0.01803939413638432,0.12653578625755704,8.193578621732488e-05,-0.2576291494238303
20,60,0.0025,0,-999.0,0.75,1,0.17668830185579187,0.0415726672066461,-0.6296301443976777,0.3106044178542993,453,0.04235194695443022,0.2231359292725736,9.356565389142383e-05,-0.2577121840994778
48,96,0.0,1,0.0,0.75,0,-0.22970631830453725,-0.06324668001337963,-0.3311521528681254,-0.5938212699804408,377,0.02519014496522135,0.02519014496522135,-6.398638127619059e-05,-0.2585138199464644
30,120,0.0,1,0.0,0.75,0,-0.22977755427787983,-0.06326836795101032,-0.3312669036590016,-0.5950183947185279,381,0.0254826756809465,0.0254826756809465,-6.0899731006614894e-05,-0.2586527395164375
12,120,0.0,1,-999.0,1.5,1,0.2382514371408362,0.0549551967136781,-0.6620330786258031,0.3470043074681764,645,0.01716180198920887,0.17252811545212246,0.00013978027429434263,-0.25871112722581463
30,96,0.005,1,-0.2,0.75,0,-0.1850854487015796,-0.04994760688963473,-0.37671486028492296,-0.4154557922331461,349,0.03029318078398232,0.03029318078398232,-4.188221453240269e-06,-0.2590778266437535
48,96,0.005,1,-0.2,0.75,0,-0.1862107444257075,-0.05027620267977029,-0.37706130483886735,-0.4146086231287341,354,0.030845738802574272,0.030845738802574272,-2.514116056888313e-06,-0.25953728625564065
12,96,0.005,1,-0.2,0.75,0,-0.19365559409223299,-0.05245878625518774,-0.3693181831188055,-0.44984260584449776,346,0.030130663719690566,0.030130663719690566,-1.8187987712549015e-05,-0.2596100081068154
20,96,0.0,1,0.0,0.75,0,-0.236851953812784,-0.06542971330028124,-0.3255311504604791,-0.6329586932294432,361,0.024312552818045896,0.024312552818045896,-9.073192242288876e-05,-0.25984322319199293
12,96,0.0025,1,-999.0,0.75,1,-0.13889842337857983,-0.03674485093464319,-0.4450903798181417,-0.011894704135104229,447,0.01800689072352597,0.09556003380354937,7.201536763125711e-05,-0.2598847760504693
20,200,0.0025,1,-0.2,0.75,0,-0.1961682807858529,-0.05319883222162325,-0.3719989159359204,-0.41458197397589996,420,0.03526620295130989,0.03526620295130989,1.9522522280880172e-05,-0.25992738888837846
12,200,0.0025,0,-999.0,0.75,1,0.15932762477540074,0.037704140527066166,-0.6260415102978508,0.3068578812891552,502,0.042156926477280116,0.2687707209256972,8.42428111555224e-05,-0.2599737205574015
12,200,0.0025,1,-0.2,0.75,0,-0.19056993970174463,-0.05155234899301275,-0.376999750676956,-0.39874543940017676,419,0.035201196125593186,0.035201196125593186,2.5567298296202925e-05,-0.2599894963014996
30,120,0.005,1,-999.0,1.5,1,0.24098134735675325,0.05553696480604131,-0.6660409859690799,0.34910102264744675,548,0.01979457843073523,0.15234349606708705,0.00014638394661690022,-0.2600284770461263
20,120,0.0025,1,-999.0,1.5,1,0.23053184416779482,0.05330486260718281,-0.6633148991074984,0.3418531797675485,594,0.017096795163492166,0.16251706429175064,0.00014090063239948977,-0.261259927958189
48,60,0.0,1,-999.0,0.75,1,-0.10299777546720046,-0.0268445877509651,-0.4747886143831207,0.034288773561864834,481,0.013878957290515505,0.10040304231944354,8.906094884672956e-05,-0.2625244562644322
12,200,0.0025,1,-0.2,999.0,0,-0.17473800992730526,-0.046941900141165616,-0.413097442809253,-0.19748483689511173,724,0.06874471819541052,0.06874471819541052,0.00010962697527057126,-0.2633648633905477
20,120,0.0025,1,0.0,0.75,0,-0.2448811283229515,-0.06790103265236347,-0.32627165975435346,-0.6590868888203216,355,0.023759994799453944,0.023759994799453944,-0.00011135154914181228,-0.2639912069705563
30,120,0.005,1,-0.2,0.75,0,-0.1917044508017538,-0.05188531968500587,-0.3813155600449518,-0.4307388481985515,359,0.03113826951829942,0.03113826951829942,-7.000212927336098e-06,-0.2640800421174094
12,60,0.005,1,0.0,0.75,0,-0.2271040672357778,-0.06245544802955294,-0.3409843892709499,-0.6399236990410055,315,0.021224728596502634,0.021224728596502634,-0.0001231287660531747,-0.26494382761707813
20,96,0.0,1,-999.0,1.5,1,0.20293190590275412,0.047340166951845175,-0.657534070278336,0.32283693346447406,625,0.01758434635636742,0.1629396086589092,0.00013924599326553988,-0.2652850215140991
20,120,0.005,1,0.0,0.75,0,-0.23800391418238542,-0.06578307665850591,-0.3351515502712814,-0.6522167869074547,333,0.022362348046544887,0.022362348046544887,-0.00012245185666172952,-0.26596969113951935
20,120,0.0,1,-999.0,0.75,1,-0.1193379883222968,-0.031313155225307754,-0.4715374383352444,0.019387482403859128,505,0.016024182539166612,0.10820386140544758,8.179912281990863e-05,-0.26611250027273703
12,60,0.005,1,-999.0,0.75,1,-0.12118351881156664,-0.03182174979218577,-0.4690465980707915,0.0018824197424541491,393,0.01761684976922577,0.08489891438601053,7.592546769146661e-05,-0.26625092784045884
30,200,0.005,1,-0.2,999.0,0,-0.17977311407077223,-0.048400937876820205,-0.41448913233671125,-0.21226850960946245,686,0.06523434960670871,0.06523434960670871,0.0001021697135210951,-0.26625892952564895
30,60,0.005,1,-0.2,0.75,0,-0.19202787685525746,-0.05198030703339207,-0.38344562697352447,-0.4519153161051744,326,0.028668010141064813,0.028668010141064813,-2.8852755017945843e-05,-0.26629888632541304
48,60,0.0025,0,-999.0,0.75,1,0.20394048859055536,0.04755993103575995,-0.6627845013113569,0.3298241610391374,459,0.04020672170577911,0.2416628746018332,9.258867726025535e-05,-0.26734111156796164
30,60,0.0025,1,0.0,0.75,0,-0.24631074547428922,-0.06834312175369839,-0.32977591984556687,-0.688829044843112,322,0.021842293440811286,0.021842293440811286,-0.0001504971200479054,-0.26767253391863743
48,60,0.0025,1,0.0,0.75,0,-0.24784771691376029,-0.06881911044325306,-0.32940007794894965,-0.6907219952915173,329,0.022167327569394785,0.022167327569394785,-0.00014588768179706234,-0.2680552491823038
12,60,0.005,0,-999.0,999.0,1,0.40527200853196277,0.08890686665118386,-0.7588298438951135,0.4459498589296238,209,0.07023987518689462,0.37746213352402,7.972733940515575e-05,-0.2682105623498917
48,200,0.005,1,-0.2,0.75,0,-0.199964137593447,-0.0543200979511983,-0.38429973157926245,-0.4360639306429604,398,0.03354352206981733,0.03354352206981733,4.173870899268587e-06,-0.26827316027297754
12,96,0.0025,1,-999.0,999.0,1,0.22591624454213166,0.052314405217622095,-0.6760808707172146,0.34393818693023925,586,0.02801794188389781,0.19079503347851526,0.00013295574636103613,-0.2685291207944732
12,200,0.0025,1,0.0,999.0,0,-0.21876060963165855,-0.05993195525297845,-0.3839813598709153,-0.3412055186933921,678,0.05012026262757589,0.05012026262757589,9.104002821757801e-05,-0.2689829111231057
20,200,0.005,1,-0.2,999.0,0,-0.1759668161644966,-0.04729735823143033,-0.42321541806495633,-0.20786368749010686,677,0.06455177793668335,0.06455177793668335,0.0001028978921362541,-0.2692982516384138
30,60,0.005,0,-999.0,999.0,1,0.35472687707302697,0.07896690149623042,-0.7399561892398422,0.42933100667569046,159,0.06867971136969382,0.4022297341220828,7.239143613083008e-05,-0.26954464278990614
48,120,0.0,1,-999.0,999.0,1,0.25239238992422974,0.05795842327066225,-0.6922686765226058,0.361220912630127,687,0.02814795553533121,0.2285639992199181,0.00012484018568675677,-0.2701148693591343
20,96,0.0025,0,-999.0,0.75,1,0.16452565221568638,0.03886695995965428,-0.6493405070610865,0.3058490649335959,469,0.04140934798153806,0.24280049405187545,8.832898612248682e-05,-0.2705108403242092
20,60,0.0,1,-999.0,1.5,1,0.18661435459229647,0.04376532580977566,-0.6606263601568434,0.3107633518544356,587,0.02044464668790223,0.14870311382695184,0.00014324011191492122,-0.2710096866759243
12,120,0.005,0,-999.0,0.75,1,0.19469271558506307,0.04553970403403018,-0.6655968765692679,0.32304431530885414,429,0.04092179678866281,0.22528115452122474,9.463663099220115e-05,-0.2711065184851611
30,200,0.0,1,-999.0,0.75,1,-0.13860129730597925,-0.03666165416041178,-0.4729002577394803,0.008308145328014823,554,0.016999284924917115,0.12081518559448742,7.689205913351832e-05,-0.2726963757637512
20,200,0.0025,1,-999.0,0.75,1,-0.1343626101275367,-0.035477136698607414,-0.47549454114967027,0.007712536225328904,500,0.017226808814925568,0.11109666514984073,7.549130462140864e-05,-0.2728387804621761
48,120,0.0,1,-999.0,0.75,1,-0.10416298801732216,-0.02716120920401166,-0.4955660697981561,0.03831779531495344,518,0.01556913475914971,0.11262432555418318,8.614493888397266e-05,-0.273028354337342
48,120,0.005,1,-0.2,0.75,0,-0.20338814974243669,-0.0553349501859679,-0.39039186284420124,-0.46246099095853604,365,0.03146330364688292,0.03146330364688292,-1.868483389418217e-05,-0.27365393115599534
12,200,0.005,1,-0.2,999.0,0,-0.18220839770511654,-0.049109027734920985,-0.4282958088436547,-0.21989700788180302,676,0.06429175063381655,0.06429175063381655,9.917991911080485e-05,-0.2742517825508385
12,96,0.0,1,0.0,0.75,0,-0.2587469735543295,-0.0722156183094288,-0.3346794939635076,-0.705510334222363,367,0.024767600598062798,0.024767600598062798,-0.00012321388859898782,-0.27483088200230077
30,96,0.0025,1,0.0,0.75,0,-0.2598937755670222,-0.07257516554971433,-0.33488997072121507,-0.7149086686345236,345,0.023142429955145292,0.023142429955145292,-0.00014989761375655778,-0.27576558434204806
12,60,0.0,1,0.0,0.75,0,-0.24441782133469947,-0.06775789607365812,-0.351374053879262,-0.6663120745442808,364,0.024280049405187545,0.024280049405187545,-0.00010278312199494421,-0.27676052674050317
48,60,0.005,1,0.0,0.75,0,-0.24564282385951175,-0.06813649816940304,-0.3475966883717535,-0.7010289051788503,309,0.020964701293635833,0.020964701293635833,-0.00016662538381741472,-0.2769862876142223
12,200,0.0025,1,-999.0,0.75,1,-0.1511183395352862,-0.040185285463272935,-0.47256656626966,-0.011143439387624347,502,0.017226808814925568,0.11109666514984073,7.00415374599656e-05,-0.27702574056748414
48,120,0.0,0,-999.0,0.75,1,0.1487026651286325,0.035315081266263926,-0.6550196078828674,0.3017554989112376,525,0.04254696743158032,0.2822921406747709,8.114532578746434e-05,-0.27710694772960787
30,120,0.005,0,-999.0,0.75,1,0.16323591951600203,0.03857880514144174,-0.6628706362082293,0.30533354143075153,430,0.04251446401872196,0.23480465448872131,8.866628296923686e-05,-0.27758983589113534
30,200,0.005,0,-999.0,0.75,1,0.14262479638517367,0.03394099410071316,-0.6527461157192093,0.29667961451696406,457,0.045147240460248324,0.25323408957940585,8.452910926242578e-05,-0.2775980830330433
30,96,0.005,1,0.0,0.75,0,-0.2532987633481776,-0.07051316051299472,-0.34355063881423065,-0.7097645373128639,324,0.021874796853669637,0.021874796853669637,-0.00016235958445887346,-0.2777767067857532
48,96,0.005,1,0.0,0.75,0,-0.2502274616136523,-0.06955754032761008,-0.3475245667238648,-0.6914985284573218,329,0.022264837807969836,0.022264837807969836,-0.0001492991052697072,-0.27789475011240855
48,120,0.0,1,0.0,0.75,0,-0.2510202043050317,-0.06980391687109999,-0.3508432475408697,-0.6620447935301548,387,0.02584021322238835,0.02584021322238835,-9.125149335783203e-05,-0.27832778031804256
30,120,0.0025,1,0.0,0.75,0,-0.2594890101400076,-0.07244821517161182,-0.34127461652030544,-0.7074944713679923,356,0.023890008450887342,0.023890008450887342,-0.0001365451995472967,-0.27846024700016414
30,120,0.005,1,0.0,0.75,0,-0.25095022804117173,-0.06978216108002666,-0.3482050972205285,-0.695452164856029,333,0.022427354872261586,0.022427354872261586,-0.00014682889847209598,-0.27865731793309234
20,96,0.005,1,-0.2,0.75,0,-0.21557915719977605,-0.05897503956456929,-0.38835545982325803,-0.5131625259998841,346,0.030000650068257168,0.030000650068257168,-4.7955810937206245e-05,-0.2788108957761925
12,200,0.005,1,-0.2,0.75,0,-0.20846270911317122,-0.05684504409597024,-0.39815760979993065,-0.46545083831655343,384,0.03269843333550023,0.03269843333550023,-1.3807310894291078e-05,-0.27919639091176324
12,120,0.005,1,-0.2,0.75,0,-0.20612152492759517,-0.05614745245991726,-0.3985237624291813,-0.4791845352929708,355,0.03074822856399922,0.03074822856399922,-2.8852844980962568e-05,-0.2793685604391565
12,96,0.005,1,-999.0,0.75,1,-0.1841704258717518,-0.049680663209289544,-0.4526646785055406,-0.0723499767159736,408,0.01761684976922577,0.08866931027757914,4.89712811511451e-05,-0.27963050129785855
20,120,0.005,1,-999.0,1.5,1,0.16770694066556135,0.03957670870267549,-0.6685134427907966,0.297391735952073,546,0.019144510173568226,0.15052330494701943,0.00013441875057205966,-0.2798104258951192
20,96,0.0025,1,-999.0,1.5,1,0.15681055614186223,0.037139657235227164,-0.6630164926674909,0.28939760183664703,574,0.018656958980692973,0.15185594487421178,0.00013427994569607487,-0.2798987090066859
12,120,0.0,1,0.0,0.75,0,-0.25358306456633184,-0.070601768325815,-0.35112643911760566,-0.6819768673678216,379,0.02538516544237145,0.02538516544237145,-0.00010322747964173515,-0.2802638312530089
48,96,0.0025,1,0.0,0.75,0,-0.26267073540969343,-0.07344753590039477,-0.3441049367006953,-0.7169924773405456,353,0.023727491386595592,0.023727491386595592,-0.0001453266814320878,-0.2813496281177697
20,60,0.0025,1,-999.0,1.5,1,0.1532241667806158,0.03633377299287366,-0.6645684056957178,0.285583293506035,536,0.021614769550802833,0.13758694662939608,0.0001406040118470863,-0.2816712651796835
48,120,0.005,0,-999.0,0.75,1,0.13253568917357916,0.031647898340914304,-0.6557744131180854,0.2878821988378972,439,0.042709484495872065,0.24130533706039134,8.444300170665414e-05,-0.2818451982762335
20,96,0.0025,1,0.0,0.75,0,-0.2699973194110302,-0.0757610329847217,-0.3371999762629606,-0.7618408470645054,339,0.02284989923942014,0.02284989923942014,-0.0001764518748421165,-0.2824530634694273
12,120,0.0025,1,-999.0,1.5,1,0.16709217075505123,0.03943966599341997,-0.6740958018977756,0.2973914264647193,592,0.01797438731066762,0.1608593902359748,0.00013132934341221153,-0.2827386636322319
30,200,0.005,1,-0.2,0.75,0,-0.21974504658614158,-0.060228645470571496,-0.3965453296345337,-0.4946119891604807,389,0.03302346746408373,0.03302346746408373,-2.505182529020064e-05,-0.2832319097458624
20,60,0.0025,1,-999.0,0.75,1,-0.12846160345698132,-0.033835296682138694,-0.4989284151236283,-0.003734837110317403,422,0.017714360007800817,0.0883117727361373,7.631767010644048e-05,-0.2834862460994687
48,60,0.0025,1,-999.0,1.5,1,0.1559306659941957,0.03694211396434577,-0.6697116490436278,0.288447295002807,566,0.01761684976922577,0.1478255216797764,0.00013632028520387066,-0.28349134580732777
30,60,0.005,1,0.0,0.75,0,-0.2552533173393029,-0.07112284553659831,-0.3525917203212561,-0.7383338240495442,306,0.02080218422934408,0.02080218422934408,-0.00019052542884875033,-0.28433539689970355
12,60,0.005,0,-999.0,0.75,1,0.1033074354521617,0.02491716913768771,-0.6451380101727557,0.2585420551188633,415,0.041734382110121565,0.1989208866931028,8.84595767635988e-05,-0.284724733192747
12,60,0.005,1,-999.0,1.5,1,0.14198812740010092,0.033796738906083146,-0.666312345645296,0.2767526968245125,506,0.022297341220828187,0.1327439381135019,0.00013906010565582544,-0.2855217990753392
12,120,0.0025,0,-999.0,0.75,1,0.10455918762651928,0.025208147640760847,-0.648502691728866,0.2682622108519278,477,0.04075927972437106,0.24598582851199377,8.09678979740197e-05,-0.2856300876810758
20,96,0.005,1,0.0,0.75,0,-0.2652074021537103,-0.0742465743833074,-0.3480928274886499,-0.7639059557536826,319,0.021679776376519536,0.021679776376519536,-0.00019251770655613469,-0.2864882859153165
30,60,0.0,1,-999.0,1.5,1,0.14975351771717582,0.03555210551418919,-0.6746442158214923,0.2836792756290778,594,0.018981993109276472,0.1499057401027108,0.00013603354797892214,-0.28758603861510307
20,200,0.005,1,-0.2,0.75,0,-0.22579115883770295,-0.06205700712731732,-0.4037141759867795,-0.5146316887105234,386,0.032893453812650325,0.032893453812650325,-3.453569795606296e-05,-0.2896456795562332
12,96,0.005,1,-999.0,999.0,1,0.17294014610150388,0.04074109515363178,-0.6922524187729522,0.3118235105536812,540,0.029578105701098617,0.17772866150945849,0.00012929949450927544,-0.28979393870516024
20,60,0.005,1,-999.0,0.75,1,-0.167083839817598,-0.04473665803667204,-0.48573190842880465,-0.055330960723339095,387,0.017551842943509068,0.08255866866020932,5.5257010498946686e-05,-0.2903691602872413
12,96,0.005,1,0.0,0.75,0,-0.27092508032820894,-0.0760552296971495,-0.35080292938764435,-0.7853353111553651,321,0.021777286615094586,0.021777286615094586,-0.0002018702666167263,-0.29072345994873994
30,96,0.0025,1,-999.0,0.75,1,-0.1513205717476439,-0.040242533988457896,-0.4995089224467497,-0.02327065798549947,461,0.01534161086914126,0.09874536826366768,6.820844732643076e-05,-0.2911605281111077
30,96,0.0,1,-0.2,0.75,1,-0.29414132507441315,-0.08351028704631014,-0.3868105729917184,-0.3215199301620963,664,0.007508288370278879,0.060423844503672886,4.044590800005349e-05,-0.29299157005027415
20,96,0.0,1,-999.0,0.75,1,-0.17783926665570793,-0.04783976884174823,-0.48714535677026916,-0.05124077689810056,489,0.016056685952024963,0.1024507573295196,6.112345523563023e-05,-0.29397448607178783
48,120,0.005,1,0.0,0.75,0,-0.26847580707862895,-0.0752791615063585,-0.36340484574749843,-0.7538401131563931,336,0.02258987193655334,0.02258987193655334,-0.00017745914134420209,-0.29467359003792737
12,120,0.005,1,0.0,0.75,0,-0.2686318929812308,-0.07532856018138678,-0.36270199849297324,-0.7680668050232924,328,0.022232334395111488,0.022232334395111488,-0.00018742532377912907,-0.295082899679038
48,200,0.0,1,0.0,0.75,0,-0.27204215955579625,-0.07640983263694645,-0.36728393011468186,-0.703282532455206,425,0.02808294870961451,0.02808294870961451,-9.295862429206292e-05,-0.2952159243170477
12,200,0.0,1,-0.2,0.75,1,-0.29720860754182965,-0.08450892287462941,-0.39362415627438463,-0.30297879463492733,755,0.008028342976012482,0.06731456802964311,6.012357667195022e-05,-0.2964699407435681
48,120,0.0025,1,0.0,0.75,0,-0.2789594432631073,-0.07861477015651352,-0.3597625668398533,-0.7719376365227033,362,0.024215042579470845,0.024215042579470845,-0.0001662287849855306,-0.29709293540257536
48,120,0.005,1,-999.0,999.0,1,0.14636226277161746,0.03478660887421059,-0.6944110527233984,0.2984492531766867,588,0.030033153481115515,0.19645062731586815,0.00011978860560157106,-0.2974964548286543
48,96,0.0025,1,-999.0,0.75,1,-0.15436350057037995,-0.04110517290710558,-0.5113417858777984,-0.024535413803783032,469,0.014529025547682506,0.10189819931092765,6.691169496635214e-05,-0.29800283653619397
12,60,0.0025,1,0.0,0.75,0,-0.27569887719372765,-0.07757347300281958,-0.3637609747569832,-0.7917666189088249,340,0.02265487876227004,0.02265487876227004,-0.0001891463912027214,-0.2990422913267524
48,60,0.0,1,-0.2,0.75,1,-0.296426614003637,-0.08425401413396794,-0.3982667502367293,-0.3295746381555235,634,0.0070857440031203275,0.05824611584216343,3.105550192983829e-05,-0.29986612116010875
12,96,0.0025,1,0.0,0.75,0,-0.29319985967143614,-0.08320442039483811,-0.3490006325757721,-0.8438613893566532,345,0.02320743678086199,0.02320743678086199,-0.00021465666667417108,-0.29989780615055683
20,120,0.0,1,-0.2,0.75,1,-0.30289728604635924,-0.08636970661479781,-0.3937227167105406,-0.33477869352822354,685,0.007898329324579081,0.06191900149515699,3.883181574233767e-05,-0.2999699996464793
12,120,0.0,1,-999.0,0.75,1,-0.18604612633110407,-0.05022811155381324,-0.4941624593589855,-0.058616588193988337,505,0.016479230319183514,0.10729376584541377,5.839637889537898e-05,-0.3002401706430054
12,120,0.0025,1,0.0,0.75,0,-0.2832558709031412,-0.07999228493736543,-0.36061528734509085,-0.8007587226838837,353,0.02369498797373724,0.02369498797373724,-0.0001851462856817871,-0.30033786474410507
30,120,0.0025,0,-999.0,0.75,1,0.07869823867023551,0.019145678418892143,-0.6647707191889667,0.254413910493258,477,0.041214327504387964,0.2578170707924332,7.574624009265591e-05,-0.30051898565092827
20,200,0.0,1,-999.0,999.0,1,0.1541082923959305,0.036532615879799835,-0.7051450446683577,0.3078351302367103,715,0.031170772931157772,0.2428329974647338,0.0001098693687928716,-0.3006481499425435
48,200,0.0,1,-999.0,999.0,1,0.12557079444708918,0.030055936545507755,-0.6912488558722888,0.29349258073282924,745,0.03276344016121693,0.25924722095820063,0.00010299559048570218,-0.3008938623539952
30,60,0.0025,1,-999.0,1.5,1,0.1075745558897081,0.02590807735967049,-0.6786857839408862,0.25036399221868116,543,0.02005460573360203,0.1389520899694468,0.00013062950046171994,-0.30091661499983857
30,200,0.0025,0,-999.0,0.75,1,0.06101556664213548,0.014937393955381184,-0.6572747578510825,0.24919149022073575,510,0.044074627835922774,0.2788792823246441,7.272923718887445e-05,-0.30124041045912325
48,200,0.0,1,-0.2,0.75,1,-0.3034821387386636,-0.08656165822640316,-0.3996361000662225,-0.3093406246014025,792,0.00796333615029578,0.06978482740687772,6.317606711964546e-05,-0.30184673948958457
20,200,0.0025,1,-999.0,999.0,1,0.15566023888986313,0.03688137799528368,-0.7085645512871448,0.30707667061598876,659,0.030065656893973867,0.22606123642982512,0.00011288548320803772,-0.3020470641174893
12,200,0.005,1,-999.0,0.75,1,-0.2004686885705963,-0.05446943837411655,-0.48772082080249224,-0.074857260957526,456,0.017551842943509068,0.101280634466619,4.858993204158975e-05,-0.30207271182323897
30,120,0.0025,1,-999.0,0.75,1,-0.16724954566525496,-0.044784238315139,-0.5158173267790729,-0.03985173529281491,472,0.016154196190600014,0.10293830852239486,6.18374528287728e-05,-0.3046854884693162
30,60,0.0025,1,-999.0,0.75,1,-0.18248045162452853,-0.049188229007260054,-0.5043333394389055,-0.07011639468407306,427,0.016414223493466815,0.08870181369043749,5.3219006527396286e-05,-0.30486071846091645
48,200,0.0025,1,-999.0,0.75,1,-0.19646356021371914,-0.05328591285422801,-0.4999582952175935,-0.05925782655257407,525,0.017031788337775466,0.11772736137294416,5.5226566019846115e-05,-0.3062279517906535
12,120,0.005,1,-999.0,1.5,1,0.09685673452427768,0.023413722447312768,-0.6841313550529473,0.24391749299459828,542,0.019599557953585128,0.14915816160696874,0.00012136541415559246,-0.30645608042943095
12,96,0.0,1,-0.2,0.75,1,-0.318479331362735,-0.09152560579462699,-0.39361600179014455,-0.36925837513812193,655,0.008678411233179483,0.05951374894363908,1.881753149482806e-05,-0.30679652544660535
48,120,0.0025,1,-999.0,999.0,1,0.1464646090581052,0.03480973598645121,-0.7137184389415808,0.2998612937359392,640,0.027725411168172658,0.21462003510368588,0.0001147051613011034,-0.30705641879754225
48,200,0.005,1,0.0,0.75,0,-0.28430678719507474,-0.08033017016429789,-0.3755000771675989,-0.7803102413884491,361,0.024117532340895795,0.024117532340895795,-0.00017687752726893474,-0.3070957208175198
48,200,0.0025,1,0.0,0.75,0,-0.29102465642541486,-0.08249889883752015,-0.371103243018443,-0.78171988472246,393,0.0260677371123968,0.0260677371123968,-0.00015404692999465973,-0.3071365145828647
48,200,0.0,0,-999.0,0.75,1,0.04029979446285448,0.009939848976755705,-0.6583857783468441,0.24071758919003178,566,0.04748748618604953,0.30686472079568355,6.869708614220539e-05,-0.30721716073716476
20,60,0.0025,0,-999.0,999.0,1,0.1666869790807508,0.03934931226050331,-0.7310574514759789,0.3506146516335412,203,0.06653448612104271,0.4187414678541247,5.955044585196835e-05,-0.3086486808958091
20,96,0.005,1,-999.0,1.5,1,0.07698067674241349,0.01873919484964559,-0.6786190583002909,0.22716709844869656,529,0.019989598907885327,0.1416173698238315,0.00012115672184054673,-0.30921197937806505
20,200,0.005,1,-999.0,999.0,1,0.1107939395495594,0.026653788310798898,-0.7025996308520269,0.278717531764284,605,0.03305597087694208,0.20714425014626536,0.00011156349534993909,-0.31071015052700035
20,60,0.005,1,-999.0,1.5,1,0.060607750676815675,0.014839719897015824,-0.6727605018410754,0.2109941809181538,496,0.02278489241370344,0.12861600468049145,0.0001229086267422929,-0.3109908219776142
48,200,0.0025,1,-999.0,999.0,1,0.08783011314980782,0.02129874604306292,-0.6930920922685371,0.26899285669775896,690,0.03104075927972437,0.2419879087304167,0.00010085710162510502,-0.3117976572563177
20,200,0.005,1,-999.0,0.75,1,-0.21414847331502707,-0.05854566733772271,-0.49891512250488546,-0.09152549136054403,458,0.017714360007800817,0.10137814470519405,4.338028273632943e-05,-0.31257950315819266
48,60,0.0025,1,-999.0,0.75,1,-0.1865909098666595,-0.05038729115259455,-0.5185922079486263,-0.06830732936995546,448,0.014756549437690957,0.09425989728921537,5.3850453941576434e-05,-0.31309876159540545
20,60,0.0,1,-0.2,0.75,1,-0.317818600467912,-0.09130519368721846,-0.40771170741110374,-0.3770420469414307,609,0.008710914646037834,0.055450822336345316,5.722166716516273e-06,-0.31401314973984185
30,200,0.0025,1,-999.0,0.75,1,-0.20680510879176828,-0.056350977139061564,-0.5101697843333122,-0.07502682628497025,513,0.016706754209191967,0.11278684261847494,5.1336850563658044e-05,-0.3151872106199662
30,120,0.0,1,-0.2,0.75,1,-0.3158466593218908,-0.09064832730530592,-0.41360211071790964,-0.35695433986455444,689,0.00770330884742898,0.06269908340375739,2.9859889302853698e-05,-0.3152970996574885
30,200,0.0,1,0.0,0.75,0,-0.2968715855403118,-0.08439903675960747,-0.3830862531344148,-0.7944230830611849,416,0.027497887278164206,0.027497887278164206,-0.000141768657834129,-0.31566331747987414
12,200,0.005,1,-999.0,999.0,1,0.09218627990983674,0.022321050638435924,-0.7031538441490813,0.26717405341529094,600,0.03276344016121693,0.20665669895339012,0.00010876604638378236,-0.3158971687653402
12,200,0.005,1,0.0,0.75,0,-0.29080856043276027,-0.08242889731319591,-0.3865275458055216,-0.813341596167516,354,0.023564974322303842,0.023564974322303842,-0.00019912012658555904,-0.31635975002433253
48,96,0.0,1,-0.2,0.75,1,-0.31707518450675887,-0.09105739005698843,-0.41525529371011116,-0.3588402570188455,685,0.007150750828837028,0.06227653903659884,2.8138336303568863e-05,-0.3166270497629863
30,96,0.005,1,-999.0,0.75,1,-0.21900365477095485,-0.06000517828019558,-0.5041976531849901,-0.11282321669742894,423,0.016154196190600014,0.09143210037053891,3.5723147028666175e-05,-0.31774516570756206
20,120,0.0025,1,-999.0,0.75,1,-0.2016327550467022,-0.05481425639276094,-0.5176939319203848,-0.08250020070687387,469,0.016836767860625365,0.10147565494376909,4.854054991960806e-05,-0.31778623238829706
20,200,0.0,1,-0.2,0.75,1,-0.32265441852499277,-0.09292208288274506,-0.41557907101833036,-0.3473178900933465,755,0.00799583956315413,0.06734707144250146,4.2267923687053196e-05,-0.31807751289657754
12,60,0.0025,0,-999.0,0.75,1,0.014427184127543846,0.0035923716758101687,-0.66311911401405,0.19757631459298466,461,0.04231944354157186,0.21738282519664565,7.350470300584918e-05,-0.3180883696015656
12,60,0.0,1,-999.0,999.0,1,0.08479256518061806,0.020584077197637995,-0.7032472107221022,0.25838114934034306,622,0.029415588636806864,0.19414288500292531,0.00011370025523658954,-0.31812047069639593
48,60,0.005,1,-999.0,1.5,1,0.05476899803272617,0.013438211247854825,-0.6842430126727956,0.2083236252228296,524,0.019112006760709874,0.13748943639082103,0.00011862767747549935,-0.3182671138274015
48,200,0.005,0,-999.0,0.75,1,0.015043266497005048,0.0037449213718914187,-0.6700836881692953,0.21750620256416045,468,0.045537281414548526,0.25934473119677565,6.932314597511725e-05,-0.3204216125845482
30,96,0.0,1,-999.0,999.0,1,0.10528425227253213,0.025376580914213243,-0.7194528320536748,0.27389685187655544,656,0.024377559643762595,0.20906195150490803,0.00011272290295594407,-0.3206549925187964
12,200,0.0,1,-999.0,999.0,1,0.08749858089212137,0.021220816511943408,-0.7113851908401738,0.2684044406489837,714,0.03091074562829097,0.24224793603328348,0.00010212739146767457,-0.3210515568756943
48,200,0.005,1,-999.0,999.0,1,0.05483360228144796,0.01345375035143248,-0.6949110064108031,0.24628277875594923,629,0.03399856984983423,0.21972307092244686,0.0001007814619676448,-0.32168761391617157
20,200,0.0,1,0.0,0.75,0,-0.30346183535438953,-0.08655499252889298,-0.38980524145985385,-0.8211172686022313,415,0.02740037703958916,0.02740037703958916,-0.000154270611395327,-0.3225134766889315
48,96,0.005,1,-999.0,0.75,1,-0.2190382736592409,-0.06001560941902406,-0.5148746587136289,-0.10990784358307054,430,0.01563414158486641,0.09344731196775662,3.6883413710474474e-05,-0.32294833095499204
48,96,0.0,1,-999.0,999.0,1,0.08562716512314617,0.02078058969187979,-0.71501885567907,0.2632460249499627,675,0.0257427029838133,0.21764285249951246,0.00010804352430848932,-0.3235665369001571
12,200,0.0,1,0.0,0.75,0,-0.29997279533297017,-0.08541168103089014,-0.3955383030255104,-0.8084582145332602,414,0.027270363388155756,0.027270363388155756,-0.00014961502340562764,-0.3236037432703084
30,200,0.005,1,0.0,0.75,0,-0.3042350516352923,-0.08680894602594025,-0.3888651654686447,-0.8556743690703877,357,0.023825001625170643,0.023825001625170643,-0.00022060058241678222,-0.324025247213782
12,60,0.0,1,-0.2,0.75,1,-0.3257161346736219,-0.09395026794419836,-0.4216536598263243,-0.38603403107228285,636,0.008970941948904635,0.057596047584996424,7.505801838238659e-06,-0.32407879941097467
12,60,0.0025,1,-999.0,999.0,1,0.06801404968307811,0.016609198100339784,-0.708059313332017,0.24495791505212128,568,0.030228173958265617,0.1796788662809595,0.00011349920332642357,-0.32517256281306267
48,120,0.0025,0,-999.0,0.75,1,0.0012701654009386054,0.0003178253616840099,-0.672956860102249,0.20518596264868957,488,0.041864395761554964,0.2654878762270038,6.618690214183505e-05,-0.325901306557006
20,200,0.005,1,0.0,0.75,0,-0.30699556088903357,-0.0877173313875611,-0.3921180354215602,-0.8701261769687457,356,0.023759994799453944,0.023759994799453944,-0.00022760018396447666,-0.32728265794677847
30,60,0.005,1,-999.0,0.75,1,-0.24556597642384592,-0.06811273397994011,-0.5037926478324815,-0.15944217495600657,393,0.016576740557758565,0.08301371644022622,1.7124569956533315e-05,-0.3279811666439812
48,120,0.0025,1,-999.0,0.75,1,-0.2040997508912462,-0.05554627384616262,-0.5409005816168626,-0.08220245763035133,484,0.01566664499772476,0.10576610544107132,4.873648033773116e-05,-0.3301066875361115
30,200,0.0025,1,0.0,0.75,0,-0.31605445235052165,-0.09071747755802251,-0.3917681761006888,-0.8782763851333384,386,0.0255476825066632,0.0255476825066632,-0.00020789281395858756,-0.33051538486503385
30,120,0.005,1,-999.0,0.75,1,-0.2332160199113147,-0.06431700848532962,-0.5208136832341079,-0.12848128232801026,433,0.017031788337775466,0.09471494506923227,3.0595386721589486e-05,-0.3311479142187841
30,60,0.005,1,-999.0,1.5,1,0.011096823743055095,0.002766528167956306,-0.687851132782056,0.1687286218172324,501,0.021387245660794384,0.1300786582591172,0.00011023584024116474,-0.3327226071322101
12,200,0.0025,1,0.0,0.75,0,-0.3187257509232987,-0.09160784949432554,-0.3963358964308391,-0.8916738825042781,384,0.0253526620295131,0.0253526620295131,-0.0002160100796848611,-0.334359491834959
30,96,0.0025,1,-999.0,999.0,1,0.06180291608159538,0.015125888675610266,-0.7234513585918247,0.24378788257571404,605,0.025515179093804848,0.19583306247155952,0.0001079926323551397,-0.3344103964915164
20,96,0.0,1,-0.2,0.75,1,-0.350360350657416,-0.10235641076861379,-0.4247458437113577,-0.42958727192342905,653,0.008060846388870831,0.05902619775076383,-7.954178534027589e-06,-0.3362086962204641
30,120,0.0,1,-999.0,999.0,1,0.06948332509895083,0.016959136329257163,-0.731866951841244,0.2530254488222393,675,0.026197750763830203,0.22004810505103037,0.00010464828586500138,-0.33632306715025284
20,120,0.005,1,-999.0,0.75,1,-0.2529274373900252,-0.07039746788620094,-0.5171725317431874,-0.15530638962777688,430,0.017031788337775466,0.09419489046349867,2.1139727276095814e-05,-0.3367490532391835
20,200,0.0025,1,0.0,0.75,0,-0.32246490586874266,-0.09285855536251764,-0.39839260705996316,-0.9058547487011508,385,0.02545017226808815,0.02545017226808815,-0.00022160612088127377,-0.33734759632755673
12,200,0.0025,1,-999.0,999.0,1,0.05074489068653332,0.012468892968848788,-0.7246625437296825,0.24294654623291004,659,0.030098160306832218,0.22550867841123318,9.945155494180297e-05,-0.33771505158434695
20,60,0.0,0,-0.2,0.75,0,-0.25736795452921757,-0.07178381780460485,-0.5010515296542841,-0.36749111571308696,782,0.06910225573685237,0.06910225573685237,7.208342310859232e-05,-0.34068413841740125
48,60,0.005,1,-999.0,0.75,1,-0.2546707591931916,-0.07094100252269187,-0.5265340225426689,-0.16369164323118024,412,0.015504127933433011,0.08746668400182019,1.7155279124684514e-05,-0.34239259595558535
48,60,0.0,1,-999.0,999.0,1,0.03551365836112419,0.008774630736727795,-0.7283952357387632,0.22713976452917445,642,0.0263277644152636,0.19840083208736917,0.00010600663270261181,-0.3440659989061951
12,60,0.005,1,-999.0,999.0,1,0.03322123960331935,0.008215094911741438,-0.7280438869407644,0.21935453932117047,527,0.03087824221543262,0.16752258987193655,0.00011011023831212001,-0.34483912159258223
30,96,0.005,1,-999.0,999.0,1,0.027752749600967075,0.006876572624233024,-0.725495361965379,0.21892653463876433,562,0.02785542481960606,0.18218162907105245,0.00010528596384110555,-0.34492478162651824
30,60,0.0,1,-0.2,0.75,1,-0.3564369116220012,-0.10446577962040993,-0.4390649050144253,-0.4539987416202259,610,0.008385880517454333,0.05551582916206202,-2.8471153180275436e-05,-0.3466981692086339
20,96,0.0025,1,-999.0,0.75,1,-0.2597663964287146,-0.0725352088243355,-0.5334496902248804,-0.16222597616373757,455,0.017064291750633818,0.09591757134499122,2.237762044417093e-05,-0.3473713527449626
30,200,0.0,1,-0.2,0.75,1,-0.3580294070892617,-0.10502105370528647,-0.4452506063399294,-0.4094344569155728,765,0.007800819086004031,0.06786712604823507,1.8965723960968518e-05,-0.3481180797210298
48,96,0.005,1,-999.0,999.0,1,0.0009264604891392469,0.00023185212239607011,-0.7191011714902253,0.20239951595885927,576,0.02814795553533121,0.18845478775271404,9.950374229797153e-05,-0.3491987578247736
12,120,0.0,1,-0.2,0.75,1,-0.3605355234410843,-0.10589698554562943,-0.44253639855775473,-0.44444341652534064,684,0.008190860040304232,0.061691477605148544,-7.049437067296103e-06,-0.34938735565077383
48,200,0.005,1,-999.0,0.75,1,-0.28014180360925023,-0.07899324189129797,-0.5238373350980636,-0.17157871499790572,478,0.01732431905350062,0.10651368393681336,1.8686470501303618e-05,-0.34949084519022505
48,200,0.0025,0,-999.0,0.75,1,-0.07436652674821131,-0.019159790321483072,-0.6788570961409794,0.1603595722376333,526,0.04452967561593967,0.28694012871351493,5.702251600725267e-05,-0.3505703597800911
30,200,0.0,1,-999.0,999.0,1,0.020402604114969636,0.0050690407792777226,-0.7354058143705648,0.22688473121045794,733,0.03123577975687447,0.24731846843918612,9.323562743465322e-05,-0.3512896298454818
20,60,0.005,0,-999.0,999.0,1,0.08866077132877792,0.021493921289234663,-0.7780553823527421,0.3110299451412751,186,0.07049990248976143,0.38812325294155886,5.6556213310536584e-05,-0.35198227263007265
30,60,0.0,1,-999.0,999.0,1,0.011308367740741065,0.002819046227012789,-0.7330649857639293,0.20793120478320049,620,0.027627900929597608,0.18942989013846454,0.00010370174085257555,-0.35331688641579184
48,96,0.0025,1,-999.0,999.0,1,0.01097680088088171,0.0027367275466094743,-0.7336675601419661,0.21180356955452667,625,0.026100240525255152,0.20454397711759734,9.830193723987429e-05,-0.35350687404664727
12,120,0.0,1,-999.0,999.0,1,0.019137153875506963,0.00475685988507446,-0.7386482490303581,0.21878474810286758,665,0.025092634726646298,0.21588766820516153,9.802106392726371e-05,-0.35362802722496123
48,120,0.005,1,-999.0,0.75,1,-0.26417268829683516,-0.07392039489275826,-0.544722461718059,-0.16690569776896444,444,0.016219203016316713,0.09656763960215822,1.865174852486326e-05,-0.354626910640236
12,120,0.0025,1,-999.0,0.75,1,-0.27047059900694714,-0.07591107680035392,-0.5424266353655909,-0.17346089482338228,467,0.017194305402067216,0.10027302866801015,1.9310701418831345e-05,-0.35579743922431845
30,200,0.005,1,-999.0,0.75,1,-0.2876858170046218,-0.08141910528414087,-0.5311174882552114,-0.18586690845792644,470,0.017031788337775466,0.10290580510953651,1.3921810671149202e-05,-0.3562711948346429
30,60,0.0025,1,-999.0,999.0,1,-3.0276225737591034e-07,-7.579432970139521e-08,-0.7336753753886145,0.19684544589159933,569,0.028798023792498212,0.17577845673795747,0.00010333191138375223,-0.356995491194057
20,60,0.005,0,0.0,0.75,0,-0.3338648983130863,-0.09670394292135953,-0.452240609852396,-0.6860899456969992,607,0.04316453227588897,0.04316453227588897,-4.685655047064283e-05,-0.3571287451324075
30,120,0.0025,1,-999.0,999.0,1,0.013996783043612293,0.0034857577733493628,-0.7461951740733941,0.21385714768663125,623,0.026880322433855554,0.20655918871481505,9.764987037171562e-05,-0.3589189718790161
20,96,0.0,1,-999.0,999.0,1,-0.0009029368018691475,-0.00022612018135159673,-0.7378019245810987,0.20309151412778112,650,0.02571019957095495,0.20421894298901386,9.832813558501897e-05,-0.3589725067655119
20,60,0.0,1,-999.0,999.0,1,-0.0005041984082474471,-0.00012624625263368827,-0.7380089485475588,0.1995552722874987,611,0.029090554508223364,0.1880322433855555,0.00010162734180689535,-0.3591529569120382
20,60,0.0025,1,-999.0,999.0,1,-0.0029127660467203054,-0.0007299871938538649,-0.7377311989632189,0.1946614595609141,560,0.03035818760969902,0.1742182929207567,0.00010282803775565285,-0.3598625136974176
20,60,0.005,0,-0.2,0.75,0,-0.27924118987883695,-0.07870491456887707,-0.5180939715850303,-0.4469662516164937,691,0.06156146395371514,0.06156146395371514,3.784034091396159e-05,-0.36010021294221695
30,200,0.0025,1,-999.0,999.0,1,0.0003154762442025838,7.896783761474069e-05,-0.7418689008588483,0.21073260929083468,676,0.029968146655398816,0.2308392381200026,9.181348124275444e-05,-0.36031885212726766
48,60,0.0025,1,-999.0,999.0,1,-0.012432260769546954,-0.0031269351379202837,-0.7365352985892206,0.19096264644726965,593,0.027335370213872456,0.18549697718260416,9.927495444086564e-05,-0.3618464521101671
48,120,0.0,1,-0.2,0.75,1,-0.3685411241823139,-0.10871243751239124,-0.4622586867742383,-0.45281511875944536,711,0.007443281544562179,0.0641292335695248,-5.321185477556034e-06,-0.36248253683748266
20,96,0.0025,1,-999.0,999.0,1,-0.013772913957696198,-0.003465892796515213,-0.7393515516259621,0.19085993619696748,599,0.026880322433855554,0.1904374959370734,9.737195047141879e-05,-0.3635986717996479
30,200,0.005,1,-999.0,999.0,1,-0.02949583048705373,-0.0074671367091929675,-0.7315892386006542,0.18756971863341257,620,0.03295846063836703,0.21107716310212574,9.024667650955718e-05,-0.36388327007784943
12,120,0.0025,1,-999.0,999.0,1,-0.013999820106508687,-0.0035232957046765767,-0.7453899491548698,0.19279301456467898,612,0.0260027302866801,0.2015211597217708,9.394225339951737e-05,-0.3665786195538775
20,96,0.005,1,-999.0,0.75,1,-0.30702463431098626,-0.08772691283940737,-0.5381234825296995,-0.23667368916228854,419,0.016934278099200416,0.0894168887733212,-8.112152144052395e-06,-0.3686223385623716
30,96,0.0025,1,-0.2,0.75,1,-0.39079359412728043,-0.11668144360570232,-0.4546384492783525,-0.5174860158875366,626,0.00773581226028733,0.056620945199245924,-5.387916116217846e-05,-0.36987496903925543
48,60,0.0025,1,-0.2,0.75,1,-0.3919664024848911,-0.11710746214863388,-0.4555792610024436,-0.5254869751839704,596,0.007345771305987129,0.05447571995059481,-6.687246968566617e-05,-0.3711714414090542
30,120,0.005,1,-999.0,999.0,1,-0.04305961587227203,-0.010958146933165103,-0.7405874776373156,0.17104412556472504,574,0.029448092049665215,0.19099005395566535,9.041741144303666e-05,-0.3726996794735866
12,60,0.005,0,0.0,0.75,0,-0.3619025640238759,-0.10637587555049333,-0.45903860835090426,-0.7770289932738607,601,0.04202691282584672,0.04202691282584672,-8.438808491451766e-05,-0.3747466293896385
12,120,0.005,1,-999.0,0.75,1,-0.31174913713907737,-0.08928794175124255,-0.5486705103167115,-0.23991178165994748,426,0.016901774686342064,0.09315478125203146,-8.262405446916544e-06,-0.3756187859925957
20,120,0.0,1,-999.0,999.0,1,-0.053609618433783424,-0.01369921510817007,-0.7410865578497416,0.1681393228084314,674,0.024572580120912697,0.21712279789377883,8.712989122104159e-05,-0.3758355278926193
12,96,0.0,0,-0.2,0.75,0,-0.32787707855168957,-0.09467806458804151,-0.5161469425866838,-0.5103475980247233,816,0.07202756289410388,0.07202756289410388,3.269241654880656e-05,-0.37826891578261956
20,60,0.0025,0,-0.2,0.75,0,-0.3215540641435305,-0.09255341311592002,-0.521131831465534,-0.5173445006932165,746,0.06624195540531756,0.06624195540531756,2.117527185178782e-05,-0.37898655388334784
20,60,0.005,1,-999.0,999.0,1,-0.06100128076452338,-0.015633371024628473,-0.7432900054672049,0.14906097930121842,520,0.031398296821166224,0.16329714620035105,9.264943573215381e-05,-0.37982532479317
12,120,0.005,1,-999.0,999.0,1,-0.05174149688087348,-0.01321218249373779,-0.7513822169768122,0.16284629714063442,564,0.02808294870961451,0.18734967171553013,8.89715690054076e-05,-0.38076097612511217
30,60,0.005,1,-999.0,999.0,1,-0.06716532898040228,-0.017255047574207927,-0.7419271011119843,0.14437094198640907,527,0.030098160306832218,0.16498732366898525,9.11294036474915e-05,-0.38100005103087964
12,200,0.0025,1,-0.2,0.75,1,-0.39756766378301056,-0.11915063980864582,-0.4751352982973581,-0.4984630709539513,706,0.00783332249886238,0.062569069752324,-2.960054196941107e-05,-0.38164144250502247
20,60,0.0,0,0.0,0.75,0,-0.37028506097367686,-0.10932930021833231,-0.4708923106885565,-0.7418898401994379,695,0.04885262952610024,0.04885262952610024,-4.6452708380826384e-05,-0.38186994757258247
20,120,0.0025,1,-999.0,999.0,1,-0.07231114073600131,-0.018615003758336912,-0.7423100886847656,0.15059754949791335,621,0.02571019957095495,0.20311382695182995,8.428622992789802e-05,-0.38224017062582405
48,200,0.0025,1,-0.2,0.75,1,-0.39872896359122956,-0.11957602923926458,-0.47666927911709966,-0.49471500519433637,740,0.00767080543457063,0.06487681206526685,-2.018942911945474e-05,-0.3826464190575312
20,120,0.0025,1,-0.2,0.75,1,-0.4026611327379156,-0.12102098997461253,-0.47069723860003854,-0.5393765558942643,643,0.008060846388870831,0.057921081713579924,-5.85324309418597e-05,-0.383338437069345
20,96,0.005,1,-999.0,999.0,1,-0.0621414613750122,-0.015932734095078782,-0.7502637440352208,0.15279351832368956,556,0.028472989663914712,0.1779236819866086,8.998916870834271e-05,-0.3834249301965047
12,96,0.005,0,-0.2,0.75,0,-0.33121107793892157,-0.09580438993865692,-0.5250253914763731,-0.5596579032976924,721,0.06390170967951635,0.06390170967951635,6.720697739984971e-06,-0.38629998084172806
12,60,0.005,0,-0.2,0.75,0,-0.3311654839117759,-0.09578895854635738,-0.5230581398951903,-0.581539609629828,680,0.05961125918221413,0.05961125918221413,-5.648968918357625e-06,-0.38639500897544393
48,60,0.005,1,-999.0,999.0,1,-0.07782762651292474,-0.02007921858040329,-0.7469553672092579,0.13965336540081233,552,0.029123057921081715,0.17291815640642266,8.858864492101957e-05,-0.3865742339149916
12,60,0.005,0,0.0,1.5,0,-0.37878059743096437,-0.11235277874900862,-0.4857717714008226,-0.6467947949326593,857,0.06289410388090749,0.06289410388090749,5.998245858865418e-06,-0.3875784041960529
30,60,0.0,0,-0.2,0.75,0,-0.3424015814520349,-0.09961592496685878,-0.5247131437745698,-0.5476898271070382,795,0.07036988883832802,0.07036988883832802,1.820611248694586e-05,-0.3893569882094956
30,120,0.0025,1,-0.2,0.75,1,-0.40740318441354517,-0.12277307558306327,-0.48062122794843665,-0.5476501277731379,648,0.00773581226028733,0.05870116362218033,-6.055187184067575e-05,-0.3904661959459385
12,200,0.005,1,-0.2,0.75,1,-0.41066577581222063,-0.12398464541359011,-0.4805266665421083,-0.5360675664830372,638,0.008353377104595983,0.057043489566404475,-6.590117406904622e-05,-0.3910513570087961
20,120,0.005,1,-999.0,999.0,1,-0.09771239895133899,-0.02541225937313618,-0.7442348784573627,0.1282947948220419,573,0.02808294870961451,0.18877982188129755,8.069738591431503e-05,-0.39111495886071546
12,60,0.005,0,-0.2,1.5,0,-0.3431998571750431,-0.09988967400674953,-0.5359994449029042,-0.4676259153613935,955,0.0889618409933043,0.0889618409933043,4.897507442356588e-05,-0.3912706922262713
30,96,0.005,1,-0.2,0.75,1,-0.41494050253839876,-0.12557970721721645,-0.47610634928673967,-0.579768349814046,574,0.008223363453162581,0.05236299811480206,-0.00010096259461754371,-0.3926212993512886
48,96,0.0025,1,-0.2,0.75,1,-0.4095906033455833,-0.12358482372143376,-0.4830689716838312,-0.5517815594009147,645,0.007313267893128778,0.05847363973217188,-6.360710635943595e-05,-0.3927083875333951
12,60,0.005,1,-0.2,0.75,1,-0.41315905746854065,-0.12491392453843941,-0.4801862343709068,-0.5861565594689241,542,0.008938438536046285,0.049437690957550545,-0.00011688567141684442,-0.39431486969733903
48,60,0.005,1,-0.2,0.75,1,-0.41888503945388544,-0.12705933205645126,-0.47628490515954847,-0.59464739338524,548,0.00770330884742898,0.05047780016901775,-0.00011828615708054746,-0.3949341543054875
20,200,0.0025,1,-0.2,0.75,1,-0.41383895135544135,-0.12516784349297494,-0.4893115368300547,-0.5318054798304742,708,0.007800819086004031,0.06273158681661574,-4.319931026917125e-05,-0.396413885899526
20,60,0.0025,1,-0.2,0.75,1,-0.4160359425181759,-0.1259898629002546,-0.4881435596866155,-0.5892912071803945,570,0.009035948774621336,0.0515504127933433,-0.00010593805343427869,-0.3995262031025821
12,96,0.0025,1,-0.2,0.75,1,-0.426141063502551,-0.1298009001915179,-0.4827844198675847,-0.5992857736640752,614,0.008938438536046285,0.05541831892348697,-9.43390067060933e-05,-0.40115739880851403
12,96,0.005,0,0.0,0.75,0,-0.3984718613711117,-0.1194817984695582,-0.4774614532714855,-0.8591434297521059,629,0.044822206331664824,0.044822206331664824,-0.00011005316237882283,-0.40116969659290624
12,60,0.0025,1,-0.2,0.75,1,-0.41668087501964657,-0.12623160896273133,-0.4931853171992867,-0.582699344028118,592,0.009100955600338035,0.053370603913410905,-9.527610160847093e-05,-0.4019592347637806
12,120,0.0,0,-0.2,0.75,0,-0.3433879052306149,-0.0999541967610087,-0.5534914452767423,-0.5378926185378732,841,0.07430280179418838,0.07430280179418838,2.7542069343345825e-05,-0.4035945503262735
12,120,0.005,0,0.0,0.75,0,-0.3885640659727865,-0.1158732677059292,-0.49440187965666704,-0.8194167261841704,645,0.046382370148865634,0.046382370148865634,-8.871336737251093e-05,-0.40404504384347123
20,60,0.0025,0,0.0,0.75,0,-0.4085291018103686,-0.12319062090609645,-0.4749922091429194,-0.8677591484257692,657,0.04660989403887408,0.04660989403887408,-0.00010650199734375191,-0.40407468289884463
20,120,0.005,1,-0.2,0.75,1,-0.4245445260868199,-0.1291954545964007,-0.49012506106660236,-0.5968090348578541,591,0.008288370278879282,0.05366313462913606,-0.0001028454606487235,-0.40409843687259456
12,60,0.0,0,-0.2,0.75,0,-0.3591725764808168,-0.10542029300534217,-0.5393043362997427,-0.604028056257743,780,0.06760709874536826,0.06760709874536826,1.6881406431483662e-06,-0.40527386396810067
48,200,0.005,1,-0.2,0.75,1,-0.430551035418972,-0.1314798550966767,-0.4980546865868143,-0.571850027009083,667,0.008158356627445882,0.05892868751218878,-7.388264659275343e-05,-0.409099699740538
30,120,0.005,1,-0.2,0.75,1,-0.42622365023705777,-0.12983225341053894,-0.49935265492606284,-0.5995034175473799,592,0.008320873691737632,0.05395566534486121,-0.00010361350134801476,-0.4094837517509394
48,96,0.005,1,-0.2,0.75,1,-0.4263141419994415,-0.12986661157804757,-0.4994316133226705,-0.5990978366932183,588,0.008060846388870831,0.05363063121627771,-0.00010547063152740401,-0.40953731007404376
12,60,0.0,0,-0.2,1.5,0,-0.37668271977716317,-0.11160329628525911,-0.5461966969042076,-0.5020241615831205,1093,0.1009556003380355,0.1009556003380355,5.1139258871773985e-05,-0.4098028528165189
30,60,0.005,0,0.0,0.75,0,-0.4065303328337435,-0.12244978850776556,-0.48687366725478864,-0.8886591087167873,620,0.044172138074497824,0.044172138074497824,-0.0001251830705411292,-0.41031957757099924
20,60,0.005,1,-0.2,0.75,1,-0.4342666164733452,-0.13290202561766784,-0.4923761997449534,-0.6407694106897466,525,0.009230969251771436,0.04810505103035819,-0.00015149536495609044,-0.41112859602463186
12,96,0.005,1,-0.2,0.75,1,-0.43964132068693684,-0.13497168200996779,-0.488506261739001,-0.6413445818189399,562,0.008938438536046285,0.05132288890333485,-0.00013486629992577503,-0.4112920419704153
12,120,0.005,0,-0.2,0.75,0,-0.34642956284361226,-0.10099977481652267,-0.5626712582519473,-0.5867258867197184,739,0.06585191445101736,0.06585191445101736,3.196663087675073e-07,-0.41167169827848227
12,60,0.005,0,0.0,999.0,0,-0.4385640621781014,-0.1345556695115394,-0.4926880270394691,-0.6653088878050196,1038,0.07908080348436586,0.07908080348436586,8.839457744412217e-06,-0.41416512742152495
20,200,0.005,1,-0.2,0.75,1,-0.4357959287063785,-0.13348941755491583,-0.5026778394393318,-0.5892500575753867,641,0.008483390756029384,0.05730351686927127,-8.93956815695002e-05,-0.41429084015335105
20,96,0.005,0,0.0,0.75,0,-0.40976846276082646,-0.12365092615769058,-0.4997420546452852,-0.883258973250043,639,0.04615484625885718,0.04615484625885718,-0.00011608552592058643,-0.4176849021428353
20,120,0.005,0,0.0,0.75,0,-0.4113527406160271,-0.12424039168850998,-0.5019210808769401,-0.8705820479297216,661,0.04748748618604953,0.04748748618604953,-0.00010612950186787537,-0.41873003452346613
30,96,0.005,0,0.0,0.75,0,-0.4104633095595456,-0.1239093130288319,-0.5035062185380104,-0.8693930301898963,653,0.04716245205746603,0.04716245205746603,-0.00010866659868341199,-0.4191320738073319
20,96,0.0025,1,-0.2,0.75,1,-0.44692656284220533,-0.13780092667999777,-0.49920961945497055,-0.646315002950688,614,0.008353377104595983,0.055158291620620165,-0.0001164980725601347,-0.41972148655501745
30,200,0.0025,1,-0.2,0.75,1,-0.44004802160127,-0.13512889646887372,-0.5113970121822433,-0.5845458925773982,718,0.00763830202171228,0.063219138009491,-6.346353013377854e-05,-0.4200546971888653
48,60,0.005,0,0.0,0.75,0,-0.41568259637298455,-0.12585749972786364,-0.49935329961608677,-0.9006372167275056,633,0.04560228824026523,0.04560228824026523,-0.00012674750587707837,-0.4205660103722823
12,96,0.0025,0,-0.2,0.75,0,-0.3980096893237903,-0.11931248326379407,-0.534296146222953,-0.6902614885809032,780,0.06906975232399402,0.06906975232399402,-2.7038207834662747e-05,-0.4209736308043157
12,60,0.0,0,0.0,0.75,0,-0.4186382072770505,-0.12696652302433276,-0.5027992067148583,-0.8924082572088606,696,0.04800754079178314,0.04800754079178314,-0.00010151043881635121,-0.422986539242205
20,60,0.0,0,-0.2,1.5,0,-0.4150648345023351,-0.1256262307319702,-0.53915389602125,-0.5583627255912531,1093,0.10306832217382825,0.10306832217382825,3.191820774551928e-05,-0.42312131502215783
30,60,0.0,0,0.0,0.75,0,-0.4241907087669202,-0.1290614490053189,-0.5074378552084298,-0.8866359193734104,705,0.049860235324709096,0.049860235324709096,-9.978071541866095e-05,-0.42711217257820433
48,60,0.0,0,-0.2,0.75,0,-0.38657055094445536,-0.11515251223254941,-0.560937223273215,-0.6376401584395905,816,0.07300266527985438,0.07300266527985438,-7.639523570890926e-06,-0.42750313179113647
30,60,0.0025,1,-0.2,0.75,1,-0.45002219839241897,-0.13901158801374236,-0.5103305438619022,-0.6704908970444408,572,0.008678411233179483,0.05171292985763505,-0.00014304219303371796,-0.42770140479691554
30,96,0.0,0,-0.2,0.75,0,-0.3804043996300456,-0.11293419797765103,-0.5698999081839986,-0.6134337660090828,841,0.0752128973542222,0.0752128973542222,2.935917006182173e-06,-0.42855584037010447
12,96,0.0,0,-0.2,1.5,0,-0.42889933517165424,-0.13084988544010612,-0.5393628189086104,-0.5754918345674025,1142,0.10768380679971397,0.10768380679971397,3.1601732853266846e-05,-0.4293058866227814
20,200,0.0,1,-0.2,1.5,1,-0.3803930687007846,-0.11293013686538367,-0.5999866108457321,-0.33931027443374506,1137,0.008223363453162581,0.10930897744263147,6.869330183666631e-05,-0.429888956009937
30,60,0.0025,0,-0.2,0.75,0,-0.40443323613079407,-0.12167451950947228,-0.5460070991488131,-0.7119715016555327,760,0.06754209191965156,0.06754209191965156,-3.795312561945746e-05,-0.43027664416665545
20,120,0.0,0,-0.2,0.75,0,-0.3826852252382642,-0.11375280344262328,-0.5718070944864333,-0.6170708603848608,856,0.07596047584996425,0.07596047584996425,4.66308108931425e-06,-0.43050989370508297
12,120,0.0,0,0.0,0.75,0,-0.42722821988057735,-0.1302138992441596,-0.5161188351199062,-0.8817252089349799,744,0.05275303906910225,0.05275303906910225,-8.477373695195893e-05,-0.4323595772508617
48,96,0.005,0,0.0,0.75,0,-0.428489010168271,-0.13069359654710822,-0.5156633217852605,-0.877390616716591,663,0.04833257492036664,0.04833257492036664,-0.00012074682511497748,-0.43239478827556804
30,60,0.005,0,-0.2,0.75,0,-0.39186179290463674,-0.1170694380737688,-0.5592321628752531,-0.7144401361984644,710,0.0628290970551908,0.0628290970551908,-4.5286047927745194e-05,-0.43240752632131857
12,60,0.0,0,0.0,1.5,0,-0.43932183672088043,-0.13484824214682578,-0.5194209194821644,-0.7585109759545733,988,0.07183254241695378,0.07183254241695378,-8.751133925703513e-06,-0.4324842506856367
12,96,0.005,0,-0.2,1.5,0,-0.42184018746358143,-0.12817277079866585,-0.5505222982791927,-0.5968399363615228,1008,0.09559253721640772,0.09559253721640772,1.4229787679864065e-05,-0.43327591675633836
20,96,0.0,0,-0.2,0.75,0,-0.38966927019097375,-0.11627361369829714,-0.5701826388596885,-0.6457355077946944,828,0.07345771305987128,0.07345771305987128,-7.2134492282018e-06,-0.4336517085178761
48,96,0.005,0,-0.2,0.75,0,-0.37956901661078624,-0.1126349379410857,-0.5796818106337354,-0.6251261214996785,759,0.06858220113111876,0.06858220113111876,-1.6596343281329772e-05,-0.4337321493329373
48,200,0.0,1,-0.2,1.5,1,-0.3948512467729359,-0.1181579992109979,-0.596514776572848,-0.3523279496832924,1209,0.008028342976012482,0.11424949619710069,7.060821004056601e-05,-0.4340317849815865
30,96,0.0,0,0.0,0.75,0,-0.4332413228960398,-0.13250888788889403,-0.5163605527995326,-0.8843820564946699,747,0.053370603913410905,0.053370603913410905,-8.84397714127094e-05,-0.43490826711339386
48,120,0.0,1,-0.2,1.5,1,-0.38863936450422476,-0.11590052640030923,-0.6012852872510577,-0.3697687008525221,1070,0.006598192810245076,0.10326334265097835,5.571082540861374e-05,-0.43503160506846417
12,120,0.0025,1,-0.2,0.75,1,-0.4577170194330181,-0.1420432158160443,-0.5206272067803284,-0.6648620213086571,639,0.008255866866020933,0.05740102710784632,-0.00011528113381617617,-0.43559992027164135
48,60,0.0,0,0.0,0.75,0,-0.43536596441151465,-0.13332415252633778,-0.5170631394484961,-0.9048019585342965,725,0.0516804264447767,0.0516804264447767,-0.00010140942906835108,-0.43709582017730064
48,96,0.0,0,-0.2,0.75,0,-0.38912962712470933,-0.11607806711264046,-0.5815127471276987,-0.6066519388023284,860,0.0772281089514399,0.0772281089514399,2.821739922048228e-06,-0.43716703761660625
20,96,0.0,0,0.0,0.75,0,-0.4357756882629751,-0.13348163563476,-0.5167396349928846,-0.9075199858242646,730,0.052070467399076906,0.052070467399076906,-9.96267264809096e-05,-0.4372274524224155
48,120,0.0025,1,-0.2,0.75,1,-0.45639909218008323,-0.1415216962990481,-0.5266368567870783,-0.6517513079547668,668,0.007475784957420529,0.060001300136514335,-0.00010001984899444391,-0.43742769009032556
12,200,0.0,1,-0.2,1.5,1,-0.3977146186456727,-0.11920443605519537,-0.6013740474836643,-0.36773255993614895,1141,0.008320873691737632,0.10934148085548982,6.0849984312511855e-05,-0.438278087793835
12,96,0.0,0,0.0,0.75,0,-0.4388997056441477,-0.13468522308601738,-0.5153680708157763,-0.9260587959786503,722,0.050965351361893,0.050965351361893,-0.0001083750275824463,-0.43867219829283804
30,96,0.005,0,-0.2,0.75,0,-0.38733901174888696,-0.11543014101117244,-0.5800882411393915,-0.6750509057753561,746,0.06695703048820126,0.06695703048820126,-2.8428428553534974e-05,-0.439226806869636
20,60,0.005,0,-0.2,1.5,0,-0.42455474226218404,-0.1291993248116836,-0.5590800568014949,-0.6144388739894557,966,0.09162712084768901,0.09162712084768901,4.89818860468618e-06,-0.43946129691190383
12,120,0.0025,0,-0.2,0.75,0,-0.40568447613806047,-0.12213683970895917,-0.5657104730718268,-0.7001218318531776,800,0.07111746733407008,0.07111746733407008,-2.6934447578841082e-05,-0.43999816783753143
12,60,0.0025,0,-0.2,1.5,0,-0.4216746741544978,-0.12811029615527325,-0.5628551960341333,-0.613536539620536,1023,0.09516999284924917,0.09516999284924917,1.5713103793666855e-05,-0.4402147211533667
30,200,0.005,1,-0.2,0.75,1,-0.4639480979030921,-0.14452187400480665,-0.5274927926127073,-0.6491404163667612,651,0.008288370278879282,0.05775856464928818,-0.0001142964643836714,-0.4407252911294984
12,60,0.0025,0,-0.2,0.75,0,-0.4185920303329237,-0.12694916374853515,-0.5508312185897131,-0.7702957115789716,741,0.064519274523825,0.064519274523825,-5.793826347181834e-05,-0.4408795586223403
20,120,0.005,0,-0.2,0.75,0,-0.38877275376224163,-0.11594882059961853,-0.5821646138759315,-0.677084391209009,758,0.06757459533250991,0.06757459533250991,-2.6303605264937666e-05,-0.44088534709803473
30,60,0.0,0,-0.2,1.5,0,-0.4510629062286994,-0.1394197421194382,-0.5404552005591885,-0.62934912032808,1110,0.10518104400962101,0.10518104400962101,1.4843576068221107e-05,-0.44111479841543644
20,120,0.0,0,0.0,0.75,0,-0.4423835193012341,-0.13603336834272528,-0.5198045814452827,-0.9111196697389664,756,0.05376064486771111,0.05376064486771111,-9.485544274810013e-05,-0.441491642552315
48,60,0.005,0,-0.2,0.75,0,-0.39749998557497546,-0.11912586793448787,-0.5742098022694095,-0.7124373688844272,724,0.06487681206526685,0.06487681206526685,-4.395428389555327e-05,-0.441852637513414
12,60,0.0025,0,0.0,1.5,0,-0.4645875590846009,-0.14477746495184618,-0.5141622808327048,-0.8452585360300308,923,0.06750958850679321,0.06750958850679321,-4.82675034754787e-05,-0.4441215321697001
20,96,0.005,1,-0.2,0.75,1,-0.47342667507116654,-0.14833410246897505,-0.5230695195083607,-0.7209096615141923,567,0.008580900994604434,0.0514203991419099,-0.00017220596470075085,-0.445914345298865
20,200,0.005,0,-0.2,0.75,0,-0.39237564583631,-0.11725626334679462,-0.5945594026405083,-0.6408266472183302,810,0.07300266527985438,0.07300266527985438,-1.2454436604172449e-05,-0.4465772970279653
12,60,0.005,0,-0.2,999.0,0,-0.44840333241533115,-0.1383778359757174,-0.5611118741951224,-0.5634383989223875,1127,0.11184424364558279,0.11184424364558279,2.2002165439909175e-05,-0.447105693019398
12,120,0.0,0,-0.2,1.5,0,-0.4356627400128076,-0.13343821383390997,-0.569643078993153,-0.5770487901890569,1173,0.11125918221413249,0.11125918221413249,3.2528386472706794e-05,-0.4471121928399393
12,120,0.005,1,-0.2,0.75,1,-0.47105952509231164,-0.1473772596030385,-0.5290487725789246,-0.7081912912836544,584,0.008353377104595983,0.053143080023402456,-0.00015790821113158675,-0.4473112104566835
20,60,0.0025,0,-0.2,1.5,0,-0.4517121533113685,-0.13967466355922276,-0.5519600202943356,-0.6533503806409473,1028,0.09757524540076708,0.09757524540076708,3.998395276950028e-07,-0.4483221927384379
20,96,0.005,0,-0.2,0.75,0,-0.40229777950884504,-0.12088716946165856,-0.5852727318069626,-0.7261740588022193,736,0.06552688032243385,0.06552688032243385,-4.457603389045827e-05,-0.4498322383052508
12,60,0.0025,0,0.0,0.75,0,-0.45983219355313665,-0.14288220512015204,-0.5106358729039961,-1.0411699004793202,657,0.04563479165312358,0.04563479165312358,-0.0001739057286223102,-0.45025863659611615
20,200,0.0,0,-0.2,0.75,0,-0.40570363233586126,-0.12214392339398661,-0.5948566410305915,-0.6317775456121408,924,0.08268868231164272,0.08268868231164272,5.3483450131349084e-06,-0.45116112118988944
48,120,0.005,1,-0.2,0.75,1,-0.47245518976379375,-0.14794102200126658,-0.5398289801180675,-0.7018113688150525,607,0.008093349801729181,0.054833257492036665,-0.00014670843990515373,-0.45294608050105295
48,96,0.0,1,-0.2,1.5,1,-0.41891490236134143,-0.1270705625296814,-0.6094156772595645,-0.4306040159260038,1025,0.006110641617369824,0.09900539556653448,3.301167600433665e-05,-0.45330860195576383
30,60,0.0025,0,0.0,0.75,0,-0.46383780684024256,-0.14447781407177984,-0.5166397186797062,-1.0281283880919827,668,0.047650003250341286,0.047650003250341286,-0.00016654688678262674,-0.4542040928162321
12,120,0.0025,0,0.0,0.75,0,-0.4650748722025416,-0.14497239640845994,-0.5182597426048718,-1.0158152860363416,702,0.050282779691867646,0.050282779691867646,-0.000147513153837502,-0.4548930320127129
48,96,0.0,0,0.0,0.75,0,-0.45583670036532065,-0.14129943966644265,-0.5396837494871098,-0.9090219756376758,762,0.05480075407917832,0.05480075407917832,-0.000103340632821766,-0.4565924131918814
12,120,0.005,0,-0.2,1.5,0,-0.43295274498573955,-0.13239833196876505,-0.5892444978583004,-0.6080975491307753,1033,0.09871286485080934,0.09871286485080934,1.2448995177645129e-05,-0.457425458354454
30,60,0.005,1,-0.2,0.75,1,-0.4862626090482516,-0.15357951649556922,-0.5344683999688329,-0.7714136005713526,529,0.009003445361762985,0.04833257492036664,-0.0002146843325682654,-0.4593843965085533
12,60,0.0,0,-0.2,999.0,0,-0.482213654043929,-0.1519144028520324,-0.557699795565608,-0.6014604063072142,1280,0.12575570434895664,0.12575570434895664,2.530824206737981e-05,-0.4608373209501971
30,96,0.0025,0,0.0,0.75,0,-0.47540752971940614,-0.14913727939556642,-0.5241731868741257,-1.032191469365603,708,0.05099785477475135,0.05099785477475135,-0.00015507780128937076,-0.46283344630090945
20,96,0.0025,0,0.0,0.75,0,-0.47507630114974575,-0.14900281806404359,-0.5232078242665076,-1.048515754324553,692,0.04982773191185075,0.04982773191185075,-0.0001644124586535309,-0.463032517913525
20,120,0.0025,0,-0.2,0.75,0,-0.4371388784640743,-0.13400621480137065,-0.5816266032971774,-0.7663753625017274,817,0.07293765845413769,0.07293765845413769,-4.5742343248703634e-05,-0.46313828457504574
48,96,0.0,0,-0.2,1.5,0,-0.4615930914313473,-0.1435825505051208,-0.5799144093852426,-0.5964106673550809,1199,0.1157446531885848,0.1157446531885848,2.422315381186397e-05,-0.46336028856549616
20,200,0.005,0,0.0,0.75,0,-0.4596996459103192,-0.1428295574914118,-0.5475677431734174,-0.9496412694404748,710,0.05164792303191835,0.05164792303191835,-0.00013221313804700571,-0.46409549255014426
20,120,0.0025,0,0.0,0.75,0,-0.4778060964798685,-0.15011287500136417,-0.5248391028398905,-1.0384991219467783,716,0.05138789572905155,0.05138789572905155,-0.00015418899546864318,-0.4644573825186484
12,96,0.0025,0,-0.2,1.5,0,-0.4755787660331434,-0.14920681726644724,-0.5612808894061662,-0.6948574376153737,1075,0.10206071637521939,0.10206071637521939,-5.378507460532839e-06,-0.464590133850299
48,60,0.0025,0,0.0,0.75,0,-0.47668594672407383,-0.14965684692625514,-0.525332763352323,-1.0527600790524159,686,0.049340180718975495,0.049340180718975495,-0.0001699757804458923,-0.46496123255503746
12,96,0.005,0,0.0,1.5,0,-0.4927000656489777,-0.15624726103215847,-0.5295184302326981,-0.8926646736164402,902,0.06750958850679321,0.06750958850679321,-7.728819042726396e-05,-0.4656397098293295
20,60,0.005,0,0.0,1.5,0,-0.4927530499093846,-0.1562693232516731,-0.5295675690484583,-0.911219698258654,869,0.06455177793668335,0.06455177793668335,-9.030072207784202e-05,-0.4666140926888349
48,60,0.0025,0,-0.2,0.75,0,-0.44906759735082236,-0.1386377128406292,-0.5776022304865227,-0.8127830701522427,779,0.07001235129688617,0.07001235129688617,-6.724800545510043e-05,-0.4680779815915027
30,96,0.0025,0,-0.2,0.75,0,-0.442192467141168,-0.13595927273122277,-0.586053251255441,-0.7824422781678916,804,0.07222258337125398,0.07222258337125398,-5.3327616386774906e-05,-0.4681080122673379
12,96,0.0025,0,0.0,0.75,0,-0.4814204312367176,-0.15158933801728336,-0.525534066283081,-1.0803348436519802,685,0.04865760904895014,0.04865760904895014,-0.00017934843183574115,-0.46837311334142284
12,60,0.0025,0,-0.2,999.0,0,-0.49856274489235153,-0.1586989838985413,-0.5549247028653994,-0.649806255228748,1199,0.11889748423584476,0.11889748423584476,6.046455614154643e-06,-0.4686516480926784
30,60,0.0025,0,-0.2,1.5,0,-0.48974312768993133,-0.15501874487360068,-0.5569486133979746,-0.7349579786989086,1046,0.09968796723655984,0.09968796723655984,-1.9514566028319342e-05,-0.47024095050753345
20,96,0.0025,0,-0.2,0.75,0,-0.44771684544899804,-0.13810951170213415,-0.5833647272077267,-0.8092647363447453,792,0.07059741272833647,0.07059741272833647,-6.258443303386155e-05,-0.4702551121232348
30,200,0.0,1,-0.2,1.5,1,-0.4364410292188172,-0.13373755150299804,-0.6308890074144006,-0.4314066188581774,1158,0.008288370278879282,0.11054410713124878,4.351151389199571e-05,-0.4707523861531072
12,60,0.0025,0,0.0,999.0,0,-0.4996334128285158,-0.1591490459755216,-0.5450474661924467,-0.7926440038874705,1110,0.08434635636741858,0.08434635636741858,-2.0556610055172345e-05,-0.4713049792661185
30,96,0.005,0,0.0,1.5,0,-0.4979077905379897,-0.15842402469018002,-0.5376032917196498,-0.8827498600308167,923,0.07030488201261133,0.07030488201261133,-7.26858700126868e-05,-0.4713631635515458
30,96,0.0,1,-0.2,1.5,1,-0.45038329417596457,-0.13915314014182223,-0.614843243613818,-0.49898830044352877,991,0.006858220113111877,0.09578755769355782,8.300895398245325e-06,-0.4715241769709077
30,120,0.0,1,-0.2,1.5,1,-0.4379802138153044,-0.13433045067362825,-0.6282262259567681,-0.4660312742476893,1030,0.006500682571670025,0.09985048430085158,2.262339813199398e-05,-0.4717451273643968
30,96,0.0,0,-0.2,1.5,0,-0.4681710853912817,-0.14621404104558222,-0.5869748876986647,-0.6426891837846621,1165,0.11197425729701618,0.11197425729701618,1.4350378952099228e-05,-0.47183594408414764
48,120,0.005,0,-0.2,0.75,0,-0.43059950330121277,-0.1314983617513409,-0.6115750676364826,-0.741602138612572,783,0.07059741272833647,0.07059741272833647,-4.929535691509925e-05,-0.47436600250021077
20,200,0.005,1,-0.2,1.5,1,-0.4359253770318998,-0.13353919199430442,-0.6382420497810446,-0.45418560179747913,971,0.009718520444646687,0.09325229149060651,1.6175076914224454e-05,-0.47536949697470066
30,96,0.005,0,-0.2,1.5,0,-0.45969399362546204,-0.142827312631702,-0.5989799049178066,-0.6611565805509485,1034,0.09949294675940974,0.09949294675940974,-2.7223860160240876e-06,-0.47537509411815276
20,200,0.0025,1,-0.2,1.5,1,-0.44084166099624955,-0.13543593268516874,-0.6350551057763829,-0.45331756576015786,1057,0.008483390756029384,0.10189819931092765,2.6883810627812153e-05,-0.4756293638613681
48,96,0.0025,0,-0.2,0.75,0,-0.4511081211446829,-0.1394374880537641,-0.5958831895487122,-0.7722796480782136,820,0.07404277449132159,0.07404277449132159,-5.356078679607869e-05,-0.4759930652320309
30,200,0.005,0,-0.2,0.75,0,-0.43267391763257057,-0.13229155160267647,-0.6164422974839636,-0.7143533077159206,820,0.07420529155561334,0.07420529155561334,-3.831629343996283e-05,-0.4762303657304543
20,200,0.0025,0,-0.2,0.75,0,-0.448508154034146,-0.1384188291888463,-0.6014397299828789,-0.7487479112355,877,0.07882077618149906,0.07882077618149906,-3.562022919218009e-05,-0.4765760897420607
48,200,0.005,1,-0.2,1.5,1,-0.4539112722601034,-0.14053981413604777,-0.6250736421829619,-0.47567040985883174,1019,0.009263472664629785,0.09702268738217514,1.4170441953414684e-05,-0.4768601557204703
12,120,0.0025,0,-0.2,1.5,0,-0.4772370165752383,-0.14988110335266158,-0.5863843809988623,-0.6835782780948991,1103,0.10544107131248781,0.10544107131248781,-9.249020185310794e-07,-0.4772522077568377
12,120,0.005,0,0.0,1.5,0,-0.4990980729993182,-0.15892392232708052,-0.5482488345440732,-0.8961868497182599,924,0.06984983423259442,0.06984983423259442,-7.462503900751435e-05,-0.47785768208503016
12,200,0.005,1,-0.2,1.5,1,-0.44006712074369403,-0.13513628154465385,-0.6414956116402739,-0.4622281228555765,970,0.009588506793213287,0.09305727101345641,1.3407496273030524e-05,-0.47899549350756965
48,120,0.005,0,0.0,0.75,0,-0.4798492358916957,-0.1509465567488263,-0.5550510981386771,-1.0191995652528816,681,0.049665214847558994,0.049665214847558994,-0.00017215760182474795,-0.47943208408080895
48,200,0.0025,1,-0.2,1.5,1,-0.46132763149147404,-0.1434768618035488,-0.6241115315864252,-0.4780933458834617,1123,0.008223363453162581,0.10677371123968017,2.581475807240146e-05,-0.47943729489093445
12,60,0.0,0,0.0,999.0,0,-0.49423517611632417,-0.15688716992177631,-0.5707262470149934,-0.7636907973317688,1185,0.08925437170902945,0.08925437170902945,-9.323787537991426e-07,-0.48043483329586145
30,60,0.005,0,-0.2,1.5,0,-0.4854723504764038,-0.15325375565037846,-0.5809226438407491,-0.750765056622474,988,0.09367483585776507,0.09367483585776507,-2.960698596780109e-05,-0.48125333040187673
48,60,0.0,0,-0.2,1.5,0,-0.4951475783033751,-0.15726819380996293,-0.5766101404496035,-0.718125505282264,1134,0.10888643307547292,0.10888643307547292,-6.17839149373375e-06,-0.4814795392988779
30,120,0.005,0,0.0,0.75,0,-0.4802105032566236,-0.1510942234401087,-0.5546934050795176,-1.0609860110946425,671,0.04833257492036664,0.04833257492036664,-0.00018291671191686127,-0.4814902265345996
20,96,0.005,0,0.0,1.5,0,-0.5087365088398013,-0.1630050534857288,-0.5443909946763634,-0.9277734140851605,909,0.06906975232399402,0.06906975232399402,-8.834870679655587e-05,-0.4815892215281685
48,96,0.0025,0,0.0,0.75,0,-0.4954310108021751,-0.1573866617756402,-0.5473618327329011,-1.0475790839517798,721,0.05236299811480206,0.05236299811480206,-0.00016856105162085092,-0.4834465323396797
20,120,0.0,0,-0.2,1.5,0,-0.4820937649947129,-0.15186524806098212,-0.5961991037400278,-0.6717725942030598,1182,0.1132743938113502,0.1132743938113502,9.192645496442126e-06,-0.483553429641149
48,120,0.005,1,-0.2,1.5,1,-0.46311148769549215,-0.14418782801812857,-0.6279469902497026,-0.5262444562093807,917,0.008158356627445882,0.0885067932132874,-1.3484140826435135e-05,-0.4844735459534489
12,60,0.0,1,0.0,0.75,1,-0.5025088061280214,-0.1603613191797051,-0.5616684973293744,-0.8762290076369351,614,0.005265552883052721,0.04329454592732237,-0.0002386411395703726,-0.48500701822623904
48,120,0.0,0,-0.2,0.75,0,-0.44915977860210665,-0.1386737949823591,-0.618632320540653,-0.7423657437783485,890,0.07989338880582461,0.07989338880582461,-3.248744283388586e-05,-0.485108242441603
48,96,0.005,0,-0.2,1.5,0,-0.4749693151915302,-0.14895940099723026,-0.6092062557913793,-0.6651005721795304,1061,0.10235324709094455,0.10235324709094455,-5.368630883485552e-06,-0.4868175575018964
12,200,0.0025,1,-0.2,1.5,1,-0.4616567540054989,-0.14360790256549505,-0.6397891901309088,-0.4920578245577649,1059,0.008548397581746083,0.10176818565949425,1.511852408544163e-05,-0.4881053888588377
30,60,0.005,0,0.0,1.5,0,-0.5153442401450772,-0.16583772980433342,-0.5505191559210201,-0.9643065882662175,880,0.06604693492816746,0.06604693492816746,-0.00010716694783689877,-0.4893126371781543
20,96,0.0,0,-0.2,1.5,0,-0.4937201579670788,-0.15667232314304846,-0.5950408890577235,-0.7128667238415128,1146,0.10956900474549827,0.10956900474549827,-3.415654562935994e-06,-0.48983610386398585
20,60,0.0,1,0.0,0.75,1,-0.5093359123807104,-0.16326083037312422,-0.5625553820690645,-0.9078849839677022,589,0.004973022167327569,0.04157186504582981,-0.0002703416853079983,-0.48993277060604157
30,200,0.0,0,-0.2,0.75,0,-0.4565297396843008,-0.141573352721853,-0.6245205023253204,-0.7297828311085469,938,0.08441136319313527,0.08441136319313527,-2.4794146207128164e-05,-0.4903227454399406
20,120,0.005,0,-0.2,1.5,0,-0.47755222352856697,-0.1500094556781072,-0.6105958878392659,-0.7005409106611656,1049,0.1006955730351687,0.1006955730351687,-1.0934822551733754e-05,-0.49033444513079844
12,96,0.005,0,-0.2,999.0,0,-0.5265251928207467,-0.17069756025218819,-0.5716259338533726,-0.6929427389718084,1185,0.11984008320873692,0.11984008320873692,-1.0022928110192564e-05,-0.49115766412746487
12,96,0.0,1,-0.2,1.5,1,-0.4883583557911828,-0.15444524928711933,-0.6162952174728706,-0.5793297874897931,980,0.008580900994604434,0.09471494506923227,-1.8517237354306327e-05,-0.4915593473980443
20,120,0.005,0,0.0,1.5,0,-0.5188968715461648,-0.16737269658251785,-0.5549160314498789,-0.9400929754588369,936,0.07111746733407008,0.07111746733407008,-8.819901471481869e-05,-0.49183536108039916
48,60,0.005,0,-0.2,1.5,0,-0.49428892967961513,-0.15690960339774307,-0.5946052910405943,-0.7585927695198832,1006,0.09666514984073328,0.09666514984073328,-3.06197279757994e-05,-0.4921418873940344
30,120,0.0,0,-0.2,0.75,0,-0.4564952488828271,-0.1415597145771179,-0.6230182665462547,-0.7873980591315395,869,0.07745563284144835,0.07745563284144835,-4.509788405981484e-05,-0.49243875080682226
20,120,0.0,1,-0.2,1.5,1,-0.4759679943113597,-0.14936494349298413,-0.6328183132769712,-0.5433478197318203,1024,0.006598192810245076,0.09890788532795944,-1.5703880153545515e-06,-0.49294149111806074
20,60,0.0,0,-0.2,999.0,0,-0.5217623673243993,-0.1686169792034805,-0.584426071812698,-0.659364819658345,1282,0.1285835012676331,0.1285835012676331,6.925555199440351e-06,-0.49379825609274675
20,60,0.005,0,-0.2,999.0,0,-0.5318158201337488,-0.1730271811023849,-0.5710436570120843,-0.7155318880455004,1139,0.1152245985828512,0.1152245985828512,-2.0772367894622065e-05,-0.4943256040107021
48,60,0.0,1,0.0,0.75,1,-0.5162910551831014,-0.16624598855849615,-0.5658975689355598,-0.9147293179654814,611,0.003932912955860365,0.04326204251446402,-0.00026096372131494805,-0.4949312389245501
48,120,0.0025,1,-0.2,1.5,1,-0.47512698402437115,-0.14902338851589192,-0.6391601206244939,-0.5390835530395249,1001,0.007118247415978678,0.09695768055645843,-4.640546314824825e-06,-0.49555762648011514
48,60,0.005,0,0.0,1.5,0,-0.5221644023817831,-0.16879200140965278,-0.5568443304734235,-0.9702044823764322,898,0.06815965676396021,0.06815965676396021,-0.00010549730320607247,-0.49572439076518615
30,200,0.005,0,0.0,0.75,0,-0.4974545226416527,-0.1582338937326806,-0.573990835499838,-1.0240441581341602,718,0.052720535656243905,0.052720535656243905,-0.00016917551571531814,-0.49643151938930763
20,60,0.0025,0,-0.2,999.0,0,-0.5333036115345393,-0.17368585344713727,-0.5759489878543858,-0.6979332854838981,1206,0.12198530845738803,0.12198530845738803,-1.0165288632446021e-05,-0.49655701164852506
30,96,0.0,1,0.0,0.75,1,-0.5193373457809114,-0.1675636014503208,-0.5675653274755585,-0.9140332676791558,638,0.0041929402587271665,0.045017226808814925,-0.00024471034513149357,-0.4970479285720579
30,120,0.005,0,-0.2,0.75,0,-0.45768583713146316,-0.142030865639157,-0.6285977691957241,-0.8423115040689496,769,0.06871221478255217,0.06871221478255217,-7.865339484309348e-05,-0.49844532544046655
20,96,0.005,0,-0.2,1.5,0,-0.49153316739648856,-0.1557618113629109,-0.610482494138805,-0.7499200795586588,1018,0.09764025222648379,0.09764025222648379,-2.6405350840871578e-05,-0.49849906241024633
12,96,0.0,0,-0.2,999.0,0,-0.5310703048124292,-0.1726977178686846,-0.5912366136689924,-0.6690492859544184,1335,0.13384905415068582,0.13384905415068582,9.050616421646247e-06,-0.5017684890009018
20,120,0.0,1,0.0,0.75,1,-0.5232888675146612,-0.16928211367640822,-0.5739350337967777,-0.9200494860398581,658,0.004420464148735617,0.04621985308457388,-0.00023661036258124378,-0.50225210487679
48,96,0.0025,0,-0.2,1.5,0,-0.5119364551446008,-0.16437325180855133,-0.6044162640890538,-0.7236882784844152,1134,0.11012156276409023,0.11012156276409023,-1.3945184557758742e-05,-0.502765797777299
48,96,0.005,1,-0.2,1.5,1,-0.48676885544255166,-0.15378839913169762,-0.6397831503644471,-0.5846666882962435,882,0.00763830202171228,0.08519144510173568,-3.906103325124602e-05,-0.5029133087287333
30,200,0.005,1,-0.2,1.5,1,-0.4856637299461293,-0.15333261176928736,-0.6501444224324391,-0.5463587947198592,988,0.009751023857505038,0.09432490411493206,-1.251714551122393e-05,-0.5057227627214999
30,96,0.0025,0,-0.2,1.5,0,-0.5113695934885074,-0.1641303901278538,-0.6073642216773631,-0.7594694991346816,1101,0.10644867711109667,0.10644867711109667,-2.141070511887912e-05,-0.5057859759232695
30,120,0.0,0,0.0,0.75,0,-0.5046515024173762,-0.16126810539257452,-0.5809769544224965,-1.0820195822785195,770,0.054930767730611715,0.054930767730611715,-0.00015727385763079305,-0.5058575617177488
20,200,0.0,0,0.0,0.75,0,-0.5042597859382144,-0.16110211215560233,-0.5875330326074402,-1.037231804720006,823,0.05902619775076383,0.05902619775076383,-0.00012927426738622638,-0.5067302186953228
20,200,0.005,0,-0.2,1.5,0,-0.49466046674261166,-0.15706470932305172,-0.6310262268099429,-0.6919129485999662,1140,0.11031658324124033,0.11031658324124033,-3.3901029588799066e-06,-0.5071734701580215
48,96,0.0025,1,-0.2,1.5,1,-0.49419358798749125,-0.15686981478639805,-0.642867347692403,-0.5882979470414103,957,0.006760709874536827,0.09295976077488136,-2.656352250656651e-05,-0.50771838598467
48,60,0.0,1,-0.2,1.5,1,-0.5016582991746807,-0.16000219741071364,-0.6362418536066029,-0.614322825316829,939,0.007378274718845479,0.0913020867191055,-3.658703464289167e-05,-0.5088392654798566
20,60,0.0,0,0.0,1.5,0,-0.5226999957936616,-0.16902533857401136,-0.5867839563921666,-0.9507053830439617,991,0.07313267893128779,0.07313267893128779,-7.702700187060699e-05,-0.5099525859222928
20,200,0.0,0,-0.2,1.5,0,-0.5100793262984292,-0.16357838484677956,-0.6250780614956826,-0.6894660333769652,1296,0.125138139504648,0.125138139504648,1.1472474012809196e-05,-0.510590717263469
12,96,0.0025,0,-0.2,999.0,0,-0.5517103175348457,-0.18196803381499127,-0.5846684645299159,-0.729302907149678,1257,0.12708834427614898,0.12708834427614898,-1.2753159850964437e-05,-0.5107674114374331
48,96,0.005,0,0.0,1.5,0,-0.536099581778779,-0.17492795125312488,-0.5773646025121606,-0.9451741311911785,945,0.07238510043554573,0.07238510043554573,-9.834505651523151e-05,-0.5108689590687641
30,96,0.0,0,0.0,1.5,0,-0.525909054309591,-0.1704275267628682,-0.5895621555373003,-0.9161359536001628,1052,0.07960085809009947,0.07960085809009947,-5.875643292818626e-05,-0.5110154022115265
12,200,0.005,0,-0.2,0.75,0,-0.46568508435885647,-0.1452166768550862,-0.6469375030995805,-0.8496863458531727,799,0.07131248781122018,0.07131248781122018,-7.48897988275912e-05,-0.5111697456975351
30,120,0.0,1,0.0,0.75,1,-0.5292439265533861,-0.17189224835452377,-0.5861733304192225,-0.9346882061849621,664,0.004225443671585516,0.04673990769030748,-0.00024038439273106648,-0.5117133238733831
20,96,0.0,1,0.0,0.75,1,-0.5366255406329071,-0.17516223300316347,-0.5783371467960112,-0.9713608983109836,622,0.004582981213027368,0.04404212442306442,-0.0002836525943487864,-0.5128988513167183
30,200,0.0025,1,-0.2,1.5,1,-0.4951656985468006,-0.15727576614366767,-0.6561987925751985,-0.5535913463521265,1080,0.008580900994604434,0.10323083923812,-1.6034250569100795e-06,-0.5130547297488732
20,120,0.0025,0,-0.2,1.5,0,-0.5201546879801675,-0.16791819148967901,-0.6127741506876689,-0.778116131394694,1116,0.10771631021257232,0.10771631021257232,-2.416795576088382e-05,-0.5132110734032482
48,120,0.0,0,0.0,0.75,0,-0.5116645600784651,-0.16425673688449116,-0.5921919966958562,-1.0662661817675598,783,0.056620945199245924,0.056620945199245924,-0.00015512458568988862,-0.5136660443207972
48,96,0.0,1,0.0,0.75,1,-0.531450943587916,-0.1728658832614517,-0.5881134487960726,-0.9405299949585492,661,0.0039654163687187155,0.04641487356172398,-0.0002463495114756952,-0.5139491074074155
30,200,0.0025,0,-0.2,0.75,0,-0.49609295669990017,-0.15766353367027508,-0.6297256482407788,-0.8457383023278189,890,0.08025092634726647,0.08025092634726647,-6.713664583268867e-05,-0.5148132729070555
12,96,0.0,0,0.0,1.5,0,-0.5286188709734914,-0.17161712436620546,-0.5919081427798973,-0.9483884317291441,1031,0.0765780406942729,0.0765780406942729,-6.93177418052014e-05,-0.5149906173426113
12,60,0.0,1,-0.2,1.5,1,-0.5063702338348746,-0.16199759793985546,-0.645237114761545,-0.6245097812657446,936,0.009913540921796788,0.0906520184619385,-4.0793846320238907e-05,-0.5158416443839152
12,200,0.005,0,0.0,0.75,0,-0.5077998779295458,-0.162605843280762,-0.5950174497980006,-1.1338112546457957,700,0.050315283104725994,0.050315283104725994,-0.00020051489637788468,-0.516805130912052
20,96,0.0,1,-0.2,1.5,1,-0.5125371609732394,-0.1646308442976422,-0.6423852954354534,-0.6309539127973466,970,0.00770330884742898,0.09383735292205682,-3.71972521993533e-05,-0.5173711876552363
12,200,0.0,0,-0.2,0.75,0,-0.4814011934402619,-0.15158145894772168,-0.648393428063883,-0.8395426006904007,914,0.08093349801729181,0.08093349801729181,-5.211557745888737e-05,-0.5177553030141833
20,60,0.0025,0,0.0,1.5,0,-0.5433508181935087,-0.17817564078812653,-0.5764930973939142,-1.033896157636856,929,0.06900474549827731,0.06900474549827731,-0.00011814584515764259,-0.5181169973669264
12,96,0.0,1,0.0,0.75,1,-0.5421579891949577,-0.1776387515888148,-0.5822428988851114,-0.9874406921678917,628,0.0050055255801859195,0.04452967561593967,-0.00028705801326201467,-0.5181322356397651
48,120,0.0,0,-0.2,1.5,0,-0.5269311658334026,-0.17087562903493425,-0.6212761592711675,-0.7333252121247342,1242,0.12006760709874537,0.12006760709874537,-5.057565135002115e-06,-0.5181799692767547
30,60,0.0,0,0.0,1.5,0,-0.5320854232824159,-0.1731464228012296,-0.5949092637047446,-0.9643652295105151,999,0.07466033933563024,0.07466033933563024,-8.158453134181179e-05,-0.5188193161291277
12,120,0.0,0,-0.2,999.0,0,-0.5465376295096727,-0.17961519091615918,-0.6101042505245377,-0.6916314070131392,1371,0.13813950464798805,0.13813950464798805,5.9243455423984735e-06,-0.519248886529085
48,60,0.0025,0,-0.2,1.5,0,-0.5398024377512123,-0.17658159649774108,-0.6006046798483302,-0.8475775431206454,1070,0.1034258597152701,0.1034258597152701,-4.655608680618225e-05,-0.5192628135779385
20,96,0.0025,0,-0.2,1.5,0,-0.5312063555417901,-0.17275781303320759,-0.6110782653187865,-0.8223556683603314,1081,0.1040759279724371,0.1040759279724371,-3.864533909931199e-05,-0.5194147291106174
20,200,0.0025,0,0.0,0.75,0,-0.5283910114202424,-0.17151689789937274,-0.5843428991137626,-1.1327718019729192,774,0.05597087694207892,0.05597087694207892,-0.00018028390724486262,-0.5203269375549
30,96,0.0025,1,-0.2,1.5,1,-0.5151096261048712,-0.16573665863083276,-0.6461707133345505,-0.6459401441378837,923,0.00757329519599558,0.0894818955990379,-5.038990265464605e-05,-0.5211190225050022
48,200,0.005,0,-0.2,0.75,0,-0.48562339524991094,-0.15331599040612154,-0.6543327802565376,-0.8255535037475854,838,0.07563544172138074,0.07563544172138074,-7.405873340761943e-05,-0.5217600557217696
48,120,0.0025,0,-0.2,0.75,0,-0.5027700696774332,-0.16047172864387094,-0.6334803530809282,-0.9008824922480976,848,0.0763830202171228,0.0763830202171228,-8.722961324898286e-05,-0.5222560297967399
12,120,0.005,0,-0.2,999.0,0,-0.5460156923308825,-0.1793789026038327,-0.6138880837585028,-0.725678741695389,1216,0.12367548592602223,0.12367548592602223,-1.583096950764784e-05,-0.5226068815678535
12,120,0.0,1,-0.2,1.5,1,-0.514685880979562,-0.16555420309841573,-0.6522429845154397,-0.6249416963173642,1021,0.007540791783137229,0.09868036143795099,-2.7431299898172436e-05,-0.5229227801720038
12,60,0.005,1,0.0,0.75,1,-0.5388629402390618,-0.17616108801437935,-0.5919958117633248,-1.0172602904079329,521,0.005493076773061171,0.0369563804199441,-0.0003907437906009801,-0.5230220084164384
12,120,0.0025,0,-0.2,999.0,0,-0.5626886368070065,-0.18702986948240474,-0.5980394087495116,-0.7419764203960416,1290,0.1311837742963011,0.1311837742963011,-1.3557190178805933e-05,-0.5231483948769626
30,120,0.0025,1,-0.2,1.5,1,-0.5093532438930466,-0.16326822954252895,-0.6599890798037993,-0.6213399724516775,960,0.006988233764545277,0.09344731196775662,-3.6561378074050865e-05,-0.5243297680670125
30,60,0.0,0,-0.2,999.0,0,-0.5536355659089833,-0.1828489478514157,-0.6109066252590695,-0.7241402759313753,1296,0.13134629136059287,0.13134629136059287,-7.977499707595427e-06,-0.5245092742775193
20,96,0.0,0,0.0,1.5,0,-0.5386233254490319,-0.17605394194111113,-0.6005693643604662,-0.9671336951691917,1034,0.0779431840343236,0.0779431840343236,-7.583842580029256e-05,-0.5246953088798038
30,96,0.005,1,-0.2,1.5,1,-0.5145533594667385,-0.16549716670225467,-0.6571413173415397,-0.6557789025572069,859,0.008450887343171032,0.08281869596307612,-6.770439126167309e-05,-0.5268567705008849
12,120,0.0,0,0.0,1.5,0,-0.5405125126185522,-0.17689984521245694,-0.603355710924828,-0.9690957971024347,1058,0.07924332054865761,0.07924332054865761,-7.116074584509607e-05,-0.5270324905299927
20,200,0.0025,0,-0.2,1.5,0,-0.5342711638068569,-0.17411505163742458,-0.6309879889927534,-0.7608287889770271,1218,0.11837742963011116,0.11837742963011116,-1.327880914416618e-05,-0.5276504855826527
30,60,0.0,1,0.0,0.75,1,-0.5465537129414517,-0.17962247534967313,-0.5944632940260868,-1.0252912655759812,589,0.004973022167327569,0.04157186504582981,-0.00033251215725424264,-0.5281186856415155
30,120,0.0025,0,-0.2,0.75,0,-0.5094603409368066,-0.1633139557601312,-0.6349007020111586,-0.9514116331163243,829,0.07417278814275499,0.07417278814275499,-0.00010155317144944495,-0.5283348884215266
48,60,0.0,0,0.0,1.5,0,-0.5424977461944136,-0.1777915684159712,-0.6039235918852298,-0.9807262537551389,1024,0.0772281089514399,0.0772281089514399,-8.229290990355046e-05,-0.528789677046343
48,120,0.005,0,-0.2,1.5,0,-0.5261123922153802,-0.17051661405977758,-0.6397082088043778,-0.7751290207889261,1098,0.10599362933107977,0.10599362933107977,-3.007779844438118e-05,-0.5291271695014128
30,96,0.0025,0,0.0,1.5,0,-0.555554527478043,-0.1837298242962383,-0.5888112674782938,-1.0234533647891861,990,0.0754079178313723,0.0754079178313723,-0.00010421542404037239,-0.5293081262748445
12,96,0.005,0,0.0,999.0,0,-0.5602901895983943,-0.18591593909648552,-0.5952418504914805,-0.9255129020637812,1095,0.08476890073457713,0.08476890073457713,-7.07832968846891e-05,-0.5298125094454148
30,120,0.0025,0,0.0,0.75,0,-0.5386692970768054,-0.1760744953650818,-0.5861499847480177,-1.2179671418445293,728,0.05236299811480206,0.05236299811480206,-0.00022298489585439738,-0.5300478448313171
30,60,0.0025,0,-0.2,999.0,0,-0.568044236820789,-0.18953384575951282,-0.604797628072845,-0.7721409714052526,1221,0.12471559513748944,0.12471559513748944,-2.754034442446602e-05,-0.5305397083661979
48,200,0.0,0,-0.2,0.75,0,-0.5021525012086425,-0.16021081545907234,-0.6589702512500618,-0.8217118324855612,965,0.08684911915751153,0.08684911915751153,-5.0258773439865904e-05,-0.5307815327083814
30,60,0.0025,0,0.0,1.5,0,-0.5560610850259313,-0.18396282905202843,-0.5882808897560983,-1.0584978008272221,938,0.07053240590261978,0.07053240590261978,-0.00012570747060814235,-0.5310281639714387
12,96,0.0025,0,0.0,1.5,0,-0.5565788152451037,-0.18420117902378685,-0.5887610446107283,-1.0537678895688796,968,0.07235259702268738,0.07235259702268738,-0.00011600938594442474,-0.531270095807595
20,60,0.005,0,0.0,999.0,0,-0.5567749121852272,-0.18429151159821555,-0.6015724814080131,-0.9302818042354248,1057,0.08122602873301697,0.08122602873301697,-7.919707182446529e-05,-0.5315918425139934
48,96,0.0,0,0.0,1.5,0,-0.5461495470601601,-0.17943948110050445,-0.6140226633384753,-0.9264912141762043,1082,0.08226613794448417,0.08226613794448417,-6.54904715926373e-05,-0.5327753734785523
30,120,0.005,1,-0.2,1.5,1,-0.5172255315744584,-0.16664951482682222,-0.667589295439426,-0.6504256026777949,889,0.008125853214587532,0.08600403042319443,-6.048152646245078e-05,-0.532965442680425
12,120,0.0,1,0.0,0.75,1,-0.5546752137093919,-0.18332583260209145,-0.6011930914823144,-1.0173264554458656,653,0.004647988038744068,0.04612234284599883,-0.000287128149892436,-0.5347887011155419
20,60,0.0,1,-0.2,1.5,1,-0.5238611366094583,-0.16953187719419593,-0.6631486153306014,-0.6737930611148599,902,0.009523499967496588,0.08740167717610349,-6.307123143513457e-05,-0.5347958379152397
12,60,0.0025,1,0.0,0.75,1,-0.5506517524452748,-0.18148488602566593,-0.6031759632700506,-1.0397890180739102,566,0.005493076773061171,0.03981668075147891,-0.0003641092489080993,-0.5350623185643868
20,120,0.0,0,0.0,1.5,0,-0.5505882977287463,-0.1814559512909254,-0.610944852656211,-0.9861663066629808,1065,0.08044594682441657,0.08044594682441657,-7.695303148368496e-05,-0.5362366929521799
48,60,0.0025,1,0.0,0.75,1,-0.5570582880550803,-0.1844221023883168,-0.5981578770667328,-1.0586293043536985,567,0.004160436845868816,0.040174218292920755,-0.00037193017386992136,-0.5364325061393681
20,60,0.0025,1,0.0,0.75,1,-0.5549438533799127,-0.18344919285535533,-0.6034190568578583,-1.0676989171025455,544,0.005265552883052721,0.03835402717285315,-0.0003967627524200448,-0.5385436671394118
20,96,0.0025,0,0.0,1.5,0,-0.5639492163704671,-0.18761716785826665,-0.5955965233018735,-1.0649954393721492,972,0.07381525060131314,0.07381525060131314,-0.000119590183133135,-0.5386652014778108
30,96,0.0025,1,0.0,0.75,1,-0.5604266321432192,-0.18597918586763518,-0.5998140409637827,-1.0583977909100704,594,0.004387960735877267,0.04189689917441331,-0.00035112764383655017,-0.53880609589503
12,120,0.0025,0,0.0,1.5,0,-0.5640009785256607,-0.18764131080485813,-0.5968143158998978,-1.0611362910745137,992,0.07488786322563869,0.07488786322563869,-0.00011338782381467085,-0.5391052833085327
48,120,0.0025,0,0.0,0.75,0,-0.5471787041005161,-0.17990569357884434,-0.5989782740364265,-1.20429057092193,742,0.05395566534486121,0.05395566534486121,-0.0002213926925939881,-0.5396093591431541
20,120,0.0025,1,-0.2,1.5,1,-0.5355412076718435,-0.17467944834817384,-0.6613312453320754,-0.6852986510514515,952,0.007345771305987129,0.09230969251771436,-5.8260439149084353e-05,-0.5396100035667841
48,200,0.005,0,0.0,0.75,0,-0.5398184552622806,-0.1765887713322276,-0.6143888277380939,-1.1214897602079152,731,0.05372814145485276,0.05372814145485276,-0.00021296786918624508,-0.5398576732116703
30,200,0.0,0,0.0,0.75,0,-0.5399235959396662,-0.1766358723711966,-0.6170342998015204,-1.108934869060294,833,0.060553858155106284,0.060553858155106284,-0.00016111774816189738,-0.5405997657249715
30,120,0.0,0,-0.2,1.5,0,-0.5456825256235884,-0.17922817980970007,-0.6422545637587669,-0.8059907688194768,1207,0.1157446531885848,0.1157446531885848,-2.3018567790787276e-05,-0.5406550001300574
20,96,0.005,0,0.0,999.0,0,-0.5703675976048996,-0.1906273605078016,-0.6072503059106482,-0.9429964431475294,1099,0.0864915816160697,0.0864915816160697,-7.665397705952861e-05,-0.5414023356205022
20,60,0.005,1,0.0,0.75,1,-0.558051925375244,-0.18488050511573273,-0.604124093846431,-1.089942149660655,505,0.005558083598777872,0.03591627120847689,-0.00044883486664647594,-0.5414396595219809
12,96,0.0025,1,-0.2,1.5,1,-0.548470976816376,-0.1804922248203149,-0.6496740194931439,-0.7287961219839728,907,0.009360982903204836,0.08788922836897874,-8.117785265374999e-05,-0.5417690406660854
30,60,0.005,0,-0.2,999.0,0,-0.5801649198040274,-0.19528794017540896,-0.6111851980982772,-0.8263160576632003,1159,0.11785737502437756,0.11785737502437756,-4.6993551548979254e-05,-0.5421963421077076
20,120,0.005,1,-0.2,1.5,1,-0.5354138043414809,-0.1746227792193219,-0.6683755506447835,-0.6958070539003921,885,0.008158356627445882,0.08545147240460248,-7.663100906280246e-05,-0.5436009072367333
30,96,0.005,1,0.0,0.75,1,-0.5619567591949569,-0.186689473076178,-0.6060835101617441,-1.0777905165076929,548,0.004843008515894169,0.0389065851914451,-0.0004015767387954186,-0.5436207539824347
48,60,0.005,1,0.0,0.75,1,-0.5630840496094582,-0.18721395377317984,-0.6045650860744067,-1.0929346967323696,525,0.004550477800169018,0.03737892478710265,-0.00043129589594490355,-0.5441432316470017
30,96,0.005,0,-0.2,999.0,0,-0.5729219627097053,-0.19183472811775748,-0.6290359002483392,-0.7792106789223556,1214,0.12494311902749788,0.12494311902749788,-3.104606510738795e-05,-0.5453132121880448
12,200,0.0025,0,-0.2,0.75,0,-0.5233561307708754,-0.1693114586726342,-0.6574146852870653,-0.9752814338297723,866,0.07706559188714815,0.07706559188714815,-0.0001011744273422778,-0.5467828730076555
20,120,0.0025,1,0.0,0.75,1,-0.5676082765899334,-0.18932914795373113,-0.6103531424138651,-1.075644415295246,611,0.004582981213027368,0.04293700838588052,-0.00034814517068491337,-0.5482879399254259
48,200,0.0,0,-0.2,1.5,0,-0.5677389081780301,-0.1893904675816438,-0.6408582256437674,-0.7708906908125064,1349,0.1318338425534681,0.1318338425534681,-1.0093393246858196e-05,-0.5483641149441528
48,60,0.0025,0,0.0,1.5,0,-0.5734794900854783,-0.192098973066406,-0.6044351172659878,-1.0984607439337297,963,0.07310017551842944,0.07310017551842944,-0.00013270175608787142,-0.5492395688960864
48,120,0.005,0,0.0,1.5,0,-0.5731195789993861,-0.19192836047506023,-0.6109081220890127,-1.0397151396247089,980,0.07492036663849705,0.07492036663849705,-0.0001224748480793913,-0.549368178500802
48,120,0.0,1,0.0,0.75,1,-0.5658153335714802,-0.18848892467955658,-0.619017081253976,-1.0403224900957995,679,0.0041929402587271665,0.04748748618604953,-0.00028632634220743605,-0.5500135898113345
20,120,0.0025,0,0.0,1.5,0,-0.5754404230548664,-0.19303043625802752,-0.6072262884675195,-1.0832283691654085,1003,0.07628550997854774,0.07628550997854774,-0.00011956346621466242,-0.5508049989500576
30,120,0.0025,1,0.0,0.75,1,-0.5679687520508774,-0.18949839207028618,-0.6156843674469923,-1.0732730625909161,617,0.004290450497302217,0.04348956640447247,-0.00034180402581651524,-0.5510042289233281
20,96,0.005,0,-0.2,999.0,0,-0.5816420510901287,-0.19599766395122575,-0.629279575432607,-0.8153606161324004,1193,0.12237534941168823,0.12237534941168823,-4.081272718893564e-05,-0.5514054824741493
20,120,0.005,1,0.0,0.75,1,-0.5677665607471936,-0.1894034497248167,-0.6153954835239808,-1.0890051134390786,565,0.004778001690177469,0.039946694402912306,-0.00039437218577369725,-0.551551447158761
48,96,0.0,0,-0.2,999.0,0,-0.5769546825688218,-0.19375193433904025,-0.6443134277225744,-0.7226662463197314,1406,0.14421764285249952,0.14421764285249952,-3.5315405030648857e-06,-0.552041960516314
30,96,0.0,0,-0.2,999.0,0,-0.5821776103077161,-0.1962554504761922,-0.6357865653459714,-0.7662674711384913,1363,0.1396021582266138,0.1396021582266138,-1.3476468320407486e-05,-0.5524621067061024
30,60,0.005,0,0.0,999.0,0,-0.5803619212065838,-0.19538248601781327,-0.6172984573280521,-0.9863077626029536,1070,0.08320873691737632,0.08320873691737632,-9.534266489262346e-05,-0.5533471028119871
48,96,0.0025,0,0.0,1.5,0,-0.577690406342082,-0.19410318311057084,-0.6152558265351064,-1.0385074776023753,1021,0.0781382045114737,0.0781382045114737,-0.00011255073235397481,-0.5536564702582428
12,96,0.005,1,-0.2,1.5,1,-0.5570094237170591,-0.18439957930398854,-0.6627692351423378,-0.7608870298468189,843,0.00997854774751349,0.08161606968731717,-0.00010883298214816193,-0.5538285483674984
48,96,0.0025,1,0.0,0.75,1,-0.5707991926678803,-0.19083098334610815,-0.6182022005465448,-1.0816121905485099,615,0.004127933433010466,0.043327049340180716,-0.0003486922663887473,-0.5540126931468061
48,120,0.0,1,0.0,1.5,1,-0.5685054170583157,-0.18975055383964945,-0.6450860537098748,-0.8379138601440479,1018,0.0031528310472599625,0.07654553728141456,-9.436390072103022e-05,-0.5541892737017893
30,200,0.0025,0,0.0,0.75,0,-0.5626828497698891,-0.187027176255939,-0.6143933325806972,-1.2032613773337932,783,0.05720600663069622,0.05720600663069622,-0.00021433745391160548,-0.5543869114129772
48,120,0.0025,0,-0.2,1.5,0,-0.5702453348554203,-0.19056970586811062,-0.6420141066661678,-0.8581238612787488,1175,0.114184489371384,0.114184489371384,-4.2997885888792745e-05,-0.554482952265132
20,60,0.0025,0,0.0,999.0,0,-0.5814696705305616,-0.1959147427774951,-0.6200344041702059,-0.9765954664714754,1123,0.08629656113891959,0.08629656113891959,-8.22005174486747e-05,-0.5547617181861718
30,120,0.005,1,0.0,0.75,1,-0.5683239566311854,-0.18966526507775472,-0.6217392335815297,-1.0889237988239509,566,0.004778001690177469,0.040076708054345704,-0.0003935641784612855,-0.5549810718097171
12,120,0.005,0,0.0,999.0,0,-0.5835138361760653,-0.19689971230572945,-0.6186228567971563,-0.9795977710865135,1120,0.08756419424039524,0.08756419424039524,-8.322290389210751e-05,-0.5551910292586333
20,96,0.0,0,-0.2,999.0,0,-0.584778133260971,-0.1975107218935801,-0.6380534266249926,-0.7855221559519704,1338,0.13635181694077878,0.13635181694077878,-1.902363700705009e-05,-0.5558135430036749
20,200,0.005,0,0.0,1.5,0,-0.5774123047347262,-0.1939703581322041,-0.6191054677806807,-1.0462163783814251,1025,0.0782682181629071,0.0782682181629071,-0.00011172663815830262,-0.5558339109416157
48,96,0.005,1,0.0,0.75,1,-0.5694195239699515,-0.19018060533948922,-0.6226992362214508,-1.0915721927833448,562,0.004680491451602418,0.039849184164337255,-0.00039942883444862187,-0.5561088330893819
12,60,0.0025,1,-0.2,1.5,1,-0.5543190840024088,-0.1831623825944183,-0.6709526598843143,-0.7513696151404748,860,0.01049860235324709,0.08363128128453487,-0.00010029866650252569,-0.5562071932935992
20,120,0.005,0,-0.2,999.0,0,-0.586219798963086,-0.1982091544876483,-0.6359654277636875,-0.81194973663058,1234,0.12627575895469023,0.12627575895469023,-3.6216025231441285e-05,-0.556789355201021
30,120,0.005,0,-0.2,1.5,0,-0.5518596009948602,-0.18203623821179715,-0.662866607822986,-0.867801854142523,1072,0.10261327439381135,0.10261327439381135,-5.432994629201535e-05,-0.5568596348304163
20,60,0.0,0,0.0,999.0,0,-0.5766651903932574,-0.193613850710469,-0.6352771534767909,-0.94586644450333,1195,0.0910420594162387,0.0910420594162387,-6.008232207766265e-05,-0.5585457496740309
30,96,0.0025,0,-0.2,999.0,0,-0.5974289335938756,-0.20370274455620052,-0.6279308758976534,-0.8179911545742214,1285,0.13277644152636026,0.13277644152636026,-3.3593405571471096e-05,-0.5585677402337383
48,200,0.0025,0,-0.2,0.75,0,-0.5429756933862318,-0.17800668488770943,-0.6670399396839949,-0.9489746022002378,913,0.08213612429305077,0.08213612429305077,-9.800434464579674e-05,-0.5589753848397188
20,96,0.0025,0,-0.2,999.0,0,-0.5986613409704922,-0.20431371588587877,-0.6281676602914307,-0.834665456892069,1261,0.12965611389195866,0.12965611389195866,-3.8963574790953955e-05,-0.5601308188761976
30,200,0.005,0,-0.2,1.5,0,-0.558702585511325,-0.18518109818890882,-0.6673262415379184,-0.8276853135818337,1158,0.11236429825131639,0.11236429825131639,-3.850647309631861e-05,-0.5602284846369597
20,96,0.0025,1,0.0,0.75,1,-0.581990013943745,-0.19616512451207646,-0.6150801974241284,-1.1373440762614886,577,0.004843008515894169,0.04085678996294611,-0.0004075059422760066,-0.5605724270372151
48,60,0.0025,1,-0.2,1.5,1,-0.5650764426511838,-0.18814341645421384,-0.6698151803860996,-0.776731845548422,872,0.008060846388870831,0.08509393486316064,-0.00010549737728575315,-0.5618875989246847
30,60,0.0,1,-0.2,1.5,1,-0.5621274535648871,-0.18676882491280855,-0.6738418669509939,-0.767718473684021,907,0.009003445361762985,0.08759669765325359,-9.334562576876732e-05,-0.5620756820725066
30,96,0.005,0,0.0,999.0,0,-0.5927793772916905,-0.20141025418481917,-0.6232506751436028,-0.9943192702137741,1120,0.0881817590847039,0.0881817590847039,-9.019269544919074e-05,-0.5627515552673092
12,96,0.005,1,0.0,0.75,1,-0.5818305881176744,-0.19608838629220615,-0.6187290599776419,-1.150949963501773,536,0.005298056295911071,0.0382565169342781,-0.0004535339420745922,-0.5630004144561157
20,96,0.0025,1,-0.2,1.5,1,-0.5680612405195695,-0.18954183269826308,-0.6694212396207542,-0.7766657245860789,900,0.008515894168887733,0.08730416693752845,-9.952456362463063e-05,-0.5630857387379441
30,200,0.0,0,-0.2,1.5,0,-0.5730570668775208,-0.1918987381621694,-0.660702029898529,-0.8213665816427048,1320,0.1278034193590327,0.1278034193590327,-1.937439142836062e-05,-0.563318082193569
12,200,0.0,0,0.0,0.75,0,-0.5581510291285277,-0.1849262678089958,-0.6323717546179018,-1.2481030073813046,813,0.05762855099785477,0.05762855099785477,-0.00020125277718997608,-0.563517295487012
48,60,0.005,0,-0.2,999.0,0,-0.6010127575818192,-0.20548335359891556,-0.6303462013328881,-0.8652014370905498,1183,0.12179028798023793,0.12179028798023793,-5.489769836145422e-05,-0.5639165261198871
12,60,0.005,1,-0.2,1.5,1,-0.5548100024909639,-0.1833877210950986,-0.6853263702982215,-0.7644154108058712,799,0.010823636481830592,0.07752063966716505,-0.0001226011367813244,-0.564271676784503
48,200,0.0,1,0.0,0.75,1,-0.5819364117809289,-0.19613932113429988,-0.630390292525161,-1.0696428064949854,747,0.0047129948644607685,0.051452902554768254,-0.00026497690670803547,-0.5648166077216297
30,120,0.005,0,0.0,1.5,0,-0.585715790333591,-0.19796477423764192,-0.6225673339621733,-1.1149077888788002,956,0.07251511408697914,0.07251511408697914,-0.00014716828015900907,-0.5649938306626686
48,200,0.005,0,-0.2,1.5,0,-0.5729883742210335,-0.1918661908589202,-0.6644142079707911,-0.8281898067962221,1180,0.1151595917571345,0.1151595917571345,-4.160950590016887e-05,-0.5654827851841269
48,96,0.0025,0,-0.2,999.0,0,-0.600922078282909,-0.20543815238646823,-0.641258421715914,-0.7936246364499085,1326,0.13719690567509588,0.13719690567509588,-2.7760247070844817e-05,-0.5657485950669207
48,96,0.005,0,-0.2,999.0,0,-0.5886221519556882,-0.19937706733103155,-0.6549476878847087,-0.7886375386157022,1248,0.12848599102905806,0.12848599102905806,-3.350856769977516e-05,-0.566282788204171
20,120,0.0,0,-0.2,999.0,0,-0.5939490456355399,-0.20198511107454598,-0.6496629833297842,-0.7946027933913938,1386,0.14093479815380616,0.14093479815380616,-1.7214716802591114e-05,-0.5665467424090078
20,120,0.0025,0,-0.2,999.0,0,-0.6045678634355283,-0.20726158010213824,-0.635494615832144,-0.8352112112958221,1306,0.13414158486641098,0.13414158486641098,-3.49553824219048e-05,-0.5667694485830013
12,96,0.0,0,0.0,999.0,0,-0.5862061885820358,-0.198202552248526,-0.6417635865982119,-0.9579161375879376,1240,0.09507248261067412,0.09507248261067412,-5.6767215869942866e-05,-0.5669801524270288
12,120,0.0025,1,-0.2,1.5,1,-0.5686536333301211,-0.1898202373686141,-0.6788872067068024,-0.7656410835383001,944,0.008125853214587532,0.09165962426054736,-8.642938105704353e-05,-0.5675458948989303
20,200,0.0,1,0.0,0.75,1,-0.5842674386817093,-0.1972637457048091,-0.632084392058416,-1.0879279034914262,721,0.004810505103035819,0.049990248976142494,-0.0002856561908394393,-0.5677023369085884
12,96,0.0025,0,0.0,999.0,0,-0.5977708442178598,-0.20387210753852691,-0.6269634750482467,-1.0090913568255493,1167,0.0901969706819216,0.0901969706819216,-8.411605312782555e-05,-0.5678084129039277
12,200,0.0,1,0.0,0.75,1,-0.5845159416812298,-0.19738389541635282,-0.6323043126050626,-1.0869831497136258,721,0.004615484625885718,0.04992524215042579,-0.00028628069899010644,-0.5678852092045653
20,96,0.005,1,0.0,0.75,1,-0.587933531920521,-0.199041770539524,-0.6251931012978424,-1.1712564391329991,537,0.00507053240590262,0.03828902034713645,-0.00046514022486414966,-0.5702011431450952
12,96,0.0025,1,0.0,0.75,1,-0.5900108807722013,-0.20005453686906605,-0.6250458511752163,-1.1642882538887207,582,0.005265552883052721,0.04114932067867126,-0.00041788651693510276,-0.5707918751511102
48,200,0.0,0,0.0,0.75,0,-0.5717927823222432,-0.19130033451087047,-0.6436393118956061,-1.174257725277269,850,0.06224403562374049,0.06224403562374049,-0.00018761455102184614,-0.5718328767225369
48,120,0.005,1,0.0,1.5,1,-0.5863138337685116,-0.19825477413752302,-0.6563038700636574,-0.9160525803919065,863,0.004127933433010466,0.0655593837352922,-0.00017220275209170984,-0.572209338188947
20,96,0.0025,0,0.0,999.0,0,-0.6021771239678404,-0.20606444465679408,-0.6315743638205324,-1.0105804176665492,1168,0.0918871481505558,0.0918871481505558,-8.564114060487253e-05,-0.5723806474503877
30,60,0.0025,0,0.0,999.0,0,-0.6001736693356885,-0.20506538418716225,-0.6331134944235581,-1.0189969320515597,1133,0.08834427614899565,0.08834427614899565,-9.447642605142684e-05,-0.5725719780015193
20,96,0.0,0,0.0,999.0,0,-0.592654422681031,-0.20134891595481808,-0.6473460583333096,-0.965687191466264,1240,0.09666514984073328,0.09666514984073328,-6.049935980929004e-05,-0.573306304694786
30,60,0.0,0,0.0,999.0,0,-0.5921791370438649,-0.20111573458233267,-0.6469345862008089,-0.9779408530139164,1204,0.09312227783917311,0.09312227783917311,-6.94407454413099e-05,-0.573480070333433
30,60,0.0025,1,0.0,0.75,1,-0.5893950593187498,-0.1997539060990009,-0.6287817918407493,-1.190279971751396,545,0.0052330494701943705,0.0384515374114282,-0.0004639625628017678,-0.5736588006069453
48,200,0.0025,0,-0.2,1.5,0,-0.5987122060266455,-0.20433896266438145,-0.6533196485440904,-0.8647810757090318,1270,0.12452057466033933,0.12452057466033933,-4.117594126263591e-05,-0.5742378407218782
12,120,0.005,1,-0.2,1.5,1,-0.5734806214880337,-0.1920995095676833,-0.6867522961717076,-0.7904473094329266,877,0.008873431710329584,0.08493141779886888,-0.00011154375854320031,-0.5749980231251834
30,120,0.0025,0,-0.2,1.5,0,-0.5859041860851845,-0.19805609618009878,-0.6617985528915543,-0.9314675641776393,1141,0.10995904569979847,0.10995904569979847,-6.222853689109635e-05,-0.575528750834758
48,60,0.0,0,-0.2,999.0,0,-0.6038273064032691,-0.20689017595234438,-0.6546584840576145,-0.8333616140192718,1330,0.13625430670220373,0.13625430670220373,-3.111332738842534e-05,-0.5758874986821153
20,60,0.0025,1,-0.2,1.5,1,-0.5727812334261275,-0.19176806912886935,-0.6881893261814302,-0.8096341580457755,831,0.01040109211467204,0.08080348436585842,-0.0001277296183189814,-0.5763444401218732
48,200,0.0,1,0.0,1.5,1,-0.5963491804356145,-0.20316860354534172,-0.6583516324372435,-0.8913427923065915,1139,0.0041929402587271665,0.08389130858740168,-8.679628454864781e-05,-0.5769115593792931
12,200,0.0025,0,0.0,0.75,0,-0.579445824305088,-0.1949431104811763,-0.6293405476401652,-1.3475084823890358,764,0.054605733602028216,0.054605733602028216,-0.00025714368031737333,-0.5769888084207107
48,96,0.0,1,0.0,1.5,1,-0.5961742381844569,-0.20308216256111844,-0.6569565522307694,-0.9280063452359594,979,0.002860300331534811,0.07365273353702138,-0.0001370637219049279,-0.5779607559383011
48,60,0.005,0,0.0,999.0,0,-0.6041957064198132,-0.20707487080622455,-0.637758297349136,-1.0446409508887173,1093,0.08584151335890268,0.08584151335890268,-0.00010936531376623478,-0.5781860670252285
48,120,0.0,0,0.0,1.5,0,-0.5905239950156191,-0.20030528683599358,-0.6521050002915556,-1.0427693821880475,1119,0.08532145875316909,0.08532145875316909,-9.434650423134858e-05,-0.5784962560911737
48,60,0.005,1,-0.2,1.5,1,-0.5774813759825492,-0.19400334134901176,-0.6869854352202389,-0.8210022861985949,814,0.008580900994604434,0.07904830007150751,-0.00013853411118800235,-0.578546173269061
30,96,0.0,0,-0.2,0.75,1,-0.6043308684197122,-0.20714266567418949,-0.6733570756382816,-0.7101117718105356,1412,0.02083468764220243,0.12959110706624197,-1.4200730823741347e-05,-0.5793267920838571
12,96,0.0,0,-0.2,0.75,1,-0.6070479863626053,-0.20850922102601055,-0.6702737447847747,-0.735270616820227,1362,0.021192225183644282,0.12286290060456348,-2.4973445145481944e-05,-0.5804096242594093
20,120,0.0,0,-0.2,0.75,1,-0.6049491774800181,-0.20745302011445677,-0.6751795453918894,-0.7087847695982902,1435,0.020769680816485732,0.13115127088344275,-1.1345552709807757e-05,-0.580482031290316
20,120,0.005,0,0.0,999.0,0,-0.6075338876523424,-0.20875434778082258,-0.6395910902193344,-1.0387205651518545,1137,0.08905935123187934,0.08905935123187934,-9.960655954484233e-05,-0.5804859211480824
30,96,0.0,1,0.0,1.5,1,-0.6065252352572474,-0.20824575793042088,-0.6472425490426854,-0.974692843314299,947,0.0034453617629851135,0.07131248781122018,-0.00016198823037707807,-0.5806016746174786
12,120,0.005,1,0.0,0.75,1,-0.5942778370762375,-0.20214692569149217,-0.6391679637526515,-1.1829052453942008,555,0.004875511928752519,0.03958915686147046,-0.0004543372054700086,-0.580876169837528
20,96,0.005,1,-0.2,1.5,1,-0.5833847378467829,-0.196837399930611,-0.6878958965978101,-0.8275654269619354,843,0.009230969251771436,0.08151855944874212,-0.00013339131586571378,-0.5821636195776129
12,200,0.005,0,-0.2,1.5,0,-0.574251628744636,-0.19246536286780602,-0.6898700985571982,-0.9100915802387156,1131,0.10836637846973932,0.10836637846973932,-5.693890901261671e-05,-0.5829049911583409
12,120,0.0025,1,0.0,0.75,1,-0.5984070582882821,-0.2041875390943091,-0.6391563441754591,-1.1833722746690893,603,0.004778001690177469,0.042611974257297014,-0.00041051472214885206,-0.5829343249154931
12,96,0.005,0,-0.2,0.75,1,-0.5898202546391069,-0.19996144114257575,-0.6929668089535861,-0.7322968749756985,1170,0.021777286615094586,0.10602613274393811,-4.8718860299467654e-05,-0.5830596893681537
30,96,0.005,0,-0.2,0.75,1,-0.5929008050740654,-0.2014698746703384,-0.6939891888226448,-0.720125424436809,1218,0.021809790027952934,0.11210427094844959,-3.963452598032695e-05,-0.5844707403035012
30,200,0.0025,0,-0.2,1.5,0,-0.5979548984610412,-0.20396332218119873,-0.6709598577103923,-0.9034410850315788,1242,0.12081518559448742,0.12081518559448742,-4.794081829749154e-05,-0.5846153052879739
48,60,0.0025,0,-0.2,999.0,0,-0.6219404447135175,-0.216127760315188,-0.6497352900633017,-0.8967780385892302,1252,0.1294285900019502,0.1294285900019502,-5.509322571446363e-05,-0.5858343072763004
48,60,0.0,0,-0.2,0.75,1,-0.6145512423112345,-0.21232008214157183,-0.6753474957297092,-0.7437188502722192,1372,0.020249626210752127,0.12575570434895664,-2.731389313305573e-05,-0.5871797725200374
48,120,0.0025,1,0.0,0.75,1,-0.6010045316752409,-0.20547925288623758,-0.6457178003428334,-1.178026388979509,632,0.004225443671585516,0.04420464148735617,-0.0003887235226448196,-0.5872394725066298
20,120,0.005,0,-0.2,0.75,1,-0.5954546691304761,-0.20272691011553756,-0.6970222134391038,-0.7229749121471908,1237,0.021582266137944485,0.11356692452707534,-3.7928275859092934e-05,-0.587386762442449
30,60,0.005,1,0.0,0.75,1,-0.602425873764713,-0.20618875148295923,-0.6381986525357697,-1.251481769008774,509,0.005558083598777872,0.036046284859910294,-0.0005414383353388806,-0.5878621662012827
48,200,0.0025,0,0.0,0.75,0,-0.595324545815505,-0.20266271860284624,-0.6432526341820151,-1.2744882169423861,801,0.05860365338360528,0.05860365338360528,-0.0002449463514753054,-0.5880134465409731
48,120,0.0025,1,0.0,1.5,1,-0.6037218901619588,-0.20683734992640046,-0.6681529601609766,-0.9535556472613177,948,0.0035103685887018137,0.07176753559123708,-0.00015650977196259223,-0.5885916123699546
48,120,0.005,1,0.0,0.75,1,-0.5996372726345716,-0.204798536910472,-0.6491778628325509,-1.1887990493752825,575,0.004680491451602418,0.040499252421504255,-0.00044571273908489817,-0.5888274207955115
20,200,0.005,0,-0.2,999.0,0,-0.6081017208566973,-0.2090410958814064,-0.678056675097281,-0.8202675672843349,1332,0.13748943639082103,0.13748943639082103,-3.177191173349384e-05,-0.5890828117942636
30,200,0.0,1,0.0,0.75,1,-0.6045569781012365,-0.20725611711512726,-0.6495029791447167,-1.150457790334589,728,0.004680491451602418,0.050315283104725994,-0.00031346459575513767,-0.589530496204215
48,200,0.005,1,0.0,1.5,1,-0.6080300127280998,-0.20900486706878674,-0.6653954009482462,-0.9572663398176731,951,0.004940518754469219,0.07111746733407008,-0.00016152391983678883,-0.5895658845337935
20,60,0.005,1,-0.2,1.5,1,-0.5895671313381063,-0.19983787390590102,-0.6946717256361115,-0.8652121620529354,777,0.011083663784697393,0.07537541441851395,-0.0001668591280963945,-0.5904343448266035
20,200,0.0025,0,-0.2,999.0,0,-0.6241919946357268,-0.21729907436081464,-0.6642596633359563,-0.8379610756352669,1414,0.14649288175258401,0.14649288175258401,-2.864259049201307e-05,-0.5913269598105562
30,200,0.005,0,0.0,1.5,0,-0.6123779855350515,-0.2112106178951213,-0.6524904720585674,-1.1255626662965,1041,0.0797633751543912,0.0797633751543912,-0.00013976804473526572,-0.59373398723923
30,96,0.0,0,0.0,999.0,0,-0.6129376660874837,-0.21149589239268762,-0.6649060028505649,-1.01184703843842,1266,0.09890788532795944,0.09890788532795944,-7.083666270922534e-05,-0.5945412457398911
12,120,0.0025,0,0.0,999.0,0,-0.6202270784387209,-0.21523992219950072,-0.65224123999455,-1.0650198008392455,1193,0.09318728466488982,0.09318728466488982,-9.615930515757774e-05,-0.5946115322387381
30,96,0.0025,0,0.0,999.0,0,-0.6233086447391247,-0.2168389076087478,-0.6514955140780494,-1.0611794100453573,1192,0.09396736657349021,0.09396736657349021,-9.76451293616065e-05,-0.5956456351500403
12,200,0.0,0,-0.2,1.5,0,-0.5996593540590976,-0.20480951671301106,-0.6908751625537981,-0.9332102680072221,1291,0.12289540401742183,0.12289540401742183,-4.301622633987521e-05,-0.5969076113902713
12,120,0.0,0,0.0,999.0,0,-0.6126827320288681,-0.21136591175815944,-0.6689231072888502,-1.0242458691264784,1269,0.09819281024507573,0.09819281024507573,-7.132718722185368e-05,-0.5970397588589085
48,96,0.005,1,0.0,1.5,1,-0.6135043172720328,-0.21178503509546343,-0.6696118309525212,-1.011786532792079,832,0.003835402717285315,0.06331664824806604,-0.00022247782810646361,-0.5971802772113279
48,200,0.0025,1,0.0,1.5,1,-0.619012790458983,-0.21461251470913967,-0.6699831582493649,-0.9746512959545577,1053,0.004322953910160567,0.07823571475004876,-0.00013632435873015754,-0.5983366586315501
48,60,0.005,0,-0.2,0.75,1,-0.6043265300686325,-0.20714048936437657,-0.7074461407268806,-0.7576802546955534,1185,0.020932197880777482,0.10882142624975623,-5.513252509790101e-05,-0.5987475724625946
48,200,0.0025,1,0.0,0.75,1,-0.6122809858985432,-0.21116120765900914,-0.6560737509444272,-1.1929646008944386,691,0.004550477800169018,0.04758499642462458,-0.00035873244789661753,-0.5988463131759447
30,120,0.0,0,0.0,1.5,0,-0.6077958792659863,-0.20888661133615571,-0.6664498163040149,-1.1353800699081982,1090,0.08229864135734252,0.08229864135734252,-0.00012236828465287495,-0.5988805229835731
20,200,0.0,0,-0.2,999.0,0,-0.6227747546008724,-0.21656117831372246,-0.6832869168616322,-0.8214703443341823,1511,0.1549112656828967,0.1549112656828967,-1.543729574345561e-05,-0.5992781539612477
48,120,0.0025,0,0.0,1.5,0,-0.6199251758605121,-0.215083792582766,-0.6535703681970719,-1.1578097214363001,1059,0.08099850484300851,0.08099850484300851,-0.0001422388435020015,-0.599759462753117
20,120,0.0,1,0.0,1.5,1,-0.6232350649280372,-0.21680061391530958,-0.6661071396654757,-1.0154349211192912,979,0.0032828446986933628,0.07368523694987973,-0.00016810839834015636,-0.6006259298040121
20,200,0.0,1,0.0,1.5,1,-0.6179123673165057,-0.2140452332583328,-0.6766026237402155,-0.9658028287364339,1085,0.004680491451602418,0.08106351166872522,-0.00012360497019504746,-0.6006366865652624
30,120,0.0,1,0.0,1.5,1,-0.616965642826262,-0.2135581646221123,-0.6758429138730875,-0.9904669761661319,989,0.003055320808684912,0.07436780861990509,-0.00015674768576170948,-0.6010029703669626
12,200,0.005,1,0.0,0.75,1,-0.6119876849993345,-0.2110118607014323,-0.6591839780354076,-1.2206451817453434,602,0.0050055255801859195,0.04212442306442177,-0.0004413101349583149,-0.6016361088064033
48,96,0.005,0,0.0,999.0,0,-0.6263751135078044,-0.2184398230130078,-0.66211688844238,-1.0534080820719978,1148,0.09081453552623026,0.09081453552623026,-0.0001108713475435547,-0.6021686713377977
12,60,0.0,1,0.0,1.5,1,-0.6215100955370002,-0.21590447726476714,-0.6693803008805681,-1.0343496119925721,908,0.0055255801859195215,0.06799713969966846,-0.00019884028081546437,-0.6023121083046798
48,60,0.0,0,0.0,999.0,0,-0.6178668603100885,-0.21402180023179207,-0.6731590459354012,-1.0414760519215083,1236,0.09640512253786647,0.09640512253786647,-8.28059113724567e-05,-0.602675125795568
20,96,0.0,1,0.0,1.5,1,-0.6289921143529932,-0.2198138928518132,-0.6635693345747821,-1.048083805907125,927,0.004062926607293766,0.06997984788402782,-0.00019733423795017057,-0.6040027504345604
30,96,0.005,1,0.0,1.5,1,-0.6272483348992135,-0.21889750807154507,-0.6630326243712792,-1.0724066063355244,812,0.004517974387310668,0.06152896054085679,-0.0002547523088630288,-0.6040341505739609
48,200,0.005,0,0.0,1.5,0,-0.6241855401414257,-0.21729570905776618,-0.6622953469147792,-1.1218369778224615,1061,0.08174608333875057,0.08174608333875057,-0.00014245000610201583,-0.6045352314062789
20,60,0.0,0,-0.2,0.75,1,-0.6220761326851878,-0.21619820038565385,-0.6979382750953407,-0.7904473735388442,1299,0.022069817330819735,0.116134694142885,-4.7613663248947e-05,-0.6046897066102664
48,60,0.0025,0,0.0,999.0,0,-0.6307990528144523,-0.22076688149351387,-0.6596728516621648,-1.1007176407075148,1163,0.09146460378339726,0.09146460378339726,-0.00011339418534813165,-0.605639189359972
20,200,0.0025,1,0.0,0.75,1,-0.6179486174582245,-0.2140639011235963,-0.6607630538831296,-1.225571506437043,667,0.004680491451602418,0.04621985308457388,-0.0003890435806242341,-0.6057240033870133
30,60,0.0025,1,-0.2,1.5,1,-0.6105316811129973,-0.21027172306705,-0.6995353173806789,-0.9151302713489896,838,0.009816030683221738,0.08112851849444191,-0.000163140997921087,-0.6057958953248389
30,60,0.0,0,-0.2,0.75,1,-0.6274730520935021,-0.2190154200233635,-0.6941941599787254,-0.7974871610323531,1324,0.021582266137944485,0.11915751153871157,-4.6399147380393785e-05,-0.6059868580643438
12,200,0.0025,1,0.0,0.75,1,-0.6184421797460317,-0.21431820487642628,-0.6612013053092076,-1.2255746553735978,666,0.004582981213027368,0.04612234284599883,-0.0003909976406547928,-0.60619759029971
48,200,0.005,1,0.0,0.75,1,-0.6171915074369082,-0.2136742848854447,-0.6637548279636654,-1.2295667068466902,622,0.0050055255801859195,0.043229539101605666,-0.0004318976896504005,-0.6070300342096119
48,96,0.0025,1,0.0,1.5,1,-0.6267727969050292,-0.2186481628694128,-0.6745456528812649,-1.0392460826738206,908,0.003347851524410063,0.06900474549827731,-0.0002016469011327953,-0.6078832934437363
20,200,0.005,1,0.0,0.75,1,-0.618640496473172,-0.21442045532850096,-0.6650275676683546,-1.2456797470534842,604,0.0052330494701943705,0.042286940128713514,-0.0004522044912127324,-0.6092182265153525
20,200,0.0,0,0.0,1.5,0,-0.6177716739737789,-0.213972792478057,-0.677767787972964,-1.1277807920465208,1180,0.0894168887733212,0.0894168887733212,-0.00010379095360669161,-0.609245726066865
48,96,0.005,0,-0.2,0.75,1,-0.6198310435571921,-0.21503513085790127,-0.7153010357970565,-0.7601049015377805,1252,0.021387245660794384,0.11577715660144315,-5.067019658686472e-05,-0.6106908938333186
20,96,0.0,0,-0.2,0.75,1,-0.6339366131032969,-0.22242998653467783,-0.6974574242411952,-0.7939220340726305,1392,0.021029708119352532,0.12588571800039003,-3.815803835845864e-05,-0.6108548003589069
20,200,0.0025,0,0.0,1.5,0,-0.6286144310164208,-0.21961514054379394,-0.6652559121907056,-1.1843896277911576,1105,0.08424884612884354,0.08424884612884354,-0.00013663479293379282,-0.6114625780287046
30,96,0.0025,1,0.0,1.5,1,-0.6359367361301572,-0.2234957632414395,-0.6678530882415044,-1.087309491801404,876,0.003932912955860365,0.06640447246960932,-0.0002309485942582295,-0.6117877819522619
20,200,0.005,1,0.0,1.5,1,-0.6278166092223264,-0.21919579190830585,-0.6822861997377894,-1.0294735432674693,911,0.0055255801859195215,0.06890723525970227,-0.0002015426417875405,-0.611812568940574
20,200,0.005,0,-0.2,0.75,1,-0.6277863355390423,-0.21917989282400108,-0.7115596371613512,-0.7440997453705793,1327,0.02317493336800364,0.12283039719170513,-4.052955645700842e-05,-0.6121646986732057
30,200,0.0,1,0.0,1.5,1,-0.6287450240010135,-0.21968384672973096,-0.6857713391081761,-0.9946608118592177,1100,0.004647988038744068,0.08168107651303387,-0.00013086132662089303,-0.6123025568767799
12,96,0.0,1,0.0,1.5,1,-0.6348725911176736,-0.22292818276353277,-0.6722011829399104,-1.0671518645561804,943,0.004745498277319118,0.07072742637976988,-0.00019892773870018465,-0.6123863674612969
12,200,0.005,0,0.0,1.5,0,-0.6270357268123165,-0.21878599897030204,-0.6638329654128596,-1.2339421217819144,1017,0.07687057140999805,0.07687057140999805,-0.00016919810769725665,-0.6123995877658276
48,96,0.0,0,0.0,999.0,0,-0.6283776186517547,-0.21949059753766742,-0.686281248163245,-1.0144095545510239,1303,0.10228824026522784,0.10228824026522784,-7.317083332307487e-05,-0.6133516993468411
20,120,0.0025,0,0.0,999.0,0,-0.6386960013975178,-0.22497328145875095,-0.6682078372148327,-1.1104797947406975,1210,0.09487746213352402,0.09487746213352402,-0.00010785918182410349,-0.6146011898032021
12,120,0.005,0,-0.2,0.75,1,-0.6217957112037644,-0.2160526452961815,-0.7177758223344162,-0.798200900855333,1211,0.021354742247936032,0.11034908665409868,-6.355286889473805e-05,-0.6148506015061562
12,120,0.0,0,-0.2,0.75,1,-0.6382501481622316,-0.2247339664259116,-0.7037304173968699,-0.8008685283843976,1413,0.020867191055060783,0.127738412533316,-3.7633658743202094e-05,-0.6166426015435664
30,120,0.0025,0,0.0,1.5,0,-0.6328447021963022,-0.2218499967375095,-0.6655040195436204,-1.2442023522268157,1027,0.0779431840343236,0.0779431840343236,-0.0001708254786665103,-0.6168121241206604
20,120,0.0,0,0.0,999.0,0,-0.632074427391657,-0.2214416275976141,-0.6846003133406964,-1.071569869492387,1284,0.09975297406227654,0.09975297406227654,-8.378891141378615e-05,-0.6173202777425817
20,60,0.005,0,-0.2,0.75,1,-0.6153337855311393,-0.21272072475929327,-0.731628482978327,-0.8128124096163197,1115,0.02291490606513684,0.10020802184229344,-8.277636301743368e-05,-0.6191755867292728
12,200,0.0025,0,-0.2,1.5,0,-0.6250567830661506,-0.2177503579694956,-0.7002480599200018,-1.026313395257065,1212,0.1162647077943184,0.1162647077943184,-7.564078814866836e-05,-0.6191900576923498
48,60,0.0,1,0.0,1.5,1,-0.6395405314352578,-0.22542719673309963,-0.678975180831726,-1.0942466437092375,902,0.0038028993044269647,0.06789962946109342,-0.00022405742656133888,-0.6196271193344245
48,96,0.0025,0,0.0,999.0,0,-0.6437715304135849,-0.2277133394875137,-0.6778491260062756,-1.0791422637131283,1229,0.09731521809790028,0.09731521809790028,-0.00010425722123333581,-0.6205950156763079
12,200,0.0,1,0.0,1.5,1,-0.6364633409382536,-0.2237770973077332,-0.692304090323164,-1.0212226044415142,1088,0.004550477800169018,0.08112851849444191,-0.00014276836245347287,-0.6209902726913908
12,200,0.005,1,0.0,1.5,1,-0.6361846002287999,-0.22362814446473167,-0.6894295228658622,-1.0555721703267849,912,0.005363063121627771,0.06887473184684392,-0.00021210042151669514,-0.621121514414002
12,60,0.005,1,0.0,1.5,1,-0.6356580885866108,-0.22334702160092135,-0.6855051966790976,-1.1161481352513036,766,0.006305662094519925,0.057921081713579924,-0.0002976367556369679,-0.6219070267030353
30,200,0.0025,1,0.0,0.75,1,-0.6337137243862433,-0.222311489595035,-0.6742621247385918,-1.2773774213509352,674,0.004582981213027368,0.04651238380029903,-0.0004131426522761587,-0.6233114230318777
20,96,0.005,0,-0.2,0.75,1,-0.6260002484264896,-0.21824358945180233,-0.7296389172254396,-0.8134863876975945,1202,0.021939803679386336,0.10911395696548137,-6.930444383734832e-05,-0.6237373674494019
48,96,0.0,0,-0.2,0.75,1,-0.6456551262817661,-0.2287376582445988,-0.7115817882712389,-0.7872523787050728,1455,0.02054215692647728,0.13391406097640252,-3.340970979342765e-05,-0.6238911713154718
20,120,0.005,1,0.0,1.5,1,-0.6441290685230515,-0.22790745964274028,-0.6824597765250493,-1.1158057517343845,838,0.0041929402587271665,0.0636091789637912,-0.00026252581844492056,-0.6249276354919842
20,200,0.0025,1,0.0,1.5,1,-0.6422522394210259,-0.22689008766358065,-0.6908246086455521,-1.0607966000567923,1000,0.004745498277319118,0.07527790417993889,-0.00018132612288852002,-0.6253422219891963
30,120,0.005,1,0.0,1.5,1,-0.6387169844523283,-0.22498454972263082,-0.6923265178549154,-1.0924865092154026,844,0.004127933433010466,0.0639342130923747,-0.00025159764905935476,-0.6257721341108586
20,200,0.0,0,-0.2,0.75,1,-0.6490257002458677,-0.2305808438518866,-0.7162042162796588,-0.760567694333651,1554,0.022362348046544887,0.14301501657674057,-1.96393752435723e-05,-0.6267113367083986
30,120,0.0,0,-0.2,999.0,0,-0.647283258809366,-0.22962634761575007,-0.7027109064066421,-0.9169838370292576,1414,0.1440876292010661,0.1440876292010661,-4.424407949385572e-05,-0.626830992670534
30,60,0.005,0,-0.2,0.75,1,-0.6363546641557738,-0.22371901266964989,-0.7204799936365396,-0.8615853803301462,1145,0.022459858285119937,0.10319833582526165,-9.27734747079896e-05,-0.627038278504427
48,200,0.0,0,0.0,1.5,0,-0.6372168443215185,-0.22418018177622911,-0.6956883348219258,-1.112195455676484,1222,0.09425989728921537,0.09425989728921537,-0.0001054056627949751,-0.6276341219710162
30,200,0.005,1,0.0,1.5,1,-0.6431869753033581,-0.22739627810332308,-0.6954070899763951,-1.0744185019757002,925,0.005460573360202821,0.06942728986543587,-0.0002161830682944824,-0.6288207481903056
30,96,0.0025,0,-0.2,0.75,1,-0.6527935486427152,-0.232657052883802,-0.7076864372234779,-0.8477300385836669,1336,0.021712279789377883,0.12273288695313007,-6.0850341150802264e-05,-0.6288867734247243
20,120,0.0025,0,-0.2,0.75,1,-0.653133679390478,-0.23284530595785458,-0.7078079548611882,-0.8454252570746429,1356,0.021679776376519536,0.12419554053175584,-5.753715246973218e-05,-0.6290205462421808
30,120,0.0025,1,0.0,1.5,1,-0.6449594117734974,-0.2283588472266973,-0.6915693902716982,-1.0995114131069754,916,0.0034128583501267635,0.06939478645257752,-0.00022213754314410103,-0.6291191130178951
30,200,0.005,1,0.0,0.75,1,-0.6363611781333552,-0.22372249383807874,-0.6805927752569699,-1.3055119319741824,611,0.00510303581876097,0.04254696743158032,-0.0004826153858971302,-0.6292944780652727
30,60,0.005,1,-0.2,1.5,1,-0.6354605722179985,-0.22324163930055785,-0.7125806784119089,-1.0013036238283712,785,0.01062861600468049,0.07576545537281415,-0.00021544497002570269,-0.6295971596979308
48,120,0.0,1,-0.2,999.0,1,-0.6388917567684371,-0.2250784245503773,-0.740002768348593,-0.7040673173502134,1263,0.011701228629006046,0.1259182214132484,-4.921093823510121e-05,-0.6302831745921845
30,120,0.005,0,-0.2,999.0,0,-0.6500336320922306,-0.2311346041316864,-0.7028960559393074,-0.9667329211824883,1260,0.12874601833192484,0.12874601833192484,-7.324210490940759e-05,-0.6309192781604646
12,60,0.0025,1,0.0,1.5,1,-0.6474686163501318,-0.2297277168354177,-0.690683132766296,-1.1422955099891916,830,0.005980627965936423,0.06253656633946564,-0.00027514833481666486,-0.6321840587180253
48,120,0.005,0,-0.2,999.0,0,-0.6546438286774663,-0.23368280741712533,-0.704715332711493,-0.9476504654565855,1287,0.13287395176493533,0.13287395176493533,-6.916667157959232e-05,-0.6334229970457012
48,120,0.0,0,-0.2,999.0,0,-0.6542272316002178,-0.23345149644841323,-0.7103544051336744,-0.9037765934039692,1456,0.1495156991484106,0.1495156991484106,-4.067194594097075e-05,-0.6338175286854489
20,60,0.0,1,0.0,1.5,1,-0.6509162386998542,-0.23162049312901622,-0.6905135543394563,-1.1476156708216398,876,0.005330559708769421,0.06533185984528375,-0.00025636784282755023,-0.6342580538398264
30,120,0.0025,0,-0.2,999.0,0,-0.66252767005114,-0.23810018262059685,-0.6962085878674928,-0.9764482229756235,1334,0.13703438861080414,0.13703438861080414,-6.724090264328369e-05,-0.6350268877031244
20,120,0.0025,1,0.0,1.5,1,-0.6546557306599126,-0.23368941893530537,-0.689783959646408,-1.1390642505175534,904,0.0037703958915686147,0.06858220113111876,-0.00024121415317242774,-0.635534611284387
12,120,0.0,1,0.0,1.5,1,-0.6543809283870179,-0.2335368105743053,-0.6924873063462628,-1.118559319684849,977,0.003932912955860365,0.07368523694987973,-0.00020677313040323725,-0.6357084297316791
12,96,0.005,1,0.0,1.5,1,-0.6548713244751834,-0.23380921028264767,-0.688926650962828,-1.169899340264353,803,0.005720600663069622,0.06078138204511474,-0.0003017921741324792,-0.6367675027772793
30,96,0.005,0,0.0,0.75,1,-0.6595476555287623,-0.23642145380090318,-0.6948834907981856,-1.059024261810114,1077,0.014106481180523956,0.08021842293440812,-0.00017077552398560246,-0.6368144122905016
20,96,0.005,1,0.0,1.5,1,-0.6569181319188768,-0.23494929070889625,-0.6861490122281217,-1.1761700630102745,797,0.00507053240590262,0.06071637521939804,-0.0003068391386331859,-0.6368322999734708
48,200,0.0025,0,0.0,1.5,0,-0.6549364187994278,-0.2338453899561277,-0.6899279047816964,-1.1908164183669112,1151,0.08879932392901255,0.08879932392901255,-0.0001440859798861722,-0.6383501632653215
48,60,0.0025,0,-0.2,0.75,1,-0.6589547586450842,-0.23608877265193673,-0.7170120397417168,-0.875450687319127,1295,0.02109471494506923,0.11892998764870312,-7.409325277856986e-05,-0.6383673268887515
48,96,0.0,1,-0.2,999.0,1,-0.65195203621054,-0.23219189217046543,-0.7379431299875618,-0.7441438835071523,1209,0.011148670610414094,0.12088019242020412,-6.925050920691267e-05,-0.6383706513396039
20,96,0.0025,1,0.0,1.5,1,-0.659668291607493,-0.23648919723728812,-0.6866063930470556,-1.1730173614226123,853,0.004582981213027368,0.0649093154781252,-0.00027613776766742125,-0.6384432618319466
30,200,0.0,0,0.0,1.5,0,-0.6454232132743994,-0.22861132155303499,-0.7010790291031681,-1.1877799869806651,1200,0.09139959695768056,0.09139959695768056,-0.00012305866143150215,-0.6385398354536523
12,60,0.005,0,-0.2,0.75,1,-0.6368681190774097,-0.22399355426853518,-0.7397340070375896,-0.8944078835589643,1096,0.021744783202236235,0.09747773516219203,-0.00010933959217423785,-0.6385809519652782
30,200,0.0025,1,0.0,1.5,1,-0.6542595841179555,-0.23346945234524918,-0.7007429510711883,-1.0956244589141435,1017,0.004778001690177469,0.07596047584996425,-0.00019035611667165392,-0.6386221508265506
12,96,0.0025,0,-0.2,0.75,1,-0.6631254250290817,-0.2384382524187142,-0.7152847560414357,-0.8985263882216563,1285,0.022134824156536437,0.1160046804914516,-8.16422502519476e-05,-0.6410069498505149
48,120,0.005,0,0.0,999.0,0,-0.6606758526853778,-0.23705569941730564,-0.693614104623677,-1.1494769337183024,1187,0.09399986998634857,0.09399986998634857,-0.00013272135434703712,-0.6413365984150593
20,200,0.005,0,0.0,999.0,0,-0.6607506853708002,-0.23709782444824679,-0.6950161865574032,-1.1439822678845275,1235,0.09760774881362543,0.09760774881362543,-0.00011961742674831144,-0.6418050311211747
30,200,0.005,0,-0.2,999.0,0,-0.6650810514624457,-0.23954743975824255,-0.7145574280333096,-0.9464293639285241,1351,0.13989468894233895,0.13989468894233895,-6.368376768531905e-05,-0.6441476219713236
12,200,0.0025,1,0.0,1.5,1,-0.6598866850780711,-0.23661188234331587,-0.7060647785029732,-1.1180412606905663,1002,0.004680491451602418,0.07527790417993889,-0.00020264824810387765,-0.6455463346293308
12,60,0.0,0,-0.2,0.75,1,-0.6627594460723727,-0.23823121389573965,-0.7228820675712713,-0.9210962678329825,1287,0.021647272963661184,0.11356692452707534,-8.44519901749659e-05,-0.6457270610730244
30,200,0.0025,0,0.0,1.5,0,-0.6589301077983116,-0.23607495017392233,-0.694225217322475,-1.2564578503183255,1125,0.08603653383605278,0.08603653383605278,-0.000160471741683547,-0.646010451351076
48,120,0.0025,0,-0.2,999.0,0,-0.6736594972549423,-0.24447110342461575,-0.7066867958382195,-0.9749118328084072,1370,0.14203991419099005,0.14203991419099005,-6.66205153043358e-05,-0.6465600929841459
48,200,0.0,1,-0.2,999.0,1,-0.6632527197005684,-0.2385103040081421,-0.7445836758530668,-0.7261463747776317,1423,0.01300136514334005,0.13924462068517193,-3.8900043553408096e-05,-0.6471094606735571
12,96,0.0025,1,0.0,1.5,1,-0.6651971731480234,-0.23961345392098432,-0.6957813410286713,-1.1932572931335932,867,0.005265552883052721,0.06539686667100046,-0.00027877888804879317,-0.6471669890919997
48,60,0.005,1,0.0,1.5,1,-0.6637211393583107,-0.23877561579312967,-0.6953953744613908,-1.21550896008518,775,0.004680491451602418,0.058636156796463626,-0.0003360406834806392,-0.6472487510280841
12,200,0.005,0,-0.2,0.75,1,-0.6597041479591106,-0.23650933591512724,-0.7382627263181254,-0.8379614614502103,1313,0.022134824156536437,0.12049015146590392,-6.835366209409486e-05,-0.6475387721467004
48,60,0.0025,1,0.0,1.5,1,-0.66596189793526,-0.24004862253491654,-0.6973570286675512,-1.208625864056425,832,0.004290450497302217,0.06305662094519925,-0.00030021426106709284,-0.6491584300715134
48,200,0.005,0,-0.2,999.0,0,-0.6773891804739948,-0.24664208382477915,-0.7121930667580965,-0.937747979955899,1376,0.14353507118247416,0.14353507118247416,-6.522671676517739e-05,-0.6496260162016223
20,60,0.005,0,0.0,0.75,1,-0.6694618456497705,-0.24204986185073796,-0.7043910477179085,-1.1357305444878825,981,0.014756549437690957,0.07157251511408698,-0.00022993151229024132,-0.6510319129340864
30,120,0.005,0,0.0,999.0,0,-0.667778489948261,-0.24108536125615176,-0.6995595272131385,-1.2074528654032248,1161,0.09094454917766366,0.09094454917766366,-0.00015104765005331526,-0.6512377681328823
30,96,0.0,1,-0.2,999.0,1,-0.6676169595072636,-0.24099300307743587,-0.7415760475585234,-0.7941011892871277,1170,0.011636221803289345,0.11759734772151076,-9.025397809932384e-05,-0.651486086321054
12,120,0.005,1,0.0,1.5,1,-0.6682932972263806,-0.24137993714683292,-0.7037975869841779,-1.2031613804194539,830,0.004810505103035819,0.06325164142234935,-0.00030242248779210575,-0.6534367996598945
20,120,0.005,0,0.0,0.75,1,-0.6737867047507966,-0.2445448413986301,-0.7076446571215593,-1.1017082599130956,1094,0.013813950464798804,0.08116102190730026,-0.0001821896475789309,-0.6534525829550646
12,96,0.0,1,-0.2,999.0,1,-0.6693275796638859,-0.24197279743985756,-0.7444377606602561,-0.802155893787345,1158,0.013293895859065203,0.1163947214457518,-9.462939711411806e-05,-0.6542994724593528
30,60,0.0025,0,-0.2,0.75,1,-0.6743764638172979,-0.24488698711206114,-0.7247648852300173,-0.9445258645354897,1249,0.02249236169797829,0.11259182214132483,-0.00010006529507707697,-0.6544957229538443
12,96,0.005,0,0.0,0.75,1,-0.6745031493098519,-0.24496054365770303,-0.7066832218479627,-1.1286593265164333,1028,0.013846453877657153,0.0757979587856725,-0.0002119447128844728,-0.6547351209075061
48,60,0.005,0,0.0,0.75,1,-0.674295233307498,-0.24483983407470544,-0.7081004050715141,-1.1186425525989239,1044,0.013553923161932003,0.07765065331859845,-0.00020262540662429238,-0.6548221642404086
48,200,0.0,0,-0.2,999.0,0,-0.6775038817747022,-0.24670914691915713,-0.7276981727332731,-0.8973339697533185,1568,0.16303711889748423,0.16303711889748423,-3.622861716579941e-05,-0.6554249317734596
30,200,0.0025,0,-0.2,999.0,0,-0.6815263212975198,-0.24907236149977596,-0.716165472855061,-0.9683941806107411,1440,0.14935318208411882,0.14935318208411882,-5.949971752768647e-05,-0.6555748069578435
48,200,0.0025,0,-0.2,999.0,0,-0.6852404970348877,-0.25127442191020966,-0.7175270755414572,-0.9327661396564729,1472,0.15396866671000456,0.15396866671000456,-5.433714609219746e-05,-0.6566762666637619
30,200,0.0,0,-0.2,999.0,0,-0.6765438649848529,-0.2461483986431463,-0.7277469508326277,-0.9396843689128627,1536,0.15803159331729832,0.15803159331729832,-4.248930214864097e-05,-0.6570060925051033
30,120,0.0,1,-0.2,999.0,1,-0.6699191282916528,-0.24231250375414837,-0.7527014781691719,-0.7904602927050766,1219,0.011441201326139244,0.12208281869596307,-8.139882122464183e-05,-0.6581862574739882
20,200,0.0,1,-0.2,999.0,1,-0.6711515788543261,-0.24302172691685076,-0.7555113896984309,-0.7602458267339024,1343,0.01293635831762335,0.1331989858935188,-5.7545981266147715e-05,-0.6587897131027614
12,120,0.005,0,0.0,0.75,1,-0.6783059288984493,-0.24717858494783362,-0.7106817280044354,-1.1286358693688638,1066,0.013683936813365404,0.07908080348436586,-0.00019927383689462844,-0.6589512424184946
48,120,0.0,0,0.0,999.0,0,-0.6692226705128397,-0.24191259924296082,-0.7211968563607907,-1.1302655664373495,1347,0.10615614639537152,0.10615614639537152,-9.854124142823011e-05,-0.6590243057452236
12,60,0.005,0,0.0,0.75,1,-0.6747951415136091,-0.2451301629030319,-0.7097211249016703,-1.184013733879746,968,0.014171488006240655,0.06988233764545278,-0.0002481070677506734,-0.6591914120478543
48,200,0.005,0,0.0,999.0,0,-0.6792165795683882,-0.24771265347225435,-0.712495005983935,-1.1232036971527615,1276,0.10189819931092765,0.10189819931092765,-0.00012157650096167576,-0.6601203413218599
30,200,0.005,0,0.0,999.0,0,-0.6769315814581565,-0.24637471444286652,-0.7111165191418373,-1.1665339700124202,1252,0.09929792628225964,0.09929792628225964,-0.0001290919011697077,-0.6602596725144061
20,96,0.005,0,0.0,0.75,1,-0.6790487006888871,-0.24761411231393682,-0.7127718170941889,-1.134757500524879,1050,0.014236494831957356,0.078073197685757,-0.00020638560286354455,-0.6607378958872752
30,120,0.005,0,-0.2,0.75,1,-0.6721742179781988,-0.2436117266827703,-0.7447827667241296,-0.9043609041056716,1258,0.021809790027952934,0.1156146395371514,-9.187482983328291e-05,-0.6612211552501187
12,200,0.0,0,-0.2,0.75,1,-0.6798103712489147,-0.24806150644911296,-0.7412650434560322,-0.8526060393157279,1540,0.021387245660794384,0.14047975037378924,-4.364760203791314e-05,-0.6613243301429155
30,200,0.005,0,-0.2,0.75,1,-0.6733894741458916,-0.24431465135313568,-0.7496399048434775,-0.8467646845864235,1351,0.02353247090944549,0.12487811220178119,-6.94749503845285e-05,-0.6614728380041955
30,60,0.0,1,0.0,1.5,1,-0.67468744163835,-0.24506758640192916,-0.7100673707639993,-1.237547054904477,875,0.00510303581876097,0.0653643632581421,-0.00029188706655478166,-0.6619786245291527
20,60,0.0025,0,-0.2,0.75,1,-0.6700414652428386,-0.24238281465953493,-0.7455775255412737,-0.9395806692224951,1223,0.02297991289085354,0.10950399791978158,-0.0001033894751504403,-0.6621506108912966
20,60,0.005,1,0.0,1.5,1,-0.6753292164727251,-0.24544070444748411,-0.7108770877625953,-1.2731361044331628,746,0.006500682571670025,0.05616589741922902,-0.00038059966188532917,-0.6645360535504399
48,96,0.0025,0,-0.2,0.75,1,-0.6859411048918187,-0.25169197952890754,-0.7348632893151178,-0.9134199337283085,1375,0.02125723200936098,0.1268283169732822,-7.761982718938766e-05,-0.6647946208728818
20,60,0.0025,1,0.0,1.5,1,-0.6757462944631761,-0.24568348371338566,-0.7120554078314312,-1.262105621237862,801,0.005915621140219723,0.060196320613664436,-0.0003401126624320653,-0.6648164686909943
20,96,0.0025,0,-0.2,0.75,1,-0.6807318965583429,-0.24860386476096152,-0.7404343170530852,-0.9401315127165311,1316,0.022037313917961387,0.11915751153871157,-8.921003305591294e-05,-0.6658275989233307
20,200,0.0025,0,-0.2,0.75,1,-0.6877177523655064,-0.2527539891585526,-0.7386613836972389,-0.8784942648959446,1466,0.022622375349411687,0.13501917701358643,-6.060741603027957e-05,-0.6660093942519693
48,120,0.0025,0,0.0,999.0,0,-0.6835797429391179,-0.25028739959814006,-0.7142947104058721,-1.1978627603094556,1271,0.10082558668660209,0.10082558668660209,-0.0001311408399651847,-0.6673278928165489
12,120,0.0025,1,0.0,1.5,1,-0.6808499678220492,-0.24867343969108824,-0.7141448070134515,-1.2357489694685404,897,0.004322953910160567,0.06822466358967691,-0.00028192765780638734,-0.667533291671241
12,120,0.0025,0,-0.2,0.75,1,-0.6869356530172168,-0.25228592447124176,-0.7355519301044018,-0.9540738419045448,1331,0.021614769550802833,0.12062016511733732,-9.106920090730191e-05,-0.66776558161867
12,200,0.005,0,-0.2,999.0,0,-0.682389641683881,-0.24958248253150117,-0.7396970142253194,-1.050336402873392,1322,0.13501917701358643,0.13501917701358643,-8.486176292445106e-05,-0.6719478097878304
48,120,0.005,1,-0.2,999.0,1,-0.682159133309282,-0.24944617751570664,-0.7629415255575865,-0.8434546582525382,1085,0.013553923161932003,0.10846388870831437,-0.00012497713342086444,-0.6730896732071268
48,60,0.0,1,-0.2,999.0,1,-0.6875153419375687,-0.2526327679416719,-0.7551541606437521,-0.8598506278922506,1113,0.012416303711889749,0.11246180848989144,-0.00012154047597135432,-0.6732023796581604
48,200,0.0025,0,0.0,999.0,0,-0.692000107008292,-0.2553325559463505,-0.7239523561648411,-1.1362569981040938,1371,0.10979652863550673,0.10979652863550673,-0.00010920312907526857,-0.6741215839339758
20,200,0.0025,0,0.0,999.0,0,-0.6889743312668202,-0.2535078602295425,-0.7203891343672756,-1.2149429229035917,1320,0.10433595527530391,0.10433595527530391,-0.0001243333999550572,-0.67444957355836
30,120,0.0,0,-0.2,0.75,1,-0.6911092268623066,-0.2547939195453919,-0.7482296194670989,-0.9167193717362881,1462,0.02083468764220243,0.13407657804069428,-6.609649863348654e-05,-0.6747446978657556
12,200,0.0,0,0.0,1.5,0,-0.6748303122941276,-0.24515060142998824,-0.725870270152569,-1.3564185059673177,1172,0.08775921471754534,0.08775921471754534,-0.00016791311764175019,-0.6759066618046387
12,200,0.0,1,-0.2,999.0,1,-0.6869560559838983,-0.25229812393685946,-0.7672615286727655,-0.8011226609853797,1346,0.01293635831762335,0.13326399271923553,-6.913037738637105e-05,-0.6759850213225113
30,120,0.0,0,0.0,999.0,0,-0.6826925653520093,-0.2497617212221841,-0.7321332154830389,-1.212285202408782,1312,0.10222323343951115,0.10222323343951115,-0.000122765856707215,-0.6764425890841427
48,200,0.005,1,-0.2,999.0,1,-0.6926527120392599,-0.25572787009688436,-0.7585450787352122,-0.8325182071232715,1204,0.014691542611974258,0.11896249106156147,-0.00010334584356504734,-0.676626319820654
48,200,0.0,0,0.0,999.0,0,-0.6875534485060029,-0.25265558501715635,-0.7385930425181919,-1.1053616732952456,1456,0.11636221803289346,0.11636221803289346,-8.639527479117013e-05,-0.6772201899410146
12,60,0.0,1,-0.2,999.0,1,-0.6873260580016674,-0.252519461275557,-0.764577565713689,-0.8579557361694656,1107,0.015049080153416109,0.11151920951699928,-0.00012314402740231335,-0.6777060309408747
30,60,0.005,0,0.0,0.75,1,-0.6927125266152885,-0.255764134122767,-0.7251847423325984,-1.2103385850499015,1008,0.014561528960540858,0.07378274718845479,-0.0002486674276284588,-0.6788734345415613
30,120,0.0025,0,0.0,999.0,0,-0.6916344794645288,-0.2551113521956836,-0.7211334005242006,-1.264205757310131,1237,0.09712019762075018,0.09712019762075018,-0.00015219292010478565,-0.6788883403232904
30,96,0.0,0,0.0,0.75,1,-0.6949386864349234,-0.25711757633960186,-0.733192207346801,-1.1262491019530774,1267,0.013358902684781902,0.09338230514203992,-0.00014861397479501301,-0.6800261351106562
30,200,0.0,1,-0.2,999.0,1,-0.6926790166870829,-0.2557438172707236,-0.7709128866380811,-0.8124240206756532,1365,0.0130338685561984,0.13472664629786127,-7.018520255272043e-05,-0.6818214616235468
12,200,0.0025,0,0.0,1.5,0,-0.6869065333244992,-0.25226851408024364,-0.7177968245018852,-1.4291258993055072,1097,0.08272118572450107,0.08272118572450107,-0.00020866045627943668,-0.6826232212964617
20,120,0.0,1,-0.2,999.0,1,-0.6965825123045721,-0.25812173593260646,-0.7646793316578314,-0.8671700526745942,1213,0.011376194500422545,0.12117272313592928,-0.00010574228463366961,-0.683819904395252
48,96,0.005,1,-0.2,999.0,1,-0.6956908462818783,-0.25757654156693477,-0.7639242205195098,-0.8918291348967334,1047,0.0128388480790483,0.10469349281674575,-0.00014983260573962247,-0.6841301085715263
48,200,0.005,0,-0.2,0.75,1,-0.6951426182797528,-0.2572419309176892,-0.7648531126042841,-0.8910718232612374,1383,0.023564974322303842,0.12770590912045765,-8.00688482879873e-05,-0.6842220783828932
20,96,0.0,1,-0.2,999.0,1,-0.6973349866084255,-0.2585827591010844,-0.7633734688880173,-0.8806859855845658,1149,0.012253786647597997,0.1154196190600013,-0.00012172070629634484,-0.6843037928243213
48,120,0.0025,1,-0.2,999.0,1,-0.6920067766105189,-0.255336592866816,-0.7732310928970435,-0.8587465906304369,1182,0.012221283234739647,0.11837742963011116,-0.00010877632113191874,-0.6848894688468596
20,200,0.0,0,0.0,999.0,0,-0.6908670250993756,-0.2546476829438966,-0.7401709178069288,-1.2041209688699535,1412,0.11047910030553208,0.11047910030553208,-0.00010490276208727257,-0.6849391902908586
12,120,0.0,1,-0.2,999.0,1,-0.6992481135525449,-0.25975876831527844,-0.7680358971085106,-0.8749247212565628,1209,0.012188779821881298,0.12101020607163752,-0.00010879962611363589,-0.6875229529323619
48,120,0.005,0,-0.2,0.75,1,-0.6961935970646596,-0.25788379268608164,-0.7653775109563707,-0.9537607108053896,1287,0.022199830982253137,0.11899499447441982,-0.00010451171207154511,-0.6882605837045365
30,200,0.0,0,-0.2,0.75,1,-0.7047154646783644,-0.2631507820952814,-0.7608901156028111,-0.8955627684241254,1584,0.02307742312942859,0.14574530325684196,-5.3283757714142486e-05,-0.6883739783178933
48,200,0.0025,1,-0.2,999.0,1,-0.7031466024748563,-0.26217265659841515,-0.7688666710860552,-0.8484116591820609,1323,0.013196385620490152,0.13040369238770072,-8.697418968406182e-05,-0.6890265751005458
20,60,0.0,1,-0.2,999.0,1,-0.6988506613405949,-0.25951399179941104,-0.7702115855519854,-0.9015941996563639,1075,0.014496522134824157,0.10817135799258923,-0.00014399750109205696,-0.689699494558222
30,200,0.0025,0,0.0,999.0,0,-0.702071016419443,-0.2615043067699153,-0.733595867359166,-1.2284906995929339,1341,0.10635116687252162,0.10635116687252162,-0.00013028252686056723,-0.6897267754291451
20,200,0.005,1,-0.2,999.0,1,-0.7015520524516836,-0.2611824786504302,-0.7713650752684287,-0.8726105706313435,1152,0.014854059676266008,0.11424949619710069,-0.00012476888415937856,-0.6904955448162118
48,96,0.0025,1,-0.2,999.0,1,-0.7016400995058385,-0.2612370502121788,-0.7702751744231489,-0.8964767465799963,1132,0.011896249106156146,0.11363193135279204,-0.0001304423742587597,-0.6911984747527531
48,96,0.005,0,0.0,0.75,1,-0.705613279390759,-0.26371228902910127,-0.7397833340451081,-1.1765900662819657,1111,0.013748943639082103,0.08291620620165117,-0.0002127598184036165,-0.6924334593657536
12,200,0.0025,0,-0.2,999.0,0,-0.710687443505311,-0.26691010860723063,-0.740768023258099,-1.1141338199145248,1407,0.14382760189819932,0.14382760189819932,-8.970651855939306e-05,-0.6930008112320063
30,60,0.0025,1,0.0,1.5,1,-0.7004537697470281,-0.26050277517843035,-0.7295452192281029,-1.364532085668929,802,0.005623090424494572,0.06035883767795618,-0.00038194418801010727,-0.6935019890759282
30,200,0.0,0,0.0,999.0,0,-0.7001972331378219,-0.26034427943350236,-0.7480130426791759,-1.204140237459554,1432,0.11272183579275824,0.11272183579275824,-0.0001072158833599652,-0.694557812646068
48,60,0.0,0,0.0,0.75,1,-0.7075395563234671,-0.26492135759106583,-0.7417011366027713,-1.1814113336320402,1227,0.012968861730481701,0.0903919911590717,-0.0001765340112506445,-0.6948424925740535
12,200,0.005,1,-0.2,999.0,1,-0.7058439020881175,-0.26385673115858177,-0.7746529743029043,-0.8855513730570141,1150,0.014561528960540858,0.11402197230709224,-0.00012947532992758977,-0.6954607869628846
12,200,0.0,0,-0.2,999.0,0,-0.7064971547215748,-0.2642663334897202,-0.7546091462390137,-1.0837570555288132,1504,0.15188844828707015,0.15188844828707015,-7.080257712729905e-05,-0.6957587593856677
12,60,0.0025,0,-0.2,0.75,1,-0.7040209436927106,-0.2627172954657252,-0.7602120833273556,-1.069837502967292,1207,0.02232984463368654,0.10670870441396346,-0.00014316803488083872,-0.6963152122777676
20,200,0.0025,1,-0.2,999.0,1,-0.7064009200124053,-0.26420594952612475,-0.7779630454996999,-0.8742462814647778,1250,0.013196385620490152,0.12442306442176429,-0.00010500641154443474,-0.6968997863492137
30,96,0.005,1,-0.2,999.0,1,-0.7099633803896339,-0.2664512337063767,-0.7667939464573096,-0.9449723064979586,1021,0.013391406097640252,0.1022557368523695,-0.0001737597159958093,-0.6970968222599294
20,60,0.0,0,0.0,0.75,1,-0.7079945192290649,-0.2652077958227719,-0.7426147753458954,-1.2198116281412652,1160,0.014138984593382305,0.08356627445881817,-0.00020695043786183882,-0.6975057649027828
20,120,0.0,0,0.0,0.75,1,-0.71022321957,-0.26661580785449157,-0.7448273835250188,-1.1774905947758114,1286,0.0131638822076318,0.09435740752779041,-0.00016130897458621748,-0.6979040293557915
30,96,0.0025,0,0.0,0.75,1,-0.712911328160351,-0.26832489953044514,-0.7395988399663205,-1.2129992808048273,1188,0.014106481180523956,0.08788922836897874,-0.00019635305790225498,-0.6987742835538467
30,96,0.0025,1,-0.2,999.0,1,-0.7115010233367134,-0.267426743028255,-0.770623347797806,-0.9381550432025474,1094,0.012448807124748098,0.11008905935123188,-0.0001512204578388985,-0.6996461690872853
30,60,0.0,1,-0.2,999.0,1,-0.7094705874710789,-0.26613941716642886,-0.776539702928424,-0.936602213128059,1078,0.013976467529090554,0.10836637846973932,-0.00015432883167124936,-0.7012393792870438
12,96,0.0025,1,-0.2,999.0,1,-0.7124209111300527,-0.26801220174504026,-0.7739191825726089,-0.9457239669189812,1076,0.014203991419099005,0.10833387505688097,-0.00015773186169617525,-0.7022579913772938
30,60,0.005,1,0.0,1.5,1,-0.7075446171852717,-0.2649245420004719,-0.7348559250154205,-1.4083622798002584,750,0.006240655268803224,0.05636091789637912,-0.00043879056767938705,-0.7027706184981951
12,200,0.0025,0,-0.2,0.75,1,-0.7181722190051406,-0.27170478014946187,-0.7643012295589939,-0.9828960813611723,1450,0.021712279789377883,0.13241890398491843,-8.98013703996156e-05,-0.7030001989970175
20,96,0.0,0,0.0,0.75,1,-0.7140925511823654,-0.269079713501039,-0.7495950410705625,-1.2076741770567083,1235,0.013521419749073654,0.09061951504908015,-0.00018290704339258743,-0.7042609428891556
12,200,0.005,0,0.0,999.0,0,-0.7114207985951131,-0.26737575070712993,-0.7405684211304041,-1.3543706308458279,1224,0.09575505428069947,0.09575505428069947,-0.0001796131345818077,-0.7053784928146233
48,200,0.0,0,-0.2,0.75,1,-0.720011974459181,-0.2728979000894082,-0.7730916253192103,-0.9240620911487415,1629,0.023727491386595592,0.1499707469284275,-5.725367458504804e-05,-0.7056468173064504
12,96,0.005,1,-0.2,999.0,1,-0.7174101974397589,-0.2712123028988148,-0.7754628210098915,-0.9722326795504783,1003,0.014789052850549309,0.10092309692517715,-0.00018768120797324418,-0.7075553473812844
12,60,0.0,0,0.0,0.75,1,-0.7149137279532862,-0.2696058327804104,-0.7504544740103015,-1.273591606211589,1152,0.013976467529090554,0.08203861405447573,-0.00022349520569877782,-0.7085126500961405
30,120,0.0025,1,-0.2,999.0,1,-0.7164958196482673,-0.2706226735477142,-0.7827940816445718,-0.9419918826411086,1141,0.012026262757589548,0.11447702008710915,-0.00014276140565992688,-0.7091193085020555
12,96,0.0,0,0.0,0.75,1,-0.7187238773813865,-0.27206192771759663,-0.7525319114987662,-1.2341109160937116,1215,0.013456412923356953,0.08847428980042904,-0.00019755643823819247,-0.7100334292716652
48,60,0.0025,0,0.0,0.75,1,-0.7214522807156281,-0.27383607719381964,-0.747345833043181,-1.256997810016525,1147,0.013716440226223753,0.08496392121172723,-0.00022320815147359443,-0.7103588842162364
30,200,0.005,1,-0.2,999.0,1,-0.7198003376103727,-0.27276035054682024,-0.7842062874214238,-0.9223164642331303,1169,0.014919066501982709,0.1155496327114347,-0.0001383259628731864,-0.7109793174691887
12,60,0.005,1,-0.2,999.0,1,-0.7184585868040475,-0.2718901112255395,-0.7819851882634735,-0.9840018302193843,953,0.01582916206201651,0.09617759864785802,-0.00020742334007408145,-0.7120827968682455
30,120,0.005,1,-0.2,999.0,1,-0.7195982499977609,-0.2726290800300345,-0.7837350226622208,-0.9642737632852009,1060,0.013228889033348502,0.10586361567964636,-0.00017129346536290312,-0.712710279525405
30,120,0.0025,0,-0.2,0.75,1,-0.7256995749473765,-0.27662399275902283,-0.7680584724518886,-1.043449241285094,1382,0.021484755899369434,0.12686082038614055,-0.00011169813267964571,-0.7128256910492219
12,120,0.0,0,0.0,0.75,1,-0.7213428667334332,-0.27376468037091384,-0.7553195938879607,-1.2314110842352919,1262,0.013326399271923552,0.09217967886628096,-0.0001838862730336637,-0.7129950315266588
48,120,0.0,0,-0.2,0.75,1,-0.7246343180294952,-0.2759217363702552,-0.7773848996469456,-0.9988592560115177,1505,0.021354742247936032,0.13843203536371318,-8.453891016106869e-05,-0.7145571489943039
48,120,0.0,1,0.0,999.0,1,-0.7146332781126826,-0.26942602393788817,-0.7871537820852245,-1.032093249376123,1196,0.007183254241695378,0.09292725736202301,-0.0001728473016926255,-0.7146075774493065
12,200,0.0025,1,-0.2,999.0,1,-0.7231766985710857,-0.2749641126497486,-0.790649879466272,-0.9240349716692481,1251,0.0131638822076318,0.12432555418318923,-0.00012031479215811731,-0.716490800966347
30,60,0.0,0,0.0,0.75,1,-0.7227127244196274,-0.27466008511405304,-0.7574505038315205,-1.267496959393287,1184,0.013943964116232204,0.08577650653318598,-0.00021613876552508754,-0.7167601849994776
12,60,0.0025,1,-0.2,999.0,1,-0.7218020462856569,-0.2740644537706499,-0.787291313497755,-0.983243766557996,1022,0.01576415523629981,0.10326334265097835,-0.00018511436247516317,-0.7168722988474272
20,120,0.0025,0,0.0,0.75,1,-0.7274163261259838,-0.27776005273751025,-0.7519674164020894,-1.2652593965868282,1205,0.013976467529090554,0.08879932392901255,-0.0002099910040234731,-0.7170067307678964
20,60,0.0025,0,0.0,0.75,1,-0.7265868785578903,-0.27721049821239085,-0.752593303507656,-1.3171100631360497,1081,0.014919066501982709,0.07830072157576545,-0.00026612006779849973,-0.7193626531230213
30,200,0.0025,1,-0.2,999.0,1,-0.7276407728667847,-0.27790897649441393,-0.7926155864991767,-0.9328511370453574,1274,0.013326399271923552,0.1260482350646818,-0.00011949434907513026,-0.7208593265962702
30,200,0.0025,0,-0.2,0.75,1,-0.7335280339690955,-0.2818485328700545,-0.7781274722603059,-1.0012074623036098,1493,0.023142429955145292,0.13735942273938764,-9.269255318987775e-05,-0.7209726421153879
30,96,0.0,1,0.0,999.0,1,-0.7265502443889698,-0.2771862549004861,-0.7795774469646461,-1.0971034378438447,1115,0.007248261067412078,0.08701163622180329,-0.00021774530923375385,-0.7218301502750014
12,60,0.0,1,0.0,999.0,1,-0.7237598696368164,-0.2753467884338917,-0.7843103423143509,-1.0969466060763875,1069,0.009718520444646687,0.08324124033023468,-0.00023345195128690382,-0.7223492898948866
48,96,0.0,1,0.0,999.0,1,-0.7254326629065485,-0.27644784286840873,-0.785901461241442,-1.0799333497922647,1149,0.006728206461678476,0.0894818955990379,-0.00020300073934534385,-0.723395240978743
48,60,0.0025,1,-0.2,999.0,1,-0.7316904169767768,-0.2806119167024411,-0.7850134761392489,-1.0160586066616142,1038,0.013196385620490152,0.10505103035818761,-0.00019072025293107394,-0.7239215851051463
20,96,0.0025,0,0.0,0.75,1,-0.7325774578404416,-0.2812080515323372,-0.7570980773096874,-1.3031959879492188,1156,0.014399011896249106,0.08525645192745238,-0.0002363785284748962,-0.7249168895846418
20,120,0.005,1,-0.2,999.0,1,-0.7337639384940237,-0.282007746371282,-0.7872753845567786,-1.0138797418513,1055,0.013098875381915101,0.10527855424819606,-0.00018932376801157554,-0.7263394257422363
48,120,0.005,1,0.0,999.0,1,-0.7249069992152277,-0.2761013035926122,-0.7914294190816326,-1.0992022545453535,1019,0.008450887343171032,0.08015341610869141,-0.00025409951610937863,-0.7267761258606962
12,96,0.0,1,0.0,999.0,1,-0.7312383332040202,-0.28030866251563313,-0.7844319011269464,-1.115940227131985,1113,0.008613404407462784,0.0864915816160697,-0.00022610481682523386,-0.7283216244357055
20,120,0.0025,1,-0.2,999.0,1,-0.7349855661414388,-0.282833926928295,-0.7905776899391992,-1.006462738585225,1132,0.012253786647597997,0.11333940063706689,-0.00016524087571247488,-0.7284459088271559
30,120,0.005,0,0.0,0.75,1,-0.7335879467011384,-0.2818889583501377,-0.7645109258455778,-1.2900539297748819,1114,0.013976467529090554,0.08268868231164272,-0.0002523885914347368,-0.7286471177616707
20,96,0.0025,1,-0.2,999.0,1,-0.7357089667315524,-0.2833245057904419,-0.789584951870673,-1.0219590957203473,1070,0.013196385620490152,0.10765130338685562,-0.00018522689580221903,-0.7292149365117957
20,96,0.0,1,0.0,999.0,1,-0.7330735607963226,-0.2815421035882526,-0.7834235335690497,-1.124188862876663,1095,0.00773581226028733,0.08554898264317753,-0.00023475372726231697,-0.7294633135166106
48,200,0.0,1,0.0,999.0,1,-0.7345092144263846,-0.28251143378800103,-0.7889730913806092,-1.0759912199836303,1334,0.008093349801729181,0.10183319248521094,-0.00015694244839835507,-0.7307975404774871
20,60,0.0025,1,-0.2,999.0,1,-0.7337202448618737,-0.2819782492763848,-0.7942498776147198,-1.0342303175605883,995,0.015504127933433011,0.10033803549372684,-0.00021006404712947216,-0.7308147039617741
48,60,0.005,1,-0.2,999.0,1,-0.7379917298715636,-0.28487920641754383,-0.7875842230385801,-1.0494775057356318,970,0.013781447051940454,0.09783527270363389,-0.00022501915981538716,-0.7311451932236155
12,120,0.0025,1,-0.2,999.0,1,-0.7365785582996771,-0.2839155591482563,-0.793332947978854,-1.0121308915402398,1123,0.012903854904765,0.11275433920561659,-0.0001691603275161377,-0.7311885777146953
12,60,0.0025,0,0.0,0.75,1,-0.7356004476206282,-0.2832508487176365,-0.7604676646581429,-1.3848323987131865,1071,0.014659039199115906,0.07661054410713125,-0.0002900519209763544,-0.7327263009823672
12,120,0.005,1,-0.2,999.0,1,-0.7387557971420331,-0.28540185069610713,-0.7927644615602719,-1.031828090331174,1047,0.013716440226223753,0.10479100305532081,-0.00019740708972882233,-0.7333754859928018
12,120,0.0025,0,0.0,0.75,1,-0.7404481772168101,-0.28656358102717994,-0.762995600689886,-1.3316951080703994,1178,0.014041474354807255,0.08652408502892804,-0.00023977730379890863,-0.7346461367756429
12,96,0.0025,0,0.0,0.75,1,-0.7404499168375889,-0.28656477810339576,-0.7625288770098633,-1.3456789601674977,1136,0.014301501657674055,0.08301371644022622,-0.00025896124528679407,-0.7351131646167023
20,200,0.005,0,0.0,0.75,1,-0.7391754932349834,-0.2856894228106349,-0.7718489445372377,-1.2703533985365087,1179,0.01537411428199961,0.0879217317818371,-0.00023065321333042997,-0.7351315650060792
12,60,0.005,1,0.0,999.0,1,-0.7339873251273836,-0.2821586089844548,-0.7903685201802642,-1.1688003104791507,910,0.010531105766105442,0.07163752193980367,-0.00032772171727011364,-0.7357828845985444
48,60,0.0,1,0.0,999.0,1,-0.7383986794067734,-0.28515742932818966,-0.7882115744177406,-1.1534923727604127,1066,0.00783332249886238,0.08317623350451797,-0.00025580425352945865,-0.7369378351750806
30,60,0.0025,0,0.0,0.75,1,-0.7400670482438649,-0.2863014616115447,-0.7656655648455555,-1.3634958238146695,1106,0.014724046024832608,0.08057596047584996,-0.0002733905827598344,-0.7373090352250559
48,96,0.0,0,0.0,0.75,1,-0.7419603041776294,-0.28760639046558867,-0.7746042930942956,-1.2619436516122533,1309,0.0130338685561984,0.09656763960215822,-0.0001906112129607502,-0.7380057195933492
20,96,0.005,1,-0.2,999.0,1,-0.7439801333798814,-0.2890064975767871,-0.7938657839627042,-1.0616699037558655,1003,0.013943964116232204,0.10066306962231034,-0.0002201212129576321,-0.7390228847459325
48,96,0.005,1,0.0,999.0,1,-0.7386125458857835,-0.2853037754618927,-0.7937136622945353,-1.161336336730772,983,0.00799583956315413,0.0774881362543067,-0.00029293162988061004,-0.7402274234456989
48,200,0.005,1,0.0,999.0,1,-0.7415017153427771,-0.28728965054546374,-0.7926734270531322,-1.135887005681377,1122,0.009230969251771436,0.08710914646037834,-0.00023593231842556354,-0.7404207143560987
48,200,0.0025,0,-0.2,0.75,1,-0.7502266543250926,-0.29338954078435653,-0.7912597040493143,-1.0384486375705275,1534,0.02330494701943704,0.1409673015666645,-9.926228660996044e-05,-0.7409418246875401
30,96,0.005,1,0.0,999.0,1,-0.7423290323652105,-0.28786137128437683,-0.7892046066425622,-1.18912032910414,961,0.008613404407462784,0.07557043489566405,-0.00031244545847397055,-0.741919691060865
48,120,0.0025,1,0.0,999.0,1,-0.7380136782930575,-0.28489420382766506,-0.801210260617671,-1.1343636807679256,1117,0.00763830202171228,0.0873366703503868,-0.00023217536425042747,-0.7422175181748968
20,60,0.005,1,-0.2,999.0,1,-0.7443309171024703,-0.28925049738854114,-0.7992170950035582,-1.0813763775696967,932,0.015959175713449913,0.09396736657349021,-0.00025016377437056,-0.742927863768805
30,60,0.0025,1,-0.2,999.0,1,-0.7453439084370221,-0.28995653039623726,-0.8005392322040497,-1.0780115987299164,1000,0.014919066501982709,0.10066306962231034,-0.00022327172560495783,-0.7441267264347579
20,120,0.0,1,0.0,999.0,1,-0.7462229731467525,-0.2905709277661408,-0.7955528767063583,-1.160476753024652,1154,0.007118247415978678,0.0897419229019047,-0.00023044861993868772,-0.7463712037705527
20,60,0.0,1,0.0,999.0,1,-0.7441900149410392,-0.2891524578530088,-0.7973879831951696,-1.18569278206402,1038,0.009360982903204836,0.08041344341155822,-0.00028015479301260747,-0.7471310885537946
30,120,0.0,1,0.0,999.0,1,-0.7440355332733537,-0.2890450162265873,-0.8016105653635157,-1.1477325822655897,1164,0.006890723525970227,0.09048950139764675,-0.00022331885472513677,-0.7472369280216247
12,60,0.0025,1,0.0,999.0,1,-0.7455008040810536,-0.29006607147293806,-0.7989156011341491,-1.2008629466278422,984,0.01036858870181369,0.07700058506143145,-0.0003069826499363222,-0.7495670193714047
12,96,0.005,1,0.0,999.0,1,-0.7479603185510185,-0.2917899039940465,-0.7960408397710218,-1.212911099705461,954,0.009783527270363388,0.07492036663849705,-0.00032642743640790104,-0.7504558788648305
30,96,0.0025,1,0.0,999.0,1,-0.7497387138835782,-0.293044223787186,-0.7947775365162603,-1.2060176320336347,1037,0.007930832737437431,0.08132353897159202,-0.00028588725626422373,-0.7507338736469977
48,96,0.0025,0,0.0,0.75,1,-0.7538212803390769,-0.2959491803606815,-0.7791582779103511,-1.3336765364194865,1227,0.013748943639082103,0.09097705259052201,-0.00023513431600168452,-0.7522121461368313
48,96,0.0025,1,0.0,999.0,1,-0.7489938863096381,-0.29251807891757187,-0.8008859679739293,-1.188297339058083,1071,0.007410778131703829,0.08405382565169343,-0.0002677227124586869,-0.7523759298574406
48,200,0.0025,1,0.0,999.0,1,-0.752202433056826,-0.2947929972429889,-0.800592456804391,-1.1620403257156513,1239,0.008353377104595983,0.09533250991354092,-0.00020901605701418704,-0.753191241930967
48,120,0.0025,0,-0.2,0.75,1,-0.7571258329191544,-0.29832710419365993,-0.7974433015970448,-1.130489560195378,1421,0.021874796853669637,0.13089124358057597,-0.00013215028235223506,-0.7535732330019512
12,200,0.0025,0,0.0,999.0,0,-0.7490307143472894,-0.2925440666534139,-0.7743795890081955,-1.4816021302232298,1310,0.1023207436780862,0.1023207436780862,-0.00019732157667081597,-0.7538139676686731
12,120,0.0,1,0.0,999.0,1,-0.7524572421285729,-0.29497460602974335,-0.8016775491670889,-1.1849716409925244,1151,0.00770330884742898,0.0898719365533381,-0.00023970471714639441,-0.755061962662914
30,60,0.0,1,0.0,999.0,1,-0.7521624854934883,-0.29476453831321625,-0.8023281035888186,-1.2212512989741422,1036,0.009133459013196385,0.08044594682441657,-0.0002935999646217526,-0.7569911550563326
20,200,0.0,1,0.0,999.0,1,-0.753027970862924,-0.2953818876994634,-0.8081157809159327,-1.156374029180309,1274,0.008483390756029384,0.09825781707079244,-0.00019747660944433116,-0.7572584796164452
30,200,0.0,1,0.0,999.0,1,-0.7534527726529998,-0.29568549170203373,-0.8079398840056473,-1.1535430594883633,1288,0.008483390756029384,0.09903789897939283,-0.00019386334242943193,-0.7573325866792755
20,96,0.005,1,0.0,999.0,1,-0.7544391780163271,-0.296391986860693,-0.7986377689363956,-1.2399777074140628,945,0.009003445361762985,0.07459533250991354,-0.00034127178569007906,-0.7577097566995941
12,200,0.0,0,0.0,999.0,0,-0.7485926540540971,-0.29223513408264246,-0.7886898349335947,-1.4585709506602769,1399,0.10817135799258923,0.10817135799258923,-0.00017197307339704426,-0.7595085990824536
12,96,0.0025,1,0.0,999.0,1,-0.7562367870564712,-0.29768498233421437,-0.8021505974953433,-1.2346812519074295,1030,0.009328479490346486,0.08038093999869986,-0.0003015209068526455,-0.7604943436772575
20,96,0.0025,1,0.0,999.0,1,-0.7578039672524841,-0.2988180788375936,-0.8009227842861985,-1.242588450433566,1014,0.008450887343171032,0.07969836832867451,-0.00031012163116297557,-0.7614088935023712
48,60,0.005,1,0.0,999.0,1,-0.7572449337620658,-0.29841325968969357,-0.8000484351697331,-1.2632617829816564,920,0.009003445361762985,0.07225508678411233,-0.00036412598677334194,-0.7616005664236429
12,200,0.005,0,0.0,0.75,1,-0.7581561974488277,-0.29907350306104796,-0.7884519384565034,-1.3693756001591684,1166,0.014496522134824157,0.08613404407462784,-0.0002675704386380534,-0.7617682522972581
48,60,0.0025,1,0.0,999.0,1,-0.7602074643712595,-0.3005665724742995,-0.8025074644529226,-1.2630347580565482,989,0.008515894168887733,0.0775531430800234,-0.00032897012108025264,-0.7649720426035882
30,60,0.005,1,-0.2,999.0,1,-0.7631844839821007,-0.3027506011722696,-0.8110943715264711,-1.154972876079586,939,0.01556913475914971,0.09435740752779041,-0.00027462678186085176,-0.7660464307394844
20,120,0.005,1,0.0,999.0,1,-0.76153359582603,-0.3015369360147784,-0.8057722110749428,-1.2553454878207784,993,0.008288370278879282,0.07797568744718196,-0.00032762066221531073,-0.7671903159432887
20,200,0.005,1,0.0,999.0,1,-0.7601341699600338,-0.30051305855408683,-0.8123139365802328,-1.2200844664590675,1077,0.009718520444646687,0.08421634271598517,-0.00028262252035867147,-0.7676742501671566
48,120,0.005,0,0.0,0.75,1,-0.7632364843173954,-0.3027889325844342,-0.7918977403903118,-1.3823072751810686,1138,0.014171488006240655,0.08515894168887733,-0.0002835203448955034,-0.7678531665386436
30,120,0.005,1,0.0,999.0,1,-0.7598543436459052,-0.3003088636531259,-0.8115898133215154,-1.2443743831309448,1000,0.008255866866020933,0.07839823181434051,-0.0003211696173858037,-0.7683224894704308
12,120,0.005,1,0.0,999.0,1,-0.7639715740610491,-0.30333147140523486,-0.8091398864351295,-1.2665103022536064,985,0.008873431710329584,0.07771566014431515,-0.00033477368388776875,-0.7712269297354799
30,200,0.005,1,0.0,999.0,1,-0.7637373089217195,-0.30315843281233645,-0.8141528133086957,-1.2297290169388793,1090,0.009686017031788337,0.08489891438601053,-0.0002832762938120813,-0.7717212903136282
12,200,0.005,1,0.0,999.0,1,-0.7649463793378635,-0.3040528912745484,-0.8160793108910549,-1.2391857293056052,1075,0.009490996554638236,0.08411883247741013,-0.00029113880552033097,-0.7740518331853561
30,120,0.0,0,0.0,0.75,1,-0.7681419083741735,-0.3064336317306464,-0.7974737247412297,-1.37824414631217,1315,0.013196385620490152,0.09666514984073328,-0.00022567383208022123,-0.7740827014168699
30,120,0.0025,1,0.0,999.0,1,-0.7653199821684672,-0.30432997644392756,-0.8149591103405384,-1.2545293595042386,1084,0.007443281544562179,0.08473639732171878,-0.00028895456957296503,-0.7745359995894088
20,60,0.0025,1,0.0,999.0,1,-0.7649669415085751,-0.30406813276448286,-0.8121519582365881,-1.294766607971497,956,0.01014106481180524,0.07449782227133848,-0.00035935958393807797,-0.7748824422813518
20,60,0.005,1,0.0,999.0,1,-0.7654500007940158,-0.3044264832378857,-0.8124027478266644,-1.3068993339078665,891,0.010596112591822141,0.06975232399401937,-0.00040075320411230773,-0.7759728238466113
12,200,0.0,1,0.0,999.0,1,-0.7678955292425453,-0.30624920166827363,-0.8196670883223962,-1.2131407508428302,1275,0.008353377104595983,0.09832282389650913,-0.0002176037708026857,-0.7767397833716132
20,120,0.0025,1,0.0,999.0,1,-0.7699139753683719,-0.3077644807067911,-0.8121139209772513,-1.2790039789119847,1072,0.007800819086004031,0.08385880517454333,-0.00030235995563545725,-0.777771640141016
30,200,0.005,0,0.0,0.75,1,-0.7732775554379391,-0.3103118620554005,-0.8027400157155191,-1.387596799839634,1199,0.015894168887733214,0.0895469024247546,-0.00027198813549338694,-0.7810617099051418
20,200,0.005,0,-0.2,1.5,1,-0.7831206284851984,-0.3179329288041609,-0.8305076302682972,-0.9612745157633149,1935,0.026295261002405253,0.1943379054800754,-5.172217810759757e-05,-0.7812504697264753
20,200,0.0025,1,0.0,999.0,1,-0.7713323434238695,-0.3088352439806622,-0.8209352015662966,-1.2524472618045994,1180,0.008678411233179483,0.09162712084768901,-0.0002574970481166059,-0.7819252078540405
30,200,0.0025,1,0.0,999.0,1,-0.772950255424804,-0.310062744501891,-0.8209847856090332,-1.2540656221168918,1196,0.008743418058896184,0.09247220958200611,-0.0002544608852699349,-0.7832584184122522
12,120,0.0025,1,0.0,999.0,1,-0.7738984305041463,-0.3107851698573073,-0.8166948594335868,-1.2970507759314527,1064,0.008288370278879282,0.08363128128453487,-0.00031160316041714867,-0.7839851383706733
20,200,0.0,0,0.0,0.75,1,-0.7765149133682336,-0.31279054827272645,-0.809860808013853,-1.3724959917019783,1406,0.014756549437690957,0.1032958460638367,-0.00020621072595530143,-0.7863457518647519
30,60,0.0025,1,0.0,999.0,1,-0.7742715845324518,-0.31107010298058113,-0.8176108584588815,-1.3398466080213753,956,0.009848534096080089,0.07466033933563024,-0.00037653691792077315,-0.7868678626110907
30,120,0.0025,0,0.0,0.75,1,-0.7783845625184347,-0.3142343315429378,-0.801193478776352,-1.4501407324537217,1232,0.013813950464798804,0.0909120457648053,-0.00027230259366293184,-0.7873381075538
30,60,0.005,1,0.0,999.0,1,-0.7816437256359803,-0.31677311002623265,-0.8227814974857106,-1.3840845262642292,895,0.01040109211467204,0.06994734447116947,-0.0004323865614930941,-0.7973680850822994
20,200,0.0025,0,0.0,0.75,1,-0.7865579427180145,-0.32065537516106024,-0.8118807976832689,-1.4426969751615684,1314,0.015049080153416109,0.09689267373074173,-0.0002519665196420233,-0.7987306227607731
12,96,0.005,0,-0.2,1.5,1,-0.7942277603396891,-0.3268507078341556,-0.8340867468301497,-1.109749175741569,1691,0.0252226483780797,0.16596242605473574,-0.00010172724223499047,-0.7993815400363089
48,200,0.005,0,0.0,0.75,1,-0.7879490743803239,-0.3217665362791037,-0.8150774270151155,-1.4281838686351458,1222,0.016024182539166612,0.09143210037053891,-0.00028444405406758,-0.8007144432184188
12,200,0.0025,1,0.0,999.0,1,-0.7852654351673117,-0.31962784456230264,-0.8318459105924643,-1.3108547058047517,1180,0.008613404407462784,0.09162712084768901,-0.00027969733946433894,-0.8010935351487724
30,96,0.005,0,-0.2,1.5,1,-0.7975595731785854,-0.3295960278841561,-0.8388696300670311,-1.094212555886562,1758,0.024052525515179096,0.17493336800364037,-9.170432958953881e-05,-0.8037414707119998
12,60,0.005,0,-0.2,1.5,1,-0.7873787832749037,-0.321310359431461,-0.8511613593696168,-1.1492043541299972,1572,0.026295261002405253,0.15162842098420334,-0.00012109335618231105,-0.8043512568227693
12,200,0.005,0,-0.2,1.5,1,-0.7995106943579374,-0.33121945748726656,-0.8439715051668069,-1.0350490179440412,1917,0.025515179093804848,0.1912175778456738,-6.832828620596374e-05,-0.804957660967872
12,200,0.0,0,0.0,0.75,1,-0.7961317296760276,-0.32841540848697537,-0.8265506268215409,-1.484670149543155,1392,0.013943964116232204,0.10131313787947735,-0.00024292542778287782,-0.8159242293749035
48,120,0.0,0,0.0,0.75,1,-0.7971705811950791,-0.32927377088349985,-0.8250956918445816,-1.482295961519891,1349,0.013456412923356953,0.09978547747513489,-0.00025492915418143106,-0.8159364148817853
20,120,0.005,0,-0.2,1.5,1,-0.8097565324536014,-0.339944495169476,-0.8447027742771115,-1.1357804708136854,1785,0.02369498797373724,0.17769615809660014,-9.873681293569314e-05,-0.819084905848716
12,120,0.005,0,-0.2,1.5,1,-0.8099974697500789,-0.34015386588465624,-0.8482490777876581,-1.151152814091764,1747,0.024182539166612494,0.17324319053500617,-0.00010588559179683703,-0.8218360454830735
48,200,0.005,0,-0.2,1.5,1,-0.8157079128137825,-0.34517543825814745,-0.8541091832750952,-1.0397033838617349,2013,0.026912825846713905,0.2034063576675551,-6.665213075839605e-05,-0.8242151990887817
48,96,0.005,0,-0.2,1.5,1,-0.8127126403822108,-0.3425271780290029,-0.8525657395589746,-1.1190126484884526,1815,0.02310992654228694,0.18159656763960216,-9.51148506912268e-05,-0.8247606802329129
12,200,0.0025,0,0.0,0.75,1,-0.8054284456146898,-0.3362168797849404,-0.8285124962221762,-1.5583784894397885,1299,0.014334005070532407,0.09487746213352402,-0.0002926313171188414,-0.8283920523680179
48,120,0.0025,0,0.0,0.75,1,-0.8083081908252545,-0.33869008067680784,-0.8302363849393682,-1.5655364636757176,1266,0.014041474354807255,0.09386985633491517,-0.0003062354685265172,-0.8320850963302778
20,200,0.0,0,-0.2,1.5,1,-0.8229761604597057,-0.35173848602900626,-0.8559147504471194,-1.0672262653190512,2260,0.02281739582656179,0.2274588831827342,-4.762645959569447e-05,-0.8330571745185185
12,60,0.0,0,-0.2,1.5,1,-0.819261572580293,-0.3483595788992625,-0.8467489641278527,-1.2297444532502166,1843,0.024572580120912697,0.17733862055515828,-0.00010578059930708328,-0.8332212836256997
12,96,0.0,0,-0.2,1.5,1,-0.8237549732515531,-0.3524536471820594,-0.8449349510457854,-1.1835076942691276,1967,0.02249236169797829,0.19287525190144966,-8.787609509970382e-05,-0.8340965074184086
30,200,0.0,0,0.0,0.75,1,-0.8102495764315936,-0.3403731558143861,-0.8369034659104775,-1.5071703602160829,1430,0.01556913475914971,0.10553858155106287,-0.00024702455876790866,-0.834183406780429
20,200,0.0025,0,-0.2,1.5,1,-0.8262396136397658,-0.354751172334947,-0.8550083913436634,-1.099764786308097,2113,0.02336995384515374,0.21338490541506858,-6.582579385815638e-05,-0.8372436073221836
30,200,0.005,0,-0.2,1.5,1,-0.8234700408089148,-0.3521917276903246,-0.8624334572511078,-1.0982719776290162,1969,0.026945329259572257,0.19778326724306053,-8.083581013734269e-05,-0.8383220551973294
48,120,0.005,0,-0.2,1.5,1,-0.8239986759365725,-0.3526779188706646,-0.8618825104769938,-1.1433756570927258,1870,0.024247545992329193,0.18773971266983033,-9.669281619314745e-05,-0.8407879569637978
12,60,0.005,0,0.0,1.5,1,-0.8192437581603065,-0.34834350030442185,-0.835759984985561,-1.5052561372749227,1428,0.016641747383475264,0.10914646037833972,-0.000251158355101256,-0.8414862996609485
30,96,0.0,0,-0.2,1.5,1,-0.8293810754428896,-0.3576915797087358,-0.8518659508721347,-1.1785353889247745,2039,0.02054215692647728,0.2034063576675551,-8.12850785235113e-05,-0.8425513245910419
30,200,0.0025,0,0.0,0.75,1,-0.8161968085512152,-0.3456107513751788,-0.8379305817795986,-1.5639469793208294,1335,0.01566664499772476,0.09874536826366768,-0.0002914113414609836,-0.8427733912310196
48,200,0.0,0,0.0,0.75,1,-0.8186059175203533,-0.34776859155277084,-0.8441197906873255,-1.5223176599268227,1460,0.016024182539166612,0.10846388870831437,-0.00024791013637261454,-0.8459443698927747
20,96,0.005,0,-0.2,1.5,1,-0.8265482109031737,-0.3550382456100869,-0.8626663723373227,-1.2364112173460315,1724,0.024930117662354548,0.170350386790613,-0.00012791937566849338,-0.8481919926460498
12,60,0.0025,0,-0.2,1.5,1,-0.8256205887819535,-0.3541764734427364,-0.8611805699996702,-1.28522114925132,1706,0.0255476825066632,0.16479230319183513,-0.00013572720846404863,-0.8490278159051374
12,96,0.0025,0,-0.2,1.5,1,-0.8337309010727285,-0.36183077419887466,-0.8491817636751391,-1.2529629769912796,1832,0.023825001625170643,0.18029643112526816,-0.0001178813679024017,-0.8490698048860081
20,120,0.0,0,-0.2,1.5,1,-0.8356524100982068,-0.3636851237150962,-0.8579035799984328,-1.2001306789122714,2070,0.02011961255931873,0.20642917506338165,-8.320023112823271e-05,-0.8526434476599262
12,200,0.0,0,-0.2,1.5,1,-0.8359528376296492,-0.3639765181058231,-0.8665637850076605,-1.1376034609169128,2243,0.022232334395111488,0.22355847363973216,-6.151183336830172e-05,-0.8541385836554991
48,200,0.0025,0,0.0,0.75,1,-0.8256014605108218,-0.3541587392489107,-0.8462565027803658,-1.585376118303636,1367,0.015861665474874862,0.1013456412923357,-0.00029408872795866884,-0.8565557965542754
30,96,0.0025,0,-0.2,1.5,1,-0.8386829147111102,-0.36664301681050615,-0.8565088975225564,-1.2441226589233758,1908,0.021874796853669637,0.1910225573685237,-0.00010835541688195313,-0.8571035985179533
12,120,0.0,0,-0.2,1.5,1,-0.8385263099744735,-0.36648914819255307,-0.8611040293881861,-1.2279622689906646,2033,0.02125723200936098,0.20126113241890398,-9.187120889925354e-05,-0.8584392763361793
30,96,0.005,0,0.0,1.5,1,-0.8358617080162807,-0.3638880863030206,-0.848143764732064,-1.4791346617467687,1593,0.015114086979132808,0.12549567704608983,-0.00021657153449643768,-0.861916701756391
12,200,0.0025,0,-0.2,1.5,1,-0.8418277499322473,-0.36975687810252045,-0.8681015741732333,-1.1849125708667083,2095,0.02294740947799519,0.20958200611064162,-8.379507169561478e-05,-0.8630532937324724
20,120,0.0025,0,-0.2,1.5,1,-0.8439022214956365,-0.37183641385224864,-0.8616830172504963,-1.2622929742746172,1937,0.021549762725086134,0.1938828577000585,-0.0001094768364849824,-0.8657925711912277
12,96,0.005,0,0.0,1.5,1,-0.8386086690316763,-0.3665700543607372,-0.8503219858722261,-1.5251351374612159,1533,0.015894168887733214,0.11912500812585322,-0.00024251714526220204,-0.867987804169911
48,96,0.0,0,-0.2,1.5,1,-0.8446230974355964,-0.3725638998504627,-0.8715871213735761,-1.2098613806009844,2111,0.019827081843593577,0.21166222453357603,-8.503023946390318e-05,-0.8688505295673
20,60,0.005,0,-0.2,1.5,1,-0.8392865122002576,-0.367237118177719,-0.8697462593998799,-1.3414701123482102,1600,0.02766040434245596,0.15559383735292207,-0.00017125313403332907,-0.8691837534950695
12,120,0.0025,0,-0.2,1.5,1,-0.8464944527630788,-0.3744642964127649,-0.8638244017969992,-1.2907211228146978,1895,0.022427354872261586,0.18845478775271404,-0.00011989350150375242,-0.8709125534519994
48,60,0.005,0,-0.2,1.5,1,-0.8445908415083848,-0.37253129413645414,-0.8693842210614255,-1.324951876525286,1704,0.024280049405187545,0.169050250276279,-0.00015193457163433183,-0.8734709984934312
20,96,0.0,0,-0.2,1.5,1,-0.8478615549431979,-0.3758636221662206,-0.8665489529635156,-1.2873001052502189,1995,0.021614769550802833,0.19752323994019372,-0.0001071569013348113,-0.8735031039104894
30,120,0.005,0,-0.2,1.5,1,-0.844242041418437,-0.3721790352560471,-0.8775482299508124,-1.265653358686656,1822,0.02362998114802054,0.18159656763960216,-0.00012764238178777687,-0.8742358181657861
48,200,0.0,0,-0.2,1.5,1,-0.8520830915827109,-0.3802450274263435,-0.8777305626319606,-1.1488493419924715,2372,0.02379249821231229,0.23987518689462395,-5.9540074887724124e-05,-0.8765527758419472
12,120,0.005,0,0.0,1.5,1,-0.8453365142169014,-0.3732863536749572,-0.856976506254762,-1.5393807491778309,1588,0.015081583566274459,0.12461808489891439,-0.00023457059756560434,-0.8787436442612298
48,96,0.0025,0,-0.2,1.5,1,-0.8543753972546608,-0.38266353811445186,-0.8775990210406674,-1.280189665907147,1980,0.020964701293635833,0.19927842423454462,-0.00011262861339549951,-0.885472531930143
20,96,0.0025,0,-0.2,1.5,1,-0.8554555521098759,-0.38381306501197743,-0.8697863750335703,-1.3518827406078668,1863,0.02304491971657024,0.18510693622830396,-0.00013608719405561607,-0.8863003895591558
48,200,0.0025,0,-0.2,1.5,1,-0.8580276483828082,-0.3865765081603153,-0.879998898646718,-1.1969786841109655,2218,0.024020022102320744,0.22502112721835793,-8.149321133661372e-05,-0.8864248916892226
20,96,0.005,0,0.0,1.5,1,-0.8514276872289024,-0.37955870778550904,-0.8622106367391378,-1.588570013650906,1559,0.01576415523629981,0.12237534941168823,-0.00025399860323320874,-0.8900925268376232
20,60,0.0,0,-0.2,1.5,1,-0.8555802634807771,-0.38394620010777036,-0.8751676839758679,-1.372350386085315,1862,0.02486511083663785,0.18127153351101866,-0.00014013771983514497,-0.8901475613999701
48,120,0.0,0,-0.2,1.5,1,-0.8584097217889991,-0.3869901999719323,-0.8839767566727553,-1.2547262346649253,2183,0.02063966716505233,0.2194955470324384,-8.926969987119393e-05,-0.8917148900415561
20,120,0.005,0,0.0,1.5,1,-0.854205776885157,-0.3824836052100038,-0.8651210778358869,-1.574920373805712,1620,0.014691542611974258,0.1275433920561659,-0.00023931106500280782,-0.8937901628182329
12,60,0.0,0,0.0,1.5,1,-0.8524602834504258,-0.38064104547579747,-0.8705660152672877,-1.629207159051764,1693,0.01553663134629136,0.1281284534876162,-0.0002288902611457697,-0.8973844110620296
20,60,0.0025,0,-0.2,1.5,1,-0.8613021695500478,-0.3901494724957424,-0.8768761605810457,-1.4317850618827097,1729,0.02623025417668855,0.16892023662484562,-0.00017223516902619099,-0.9001768058804006
12,60,0.0025,0,0.0,1.5,1,-0.8548796561846917,-0.38319938432529355,-0.8667486581348682,-1.678360816852002,1562,0.016154196190600014,0.11886498082298641,-0.00027066661397167426,-0.9004917542353278
30,60,0.005,0,-0.2,1.5,1,-0.8599970635432229,-0.3887179164264274,-0.8807981477753686,-1.4393978371813654,1645,0.026750308782422155,0.16059936293310798,-0.00018850800409223484,-0.9010868821731799
48,60,0.0,0,-0.2,1.5,1,-0.8646163715159668,-0.39383071762634914,-0.8790049193846394,-1.3771359877484894,1976,0.021224728596502634,0.19654813755444323,-0.00012849327866044065,-0.9021899767060934
30,200,0.0,0,-0.2,1.5,1,-0.8658899910180207,-0.3952633657944664,-0.8894942057105852,-1.2486285097403642,2309,0.023499967496587143,0.23210687122147824,-8.114019148374039e-05,-0.9024418941367772
30,120,0.0,0,-0.2,1.5,1,-0.8658798144763744,-0.3952518782321155,-0.88930165201369,-1.3261453255475841,2115,0.019859585256451928,0.21162972112071768,-0.0001075797984355526,-0.9062099705163398
30,200,0.0025,0,-0.2,1.5,1,-0.8693190404244155,-0.39917194380341237,-0.8912656141218948,-1.2883389044384774,2161,0.023922511863745693,0.21770785932522915,-0.00010243717673103302,-0.9092216960862836
48,120,0.0025,0,-0.2,1.5,1,-0.8689257305191997,-0.39871975651210734,-0.8901726826137593,-1.3335302387140477,2049,0.021549762725086134,0.20681921601768186,-0.0001184168419065976,-0.9104826097546893
20,200,0.005,0,0.0,1.5,1,-0.8655713777957721,-0.3949040159700701,-0.8788343159418663,-1.55422833463079,1769,0.016836767860625365,0.13969966846518883,-0.0002158457941963436,-0.9120325906725427
48,96,0.005,0,0.0,1.5,1,-0.8654750790824802,-0.39479553055362404,-0.8774413835581334,-1.602127799225396,1652,0.014203991419099005,0.13056620945199246,-0.0002477196201149667,-0.9136226122939606
48,60,0.0025,0,-0.2,1.5,1,-0.872252976841248,-0.40257768119069837,-0.8827438867873737,-1.4478640477170326,1845,0.02249236169797829,0.18435935773256193,-0.00015991627472342393,-0.9163428269702368
30,60,0.0,0,-0.2,1.5,1,-0.8731358683216961,-0.4036140183194584,-0.8877215449418215,-1.459517149860442,1908,0.023499967496587143,0.18686212052265488,-0.00015377374286418806,-0.9204506482833914
30,96,0.0,0,0.0,1.5,1,-0.8685946655814081,-0.39833991987009865,-0.8836713185249258,-1.6138184812886358,1871,0.012903854904765,0.14629786127543393,-0.0002015966908998326,-0.9208665031969934
20,60,0.005,0,0.0,1.5,1,-0.8670201911433277,-0.3965432534010288,-0.8766714817373663,-1.746721174735296,1454,0.01758434635636742,0.11151920951699928,-0.00032902844823999155,-0.9222150530064768
30,120,0.0025,0,-0.2,1.5,1,-0.8747689235243057,-0.40554523315450364,-0.8948795712598313,-1.401341863032964,1983,0.020964701293635833,0.19895339010596114,-0.00013748670206203286,-0.9230521119360674
30,96,0.0025,0,0.0,1.5,1,-0.8709975407923842,-0.4011132580350798,-0.8806504712653089,-1.6596585489883369,1743,0.013748943639082103,0.13706689202366248,-0.00023602730159458216,-0.9244214211171511
48,60,0.005,0,0.0,1.5,1,-0.8699920650976255,-0.3999480906407247,-0.8794276656603097,-1.7136237686519793,1543,0.01537411428199961,0.12094519924592083,-0.00029514448250257533,-0.9253431119034785
48,120,0.005,0,0.0,1.5,1,-0.8726843252921923,-0.40308332445512063,-0.8839546333761369,-1.6154119074243825,1705,0.014854059676266008,0.13498667360072808,-0.00024486009625764385,-0.9258312365144082
12,200,0.005,0,0.0,1.5,1,-0.8731314646026794,-0.40360883584156637,-0.8856485127585693,-1.6273979480197465,1753,0.016316713254891764,0.13742442956510434,-0.00023608903510263362,-0.9278029896218383
12,96,0.0,0,0.0,1.5,1,-0.8712872566932119,-0.40145025026459524,-0.8864931441768401,-1.6659241543547458,1807,0.014203991419099005,0.1389520899694468,-0.00022605719213307108,-0.9279930300707526
30,60,0.0025,0,-0.2,1.5,1,-0.8784130303439232,-0.40992373107160807,-0.8894667136440401,-1.5210655458632742,1776,0.024832607423779497,0.17454332704934017,-0.0001860590167037338,-0.9307103651867918
12,96,0.0025,0,0.0,1.5,1,-0.8753207623738761,-0.40620209265539886,-0.8843696214730035,-1.726114107756366,1676,0.015081583566274459,0.12962361047910032,-0.0002681153528641319,-0.9346926087797189
48,200,0.005,0,0.0,1.5,1,-0.8788528473610545,-0.410458809899764,-0.8911378844507651,-1.5831188538413816,1841,0.017551842943509068,0.14594032373399207,-0.00021898463227424463,-0.9351836948172156
12,120,0.0,0,0.0,1.5,1,-0.8782633876854894,-0.40974200752196654,-0.8929557019891061,-1.6898966792520234,1871,0.013261392446206851,0.14522524865110836,-0.00022057001421959776,-0.9407146924791208
20,96,0.0,0,0.0,1.5,1,-0.8789490306057091,-0.41057601987692705,-0.8928376863601277,-1.7078485044001959,1829,0.013651433400507054,0.14223493466814016,-0.0002318316391289576,-0.9423872882770007
12,120,0.0025,0,0.0,1.5,1,-0.8811797355299458,-0.4133141778139674,-0.8901221625376207,-1.742599457630436,1737,0.014041474354807255,0.13573425209647014,-0.0002591648732692095,-0.9455052319642996
30,200,0.005,0,0.0,1.5,1,-0.8834076453283881,-0.41608764348545035,-0.8954730314029268,-1.6490364541793396,1800,0.017356822466358966,0.14216992784242347,-0.000239854612498617,-0.9462759818958808
20,120,0.0,0,0.0,1.5,1,-0.8818101123609156,-0.4140949344804349,-0.8953750697954879,-1.6970363146558998,1900,0.0125138139504648,0.14837807969836833,-0.00021842472398091143,-0.9466342851109738
30,120,0.005,0,0.0,1.5,1,-0.882582691030503,-0.4150560850671998,-0.8930272336495045,-1.726192357448486,1659,0.014561528960540858,0.13046869921341742,-0.00028110028358620866,-0.9478793197643764
20,96,0.0025,0,0.0,1.5,1,-0.8820855879317206,-0.4144371066847091,-0.890643475522932,-1.7628976442017057,1700,0.014561528960540858,0.13306897224208541,-0.0002713047688983152,-0.9479037266562604
30,60,0.005,0,0.0,1.5,1,-0.8815003218723414,-0.4137108527012311,-0.8901006863843911,-1.8346001658020252,1491,0.016966781512058767,0.11512708834427615,-0.000345158473510075,-0.950491204183528
20,120,0.0025,0,0.0,1.5,1,-0.8850249333250013,-0.4181259544499284,-0.893632870099007,-1.7518169962261854,1771,0.013456412923356953,0.13911460703373854,-0.00025576240368967005,-0.9525332393107412
12,60,0.005,0,0.0,999.0,1,-0.896369684921267,-0.433063639344479,-0.9063599316333915,-1.6399192583299378,1696,0.02362998114802054,0.13453162582071118,-0.00028877850181555716,-0.9682395680776716
20,60,0.0,0,0.0,1.5,1,-0.8903981393122843,-0.4250561577992791,-0.902973193611744,-1.8539394227237187,1714,0.015894168887733214,0.13037118897484234,-0.0002944180103181272,-0.969239725741337
48,96,0.0,0,0.0,1.5,1,-0.894030715308012,-0.42988701929422335,-0.9069404187041249,-1.7407283301317582,1946,0.011896249106156146,0.15263602678281218,-0.0002286578663117092,-0.9703936451528737
20,200,0.0025,0,0.0,1.5,1,-0.895534389579496,-0.4319230887861125,-0.9058411301134889,-1.7326802566638726,1953,0.014984073327699408,0.15351361892998766,-0.00022881239364218203,-0.9714776666760506
20,60,0.0025,0,0.0,1.5,1,-0.8920811712168956,-0.42727921087550047,-0.8999136082320265,-1.9038227817370426,1584,0.016739257622050314,0.12127023337450432,-0.0003395527042618114,-0.9724271540783659
12,60,0.005,0,-0.2,999.0,1,-0.903478338025117,-0.4430602336994012,-0.9155815612744085,-1.4342882303381208,1833,0.03578625755704349,0.18790222973412207,-0.00019531419367765926,-0.9725654258535115
48,96,0.0025,0,0.0,1.5,1,-0.8952343028471985,-0.43151500585244196,-0.9045534551810857,-1.7803618689706997,1819,0.01280634466618995,0.14347006435675747,-0.00026148695184613664,-0.9728098268915197
20,200,0.0,0,0.0,1.5,1,-0.8964271290215509,-0.43314232908482864,-0.910714656912227,-1.7113696635603708,2098,0.014756549437690957,0.16407722810895145,-0.00020031143440781086,-0.9740681407189606
48,60,0.0,0,0.0,1.5,1,-0.8948030501906162,-0.43093008430722834,-0.9059581976155112,-1.8317202585053765,1810,0.013358902684781902,0.1410973152180979,-0.0002682023090282331,-0.9754951960402527
48,60,0.0025,0,0.0,1.5,1,-0.8961711110866819,-0.4327918748240489,-0.9037067120743374,-1.8770347127708114,1683,0.014203991419099005,0.13199635961775988,-0.00030690995226001743,-0.9784969664997581
48,120,0.0,0,0.0,1.5,1,-0.9013683893761869,-0.4400370663877401,-0.913469758897604,-1.7651512019745357,2014,0.012351296886173048,0.1582916206201651,-0.0002268128894472464,-0.9850295059352688
12,96,0.005,0,-0.2,999.0,1,-0.9127900954210474,-0.4570268125601451,-0.9223847322952965,-1.436559994822038,1968,0.03380354937268413,0.2058766170447897,-0.00018014315726907977,-0.9900471784488952
12,200,0.0,0,0.0,1.5,1,-0.9034313168724676,-0.4429923239146878,-0.9167526406951659,-1.793655588380807,2078,0.014301501657674055,0.16121692777741664,-0.00022092735920700734,-0.9910514236813112
48,120,0.0025,0,0.0,1.5,1,-0.9041302616878523,-0.44400433272558226,-0.9126168953186662,-1.818298475377151,1888,0.013066371969056752,0.14893063771696027,-0.0002622141394552804,-0.9912277041537729
12,200,0.0025,0,0.0,1.5,1,-0.9036904445351458,-0.4433668748260774,-0.9131924959291384,-1.8262874634397819,1933,0.014724046024832608,0.15071832542416955,-0.0002537372973182795,-0.9912774959626357
48,200,0.0025,0,0.0,1.5,1,-0.9058562497969852,-0.446527316253171,-0.9154029823269307,-1.7504943078664859,2048,0.015796658649158163,0.16180198920886693,-0.00022568829745931874,-0.9917535228099607
30,96,0.005,0,-0.2,999.0,1,-0.9142134339595822,-0.459258995808264,-0.9249258264635434,-1.4158325915059549,2044,0.032145875316908275,0.2177403627380875,-0.00016548275139798265,-0.9925135386153334
48,200,0.0,0,0.0,1.5,1,-0.9061373155119921,-0.44694144375695366,-0.9186988821894816,-1.725661057989435,2191,0.01573165182344146,0.17278814275498927,-0.00019739167765094902,-0.9925739377511662
12,60,0.0,0,-0.2,999.0,1,-0.9133740333287201,-0.4579392583118924,-0.924551443495019,-1.4523734742633556,2140,0.03321848794123383,0.21829292075667944,-0.00015866146664730426,-0.9928336537725697
30,60,0.0,0,0.0,1.5,1,-0.9029682114842642,-0.4423248097931084,-0.914101051763643,-1.9423805339020477,1753,0.014951569914841058,0.13436910875641941,-0.0003095738151671329,-0.9964943623700323
12,120,0.005,0,-0.2,999.0,1,-0.9169830744287448,-0.4636833753748951,-0.9280768460464192,-1.4458377087165413,2038,0.03217837872976662,0.21517259312227785,-0.00017329611108308788,-1.0000136838339317
30,60,0.0025,0,0.0,1.5,1,-0.904654896048306,-0.4447675958650863,-0.9115747684174145,-1.9945875140329552,1624,0.01576415523629981,0.12530065656893974,-0.00035467502313360824,-1.0002843557754413
30,120,0.0,0,0.0,1.5,1,-0.907109684307996,-0.448381360647807,-0.9184260428871884,-1.8601006740183468,1950,0.012058766170447897,0.15253851654423714,-0.0002567140177196575,-1.0005994157923186
48,96,0.005,0,-0.2,999.0,1,-0.9178714550112753,-0.4651259491529871,-0.93163480488462,-1.4176659265100557,2108,0.03146330364688292,0.22550867841123318,-0.00016009183500663158,-1.0018266479208
12,60,0.0025,0,-0.2,999.0,1,-0.9173325308982782,-0.4642494439123085,-0.9246159687465261,-1.513504796392469,1980,0.034551127868426186,0.20324384060326334,-0.00019216020754878185,-1.002232668105195
12,60,0.0,0,0.0,999.0,1,-0.9121739219472575,-0.45606894920782215,-0.9237047745805558,-1.70677253733056,1999,0.021744783202236235,0.15676396021582267,-0.00024774819564058116,-1.003259963364628
30,120,0.0025,0,0.0,1.5,1,-0.908220490558344,-0.4500401745113062,-0.9163844913034425,-1.9022949835396943,1822,0.01280634466618995,0.14308002340245726,-0.0002922095155258056,-1.0033471693400122
12,96,0.0,0,-0.2,999.0,1,-0.9198061725172011,-0.46830854085317464,-0.9292990489168883,-1.4391222522641731,2281,0.029968146655398816,0.23772996164597282,-0.00014357029119305422,-1.0049141779248274
12,60,0.0025,0,0.0,999.0,1,-0.9135709990933928,-0.45824807162045,-0.921415430276442,-1.752648800524576,1847,0.02278489241370344,0.14590782032113372,-0.0002883175328740787,-1.0065882267848998
20,200,0.005,0,-0.2,999.0,1,-0.921476602931184,-0.4711030219733082,-0.9352416905002449,-1.389978063701735,2242,0.034356107391276085,0.24062276539036598,-0.00014421788581278584,-1.0082227704085174
30,96,0.0,0,-0.2,999.0,1,-0.9222663594776825,-0.47243975280381434,-0.9312034619365448,-1.4273953782272328,2366,0.027530390691022557,0.25167392576220504,-0.0001326617939017549,-1.0094112526834484
30,200,0.0025,0,0.0,1.5,1,-0.9130674650614513,-0.4574596500006415,-0.9220635488906708,-1.8562809859414573,1992,0.01540661769485796,0.1566664499772476,-0.0002570744334982126,-1.0113054737430498
30,200,0.0,0,0.0,1.5,1,-0.9134888581568068,-0.4581192226641918,-0.9246904265249238,-1.830644101900484,2138,0.01527660404342456,0.16752258987193655,-0.00022610026371907186,-1.0119966410216779
12,120,0.0,0,-0.2,999.0,1,-0.9240068341449407,-0.47542199724865164,-0.9339151596041245,-1.4505089932235544,2364,0.02792043164532276,0.2483585776506533,-0.00013793029780567034,-1.0149050267118918
20,120,0.005,0,-0.2,999.0,1,-0.9239280610827906,-0.4752859218776795,-0.9331644372682175,-1.488166407379391,2080,0.031593317298316326,0.22095820061106416,-0.0001777297581123853,-1.0162764608807577
12,96,0.005,0,0.0,999.0,1,-0.9188489892046913,-0.4667268743521733,-0.9251490739885595,-1.752480799530996,1826,0.022167327569394785,0.14737047389975946,-0.00029926060188633697,-1.0169254513230028
48,120,0.005,0,-0.2,999.0,1,-0.9247095203136572,-0.4766405452681406,-0.9376498758522689,-1.4440343911677946,2164,0.03305597087694208,0.23269193265292856,-0.00016185149437448362,-1.0176672027526648
12,96,0.0025,0,-0.2,999.0,1,-0.9253623597135958,-0.47778031646237984,-0.9308497006365395,-1.513817595152841,2123,0.031593317298316326,0.22258337125398167,-0.00017670777383518662,-1.0188960465382917
48,96,0.0,0,-0.2,999.0,1,-0.9264552090795699,-0.4797051271864834,-0.9366028395559263,-1.4341085703451422,2447,0.027107846323864006,0.261327439381135,-0.00012830249775748603,-1.0197119754817037
30,96,0.0025,0,-0.2,999.0,1,-0.9270658872849104,-0.4807900557351392,-0.9325919478581971,-1.4947812163102274,2208,0.029090554508223364,0.23646232854449717,-0.00016207280765837464,-1.0218250904797492
20,96,0.005,0,-0.2,999.0,1,-0.9260977332601266,-0.4790731673136164,-0.9347337419607301,-1.534231451917708,2007,0.03286095039979198,0.2118897484235845,-0.00019673470549686595,-1.0231516108898668
12,200,0.005,0,-0.2,999.0,1,-0.9272704072259534,-0.4811549271806679,-0.9402705685566697,-1.4561446571391907,2221,0.033511018656958984,0.23652733537021386,-0.00015957609607031276,-1.0240974443159623
30,96,0.005,0,0.0,999.0,1,-0.922194281620109,-0.4723173337634188,-0.9281960734541725,-1.7540601464127972,1901,0.02073717740362738,0.1556263407657804,-0.00028287851171576516,-1.024118377811145
12,120,0.0025,0,-0.2,999.0,1,-0.9284712482552449,-0.48331293240865814,-0.9342533906898675,-1.5167649930646128,2201,0.029448092049665215,0.232919456542937,-0.0001681830574226857,-1.0262778774068224
12,120,0.005,0,0.0,999.0,1,-0.9237231298407671,-0.4749324106016689,-0.930345583607076,-1.7756429040440425,1894,0.02080218422934408,0.1543262042514464,-0.000290493884960665,-1.028887347607409
20,120,0.0,0,-0.2,999.0,1,-0.929644874239335,-0.4854484347859349,-0.9383696605842271,-1.4851822764619922,2408,0.026815315608138855,0.25505428069947345,-0.00014063691440367076,-1.0288923789011482
20,200,0.0,0,-0.2,999.0,1,-0.9313657464583736,-0.48862851103067595,-0.941494123095291,-1.4227029513622136,2616,0.029740622765390367,0.28008190860040305,-0.00011548561072191124,-1.0305107201464323
20,96,0.0,0,-0.2,999.0,1,-0.9301225207581602,-0.4863251990863354,-0.9381563937037101,-1.5160013808887016,2319,0.028310472599622962,0.2443931612819346,-0.0001548259854620398,-1.0312034649826256
48,200,0.005,0,-0.2,999.0,1,-0.9319267765084146,-0.4896781782227323,-0.9417534976883635,-1.4164805712961546,2331,0.035201196125593186,0.25186894623935513,-0.00014726678212314737,-1.0313789556317217
48,60,0.005,0,-0.2,999.0,1,-0.9298658974624829,-0.4858535868313968,-0.9366490290413118,-1.5683352912677018,1982,0.03263342650978353,0.21094714945069232,-0.0002075500326778911,-1.0325948659154378
48,96,0.0025,0,-0.2,999.0,1,-0.9314783113811294,-0.48883859879532243,-0.9390983337681897,-1.504483307320238,2288,0.02834297601248131,0.24605083533771047,-0.00015731188082366185,-1.0336119310454293
20,200,0.0025,0,-0.2,999.0,1,-0.9331753916658863,-0.4920377822481393,-0.9411572400812297,-1.4636411980583295,2436,0.030163167132548917,0.2628225963726191,-0.00013866394618713198,-1.0357984621916707
20,96,0.005,0,0.0,999.0,1,-0.9267509114631409,-0.4802296241112318,-0.9329874567893353,-1.8185610285912277,1860,0.021354742247936032,0.15162842098420334,-0.00030855925758027625,-1.037651403935461
20,120,0.0025,0,-0.2,999.0,1,-0.9335203062180888,-0.49269541491716884,-0.9387196839086797,-1.5486155385895453,2247,0.02853799648963141,0.23974517324319053,-0.0001694610409685606,-1.039486033800986
20,60,0.005,0,-0.2,999.0,1,-0.931832567084832,-0.48950146382322324,-0.9409189696818487,-1.6310018504453365,1871,0.03663134629136059,0.1938178508743418,-0.00024219999901158387,-1.0415110411864144
48,60,0.0,0,-0.2,999.0,1,-0.9342660427441017,-0.49412606801404513,-0.94125223598744,-1.553890897841568,2296,0.02853799648963141,0.24397061691477606,-0.0001646774681568813,-1.0424467308998435
48,120,0.0,0,-0.2,999.0,1,-0.935449402028322,-0.4964214538310264,-0.9447311724164987,-1.4868504701801313,2530,0.02827796918676461,0.27075342911005656,-0.00013317468891429758,-1.0431295635482822
20,96,0.0025,0,-0.2,999.0,1,-0.9344069318820574,-0.4943977208019601,-0.9392293180877824,-1.5853981839842148,2161,0.030065656893973867,0.22924657088994344,-0.0001865315804090247,-1.0432822890450622
30,200,0.005,0,-0.2,999.0,1,-0.9357855936565677,-0.49707932120745846,-0.9469129495477563,-1.4875849226722058,2279,0.03494116882272639,0.2448482090619515,-0.00016449316225222694,-1.044915042114947
20,60,0.0,0,-0.2,999.0,1,-0.9342946353725424,-0.4941811630354168,-0.9420306141482601,-1.598592084898122,2170,0.032990964051225376,0.22417603848404083,-0.00019051790613070302,-1.0451260743544528
30,120,0.005,0,-0.2,999.0,1,-0.9350876469750753,-0.49571642606807387,-0.9459611045771716,-1.5662480187918104,2117,0.031820841188324775,0.22567119547552494,-0.00019291874743779347,-1.0470093792962503
12,200,0.0,0,-0.2,999.0,1,-0.9372176246297548,-0.49991082457699065,-0.9467061465795557,-1.4946653119792557,2596,0.028928037443931614,0.2748488591302087,-0.0001301642251505316,-1.0479971634657312
12,96,0.0,0,0.0,999.0,1,-0.9318852668009516,-0.48960029333668253,-0.9399322164843514,-1.8227360941803543,2140,0.019502047715010077,0.17064291750633817,-0.00025916674698807753,-1.050703206287876
20,60,0.005,0,0.0,999.0,1,-0.9315200072285373,-0.48891648433122303,-0.9383174250358737,-1.919950799713425,1739,0.024052525515179096,0.13839953195085483,-0.0003705056938696764,-1.054072736834831
48,96,0.005,0,0.0,999.0,1,-0.9331943956636001,-0.49207394997299636,-0.9406574611007985,-1.834294291385406,1966,0.020087109146460377,0.16154196190600012,-0.0002950582141230369,-1.0541173950926659
12,200,0.0025,0,-0.2,999.0,1,-0.9394075010954891,-0.5043359167199196,-0.9466796856647531,-1.5425380614340365,2416,0.029708119352532016,0.2579470844438666,-0.00015568513397459216,-1.0548026626239981
48,60,0.0025,0,-0.2,999.0,1,-0.93855359883611,-0.5025963931961925,-0.9430711231091228,-1.6261004163913755,2138,0.029968146655398816,0.22888903334850158,-0.00019761314345013672,-1.0554369755703226
20,60,0.0025,0,-0.2,999.0,1,-0.9377452298642267,-0.5009662470061906,-0.9434338920560963,-1.6648702925265226,2014,0.034681141519859585,0.20928947539491646,-0.00022598787102521208,-1.055926707660565
30,96,0.0,0,0.0,999.0,1,-0.9345810452056987,-0.49473403916273395,-0.9420868202316919,-1.820216749308849,2222,0.01751933953065072,0.18029643112526816,-0.00024380532809221942,-1.0567882867440224
48,120,0.005,0,0.0,999.0,1,-0.9346167115515854,-0.49480301528254267,-0.9425100894379564,-1.8153970822204477,2023,0.02109471494506923,0.1669050250276279,-0.0002826270060224112,-1.0568279141125434
48,60,0.005,0,0.0,999.0,1,-0.9335378282819742,-0.49272889163558864,-0.9390510439703394,-1.895266948944941,1845,0.02125723200936098,0.1504257947084444,-0.0003337453063114569,-1.0570177610680054
20,120,0.005,0,0.0,999.0,1,-0.934135870612641,-0.49387546669040316,-0.9395157484447397,-1.870408889469767,1935,0.02005460573360203,0.15806409673015667,-0.00030880875487647143,-1.0571537853862614
30,120,0.0,0,-0.2,999.0,1,-0.9398397706197036,-0.5052235278772749,-0.9480124084931755,-1.558782984288614,2452,0.026945329259572257,0.26122992914256,-0.00015287369200527525,-1.0571688813382933
12,96,0.0025,0,0.0,999.0,1,-0.9341568276805132,-0.49391578716999684,-0.9389355350282854,-1.8813276251031597,1988,0.02073717740362738,0.15965676396021583,-0.00030087165461696586,-1.0574499359392977
48,120,0.0025,0,-0.2,999.0,1,-0.940232505527831,-0.50603411451743,-0.9471527372738546,-1.5603222941045893,2363,0.029090554508223364,0.25498927387375675,-0.00016301292115020473,-1.0576265978595867
48,200,0.0,0,-0.2,999.0,1,-0.9420598228812743,-0.5098590059763638,-0.9500801553140173,-1.460280083575276,2742,0.03055320808684912,0.29552102970811933,-0.00011823186622221824,-1.0579130878121363
30,60,0.005,0,-0.2,999.0,1,-0.9384255649124964,-0.5023371343684727,-0.9448834606441234,-1.6849132325782232,1917,0.035103685887018135,0.200611064161737,-0.00024600974854375096,-1.0590245263194455
30,60,0.0,0,-0.2,999.0,1,-0.9394711012873255,-0.5044662132596471,-0.946430160015084,-1.637411297086846,2218,0.03081323538971592,0.2318793473314698,-0.0001916329162118402,-1.0595518581215315
30,96,0.0025,0,0.0,999.0,1,-0.9357921533078409,-0.49709218293588775,-0.9405966654368549,-1.866047283665925,2070,0.018721965806409672,0.16921276734057075,-0.00027937160756192123,-1.0606928798376114
12,120,0.0,0,0.0,999.0,1,-0.9368922805125058,-0.49926331565799276,-0.9450510614944367,-1.855523673765799,2219,0.01784437365923422,0.17854124683091724,-0.0002533955509839347,-1.064565030093501
20,96,0.0,0,0.0,999.0,1,-0.9370495432912778,-0.49957599116299967,-0.9442720977837006,-1.8691298731347608,2172,0.01813690437495937,0.17519339530650718,-0.00026355906491791795,-1.0651685337115882
48,200,0.0025,0,-0.2,999.0,1,-0.9443599904859794,-0.5148044126515693,-0.950067286114413,-1.5082798147534113,2557,0.03071572515114087,0.2772216082688682,-0.00014274374482153206,-1.0652520464464463
48,200,0.005,0,0.0,999.0,1,-0.939318807077966,-0.5041543819990071,-0.945613941068203,-1.7752670566681787,2184,0.02330494701943704,0.18049145160241825,-0.0002560313789961584,-1.0657247053665175
12,120,0.0025,0,0.0,999.0,1,-0.9384957528517887,-0.5024792094342878,-0.9436804482125788,-1.9075196752221772,2063,0.019014496522134824,0.1673600728076448,-0.0002918982753897184,-1.069695417301686
30,60,0.0025,0,-0.2,999.0,1,-0.9427886594190238,-0.5114098361886785,-0.9476565439656987,-1.7051421654894905,2062,0.03253591627120848,0.2168952740037704,-0.00022638321418437402,-1.0704952164460022
30,120,0.0025,0,-0.2,999.0,1,-0.9442012624228359,-0.5144582705475684,-0.9504020560626855,-1.6337549310533614,2293,0.028310472599622962,0.2457583046219853,-0.00018417135900697495,-1.0713470451315792
20,96,0.0025,0,0.0,999.0,1,-0.9390646938625253,-0.5036353740781236,-0.9435675264494472,-1.9267490114162276,2021,0.019469544302151726,0.16430475199895989,-0.0003038440526873798,-1.0717565878736586
20,200,0.005,0,0.0,999.0,1,-0.940494691890817,-0.5065774803004798,-0.9479004802483204,-1.8581001551075187,2097,0.022524865110836637,0.17269063251641423,-0.0002827167141488101,-1.073432728180016
30,60,0.005,0,0.0,999.0,1,-0.9389272018044309,-0.5033552326133122,-0.9441906532660348,-1.9917421800472326,1783,0.02304491971657024,0.14337255411818242,-0.00037780989358577943,-1.0750376682486913
30,200,0.0,0,-0.2,999.0,1,-0.9475193387081301,-0.5218532944157463,-0.9547108709216885,-1.5565395725449627,2670,0.03019567054540727,0.28586751608918937,-0.00013922339096716753,-1.0770357085038387
20,60,0.0,0,0.0,999.0,1,-0.9404029410456899,-0.5063871283116244,-0.9474960607041463,-1.9600578186223059,2037,0.021582266137944485,0.16050185269453293,-0.0003146315176135174,-1.0781380495948127
30,200,0.005,0,0.0,999.0,1,-0.9432726438985364,-0.5124478680872104,-0.9502113608895097,-1.863024495302066,2130,0.02297991289085354,0.17561593967366573,-0.000282470736244047,-1.0807047732970687
20,60,0.0025,0,0.0,999.0,1,-0.9414391166958164,-0.5085497467092188,-0.9468351052474491,-2.009391951906826,1886,0.02281739582656179,0.14977572645127737,-0.00035894158336875,-1.0824368969282847
30,200,0.0025,0,-0.2,999.0,1,-0.9493187155543359,-0.5260112282167837,-0.955263301938025,-1.6033949843587403,2490,0.030488201261132417,0.26821816290710526,-0.00016466169844818644,-1.0838126284037333
48,60,0.0,0,0.0,999.0,1,-0.9434225578349441,-0.5127707443401461,-0.950031405279315,-1.9480917889251828,2155,0.01829942143925112,0.17451082363648182,-0.00028602140573505375,-1.0851910364260628
20,120,0.0,0,0.0,999.0,1,-0.9440136681779626,-0.5140501296882679,-0.950923750049311,-1.9268091137591892,2259,0.016836767860625365,0.1826691802639277,-0.00026471008892622183,-1.0858524604008828
48,96,0.0,0,0.0,999.0,1,-0.9444501281466684,-0.5150013076786719,-0.9515767719618478,-1.9030422522134234,2305,0.016869271273483716,0.18770720925697199,-0.0002538189861127088,-1.085941806270267
48,96,0.0025,0,0.0,999.0,1,-0.9449979462515286,-0.5162031305782794,-0.9502595631755885,-1.9423355658921286,2153,0.01800689072352597,0.1766235454722746,-0.0002869053779192766,-1.0884496904606802
48,60,0.0025,0,0.0,999.0,1,-0.9442671330833349,-0.5146018265638355,-0.9492714314800955,-1.993805595809829,2004,0.019437040889293374,0.16349216667750113,-0.00032476020140833836,-1.0889278220943748
20,120,0.0025,0,0.0,999.0,1,-0.9455559936458261,-0.5174366569918412,-0.9500030592276522,-1.980764600112134,2106,0.01813690437495937,0.17161801989208866,-0.0003029221989983134,-1.091476416611274
12,200,0.005,0,0.0,999.0,1,-0.9458126281308901,-0.518007114058509,-0.9527548860039959,-1.9491182694795597,2075,0.021842293440811286,0.16966781512058765,-0.0003087872709014834,-1.091840470534485
48,120,0.0,0,0.0,999.0,1,-0.9470552479851677,-0.5207982635343464,-0.9540607988922618,-1.9028202841399398,2383,0.017714360007800817,0.1945979327829422,-0.000244948984661214,-1.0929696771874744
30,120,0.005,0,0.0,999.0,1,-0.9466681392442515,-0.5199235283703323,-0.9527386830570901,-1.990875060993849,1976,0.02021712279789378,0.16167197555743354,-0.0003385321890106987,-1.0958366229485699
48,120,0.0025,0,0.0,999.0,1,-0.9480364944024363,-0.5230372312533539,-0.953080600613312,-1.9472656769825765,2228,0.018494441916401223,0.18315673145680297,-0.000278614722963963,-1.0969408154091387
30,60,0.0,0,0.0,999.0,1,-0.9468363849274892,-0.5203031200902981,-0.9529360564303045,-2.027954557531328,2083,0.02011961255931873,0.1661249431190275,-0.0003210605011313367,-1.0981688761820168
48,200,0.0025,0,0.0,999.0,1,-0.9502685908749798,-0.5282509589851264,-0.9554277821975291,-1.8786788481715724,2416,0.02054215692647728,0.19905090034453618,-0.00024417789426317674,-1.0998987924924695
48,200,0.0,0,0.0,999.0,1,-0.9506536553690612,-0.5291680511480652,-0.9574994075122821,-1.8548287941595165,2586,0.02037963986218553,0.2123447962036014,-0.0002159037973755647,-1.100659194612182
30,60,0.0025,0,0.0,999.0,1,-0.9480435407410135,-0.5230534234792084,-0.9523239908987919,-2.081768919213216,1933,0.021354742247936032,0.15533381005005525,-0.0003653917051747669,-1.103303864889265
20,200,0.0025,0,0.0,999.0,1,-0.9516166566360538,-0.5314853088850663,-0.9565035626310185,-1.9737391396322395,2302,0.019892088669310276,0.18877982188129755,-0.0002752101973427723,-1.1084240471821876
20,200,0.0,0,0.0,999.0,1,-0.9518281176260459,-0.5319987672427078,-0.9585977335508571,-1.9452176004138344,2476,0.019567054540726776,0.2013911460703374,-0.00024343553074271604,-1.108558514038828
30,200,0.0,0,0.0,999.0,1,-0.9554518880595264,-0.5410722925467885,-0.9613362665783136,-1.9689390813801548,2519,0.019892088669310276,0.2055515829162062,-0.0002462631202460667,-1.120187379904953
30,200,0.0025,0,0.0,999.0,1,-0.9554615365864494,-0.5410971780359848,-0.9601742986793554,-2.0005022858644264,2345,0.02011961255931873,0.1925827211857245,-0.000278836652645027,-1.1212094416688838
30,120,0.0,0,0.0,999.0,1,-0.95555159547455,-0.5413296531325891,-0.9612540019182994,-2.0557292854210294,2310,0.016739257622050314,0.18770720925697199,-0.0002915933003546455,-1.1247431183627903
30,120,0.0025,0,0.0,999.0,1,-0.9560932814452745,-0.5427354432749069,-0.9602934943043061,-2.098792557470588,2158,0.01784437365923422,0.17639602158226614,-0.00032791205466923455,-1.1278218183005895
12,200,0.0,0,0.0,999.0,1,-0.9572208580359811,-0.5457039717415773,-0.9632326297670764,-2.0517603720605275,2448,0.018786972632126375,0.19755574335305207,-0.00027084364298567837,-1.1299083052281418
12,200,0.0025,0,0.0,999.0,1,-0.957258298621044,-0.5458035413846912,-0.9615753768174106,-2.085896801543643,2277,0.019437040889293374,0.18520444646687903,-0.00030536985313407087,-1.1308860698705787
