ema_fast,ema_slow,trend_threshold,use_macd,volume_filter,funding_z_cap,allow_short,total_return,annual_return,max_drawdown,sharpe,trades,exposure,abs_exposure,avg_bar_return_when_in_position,score
30,60,0.0,0,-999.0,999.0,0,7.008820881530195,0.516482813158686,-0.27540793981608014,1.528388025115528,114,0.28680562847842067,0.28680562847842067,0.0002205144739656314,0.4551982445064224
12,120,0.0,0,-999.0,999.0,0,6.879104072126623,0.5115348767931196,-0.2772634298423764,1.4975683236102288,117,0.3024519584164654,0.3024519584164654,0.00020866676885311823,0.44778157805244284
30,60,0.0025,0,-999.0,999.0,0,6.310079834926099,0.48902767463146146,-0.26603604097595945,1.4849721132523155,106,0.2707130106059015,0.2707130106059015,0.0002236507296498165,0.4302582598060975
12,120,0.0025,0,-999.0,999.0,0,6.238175063451257,0.48608473780802086,-0.2578302476481219,1.4585322368038196,105,0.28588680037803216,0.28588680037803216,0.00021171209712849217,0.4300962258241509
48,96,0.0,0,-999.0,999.0,0,6.737917875609689,0.506074837083422,-0.3060897919144242,1.4517437678606633,86,0.31542056074766356,0.31542056074766356,0.0001988079544383575,0.42561712951924313
30,96,0.0,0,-999.0,999.0,0,6.7104308817467215,0.5050025899373438,-0.31365613208518983,1.4730480059580027,97,0.3044733802373202,0.3044733802373202,0.0002050276999093862,0.42182692419264906
48,60,0.0,0,-999.0,999.0,0,6.371418225537329,0.49151990305632776,-0.3010357002790627,1.4533893089553072,97,0.29699149427701355,0.29699149427701355,0.00020581112500908061,0.4136715183645618
12,96,0.0,0,-999.0,999.0,0,6.222358056894355,0.4854342397259228,-0.2916910252664089,1.4748498574558115,124,0.29187230914627743,0.29187230914627743,0.0002073142184762266,0.4133312199655089
20,96,0.0,0,-999.0,999.0,0,6.18880243749085,0.484050432792718,-0.2906653054843713,1.4410804480796042,107,0.2980678357660401,0.2980678357660401,0.00020312727290029708,0.41077180245451256
12,120,0.005,0,-999.0,999.0,0,5.5131099772972645,0.4550206606994327,-0.26775190381926217,1.413525833260888,95,0.2689803633308831,0.2689803633308831,0.00021306604306850653,0.391821000452846
20,96,0.0025,0,-999.0,999.0,0,5.5275173209944946,0.4556642490189853,-0.2832127621531886,1.39350324537181,100,0.28179145227344327,0.28179145227344327,0.00020483808482854343,0.3837330302109815
48,96,0.0025,0,-999.0,999.0,0,5.754494917712069,0.46565656858740834,-0.3042727874746304,1.3810271763242412,79,0.29825160138611784,0.29825160138611784,0.00019728818290415818,0.3825715336663052
30,96,0.0025,0,-999.0,999.0,0,5.748350790737239,0.465389646244728,-0.30644513922769456,1.4025542383686935,91,0.28838076236480104,0.28838076236480104,0.00020337858723407275,0.3822947885493154
12,96,0.0025,0,-999.0,999.0,0,5.342973779788164,0.4473330732849352,-0.2728138737290191,1.4045888695689943,117,0.2758321957366376,0.2758321957366376,0.00020596555390907904,0.3811555798988754
20,120,0.0,0,-999.0,999.0,0,5.828468380391921,0.46885508613312754,-0.3204235391730984,1.3937075575357158,104,0.30922503412790087,0.30922503412790087,0.00019198064959114372,0.37832869442336414
48,60,0.0025,0,-999.0,999.0,0,5.367893086541169,0.44846928063141944,-0.293692112307272,1.373668906423636,93,0.2812664076446498,0.2812664076446498,0.00020277465177818025,0.37030666979896526
30,96,0.005,0,-999.0,999.0,0,5.406608226273894,0.45022748070258634,-0.29985851735840185,1.3914125029053896,84,0.27173684763204875,0.27173684763204875,0.00020933064034563083,0.36986884716865487
30,120,0.0,0,-999.0,999.0,0,5.650363922567416,0.46110625794799365,-0.32594008706393485,1.3630139791396285,92,0.3164181455423711,0.3164181455423711,0.0001856165863513038,0.36628691337300767
20,120,0.0025,0,-999.0,999.0,0,5.384897595845496,0.44924256934640283,-0.3132836472993161,1.3650299069306158,95,0.2924498582379502,0.2924498582379502,0.00019586041023005003,0.36085224104327557
12,120,0.0,0,-999.0,1.5,0,4.949513574404654,0.4289018065277408,-0.28300069806406114,1.4447959902825167,321,0.24301690643704715,0.24301690643704715,0.00023374008355520835,0.35964125700983607
30,60,0.005,0,-999.0,999.0,0,5.279602313380259,0.44442745243724735,-0.31237377826217716,1.407050663853752,98,0.25603801323112463,0.25603801323112463,0.00021935539973642012,0.3585930964988464
12,96,0.005,0,-999.0,999.0,0,4.864499634368166,0.4247918748918005,-0.2822110821817305,1.3759471702567927,107,0.26008085687283417,0.26008085687283417,0.0002088384455984584,0.35248369231377485
48,96,0.0,0,-999.0,1.5,0,4.8340796154884895,0.4233096635857878,-0.2821271697251698,1.3998299258055507,309,0.2518114039693374,0.2518114039693374,0.00022425721669056347,0.3522375750134804
30,60,0.0,0,-999.0,1.5,0,4.766123982432167,0.4199760713039653,-0.28294864726108293,1.44680009368223,314,0.22931324162553818,0.22931324162553818,0.0002426327969393751,0.35084175235753534
20,96,0.005,0,-999.0,999.0,0,5.03323940072237,0.432903806742585,-0.3037982233583816,1.3642653923109793,91,0.2658300955581224,0.2658300955581224,0.0002077658342527543,0.34921796467894317
20,200,0.0,0,-999.0,999.0,0,5.336652074857612,0.4470442645516315,-0.33186610277748374,1.30984413302254,91,0.33944135251496377,0.33944135251496377,0.00017040670329014022,0.34660341981401666
48,200,0.0,0,-999.0,999.0,0,5.54739813494,0.45655047880526944,-0.3489173406137348,1.2898285556361087,70,0.36044313766670166,0.36044313766670166,0.00016416854937279865,0.3465832362802075
48,60,0.005,0,-999.0,999.0,0,5.07339586250036,0.43480749702951504,-0.3219945240755753,1.3650713511485355,86,0.26554132101228606,0.26554132101228606,0.00020858401337077171,0.3420638025491542
30,96,0.0,0,-999.0,1.5,0,4.6963747064801264,0.41652164966831084,-0.2898945411085393,1.406489724896506,311,0.24346319437152159,0.24346319437152159,0.00022839330385158058,0.3418988653588665
20,120,0.005,0,-999.0,999.0,0,4.964062536171223,0.4296004505724438,-0.3133694580939308,1.342946704230188,87,0.27522839441352515,0.27522839441352515,0.00020007260345648672,0.3400630567369878
12,120,0.0025,0,-999.0,1.5,0,4.288523718886941,0.39561612355691644,-0.26372178145322034,1.3746551619646128,298,0.22954951170849522,0.22954951170849522,0.0002319723153038374,0.3324879909285369
20,96,0.0,0,-999.0,1.5,0,4.32508598475906,0.3975418495524339,-0.26802243071640064,1.368517164557705,311,0.23900031502677727,0.23900031502677727,0.00022477099872551245,0.33195649242211883
30,120,0.0025,0,-999.0,999.0,0,4.885634495310876,0.4258180516380816,-0.31885815416567376,1.2993913241551986,84,0.2989341594035493,0.2989341594035493,0.00018470997489683196,0.3313585407630047
20,200,0.0025,0,-999.0,999.0,0,5.2575349242956015,0.44341014287933866,-0.3589343277002278,1.3174303414571504,82,0.3181245405859498,0.3181245405859498,0.00017958909227461096,0.3298144961020823
48,120,0.0,0,-999.0,999.0,0,5.077959216848384,0.43502319354675123,-0.34205412416088954,1.287434576798142,83,0.32896671217053447,0.32896671217053447,0.00017203350665019875,0.32836786030621357
48,200,0.0025,0,-999.0,999.0,0,5.480047258789472,0.45353940457811204,-0.38338033572806907,1.2977208087610497,65,0.33692113829675524,0.33692113829675524,0.00017381842916711779,0.32673527715213
48,96,0.005,0,-999.0,999.0,0,5.011511452379949,0.4318695247290676,-0.3463834987429084,1.3297688001418304,75,0.2797437782211488,0.2797437782211488,0.00019799188058779193,0.3251662153647049
30,60,0.0025,0,-999.0,1.5,0,4.072290773648273,0.384004275287247,-0.25925684392826187,1.3674476460320482,295,0.21639714375721936,0.21639714375721936,0.0002396834382063917,0.3227482356247185
12,60,0.0,0,-999.0,999.0,0,4.567265247561629,0.4100370536337985,-0.3115663258537521,1.3509903616806793,162,0.2742570618502573,0.2742570618502573,0.00019520793479261607,0.3218034087909564
20,120,0.0,0,-999.0,1.5,0,4.2856910049423815,0.39546648116164573,-0.29929631522231204,1.3487901832356088,314,0.24792607371626588,0.24792607371626588,0.00021670623904132975,0.31325783271227015
12,120,0.005,0,-999.0,1.5,0,3.9443464540860393,0.3769458527006724,-0.26277448175006146,1.3521952177886014,273,0.21453323532500262,0.21453323532500262,0.00023711113411154145,0.3131683727150717
12,96,0.0,0,-999.0,1.5,0,4.153342880204563,0.38840239553650013,-0.29238410785661206,1.3792044131983334,319,0.2341436522104379,0.2341436522104379,0.0002247199254851356,0.3111705622681108
20,60,0.0,0,-999.0,999.0,0,4.524897852434736,0.40788291547398314,-0.32947778954979345,1.3261580741389922,138,0.2797962826840281,0.2797962826840281,0.0001904422778753537,0.309451924406036
48,96,0.0025,0,-999.0,1.5,0,4.009219466064085,0.3805427857635584,-0.27458492145328117,1.3061302457324362,289,0.23834400924078547,0.23834400924078547,0.00021835406073731904,0.3085568373235396
30,200,0.0,0,-999.0,999.0,0,4.881450269675107,0.42561512606276053,-0.362856707292174,1.2497384450020912,83,0.3476845531870209,0.3476845531870209,0.00016126427105259963,0.3066736946667781
48,60,0.0,0,-999.0,1.5,0,4.167722975769671,0.3891769131826315,-0.30323354089660903,1.3471583846437165,308,0.23666386642864642,0.23666386642864642,0.00022348228113235207,0.3049180619665128
20,200,0.0,0,-999.0,1.5,0,4.1556599264926675,0.388527309302209,-0.3110633079534669,1.2921282612445055,326,0.2732857292869894,0.2732857292869894,0.00019658141041433298,0.29760206838770087
20,96,0.0025,0,-999.0,1.5,0,3.6522398650919925,0.3602661168130439,-0.2603319926274196,1.2841932817279194,293,0.2259529560012601,0.2259529560012601,0.00022031260851535658,0.2943097845857301
30,96,0.005,0,-999.0,1.5,0,3.7355571222218034,0.3651071221800599,-0.2748928739663259,1.3121304756447292,273,0.21610836921138296,0.21610836921138296,0.00023052334182947206,0.29326720897913344
30,96,0.0025,0,-999.0,1.5,0,3.8025263577529502,0.3689491090060695,-0.282433899830149,1.2972917095099232,294,0.23075711435472016,0.23075711435472016,0.00021991020762752986,0.29259674456649115
20,200,0.0025,0,-999.0,1.5,0,3.99400264731573,0.37970243751365196,-0.30382507388763635,1.286617523749075,301,0.2564580489341594,0.2564580489341594,0.00020408738875234142,0.29212077675728754
30,120,0.0,0,-999.0,1.5,0,4.118191394849661,0.3865018190961702,-0.32805961771221237,1.3138784172599123,314,0.2529402499212433,0.2529402499212433,0.00020964694015202962,0.28816593110305966
12,60,0.0025,0,-999.0,999.0,0,3.9253516789862184,0.3758855307132767,-0.3048145473453141,1.2817111017663747,151,0.2580331828205397,0.2580331828205397,0.00019368143885885802,0.2875638121289384
48,96,0.005,0,-999.0,1.5,0,3.688447307974739,0.36237833803627595,-0.28287657207007066,1.2847951757673193,270,0.22219888690538694,0.22219888690538694,0.00022386466674234322,0.2851798107896066
20,120,0.0025,0,-999.0,1.5,0,3.7621175611150424,0.3666360474746504,-0.29193445260160544,1.2878483629300748,294,0.23448493121915362,0.23448493121915362,0.00021563486337146455,0.28506123932035143
30,120,0.005,0,-999.0,999.0,0,4.3664165457705355,0.3997060273769599,-0.3571645490901256,1.260593809529744,77,0.28082011971017534,0.28082011971017534,0.00018650693530313016,0.2841534433083843
20,60,0.0025,0,-999.0,999.0,0,4.0021970214594145,0.3801552256096643,-0.32117156224781396,1.2730435186023632,130,0.26391368266302634,0.26391368266302634,0.00019087526986641556,0.2832216204158755
20,200,0.005,0,-999.0,999.0,0,4.462445742663754,0.40468336460198606,-0.3699419988622037,1.2530291222296883,75,0.2978053134516434,0.2978053134516434,0.00017839563169134745,0.28236382128236864
30,200,0.0025,0,-999.0,999.0,0,4.66230993403638,0.41482223768409465,-0.3896439700908132,1.240609849551457,76,0.3254751653890581,0.3254751653890581,0.00016810593317657824,0.2820307451162609
20,96,0.005,0,-999.0,1.5,0,3.448967896065672,0.34815757734292974,-0.2613939017637822,1.275732335020807,270,0.21193426441247507,0.21193426441247507,0.0002266120029673339,0.281247243212079
48,200,0.0025,0,-999.0,1.5,0,3.8371070717916513,0.3709162332932312,-0.306053880016651,1.2286803855667623,305,0.2715793342434107,0.2715793342434107,0.00019171091560302953,0.27932331256324383
48,200,0.0,0,-999.0,1.5,0,3.982493653570626,0.37906549238909637,-0.32302548260419917,1.2337430680961567,329,0.2904021841856558,0.2904021841856558,0.0001838255152569831,0.27923990449180464
48,120,0.0025,0,-999.0,999.0,0,4.532630750309307,0.4082770722079685,-0.38346304228043515,1.2418729273539888,77,0.30982883545101336,0.30982883545101336,0.00017374069887857673,0.27863919743545035
30,60,0.005,0,-999.0,1.5,0,3.500394187304379,0.35126210462075025,-0.2806162150731909,1.3023696304528778,274,0.2036385592775386,0.2036385592775386,0.00023664584833740787,0.2760724786067987
20,120,0.005,0,-999.0,1.5,0,3.593616909006057,0.3568182013351071,-0.291313008290496,1.2866672203224507,272,0.21923238475270398,0.21923238475270398,0.00022367677818160446,0.27549505820598164
12,60,0.0,0,-999.0,1.5,0,3.294263144423266,0.33864194114115076,-0.2614624889411282,1.2949165414584372,341,0.2197836816129371,0.2197836816129371,0.0002164357121248397,0.2726565237435085
12,96,0.0025,0,-999.0,1.5,0,3.3820907417196464,0.3440770785566649,-0.2735254276721908,1.272180153973723,302,0.22109629318492072,0.22109629318492072,0.0002170164059312337,0.2709233724192557
20,60,0.0,0,-999.0,1.5,0,3.0897489573641614,0.32563244251868184,-0.23608028330287978,1.2385677852119754,326,0.22380027302320699,0.22380027302320699,0.00020681824576498434,0.26952069012784075
48,120,0.0,0,-999.0,1.5,0,4.012819630149387,0.38074130594667865,-0.3518355755118707,1.280137327398228,312,0.2631261157198362,0.2631261157198362,0.00020029082596644384,0.26883038456065467
12,200,0.0,0,-999.0,999.0,0,4.1782129247274105,0.3897408192667957,-0.36724815764210794,1.1944774779087075,108,0.33363960936679615,0.33363960936679615,0.0001577237939604154,0.2658406143411771
48,200,0.005,0,-999.0,999.0,0,4.001049451066227,0.38009185123577116,-0.3534783110748103,1.1626714106752813,65,0.3130316076866534,0.3130316076866534,0.00016409605344485945,0.26148626623213006
48,120,0.005,0,-999.0,999.0,0,4.010093493300119,0.3805909918449344,-0.36093187949302696,1.1992641045114798,74,0.2901134096398194,0.2901134096398194,0.00017522289504871778,0.2600882573239949
12,96,0.005,0,-999.0,1.5,0,3.201119544111868,0.3327797956767746,-0.27259074139547834,1.2663624112349205,279,0.2072351149847737,0.2072351149847737,0.00022338116287892168,0.25980254554078147
48,60,0.005,0,-999.0,1.5,0,3.3026829336478336,0.3391668260244576,-0.28816821434503714,1.2509788458707585,271,0.21051664391473277,0.21051664391473277,0.00022400974860024045,0.2576316611454769
20,200,0.005,0,-999.0,1.5,0,3.4979205581814528,0.3511134267024798,-0.3142033702922049,1.2370964178053188,278,0.23868528824950122,0.23868528824950122,0.00020518928714259834,0.2558665624466433
48,60,0.0025,0,-999.0,1.5,0,3.3383123141159716,0.3413788887677205,-0.29591304428431786,1.2329646223958484,291,0.22427281318912107,0.22427281318912107,0.00021366841398058376,0.255070597745354
12,200,0.0,0,-999.0,1.5,0,3.622665245237763,0.35853105371189065,-0.3303918230205085,1.2256444118460166,334,0.2689016066365641,0.2689016066365641,0.00018907837022003388,0.2546173627939372
30,120,0.0025,0,-999.0,1.5,0,3.395324120800905,0.3448884449837448,-0.3209999534187721,1.2185580538971172,292,0.239262837341174,0.239262837341174,0.00020304390834866777,0.24531637096921466
12,60,0.005,0,-999.0,999.0,0,3.6962199218472467,0.36283006434646636,-0.3651985223714127,1.2723545161344203,139,0.24270187965977108,0.24270187965977108,0.0001988477209153855,0.24384852896748105
30,200,0.0,0,-999.0,1.5,0,3.7185797720182387,0.3641262407869126,-0.36549640386277626,1.2187167486827464,327,0.27977003045258847,0.27977003045258847,0.0001844299270889884,0.24231387628966178
12,200,0.0025,0,-999.0,999.0,0,3.9797021206037053,0.37891082256632647,-0.395451594221077,1.1837090262246022,99,0.31305785991809304,0.31305785991809304,0.0001636069938222361,0.24037047676701806
12,60,0.0025,0,-999.0,1.5,0,2.7124651602132452,0.30020105256148133,-0.23950198414571522,1.1953235156866355,320,0.2063950435787042,0.2063950435787042,0.0002098443403035829,0.2402162362729555
12,200,0.0025,0,-999.0,1.5,0,3.3453141611454136,0.3418118913471322,-0.32335666177372835,1.197792556585971,310,0.2525202142182085,0.2525202142182085,0.00019280787860344144,0.24002318828956656
30,200,0.005,0,-999.0,999.0,0,3.7939444116511085,0.3684591708296956,-0.3736819920450306,1.156710566515839,71,0.3042633623858028,0.3042633623858028,0.00016408022990761195,0.23945370313297223
48,120,0.0025,0,-999.0,1.5,0,3.4970179793755074,0.3510591607572304,-0.3450257105826974,1.217311361839854,291,0.2483723616507403,0.2483723616507403,0.00019890906974524519,0.23941187355787444
12,60,0.005,0,-999.0,1.5,0,2.6635790861488955,0.2967562849947769,-0.25288142391569157,1.2126411455024522,294,0.19303265777591094,0.19303265777591094,0.00021936190603257975,0.23094763031205373
30,200,0.0025,0,-999.0,1.5,0,3.485460283604702,0.3503635036785544,-0.358830064854457,1.1989492547401113,301,0.2621285309251286,0.2621285309251286,0.00018962296393615615,0.23089593398833147
30,120,0.005,0,-999.0,1.5,0,3.2039497992382397,0.3329594465455372,-0.32876107022146384,1.2093640112889574,272,0.2234852462459309,0.2234852462459309,0.00020964830391676317,0.22904711199925318
20,60,0.0025,0,-999.0,1.5,0,2.6221711596884627,0.2938095865888368,-0.25019655646945216,1.158201946413459,308,0.21088417515488816,0.21088417515488816,0.0002025098293120374,0.2266214056747837
48,120,0.005,0,-999.0,1.5,0,3.3300259959695335,0.3408657301620457,-0.3525122078053736,1.2141418654546292,273,0.23143967237215163,0.23143967237215163,0.0002067734418687317,0.22531671953209034
20,60,0.005,0,-999.0,999.0,0,3.4955162615662356,0.35096885333659267,-0.3748200556598863,1.2198393645288526,120,0.24918618082537017,0.24918618082537017,0.0001892278900955676,0.22455079373309214
48,200,0.005,0,-999.0,1.5,0,3.13381678988757,0.32847894792859456,-0.3248276814130354,1.145104075047544,285,0.2507613147117505,0.2507613147117505,0.0001887014126545839,0.22332031097445404
12,200,0.005,0,-999.0,1.5,0,3.032515072946584,0.32189863915452177,-0.33318994592158524,1.1664988649734047,280,0.23487871469074872,0.23487871469074872,0.00019597044248848778,0.2136286094423994
12,200,0.005,0,-999.0,999.0,0,3.49535639500107,0.3509592381671951,-0.4142859606756477,1.1367819990881582,86,0.292869893940985,0.292869893940985,0.0001639857473586207,0.20065535778377916
20,60,0.005,0,-999.0,1.5,0,2.3877756928967004,0.276602000273628,-0.2664404476063542,1.128243766300567,285,0.19809933844376773,0.19809933844376773,0.00020387855145041894,0.19979396478547928
30,200,0.005,0,-999.0,1.5,0,3.057391283841259,0.32352667855400097,-0.3756514018674404,1.1512229805288146,279,0.24369946445447863,0.24369946445447863,0.00019063265232724215,0.1932621266467215
30,60,0.0,0,-999.0,0.75,0,1.904599285921662,0.23788608680334855,-0.358662930231902,1.090204460059162,343,0.15318177045048828,0.15318177045048828,0.0002360801555349783,0.11306484469035566
30,60,0.0,1,-999.0,999.0,0,1.548278060122799,0.20588255727950933,-0.3136364803250413,1.0389841347202622,463,0.11860758164443978,0.11860758164443978,0.0002843173010242887,0.10101352385300177
12,120,0.0,0,-999.0,0.75,0,1.8918741563808488,0.23679879455365005,-0.38358198545632893,1.0714636892903142,352,0.16226504252861493,0.16226504252861493,0.00022371988291519586,0.0985809862900013
30,60,0.0025,1,-999.0,999.0,0,1.48735307561514,0.2000565121972515,-0.32273592497201664,1.0281379007306741,435,0.11204452378452169,0.11204452378452169,0.00029113249866861925,0.09009544474777689
12,96,0.0,1,-999.0,999.0,0,1.4787025755020355,0.19922006654886948,-0.3265007024149231,0.9985749264580646,478,0.12622072876194476,0.12622072876194476,0.00026381819053520537,0.08589846166431114
30,60,0.0,1,-999.0,1.5,0,1.1536447211620025,0.1659514113553564,-0.26485991629537364,0.9714924853849806,450,0.09253911582484511,0.09253911582484511,0.0003065725177387335,0.0820960774769186
12,96,0.0,0,-999.0,0.75,0,1.5541716617540717,0.20644021150875536,-0.3519053542600745,0.9914577378670936,347,0.1568045783891631,0.1568045783891631,0.00020846035464383157,0.08006042127207277
20,60,0.0,1,-999.0,999.0,0,1.429234408086152,0.19439145815127334,-0.3315742152941461,0.9936254789748538,457,0.11873884280163814,0.11873884280163814,0.00027263522947510983,0.07828562445294299
12,60,0.0,1,-999.0,999.0,0,1.417175610333266,0.1932024836468036,-0.330708828860244,0.9843736867837699,466,0.12191536280583849,0.12191536280583849,0.000265718582885729,0.07706675355587009
20,60,0.0025,1,-999.0,999.0,0,1.4199281701600506,0.1934742979904922,-0.33792707379619447,1.0026960085462868,429,0.11204452378452169,0.11204452378452169,0.0002838433837733829,0.07464556151970932
30,60,0.0025,0,-999.0,0.75,0,1.568228424493043,0.2077661232178052,-0.36967986204988545,0.9884322969705541,326,0.14556862333298332,0.14556862333298332,0.00022405056172646992,0.07234780704139017
12,96,0.0025,1,-999.0,999.0,0,1.4130987137445787,0.1927994362290708,-0.3401216179265345,0.9847115857319284,450,0.11931639189331093,0.11931639189331093,0.0002692454414483691,0.07197420655239997
20,200,0.005,0,-999.0,1.5,1,1.9856482029219502,0.24472324653187383,-0.43194719924859015,0.7685652317643654,460,0.08663236375091883,0.39073821274808357,0.00012102787770000105,0.06717790849579702
12,60,0.0025,1,-999.0,999.0,0,1.3480318842102794,0.18629193908694175,-0.33750011854234674,0.9685436265258429,436,0.11464349469704925,0.11464349469704925,0.0002715699083535255,0.06596906114206053
30,60,0.0025,1,-999.0,1.5,0,1.040629353027033,0.1534406670004762,-0.2685449961543198,0.9227269856278087,420,0.08744618292554868,0.08744618292554868,0.00030283962490256763,0.06530451820470673
12,96,0.0,1,-999.0,1.5,0,1.0689859960586645,0.15663083118811816,-0.2778570291225362,0.9101876765151447,465,0.09941720046203928,0.09941720046203928,0.00027781652890358517,0.0632117004526073
20,60,0.0,0,-999.0,0.75,0,1.551621682129471,0.20619905818042716,-0.38856776952781547,1.0204340676129942,343,0.15005775490916728,0.15005775490916728,0.0002156039760757209,0.06293687679716914
30,96,0.0,0,-999.0,0.75,0,1.719109574224074,0.22164452317851469,-0.4193840669391973,1.0090612277247113,349,0.16281633938884804,0.16281633938884804,0.00021328029674077452,0.06240555109515161
30,96,0.0,1,-999.0,999.0,0,1.224498523558665,0.173529443559703,-0.313380494785217,0.8869844558755687,487,0.1259057019846687,0.1259057019846687,0.00024338284354613642,0.061188418960872945
12,120,0.0025,0,-999.0,0.75,0,1.5524778388272402,0.20628004699551505,-0.396985322955674,0.9694481247471672,332,0.15417935524519585,0.15417935524519585,0.00021188452301633705,0.05625979175503641
20,96,0.0,0,-999.0,0.75,0,1.693566441663266,0.2193390640113011,-0.428595923709141,1.0077113447947634,349,0.15987608946760476,0.15987608946760476,0.00021519765627512296,0.055426669396468765
20,200,0.0025,0,-999.0,1.5,1,1.9871708974580504,0.24485027052125719,-0.45533195717466446,0.763383648642732,507,0.08482095978158144,0.4280951380867374,0.00011305880823394178,0.055353474366061556
12,60,0.0,1,-999.0,1.5,0,1.068565760746624,0.15658381013049127,-0.30128266229201695,0.921311038273559,456,0.09589940144912318,0.09589940144912318,0.0002859153075905758,0.05200803089816075
20,60,0.0,1,-999.0,1.5,0,1.0413027588211605,0.1535168359603727,-0.2951252223848122,0.9116234298576881,446,0.09272288144492281,0.09272288144492281,0.00029016264303229636,0.05153539626085099
30,96,0.0,1,-999.0,1.5,0,1.0247453828849484,0.15163817336697338,-0.28880561623987133,0.8802114026481419,473,0.09886590360180615,0.09886590360180615,0.0002751331043720387,0.051245935379444815
12,200,0.0,0,-999.0,1.5,1,1.9100571128538415,0.23835126082344904,-0.4493992174696796,0.7483011742010438,562,0.08762994854562638,0.45017326472750185,0.00010814783653629577,0.05106671079866144
12,96,0.0,0,-999.0,1.5,1,1.6859907566590588,0.21865194002522093,-0.41283940012074627,0.7276111828376434,553,0.07975427911372467,0.3885330253071511,0.00011524584477278604,0.04861279910672996
20,60,0.0025,1,-999.0,1.5,0,0.9739671467931108,0.14579900714176053,-0.28311450814379746,0.885533272193348,416,0.08749868738842802,0.08749868738842802,0.0002920046809032205,0.0485184166795292
12,96,0.0025,1,-999.0,1.5,0,0.9552741913366385,0.14361916575693412,-0.2760876450510762,0.8585326120529108,435,0.09398298855402709,0.09398298855402709,0.00027303256801087524,0.04850197383404156
12,120,0.0,1,-999.0,999.0,0,1.2401317973096408,0.17517541363050992,-0.34650008490090345,0.8914215197523753,495,0.1310248871154048,0.1310248871154048,0.00023625376006198914,0.046496447167676966
30,60,0.005,0,-999.0,0.75,0,1.3527310300065007,0.18676671266175937,-0.37432956735169565,0.9295465626143419,304,0.13659036018061535,0.13659036018061535,0.0002181937848200817,0.04607925711662864
12,200,0.005,0,-999.0,1.5,1,1.794872014485037,0.2283822448306112,-0.440065161825266,0.7384564525693118,464,0.08563477895621127,0.38412265042528615,0.00011820800521254684,0.045272486546443794
20,120,0.0,0,-999.0,0.75,0,1.658977196769524,0.21618908849903984,-0.44086596089144825,0.9860256809946045,354,0.1658090937729707,0.1658090937729707,0.00020650658842537542,0.04505739210304594
12,120,0.0025,1,-999.0,999.0,0,1.259086666482201,0.17715882392014426,-0.3555506802407563,0.910337877312646,463,0.12385802793237426,0.12385802793237426,0.000247473988597057,0.04490037766539841
30,96,0.0025,1,-999.0,999.0,0,1.1327732404646675,0.16368114495362618,-0.3257204711345184,0.8559668623858653,461,0.11960516643914733,0.11960516643914733,0.00024328937566162512,0.04361925250566024
12,120,0.005,0,-999.0,0.75,0,1.4311703629212613,0.19458189959580707,-0.3979796757145311,0.9482326015448586,307,0.14362595820644755,0.14362595820644755,0.00021461037746155394,0.043003691815784464
12,200,0.0025,0,-999.0,1.5,1,1.7483438746526274,0.22426197557271688,-0.43804529319564656,0.7254909206681261,519,0.08447968077286569,0.4205607476635514,0.00010972991023164752,0.04151387500829991
12,60,0.0025,1,-999.0,1.5,0,0.9505835840011245,0.14306956507751045,-0.2920159932823757,0.8672487427923069,424,0.09009765830095558,0.09009765830095558,0.00028160840230722023,0.04042400557593795
48,96,0.0,0,-999.0,0.75,0,1.6589906473963136,0.21619031977525327,-0.45110302875381025,0.975238542144145,351,0.16620287724456578,0.16620287724456578,0.00020651582740653226,0.0394007325055554
20,200,0.0,0,-999.0,1.5,1,1.866417385309025,0.23461211723955477,-0.4645323655894783,0.73898722709821,551,0.08844376772025622,0.45812769085372257,0.00010558186382180356,0.03929529579972612
30,96,0.0,0,-999.0,1.5,1,1.6918289088738474,0.21918160438036827,-0.4326994930712674,0.7201867641189036,531,0.07789037068150793,0.4090360180615352,0.00011071591822034046,0.03884119605067973
12,60,0.005,1,-999.0,999.0,0,1.2326280795973354,0.17438652526799214,-0.3700512769658333,0.9369723057059067,405,0.10808043683713116,0.10808043683713116,0.0002706142244069044,0.03620950207037084
30,96,0.005,0,-999.0,0.75,0,1.40042356956672,0.19154286577246116,-0.4056311960915501,0.9290883666349674,308,0.14493856977843117,0.14493856977843117,0.000210976930359163,0.0351816860584345
12,96,0.0025,0,-999.0,0.75,0,1.2071304790007904,0.17168994058650733,-0.36599746556023294,0.8647256262233181,331,0.1489814134201407,0.1489814134201407,0.00019162993501435508,0.031927489117556766
48,96,0.0,1,-999.0,1.5,0,1.0161146758902166,0.1506540240533305,-0.32556271316659013,0.8675722586269183,487,0.10246245930904127,0.10246245930904127,0.0002667614259034695,0.03125128040138136
48,60,0.0,0,-999.0,0.75,0,1.5451638742125282,0.20558747545978395,-0.4463983895546658,0.9576367968845239,344,0.15780216318387064,0.15780216318387064,0.00020817295434441956,0.03027012052667724
12,96,0.005,0,-999.0,0.75,0,1.1500539636874745,0.16556208876635292,-0.3600174947631761,0.8622562328311609,307,0.13908432216738423,0.13908432216738423,0.00019633045062602476,0.02866615302632291
48,60,0.0,1,-999.0,999.0,0,1.1321575858131898,0.16361390862695235,-0.3604085570281774,0.8533784865483082,478,0.12139031817704504,0.12139031817704504,0.0002416769685901295,0.026078554440279053
20,60,0.005,1,-999.0,999.0,0,1.1634044968478832,0.16700698343890585,-0.3738575292690255,0.9068670631864666,401,0.10637404179355245,0.10637404179355245,0.00026651444898335384,0.025421571963716444
20,60,0.0025,0,-999.0,0.75,0,1.2717178185028755,0.1784731511844171,-0.3990709939817898,0.9185723831151572,326,0.1423658510973433,0.1423658510973433,0.00020360170728607964,0.02486627334928005
20,120,0.0,1,-999.0,999.0,0,1.0661625270091681,0.1563147601113679,-0.344132673801095,0.8119626329093531,500,0.13063110364380973,0.13063110364380973,0.0002214084755060723,0.02484655485628806
30,60,0.005,1,-999.0,999.0,0,1.1531285137174274,0.1658954742941119,-0.3723378233491019,0.8999850304257196,407,0.10674157303370786,0.10674157303370786,0.00026531958195083233,0.02472581414084691
20,120,0.0025,1,-999.0,1.5,0,0.9001025078608538,0.13708673941761473,-0.3074906671852268,0.8144538209638037,451,0.09771080541846057,0.09771080541846057,0.0002580209607839966,0.024064096873191533
30,96,0.0025,1,-999.0,1.5,0,0.8844404812252635,0.1352047018684539,-0.30396649620317084,0.8107277544459226,445,0.09403549301690643,0.09403549301690643,0.00026448807263084243,0.023757841489164613
20,120,0.0025,1,-999.0,999.0,0,1.080103979762156,0.15787208119945206,-0.3514306086010832,0.8277020613495094,470,0.1238055234694949,0.1238055234694949,0.0002310249053560257,0.02354187996638593
48,96,0.005,0,-999.0,0.75,0,1.396172800425656,0.19112027067423698,-0.4267056848983358,0.91399603352724,308,0.14732752283944137,0.14732752283944137,0.00020824601900248097,0.023467229901431075
20,60,0.005,0,-999.0,0.75,0,1.1778711558439396,0.16856464453014652,-0.3807461759518519,0.9010642402620318,302,0.13336133571353564,0.13336133571353564,0.000205031017723773,0.023244768567322167
12,60,0.0,0,-999.0,0.75,0,1.246941958815242,0.17588955881205792,-0.39714166033077336,0.9042593197732415,351,0.14782631523679512,0.14782631523679512,0.00019658059023133732,0.02253169463533332
20,120,0.0,1,-999.0,1.5,0,0.9442719935394348,0.1423283623605902,-0.3247953450383678,0.829429210515868,483,0.10306626063215374,0.10306626063215374,0.0002553454939545971,0.021402150367199703
12,96,0.005,1,-999.0,999.0,0,1.1746071437225902,0.16821392484432662,-0.3842933811311271,0.899048734390227,419,0.11283209072771186,0.11283209072771186,0.00025554486331754963,0.021019670998274426
20,96,0.0,1,-999.0,999.0,0,1.0983853869172155,0.15990159197389464,-0.36290186139094394,0.835195934305718,484,0.12490811718996114,0.12490811718996114,0.00023237555830481156,0.020210457993708575
48,200,0.0025,1,-999.0,1.5,0,0.9735076922385424,0.1457456271049451,-0.33440277756085135,0.8200187251269809,510,0.1188701039588365,0.1188701039588365,0.0002295417396190267,0.01954517458086847
20,96,0.0025,0,-999.0,0.75,0,1.4065461709931117,0.1921505004754489,-0.4384115418072634,0.9160744055334981,331,0.15210542896146173,0.15210542896146173,0.00020456233311377602,0.018748449848492117
30,96,0.0025,0,-999.0,0.75,0,1.3826102088503869,0.18976790902396368,-0.43268540564578517,0.900816446082331,332,0.15509818334558437,0.15509818334558437,0.00019948376367485334,0.018466028505187644
12,120,0.0025,1,-999.0,1.5,0,0.9013113351171598,0.13723148245860428,-0.32072539381068566,0.8165671761861621,450,0.0978683188070986,0.0978683188070986,0.0002575276556638208,0.017697144362569563
20,120,0.005,0,-999.0,0.75,0,1.345493894818226,0.18603519965938675,-0.43292915310862146,0.905280998458388,310,0.14706500052504462,0.14706500052504462,0.0002041608583024782,0.014834673027995432
20,96,0.0025,1,-999.0,999.0,0,1.0828310858137802,0.15817573402528207,-0.3707407390210954,0.837618604178587,456,0.11821379817284469,0.11821379817284469,0.00023991651559557357,0.014686294723663729
48,60,0.0,1,-999.0,1.5,0,0.8651743515291261,0.13287233616031435,-0.31787183458640533,0.7996007071724114,464,0.09458678987713956,0.09458678987713956,0.0002626926380310809,0.013916454225732261
48,200,0.0,1,-999.0,1.5,0,1.0030789866047778,0.14916117181315758,-0.3538816111150158,0.825563637715849,551,0.12711330463089363,0.12711330463089363,0.0002226786491351541,0.013498548141442121
12,120,0.0,1,-999.0,1.5,0,0.9422023225949809,0.1420848911769168,-0.3402471299068238,0.8295035532976585,484,0.10356505302950751,0.10356505302950751,0.0002538759471106998,0.013436503888387824
20,120,0.0025,0,-999.0,0.75,0,1.4155782626583133,0.19304463256450743,-0.45047080345605595,0.9100970263397925,334,0.1577234064895516,0.1577234064895516,0.00019883630165747044,0.01331408215346909
30,120,0.0,1,-999.0,1.5,0,0.9715209204261361,0.1455146868418138,-0.3507802299809002,0.8426910851565261,491,0.10401134096398194,0.10401134096398194,0.0002576910146999596,0.01225912610919
48,60,0.0025,1,-999.0,999.0,0,1.058723675666851,0.1554803663279507,-0.3710763122197378,0.8285213230657151,452,0.11519479155728236,0.11519479155728236,0.00024288130081159053,0.011368276371367558
48,96,0.0025,1,-999.0,1.5,0,0.8998993218634439,0.13706240302132788,-0.3330093929079688,0.8126993232759702,454,0.09718576078966712,0.09718576078966712,0.00025992367496902426,0.011192672731141981
20,200,0.0,0,-999.0,0.75,0,1.4703615714219183,0.19841133307564118,-0.47050899439162797,0.8970453460909035,374,0.18011655990759215,0.18011655990759215,0.00018260903023646147,0.008009103184372375
48,200,0.005,0,-999.0,1.5,1,1.478158533944074,0.1991673833634804,-0.45148943846504386,0.6723778858053117,469,0.08973012706080016,0.4117925023627008,0.00010489361765492256,0.007041558421224045
20,96,0.005,0,-999.0,0.75,0,1.3048423294278844,0.1818923487403823,-0.4401757359469297,0.897985277292646,307,0.14231334663446393,0.14231334663446393,0.00020679988513690002,0.006703744631549741
48,96,0.0,1,-999.0,999.0,0,1.0698916251444928,0.15673213806307085,-0.3811086318693452,0.8091384043665877,504,0.13060485141237005,0.13060485141237005,0.0002226261460949299,0.006634742346727646
48,60,0.005,0,-999.0,0.75,0,1.2662425864227842,0.17790414862661508,-0.4313462620837426,0.8827532319827315,304,0.14107949175679932,0.14107949175679932,0.00020515400721888552,0.0063686791838803505
48,96,0.0025,0,-999.0,0.75,0,1.3718929072027564,0.18869489661522176,-0.45881060859876965,0.8842639536202017,331,0.1581171899611467,0.1581171899611467,0.00019583229920696536,0.0035027899968470277
20,96,0.0,0,-999.0,1.5,1,1.4764516118983217,0.1990020306097331,-0.46065398860331475,0.6814518872385339,542,0.07951800903076761,0.3984826210227869,0.00010782050578525207,0.0027476306700024156
48,120,0.0,1,-999.0,1.5,0,0.918051559186752,0.1392284010906173,-0.35550147149729516,0.8066492457111952,504,0.10905176940039904,0.10905176940039904,0.00024121511361260782,0.0018101276275294745
30,96,0.005,1,-999.0,999.0,0,0.9355160429874934,0.14129691230079833,-0.36867861269577296,0.7740870515856484,432,0.11296335188491022,0.11296335188491022,0.0002303839538230811,-0.0043380414678057255
12,200,0.0,1,-999.0,1.5,0,0.9166042932231788,0.1390563104201985,-0.36735633175414595,0.794744294453944,523,0.11711120445237845,0.11711120445237845,0.00022744028659014992,-0.00488464073417727
30,120,0.0025,1,-999.0,1.5,0,0.8713066546856851,0.13361679760189227,-0.3566552678375521,0.7953426039708841,458,0.0986296335188491,0.0986296335188491,0.00025266511981376016,-0.004943706118339566
12,60,0.005,0,-999.0,0.75,0,0.9707308233400584,0.1454227950531084,-0.3815322997748972,0.8078030990162195,306,0.13021106794077497,0.13021106794077497,0.0001896347165842051,-0.004953199883529234
48,60,0.0025,1,-999.0,1.5,0,0.7482262639849868,0.118285672241353,-0.3231725879233899,0.7357775580868482,436,0.08986138821799854,0.08986138821799854,0.0002526477204960476,-0.006511743815999525
20,200,0.0,1,-999.0,1.5,0,0.9073448184763508,0.13795282349737903,-0.3706542753512261,0.7905442640024828,521,0.11713745668381813,0.11713745668381813,0.00022600684740647564,-0.007847100978109867
48,120,0.0025,1,-999.0,1.5,0,0.843047780037067,0.13016978872494334,-0.3540908543140995,0.7728139417475682,471,0.10314501732647276,0.10314501732647276,0.00023987591161907522,-0.008234941344727992
48,120,0.0,0,-999.0,0.75,0,1.391609266924263,0.19066591377900943,-0.4857039957296778,0.8758316859042766,359,0.17329097973327734,0.17329097973327734,0.00018325861387670408,-0.008394499790615642
48,96,0.0025,1,-999.0,999.0,0,1.0042380779154794,0.1492942256467915,-0.3945597554938143,0.7870434610722105,473,0.1236217578494172,0.1236217578494172,0.00022424122678914952,-0.008633479046505105
12,60,0.005,1,-999.0,1.5,0,0.8192824495682849,0.1272380208157533,-0.3535117085148627,0.8060783182686917,391,0.08463719416150373,0.08463719416150373,0.0002714205280924477,-0.009213917528243451
20,200,0.0025,0,-999.0,0.75,0,1.3559408375674784,0.18709057660238781,-0.4796046269100055,0.8671456562052955,349,0.16979943295180092,0.16979943295180092,0.00018359413431804497,-0.009354454042350156
12,120,0.005,1,-999.0,999.0,0,1.0087689068622567,0.14981373652913677,-0.40165017859344276,0.810884891800737,431,0.11637614197206762,0.11637614197206762,0.0002319215416222742,-0.010467108177547764
48,200,0.0025,1,-999.0,999.0,0,0.9691468259256846,0.14523848034818632,-0.3859506264045567,0.7435022154225827,520,0.14819384647695055,0.14819384647695055,0.00019052321338205465,-0.010561722082962889
30,120,0.0,0,-999.0,0.75,0,1.39439750748146,0.19094360035829983,-0.49231319779215843,0.8890515725472212,353,0.16806678567678252,0.16806678567678252,0.00018769820125694338,-0.010760419910418324
30,96,0.0025,0,-999.0,1.5,1,1.320295589211609,0.18347404375964738,-0.4542500857479417,0.6500002479097061,495,0.07757534390423186,0.38393888480520844,0.00010551855507269038,-0.011150986718838157
20,200,0.0025,1,-999.0,1.5,0,0.8461838587305752,0.13055440359004655,-0.36257497639810843,0.7654230437038089,485,0.10970807518639085,0.10970807518639085,0.00022838760938533886,-0.012461932423817212
30,200,0.0,1,-999.0,1.5,0,0.9023331921386037,0.13735378058325254,-0.37950385458663694,0.7837931736469527,533,0.11968392313346635,0.11968392313346635,0.00022225482160517256,-0.01320848802771829
48,60,0.0025,0,-999.0,0.75,0,1.2289998149685184,0.17400431404649508,-0.46108716527938054,0.8472491726064094,327,0.15037278168644336,0.15037278168644336,0.00019319325635345998,-0.014176809962874716
30,120,0.0,1,-999.0,999.0,0,1.017646684834956,0.15082896289399939,-0.4096084184341259,0.784522616112621,507,0.13231124645594874,0.13231124645594874,0.00021502118693971571,-0.0147491155174325
12,96,0.0,0,-999.0,999.0,1,1.7890381012969776,0.22786864866036027,-0.5571863601323624,0.7086602170997763,239,0.10149112674577339,0.4822534915467815,9.566230080492031e-05,-0.015291520550832133
12,96,0.0025,0,-999.0,1.5,1,1.2950458723988083,0.18088524874968304,-0.457873295626144,0.6511721891698874,517,0.0794392523364486,0.3627533340333928,0.0001096197333639492,-0.015492789604894586
12,200,0.0025,1,-999.0,1.5,0,0.8233026950325584,0.12773611554793263,-0.3615922260372527,0.7512321689416618,488,0.1096555707235115,0.1096555707235115,0.00022593925521096852,-0.015498389023610643
20,96,0.0,1,-999.0,1.5,0,0.7623167327245002,0.12008376671579812,-0.35081924547609544,0.7299990273221177,471,0.09828835451013336,0.09828835451013336,0.0002391613246316237,-0.018825904656143706
20,60,0.005,1,-999.0,1.5,0,0.7547574189638608,0.11912055319981785,-0.35553683822261595,0.7660834514720809,387,0.08290454688648535,0.08290454688648535,0.0002647734453620587,-0.020343693337886076
30,200,0.0,0,-999.0,0.75,0,1.3785037897485495,0.18935723291650186,-0.5053960832778751,0.8557898535897012,378,0.18371311561482725,0.18371311561482725,0.00017467254719582932,-0.02055131604295063
30,96,0.005,0,-999.0,1.5,1,1.557251446620739,0.2067312122724294,-0.5263647431684491,0.7033134952308482,454,0.07930799117925023,0.3529087472435157,0.00011927697697373832,-0.021285484550252705
48,200,0.0,1,-999.0,999.0,0,0.9587143359820827,0.14402157916389058,-0.40413587900565473,0.7311526099623843,556,0.15861598235850047,0.15861598235850047,0.00018082356555303579,-0.021488729840817573
12,96,0.005,1,-999.0,1.5,0,0.7496759857670547,0.11847120609134443,-0.3559364761938296,0.7495225456395396,403,0.08854877664601492,0.08854877664601492,0.0002505536636758981,-0.0220209047235934
30,96,0.0,0,-999.0,999.0,1,1.8204706159733668,0.23062576597054374,-0.5776493993372209,0.7087465473891188,183,0.10009975847947075,0.5088470019951696,9.15067085794805e-05,-0.02276160632861078
30,60,0.005,1,-999.0,1.5,0,0.7525533862020253,0.11883908881196459,-0.35998689492581026,0.7635226870001346,391,0.08316706920088207,0.08316706920088207,0.0002642676271929701,-0.02297822430093381
12,60,0.0025,0,-999.0,0.75,0,0.9478193392858068,0.1427451819774932,-0.41025015748730864,0.7737357172576699,333,0.13966187125905702,0.13966187125905702,0.00017884110496098706,-0.02369311090327763
20,200,0.005,0,-999.0,0.75,0,1.1899055959180496,0.1698541291191782,-0.46938226646395675,0.8224204733640141,323,0.15774965872099128,0.15774965872099128,0.0001816464362926125,-0.02371598044459948
48,120,0.005,0,-999.0,0.75,0,1.1680607361104207,0.16750923913218374,-0.4667491743144756,0.815922390990992,317,0.15302425706185024,0.15302425706185024,0.00018481078560081244,-0.02506922847550446
30,200,0.005,0,-999.0,1.5,1,1.2822774405274022,0.17956744811291392,-0.4728762159820117,0.6356074123878727,467,0.08794497532290245,0.3994539535860548,0.00010158906019124483,-0.025090289258698287
20,96,0.0025,1,-999.0,1.5,0,0.6980567829174973,0.11178789730866567,-0.343546342027819,0.6971195929177482,441,0.09306416045363856,0.09306416045363856,0.00023701097037090533,-0.025129294059356405
30,200,0.0025,1,-999.0,1.5,0,0.8168604227306766,0.12693751480628257,-0.38224287741300034,0.7442997212871139,494,0.11214953271028037,0.11214953271028037,0.0002210657450104259,-0.026968937835861906
30,120,0.0025,1,-999.0,999.0,0,0.9658032763739943,0.1448490336112973,-0.42141483180978134,0.767958748130134,477,0.12522314396723722,0.12522314396723722,0.00021778136221571628,-0.02746044488708666
20,120,0.005,1,-999.0,999.0,0,0.8602898905746472,0.13227796071286257,-0.3961337790270886,0.7314267534272454,440,0.11648115089782632,0.11648115089782632,0.00021571436815433247,-0.029217591129319438
20,96,0.005,1,-999.0,999.0,0,0.9090450723370573,0.13815576991738743,-0.41560743599615335,0.7651644654901784,425,0.111939514858763,0.111939514858763,0.0002279592855783091,-0.031389724806180325
20,120,0.0,0,-999.0,1.5,1,1.3065069984032003,0.1820631403499846,-0.4914287229577249,0.643252614285045,543,0.07888795547621548,0.4169641919563163,9.949996679989802e-05,-0.03148859041462558
48,60,0.005,1,-999.0,999.0,0,0.8693000211795034,0.13337340742038917,-0.413099867171851,0.7456100822728107,423,0.10934054394623544,0.10934054394623544,0.0002279129649087436,-0.03589602205189579
30,200,0.0025,0,-999.0,1.5,1,1.1188401203395433,0.1621556783346636,-0.45929149634445277,0.5973240590712201,515,0.08597605796492702,0.43828100388533026,9.073182812900933e-05,-0.03762386688400178
48,200,0.0025,0,-999.0,1.5,1,1.3266936591204312,0.1841264428596625,-0.5094596522938557,0.6392039992372317,516,0.08831250656305786,0.45484616192376354,9.38949458164447e-05,-0.03864318332540376
12,200,0.0,0,-999.0,0.75,0,1.2579227992998878,0.17703742286821567,-0.516965644073652,0.8286643074465753,375,0.17717630998634884,0.17717630998634884,0.00017176693060146395,-0.040012183796281554
30,96,0.005,1,-999.0,1.5,0,0.6984148072102896,0.1118348081224152,-0.3782068790939255,0.7085432882643976,414,0.08841751548881654,0.08841751548881654,0.0002443637679490769,-0.04184146701132766
20,96,0.0025,0,-999.0,1.5,1,1.234066010204252,0.17453786331504895,-0.49607865514009963,0.6330486027929438,505,0.07912422555917253,0.3727816864433477,0.0001056102711147881,-0.04184903411535368
12,120,0.0,0,-999.0,1.5,1,1.4066194783767014,0.1921577683374347,-0.5352068867176645,0.6658703949406518,561,0.07946550456788827,0.40656830830620605,0.00010482738874612881,-0.04215215527436495
12,96,0.005,0,-999.0,1.5,1,1.4139591224336687,0.1928845426955439,-0.544503536830414,0.6817569411104951,470,0.0802005670481991,0.3342696629213483,0.00011987298152630842,-0.04527937866413834
30,120,0.005,0,-999.0,0.75,0,1.0842536485666638,0.15833400475478077,-0.48899092845270753,0.7917782122931231,311,0.14895516118870103,0.14895516118870103,0.0001813492722358725,-0.04657254885691684
30,200,0.0025,0,-999.0,0.75,0,1.2154291611146406,0.17257031842388337,-0.5202398811592496,0.8056127721417243,354,0.17281843956736323,0.17281843956736323,0.00017223849910498676,-0.04726898354865519
48,120,0.0025,0,-999.0,0.75,0,1.1158733892843387,0.16182983039219523,-0.49661163173094813,0.7776332366019095,340,0.1644702299695474,0.1644702299695474,0.0001714309030703245,-0.04759432364318336
20,120,0.005,1,-999.0,1.5,0,0.689084947801367,0.11060975428942044,-0.3864779210824948,0.6979239596718482,419,0.09143652210437887,0.09143652210437887,0.00023586415068150202,-0.047733008268234546
48,120,0.005,0,-999.0,1.5,1,1.2662942524663352,0.1779095230534724,-0.5178274235869584,0.6355374388134452,448,0.08232699779481256,0.3805523469494907,0.00010421148687344238,-0.04922731679933455
30,200,0.0,0,-999.0,1.5,1,1.0825116848884369,0.15814018640167649,-0.4743534218119829,0.587353208474649,561,0.09043893730967133,0.4691011235955056,8.611648818714109e-05,-0.04966886408058252
48,96,0.0,0,-999.0,1.5,1,1.2701747475015805,0.1783129017210776,-0.5251168270326867,0.6330026363875744,527,0.07844166754174105,0.4251811403969337,9.701472451947054e-05,-0.052595379975887015
12,120,0.0,0,-999.0,999.0,1,1.5033027900508955,0.20159266221610772,-0.575609873331594,0.6590875426630806,225,0.10054604641394518,0.5043578704189856,8.683270927547325e-05,-0.053257897316535234
20,120,0.0025,0,-999.0,1.5,1,1.1438564529458062,0.16488890764344766,-0.49826037051565475,0.6097544850414944,504,0.07815289299590465,0.39081696944240263,9.888345428302053e-05,-0.053753553362304994
48,120,0.0,1,-999.0,999.0,0,0.8778718207663594,0.1344116488880014,-0.4476953393827635,0.71182655090242,522,0.13808673737267668,0.13808673737267668,0.00019432002682454372,-0.053844693258259364
48,120,0.0,0,-999.0,1.5,1,1.068882815981509,0.15661928684889848,-0.4797706077592353,0.5864731258889253,527,0.08327207812664077,0.4429801533130316,8.84996697754503e-05,-0.05394236073627291
30,120,0.0025,0,-999.0,0.75,0,1.1111316889441785,0.16130827085262367,-0.5093761667908134,0.7860526863778582,333,0.1598235850047254,0.1598235850047254,0.00017446680531819458,-0.05407717822389013
48,96,0.005,1,-999.0,1.5,0,0.6788533016760296,0.10926005340119338,-0.3963239972096757,0.6903921836299347,423,0.09051769400399035,0.09051769400399035,0.00023713504296122957,-0.05438233602214774
12,120,0.005,1,-999.0,1.5,0,0.6821473937197853,0.109695307813787,-0.3982621509589839,0.695386880016766,415,0.09143652210437887,0.09143652210437887,0.0002338899336977406,-0.05466642366486663
48,60,0.0,0,-999.0,1.5,1,1.1591798651745617,0.16655053537276499,-0.50389859218873,0.6129428340767709,529,0.07820539745878399,0.3951223353985089,9.924421148858191e-05,-0.054751619017761474
48,60,0.0,0,-999.0,999.0,1,1.5155921852475878,0.20277094827132025,-0.581347341743039,0.6615242109241897,188,0.10107109104273863,0.49291189751128844,8.792926590451278e-05,-0.054826512053989786
48,96,0.005,1,-999.0,999.0,0,0.7828008714082553,0.1226773612146086,-0.42960499259552476,0.6857385279378162,443,0.11582484511183451,0.11582484511183451,0.00020803999961232405,-0.05783820868626297
48,200,0.0,0,-999.0,1.5,1,1.2363942255932119,0.17478273614451867,-0.5272747904860431,0.6186009612443759,559,0.09356295285099234,0.48724141552031924,8.768029216582571e-05,-0.057924611036284074
30,200,0.005,0,-999.0,0.75,0,1.0862444748222835,0.15855535403392973,-0.5142695901652358,0.7710168784638748,327,0.16037488186495852,0.16037488186495852,0.00017189004765133636,-0.06002859712549441
48,120,0.0025,1,-999.0,999.0,0,0.844511435644492,0.13034935942085668,-0.4517175765224626,0.7021752347930912,491,0.1301848157093353,0.1301848157093353,0.00019856671216209344,-0.06040066710072005
20,96,0.0,0,-999.0,999.0,1,1.4172722241636562,0.19321202842101926,-0.5781943250484978,0.6447496413615705,211,0.10083482095978158,0.49530085057229867,8.588482429666166e-05,-0.0636476520351511
20,200,0.0025,0,-999.0,999.0,1,1.5243783499089183,0.20361053119178063,-0.6032958173687459,0.6597686677030035,142,0.10802793237425182,0.5282211487976478,8.292435899737246e-05,-0.06504894410744216
12,200,0.0025,0,-999.0,0.75,0,1.0938744857491924,0.15940213249703117,-0.5274686993762343,0.772982325264831,353,0.1669641919563163,0.1669641919563163,0.0001678306516319646,-0.06568310092784443
20,200,0.0,1,-999.0,999.0,0,0.8172543066399065,0.12698640662760696,-0.45800717380862344,0.6749073107525677,533,0.14706500052504462,0.14706500052504462,0.00017827433952801174,-0.06827181473907637
48,120,0.005,1,-999.0,1.5,0,0.637253942735468,0.103703805451411,-0.4098764660282882,0.656565213274835,439,0.09582064475480416,0.09582064475480416,0.0002198939629377312,-0.06840616689899134
20,200,0.0025,1,-999.0,999.0,0,0.8077303413228853,0.12580183774547526,-0.45740150188386663,0.677011512634857,501,0.13743043158668486,0.13743043158668486,0.0001858913068759727,-0.0690483375647152
20,200,0.0,0,-999.0,999.0,1,1.5256032966734585,0.20372739817615715,-0.6121884701560447,0.6581742692248411,162,0.11209702824740103,0.5667856767825266,7.895690790666948e-05,-0.06945812344062316
30,96,0.0025,0,-999.0,999.0,1,1.3634899447685163,0.1878508794052809,-0.5789503018101018,0.6359636056036643,166,0.10041478525674682,0.4763467394728552,8.628696329696515e-05,-0.06982609121958677
20,96,0.005,0,-999.0,1.5,1,1.3069652565782195,0.18211013938810972,-0.5710042804438915,0.6529311421664983,460,0.0803843326682768,0.3434841961566733,0.00011416447766661607,-0.07074544372551111
30,120,0.005,1,-999.0,1.5,0,0.6602467529274636,0.10678862883050733,-0.42481294889552,0.6768113559216591,426,0.0921715845846897,0.0921715845846897,0.00023022710611243528,-0.07177727782116972
48,60,0.005,1,-999.0,1.5,0,0.5748985112659979,0.09515990492773052,-0.3971279256837916,0.6292517698526698,406,0.08503097763309882,0.08503097763309882,0.0002286238452127471,-0.07194146942153179
48,120,0.0025,0,-999.0,1.5,1,0.9426755867053243,0.14214058313980482,-0.48425871671674403,0.5577591318043655,488,0.08064685498267353,0.4160978683188071,8.79941895108092e-05,-0.07210081862834891
48,96,0.0,0,-999.0,999.0,1,1.4104791648240305,0.19254017663548728,-0.5952605625790559,0.6412557108584415,163,0.10259372046623963,0.5282474010290875,8.073087839363327e-05,-0.0730273191111186
30,120,0.005,1,-999.0,999.0,0,0.7574106998022572,0.11945901362426037,-0.4528975191857336,0.6709300663898077,445,0.1176362490811719,0.1176362490811719,0.0002019410779142841,-0.07344324264911606
30,120,0.0,0,-999.0,1.5,1,1.0761163696262543,0.15742750234318303,-0.5229183118404515,0.5900592748173652,535,0.07954426126220729,0.4263362385802793,9.135146981790256e-05,-0.07452868983617443
12,96,0.0025,0,-999.0,999.0,1,1.3230283019154108,0.18375286913195654,-0.5810346132788176,0.6315473906165315,220,0.10198991914312716,0.44967447233014807,9.002600605508014e-05,-0.07518706797662567
12,200,0.005,1,-999.0,1.5,0,0.6468417192732403,0.10499433219685783,-0.4260342553340861,0.6555534204348846,445,0.10109734327417831,0.10109734327417831,0.00021151726242765533,-0.075245124448441
48,120,0.0,0,-999.0,999.0,1,1.3041699198465384,0.18182333292455666,-0.5789498016892887,0.6216555684547171,148,0.10865798592880395,0.549275438412265,7.603213551843315e-05,-0.07656878949735182
12,120,0.0025,0,-999.0,1.5,1,1.1648826570875581,0.1671665221054326,-0.5515611859345775,0.6160627498212116,519,0.07873044208757744,0.380368581329413,0.00010220617656941654,-0.07781093337079557
48,200,0.005,1,-999.0,1.5,0,0.6500076262282886,0.1054191473986843,-0.4315878670922272,0.6459284861492454,472,0.10876299485456264,0.10876299485456264,0.00020157591381530986,-0.07807836183996703
30,200,0.0,1,-999.0,999.0,0,0.8011221466201552,0.12497698895352749,-0.4753423713086242,0.663920865774976,545,0.1501365116034863,0.1501365116034863,0.00017443426067554913,-0.07949815341203581
20,60,0.0,1,-999.0,0.75,0,0.18939294932043715,0.035321875706670225,-0.263117525456094,0.32767460379805213,353,0.06111519479155728,0.06111519479155728,0.0001745373617340284,-0.07985315683147418
30,200,0.0025,1,-999.0,999.0,0,0.7535147125640065,0.11896188908439576,-0.46510865484162944,0.6456778006883765,512,0.14042318597080752,0.14042318597080752,0.00017760987967428362,-0.08130854830200013
20,120,0.005,0,-999.0,1.5,1,1.2476897330244388,0.1759678683610708,-0.5792707989086754,0.6366337928203679,459,0.07972802688228499,0.35873674262312294,0.0001083400920247495,-0.08183584145224848
12,200,0.0,0,-999.0,999.0,1,1.3524727081141772,0.18674063307434752,-0.6023351994659425,0.6298670685007967,187,0.11086317336973643,0.5564160453638559,7.717030724576913e-05,-0.08293361323358389
12,200,0.0,1,-999.0,999.0,0,0.7703016132616716,0.1210976238849002,-0.474764724374236,0.6502506212198537,536,0.14688123490496693,0.14688123490496693,0.00017415048581340147,-0.08377220724122511
12,200,0.005,0,-999.0,0.75,0,0.9357804908752783,0.14132811883910334,-0.5229144127378246,0.7193424503871405,324,0.154888165494067,0.154888165494067,0.00016354189415940988,-0.08416196501045192
20,96,0.005,1,-999.0,1.5,0,0.5470103519005673,0.09125086744418343,-0.417730702816414,0.6040563351919439,408,0.08783996639714375,0.08783996639714375,0.00021680449398917562,-0.08741166720442638
30,60,0.0,0,-999.0,1.5,1,1.1262431194792786,0.16296719076134658,-0.5626390004330817,0.6082539012583914,547,0.08090937729707025,0.3777171059540061,0.00010210558574724441,-0.08793961439227468
48,96,0.005,0,-999.0,1.5,1,1.2776036726350561,0.1790836047172648,-0.5999137103558754,0.6406180553735261,448,0.07799537960726662,0.3664023942035073,0.0001075913191795236,-0.08884234769199656
30,60,0.0,1,-999.0,0.75,0,0.14852738221055795,0.028102722712889827,-0.26494023669183653,0.278083887448578,358,0.06051139346844482,0.06051139346844482,0.0001620894006985144,-0.09046320126059954
20,200,0.005,1,-999.0,1.5,0,0.6099539281958104,0.09999578298898859,-0.44535767582765473,0.6307205985466298,449,0.10146487451433372,0.10146487451433372,0.00020537927976008391,-0.09114702499750729
12,200,0.0025,1,-999.0,999.0,0,0.7259590417388371,0.11542035874063217,-0.47925085171895987,0.6331637155812475,505,0.13732542266092618,0.13732542266092618,0.00017762881463799344,-0.09254688133978539
48,200,0.0,0,-999.0,0.75,0,0.984466302346634,0.1470161131124168,-0.551552519231391,0.6993258851037386,387,0.18906857082852044,0.18906857082852044,0.00014595148254705932,-0.09379385224809178
20,120,0.0,0,-999.0,999.0,1,1.178262600082269,0.1686066771639616,-0.5887452084910945,0.5997170449828934,193,0.10078231649690224,0.5176677517588995,7.730235965639478e-05,-0.09578007483244096
30,60,0.0,0,-999.0,999.0,1,1.3644181888287714,0.18794423266670646,-0.6348619240317452,0.6368865175797056,231,0.10251496377192061,0.47109629318492074,8.8529521936683e-05,-0.09764240347018088
12,120,0.005,0,-999.0,1.5,1,1.2654773196490154,0.17782453224656214,-0.6161254497021773,0.6423466553152664,470,0.07930799117925023,0.349758479470755,0.00011153121570777038,-0.0981208598387632
20,60,0.0025,1,-999.0,0.75,0,0.1592678136023975,0.030019740042021015,-0.28567033896779515,0.29318256382132807,331,0.05820119710175365,0.05820119710175365,0.00016596356076342212,-0.09815630125081015
48,120,0.005,1,-999.0,999.0,0,0.659478752320106,0.10668614358916262,-0.4768580082917099,0.6109182576275706,460,0.12160033602856243,0.12160033602856243,0.000185102280671503,-0.10119694767531379
12,200,0.0025,0,-999.0,999.0,1,1.1524403517121824,0.1658208872785285,-0.5943708300921828,0.594236939024127,166,0.10752913997689803,0.518586579859288,7.647967417732574e-05,-0.10165268081635656
12,60,0.0,1,-999.0,0.75,0,0.16438548756220772,0.03092818021517796,-0.2954861698489547,0.2968752086424916,364,0.06360915677832615,0.06360915677832615,0.0001613649197013503,-0.10197114427717481
48,200,0.005,1,-999.0,999.0,0,0.634981523396035,0.10339704912301584,-0.469798489806993,0.5823976782306272,485,0.13677412580069306,0.13677412580069306,0.00016607311342241367,-0.1023823118689493
48,96,0.0025,0,-999.0,1.5,1,1.0093706008159522,0.14988265704180437,-0.5626478872409562,0.5756206985037059,489,0.07710280373831775,0.3995852147432532,9.294261207183283e-05,-0.10266025165348841
30,96,0.005,0,-999.0,999.0,1,1.3567888303840716,0.18717607864666297,-0.6464263133813026,0.636393970505906,155,0.10343379187230915,0.4400399033917883,9.173519132113831e-05,-0.10421737951869305
30,200,0.005,1,-999.0,1.5,0,0.5534575632655105,0.09215954123117553,-0.45800574600682586,0.5883615565510452,458,0.10359130526094718,0.10359130526094718,0.00019359932380222345,-0.10742525394468513
30,120,0.0,0,-999.0,999.0,1,1.1640180698820037,0.16707321730295854,-0.6087692504360918,0.5964870135308489,169,0.10304000840071406,0.5297962826840281,7.53694216024873e-05,-0.10748705723854489
20,200,0.005,0,-999.0,999.0,1,1.2652593602655022,0.1778018523789715,-0.634716664955306,0.616058252356015,133,0.11157198361860758,0.4840386432846792,8.320756001749022e-05,-0.10875356748088075
48,200,0.0025,0,-999.0,0.75,0,0.8899266997822057,0.13586537575622248,-0.5604458866274467,0.6656929158540192,364,0.17717630998634884,0.17717630998634884,0.00014598790272835115,-0.11107292176479988
12,120,0.0025,0,-999.0,999.0,1,1.2076679214723232,0.1717470360684683,-0.6277635631995839,0.6071150570888445,201,0.10057229864538486,0.4712013021106794,8.39874010808198e-05,-0.11177899267688143
30,60,0.0025,1,-999.0,0.75,0,0.09788192035370447,0.018865090531102968,-0.28635352847692686,0.21449283886181042,337,0.05770240470439987,0.05770240470439987,0.00014392297214353185,-0.11358703176426993
48,60,0.0025,0,-999.0,1.5,1,0.8585294340357283,0.1320634299776744,-0.5492333793891525,0.5395581897903056,494,0.0779166229129476,0.37062900346529454,9.286837763638103e-05,-0.11557535022738658
12,200,0.005,1,-999.0,999.0,0,0.6019456811685422,0.09889852671257038,-0.49833971899165275,0.5719731754879392,464,0.1275070881024887,0.1275070881024887,0.00017036880283424175,-0.12167267400885903
30,120,0.0025,0,-999.0,1.5,1,0.8303499131320216,0.12860712626721282,-0.5536787215757777,0.5299008206805627,494,0.07833665861598235,0.40018901606636564,8.669571578933522e-05,-0.12173719348664788
48,200,0.0025,0,-999.0,999.0,1,1.181467754080613,0.16895061421747348,-0.6452540660817976,0.5985736524243995,116,0.11327837866218629,0.5605638979313242,7.26259562378976e-05,-0.12374773620220533
20,200,0.005,1,-999.0,999.0,0,0.6014286483453353,0.09882753439710501,-0.5028251319399576,0.5717337840187294,466,0.1280058804998425,0.1280058804998425,0.00016983346552381937,-0.12399834237193731
12,60,0.0025,1,-999.0,0.75,0,0.11145082372629611,0.021372914514753205,-0.3140202200529627,0.23196474457440894,340,0.06019636669116875,0.06019636669116875,0.00014419231554309642,-0.1240389582830077
12,96,0.005,0,-999.0,999.0,1,1.2493700144738726,0.17614375736069565,-0.6622626354549295,0.6189358178132555,200,0.10406384542686128,0.4160978683188071,9.346070545676993e-05,-0.12404076947610632
12,96,0.0,1,-999.0,0.75,0,0.0645886801064377,0.01260505790336608,-0.29125991348887403,0.16951966748782613,372,0.0651842906647065,0.0651842906647065,0.00012354345454477171,-0.12454891546667964
48,200,0.005,0,-999.0,0.75,0,0.782433005551812,0.12263099466211336,-0.5575134639845785,0.6285032027975814,335,0.16323637509188282,0.16323637509188282,0.0001450102199641083,-0.1247005771902968
20,96,0.0025,0,-999.0,999.0,1,1.151060875889725,0.16567131417700498,-0.6420004331555134,0.5962033978683325,193,0.10107109104273863,0.46251181350414783,8.354522742997652e-05,-0.12551873250733508
48,120,0.005,0,-999.0,999.0,1,1.1376314459372083,0.16421117106858163,-0.6475694076004535,0.5922285399221401,125,0.10834295915152788,0.4718838601281109,8.124497357492398e-05,-0.1299621057355381
30,60,0.0025,0,-999.0,1.5,1,0.927619657093421,0.14036351326822638,-0.5972690610409557,0.5603469014105535,509,0.08041058489971648,0.35238370261472224,9.957898782339444e-05,-0.1302536721817238
48,200,0.005,0,-999.0,999.0,1,1.016154475936165,0.15065857013287176,-0.6218334401808311,0.5669297246185542,115,0.11650740312926598,0.5095558122440408,7.447579295318735e-05,-0.13191166372661606
30,200,0.0,0,-999.0,999.0,1,0.9719523249986246,0.14556484867144426,-0.6121414570685337,0.5580741509048923,154,0.11480100808568729,0.5805680982883545,6.64658650250329e-05,-0.13260217231757798
48,120,0.0025,0,-999.0,999.0,1,1.1002285020712632,0.1601054196776195,-0.6478239101160972,0.584162017968682,132,0.10542896146172424,0.5142287094403024,7.487916432630086e-05,-0.13459843448199502
30,120,0.005,0,-999.0,1.5,1,0.9569399968758514,0.14381409522196376,-0.6163093790797651,0.5647521524579724,452,0.08027932374251812,0.3666911687493437,9.667210883169089e-05,-0.1361029866950202
20,120,0.0025,0,-999.0,999.0,1,0.9721849902768955,0.1455918983250586,-0.6193598553342716,0.5582623979457862,173,0.10067730757114354,0.48422240890475693,7.5460661741877e-05,-0.1361749094447879
48,200,0.0,0,-999.0,999.0,1,1.1522376110277555,0.1657989094221275,-0.6635773681587008,0.5929227847313531,130,0.11894886065315552,0.6019374146802479,6.849161264105714e-05,-0.13634363542065525
48,60,0.0025,0,-999.0,999.0,1,1.0965535978741507,0.15969887487688328,-0.6506103344424662,0.5849794316249328,174,0.10133361335713535,0.46119920193216424,8.19263377409782e-05,-0.13635732076310317
20,60,0.005,1,-999.0,0.75,0,0.03681868627651719,0.007262612692636061,-0.3017325424648518,0.1306719810155165,308,0.054840911477475586,0.054840911477475586,0.00011530600197871843,-0.13707005948901402
12,60,0.005,1,-999.0,0.75,0,0.04218772203912846,0.008304368635395631,-0.30587408034074814,0.1384351081587177,313,0.056153523049459204,0.056153523049459204,0.00011618970831819207,-0.13771091612704256
48,60,0.005,0,-999.0,1.5,1,0.9739162488637991,0.1457930942426371,-0.6266622429102285,0.5723530874281599,455,0.07936049564212957,0.3416727921873359,0.0001026172625834933,-0.13892037284106917
12,200,0.005,0,-999.0,999.0,1,0.9891259884474639,0.14755463375646083,-0.6330912639542778,0.5616073611079098,148,0.11023311981518429,0.47550666806678565,7.740425806496495e-05,-0.1409106301652826
12,60,0.0,0,-999.0,1.5,1,0.8405248429589995,0.12985999061381048,-0.6030177379880688,0.5395223040437834,594,0.08135566523154468,0.3582116979943295,9.603533410199524e-05,-0.14467276317803474
12,96,0.0025,1,-999.0,0.75,0,0.014135016914226028,0.002813081872569123,-0.3072322112299263,0.10042173026449053,350,0.06208652735482516,0.06208652735482516,0.00010377595884509694,-0.1457819372291695
48,96,0.0025,0,-999.0,999.0,1,1.0626789338923643,0.15592431552319308,-0.6623633906808192,0.576996525069318,146,0.10130736112569569,0.49519584164653996,7.62016202175146e-05,-0.1464075535637506
30,96,0.0,1,-999.0,0.75,0,0.04135230328113537,0.008142554466187946,-0.3366113509544847,0.13884744964482512,375,0.0645279848787147,0.0645279848787147,0.00011696715559285112,-0.15322074852881315
48,60,0.0,1,-999.0,0.75,0,0.037815529634683376,0.007456356239745832,-0.3347719180848814,0.13367162599356358,365,0.061561482726031715,0.061561482726031715,0.00011826682846715106,-0.1532460215030167
30,200,0.005,1,-999.0,999.0,0,0.500893920269095,0.08466133027021683,-0.5297971846960081,0.5074762467195969,478,0.13063110364380973,0.13063110364380973,0.00015496638413220375,-0.15486344974180738
48,96,0.005,0,-999.0,999.0,1,1.1539758154693405,0.16598728361716497,-0.7014544133346508,0.5962274163582009,135,0.10332878294655046,0.4561587734957471,8.370597565060916e-05,-0.15492855223225035
30,200,0.0025,0,-999.0,999.0,1,0.9153316738665662,0.13890490062321148,-0.6429239432314131,0.545971537703564,136,0.10999684973222724,0.5409534810458889,6.822577341420869e-05,-0.15525849410731687
30,60,0.005,0,-999.0,1.5,1,0.9635836272494118,0.14459020275077683,-0.6585014484757573,0.5722280497074931,466,0.08193321432321747,0.3253439042318597,0.00010641297271604935,-0.15604911900172716
12,120,0.005,0,-999.0,999.0,1,1.1007744439859422,0.16016576721572018,-0.693358258577278,0.5865915040959764,183,0.10264622492911897,0.4353145017326473,8.623186041513147e-05,-0.15718378686811998
30,60,0.0025,0,-999.0,999.0,1,1.0793809237034888,0.15779151827068882,-0.6908877644246249,0.582392182217085,212,0.10264622492911897,0.43877979628268404,8.543768682901252e-05,-0.15853275483076934
30,120,0.0025,0,-999.0,999.0,1,0.8317377730950806,0.12877834449979497,-0.6306098953051498,0.5268939002158665,150,0.10201617137456684,0.49585214743253175,6.998828754290235e-05,-0.16018190814198657
12,60,0.0,0,-999.0,999.0,1,0.8236191073628545,0.12777528065612387,-0.6372252510158238,0.5250069516128361,311,0.10393258426966293,0.4445815394308516,7.8258491270494e-05,-0.16458699727114623
48,60,0.0025,1,-999.0,0.75,0,-0.00791059310305875,-0.0015882349372697835,-0.335293232534837,0.06887052948666031,345,0.05896251181350415,0.05896251181350415,9.825231534455505e-05,-0.16579132473035527
20,120,0.0025,1,-999.0,0.75,0,-0.017227432583208913,-0.0034718499107754264,-0.33219143946064833,0.05812543992542307,360,0.064422975952956,0.064422975952956,9.035265541467156e-05,-0.16666129764482843
20,120,0.0,1,-999.0,0.75,0,0.006033165817230124,0.0012045567029872473,-0.34599303106332113,0.09178965608033723,383,0.06749448703139767,0.06749448703139767,0.00010049060523326307,-0.16720247602465646
30,96,0.0025,1,-999.0,0.75,0,-0.011533099148892667,-0.002318920427786031,-0.34179471592315125,0.0651268196375405,355,0.06182400504042844,0.06182400504042844,9.501388051899049e-05,-0.16995993740748463
20,60,0.0,0,-999.0,1.5,1,0.6227480652599384,0.10173975701841598,-0.5938507459568441,0.4719799927021201,563,0.08140816969442402,0.3661923763519899,8.473194574783774e-05,-0.17158661632490005
30,60,0.0,0,-999.0,0.75,1,0.5290203065610362,0.08869922241361428,-0.5718540871400779,0.4455192842149425,605,0.06295285099233434,0.24341068990864223,0.00011161829482335773,-0.17495185694567755
20,96,0.005,0,-999.0,999.0,1,1.0226177738969238,0.15139587672481225,-0.7110207218112073,0.570184532305054,178,0.10361755749238685,0.428042633623858,8.489155016841451e-05,-0.1756052575655387
48,60,0.005,0,-999.0,999.0,1,1.0103741635175445,0.14999757254368973,-0.7176758883436856,0.567452741263135,164,0.10406384542686128,0.4270187965977108,8.440059237367547e-05,-0.1804677345649963
12,96,0.0,0,-999.0,0.75,1,0.4364476325368405,0.07517586283445543,-0.5520896144145435,0.4079967254332159,616,0.06326787776961042,0.2503412790087157,0.00010234492038576666,-0.18046910810115552
12,120,0.0,1,-999.0,0.75,0,-0.014188798181551832,-0.0028559558884344582,-0.36547855552110065,0.06321878879641808,382,0.06775700934579439,0.06775700934579439,9.172289365590523e-05,-0.18243429420916388
20,120,0.005,0,-999.0,999.0,1,0.8820899937962909,0.13492117527734715,-0.6905833231055772,0.5383333194539248,159,0.10364380972382653,0.44681297910322376,7.74719888044844e-05,-0.18345382030274524
48,96,0.0,1,-999.0,0.75,0,-0.0005016280365358616,-0.00010041447033370954,-0.3760644604847423,0.08252331989063545,382,0.06557807413630158,0.06557807413630158,0.0001004328838060689,-0.18400647871817308
30,200,0.005,0,-999.0,999.0,1,0.7828466559240193,0.12268313145156706,-0.6652770947417573,0.5160070166974342,129,0.11377717105954006,0.4947495537120655,6.941128595443586e-05,-0.1841550650844399
12,60,0.0025,0,-999.0,1.5,1,0.6613299497761407,0.10693311074999245,-0.6332533914941191,0.4861649623495629,548,0.08051559382547517,0.3322744933319332,9.2373659160013e-05,-0.18538533687958894
30,60,0.005,1,-999.0,0.75,0,-0.05532037670513201,-0.011325065324457761,-0.34973074467831455,-0.009608835988012472,315,0.05463089362595821,0.05463089362595821,7.26206610978551e-05,-0.18667087946301567
20,96,0.0,1,-999.0,0.75,0,-0.03541267813884896,-0.0071899497429691595,-0.3626828256864916,0.03209140388517438,374,0.06431796702719732,0.06431796702719732,8.572864901989839e-05,-0.18692679239195623
12,120,0.0025,1,-999.0,0.75,0,-0.04669576006111931,-0.009525132997614372,-0.3586236247340432,0.014675207088284953,358,0.06447548041583534,0.06447548041583534,7.714197418798054e-05,-0.18810318501022172
30,120,0.0,1,-999.0,0.75,0,-0.01348754866904267,-0.002714036881871884,-0.3813504146833526,0.06462117295198815,386,0.06741573033707865,0.06741573033707865,9.343737673717606e-05,-0.1901581855759488
20,96,0.0025,1,-999.0,0.75,0,-0.06416152931879893,-0.013183883306171262,-0.35368558000552186,-0.012671088924905096,353,0.06140396933739368,0.06140396933739368,7.16289741248983e-05,-0.19066022775517744
12,200,0.0,1,-999.0,1.5,1,0.47021017291617095,0.08018666949349162,-0.5893632126410593,0.42885360353645796,861,0.039089572613672165,0.19513283629108474,0.00014325092147006617,-0.1930522566502151
48,96,0.0025,1,-999.0,0.75,0,-0.04334818934586493,-0.008830012664021947,-0.3757760759478719,0.020207091849925723,358,0.06266407644649795,0.06266407644649795,8.104978741413233e-05,-0.1957076960454616
30,60,0.005,0,-999.0,999.0,1,0.9383221085600602,0.14162787219970863,-0.7399561892398422,0.5519603975294884,195,0.10514018691588785,0.4069358395463614,8.588727203700317e-05,-0.20075220254373805
30,120,0.0025,1,-999.0,0.75,0,-0.054855652853187054,-0.011227744480105217,-0.3804602515809966,0.0035266952058396776,363,0.06444922818439568,0.06444922818439568,7.49605855288792e-05,-0.20128153551031153
20,60,0.0,0,-999.0,0.75,1,0.3515547749114689,0.06214706325126307,-0.5653873386445445,0.3709497515775267,605,0.06279533760369631,0.23732017221463825,9.876813408225119e-05,-0.20199911849213284
30,120,0.005,0,-999.0,999.0,1,0.7382576699735577,0.1170065588630751,-0.6888384501552761,0.5041838718843219,139,0.10506143022156883,0.4565788091987819,7.150892526099992e-05,-0.20220347262034688
12,96,0.005,1,-999.0,0.75,0,-0.09531063071960144,-0.019846853471440218,-0.3591883292435806,-0.07129160099404955,325,0.058043683713115614,0.058043683713115614,5.176685717920693e-05,-0.20300559814293298
12,60,0.005,0,-999.0,1.5,1,0.7203591433190428,0.1146951219078507,-0.6884432928164105,0.5068562938582027,499,0.08025307151107844,0.3058122440407435,9.995493535743567e-05,-0.2041837098074444
48,200,0.0,1,-999.0,0.75,0,-0.043889128222973195,-0.008942206250276419,-0.3942176720603725,0.027041445026613615,430,0.07920298225349155,0.07920298225349155,7.80241456377151e-05,-0.20469897002913198
12,96,0.0,1,-999.0,0.75,1,-0.08341787188325966,-0.017281583449616167,-0.3825681119365768,0.05997042188792227,596,0.02711855507718156,0.10325002625223144,9.373378870423501e-05,-0.20556711832350846
20,200,0.0,1,-999.0,1.5,1,0.43792054434531136,0.07539641726373558,-0.6043549149637548,0.41388578349664257,863,0.039115824845111835,0.19515908852252442,0.000140338100169108,-0.2060867510433097
48,200,0.0025,1,-999.0,0.75,0,-0.06835871461619014,-0.014071246111369007,-0.3850140762391304,-0.009929543382056552,401,0.07408379712275544,0.07408379712275544,6.843282018668597e-05,-0.20707476140003706
20,200,0.0025,1,-999.0,1.5,1,0.39120309220526184,0.06831112105725023,-0.596151864312101,0.3925336342495261,795,0.03746193426441247,0.1819542161083692,0.00013961771125128365,-0.21013812938632395
12,60,0.0,1,-999.0,0.75,1,-0.033509394309319096,-0.0067981960625985716,-0.4182033305625992,0.10362256350493967,578,0.027617347474535335,0.09960096608211698,0.00010809327215194071,-0.21071873316865117
20,60,0.0025,0,-999.0,1.5,1,0.4966549593317493,0.08404753713093283,-0.6344313107199122,0.42950678957227395,525,0.08117189961146698,0.34059645069830935,8.22104659506634e-05,-0.2116927787504096
30,200,0.0,1,-999.0,0.75,0,-0.06096953460212784,-0.012511165003465274,-0.3989297284539495,0.0015641813023980085,419,0.0753439042318597,0.0753439042318597,7.340384102412864e-05,-0.2118978201653201
20,200,0.0,0,-999.0,0.75,1,0.31533477512047314,0.05638826168111599,-0.5759912198700352,0.3566361027393015,667,0.06951590885225244,0.29071721096293185,8.706031188906786e-05,-0.21377554311693653
30,60,0.0025,1,0.0,999.0,0,-0.17483864767065893,-0.037731337311959656,-0.3358118836722702,-0.20426330367261522,755,0.04670271973117715,0.04670271973117715,0.00013409064837824984,-0.21585044433172554
30,60,0.005,0,-999.0,0.75,1,0.36992849174604436,0.0650213289489725,-0.599712176928457,0.37898323931664873,509,0.06282158983513599,0.21035913052609473,0.00010665769251065545,-0.21588559754942357
12,200,0.0,1,-999.0,0.75,0,-0.07022751536034633,-0.01446737438903789,-0.40177955752846795,-0.012047795014149949,412,0.07481885960306627,0.07481885960306627,6.912753717899355e-05,-0.21595954290397937
12,200,0.0025,1,-999.0,1.5,1,0.3409521981903949,0.06047421475164638,-0.5954286233080798,0.36720589353353594,794,0.03769820434736953,0.18161293709965348,0.0001344911498624532,-0.2188798022257167
30,96,0.0,0,-999.0,0.75,1,0.4019249288952611,0.06995386272765303,-0.6172780773170614,0.3925375386968523,621,0.0630841121495327,0.2625485666281634,9.748393953098254e-05,-0.21905829899603507
20,200,0.0,1,-999.0,0.75,0,-0.07537633788302767,-0.015562070481799695,-0.40558723476590475,-0.019667228798889387,411,0.07455633728866953,0.07455633728866953,6.71984000709589e-05,-0.21933904930469653
48,120,0.0,1,-999.0,0.75,0,-0.059697715299474985,-0.01224363643585491,-0.4150646890399825,-0.0006677854121951468,395,0.06925338653785572,0.06925338653785572,7.468260652756461e-05,-0.2198093702264559
20,200,0.0025,1,-999.0,0.75,0,-0.09998815068012634,-0.020863189542649208,-0.39521608743361036,-0.059334344257914964,384,0.07009345794392523,0.07009345794392523,5.560077126883262e-05,-0.22143795047235013
30,200,0.0025,1,-999.0,0.75,0,-0.09900577748133377,-0.020649388650872402,-0.39716778723289237,-0.05708142434421402,391,0.07085477265567573,0.07085477265567573,5.68598330878602e-05,-0.2220873534845293
30,60,0.0025,0,-999.0,0.75,1,0.31048756375463005,0.055607986863349,-0.592128760276827,0.351300592880817,561,0.06266407644649795,0.22847317021946867,9.742628167413513e-05,-0.22289136363102366
30,60,0.0,1,0.0,999.0,0,-0.1588151806021194,-0.03402030753055907,-0.362348350642122,-0.16979014198868095,806,0.049537960726661764,0.049537960726661764,0.0001511933147578997,-0.22368398995105412
20,60,0.0025,1,0.0,999.0,0,-0.17603546322283992,-0.03801082591786753,-0.3515588762926103,-0.2075827228836147,760,0.04672897196261682,0.04672897196261682,0.0001344093345027335,-0.2241694002083534
20,60,0.0,0,-999.0,999.0,1,0.5646709329526469,0.09373279961049419,-0.681816566694025,0.45718081049583353,271,0.10372256641814555,0.45586999894991076,6.730139117648371e-05,-0.22431644321172664
48,60,0.005,1,-999.0,0.75,0,-0.11178134438589604,-0.02344450961704103,-0.39198527547111195,-0.09819279451376722,322,0.05578599180930379,0.05578599180930379,4.4583689832500614e-05,-0.22434678707828537
12,60,0.0025,0,-999.0,999.0,1,0.5992524940102908,0.09852853167739406,-0.6935052330511744,0.46524063335575544,284,0.10395883650110259,0.4121075291399769,7.373168856422394e-05,-0.22496205318040535
12,96,0.0,1,-999.0,1.5,1,0.3407851312777259,0.06044777080573893,-0.6083858642642521,0.3687311028396134,773,0.03394413525149638,0.16489026567258216,0.00014374257882439828,-0.22530860618440646
12,96,0.005,0,-999.0,0.75,1,0.2732550632112234,0.04953627668977112,-0.5836108265389381,0.3329492112804983,516,0.06250656305785991,0.21566208127690853,9.521979275156509e-05,-0.22562167601567304
20,60,0.005,0,-999.0,1.5,1,0.5113749477055758,0.0861730310948221,-0.6714838600564609,0.4348868881900908,481,0.08206447548041583,0.3141342014071196,8.690759744736963e-05,-0.2278245545239038
30,96,0.005,1,-999.0,0.75,0,-0.11754341566491144,-0.024715706166395512,-0.39964587456168044,-0.10367511266010439,331,0.05788617032447758,0.05788617032447758,4.2820462118059314e-05,-0.22972239908024095
12,200,0.0025,1,-999.0,0.75,0,-0.11363362131318122,-0.023852427567632617,-0.4038895804001017,-0.08001495676216198,386,0.07019846686968392,0.07019846686968392,5.02036434914561e-05,-0.22979796560579158
20,60,0.0,1,-999.0,0.75,1,-0.06059368066137072,-0.012432073566401858,-0.44975940506636947,0.07815096510714915,562,0.026304735902551717,0.09592565368056284,0.00010174444710718097,-0.23340422784422912
20,120,0.0,0,-999.0,0.75,1,0.34548390644454474,0.061190506475804485,-0.6264486155348002,0.36832996442540505,632,0.06460674157303371,0.2670114459729077,9.255666578350782e-05,-0.23361730307032538
48,120,0.0025,1,-999.0,0.75,0,-0.10355284829061018,-0.021640571083986315,-0.41710018365065993,-0.06921626068070043,372,0.065945605376457,0.065945605376457,5.420364803783073e-05,-0.2336514759433513
12,96,0.0025,0,-999.0,0.75,1,0.1853055498650058,0.03460882210508465,-0.5728295948004376,0.28912677683956806,572,0.06292659876089468,0.23503622807938676,8.387391730477554e-05,-0.23734963645315577
12,200,0.005,1,-999.0,1.5,1,0.3153823089221126,0.05639590198958677,-0.6232508267772419,0.35438240358824635,722,0.03685813294130001,0.1653365536070566,0.00013771530567207105,-0.23751039121962184
20,60,0.0,1,0.0,999.0,0,-0.1692805003860257,-0.036437594121253025,-0.384094211548504,-0.18894639498900714,813,0.04966922188386013,0.04966922188386013,0.00014584267927774154,-0.23793201964495536
20,60,0.0,1,-0.2,0.75,0,-0.17930191517550098,-0.0387752862284364,-0.3688396810897884,-0.30248110959807095,487,0.034810458889005566,0.034810458889005566,6.005935389145676e-05,-0.23831918225323415
20,96,0.0025,1,0.0,999.0,0,-0.2228010279617343,-0.049195019642965576,-0.35268091594770057,-0.28601226442808064,784,0.04854037593195422,0.04854037593195422,0.00010529180997428147,-0.23983609083821988
30,96,0.005,0,-999.0,0.75,1,0.3014866943999188,0.05415293720304959,-0.6232372928541081,0.34733948967993694,520,0.062900346529455,0.22697679302740734,9.557191091638023e-05,-0.24009873474000762
20,96,0.0,0,-999.0,0.75,1,0.3501006357824399,0.061918255217109364,-0.6418518774181767,0.37011043346432143,622,0.06339913892680878,0.2563530400084007,9.543341395300968e-05,-0.24050216181876294
20,120,0.005,1,-999.0,0.75,0,-0.1445757594360021,-0.030769615583033816,-0.40612447435273513,-0.14600225687621962,336,0.0599600966082117,0.0599600966082117,2.928927326558263e-05,-0.24113196560321237
30,60,0.0,1,0.0,1.5,0,-0.17458969126464174,-0.03767324004146988,-0.3895673887101647,-0.25047076135376495,673,0.039220833770870524,0.039220833770870524,0.0001245174301110266,-0.24498047246424048
20,60,0.005,0,-999.0,0.75,1,0.2378960732435098,0.04363715813925251,-0.6102374605310354,0.3140143282943732,505,0.06269032867793763,0.20403234274913368,9.428503174014466e-05,-0.24578085571154656
12,60,0.005,1,0.0,999.0,0,-0.193189664510792,-0.04205291643057374,-0.38440112137108473,-0.2418932488153175,730,0.04499632468759845,0.04499632468759845,0.00011805246628511504,-0.24634813955688198
48,96,0.0,1,0.0,1.5,0,-0.16616780141408383,-0.03571608789008385,-0.4001325551524463,-0.2199002683413849,724,0.042082326997794815,0.042082326997794815,0.00014028479422574793,-0.24677737888337622
20,60,0.005,1,0.0,999.0,0,-0.2077621766241502,-0.04554104019711158,-0.37664223842805955,-0.2722042612728003,720,0.04423500997584795,0.04423500997584795,0.00010584057041557028,-0.24747237247478138
20,200,0.005,1,-999.0,1.5,1,0.28881659644266855,0.05209103192350506,-0.633914078860946,0.3401007995865514,730,0.03698939409849837,0.16594035493016907,0.0001346365588190332,-0.24786096752764036
20,200,0.0025,0,-999.0,0.75,1,0.2165158957894906,0.0400044979241958,-0.6082317329815218,0.3107969209625991,615,0.06694319017116455,0.27265567573243726,8.157685532717518e-05,-0.24857152251843512
12,60,0.0025,1,0.0,999.0,0,-0.2166779547930855,-0.047700533314831706,-0.3753494862639102,-0.2775871256444825,779,0.04801533130316077,0.04801533130316077,0.00010895923182186329,-0.2492546327290109
48,60,0.0,0,-999.0,0.75,1,0.3337026105297116,0.05932429237665082,-0.6537255602640304,0.3628349767554186,609,0.061692743883230074,0.2539115824845112,9.44309591883371e-05,-0.24939673891759345
20,200,0.005,0,-999.0,0.75,1,0.24018332905731787,0.044022802298701924,-0.6194540611002198,0.32037467804223546,551,0.06694319017116455,0.24855612727081802,8.667875001773065e-05,-0.2496854943492962
30,60,0.0,1,-0.2,0.75,0,-0.20671856427128676,-0.04528953927892154,-0.3727610028633441,-0.3629686640130382,481,0.03460044103748819,0.03460044103748819,3.26056573092376e-05,-0.2498184739112455
20,96,0.0,1,0.0,999.0,0,-0.212844031408586,-0.04676952077336183,-0.3816783527521588,-0.2597994008439867,837,0.05145437362175785,0.05145437362175785,0.00012037920358961379,-0.25059866719164053
12,96,0.0025,1,0.0,999.0,0,-0.23295145891132585,-0.05169335895597349,-0.36936631804073006,-0.3059627458115612,803,0.04927543841226504,0.04927543841226504,0.00010166477427845279,-0.25167465526691657
20,96,0.005,1,-999.0,0.75,0,-0.16617058796869189,-0.0357167328337088,-0.4138388171158718,-0.18851752622158888,329,0.05770240470439987,0.05770240470439987,1.6409398556459078e-05,-0.25206201770272413
30,60,0.005,1,0.0,999.0,0,-0.2272744516672831,-0.05029283334998802,-0.3756692450943222,-0.30822842216709645,720,0.04434001890160664,0.04434001890160664,9.100261281776053e-05,-0.2535388770055039
20,120,0.005,0,-999.0,0.75,1,0.2645447773377736,0.04809537860432256,-0.6369277751383755,0.3298309611524411,526,0.06363540900976583,0.23049459204032344,9.140417664852604e-05,-0.25387696090724315
20,120,0.0025,1,0.0,999.0,0,-0.23915393306539412,-0.05323302770714178,-0.37035526502679295,-0.31137045375740696,819,0.050115509818334555,0.050115509818334555,0.00010067612226641921,-0.2539791829084086
48,96,0.005,1,-999.0,0.75,0,-0.14671432869149892,-0.03125505026241604,-0.43115246196611134,-0.15018222300514675,335,0.05833245825895201,0.05833245825895201,2.8664921413561615e-05,-0.25434039239572903
48,96,0.005,1,0.0,1.5,0,-0.1876620637724823,-0.040742988600882435,-0.4003829771272114,-0.2773193405765845,631,0.03685813294130001,0.03685813294130001,0.00010613893860333826,-0.2548004441933174
48,96,0.0025,1,0.0,999.0,0,-0.22259766766724498,-0.049145233634773855,-0.3835840118036925,-0.27801308157667004,811,0.04980048304105849,0.04980048304105849,0.00011088811586827072,-0.2548378936154536
30,60,0.0025,1,0.0,1.5,0,-0.2030591323268056,-0.04440973581650742,-0.39037981300313174,-0.31809198261650806,628,0.03688438517273968,0.03688438517273968,9.02367508647399e-05,-0.2555042414488987
20,120,0.0,1,0.0,1.5,0,-0.19511288336946708,-0.04251036318665635,-0.3980373615385252,-0.2795649191034473,732,0.04242360600651055,0.04242360600651055,0.0001193801722060551,-0.25550728991109134
12,96,0.0,1,0.0,999.0,0,-0.21318044178372242,-0.04685106779561954,-0.39164485497076407,-0.26104934374061134,858,0.052373201722146386,0.052373201722146386,0.00012322839008783806,-0.25572596246803214
12,120,0.005,1,-999.0,0.75,0,-0.16148688868690653,-0.03463512370953248,-0.42485180602880435,-0.17779249255791887,332,0.059828835451013335,0.059828835451013335,1.929303453730855e-05,-0.2559506513518306
30,60,0.0,1,-0.2,1.5,0,-0.14788513392679703,-0.03152122415805525,-0.433163535506643,-0.16333153096405517,710,0.05279323742518114,0.05279323742518114,0.00012234543232708648,-0.2562695684595795
20,60,0.0025,1,-0.2,0.75,0,-0.21624933857312334,-0.04759626937485739,-0.37788344928299233,-0.39751885595479836,462,0.03292029822534916,0.03292029822534916,1.5790191956833932e-05,-0.25641393681409347
48,60,0.0025,1,0.0,999.0,0,-0.2523190862647591,-0.05653463916514301,-0.3655627309147328,-0.3455429072718364,768,0.04720151212853092,0.04720151212853092,8.188535351611602e-05,-0.2565931499861012
20,60,0.0,1,0.0,1.5,0,-0.17961459282569925,-0.03884859093964799,-0.4092696915161139,-0.2623286561978303,679,0.03929959046518954,0.03929959046518954,0.00012195807194304847,-0.25659986950759645
48,96,0.0,1,0.0,999.0,0,-0.20354480388325913,-0.04452631513662775,-0.40180211425795354,-0.23650717428189416,865,0.05266197626798278,0.05266197626798278,0.000131386889202619,-0.25725273097969925
48,96,0.0025,1,0.0,1.5,0,-0.20015017665185386,-0.04371266481947211,-0.3976742032807178,-0.2946707924845489,677,0.039745878399663974,0.039745878399663974,0.00010445857902162651,-0.25728330608405847
48,96,0.0,0,-999.0,0.75,1,0.24363128764705344,0.04460307366485439,-0.6362167230523605,0.3229409080704942,630,0.06269032867793763,0.26971542581119395,8.475072792271792e-05,-0.2573582424578012
30,60,0.0,1,-999.0,0.75,1,-0.1365550419985041,-0.028957593180025776,-0.4577405236263642,0.005162518017832586,571,0.024992124330568098,0.09603066260632154,7.968483798252914e-05,-0.25756972909231624
48,120,0.0,1,-999.0,1.5,1,0.2835834890806901,0.05123467346869104,-0.6523241818569562,0.33726569595565714,830,0.03465294550036753,0.18345059330043054,0.00012932924282394636,-0.2580641326620042
12,96,0.0025,1,-999.0,1.5,1,0.21342098125657216,0.03947442481559582,-0.6249170462783564,0.2970746909343214,711,0.03431166649165179,0.1536543106164024,0.0001304601867721106,-0.2581303637768663
12,60,0.0,1,0.0,999.0,0,-0.200517439086622,-0.043800559700324815,-0.40683798253928416,-0.23998685105672146,836,0.05124435577024047,0.05124435577024047,0.0001282404942262012,-0.259218893522803
20,60,0.0025,1,0.0,1.5,0,-0.1990953793094581,-0.04346040539286189,-0.4022044742726989,-0.31162524836720146,632,0.03685813294130001,0.03685813294130001,9.50096978507538e-05,-0.2601439049475714
30,96,0.0025,1,0.0,999.0,0,-0.2470158213954462,-0.05519911466585892,-0.37756850949282617,-0.3283382193368157,795,0.04890790717210963,0.04890790717210963,9.089059222742115e-05,-0.2604002803791128
30,96,0.0,1,0.0,1.5,0,-0.21333035920409704,-0.04688741727305512,-0.3967008432467898,-0.31907299678276535,710,0.04118975112884595,0.04118975112884595,0.00010104842780268717,-0.2611914887355883
12,60,0.005,1,0.0,1.5,0,-0.18478837082027433,-0.04006479700828092,-0.41549314615228483,-0.2851539572167572,606,0.03536175574923869,0.03536175574923869,0.00010200395184099633,-0.2620690679452612
20,120,0.0,1,0.0,999.0,0,-0.22880736781122768,-0.050670192625993704,-0.3947825845833498,-0.28397477037377317,873,0.053055759739577865,0.053055759739577865,0.00011614201693783078,-0.26226022343635724
12,120,0.0,0,-999.0,0.75,1,0.22186681574151979,0.040918423019236094,-0.637692822167219,0.3108733491413515,636,0.06379292239840387,0.260737162658826,8.469487433043222e-05,-0.2623843206073058
30,120,0.005,1,-999.0,0.75,0,-0.16131218399780112,-0.034594872645241415,-0.4383234582576785,-0.17464687651082406,340,0.05998634883965137,0.05998634883965137,2.1488703939793834e-05,-0.2624889455996219
20,120,0.0025,1,0.0,1.5,0,-0.21841239853734884,-0.04812291559454629,-0.39538679840284086,-0.33610490321558706,684,0.03998214848262102,0.03998214848262102,9.054115254271794e-05,-0.2626215599567461
30,96,0.0025,0,-999.0,0.75,1,0.19060659481312725,0.0355332207547534,-0.6259029736676436,0.29449218744567934,577,0.06274283314081697,0.24745353355035177,8.26071781778681e-05,-0.2626936567067844
30,96,0.0,1,0.0,999.0,0,-0.2287813075605124,-0.05066377234077857,-0.3963915484241505,-0.2860369786082434,846,0.05166439147327523,0.05166439147327523,0.00011215180485566037,-0.263161395483266
12,200,0.0,0,-999.0,0.75,1,0.19377392518622316,0.03608397126469498,-0.6285975665180839,0.3008882638016148,668,0.06849207182610521,0.28586054814659245,7.910003247429819e-05,-0.2631703988042662
20,60,0.005,1,0.0,1.5,0,-0.20272876443048515,-0.044330467648315164,-0.4054267623387847,-0.3279408457581774,596,0.03475795442612622,0.03475795442612622,8.263144791053454e-05,-0.2634408911056164
48,60,0.0,1,0.0,999.0,0,-0.23993766126701688,-0.05342828987884518,-0.38934816642492687,-0.31313057010799805,818,0.04990549196681718,0.04990549196681718,0.00010025693220337219,-0.2637589015967085
12,60,0.0,0,-999.0,0.75,1,0.15974581216077244,0.030104725399939802,-0.6159176510823209,0.27380742521029605,617,0.06334663446392944,0.23230599600966081,8.351129411609474e-05,-0.26416372888070583
48,60,0.0,1,0.0,1.5,0,-0.23205259139414824,-0.05147105584287448,-0.3891661780707938,-0.36721243523630964,684,0.03950960831670692,0.03950960831670692,7.968783126406431e-05,-0.26441476664008684
12,60,0.0025,1,-999.0,0.75,1,-0.15531616331887343,-0.033217468025287356,-0.4621213077421409,-0.01733849500485891,532,0.027591095243095665,0.09280163813924183,6.963103166284437e-05,-0.26514504664660077
12,200,0.0,1,-999.0,0.75,1,-0.17831845014536718,-0.03854486645213573,-0.45212565209171307,-0.01805759540593789,668,0.02953376036963142,0.1201039588365011,6.812061858204283e-05,-0.26551057226828917
20,60,0.0,1,-0.2,1.5,0,-0.14738729235632952,-0.03140800783995934,-0.45228031698701365,-0.1635074363096269,716,0.05289824635093983,0.05289824635093983,0.00012371196245386238,-0.2657235381489475
48,60,0.005,0,-999.0,0.75,1,0.25223133637795936,0.046044824250622396,-0.6576974742907464,0.32319438787404997,512,0.06187650950330778,0.22028247401029089,9.272246042189362e-05,-0.26664419350104834
20,120,0.005,1,0.0,1.5,0,-0.21399029262080038,-0.047047492838178884,-0.40589664070010534,-0.33628213060104994,642,0.037278168644334767,0.037278168644334767,8.511861185010406e-05,-0.26680991971828405
30,60,0.0,1,-0.2,999.0,0,-0.21001082558525985,-0.04608384571390811,-0.4205530214866783,-0.2133656294238056,837,0.06644439777381077,0.06644439777381077,9.975273738801979e-05,-0.2670286379284375
12,60,0.005,0,-999.0,999.0,1,0.5363447383271454,0.08974097725780439,-0.7588298438951135,0.44598123576348214,263,0.10464139451853408,0.3807623648010081,7.504826816620142e-05,-0.2673748829015783
20,96,0.005,1,0.0,999.0,0,-0.24794103170498072,-0.055431567999856046,-0.39083771282463664,-0.3421799211138114,743,0.045862648325107634,0.045862648325107634,7.982998834606117e-05,-0.2679594204678649
20,120,0.0025,0,-999.0,0.75,1,0.18217948480942958,0.03406214638324423,-0.6353256928106876,0.29051933814433045,585,0.06400294024992124,0.251443872729182,8.118266253504531e-05,-0.26907473311488306
20,60,0.0,1,0.0,0.75,0,-0.26664323580024263,-0.06018015667739185,-0.36010780637988327,-0.5888397375154635,460,0.02588470019951696,0.02588470019951696,-5.4230177539654765e-05,-0.26967604674310663
12,96,0.005,1,0.0,999.0,0,-0.25046218621149396,-0.05606615532448689,-0.3931165204943107,-0.34820928137321844,757,0.04636144072246141,0.04636144072246141,8.09038515790812e-05,-0.27003487964030315
20,60,0.0025,0,-999.0,0.75,1,0.16078881408542345,0.030290067843398383,-0.6296301443976777,0.2736793806303551,560,0.06261157198361861,0.22212013021106794,8.360310125147204e-05,-0.27084103532392273
20,96,0.0,1,0.0,1.5,0,-0.22653667548198209,-0.050111427761051486,-0.4074616787348022,-0.3497869917884979,704,0.04105848997164759,0.04105848997164759,8.82677432939389e-05,-0.2713316167178775
48,96,0.005,1,0.0,999.0,0,-0.2375203470656314,-0.05282654407906706,-0.4069888073098823,-0.31333176184612876,762,0.046545206342539114,0.046545206342539114,9.286539644001994e-05,-0.27198753582631463
20,96,0.005,0,-999.0,0.75,1,0.23815481438650266,0.0436808119232972,-0.6637267276767773,0.31624131798855065,522,0.06295285099233434,0.2216738422765935,9.145001828811358e-05,-0.27237048601566394
30,60,0.005,1,0.0,1.5,0,-0.22721558804735242,-0.050278354784478174,-0.4069896526788208,-0.3801583230143209,596,0.034889215583324584,0.034889215583324584,5.9075977143377896e-05,-0.27278109727460464
30,96,0.005,1,0.0,1.5,0,-0.22876088461502697,-0.0506587410010666,-0.40766547354172655,-0.3699812861825844,625,0.03641184500682558,0.03641184500682558,6.712846633009007e-05,-0.2729905420810591
12,120,0.0025,1,0.0,999.0,0,-0.26448479164494443,-0.05962720538643418,-0.39052436007575886,-0.36213418658119606,822,0.05027302320697259,0.05027302320697259,8.32147297045041e-05,-0.2729960947533734
12,96,0.0,1,0.0,1.5,0,-0.21727295574591476,-0.04784534719164357,-0.4184826090704581,-0.33150947517056517,719,0.04176730022051874,0.04176730022051874,9.882907910801379e-05,-0.27366212548540086
48,60,0.0025,1,0.0,1.5,0,-0.2564548977031048,-0.05758143176194108,-0.3908326244997282,-0.43136478062144046,640,0.037304420875774444,0.037304420875774444,4.509482013942221e-05,-0.2745659830428772
20,60,0.0025,1,-0.2,999.0,0,-0.238674692629827,-0.05311370647356417,-0.4166087512701553,-0.27005993330103195,793,0.06279533760369631,0.06279533760369631,7.972169398695375e-05,-0.27492107877369343
20,60,0.0025,0,-999.0,999.0,1,0.40318522392522405,0.07014629760480195,-0.7310574514759789,0.4068839610864748,250,0.10424761104693898,0.4235797542791137,6.362200295795132e-05,-0.27503823007886374
30,96,0.0025,1,0.0,1.5,0,-0.24402148791164213,-0.05444836980589918,-0.40224269746359154,-0.3935800899786978,665,0.03893205922503413,0.03893205922503413,6.383514527882555e-05,-0.27524872303662984
48,96,0.0,1,-0.2,1.5,0,-0.15976181020107516,-0.03423796799616763,-0.4664069749608808,-0.17049511363617464,773,0.056836081066890684,0.056836081066890684,0.00012375167735156176,-0.27596621115841674
48,60,0.0,1,-0.2,0.75,0,-0.23789288245648554,-0.05291918034278642,-0.40373004964997095,-0.4323379241715189,490,0.03499422450908327,0.03499422450908327,5.936963585921066e-06,-0.2764011013763478
48,96,0.005,0,-999.0,0.75,1,0.20581754643317485,0.038167560261750166,-0.6604922250098897,0.3018676803253926,528,0.06140396933739368,0.23325107634148903,8.607032452054535e-05,-0.27698516822692504
48,60,0.005,1,0.0,1.5,0,-0.2483342502079735,-0.05553043097291521,-0.4007963701885704,-0.423702063443016,603,0.03509923343484196,0.03509923343484196,4.107836422917351e-05,-0.2771137192393512
30,60,0.0025,1,-0.2,999.0,0,-0.24785712235575386,-0.05541047686914502,-0.4153148571632499,-0.28464777138344594,787,0.06274283314081697,0.06274283314081697,7.361943100158623e-05,-0.2773002940199423
20,60,0.0025,1,-0.2,1.5,0,-0.18385372650708076,-0.039844633045858946,-0.451404456580614,-0.23722481039779475,669,0.04980048304105849,0.04980048304105849,9.48955510894447e-05,-0.2774081018560557
20,60,0.0,1,-0.2,999.0,0,-0.2173024942877788,-0.04785253870212991,-0.4373207960196904,-0.2262508916544806,845,0.06662816339388848,0.06662816339388848,9.726821332526651e-05,-0.27782548129469914
12,60,0.0,1,-999.0,1.5,1,0.19075235499371668,0.03555859193921984,-0.6552674384370778,0.2834833567467219,756,0.03512548566628163,0.1566733172319647,0.00012893886633737813,-0.27790095944198295
20,96,0.0025,1,0.0,1.5,0,-0.24834265181846005,-0.055532543756665054,-0.40438993541727086,-0.40724363606435027,657,0.03864328467919773,0.03864328467919773,5.7269146726127704e-05,-0.278089693268518
30,60,0.0,1,0.0,0.75,0,-0.28248379935052514,-0.06427853264230199,-0.3647099947077499,-0.6299912297319534,457,0.02580594350519794,0.02580594350519794,-7.782488205990312e-05,-0.2781330914827746
30,96,0.005,1,0.0,999.0,0,-0.25814404849910366,-0.05801030330496271,-0.4049773134721256,-0.3579752487780013,752,0.04602016171374567,0.04602016171374567,7.484064266784008e-05,-0.27839772247992556
12,96,0.0,1,-999.0,999.0,1,0.20659276864378118,0.0383011053078357,-0.6638018595250336,0.30367561421792544,800,0.04562637824215058,0.20681507928173895,0.00011560026140829675,-0.2784160437437848
48,120,0.0,1,0.0,1.5,0,-0.2159091888226815,-0.04751355798625334,-0.4305904168028476,-0.3136670563050857,757,0.04368371311561483,0.04368371311561483,0.00010866811342288856,-0.27849211920293143
20,200,0.0,1,-999.0,0.75,1,-0.1888864269910483,-0.041032521433538194,-0.47258484979743276,-0.028492110962832867,667,0.029297490286674367,0.1198151842906647,6.53451310261072e-05,-0.27874955188039624
48,60,0.005,1,0.0,999.0,0,-0.27005880126352466,-0.0610578235989635,-0.39692268569133127,-0.3893816408095484,728,0.044628793447443034,0.044628793447443034,5.9705123590567087e-05,-0.27898824848510656
20,96,0.0025,0,-999.0,0.75,1,0.16766739772975137,0.031509073920332975,-0.6493405070610865,0.2818738582018169,577,0.06305785991809304,0.24115299800483042,8.201048716853386e-05,-0.27906748670011944
20,60,0.0025,1,0.0,0.75,0,-0.2884783351308786,-0.0658483667307338,-0.3601309472743538,-0.6646743213275038,432,0.02433581854457629,0.02433581854457629,-0.00010634263229712956,-0.2791475564342859
20,120,0.005,1,0.0,999.0,0,-0.26095853721157525,-0.05872663370556963,-0.4065613685284025,-0.3618254494575612,773,0.047017746508453216,0.047017746508453216,7.719000301254243e-05,-0.28009859044264895
30,120,0.0,1,0.0,1.5,0,-0.22006612698271322,-0.048526340376915944,-0.4305847969806218,-0.32672646921224535,737,0.04255486716370892,0.04255486716370892,0.00010155316325821662,-0.2801550623278391
48,200,0.0,1,-999.0,1.5,1,0.1810122211914975,0.03385772275537069,-0.6564433702496343,0.2821428618215723,916,0.04271238055234695,0.2115142287094403,0.00010977591991116437,-0.2802568192783678
30,200,0.0,0,-999.0,0.75,1,0.1450179739931059,0.02747323426259629,-0.6434437997804774,0.2794530853374714,678,0.07103853827575343,0.2963876929539011,7.420177180700088e-05,-0.28027601136076885
30,60,0.0025,1,-0.2,0.75,0,-0.2584769044388755,-0.058094906775538746,-0.39484307012740427,-0.4982831663142295,458,0.03284154153103014,0.03284154153103014,-2.9748082370248396e-05,-0.28043060015495236
48,120,0.005,1,0.0,1.5,0,-0.2228280240381587,-0.04920162951829643,-0.4279365970263699,-0.34596645750673183,659,0.03814449228184396,0.03814449228184396,8.233565263995758e-05,-0.280468250906818
12,96,0.0025,1,-999.0,0.75,1,-0.2190588406201207,-0.04828053289676826,-0.456430012401433,-0.08286433277981821,552,0.027407329623017958,0.09676572508663236,4.8914585542157634e-05,-0.2806387557364757
30,60,0.0025,1,-0.2,1.5,0,-0.20160605699849954,-0.04406128246556651,-0.4478140725616595,-0.26930177770323155,665,0.04982673527249816,0.04982673527249816,8.241444449386767e-05,-0.28143340763155783
12,96,0.005,1,0.0,1.5,0,-0.2401712162489973,-0.053486510143682,-0.4158410158012322,-0.4018480961818258,628,0.036648115089782635,0.036648115089782635,5.63742262910642e-05,-0.2814994228533894
12,60,0.0,1,0.0,1.5,0,-0.19559038386547434,-0.04262407441586513,-0.4493142398703889,-0.2896240753904485,702,0.04069095873149218,0.04069095873149218,0.00011321305108872806,-0.281762398120582
20,60,0.005,1,0.0,0.75,0,-0.2890718419688908,-0.06600436768681539,-0.3656178382482663,-0.6841854578353701,407,0.022996954741152997,0.022996954741152997,-0.00012904854993897933,-0.28302255970271706
48,120,0.0025,1,0.0,1.5,0,-0.235329181888563,-0.05228241094528041,-0.4257680643515199,-0.36299429621539664,708,0.04118975112884595,0.04118975112884595,8.257251980592054e-05,-0.2833161579318102
12,96,0.0,1,-0.2,1.5,0,-0.20019793375833472,-0.043724092436650985,-0.45434904263694087,-0.25095204323915316,762,0.05623227974377822,0.05623227974377822,9.829578314868054e-05,-0.2834462159170791
20,96,0.005,1,0.0,1.5,0,-0.24696037701137907,-0.05518519186630122,-0.416608787272688,-0.4152967760583449,620,0.03635934054394623,0.03635934054394623,4.7650752703755606e-05,-0.28425442430556247
12,96,0.0025,1,0.0,1.5,0,-0.2489535488868423,-0.05568621892420589,-0.4166528763787237,-0.41028858518836026,670,0.039168329307991176,0.039168329307991176,6.014029746555294e-05,-0.28452708637298574
48,200,0.0025,1,-999.0,1.5,1,0.14785400812327043,0.027982057865677312,-0.6525957528134569,0.2619717688898293,844,0.04024467079701775,0.19749553712065526,0.00010786261838839384,-0.2852172300965597
12,120,0.0,1,0.0,999.0,0,-0.26288102756996745,-0.05921719218016819,-0.41990733126828894,-0.3494478824088212,883,0.0535020476740523,0.0535020476740523,9.524852567988513e-05,-0.2866432519347537
30,120,0.005,1,0.0,1.5,0,-0.23044202407904113,-0.05107325895057979,-0.4346508893609494,-0.36693455212320153,643,0.037278168644334767,0.037278168644334767,7.11280376028795e-05,-0.2867454312372146
30,120,0.0025,1,0.0,999.0,0,-0.2650889388606823,-0.05978184517471463,-0.4183255348014746,-0.35772888567843664,823,0.050194266512653574,0.050194266512653574,8.379992466741385e-05,-0.28683105685937377
30,96,0.0,1,-0.2,1.5,0,-0.2002676671968494,-0.04374077966746204,-0.4625466415027125,-0.24675434721655096,756,0.055602226189226084,0.055602226189226084,9.848988357801885e-05,-0.28735181777964586
48,120,0.0025,1,-999.0,1.5,1,0.16842042915865552,0.03164217524372792,-0.6657890362741741,0.2714377463258855,771,0.033655360705659984,0.17263467394728552,0.00011743019710448417,-0.28768045557706484
12,60,0.0025,1,0.0,1.5,0,-0.22425789348457947,-0.049551989771739136,-0.4404376087846915,-0.35997376161286776,651,0.03796072666176625,0.03796072666176625,7.742001059647841e-05,-0.28776948224472826
48,120,0.0025,1,0.0,999.0,0,-0.2668575204935292,-0.06023512323902036,-0.4202960573190939,-0.35719866010907214,845,0.05148062585319752,0.05148062585319752,8.65285250119118e-05,-0.28824308490402095
48,60,0.0,1,-0.2,1.5,0,-0.21793352007786182,-0.04800622133948762,-0.4522406278096166,-0.2884386145361045,724,0.05347579544261262,0.05347579544261262,8.25065191851205e-05,-0.2885484659711011
30,120,0.0025,1,0.0,1.5,0,-0.2427127408252221,-0.054120985090236995,-0.4305315758786372,-0.38369870570877435,687,0.04003465294550037,0.04003465294550037,7.11613480282635e-05,-0.28857170831499435
30,96,0.0,1,-999.0,0.75,1,-0.19102543629438096,-0.04153918626590036,-0.49114318527993517,-0.04250671872558512,608,0.024703349784731703,0.10435261997269768,6.373988187197006e-05,-0.28923611484214723
12,60,0.0,1,-0.2,0.75,0,-0.24926346180164505,-0.05576421778193863,-0.4214624424611837,-0.4622304909196694,506,0.03607056599810984,0.03607056599810984,4.2591929793350716e-07,-0.28960696355851395
20,60,0.0025,1,-999.0,0.75,1,-0.17888698838905248,-0.0386780445286804,-0.4989284151236283,-0.04389116537846425,519,0.02675102383702615,0.08965137036648115,6.136003505183617e-05,-0.2903368103594178
12,96,0.005,1,-999.0,1.5,1,0.1442797189871119,0.027340615801358936,-0.6617888066171813,0.2535109151812462,655,0.034337918723091464,0.14275963456893837,0.000123293475080876,-0.2908782417481694
48,120,0.005,1,-999.0,0.75,0,-0.20134305757754867,-0.04399826836245735,-0.46942789103830584,-0.2434980334198153,349,0.061036438097238264,0.061036438097238264,2.232232279291027e-06,-0.29088711555260105
30,96,0.0,1,-999.0,1.5,1,0.1747669110107335,0.032761223902361136,-0.6758459496579534,0.2748204686059828,788,0.031056389793132418,0.1666754174104799,0.00012323684199146143,-0.2914207274963164
12,96,0.0,1,-0.2,0.75,0,-0.27162417782533343,-0.061461162352655085,-0.4091957326625477,-0.5100265707102989,520,0.03688438517273968,0.03688438517273968,-1.553559236621588e-05,-0.2915603572194439
48,60,0.0025,0,-999.0,0.75,1,0.1389283678797124,0.026377259694433608,-0.6627845013113569,0.26678829479319366,566,0.06153523049459204,0.23921033287829466,7.93518232371586e-05,-0.2916755762215852
48,96,0.0,1,-999.0,1.5,1,0.1695488090471764,0.03184149253128221,-0.6757261375931541,0.27234916052542707,810,0.031187650950330777,0.17373726766775177,0.00012009701599435482,-0.2924041182390235
12,60,0.005,0,-999.0,0.75,1,0.09504181402947176,0.018337043284786025,-0.6451380101727557,0.23224370095180522,510,0.061613987188911055,0.19880814869263888,7.988734074056147e-05,-0.2926197767540016
30,200,0.0,1,-999.0,1.5,1,0.15789435722197376,0.02977539143169272,-0.6724504669951341,0.2677948901508398,891,0.039824635093982985,0.1995432111729497,0.00011099733001258774,-0.29306009755833234
12,120,0.005,1,0.0,999.0,0,-0.27680136275961154,-0.062800086070807,-0.4215107957925692,-0.3959109424314605,774,0.04717525989709125,0.04717525989709125,6.488336358537435e-05,-0.29335103108866467
12,120,0.005,1,0.0,1.5,0,-0.2517650659519237,-0.05639476611442751,-0.4322513998432589,-0.42163389856671846,642,0.037330673107214114,0.037330673107214114,5.010301889084869e-05,-0.2936021609643929
48,120,0.005,1,-999.0,1.5,1,0.15565215892313233,0.029375988227713812,-0.6731835197913869,0.26279334463046533,711,0.03336658615982358,0.15827470334978475,0.00012008521188269893,-0.2940761044364564
12,60,0.005,1,-999.0,0.75,1,-0.1903765328136081,-0.041385368082195506,-0.49950546455057276,-0.05991382262237188,486,0.026278483671112046,0.08602856242780636,5.358338249128441e-05,-0.29413379148860047
30,60,0.0025,1,0.0,0.75,0,-0.31150962276457284,-0.07197992894926342,-0.3717251806501358,-0.729290909552127,431,0.024362070776015963,0.024362070776015963,-0.0001418958101884194,-0.2943070647519377
30,120,0.0,1,0.0,999.0,0,-0.2561639566811629,-0.057507641189198044,-0.4408204603927184,-0.3318106024991168,880,0.05323952535965557,0.05323952535965557,0.00010000157065866634,-0.29450840151051305
20,120,0.0,1,-0.2,1.5,0,-0.209369944695743,-0.04592901650969339,-0.4714786916682532,-0.2605740652522195,780,0.057334873464244464,0.057334873464244464,9.610531888641902e-05,-0.29469706560643094
12,96,0.0025,1,-999.0,999.0,1,0.15587115446714006,0.029415025244476256,-0.6760808707172146,0.27579152124262113,737,0.04623017956526305,0.19240260422135883,0.00011215882697921749,-0.294835834052
20,200,0.005,1,-999.0,0.75,0,-0.2198264498109468,-0.048467829090568904,-0.4659622296178526,-0.26949907437637793,358,0.06447548041583534,0.06447548041583534,-4.771342552225956e-06,-0.2949238976183141
20,60,0.005,1,-0.2,0.75,0,-0.26207936042369506,-0.05901250793814372,-0.4196475096225952,-0.5291041536162852,432,0.031030137561692744,0.031030137561692744,-4.841908434283339e-05,-0.2952914704302556
12,200,0.005,1,-999.0,0.75,0,-0.22226335502170624,-0.04906341093049116,-0.46661334763751106,-0.2743546286743051,356,0.0642392103328783,0.0642392103328783,-6.5227921177147625e-06,-0.2960878161829619
12,120,0.0,1,0.0,1.5,0,-0.2523538085952558,-0.0565434082435623,-0.43924708259560874,-0.4006490079533295,742,0.042764885015226295,0.042764885015226295,7.602319978969907e-05,-0.29619939993903316
12,120,0.0025,1,0.0,1.5,0,-0.26572464782857363,-0.05994467345548893,-0.42913304994971324,-0.44146576150216466,687,0.04003465294550037,0.04003465294550037,5.0222701880836317e-05,-0.29658448650545377
48,96,0.0025,1,-0.2,1.5,0,-0.20594348049349065,-0.04510292247131842,-0.47703184919513864,-0.25958365514973836,725,0.05384332668276803,0.05384332668276803,9.037008209604038e-05,-0.2965980298263747
30,120,0.0,0,-999.0,0.75,1,0.08596174038022819,0.016641446496577394,-0.6524760343702178,0.24382580779885252,637,0.06444922818439568,0.2716843431691694,7.122050920378691e-05,-0.2974052802985889
12,60,0.0,1,-0.2,1.5,0,-0.19587885011031647,-0.042692795483852075,-0.4849921568143206,-0.246633390407957,738,0.05463089362595821,0.05463089362595821,9.754026328891536e-05,-0.2975205434114102
48,200,0.005,1,-999.0,0.75,0,-0.21794932300708114,-0.048010071323257075,-0.47420205928681636,-0.2611793998518143,373,0.06728446917988029,0.06728446917988029,-1.852418154856908e-07,-0.29817007095925596
48,60,0.0,1,-999.0,0.75,1,-0.20684808932055698,-0.045320739227139084,-0.500825115207818,-0.06177265662420541,592,0.0234694949070671,0.09965347054499632,5.874814674644937e-05,-0.29882192966225835
30,200,0.005,1,-999.0,0.75,0,-0.22617193204132946,-0.05002179518200578,-0.47102659040587946,-0.279367905113474,364,0.06515803843326683,0.06515803843326683,-6.628199866205258e-06,-0.29950348564061924
12,96,0.0,1,-0.2,999.0,0,-0.26881345836460846,-0.060737439354341616,-0.447453367282563,-0.3059439551632482,896,0.07025097133256326,0.07025097133256326,7.72019222458258e-05,-0.29976132075378553
20,60,0.005,1,-0.2,1.5,0,-0.22104391064220041,-0.04876519132861279,-0.47126753755359196,-0.31982345252705113,632,0.047017746508453216,0.047017746508453216,6.288435673273087e-05,-0.30039013273176135
12,60,0.0025,1,-999.0,1.5,1,0.10020101031480966,0.019295457987795972,-0.6618919379395916,0.22445822615701547,690,0.03525674682348,0.14493856977843117,0.00011751665304046504,-0.300427599674149
48,60,0.0025,1,-0.2,0.75,0,-0.2804315420272546,-0.06374350301429921,-0.4189191119841442,-0.5483643376768764,466,0.03331408169694424,0.03331408169694424,-4.937721850783987e-05,-0.30062127589021514
48,120,0.0,1,0.0,999.0,0,-0.2610098244196697,-0.0587397073128062,-0.45114921626490334,-0.33696428552254665,903,0.05455213693163919,0.05455213693163919,0.00010043453501291103,-0.3011625297213852
20,120,0.0025,1,-0.2,1.5,0,-0.23618004431632333,-0.05249355773288045,-0.47046303730879224,-0.3199468883384992,730,0.05418460569148378,0.05418460569148378,7.18294526014746e-05,-0.30372242080420153
12,120,0.005,0,-999.0,0.75,1,0.10081494699552329,0.019409268423779213,-0.6708212300856042,0.2439723043232826,529,0.06240155413210123,0.22485036228079386,7.708870933118242e-05,-0.3038027314028588
30,120,0.005,1,0.0,999.0,0,-0.2787769219483972,-0.06331302661111238,-0.4419494121080033,-0.3933425489161622,776,0.047070250971332564,0.047070250971332564,6.47702312006602e-05,-0.30395486011092215
48,96,0.0025,0,-999.0,0.75,1,0.08884792361059235,0.017181632611288133,-0.666799572286001,0.24325882294259218,584,0.06185025727186811,0.25438412265042526,7.262511026529592e-05,-0.3040552123845827
48,200,0.005,1,-999.0,1.5,1,0.10520403534573153,0.020221433900283747,-0.6730651912742835,0.23475072735337027,770,0.0389583114564738,0.17856767825265146,0.0001070196293387257,-0.3045736253691895
30,120,0.0,1,-999.0,1.5,1,0.15527232922898593,0.029308267711198432,-0.6944240378406332,0.26374162538953105,813,0.032500262522314395,0.17552241940564947,0.0001172339008234535,-0.30471666993964164
48,120,0.005,1,0.0,999.0,0,-0.28040997109165644,-0.06373788589228291,-0.4428370886791253,-0.39250391262092654,793,0.048067835766040116,0.048067835766040116,6.727835509799538e-05,-0.30478162586289187
30,96,0.0,1,-0.2,0.75,0,-0.2773238792156577,-0.06293564480240155,-0.43349940711447865,-0.5164177925189378,516,0.0364906017011446,0.0364906017011446,-2.217709261562057e-05,-0.30550623798558774
12,96,0.0025,1,-0.2,1.5,0,-0.25102148023109827,-0.05620716378911861,-0.46302666963190864,-0.35795053238638663,713,0.05295075081381918,0.05295075081381918,5.864917349481332e-05,-0.30561802522439224
20,120,0.0,1,-999.0,0.75,1,-0.22985839262931873,-0.050929271149609656,-0.5039624274548411,-0.08172615730884146,621,0.026593510448388112,0.10839546361440723,5.148506255136858e-05,-0.30699679274247227
48,96,0.0,1,-999.0,0.75,1,-0.21321096375821846,-0.04685846780614711,-0.5140151590366612,-0.0634845200755444,620,0.02399453953586055,0.10716160873674262,5.7287848671470057e-05,-0.3070402733282549
48,60,0.0,1,0.0,0.75,0,-0.31555526212638996,-0.07307387783953578,-0.3972686510867949,-0.7231985966241701,463,0.025858447968077288,0.025858447968077288,-0.00012224135062892632,-0.30786813321414175
30,200,0.0025,1,-999.0,1.5,1,0.09945882717982157,0.019157805619935298,-0.6774813103709542,0.23117545170787238,820,0.03785571773600756,0.18644334768455317,0.000105311409443022,-0.30802407698014816
48,120,0.0,0,-999.0,0.75,1,0.05006290080015208,0.00982465348469952,-0.6588507225514232,0.2268187837346477,644,0.06607686653365535,0.28050509293289927,6.712295938005864e-05,-0.30825976860427967
20,120,0.0,1,-0.2,0.75,0,-0.27924540650138474,-0.0634348302740565,-0.4381087435522567,-0.5169457742892213,535,0.0377244565788092,0.0377244565788092,-1.636639080854555e-05,-0.3083364907646459
12,60,0.005,1,0.0,0.75,0,-0.31816463040460086,-0.07378220296101712,-0.39204966625097704,-0.7707245031494265,417,0.02336448598130841,0.02336448598130841,-0.0001681086335054871,-0.308343261243977
12,96,0.0025,1,-0.2,999.0,0,-0.30421486539940434,-0.07002033911893168,-0.440340187979688,-0.37889442916449023,842,0.06623437992229339,0.06623437992229339,5.050672607590869e-05,-0.3091351545670002
20,96,0.0,1,-0.2,0.75,0,-0.2889013363132755,-0.06595954027945428,-0.43121703960736224,-0.5515358350192687,511,0.03628058384962722,0.03628058384962722,-3.627153384001236e-05,-0.30914485183409884
12,200,0.0025,0,-999.0,0.75,1,0.058092948655462884,0.011365473672524828,-0.6641999853132892,0.22892948531368287,618,0.06607686653365535,0.2678515173789772,6.889523249350098e-05,-0.30928804471843563
20,60,0.005,1,-0.2,999.0,0,-0.28497775527393965,-0.06493036446717426,-0.4532484880098986,-0.3629921617295316,753,0.05946130421085792,0.05946130421085792,4.651015825602469e-05,-0.30970421655860014
12,200,0.005,0,-999.0,0.75,1,0.07828770613269143,0.015199546174113232,-0.6753730928230555,0.23686178877276068,551,0.0657618397563793,0.2440144912317547,7.262533387446954e-05,-0.31064391079877646
12,96,0.005,1,-999.0,999.0,1,0.1170651290460043,0.022403400000585272,-0.6922524187729522,0.2535894068871452,682,0.046466449648220096,0.1791977318072036,0.00011030755499188482,-0.3110433390415336
20,60,0.0,1,-999.0,1.5,1,0.09587943844716174,0.018492892531074334,-0.6821295275127507,0.2226229411288483,738,0.03444292764885015,0.15100283524099548,0.00011716813424452207,-0.3114407241688586
30,200,0.005,0,-999.0,0.75,1,0.08022148315235822,0.015563661741304635,-0.6785219714973033,0.24068956227038973,559,0.06757324372571669,0.2531765200042004,7.184873869871009e-05,-0.31166284589382753
48,60,0.0025,1,-0.2,1.5,0,-0.2644427804397317,-0.059616455819328174,-0.4657079583575139,-0.3897757393386939,679,0.050640554447128006,0.050640554447128006,4.2689315607204065e-05,-0.3119592219650198
20,120,0.0,1,0.0,0.75,0,-0.321042527670954,-0.0745659403809551,-0.40300489295280406,-0.7178657512300323,500,0.02790612202037173,0.02790612202037173,-0.00010208322661298412,-0.31196167441885875
12,60,0.0,1,-0.2,999.0,0,-0.2750521294768523,-0.06234684419572645,-0.4672595985190877,-0.32007149557825026,866,0.06849207182610521,0.06849207182610521,6.979198781159914e-05,-0.3119802182341828
30,200,0.0,1,0.0,1.5,0,-0.26394245052603127,-0.059488472234106804,-0.4647660132567536,-0.4027011362941699,823,0.04720151212853092,0.04720151212853092,8.482212671461606e-05,-0.3120065356771921
20,96,0.0,1,-0.2,1.5,0,-0.2473701975626873,-0.05528812246468928,-0.4811171354308633,-0.3396492445825361,747,0.05531345164338969,0.05531345164338969,6.760185235873678e-05,-0.31282915240924775
12,120,0.0,1,-0.2,1.5,0,-0.23222339406897796,-0.051513281825649404,-0.49322826102232553,-0.30345966419464393,790,0.05770240470439987,0.05770240470439987,8.437712986489546e-05,-0.3133003955465444
30,60,0.0025,1,-999.0,0.75,1,-0.2477208205447078,-0.05537622058234015,-0.5043333394389055,-0.1213093771306446,529,0.025412160033602856,0.0899926493751969,3.693427365318114e-05,-0.31360835915832513
48,200,0.005,1,0.0,1.5,0,-0.27060817222531963,-0.06119929699805615,-0.46168851500903785,-0.43379997554846944,719,0.04132101228604431,0.04132101228604431,5.6349701093623835e-05,-0.3137335532799985
30,60,0.005,1,0.0,0.75,0,-0.3298956753432045,-0.0769936942161421,-0.39324066177749384,-0.8073020034782511,410,0.02312821589835136,0.02312821589835136,-0.00019344756419348435,-0.31397912527880156
12,60,0.005,1,-0.2,1.5,0,-0.23391954349026312,-0.051933013640400705,-0.4901137231610684,-0.3416803989091837,641,0.047779061220203714,0.047779061220203714,5.56514613135747e-05,-0.31407389516639406
48,96,0.0,1,-0.2,0.75,0,-0.2871282407269624,-0.06549388698681757,-0.44421068288122134,-0.5373461883933424,523,0.03709440302425706,0.03709440302425706,-2.8737908159107912e-05,-0.3144665378470954
20,96,0.0,1,0.0,0.75,0,-0.3295906023567623,-0.07690961003532826,-0.39991695963884255,-0.7568313907974432,478,0.026934789457103855,0.026934789457103855,-0.0001296922999649305,-0.3147096593946217
20,60,0.005,0,-999.0,999.0,1,0.30950390116142823,0.05544936111408161,-0.7780553823527421,0.37364533614991546,232,0.10598025832195737,0.39239210332878294,6.228732442573673e-05,-0.31489606325479363
12,60,0.0025,1,-0.2,0.75,0,-0.2953508399513921,-0.0676611914266434,-0.4352438183090912,-0.5927614053846441,477,0.03386537855717736,0.03386537855717736,-6.095486335814425e-05,-0.3149211708504212
30,96,0.0025,1,-0.2,1.5,0,-0.2541961902754448,-0.057009167175517406,-0.48019934584794177,-0.35777886241841866,711,0.05271448073086212,0.05271448073086212,5.69504320243178e-05,-0.3149977832204092
12,60,0.0025,1,-0.2,1.5,0,-0.24596498586910287,-0.05493537570783191,-0.4863519744239023,-0.35318601481979983,686,0.05113934684448178,0.05113934684448178,5.6697170686137624e-05,-0.31577066366077305
48,200,0.0025,1,0.0,1.5,0,-0.28201035695311727,-0.06415499627982757,-0.45904599105373844,-0.44555289613489985,788,0.045206342539115825,0.045206342539115825,6.358800165831552e-05,-0.3159556366134418
48,120,0.0,1,-0.2,1.5,0,-0.22282343905125113,-0.04920050689066391,-0.5060436097185993,-0.2777088905972068,813,0.05933004305365956,0.05933004305365956,9.343795927558219e-05,-0.3161077562798239
12,120,0.0025,0,-999.0,0.75,1,0.033396623391492186,0.00659637490223508,-0.6663978079786734,0.20839218246226437,588,0.0631891210752914,0.24516958941510028,6.840447761519165e-05,-0.3161829199639884
20,60,0.005,1,-999.0,0.75,1,-0.23517195183299322,-0.0522434139058533,-0.5168186819111085,-0.11213930478975956,478,0.025963456893835977,0.0837183660611152,3.555917188268111e-05,-0.31625972010089554
30,200,0.0,1,-999.0,0.75,1,-0.25091778410505394,-0.056181013701040894,-0.5120158447707971,-0.09169202960508199,682,0.02919248136091568,0.12149532710280374,4.9089962268896154e-05,-0.3167735375666935
30,96,0.0,1,-0.2,999.0,0,-0.2864857112211989,-0.0653253734961331,-0.47162646871414793,-0.33226520833234807,888,0.06959466554657145,0.06959466554657145,6.768497905452426e-05,-0.3177518682698245
30,200,0.0025,0,-999.0,0.75,1,0.04547391805116785,0.0089398744636493,-0.6759951177126293,0.2252504071167091,625,0.06791452273443242,0.277722356400294,6.686658482600154e-05,-0.3177951640368299
30,120,0.0,1,-0.2,1.5,0,-0.22162674271697413,-0.04890767843057653,-0.5100596659589598,-0.2799440184581117,783,0.05759739577864118,0.05759739577864118,8.959616612146314e-05,-0.317934712332962
30,120,0.0,1,-999.0,0.75,1,-0.23305453658914443,-0.05171886489207633,-0.5242742564613044,-0.08475913403394361,626,0.025989709125275647,0.10884175154888165,5.0970423330315885e-05,-0.31809394982442574
30,96,0.0025,1,-999.0,1.5,1,0.07448051293644475,0.014481151416777971,-0.6864423741897367,0.209757499780841,730,0.03134516433896881,0.15672582169484406,0.00010993096238734775,-0.3182521606890484
20,96,0.0,1,-999.0,0.75,1,-0.264078324629888,-0.05952322172648816,-0.50530246875597,-0.12351279440699811,602,0.025937204662396303,0.10269872939199833,3.9481622169305716e-05,-0.31835009582482304
48,60,0.0025,1,0.0,0.75,0,-0.33728135272473425,-0.0790387387263134,-0.39851327056885444,-0.8032437193908567,437,0.024493331933214322,0.024493331933214322,-0.00017842415704950328,-0.31845755998028347
12,96,0.0,1,0.0,0.75,0,-0.33857884384586423,-0.07939988591693892,-0.39962758622949246,-0.7863679921551002,487,0.027381077391578284,0.027381077391578284,-0.00013633166152061217,-0.31853207863944016
12,60,0.0025,1,-0.2,999.0,0,-0.3092245053676188,-0.07136429911851572,-0.4551212966832413,-0.3925927458608125,809,0.06426546256431796,0.06426546256431796,4.192908795667828e-05,-0.318554584753177
12,60,0.0,1,0.0,0.75,0,-0.32162633439211363,-0.07472525247699757,-0.41348602954117364,-0.7427595267638206,481,0.026934789457103855,0.026934789457103855,-0.0001173521280717435,-0.31860624358577544
48,96,0.005,1,-0.2,1.5,0,-0.24087609888334882,-0.053662309152247345,-0.49629424497232033,-0.3383396925132086,680,0.050063005355455215,0.050063005355455215,6.036709294632269e-05,-0.31872641626406795
48,200,0.0,1,-999.0,0.75,1,-0.25975176460904814,-0.0584192248775528,-0.511306563116281,-0.09750798860013153,699,0.030820119710175366,0.12758584479680773,4.676907798866097e-05,-0.3189479058656999
12,120,0.0025,1,-0.2,1.5,0,-0.25475800448955843,-0.05715137838519735,-0.48985817619122984,-0.3570741892551621,735,0.05421085792292345,0.05421085792292345,6.100619242385975e-05,-0.3199341759435704
30,200,0.0025,1,0.0,1.5,0,-0.2889277963333212,-0.0659664962833112,-0.4611544453805082,-0.4681137189442846,761,0.043893730967132207,0.043893730967132207,5.0954474125947454e-05,-0.3199494049207795
30,200,0.005,1,0.0,1.5,0,-0.2793626639144423,-0.06346532652879322,-0.46822243345239845,-0.45889252651224866,702,0.04053344534285414,0.04053344534285414,4.356697399874291e-05,-0.3205211695806049
48,96,0.0,1,-0.2,999.0,0,-0.2731371170437429,-0.061851649405509246,-0.48718170747514344,-0.3040607421278176,915,0.07098603381287409,0.07098603381287409,7.874933110684999e-05,-0.32064554024947184
12,60,0.005,1,-0.2,0.75,0,-0.29468886671955197,-0.06748596262135154,-0.4450345073732307,-0.6139696942047294,440,0.03147642549616717,0.03147642549616717,-8.190575815030183e-05,-0.32070170101820333
20,120,0.0025,1,0.0,0.75,0,-0.3406739704379955,-0.07998424721104147,-0.40249727711563166,-0.7909853687551232,470,0.026304735902551717,0.026304735902551717,-0.00015344332771998406,-0.3207821542066135
48,60,0.005,1,0.0,0.75,0,-0.3350822438758355,-0.07842792235899587,-0.4037589629827286,-0.8161568953947579,412,0.023154468129791033,0.023154468129791033,-0.0002004172479283051,-0.3211152486200981
30,60,0.0,1,-999.0,1.5,1,0.06221190488266859,0.012152200122249157,-0.6868508891597666,0.1999839926180431,749,0.03323532500262522,0.151842906647065,0.00011216502985529687,-0.32127404482673194
30,200,0.0025,1,0.0,999.0,0,-0.31640300753884887,-0.07330376502927616,-0.4518692489857681,-0.44482573353450816,905,0.05465714585739788,0.05465714585739788,6.333485102817832e-05,-0.3214796761988856
48,60,0.0,1,-0.2,999.0,0,-0.30784885227096304,-0.0709944716869485,-0.463311266230369,-0.3792989115407224,855,0.06731072141131997,0.06731072141131997,5.0803112440566916e-05,-0.32161505037916915
12,96,0.0025,1,-0.2,0.75,0,-0.3201340322137187,-0.07431824338501425,-0.4308208635360753,-0.6496342983821239,494,0.034836711120445236,0.034836711120445236,-7.917972402464994e-05,-0.32221039007215807
12,96,0.005,1,-999.0,0.75,1,-0.27670890692091477,-0.06277610800566802,-0.5034932174725159,-0.15633136103673578,507,0.02635724036543106,0.08973012706080016,2.2239997203350824e-05,-0.3223392847937627
12,60,0.0025,0,-999.0,0.75,1,-0.00011031673012384946,-2.207943205256857e-05,-0.66311911401405,0.17595408338206547,568,0.06248031082642025,0.2168434316916938,6.722519981355425e-05,-0.3227839322699743
20,60,0.0025,1,-999.0,1.5,1,0.04541363574975743,0.008928231078101145,-0.6827258652105281,0.18580846056285763,676,0.034915467814764255,0.14008190696209177,0.00011012202347546566,-0.32314427849902005
48,96,0.0025,1,-999.0,1.5,1,0.06384381598712219,0.012463222640614946,-0.6921447678885797,0.2041095854958794,750,0.03076761524729602,0.16360390633203822,0.00010624851507034056,-0.3234036820288809
48,96,0.0025,1,-0.2,999.0,0,-0.2981182258698939,-0.06839516615926788,-0.47437869517903053,-0.35669795922832503,859,0.06720571248556127,0.06720571248556127,5.7609885450293365e-05,-0.3234194117101994
30,200,0.005,1,-999.0,1.5,1,0.05837790372368912,0.011419979291253934,-0.6905420978839908,0.20298535912486462,751,0.037278168644334767,0.1699044418775596,0.00010309505143134466,-0.32370180169449825
30,200,0.0,1,0.0,999.0,0,-0.3044046889549388,-0.0700711226803965,-0.4664296019597418,-0.4102320981254214,976,0.05854247611046939,0.05854247611046939,8.382535066512808e-05,-0.3237975285665385
48,200,0.0,1,0.0,1.5,0,-0.27895513560294083,-0.0633593538183086,-0.4781864515186436,-0.42776588910100777,853,0.04854037593195422,0.04854037593195422,8.007593172841741e-05,-0.3238408740326808
30,60,0.005,1,-0.2,1.5,0,-0.2672270489406764,-0.06032994185689988,-0.4872255827631409,-0.4135447933762664,632,0.04720151212853092,0.04720151212853092,2.8870651783823697e-05,-0.3246199729072836
20,120,0.0025,1,-0.2,0.75,0,-0.31037507197433956,-0.07167406748448513,-0.44509916933109583,-0.6086171817516336,507,0.03575553922083377,0.03575553922083377,-6.0907646669199625e-05,-0.32465451123761474
30,96,0.0,1,0.0,0.75,0,-0.338243998491619,-0.07930662994262339,-0.4137126449681777,-0.7744789570800198,484,0.027039798382862544,0.027039798382862544,-0.00013835803103515182,-0.3248869002807132
48,200,0.0025,1,0.0,999.0,0,-0.3261227358484834,-0.07595594190356825,-0.45223680458937143,-0.4567708105466552,934,0.056284784206657563,0.056284784206657563,6.229937011563596e-05,-0.3249128847255867
12,60,0.005,1,-0.2,999.0,0,-0.29992777746359556,-0.06887635367282996,-0.4737078678312867,-0.38763767971037816,762,0.060327627848367114,0.060327627848367114,3.8967516219504136e-05,-0.32511217157399225
20,120,0.0,1,-999.0,1.5,1,0.07666475137374196,0.014893552738344917,-0.702299971177623,0.21400009299392156,809,0.03213273128215898,0.1739997899821485,0.00010701857053607244,-0.3255564282007705
48,60,0.0,1,-999.0,1.5,1,0.05124032360446895,0.010051167868943445,-0.6908733746856925,0.19457961799800536,770,0.0309776330988134,0.1581959466554657,0.00010894361775327348,-0.32565653857400256
20,96,0.0025,1,0.0,0.75,0,-0.35251422876744665,-0.08331486908023988,-0.40267188550787636,-0.8431689762326393,450,0.025412160033602856,0.025412160033602856,-0.00018878710068588164,-0.32680926064581006
12,200,0.005,1,0.0,1.5,0,-0.282405707230287,-0.06425815140483371,-0.4797466508959871,-0.4685323852779993,699,0.04013966187125906,0.04013966187125906,3.998475530208905e-05,-0.32755809611672726
12,96,0.005,1,-0.2,1.5,0,-0.27734652210420496,-0.06294152091812644,-0.4872150770048296,-0.4262188127712507,670,0.04966922188386013,0.04966922188386013,3.0919483920840086e-05,-0.32786000005910376
20,200,0.005,1,0.0,1.5,0,-0.2881796104962171,-0.06576988750045687,-0.47631660576450574,-0.48111753436587584,696,0.040218418565578076,0.040218418565578076,3.370370170165025e-05,-0.32798406710100353
48,120,0.0025,1,-0.2,1.5,0,-0.2534693214526258,-0.05682530302564637,-0.5079234472161301,-0.34443667959973334,763,0.056127270818019534,0.056127270818019534,6.727193297506598e-05,-0.3280088606136981
20,96,0.0025,1,-0.2,1.5,0,-0.28284187761786195,-0.06437201010116456,-0.4872343351327536,-0.42198346599905745,700,0.05224194056494802,0.05224194056494802,3.447307054142063e-05,-0.3290883509674942
20,96,0.0,1,-0.2,999.0,0,-0.31149578862534755,-0.07197619700196256,-0.4761988664295296,-0.3815688973754149,878,0.0691746298435367,0.0691746298435367,5.2221775473937337e-05,-0.3291540750854981
20,200,0.0,1,0.0,1.5,0,-0.29103355504569484,-0.0665207386010025,-0.47901688606613724,-0.4631359141108006,815,0.04683398088837551,0.04683398088837551,6.204204011078245e-05,-0.32918597733961114
20,96,0.0025,1,-0.2,0.75,0,-0.3240078195623495,-0.07537626234306471,-0.44192064734958114,-0.6573802770734332,486,0.03441667541741048,0.03441667541741048,-8.73669038349918e-05,-0.3292055998715269
30,60,0.005,1,-0.2,999.0,0,-0.32081320000507496,-0.07450339027412989,-0.46683148347114656,-0.42998851769695245,752,0.05959256536805629,0.05959256536805629,2.371098534564931e-05,-0.32941855789455077
20,120,0.005,1,0.0,0.75,0,-0.34592910573292934,-0.0814565431290285,-0.4143723619064943,-0.8288577964244315,441,0.024545836396093666,0.024545836396093666,-0.00018984295521589487,-0.3300856139034972
48,120,0.005,0,-999.0,0.75,1,0.02931609534125057,0.005799630598127159,-0.6928958657361792,0.20882537203656584,539,0.06426546256431796,0.24178305155938254,6.737055504237735e-05,-0.33020703366813414
48,60,0.0025,1,-0.2,999.0,0,-0.3384939054369923,-0.07937622660470245,-0.4570247999985698,-0.44764692431899183,805,0.06374041793552453,0.06374041793552453,2.373616188177219e-05,-0.33027097281993695
30,96,0.0025,1,-0.2,999.0,0,-0.3238504965608232,-0.07533319951701956,-0.4699635685951752,-0.4095661945418268,838,0.06597185760789667,0.06597185760789667,3.91078726960816e-05,-0.3307932935416985
20,96,0.0025,1,-0.2,999.0,0,-0.33334640245005,-0.07794692153271865,-0.46248670786594304,-0.4332337338191437,826,0.0653680562847842,0.0653680562847842,3.086706680984603e-05,-0.33085196215664736
30,120,0.0025,1,-999.0,1.5,1,0.06461692937094088,0.01261043549897356,-0.707543822192358,0.20457750080248244,751,0.03218523574503833,0.16507403129265988,0.0001054674476167697,-0.33093260055708135
30,200,0.0,1,-0.2,1.5,0,-0.24424514486996773,-0.05450436322125696,-0.5230470203598404,-0.3056669328009114,881,0.06410794917567993,0.06410794917567993,9.013781198880074e-05,-0.3313112200412227
20,96,0.0,1,-999.0,1.5,1,0.03004345108038664,0.005941835390790073,-0.692731128256203,0.1810854085167771,784,0.03281528929959047,0.16376141972067626,0.00010366117666228538,-0.3313694583114726
12,60,0.005,1,-999.0,1.5,1,0.04451573132893927,0.00875473933472315,-0.6987852463170633,0.18418505629156137,637,0.03475795442612622,0.13451643389688123,0.00011004864927148639,-0.3314286310092304
20,200,0.0,1,-0.2,1.5,0,-0.24975774283582752,-0.05588867170431877,-0.5198412709353768,-0.31873808323572955,869,0.06334663446392944,0.06334663446392944,8.540365211194e-05,-0.3317462113337937
48,96,0.0,1,0.0,0.75,0,-0.34306051834168805,-0.08065170247237097,-0.4238729351194598,-0.7833994813206699,491,0.027486086317336973,0.027486086317336973,-0.00013939449279474564,-0.33175814409813437
48,96,0.005,1,-999.0,1.5,1,0.04696754339448095,0.00922819336472025,-0.7013428779224329,0.19070732532750398,693,0.030583849627218315,0.15045153838076236,0.0001065235326396081,-0.331907879330121
12,120,0.0025,1,-0.2,999.0,0,-0.3219640856136725,-0.07481746979923554,-0.47375925327590707,-0.4048148726410381,868,0.06773075711435472,0.06773075711435472,4.509855040510823e-05,-0.331937840069241
20,120,0.005,1,-0.2,1.5,0,-0.2662929584495791,-0.06009033404539954,-0.5050234824935742,-0.39251342640718784,688,0.050640554447128006,0.050640554447128006,4.381890414339851e-05,-0.33222774661254606
20,200,0.0025,1,0.0,1.5,0,-0.3059270685054396,-0.07047880685421082,-0.47273724403502093,-0.5090781366549568,753,0.04352619972697679,0.04352619972697679,3.4160465492522666e-05,-0.3323013357044691
20,120,0.0025,1,-0.2,999.0,0,-0.3297050692020421,-0.07694115578579042,-0.46903887914123277,-0.4182476817294042,864,0.0676520004200357,0.0676520004200357,4.002774443232305e-05,-0.332372979442877
20,120,0.0025,1,-999.0,1.5,1,0.04054715359948147,0.007986504894995639,-0.6996109375029831,0.18762254811255208,745,0.03231649690223669,0.16310511393468444,0.00010219760548841724,-0.33243783645086833
30,120,0.0025,1,-0.2,1.5,0,-0.2572849480739794,-0.05779208216897469,-0.5151653940283374,-0.3569637078840464,733,0.054368371311561484,0.054368371311561484,5.92106204524827e-05,-0.3332229645773457
12,120,0.0,1,-0.2,0.75,0,-0.31070914691998597,-0.07176408830127046,-0.4636165402535646,-0.6014637316441186,539,0.037776961041688546,0.037776961041688546,-4.632707341775818e-05,-0.33364554501025867
30,96,0.0025,1,-0.2,0.75,0,-0.32343900339249765,-0.07522060251201901,-0.4526045420995335,-0.6470637548869101,492,0.03475795442612622,0.03475795442612622,-8.302631240318294e-05,-0.33387606130613123
12,120,0.0,1,-999.0,0.75,1,-0.2875029409948032,-0.0655922141272135,-0.5235416042342151,-0.14760218651323498,621,0.027302320697259266,0.10821169799432952,3.252122260828502e-05,-0.3347431255699828
30,96,0.005,1,-0.2,1.5,0,-0.27163673994657767,-0.061464401942729174,-0.5060114479060539,-0.4057829532712647,671,0.049432951800903076,0.049432951800903076,3.628293992899863e-05,-0.33475927355931934
20,200,0.0025,1,-999.0,0.75,1,-0.2825808634900986,-0.06430386785438569,-0.5274049100585967,-0.1352395501573004,619,0.028273653260527144,0.11191326262732332,3.405175830817179e-05,-0.33476830039154903
20,200,0.0025,1,0.0,999.0,0,-0.334354239701358,-0.07822607060921782,-0.4647072682352721,-0.48517771280247285,895,0.054158353460044106,0.054158353460044106,4.8292315234798386e-05,-0.3348385903669775
12,96,0.005,1,0.0,0.75,0,-0.360105512152874,-0.0854759871514702,-0.4092175791275473,-0.8964443710122867,427,0.023942035072981205,0.023942035072981205,-0.00022758299262518562,-0.3349069952658582
12,60,0.0,1,-999.0,999.0,1,0.030437849052078914,0.00601891027117718,-0.7032472107221022,0.207923656179706,780,0.047096503202772234,0.19673422240890476,9.819792977174241e-05,-0.3352085122808886
30,120,0.0,1,-0.2,0.75,0,-0.31377445994270636,-0.07259170989712493,-0.46502768072725886,-0.6046630836234033,534,0.0377244565788092,0.0377244565788092,-5.0910684292508886e-05,-0.33533870444192454
30,200,0.0,1,-0.2,0.75,0,-0.3189973105528261,-0.07400869418537748,-0.46339867930223744,-0.5978157669460431,590,0.041032237740207915,0.041032237740207915,-3.2451948931624066e-05,-0.33559882218379833
48,60,0.005,1,-0.2,1.5,0,-0.28750088204327784,-0.06559167371351593,-0.49562275118189636,-0.4523738794751046,643,0.0477003045258847,0.0477003045258847,1.659646592359923e-05,-0.3360217432782193
48,200,0.0,1,-0.2,1.5,0,-0.27167927334181285,-0.061475371024376835,-0.5146195829585685,-0.34586180899740376,925,0.06639189331093143,0.06639189331093143,8.2153893819876e-05,-0.3360782529535313
20,96,0.005,1,0.0,0.75,0,-0.35801109085882477,-0.0848776990112593,-0.41551235828081123,-0.8840306955574936,424,0.02391578284154153,0.02391578284154153,-0.00022558073265348589,-0.3368354129295396
20,120,0.0,1,-0.2,999.0,0,-0.31720844940297654,-0.07352239190717758,-0.48845799577421223,-0.3845076361527265,919,0.07153733067310722,0.07153733067310722,5.566943602035561e-05,-0.33697677160192
12,120,0.0,1,-999.0,1.5,1,0.037622634501340846,0.007418877326630824,-0.7076415530931641,0.18796110561174506,809,0.03341909062270293,0.1737110154363121,0.00010155847758313402,-0.337003843939364
30,96,0.005,1,-999.0,1.5,1,0.03124932205481934,0.006177417486597614,-0.7042893205356726,0.17817558962723037,675,0.03155518219048619,0.14527984878714692,0.0001050335481877487,-0.33705846329987715
12,200,0.0025,1,-999.0,0.75,1,-0.29558782248357607,-0.06772395431712164,-0.5241724290501593,-0.15044684091103305,620,0.028483671112044525,0.11191326262732332,2.9849305265911634e-05,-0.3373325108877529
12,60,0.0025,1,0.0,0.75,0,-0.35499386558243273,-0.08401854319117974,-0.42039763187824075,-0.8639711788932203,450,0.02514963771920613,0.02514963771920613,-0.00019550499176737308,-0.33741591807496113
48,96,0.0025,1,-0.2,0.75,0,-0.3266820438972118,-0.07610948648893046,-0.4581781071767248,-0.6513049075647996,496,0.03530925128635934,0.03530925128635934,-8.351527277758108e-05,-0.3377637854555328
48,96,0.005,1,0.0,0.75,0,-0.3540734773665478,-0.08375710228494104,-0.4231743377196816,-0.8507968857516921,432,0.02425706185025727,0.02425706185025727,-0.00021028142952986598,-0.33788411543236646
30,96,0.005,1,0.0,0.75,0,-0.35730229053991425,-0.08467557812461679,-0.42018702129853636,-0.868220879175543,429,0.02402079176730022,0.02402079176730022,-0.00021988517198875802,-0.3381801327326621
48,60,0.005,1,-0.2,0.75,0,-0.31820804047636064,-0.07379400514861223,-0.46192710137039794,-0.6698100154860815,437,0.031371416570408484,0.031371416570408484,-0.00011117781363963257,-0.3382480566081153
30,120,0.005,0,-999.0,0.75,1,0.012603279393428979,0.0025097637119331218,-0.7012518123873064,0.19617677367642894,532,0.06374041793552453,0.23416990444187755,6.621310843036187e-05,-0.33830730379789864
48,200,0.0025,1,-0.2,1.5,0,-0.28729780826695495,-0.06553837900747006,-0.5074120617272229,-0.385794748681128,860,0.06206027512338549,0.06206027512338549,6.398571072730573e-05,-0.33853414730513787
12,96,0.0025,1,0.0,0.75,0,-0.369845365264036,-0.0882790088401163,-0.4104763270363909,-0.9024221541402021,458,0.02570093457943925,0.02570093457943925,-0.00021046726710898238,-0.3386382800653219
30,60,0.0025,1,-999.0,1.5,1,-0.004500925017257518,-0.0009024274594017223,-0.692248027623414,0.14963634315887503,687,0.03352409954846162,0.14136826630263571,0.00010117396614088781,-0.33954462411316494
30,96,0.0025,1,0.0,0.75,0,-0.36403983472031143,-0.08660410534185992,-0.4192970661605585,-0.8691748235600696,457,0.025622177885120234,0.025622177885120234,-0.00020143216830278743,-0.33971137960014264
48,200,0.005,1,0.0,999.0,0,-0.33775099564850064,-0.0791693950492669,-0.47233739745786374,-0.49294301512413097,862,0.05200567048199097,0.05200567048199097,3.9325383076547995e-05,-0.3399852445344053
30,200,0.005,1,0.0,999.0,0,-0.33095190587869827,-0.0772850490748117,-0.477247183814997,-0.485631110141632,843,0.0509293289929644,0.0509293289929644,3.9877060763836906e-05,-0.3401901964893918
48,200,0.0,1,-0.2,0.75,0,-0.3236230546446638,-0.07527095774108594,-0.4696733209217152,-0.6038096034189815,615,0.04234484931219153,0.04234484931219153,-2.754639165268092e-05,-0.3402980983728926
12,120,0.0,1,-0.2,999.0,0,-0.31256737844896854,-0.07226545071868185,-0.4987508114463599,-0.376923971501051,928,0.07195736637614197,0.07195736637614197,5.937507975477053e-05,-0.34048705501691434
12,96,0.005,1,-0.2,999.0,0,-0.3393975313074995,-0.07962805328334654,-0.47645199108097225,-0.4592400756471407,796,0.06240155413210123,0.06240155413210123,2.089816763574537e-05,-0.3408160526061897
20,200,0.0025,1,-0.2,1.5,0,-0.27599780102074145,-0.06259176732903948,-0.5194492165675257,-0.37921811885401596,810,0.059172529665021525,0.059172529665021525,6.151983409633323e-05,-0.34127728155550313
20,200,0.0,1,0.0,999.0,0,-0.3316219536793039,-0.07747006852192184,-0.48165838215433776,-0.4676834784238035,966,0.058043683713115614,0.058043683713115614,6.39642981224311e-05,-0.3416834335202809
12,200,0.0,1,0.0,1.5,0,-0.29975009912174355,-0.06882906226087682,-0.49921434037815626,-0.4820741097758249,822,0.04691273758269453,0.04691273758269453,5.700452781537652e-05,-0.3425399379387462
12,120,0.0,1,0.0,0.75,0,-0.35583551079492504,-0.08425787807753748,-0.43369083384296636,-0.8303051608962586,502,0.027958626483251075,0.027958626483251075,-0.00015074153092901977,-0.3426185530438336
30,60,0.005,1,-0.2,0.75,0,-0.32862735643944263,-0.07664432102669627,-0.4620967655634711,-0.7071743492544098,432,0.031108894256011762,0.031108894256011762,-0.0001277378191442783,-0.34305142127115235
48,96,0.0025,1,0.0,0.75,0,-0.3646911377395867,-0.08679139661433355,-0.4273540048464828,-0.8643744213031941,462,0.02601596135671532,0.02601596135671532,-0.00019650068785209544,-0.34368712010273467
20,96,0.0025,1,-999.0,1.5,1,-0.018511875648158815,-0.003732648886738299,-0.6943164713937828,0.14355860316077992,722,0.033130316076866534,0.1529980048304106,9.594875449168789e-05,-0.34371295442559074
12,60,0.0025,1,-999.0,999.0,1,0.0038038231028156844,0.0007601302080741945,-0.708059313332017,0.18783699483284771,714,0.04749028667436732,0.18179670271973117,9.564088216320846e-05,-0.34387767671629194
48,200,0.0,0,-999.0,0.75,1,-0.0678458999687267,-0.013962656319734479,-0.6769678640164323,0.16708259902876588,695,0.07277118555077182,0.30536595610626904,5.5801295756626814e-05,-0.3440924583765123
30,120,0.0,1,0.0,0.75,0,-0.3571894760956238,-0.08464342450450546,-0.4363084282012065,-0.8272731397604546,500,0.027827365326052716,0.027827365326052716,-0.00015397243878135562,-0.34416129559313147
20,200,0.0,1,-0.2,0.75,0,-0.32979293755723793,-0.07696537422078231,-0.47254389937035346,-0.6275561436090933,585,0.04074346319437152,0.04074346319437152,-4.472393620242928e-05,-0.34461513108641373
48,200,0.0,1,0.0,999.0,0,-0.33475235557174166,-0.07833643322941186,-0.4868480894553717,-0.46308040808688383,1008,0.06019636669116875,0.06019636669116875,6.97273342723161e-05,-0.34491449836144195
48,120,0.0,1,-999.0,0.75,1,-0.2702337521132694,-0.061102867502152436,-0.5562499732686691,-0.12347839369601289,641,0.026199726976793028,0.11230704609891841,4.0060201805895406e-05,-0.3454017738212876
48,120,0.0,1,-999.0,999.0,1,-0.015498827458048203,-0.0031212963267082117,-0.7036129095981407,0.18854075664806988,860,0.048330358080436835,0.22784311666491652,8.71187039506415e-05,-0.34550071329337506
12,200,0.0,1,-0.2,0.75,0,-0.32715952176115703,-0.07624064730613977,-0.4783213442336849,-0.6203123576046048,589,0.04079596765725087,0.04079596765725087,-4.082655462821107e-05,-0.34641693730321244
48,120,0.0,1,-0.2,0.75,0,-0.3281886714526838,-0.07652360302150996,-0.47622338145820464,-0.6401656086144745,544,0.03822324897616297,0.03822324897616297,-6.12462402844102e-05,-0.346643574181336
12,120,0.005,1,-0.2,1.5,0,-0.28804860084797046,-0.06573547770354704,-0.5191150479784346,-0.4401791644361839,688,0.050666806678567676,0.050666806678567676,2.80169539532983e-05,-0.3473019599145735
30,200,0.0025,1,-0.2,1.5,0,-0.28031605729285003,-0.06371343208922897,-0.5289657018697612,-0.38412688534984557,822,0.05993384437677202,0.05993384437677202,6.107484671941e-05,-0.3474026272916019
12,200,0.0025,1,0.0,1.5,0,-0.3207845931861344,-0.07449558882640173,-0.4924569682731901,-0.5433402934131362,759,0.04355245195841646,0.04355245195841646,2.2919368145587774e-05,-0.34789108763365356
12,200,0.0,1,-0.2,1.5,0,-0.27072756781449137,-0.06123005489128486,-0.5395810647611414,-0.35808683520759454,878,0.06345164338968812,0.06345164338968812,7.541500981187712e-05,-0.3489249290322353
12,200,0.005,1,0.0,999.0,0,-0.33509101226785387,-0.07843035462450598,-0.49227716376044073,-0.4981713583264176,835,0.05037803213273128,0.05037803213273128,3.465331290129505e-05,-0.34947750442104725
30,120,0.005,1,0.0,0.75,0,-0.36714235980115784,-0.08749765931884756,-0.43488981828425644,-0.8937258417977234,440,0.024493331933214322,0.024493331933214322,-0.0002259057913666873,-0.34962886055086195
48,120,0.005,1,-0.2,1.5,0,-0.28652496367575964,-0.06533566458927853,-0.5261900064090984,-0.42497118573437126,714,0.05213693163918933,0.05213693163918933,3.589133843677792e-05,-0.34967922708054633
20,200,0.005,1,0.0,999.0,0,-0.340731046743044,-0.0800001873933609,-0.4891544807282926,-0.5098594451503277,835,0.05048304105848997,0.05048304105848997,3.0187143252946486e-05,-0.3500704000150236
30,120,0.0025,1,0.0,0.75,0,-0.3733854512251592,-0.0893063955137473,-0.4351907659777662,-0.8928483315801036,470,0.026278483671112046,0.026278483671112046,-0.00020433597713832142,-0.3515441950816356
12,120,0.0025,1,-999.0,1.5,1,-0.01833882386003649,-0.003697495783125282,-0.710601068229305,0.14572861680780846,743,0.03347159508558228,0.16226504252861493,9.303592814203081e-05,-0.35171159905738736
48,200,0.0025,1,-0.2,0.75,0,-0.34833125030821266,-0.08213268870224832,-0.4726254802145411,-0.6816937313042648,575,0.03945710385382758,0.03945710385382758,-6.850929372419063e-05,-0.3525301153747321
30,96,0.0025,1,-999.0,0.75,1,-0.29712701817291565,-0.06813200933099217,-0.5521286385475985,-0.16868431517769156,568,0.025070881024887116,0.09857712905596976,2.311561001713625e-05,-0.352630544363676
12,200,0.0025,1,0.0,999.0,0,-0.357885239411314,-0.08484179829292271,-0.48276043421853376,-0.5345293101764855,899,0.05421085792292345,0.05421085792292345,3.1855081816482435e-05,-0.3529484809110139
30,120,0.005,1,-999.0,1.5,1,0.004502909664324983,0.0008995802117268692,-0.7242732188791616,0.16083266059093404,692,0.03229024467079702,0.15205292449858238,9.818396574969626e-05,-0.35319539619830725
48,96,0.005,1,-0.2,999.0,0,-0.33915869844680147,-0.07956146745129067,-0.5028630369449361,-0.44657007638520785,811,0.062900346529455,0.062900346529455,2.509974749803349e-05,-0.3533214897430191
20,60,0.005,1,-999.0,1.5,1,-0.030729794852358383,-0.006227177155579744,-0.7071932373522685,0.12695171699047067,626,0.03499422450908327,0.13081486926388744,9.654046048967803e-05,-0.3534762099821904
12,120,0.0025,1,0.0,0.75,0,-0.37665898247200225,-0.09026056370410607,-0.43520091477614586,-0.9132118359109451,469,0.026199726976793028,0.026199726976793028,-0.00021122095841259354,-0.35352161288772627
30,200,0.0025,1,-0.2,0.75,0,-0.35188572103689475,-0.08313685292960982,-0.47290115083011564,-0.6982182214432187,554,0.03827575343904232,0.03827575343904232,-8.200945562844286e-05,-0.35449833941682857
12,120,0.0025,1,-0.2,0.75,0,-0.3464766789681145,-0.08161049675018983,-0.47510610699896905,-0.7121885152723088,509,0.035598025832195734,0.035598025832195734,-0.00010047384961122406,-0.3547729760132898
30,120,0.0025,1,-0.2,0.75,0,-0.34765011116204414,-0.08194076229324965,-0.4750927221401421,-0.7080529619661663,506,0.03580804368371312,0.03580804368371312,-0.00010185372164235128,-0.35488977146162903
12,120,0.005,1,0.0,0.75,0,-0.3743728006165139,-0.08959376713759926,-0.4405658406508437,-0.9301831804272799,436,0.024362070776015963,0.024362070776015963,-0.00024234742273503176,-0.3563858464843851
20,200,0.0,1,-999.0,999.0,1,-0.054734939621812306,-0.01120247139964703,-0.707321923286264,0.16873969507923112,892,0.05218943610206868,0.24194056494802058,8.05896067348024e-05,-0.3564264482888175
20,120,0.005,1,-999.0,1.5,1,-0.018274326568379462,-0.0036843953085291536,-0.7199905509516838,0.14350762923622412,687,0.03223774020791767,0.15063530400084008,9.433822538153234e-05,-0.3565042893225599
20,200,0.0025,1,-999.0,999.0,1,-0.05179218828319454,-0.010587160449642252,-0.7085645512871448,0.16570607759219397,825,0.04987923973537751,0.22498162343799222,8.143428602918831e-05,-0.35658413221360497
48,60,0.0025,1,-999.0,1.5,1,-0.046969903992838735,-0.009582145208356097,-0.7067244759370741,0.12083856007092945,714,0.031266407644649795,0.14845636879134727,9.241820941639007e-05,-0.3569024551733467
30,120,0.0025,0,-999.0,0.75,1,-0.0648141083134659,-0.013321641340047874,-0.7024809978536508,0.15287877559182209,590,0.06366166124120551,0.2559855087682453,5.6729789038889556e-05,-0.35691820148728215
12,60,0.005,1,-999.0,999.0,1,-0.010824227985214874,-0.0021757676606772858,-0.7280438869407644,0.17641933753240993,663,0.04691273758269453,0.16924813609156777,9.534369944926736e-05,-0.357376744254439
30,120,0.005,1,-0.2,1.5,0,-0.291306327687919,-0.06659262951345024,-0.5376985144627782,-0.44044345459745105,690,0.050745563372886694,0.050745563372886694,2.6697107854290046e-05,-0.3574640594747119
48,120,0.0,1,0.0,0.75,0,-0.3724498165371013,-0.08903440967411991,-0.44964695324588,-0.8724123000918054,504,0.028089887640449437,0.028089887640449437,-0.00017295614416423872,-0.35747850130165015
12,200,0.0,1,0.0,999.0,0,-0.34924634819570155,-0.08239079104886249,-0.4998515417061037,-0.5033196516018537,971,0.0581486926388743,0.0581486926388743,5.299217717916784e-05,-0.357482544482007
20,96,0.005,1,-0.2,1.5,0,-0.31252398366687106,-0.07225373018204717,-0.5204455630016993,-0.5013856241281273,663,0.04924918618082537,0.04924918618082537,2.859867703074771e-06,-0.3575457928893032
48,120,0.0025,1,-0.2,999.0,0,-0.34055009358413946,-0.07994965487159988,-0.5130550168096926,-0.43068122415176696,901,0.06983093562952851,0.06983093562952851,4.032756332164915e-05,-0.3580112244840345
30,60,0.005,1,-999.0,0.75,1,-0.3224527788376962,-0.07495096437512228,-0.5440265720533604,-0.2209474373567627,489,0.024965872099128424,0.08429591515278799,-8.235719910917954e-07,-0.35801162226964056
48,60,0.0025,1,-999.0,0.75,1,-0.3050214130463671,-0.07023619163726136,-0.5575373438083089,-0.18205675161752355,552,0.02391578284154153,0.09400924078546677,1.813033436527079e-05,-0.35810770112229195
30,96,0.005,1,-0.2,999.0,0,-0.35031496954063457,-0.08269256222509525,-0.5053623081049694,-0.4733002658354798,796,0.062165284049144176,0.062165284049144176,1.4623763872299846e-05,-0.35903872956935395
20,200,0.0025,1,-0.2,0.75,0,-0.35763148163384284,-0.08476942778652141,-0.4782059332451519,-0.7166149351455018,550,0.038039483356085264,0.038039483356085264,-9.020639712540185e-05,-0.3597031411663725
12,96,0.005,1,-0.2,0.75,0,-0.3557959992124935,-0.0842466367516772,-0.4733900199680082,-0.7767322512430489,459,0.032474010290874725,0.032474010290874725,-0.00014428816157637583,-0.35977825929783375
30,96,0.0,1,-999.0,999.0,1,-0.04203773260480659,-0.008558427215839548,-0.7194528320536748,0.16809536658259946,817,0.04321117294970073,0.20860023101963668,8.724383375935206e-05,-0.359880074913547
30,120,0.0025,1,-0.2,999.0,0,-0.3440154596949144,-0.08091931805189345,-0.5137678520844942,-0.4416381464542301,869,0.06786201827155308,0.06786201827155308,3.287869034708265e-05,-0.35988515141685207
48,120,0.005,1,-999.0,999.0,1,-0.05913029860086316,-0.012124373079246742,-0.7114172250033264,0.15468403415657703,742,0.04670271973117715,0.19649795232594772,8.414537549155079e-05,-0.3600987838730811
20,200,0.005,1,-0.2,1.5,0,-0.2972926121666458,-0.06817595240201135,-0.5401550378241442,-0.43698567208750483,752,0.054867163708915256,0.054867163708915256,3.6822252544426534e-05,-0.36010275491845867
30,120,0.0,1,-0.2,999.0,0,-0.32650900703947705,-0.07606197248214297,-0.5284179694918092,-0.3982967087107477,926,0.07187860968182296,0.07187860968182296,5.198091655720446e-05,-0.36018579266358497
48,200,0.005,0,-999.0,0.75,1,-0.08453482086215003,-0.01752137294908873,-0.7004104377073813,0.14727117807049578,571,0.06773075711435472,0.2587419930694109,5.4924139564966854e-05,-0.3603630328992546
20,120,0.0025,1,-999.0,0.75,1,-0.31822100304727385,-0.07379752948631368,-0.555130203926152,-0.19219100567531852,577,0.02677727606846582,0.10206867583744618,1.609477103386996e-05,-0.3609721817331556
48,120,0.005,1,0.0,0.75,0,-0.38085608042831676,-0.09148981428008718,-0.4470917527930096,-0.9362341344431945,442,0.024598340858973014,0.024598340858973014,-0.0002470926420269746,-0.3618473973987517
48,60,0.0,1,-0.2,0.75,1,-0.4189415452181464,-0.10296029501868065,-0.4703304043774542,-0.4797131321305337,776,0.012627323322482412,0.057361125695684134,-2.5532078307751348e-05,-0.36211115381393444
48,60,0.005,1,-0.2,999.0,0,-0.3689355996476129,-0.0880157268923506,-0.49666376079008856,-0.5227668480922864,766,0.06027512338548777,0.06027512338548777,-5.084420640808047e-06,-0.3624859496920092
12,200,0.0,1,-999.0,999.0,1,-0.07381361211655912,-0.015229303591524301,-0.7113851908401738,0.15726072219420692,890,0.051874409324792606,0.24188806048514125,7.832218845195914e-05,-0.36305886290190087
48,200,0.005,1,-0.2,1.5,0,-0.32172089954074945,-0.07475106820686772,-0.5295914773086166,-0.47157120673603026,788,0.05694108999264937,0.05694108999264937,2.8840611788553054e-05,-0.3631253671979775
30,60,0.0,1,-999.0,999.0,1,-0.03049759781879724,-0.00617953573847474,-0.7330649857639293,0.17022188506306407,779,0.04544261262207288,0.19177255066680668,9.188537708057322e-05,-0.3642009343672862
48,120,0.0,1,-0.2,999.0,0,-0.32669990032103025,-0.07611439022128874,-0.537182708022302,-0.39446792371031947,962,0.07387377927123806,0.07387377927123806,5.72553121111627e-05,-0.3644291404179557
48,120,0.0025,1,-999.0,999.0,1,-0.07000366455356588,-0.014419891348245728,-0.715245177925425,0.15074070897045216,801,0.04657145857397879,0.2137981728446918,8.054742892892039e-05,-0.3645054448624356
48,96,0.0025,1,-999.0,0.75,1,-0.31155342565755517,-0.07199174577131395,-0.5676014642895384,-0.18309425789594852,577,0.02402079176730022,0.10130736112569569,1.888590245517487e-05,-0.36494719081088056
48,120,0.0025,1,-0.2,0.75,0,-0.36133089318511713,-0.08582675365741022,-0.4860601871586454,-0.7438563113873397,515,0.036254331618187544,0.036254331618187544,-0.00011254178904373793,-0.3660496628060999
48,120,0.0025,1,0.0,0.75,0,-0.3896310028208164,-0.09408151305276424,-0.44983395862458875,-0.9431622381583377,474,0.026488501522629423,0.026488501522629423,-0.00022660624142659144,-0.36615660427297547
48,96,0.0,1,-999.0,999.0,1,-0.07953097604914028,-0.01644895227853338,-0.71501885567907,0.14718405504106605,840,0.044602541216003364,0.21660716160873675,8.144890758752365e-05,-0.36659917736601505
30,96,0.005,1,-0.2,0.75,0,-0.35491309458980513,-0.08399558784409267,-0.48992125380852736,-0.7569615278462803,459,0.03252651475375407,0.03252651475375407,-0.00014194100547683643,-0.36680429114067037
12,200,0.0025,1,-0.2,1.5,0,-0.30883755182791583,-0.07126021191048737,-0.5474572501408346,-0.4453482202564832,817,0.059146277433581855,0.059146277433581855,4.2494649340839036e-05,-0.3672562479937288
48,120,0.0025,0,-999.0,0.75,1,-0.0979423757913227,-0.020418163008107393,-0.7074895550931177,0.1354406815460175,597,0.0645279848787147,0.2644124750603801,5.269239786815617e-05,-0.3673909064773654
48,96,0.005,1,-0.2,0.75,0,-0.35521962340192015,-0.08408271640584664,-0.4929241425212957,-0.7526978131905406,462,0.03289404599390948,0.03289404599390948,-0.00013922633781031317,-0.3681796783260215
20,96,0.005,1,-0.2,999.0,0,-0.3711498494062804,-0.08865705151638437,-0.5068214049528093,-0.5229064793037137,786,0.06182400504042844,0.06182400504042844,-1.8408103050887663e-06,-0.3682130779579747
12,120,0.005,1,-0.2,999.0,0,-0.36324085192942934,-0.08637455612207279,-0.5145441454753291,-0.4997092698016246,819,0.06363540900976583,0.06363540900976583,1.0722519703478845e-05,-0.3686320923498186
30,200,0.0,1,0.0,0.75,0,-0.3894557183970643,-0.09402945145845387,-0.45940912520138877,-0.9002063431249218,548,0.030268822849942246,0.030268822849942246,-0.00016389577133625347,-0.36874433121539435
20,120,0.005,1,-0.2,999.0,0,-0.36641930872920014,-0.08728910175811555,-0.5126371066390096,-0.5038032844700548,819,0.06355665231544681,0.06355665231544681,8.865909651683928e-06,-0.3687978193011231
30,60,0.0025,1,-999.0,999.0,1,-0.048486967473605924,-0.009897877944773925,-0.7336753753886145,0.15397802774380556,717,0.045731387167909275,0.1783576604011341,8.944225150347737e-05,-0.3690366642518909
12,200,0.005,1,-0.2,1.5,0,-0.3062638142307955,-0.0705690819423671,-0.5521470016322909,-0.4566266599904187,754,0.05468339808883755,0.05468339808883755,3.118493089659885e-05,-0.3694739157580335
20,120,0.005,1,-0.2,0.75,0,-0.3575166294771006,-0.08473668001673451,-0.4947700541778496,-0.7615244303086943,473,0.03331408169694424,0.03331408169694424,-0.0001360821182336474,-0.370197928621094
30,200,0.005,1,-0.2,1.5,0,-0.31374288736138567,-0.07258317037532924,-0.5495582403108412,-0.4676078975790669,762,0.055549721726346736,0.055549721726346736,2.7863311217612832e-05,-0.3707426854097032
12,200,0.0025,1,-0.2,0.75,0,-0.36723569215059293,-0.08752459408010549,-0.49362704831045534,-0.7433262766008568,553,0.037986978893205924,0.037986978893205924,-9.971047472052082e-05,-0.371504432065376
30,60,0.005,1,-999.0,1.5,1,-0.08305389455395629,-0.017203494345780168,-0.7177989637312034,0.08537675961789597,635,0.03389163078861703,0.13244250761314713,8.53712774545504e-05,-0.3718341382304871
12,200,0.005,1,-999.0,999.0,1,-0.09613418794486361,-0.020025491434607856,-0.7175125309045378,0.13450865433245546,753,0.04980048304105849,0.20521369316391894,7.740697448951145e-05,-0.37205632417025397
20,96,0.005,1,-999.0,1.5,1,-0.07630113512339876,-0.015759208781352174,-0.7223317078016773,0.09645825201844678,666,0.033130316076866534,0.14254961671742097,8.549144468404317e-05,-0.3721021500812685
30,96,0.0025,1,-999.0,999.0,1,-0.08545251910668916,-0.01771856196506838,-0.7234513585918247,0.13548397486554054,757,0.04349994749553712,0.19571038538275753,8.090917148081504e-05,-0.37267004251770375
48,200,0.0025,1,-999.0,0.75,1,-0.34761108377152083,-0.08192977029649762,-0.5622048457428014,-0.2069737037508377,649,0.029061220203717316,0.11910637404179356,1.5358130307397577e-05,-0.3733808783554402
20,200,0.005,1,-999.0,999.0,1,-0.0945275732648887,-0.019677120915473245,-0.7212314689297801,0.13561349497625236,761,0.050089257586894885,0.2059225034127901,7.789666061720248e-05,-0.37351218063155067
20,60,0.0025,1,-999.0,999.0,1,-0.0594647714583415,-0.012194667810885407,-0.7377311989632189,0.14647595210385733,703,0.04730652105428961,0.17678252651475376,8.734572388367017e-05,-0.373736469687302
48,200,0.0,1,0.0,0.75,0,-0.39496137436645984,-0.09567043894704497,-0.4658584171612361,-0.9082995447152216,564,0.031082642024572088,0.031082642024572088,-0.0001600207902763685,-0.3740146247634241
30,200,0.0025,1,-999.0,0.75,1,-0.3431153468866519,-0.08066705936280871,-0.5665080224738654,-0.20622140291431437,633,0.028037383177570093,0.11367216213378137,1.503601771099372e-05,-0.37423214074545713
20,96,0.005,1,-0.2,0.75,0,-0.3696842641104424,-0.08823236477146768,-0.4918962153698311,-0.8126509611158255,456,0.032342749133676366,0.032342749133676366,-0.00016346793996096902,-0.37481302051217447
20,60,0.0,1,-999.0,999.0,1,-0.06489420789969924,-0.013338555489429527,-0.7380089485475588,0.14812395303977902,766,0.04670271973117715,0.19077496587209913,8.639970011471982e-05,-0.37493683211122
48,200,0.0025,1,0.0,0.75,0,-0.4025611421378802,-0.09795532215760205,-0.45936482487222474,-0.948464057592054,522,0.028824950120760265,0.028824950120760265,-0.00020401471403642287,-0.37506093747331715
30,120,0.0025,1,-999.0,0.75,1,-0.3274298530612211,-0.07631493899332475,-0.5773844506178778,-0.20285224932762594,583,0.02609471805103434,0.102803738317757,1.3428267144558488e-05,-0.37514977676864497
20,96,0.0025,1,-999.0,0.75,1,-0.35297174910062434,-0.08344454235481924,-0.559367315656669,-0.24182862130381316,560,0.026278483671112046,0.09652945500367531,-3.8410049553688755e-07,-0.3752196312483444
48,60,0.0,1,-999.0,999.0,1,-0.08972492995175307,-0.01863867878042902,-0.7283952357387632,0.13547528254904934,801,0.044024992124330566,0.19875564422975953,8.291220253309986e-05,-0.37606253252235816
48,200,0.0025,0,-999.0,0.75,1,-0.13930474269055482,-0.029577276983309142,-0.70668510082463,0.11776025677581346,644,0.06862333298330359,0.2857292869893941,4.877411144195233e-05,-0.37703181455683343
48,200,0.005,1,0.0,0.75,0,-0.4012699787533678,-0.0975654985865686,-0.461763848370355,-0.971894124941883,475,0.026252231439672372,0.026252231439672372,-0.0002468467051717627,-0.37704212901884027
12,120,0.005,1,-999.0,1.5,1,-0.07771587231700772,-0.0160610928962297,-0.7326090778880937,0.09770430512643796,683,0.033025307151107845,0.1498477370576499,8.336877862778386e-05,-0.37748041658395465
20,60,0.0,1,-0.2,0.75,1,-0.43527826316948937,-0.10806561727681963,-0.4874728717938861,-0.5202153864899649,755,0.014307466134621442,0.05531345164338969,-4.621921564631361e-05,-0.3778128224982609
12,200,0.005,1,0.0,0.75,0,-0.3979814725699369,-0.09657567274621326,-0.4655977716855735,-0.9740869987260492,465,0.025622177885120234,0.025622177885120234,-0.00025313007493398064,-0.37807890852530246
20,200,0.0,1,0.0,0.75,0,-0.40060629989726504,-0.09736538455134769,-0.4692821234250081,-0.939192639497428,546,0.030137561692743883,0.030137561692743883,-0.0001816908027632977,-0.37896607823872314
30,200,0.005,1,0.0,0.75,0,-0.40399280081066735,-0.09838835221201947,-0.4627791992636543,-0.9886373770532975,468,0.025910952430956632,0.025910952430956632,-0.00025866007061687505,-0.3792098206965115
12,200,0.0,1,0.0,0.75,0,-0.39685970691033456,-0.09623901545745828,-0.4736190086125611,-0.9262265820071081,548,0.03011130946130421,0.03011130946130421,-0.00017550355563324704,-0.37935984886409424
30,200,0.0025,1,0.0,0.75,0,-0.40598662164789945,-0.09899280628917473,-0.46457636216396747,-0.9707164554389129,507,0.028037383177570093,0.028037383177570093,-0.0002227179142183714,-0.3798168101431041
30,96,0.005,1,-999.0,999.0,1,-0.10412821303026398,-0.021766277038115733,-0.7306993026570913,0.11999570760485434,706,0.043893730967132207,0.18203297280268824,7.926455470680893e-05,-0.38111614298641866
20,200,0.0025,1,-0.2,999.0,0,-0.374357262444465,-0.08958924188768502,-0.5347207782798808,-0.4863518539416124,951,0.07329623017956527,0.07329623017956527,2.9344157159158275e-05,-0.38126722372470606
12,200,0.0025,1,-999.0,999.0,1,-0.12006695030077019,-0.025274525943392412,-0.7246625437296825,0.12232467939596307,823,0.050115509818334555,0.22453533550351779,7.27443537891335e-05,-0.3814895638384355
20,200,0.005,1,0.0,0.75,0,-0.4078593200402568,-0.0995620201799361,-0.4669904862939114,-1.005945799918494,466,0.02580594350519794,0.02580594350519794,-0.0002675598580716442,-0.3833545533228165
30,120,0.0,1,-999.0,999.0,1,-0.10480460456854024,-0.021914137979825887,-0.7360960142907471,0.13099267003918494,843,0.04546886485351255,0.21915362805838495,7.736781937912571e-05,-0.3834125116232402
30,200,0.0,1,-0.2,999.0,0,-0.3670673783639654,-0.08747602274465927,-0.5464405529101761,-0.45599320422230166,1038,0.07936049564212957,0.07936049564212957,4.657278303195553e-05,-0.3834959594108624
48,200,0.0025,1,-0.2,999.0,0,-0.4001220142079511,-0.09721947338988557,-0.5212102172588189,-0.5195235477382113,1009,0.07689278588680037,0.07689278588680037,2.4903492283727934e-05,-0.38380075940620556
20,200,0.0,1,-0.2,999.0,0,-0.36735554670264514,-0.08755918753868552,-0.5478235038113717,-0.4607156028943128,1021,0.07836291084742203,0.07836291084742203,4.382756419325493e-05,-0.384506719589087
20,200,0.0025,1,0.0,0.75,0,-0.41269497295182833,-0.10103852355387266,-0.47062304392220666,-0.9970405351655598,506,0.027958626483251075,0.027958626483251075,-0.00023466861965181401,-0.386202072273254
30,96,0.0,1,-0.2,0.75,1,-0.44553741677843683,-0.11133236659751455,-0.4978106142836981,-0.5238545036589521,813,0.01338863803423291,0.05959256536805629,-3.6299211154966504e-05,-0.38643039892231124
30,200,0.0025,1,-0.2,999.0,0,-0.38234396839426854,-0.09192718889548335,-0.5394652612383475,-0.49749751159025135,968,0.07429381497427281,0.07429381497427281,2.7782252810545318e-05,-0.38653469509416966
48,96,0.005,1,-999.0,999.0,1,-0.13111596927286995,-0.027736456155387335,-0.728968225106615,0.10423234665948253,724,0.04373621757849417,0.18791347264517483,7.468587457196084e-05,-0.38700895137572067
20,96,0.0,1,-999.0,999.0,1,-0.11535134849355322,-0.024231324079015515,-0.7378019245810987,0.11977753537584208,812,0.044655045678882704,0.20516118870103958,7.77857183786085e-05,-0.38714340960077276
30,60,0.005,1,-999.0,999.0,1,-0.10499087911012928,-0.02195487377002503,-0.7419271011119843,0.11323696506330429,666,0.04602016171374567,0.16746298435367007,8.059787319980466e-05,-0.38725657607285197
12,96,0.0,1,-0.2,0.75,1,-0.4518113644893904,-0.11335403381041842,-0.4938765843913697,-0.5408252574201787,809,0.014543736217578495,0.05922503412790087,-4.3011743100410536e-05,-0.3873335888771122
48,60,0.005,1,-999.0,1.5,1,-0.11466515671037036,-0.024079893271087727,-0.73294596773651,0.06345776840066254,662,0.03155518219048619,0.13850677307571144,7.897929419893646e-05,-0.3873799887193096
48,120,0.005,1,-0.2,999.0,0,-0.3783420340233815,-0.0907527001897882,-0.5418083828574132,-0.5198845850424433,848,0.06528929959046519,0.06528929959046519,7.497009319000214e-06,-0.3876511208706169
30,120,0.005,1,-0.2,0.75,0,-0.37880908022229576,-0.09088945677378746,-0.51151428285375,-0.8213934496112626,471,0.03334033392838391,0.03334033392838391,-0.0001631396317975632,-0.3877162706812256
48,200,0.0025,1,-999.0,999.0,1,-0.16653599783135442,-0.03580132130382241,-0.7140521841085187,0.09672799657591866,865,0.053607056599810986,0.24278063635409008,6.513105418905802e-05,-0.38799101352928583
20,60,0.005,1,-999.0,999.0,1,-0.10762522053611823,-0.022531696917628907,-0.7432900054672049,0.11102013706882648,654,0.0472277643599706,0.1655203192271343,7.998916133584084e-05,-0.38862569279779
20,96,0.0025,1,-999.0,999.0,1,-0.11725253512772416,-0.02465137481756896,-0.7393515516259621,0.11267979349717266,750,0.04497007245615877,0.1914575238895306,7.690045419476766e-05,-0.3886931609556914
12,200,0.0025,1,0.0,0.75,0,-0.4150111706970723,-0.10174919100089708,-0.4738120529268368,-1.0045694016829683,508,0.02790612202037173,0.02790612202037173,-0.00023787137504436594,-0.3888836875484639
12,200,0.005,1,-999.0,0.75,1,-0.36225528223331716,-0.08609171729745402,-0.5819038808899423,-0.24107729513731907,565,0.0269872939199832,0.10149112674577339,-1.3832002987784383e-06,-0.3890975224992911
48,96,0.0025,1,-999.0,999.0,1,-0.1327597500301937,-0.028104858403221078,-0.7336675601419661,0.10663522417240406,780,0.04376246980993385,0.20348104588890056,7.339332834074878e-05,-0.3896068772655839
12,120,0.0,1,-999.0,999.0,1,-0.1259715803134588,-0.0265870926208015,-0.7386482490303581,0.11533323233260237,834,0.04497007245615877,0.21707970177465086,7.41731491512287e-05,-0.3901445555193504
30,96,0.005,1,-999.0,0.75,1,-0.3607851678976187,-0.08567047284105211,-0.5847931998172202,-0.2582892547273157,523,0.024545836396093666,0.0912265042528615,-1.024166509031864e-05,-0.390981535486028
30,120,0.005,1,-0.2,999.0,0,-0.38354426515620454,-0.09228063871831371,-0.5447218892565159,-0.5351993067143526,823,0.06371416570408485,0.06371416570408485,-1.2944336813603712e-06,-0.39140154868228927
48,60,0.0025,1,-999.0,999.0,1,-0.13553558771560759,-0.02872824585682565,-0.7365352985892206,0.09872786189115344,744,0.04420875774440827,0.18618082537015646,7.53091351186494e-05,-0.3920595020568783
30,200,0.005,1,-0.2,0.75,0,-0.38933417532392545,-0.0939933587139894,-0.5146345443877303,-0.8289094047754237,509,0.03541426021211803,0.03541426021211803,-0.0001508906718792782,-0.39275610114662574
12,120,0.005,1,-0.2,0.75,0,-0.3833910839612411,-0.0922355010255902,-0.5170317854873661,-0.8458980629840395,470,0.033077811613987186,0.033077811613987186,-0.00017128688603077136,-0.3930462969184752
12,200,0.0,1,-0.2,0.75,1,-0.45164428166988135,-0.1132999550866729,-0.5102149656551157,-0.5040704042109793,929,0.0147275018376562,0.06686443347684554,-1.0479633113609618e-05,-0.3936109581247797
12,120,0.0025,1,-999.0,999.0,1,-0.12758670570680453,-0.026947361165095884,-0.7453899491548698,0.10820246016345451,767,0.045206342539115825,0.20250971332563267,7.30743848778199e-05,-0.39423221273435805
48,200,0.0,1,-999.0,999.0,1,-0.17331515738710823,-0.0373760300648468,-0.7258989042210162,0.09824484813968498,935,0.05688858552977003,0.26034337918723094,6.488274983502359e-05,-0.3954132397683707
48,200,0.005,1,-0.2,0.75,0,-0.39142919539553966,-0.09461628979831693,-0.5186864025478528,-0.829653053263131,522,0.035991809303790825,0.035991809303790825,-0.0001459405533956196,-0.3954421437353999
12,120,0.0025,1,-999.0,0.75,1,-0.3809543198121701,-0.09151866646687246,-0.5806178694370778,-0.2756184558894591,575,0.027381077391578284,0.1015698834400924,-9.229132233569422e-06,-0.39560852397988433
12,60,0.0,1,-0.2,0.75,1,-0.4504042101819896,-0.11289899974643358,-0.5113291098998971,-0.5426329068100537,784,0.014701249606216528,0.05743988239000315,-4.9439619840298777e-05,-0.3956952000368848
30,60,0.0,1,-0.2,0.75,1,-0.4584195485634901,-0.11550351478716314,-0.5036098511963383,-0.5677989879078892,752,0.01383492596870734,0.055365956106269036,-6.692799054635122e-05,-0.39569838978072674
20,200,0.005,1,-0.2,0.75,0,-0.39180593874245506,-0.09472849217605628,-0.5186115537128685,-0.8395750806245248,504,0.03515173789772131,0.03515173789772131,-0.0001570913388612346,-0.3960130230637168
20,120,0.0,1,-0.2,0.75,1,-0.45395297505608556,-0.1140483666108687,-0.510633574490183,-0.5365152859780865,840,0.014071196051664391,0.06137771710595401,-3.5584815168770345e-05,-0.3961909181548645
48,60,0.005,1,-999.0,0.75,1,-0.3685896967305763,-0.08791570384867164,-0.5895971965561965,-0.2734382011954457,510,0.023863278378662187,0.0877087052399454,-1.7028680404643045e-05,-0.3963862121865422
48,120,0.005,1,-0.2,0.75,0,-0.39042940895295275,-0.09431880073330956,-0.5206142411159995,-0.853688384128846,478,0.033655360705659984,0.033655360705659984,-0.00017346478923594859,-0.3973103404977516
20,200,0.005,1,-999.0,0.75,1,-0.3731273277604066,-0.08923132746658591,-0.5910142559586928,-0.25509094549276135,569,0.02711855507718156,0.10183240575448912,-5.233828837257922e-06,-0.3974930027205704
48,200,0.0,1,-0.2,999.0,0,-0.4023950593128185,-0.09790514126485161,-0.5480235433409517,-0.5117628119627724,1086,0.08211697994329518,0.08211697994329518,3.530383377419269e-05,-0.3975050535334661
12,200,0.005,1,-0.2,0.75,0,-0.38995372552284024,-0.09417739688496818,-0.5233152019558005,-0.8361620644244627,504,0.034941720046203925,0.034941720046203925,-0.00015586558913978184,-0.39764310108409157
30,120,0.0025,1,-999.0,999.0,1,-0.1443917104068222,-0.030727883603321016,-0.7476158490794302,0.09861351737633185,780,0.04486506353040008,0.20558122440407434,7.092732925101719e-05,-0.39960513227421957
20,120,0.0,1,-999.0,999.0,1,-0.17182824418508114,-0.03702975797233665,-0.7410865578497416,0.08389447188160386,840,0.04415625328152893,0.2171059540060905,6.806754584237635e-05,-0.4033783133031273
48,96,0.005,1,-999.0,0.75,1,-0.3729834524417428,-0.08918949605301352,-0.6014697874080861,-0.27100266875665924,534,0.023548251601386117,0.0931166649165179,-1.326688448788839e-05,-0.4034745231948895
48,200,0.005,1,-999.0,999.0,1,-0.19291577035254803,-0.04198784037271153,-0.7304586901364187,0.07392077527191053,794,0.053082011971017536,0.22046623963036857,6.251361322258643e-05,-0.40352114667732536
20,96,0.005,1,-999.0,999.0,1,-0.15279857089397686,-0.032641457623225345,-0.7502637440352208,0.08436079262680833,698,0.04512758584479681,0.17875144387272918,7.14487396367776e-05,-0.4035552900094953
20,120,0.0025,1,-999.0,999.0,1,-0.16916416689699632,-0.036410589802232884,-0.7423100886847656,0.07923323133492764,775,0.04439252336448598,0.20321852357450385,6.712367289364522e-05,-0.4036039725778693
12,200,0.0,1,-0.2,999.0,0,-0.3974213733973526,-0.0964075166265953,-0.5634652266596187,-0.519152377342714,1028,0.07846791977318072,0.07846791977318072,2.8698258546464086e-05,-0.4040977488235404
48,120,0.0025,1,-999.0,0.75,1,-0.3707604025148916,-0.08854412323277816,-0.6077266168836515,-0.25575966526503724,598,0.025910952430956632,0.10598025832195737,-1.0650995232715304e-06,-0.40519541493785577
48,96,0.0,1,-0.2,0.75,1,-0.46079348148735866,-0.11628082004182227,-0.5241209434906595,-0.5488269315745463,834,0.012916097868318807,0.06127270818019532,-4.2203337029975253e-05,-0.40578263836587936
20,120,0.005,1,-999.0,0.75,1,-0.3887270723837766,-0.09381316283638153,-0.5957757329808376,-0.2937725702432465,532,0.025595925653680563,0.09432426756274283,-2.0579120427733768e-05,-0.4063896578389627
12,120,0.005,1,-999.0,999.0,1,-0.16262403224534416,-0.03489727980538537,-0.7513822169768122,0.07992329948344092,711,0.045075081381917466,0.1876772025622178,6.811563023129659e-05,-0.4065922233196194
20,200,0.0,1,-0.2,0.75,1,-0.4665833963524175,-0.11818817611566756,-0.5235584114390862,-0.5325242542646952,925,0.014701249606216528,0.06678567678252652,-2.214785868144049e-05,-0.40659359454844546
20,200,0.005,1,-0.2,999.0,0,-0.4025552694040372,-0.0979535475573059,-0.5627928813462879,-0.559386125402721,891,0.06846581959466555,0.06846581959466555,1.0001414631767636e-06,-0.4073192945005859
48,60,0.005,1,-999.0,999.0,1,-0.17953926893450012,-0.03883092982796388,-0.7469553672092579,0.06326218219295607,695,0.044681297910322375,0.1739997899821485,6.79144397909424e-05,-0.40914550432294505
12,200,0.0025,1,-0.2,999.0,0,-0.41476215772583946,-0.101672679724227,-0.5588599453184813,-0.56840796167826,956,0.07326997794812559,0.07326997794812559,6.362728487805285e-06,-0.40952305046738063
30,120,0.005,1,-999.0,999.0,1,-0.17895621128988903,-0.03869426478529292,-0.7512992570695006,0.07020485650693127,723,0.04512758584479681,0.190144912317547,6.596966960519512e-05,-0.41083365049469667
48,200,0.0,1,-0.2,0.75,1,-0.4721297029655205,-0.12003087397696077,-0.528512308853083,-0.5364554015952344,977,0.015095033077811614,0.06959466554657145,-1.4651156946922204e-05,-0.411109798483264
48,200,0.005,1,-0.2,999.0,0,-0.4347420242521026,-0.10789617599768941,-0.5477983367138674,-0.6092712292554956,933,0.07119605166439147,0.07119605166439147,-1.0347486446805821e-05,-0.4122589058173979
20,120,0.005,1,-999.0,999.0,1,-0.1978873916322893,-0.04317183604355279,-0.7442348784573627,0.05432818143330924,719,0.044523784521684345,0.1884385172739683,6.255430373863301e-05,-0.41257286620056866
30,120,0.005,1,-999.0,0.75,1,-0.3912455252137319,-0.09456160896046006,-0.6107473468037037,-0.2964968602598308,538,0.025385907802163182,0.09458678987713956,-2.0707697195859933e-05,-0.41476012537530343
30,200,0.005,1,-0.2,999.0,0,-0.4196432604480431,-0.10317721020365889,-0.5668717210750412,-0.5907877418655398,905,0.06935839546361441,0.06935839546361441,-6.975925345981908e-06,-0.4161524578344565
12,200,0.005,1,-0.2,999.0,0,-0.41403770971525133,-0.10145023511234841,-0.5717287261948155,-0.5847528950664097,891,0.0682295495117085,0.0682295495117085,-6.525003785097401e-06,-0.41655224296307664
20,96,0.005,1,-999.0,0.75,1,-0.41212087296908684,-0.10086272207015701,-0.5990832839297069,-0.3336641471135218,518,0.02543841226504253,0.08996639714375722,-3.5925391460325045e-05,-0.41708757139068653
20,96,0.0,1,-0.2,0.75,1,-0.4833097068167306,-0.12379288176937797,-0.5266540008265186,-0.6037901174815004,802,0.013913682663026358,0.05864748503622808,-7.139819486437705e-05,-0.4173093880567123
30,120,0.0,1,-0.2,0.75,1,-0.47697994358811446,-0.12165504833037488,-0.5384063759701841,-0.5814412240103398,843,0.013677412580069307,0.06177150057754909,-5.292139607350629e-05,-0.41993029751598393
30,200,0.0,1,-0.2,0.75,1,-0.48794202956223376,-0.12537073074569127,-0.5426356974972792,-0.572116785779806,936,0.014753754069095874,0.06731072141131997,-3.551507719179573e-05,-0.4252944187833212
30,200,0.0,1,-999.0,999.0,1,-0.22346814520208702,-0.049358414314168875,-0.7597549840500174,0.058600688837759415,919,0.05331828205397459,0.246954741152998,5.985354314774429e-05,-0.4263058718972896
30,200,0.0025,1,-999.0,999.0,1,-0.23793079694922703,-0.05292861035533181,-0.7630191521762073,0.04066683056827689,850,0.050666806678567676,0.23017956526304736,5.650110201704016e-05,-0.4324048449150216
30,200,0.005,1,-999.0,0.75,1,-0.4328926033497559,-0.1073127788703313,-0.6205297425280253,-0.3368606121905113,582,0.0266985193741468,0.10361755749238685,-2.859729551099631e-05,-0.4344206807438695
20,60,0.0,0,-0.2,0.75,0,-0.4126364997464177,-0.10102061154364472,-0.611917363806978,-0.5814655158099323,994,0.0739262837341174,0.0739262837341174,1.3159333313899958e-05,-0.43605256923763036
48,200,0.005,1,-999.0,0.75,1,-0.43880568933742325,-0.10918343584351409,-0.6201783787454085,-0.33992796713736273,593,0.02711855507718156,0.10745038328257901,-2.8044135831290674e-05,-0.43626902357308645
12,120,0.005,1,-999.0,0.75,1,-0.4365637893839138,-0.10847234374551007,-0.6219495680769953,-0.36606131304944395,528,0.025832195736637614,0.09382547516538906,-4.4300775720661594e-05,-0.4377501934364799
12,120,0.0,1,-0.2,0.75,1,-0.503051928518587,-0.13059806854337108,-0.5524595174663307,-0.6394034410127875,843,0.01428121390318177,0.06127270818019532,-7.561237272769674e-05,-0.4387979993271758
30,200,0.005,1,-999.0,999.0,1,-0.2553189916557851,-0.05729346583406825,-0.7654164408463942,0.02239762409007903,783,0.05079806783576604,0.2104641394518534,5.360569566068026e-05,-0.43888180505276136
20,60,0.005,0,0.0,0.75,0,-0.46170472709746635,-0.11657991953639135,-0.5606376091392207,-0.8664191808184244,784,0.047122755434211905,0.047122755434211905,-9.892480082429081e-05,-0.4402196831469229
48,120,0.005,1,-999.0,0.75,1,-0.42638348726452846,-0.10527151606269003,-0.6381215525248863,-0.3434630039525817,554,0.024939619867688754,0.09713325632678778,-3.347552154855073e-05,-0.4415054425227623
48,60,0.0025,1,-0.2,0.75,1,-0.5192896596650909,-0.13635927120777125,-0.5504674685462514,-0.7036943856709145,732,0.012784836711120445,0.05384332668276803,-0.00013232255041348203,-0.44677772476444266
20,60,0.0,0,0.0,0.75,0,-0.47642066607947087,-0.12146715306908362,-0.5772263222538141,-0.856540909605321,891,0.053055759739577865,0.053055759739577865,-7.249542770252031e-05,-0.4529073596762567
20,60,0.005,0,-0.2,0.75,0,-0.43738852324314903,-0.10873367155746694,-0.6230333990156086,-0.6781403016890378,884,0.06620812769085373,0.06620812769085373,-2.6942951315389596e-05,-0.4541573861497231
12,60,0.005,0,0.0,0.75,0,-0.48466054709020767,-0.12425182862372086,-0.5661048014012582,-0.945046046125389,774,0.045731387167909275,0.045731387167909275,-0.00013045979556831506,-0.4545565316306194
20,60,0.0025,0,-0.2,0.75,0,-0.4584265363093796,-0.11550579880679124,-0.6140337060482352,-0.6968518590678199,948,0.07072351149847737,0.07072351149847737,-2.5677070130299403e-05,-0.4573652447842998
48,120,0.0,1,-0.2,0.75,1,-0.5222774907498429,-0.1374362701857551,-0.5783839230980854,-0.6731849777506825,866,0.013362385802793237,0.0630841121495327,-8.428027164821072e-05,-0.46028748062233193
20,60,0.0025,1,-0.2,0.75,1,-0.5355041519694417,-0.14226970751121748,-0.5709045665068715,-0.7558343637577524,708,0.01438622282894046,0.05145437362175785,-0.00016350576476704569,-0.46551370895254085
20,60,0.0025,0,0.0,0.75,0,-0.5119602356610369,-0.13373979397674085,-0.57930068758825,-0.9740124345068001,843,0.050509293289929647,0.050509293289929647,-0.00012594222301498897,-0.4720907594962059
48,60,0.005,1,-0.2,0.75,1,-0.5431732458916236,-0.1451228741469317,-0.5770273066825121,-0.7735045333698238,678,0.012627323322482412,0.050115509818334555,-0.00018435257284795458,-0.472311754156679
30,96,0.0025,1,-0.2,0.75,1,-0.5451763536379192,-0.14587440491276338,-0.5773987634787566,-0.7560520476226972,769,0.0134936469599916,0.056022261892260845,-0.00014364207369119443,-0.47237638903327656
20,120,0.0025,1,-0.2,0.75,1,-0.5477296332465498,-0.14683619805530923,-0.5841902194265806,-0.7580231428027482,791,0.013992439357345374,0.05751863908432217,-0.00013707399493600599,-0.47683246490873693
30,60,0.0,0,-0.2,0.75,0,-0.4911812221392844,-0.12648085224187922,-0.627476327367323,-0.7416255314090954,1006,0.07547516538905807,0.07547516538905807,-3.377608163208155e-05,-0.4773002924959955
12,60,0.005,0,-0.2,0.75,0,-0.4809706310608074,-0.12300044750551253,-0.6306544710094844,-0.8003739260131439,868,0.0641342014071196,0.0641342014071196,-6.490963539906917e-05,-0.4783463793109119
12,60,0.0025,1,-0.2,0.75,1,-0.5468380432184528,-0.14649985325887782,-0.5865030879572161,-0.7740892143915205,732,0.014543736217578495,0.053187020896776224,-0.00016358213981152518,-0.47845585795706186
12,60,0.005,1,-0.2,0.75,1,-0.5456939860135828,-0.1460690418453836,-0.5865684447957003,-0.7861018918200895,671,0.013808673737267668,0.04914417725506668,-0.00019345537421763573,-0.47865835883423824
12,60,0.0,0,0.0,0.75,0,-0.5116175132104944,-0.13361807981035556,-0.6025470157792527,-0.9661027855037755,891,0.052163183870629,0.052163183870629,-0.00010919102234719124,-0.4831967269751707
48,96,0.0025,1,-0.2,0.75,1,-0.5526289308171506,-0.1486939390812525,-0.594956379678455,-0.7674311194306546,787,0.01294235009975848,0.0576761524729602,-0.00014234466219822798,-0.48454368489201277
30,60,0.0025,1,-0.2,0.75,1,-0.55924146897754,-0.15122729348423025,-0.5855679408680237,-0.8165546672820916,708,0.01393993489446603,0.05174314816759425,-0.000189380010603876,-0.4848389972823467
12,96,0.0025,1,-0.2,0.75,1,-0.560465879048337,-0.15169971314484487,-0.5867067901121702,-0.8013376444729432,760,0.014491231754699149,0.05518219048619133,-0.0001649418342279591,-0.48511999042457715
30,60,0.005,0,0.0,0.75,0,-0.5258101006610505,-0.13871661430534177,-0.5921786054807539,-1.024364471824584,802,0.04859288039483356,0.04859288039483356,-0.00015793615239467475,-0.4860241406369479
12,200,0.0025,1,-0.2,0.75,1,-0.5566927122901587,-0.1502472522483188,-0.5984278403096819,-0.7420520474557657,870,0.014018691588785047,0.0619552661976268,-0.00011578014197381121,-0.48656377477594803
20,60,0.005,1,-0.2,0.75,1,-0.5566087611260093,-0.15021504831670385,-0.591261975536348,-0.8212385678169242,655,0.014044943820224719,0.04801533130316077,-0.00021641106603271295,-0.48690796447572404
12,60,0.0,0,-0.2,0.75,0,-0.49009109514309834,-0.12610661935735634,-0.6446658992790348,-0.7699190672141325,989,0.07248241100493542,0.07248241100493542,-3.922846675303884e-05,-0.4869355223575804
20,200,0.0025,1,-0.2,0.75,1,-0.5583032574749933,-0.1508660089384528,-0.5998867608509931,-0.7456089457754779,869,0.013992439357345374,0.06208652735482516,-0.000117262338511081,-0.48808983665272326
30,60,0.0,0,0.0,0.75,0,-0.5250170379708777,-0.13842851755893193,-0.6048516291030166,-0.9659809934892905,904,0.054368371311561484,0.054368371311561484,-0.00011312104779924646,-0.48915338178490475
48,200,0.0025,1,-0.2,0.75,1,-0.5606899582453123,-0.15178628455271348,-0.6020487658742422,-0.7421445691138947,915,0.01428121390318177,0.06463299380447338,-0.00010468943453814229,-0.4899178959455293
12,60,0.005,0,0.0,1.5,0,-0.49315652679141986,-0.1271605973197848,-0.6504049321734421,-0.756977165450132,1122,0.06828205397458784,0.06828205397458784,-1.7249205937481678e-05,-0.49021192167901245
30,96,0.005,1,-0.2,0.75,1,-0.5638089437010294,-0.1529949650687793,-0.5987199002945507,-0.8158942993896056,708,0.013204872414155203,0.051848157093352935,-0.00019314843597375284,-0.4931496301855349
30,120,0.0025,1,-0.2,0.75,1,-0.5643481152404561,-0.15320460709625017,-0.6055667682641581,-0.7965323326807624,795,0.013598655885750289,0.05801743148167594,-0.00015173129638096177,-0.49581460786236736
20,60,0.0,1,0.0,0.75,1,-0.562130781034388,-0.15234378148934102,-0.599013802357051,-0.9043824258838971,728,0.009792082326997794,0.04197731807203612,-0.00023925662448799083,-0.4970698039620614
20,96,0.0025,1,-0.2,0.75,1,-0.5748084081999436,-0.15731346461412987,-0.6003999643635928,-0.8364103391993554,756,0.01393993489446603,0.05489341594035493,-0.00018250044589021024,-0.499333963755894
12,200,0.005,1,-0.2,0.75,1,-0.569429767767401,-0.1551907326936377,-0.6099657667500868,-0.7877260815471994,785,0.013546151422870944,0.05633728866953691,-0.00016216500131318912,-0.4995599201460411
12,60,0.0,1,0.0,0.75,1,-0.5614839381044199,-0.15209331761289513,-0.6066566374057281,-0.8904633908601498,757,0.010159613567153208,0.0437099653470545,-0.0002191239896030891,-0.49994480585876666
48,96,0.005,1,-0.2,0.75,1,-0.5665620779770352,-0.15406762742583824,-0.6114526559215561,-0.8157707653759534,723,0.012784836711120445,0.05300325527669852,-0.0001877107883387263,-0.500582493655414
12,96,0.005,1,-0.2,0.75,1,-0.5749830150311606,-0.15738273399582503,-0.6014266385235332,-0.8535726577073628,698,0.013913682663026358,0.05103433791872309,-0.00021294757129307917,-0.5007746861429597
12,96,0.0,0,-0.2,0.75,0,-0.5172736751817464,-0.13563560714732237,-0.6568986444515387,-0.8056017256105532,1037,0.07710280373831775,0.07710280373831775,-4.565520674988669e-05,-0.5043650156536194
20,120,0.005,1,-0.2,0.75,1,-0.5735941055415517,-0.15683235922751992,-0.6118470374657212,-0.8361303328390344,729,0.013414890265672582,0.0532132731282159,-0.00019376928163192166,-0.5045623946023322
30,200,0.0025,1,-0.2,0.75,1,-0.5756411081418618,-0.1576440150213686,-0.6155923409975566,-0.7842506071572265,879,0.014018691588785047,0.06253281528929959,-0.0001308459264198645,-0.5046527158780082
48,60,0.005,0,0.0,0.75,0,-0.5505480703445071,-0.14790292945503103,-0.6074424063525844,-1.0788130141412124,820,0.050063005355455215,0.050063005355455215,-0.00017555174516305518,-0.5055647833383838
30,60,0.0025,0,-0.2,0.75,0,-0.5407846016733423,-0.14423013473588797,-0.6384805207534394,-0.8828461308837317,962,0.0724036543106164,0.0724036543106164,-8.110523896582933e-05,-0.5076127016567943
48,60,0.0,1,0.0,0.75,1,-0.5747624541000298,-0.15729523765432563,-0.6100402128825894,-0.9272022641473694,746,0.008663236375091882,0.04305365956106269,-0.00024455235667462726,-0.5086754573029888
12,96,0.005,0,0.0,0.75,0,-0.5499673116776583,-0.14768268521286987,-0.6140738158555552,-1.1041289258946554,814,0.0489341594035493,0.0489341594035493,-0.00018178026695232798,-0.5099260394353803
20,200,0.005,1,-0.2,0.75,1,-0.5806813536188482,-0.15965595129580545,-0.6201580729800356,-0.8148429439478679,787,0.013677412580069307,0.05662606321537331,-0.00017305401710397426,-0.5104771349832167
12,60,0.0025,0,0.0,0.75,0,-0.5566530899144582,-0.15023205237212145,-0.6109371068815188,-1.1260071746466689,841,0.049406699569463405,0.049406699569463405,-0.0001808023578575857,-0.5120009645452143
48,60,0.0,0,0.0,0.75,0,-0.5612795475140169,-0.15201423702914885,-0.6177073171237549,-1.0566775314489216,929,0.056074766355140186,0.056074766355140186,-0.00014005312013054574,-0.5137017721634723
30,60,0.0025,0,0.0,0.75,0,-0.5621311192889135,-0.15234391254218238,-0.6143995476340514,-1.0971210147151125,858,0.051926913787671954,0.051926913787671954,-0.0001719626164767005,-0.5143997370949637
12,60,0.0025,0,-0.2,0.75,0,-0.5407779263105497,-0.14422764507468433,-0.6504618849948314,-0.9205669525685571,940,0.068990864223459,0.068990864223459,-9.118940460926215e-05,-0.5154869352005279
12,120,0.005,0,0.0,0.75,0,-0.5556783978271944,-0.14985848413693126,-0.6216202960770123,-1.1000613155351922,836,0.050640554447128006,0.050640554447128006,-0.00017556529965431704,-0.515671697952197
30,120,0.005,1,-0.2,0.75,1,-0.5820605725243566,-0.16020986939655568,-0.6253459924009076,-0.85628120304072,730,0.013309881339913893,0.05337078651685393,-0.000202641947348317,-0.5156969257490455
20,96,0.005,0,0.0,0.75,0,-0.5627125281337568,-0.15256929252555695,-0.6159139658737566,-1.121151858528848,828,0.05053554552136932,0.05053554552136932,-0.00018620347335093347,-0.5165838683888776
12,60,0.005,0,-0.2,1.5,0,-0.5113518391661629,-0.1335237755489288,-0.6979710529733267,-0.6838106257815826,1236,0.09545311351464875,0.09545311351464875,-8.553735091245675e-07,-0.5166998333246713
12,96,0.005,0,-0.2,0.75,0,-0.5310608702480395,-0.1406338518852991,-0.6631652645793669,-0.8965853733813053,922,0.06872834190906227,0.06872834190906227,-8.713678726208911e-05,-0.5170457528440477
48,200,0.005,1,-0.2,0.75,1,-0.588349185805872,-0.16275417321359165,-0.6271040177385651,-0.8254760912088505,823,0.0134936469599916,0.058489971647590046,-0.00016695311677899808,-0.5175799866433167
30,60,0.005,0,-0.2,0.75,0,-0.541927485891428,-0.1446568152798241,-0.6616586746778877,-0.923592855762433,904,0.0679407749658721,0.0679407749658721,-0.0001005124586179357,-0.5216657954068896
12,120,0.0025,1,-0.2,0.75,1,-0.5938375443007831,-0.16500023651663853,-0.6274707608690584,-0.8785402806279731,791,0.014071196051664391,0.05712485561272708,-0.00018770346257401062,-0.5226626309825664
30,60,0.005,1,-0.2,0.75,1,-0.5947287623153378,-0.1653672477327648,-0.6227045760866783,-0.9254842487946675,658,0.013782421505827995,0.04843536700619552,-0.0002626280693981872,-0.5229937482158373
30,96,0.0,1,0.0,0.75,1,-0.5885752638092627,-0.1628462192490887,-0.6251230940033453,-0.9563033138486925,779,0.009214533235325003,0.04486506353040008,-0.00024349242652687187,-0.523222931943196
30,60,0.0,1,0.0,0.75,1,-0.5895320009797684,-0.1632361963633283,-0.6215203959861052,-0.9874148965564387,728,0.009660821169799433,0.04195106584059645,-0.0002802368048373592,-0.5233671391842029
20,96,0.0,0,0.0,0.75,0,-0.5713023663338439,-0.15592735254188073,-0.6265351914792734,-1.0893046518673841,939,0.056731072141131995,0.056731072141131995,-0.0001468447057212236,-0.5236601808748866
20,120,0.0,1,0.0,0.75,1,-0.5875134727322177,-0.16241426924293234,-0.6281079494902727,-0.9474447032178519,805,0.009634568938359761,0.0461776751023837,-0.00022724263062892487,-0.5238404791489613
12,60,0.0,0,0.0,1.5,0,-0.5400018434601981,-0.14393839225164884,-0.6779227480671172,-0.8291861308511591,1290,0.07804788407014596,0.07804788407014596,-1.7007752240691387e-05,-0.5243590728277654
12,96,0.0,1,0.0,0.75,1,-0.5943338079793878,-0.16520452258235385,-0.6233500419753856,-0.979396619935072,775,0.0099758479470755,0.04478630683608106,-0.0002538674629329259,-0.5258493745668003
30,96,0.005,0,0.0,0.75,0,-0.5715835150603474,-0.1560381694822628,-0.6275024224002299,-1.1301205500423448,845,0.05163813924183556,0.05163813924183556,-0.0001874242288171507,-0.5262954081844949
48,60,0.0,0,-0.2,0.75,0,-0.5459677067224655,-0.1461720363273009,-0.6745821230635518,-0.8626526080744497,1035,0.07796912737582695,0.07796912737582695,-6.52020575132456e-05,-0.5265957282627993
12,60,0.0025,0,0.0,1.5,0,-0.5566454008575292,-0.15022910283355018,-0.6638186887745172,-0.8918357599959347,1208,0.07342749133676363,0.07342749133676363,-4.689621302524437e-05,-0.5267302352206056
48,96,0.005,0,0.0,0.75,0,-0.5721155322513855,-0.1562480274439959,-0.6324423677231785,-1.085608978517411,855,0.05268822849942245,0.05268822849942245,-0.00017968427970231404,-0.5267496602314558
20,96,0.0,1,0.0,0.75,1,-0.5945700368256054,-0.16530183599948756,-0.6263480507321003,-0.979282098815759,764,0.009634568938359761,0.04423500997584795,-0.00026057576066733666,-0.5274399663063256
12,120,0.0,0,0.0,0.75,0,-0.5716982028282295,-0.15608339125566817,-0.6337504902608049,-1.0921466209082584,958,0.057361125695684134,0.057361125695684134,-0.0001413757043945896,-0.5275659674314835
12,96,0.0,0,0.0,0.75,0,-0.5638032415984271,-0.15299274907085958,-0.640977136426222,-1.0861473458601851,928,0.05541846056914838,0.05541846056914838,-0.00014565763175887505,-0.5277886845769798
20,96,0.005,1,-0.2,0.75,1,-0.6014907111522085,-0.16817311027858095,-0.6291806077644462,-0.9228535609277015,701,0.013546151422870944,0.05113934684448178,-0.00024456625380974274,-0.5289060922071891
20,120,0.005,0,0.0,0.75,0,-0.5735731024187933,-0.15682404745970924,-0.6322960364962256,-1.1362253864191136,858,0.05208442717630998,0.05208442717630998,-0.00018486545299414893,-0.5297833350287777
30,200,0.005,1,-0.2,0.75,1,-0.602380517522906,-0.1685451639007961,-0.6398143708889708,-0.8675738192594435,800,0.013651160348629633,0.05717736007560643,-0.00019247297535255646,-0.5318310403082537
12,120,0.0,0,-0.2,0.75,0,-0.5435110700059035,-0.14524943478317354,-0.6879821688740951,-0.8574649879147757,1069,0.0796230179565263,0.0796230179565263,-5.653433076600005e-05,-0.5321137686159599
30,96,0.0,0,0.0,0.75,0,-0.584206881299904,-0.16107477913038193,-0.6358690377027156,-1.1138732212997293,960,0.05801743148167594,0.05801743148167594,-0.00015190971430851044,-0.5347029590467263
12,96,0.0025,0,-0.2,0.75,0,-0.5676718268487212,-0.15450154372534441,-0.6660341998145636,-0.9578462788172856,991,0.07376877034547936,0.07376877034547936,-9.589049839545492e-05,-0.5354109575734904
48,120,0.0025,1,-0.2,0.75,1,-0.605321743655032,-0.1697797329451799,-0.6426637285594747,-0.8979839905773613,816,0.01328362910847422,0.05922503412790087,-0.000187300457708536,-0.5360107967537854
12,60,0.005,0,0.0,999.0,0,-0.5812316478394541,-0.1598767839645765,-0.6702671598393564,-0.8405815863087519,1349,0.08581854457628899,0.08581854457628899,-3.0139154879199652e-05,-0.5370394431996923
12,60,0.0,0,-0.2,1.5,0,-0.5421501939506348,-0.14474005946678659,-0.7148295357642234,-0.7098365753662188,1410,0.10829045468864854,0.10829045468864854,6.888268220848096e-06,-0.5376466561172092
48,60,0.005,0,-0.2,0.75,0,-0.5560492315648078,-0.15000053549838188,-0.6815918056182292,-0.9421306069575497,924,0.07001470124960622,0.07001470124960622,-0.00010450238560653165,-0.537902968655374
48,60,0.0025,0,0.0,0.75,0,-0.5949097901881457,-0.16544187543014865,-0.6279138879891537,-1.1836941669704761,881,0.05358080436837131,0.05358080436837131,-0.00019812221361458125,-0.5385835277732494
48,96,0.0,1,0.0,0.75,1,-0.6000376775041536,-0.1675669811451136,-0.644889476987855,-0.9813686425074355,802,0.008899506458048934,0.04607266617662501,-0.00024598297570119877,-0.5390801517644129
20,60,0.0,0,-0.2,1.5,0,-0.5607462149875224,-0.15180802449255293,-0.7024147086532136,-0.7258333210832659,1417,0.11057439882390004,0.11057439882390004,-7.57579927873949e-07,-0.5393070448733231
12,120,0.005,1,-0.2,0.75,1,-0.6101097230232138,-0.17180530232757607,-0.6433524030355189,-0.938734615775646,724,0.013414890265672582,0.05274073296230179,-0.00024161266194178813,-0.5404182346341178
20,96,0.0,0,-0.2,0.75,0,-0.5607766080681811,-0.15181977056685259,-0.6890916144568311,-0.9013123478082194,1050,0.07870418985613777,0.07870418985613777,-7.307813286478015e-05,-0.5414311951856791
20,200,0.0,0,-0.2,0.75,0,-0.5562823363098931,-0.15008987705753762,-0.6999453362395536,-0.8275374425903673,1176,0.08852252441457524,0.08852252441457524,-4.03862329781247e-05,-0.5414394173068328
20,60,0.005,0,-0.2,1.5,0,-0.5570807365080614,-0.15039616297263592,-0.7063918901256536,-0.757874931561389,1256,0.0984458678987714,0.0984458678987714,-2.2496055419504803e-05,-0.5414858546135322
48,96,0.0,0,0.0,0.75,0,-0.5895079812816657,-0.1632263967640296,-0.6487125369900649,-1.0887649627045946,974,0.05935629528509923,0.05935629528509923,-0.00014917334185311656,-0.5420209133942918
20,120,0.0,0,0.0,0.75,0,-0.587184367007503,-0.16228056543991254,-0.6474096286004389,-1.1217705689149564,975,0.05867373726766775,0.05867373726766775,-0.00014998956390714288,-0.5420739081858799
20,60,0.005,0,0.0,1.5,0,-0.5777669072323706,-0.1584902359455832,-0.6741245878814046,-0.9403535367447499,1141,0.07038223248976162,0.07038223248976162,-7.900253310183949e-05,-0.542570206723523
48,96,0.005,0,-0.2,0.75,0,-0.5547815413452677,-0.14951532639629284,-0.6994548334539905,-0.889816002123895,963,0.07353250026252231,0.07353250026252231,-8.916433466703476e-05,-0.5437335432294829
12,120,0.005,0,-0.2,0.75,0,-0.5527824445346292,-0.14875241162439123,-0.6965051068550367,-0.9371796353627686,944,0.07085477265567573,0.07085477265567573,-9.705165533425654e-05,-0.543863946820048
20,200,0.0,1,-0.2,1.5,1,-0.5683196428585702,-0.15475525439426407,-0.7201362146087582,-0.584987793799451,1405,0.018639084322167383,0.10805418460569148,4.742286751632278e-06,-0.5440727513886158
20,60,0.0025,0,-0.2,1.5,0,-0.5736986039877205,-0.1568737182713028,-0.6977722812364393,-0.7715033107366345,1335,0.10479890790717211,0.10479890790717211,-1.9398388892521955e-05,-0.5443350244263542
20,96,0.0025,0,0.0,0.75,0,-0.6025282746287293,-0.16860700985470312,-0.6334644290396192,-1.2115289164205938,890,0.05418460569148378,0.05418460569148378,-0.0002029864938680969,-0.5459156701955424
48,96,0.0,0,-0.2,0.75,0,-0.5601917573333272,-0.15159385616016752,-0.7037691706140196,-0.8564685760850382,1087,0.0823795022576919,0.0823795022576919,-6.139180845211128e-05,-0.5463018702714293
30,120,0.0,1,0.0,0.75,1,-0.6074068194858053,-0.17065940110960154,-0.6514322429337205,-1.0036480773128693,810,0.009240785466764675,0.046413945185340755,-0.00025245899709633654,-0.5465579264421052
12,120,0.0025,0,0.0,0.75,0,-0.6021275752363522,-0.1684393337678014,-0.6367863631151263,-1.2119701415694382,904,0.05457838916307886,0.05457838916307886,-0.00019774689790226724,-0.5474310224038365
12,200,0.0,1,-0.2,1.5,1,-0.5781819585703515,-0.15865585369017698,-0.71964096614623,-0.6047483431666282,1413,0.018612832090727713,0.10829045468864854,1.0223181646628492e-07,-0.5487137539216234
12,60,0.005,1,0.0,0.75,1,-0.6113102798328076,-0.1723163196182611,-0.6456976856461965,-1.0809558552475633,643,0.009582064475480415,0.03714690748713641,-0.00038735759316461303,-0.5492129552037375
20,120,0.0,0,-0.2,0.75,0,-0.5676602007028795,-0.154496993239865,-0.6997032179520534,-0.9045910899583505,1087,0.08156568308306206,0.08156568308306206,-6.89102338100129e-05,-0.5495781567138092
12,60,0.0025,0,-0.2,1.5,0,-0.5674186033333384,-0.15440245392306795,-0.7131138221961133,-0.7863484656550953,1323,0.10217368476320488,0.10217368476320488,-1.935565366684582e-05,-0.5502767883038794
30,96,0.0,0,-0.2,0.75,0,-0.5686418872752139,-0.15488157163906036,-0.7001584279527968,-0.9101495816532801,1068,0.08046308936259582,0.08046308936259582,-7.383003651475998e-05,-0.5504682646981227
48,96,0.0,1,-0.2,1.5,1,-0.5834139063098691,-0.1607548146241271,-0.7164362130948967,-0.6484010174822514,1266,0.015620077706605062,0.0980520844271763,-2.5835003199136918e-05,-0.551392972045688
48,120,0.005,1,-0.2,0.75,1,-0.6180904580099136,-0.1752262387208705,-0.6576443114947361,-0.9492685065587698,748,0.013021106794077496,0.054289614617242465,-0.00023794479235662394,-0.551511819796177
20,60,0.0025,1,0.0,0.75,1,-0.6157597009073588,-0.1742212960759486,-0.6454095169505123,-1.091896134992614,674,0.009870839021316812,0.03880079806783577,-0.00036788070607138203,-0.5515208613008354
20,200,0.005,0,-0.2,0.75,0,-0.5660380296711163,-0.15386303124594336,-0.7070267373616957,-0.9023436230916375,1031,0.07810038853302531,0.07810038853302531,-8.022794252742921e-05,-0.5524935810813731
12,120,0.0,1,0.0,0.75,1,-0.617787832400387,-0.175095480268172,-0.653846656767598,-1.0403323673996343,804,0.009765830095558122,0.04615142287094403,-0.00027122753282573543,-0.5540354270219527
30,60,0.0,0,-0.2,1.5,0,-0.591376766192612,-0.16399020105829887,-0.7021931797625903,-0.7800882063969162,1436,0.11312086527354825,0.11312086527354825,-1.4303385754698992e-05,-0.5540912012594398
48,60,0.0025,1,0.0,0.75,1,-0.6211539342368295,-0.1765545930086564,-0.6472980531650685,-1.0931724765219517,696,0.008794497532290245,0.0401921663341384,-0.00035594920774308114,-0.5548622434172882
20,96,0.005,0,-0.2,0.75,0,-0.5740917643390475,-0.1570293984018838,-0.6984046319565635,-0.9957391709571323,938,0.07059225034127901,0.07059225034127901,-0.00011651147332672365,-0.5560186729280222
12,96,0.0025,0,0.0,0.75,0,-0.6032287224866337,-0.1689004432811091,-0.6505913280557651,-1.238366033499824,880,0.05276698519374147,0.05276698519374147,-0.00021281282067127027,-0.5561144089839829
20,200,0.005,0,0.0,0.75,0,-0.6023715252773775,-0.16854140065493717,-0.659091285137801,-1.1626736280900172,916,0.056022261892260845,0.056022261892260845,-0.00018802683948247842,-0.5562207246283385
12,120,0.0025,0,-0.2,0.75,0,-0.5824486640875208,-0.16036599722675748,-0.694878957622883,-0.9815417892418583,1017,0.0761052189436102,0.0761052189436102,-9.958592673552196e-05,-0.5568825655002918
12,60,0.0025,1,0.0,0.75,1,-0.619518719269652,-0.1758444826630906,-0.6531799238912832,-1.0902305936162449,699,0.010107109104273863,0.0401921663341384,-0.00035234541365247236,-0.5569459742895444
48,60,0.0025,0,-0.2,0.75,0,-0.5908421279592517,-0.16377140043866478,-0.6864847333843461,-1.0041372895703629,987,0.07479260737162659,0.07479260737162659,-0.00011361394844460395,-0.5572206316093561
30,96,0.005,0,-0.2,0.75,0,-0.5742623357527477,-0.15709697550443713,-0.7038643389507959,-0.9789288928838873,950,0.07211487976478001,0.07211487976478001,-0.00011123700131218013,-0.5579755896240295
20,200,0.0025,0,-0.2,0.75,0,-0.5863096819346174,-0.16192562635688224,-0.7009236036786215,-0.921710485796078,1113,0.0840071406069516,0.0840071406069516,-7.498063512432407e-05,-0.5584729524859969
48,120,0.0,1,-0.2,1.5,1,-0.590697147727565,-0.1637121067163626,-0.7250285237221805,-0.6530519323091353,1323,0.01648640134411425,0.10217368476320488,-2.1094426608177276e-05,-0.5588789651929096
20,120,0.0025,0,0.0,0.75,0,-0.6126027889735022,-0.17286788963572863,-0.6497468158199424,-1.2258343395344613,923,0.05599600966082117,0.05599600966082117,-0.00019985967234671873,-0.5590330145224229
20,120,0.005,0,-0.2,0.75,0,-0.5754913734621215,-0.15758453777741366,-0.7049576573178695,-0.9817573407350245,965,0.0728761944765305,0.0728761944765305,-0.00010837948040494271,-0.5591512334730997
30,96,0.0025,0,0.0,0.75,0,-0.6168438714037976,-0.1746881449747426,-0.6454810460430565,-1.2428794293479732,910,0.05544471280058805,0.05544471280058805,-0.00021020981695820082,-0.5595726394636695
20,60,0.005,1,0.0,0.75,1,-0.6244386684793168,-0.17798846642109567,-0.6534187739466648,-1.1347064556073128,627,0.009687073401239105,0.03630683608106689,-0.000427835375948031,-0.5614331761747937
48,60,0.005,1,0.0,0.75,1,-0.6280045370152392,-0.17955646314413776,-0.6545051517240702,-1.1312316813387353,648,0.008768245300850573,0.03754069095873149,-0.0004118983788829738,-0.5633706230731096
48,120,0.005,0,0.0,0.75,0,-0.6129212109018635,-0.17300400010313577,-0.6627310450034178,-1.2041795054805289,882,0.05410584899716476,0.05410584899716476,-0.00021620020174434478,-0.5645784978788712
48,96,0.0025,0,0.0,0.75,0,-0.6196225529779784,-0.17588950095375566,-0.6568718877601842,-1.2051274989065919,922,0.05665231544681298,0.05665231544681298,-0.00020433517218579819,-0.5645818197791774
20,96,0.0025,0,-0.2,0.75,0,-0.5971732301045937,-0.16637722473062044,-0.6951554631205734,-1.0222547646396385,1003,0.07550141762049774,0.07550141762049774,-0.00011514328527737215,-0.5650676945228891
30,96,0.0,1,-0.2,1.5,1,-0.607307716424605,-0.1706175062480071,-0.7202861278218016,-0.7131574397821576,1229,0.016223879029717527,0.09498057334873464,-4.9115821806186334e-05,-0.5664184421480157
30,60,0.005,0,0.0,1.5,0,-0.6053270539665951,-0.16978196857464767,-0.6947513074526134,-0.9927981249352168,1161,0.07250866323637509,0.07250866323637509,-9.60828629959166e-05,-0.5667975285477153
30,60,0.0025,0,-0.2,1.5,0,-0.6117026278235352,-0.17248359634423316,-0.7044965927453728,-0.8466163909929175,1356,0.10745038328257901,0.10745038328257901,-3.8093337024790016e-05,-0.5670627122665655
30,200,0.0,0,-0.2,0.75,0,-0.5874948756520358,-0.16240671164487597,-0.7212410970837243,-0.8834715948013778,1194,0.09036018061535231,0.09036018061535231,-5.681909434396582e-05,-0.5672008399268069
20,120,0.0025,0,-0.2,0.75,0,-0.5984105618155227,-0.16689032105954893,-0.7017909202959418,-1.0083909761684489,1035,0.07817914522734433,0.07817914522734433,-0.00010610060038014315,-0.5682053300159423
48,200,0.0,1,-0.2,1.5,1,-0.604422942184036,-0.16940168569781322,-0.7337597191783439,-0.6434389137559904,1503,0.01916412895096083,0.11361965767090203,-3.0375398160279904e-06,-0.5684534909747847
12,96,0.005,0,-0.2,1.5,0,-0.5976756637811103,-0.16658542154897715,-0.7239883232314066,-0.8392977800078507,1309,0.10264622492911897,0.10264622492911897,-3.834286637284477e-05,-0.570544472165073
12,96,0.0,0,-0.2,1.5,0,-0.6044598569667906,-0.16941719898495455,-0.7225527398729368,-0.8112642848917136,1477,0.1154573138716791,0.1154573138716791,-1.6683064406724124e-05,-0.5712567831660086
30,120,0.005,0,0.0,0.75,0,-0.6178111850834571,-0.17510556754473716,-0.6665376920212762,-1.2595708083276667,867,0.05289824635093983,0.05289824635093983,-0.00023279563930308985,-0.5713529539717586
30,96,0.0025,1,0.0,0.75,1,-0.6361999111070923,-0.18320625289269676,-0.6634745278945524,-1.1304529474799003,728,0.00929328992964402,0.04195106584059645,-0.00035547430862472624,-0.571466164213968
30,200,0.005,0,-0.2,0.75,0,-0.5920880344686525,-0.16428164272778945,-0.719825191672425,-0.9467594984466053,1043,0.07941300010500893,0.07941300010500893,-9.596782446102668e-05,-0.5715322134863322
12,96,0.005,0,0.0,1.5,0,-0.6104881207220172,-0.17196623140330514,-0.6987429894137805,-1.0102304802144189,1186,0.07353250026252231,0.07353250026252231,-9.507937256382841e-05,-0.5718492501209164
20,120,0.0025,1,0.0,0.75,1,-0.6358814453132857,-0.1830632029262591,-0.666721889052986,-1.123315214917048,750,0.009582064475480415,0.04302740732962302,-0.00033889427244184004,-0.5725899081986046
30,200,0.0,1,-0.2,1.5,1,-0.6059169560941241,-0.17003046599368987,-0.7401138432980612,-0.6588734387391902,1427,0.018954111099443453,0.10926178725191642,-1.4220950078358725e-05,-0.5730310595796799
20,60,0.0025,0,0.0,1.5,0,-0.61238158162162,-0.17277338651526863,-0.6999851364417973,-1.0112166148425312,1219,0.07523889530610102,0.07523889530610102,-8.863319233093105e-05,-0.5733267854782939
48,96,0.0025,0,-0.2,0.75,0,-0.602148733346863,-0.1684481841814972,-0.7130701775070275,-0.987233386473286,1034,0.0788617032447758,0.0788617032447758,-0.00010699255028457849,-0.5743449422586753
30,60,0.0025,1,0.0,0.75,1,-0.6399036982479821,-0.18487733777920634,-0.6629155711430199,-1.1778680522944696,677,0.00973957786411845,0.038984563687913476,-0.0004092401988422481,-0.5752285259654397
30,96,0.005,1,0.0,0.75,1,-0.6386496443458032,-0.1843099972237251,-0.6665409678064965,-1.1546021241044278,674,0.009109524309566313,0.03893205922503413,-0.0004070394903039732,-0.5753105873321946
12,60,0.0025,0,0.0,999.0,0,-0.6239908707149628,-0.17779240176097044,-0.7030893463596508,-0.9280343066930271,1444,0.09177780111309461,0.09177780111309461,-4.392791614732097e-05,-0.5757387902754472
30,200,0.005,0,0.0,0.75,0,-0.624711225840135,-0.17810789503720403,-0.6765669406311865,-1.196004926627036,927,0.05704609891840806,0.05704609891840806,-0.0002067765475096485,-0.5761916116841491
20,60,0.0,0,0.0,1.5,0,-0.6048054790746313,-0.169562501475798,-0.716277095529446,-0.9699722474826474,1297,0.07959676572508663,0.07959676572508663,-6.365349917975522e-05,-0.5761996616146533
20,200,0.0,0,0.0,0.75,0,-0.6175094217109929,-0.1749752577126793,-0.6875078747556027,-1.1560172031802218,1060,0.06402919248136092,0.06402919248136092,-0.00014855175219420378,-0.5765300552494917
20,200,0.005,1,-0.2,1.5,1,-0.6039110793467888,-0.16918669668038777,-0.7456992157226202,-0.6905038250981361,1203,0.017720256221778852,0.09201407119605166,-5.0712253203866347e-05,-0.5765614957966047
12,96,0.0,1,-0.2,1.5,1,-0.627103291922678,-0.17915903288350032,-0.7192966129667777,-0.7655203439377654,1222,0.018009030767615248,0.0944555287199412,-6.518058340138158e-05,-0.5770833565637774
20,200,0.0025,1,-0.2,1.5,1,-0.6110672288142003,-0.17221276307212263,-0.741254134227985,-0.6925472914425304,1307,0.01793027407329623,0.10041478525674682,-3.650370774836454e-05,-0.5774671947582417
48,120,0.0,1,0.0,0.75,1,-0.6377361586842668,-0.1838977221219693,-0.6783604481660778,-1.0927305883665714,824,0.009135776541005985,0.047043998739892894,-0.000289623246149096,-0.5777144756233367
20,96,0.0025,1,0.0,0.75,1,-0.6440562510207581,-0.18676732582437083,-0.6669651865254398,-1.1645080424259195,711,0.009660821169799433,0.04116349889740628,-0.00038217088724135974,-0.5784753212083867
48,60,0.005,0,0.0,1.5,0,-0.6234690927519058,-0.17756418092250892,-0.6994632346818775,-1.0286107662099906,1187,0.07479260737162659,0.07479260737162659,-0.00010416305484704025,-0.5787263365739471
48,96,0.0,0,-0.2,1.5,0,-0.6175037513262014,-0.17497280986977104,-0.7319942884803636,-0.7819395172030349,1544,0.12412055024677097,0.12412055024677097,-1.2419989816820747e-05,-0.5800669299701046
30,96,0.0025,0,-0.2,0.75,0,-0.6109938164180722,-0.17218149449195141,-0.7109163702955588,-1.0495403522934161,1019,0.07723406489551612,0.07723406489551612,-0.00012105061193608445,-0.5801166972544016
30,120,0.0,1,-0.2,1.5,1,-0.6146947378652916,-0.17376374266516914,-0.7421557370852354,-0.7182123705179745,1276,0.01627638349259687,0.09891840806468549,-4.503081262574835e-05,-0.5807522297336856
30,60,0.005,0,-0.2,1.5,0,-0.6164813850052357,-0.1745319391867548,-0.7243469339974606,-0.8876397802527446,1282,0.10114984773705765,0.10114984773705765,-5.4756266614307524e-05,-0.5810873951981224
12,200,0.005,1,-0.2,1.5,1,-0.610252421742899,-0.17186597610747423,-0.7501867818933287,-0.7056149347097751,1203,0.01758899506458049,0.09177780111309461,-5.5529329042602745e-05,-0.5822401137896274
12,200,0.0,1,0.0,0.75,1,-0.643902571631773,-0.18669706690708443,-0.6814841889740872,-1.0976095562332036,887,0.01018586579859288,0.050036753124015544,-0.0002637399814919446,-0.5823196392057882
20,120,0.005,1,0.0,0.75,1,-0.6439368447689167,-0.18671273374799235,-0.6748753674951377,-1.1656976536973,696,0.009135776541005985,0.03995589625118135,-0.0003985459730024627,-0.5824353001804261
20,200,0.0,1,0.0,0.75,1,-0.6441510517341873,-0.1868106787763748,-0.6817064451181629,-1.100305705499864,883,0.010343379187230915,0.04993174419825685,-0.000265844142381246,-0.5826791866104495
48,96,0.005,1,0.0,0.75,1,-0.6421183804720949,-0.18588314313629883,-0.6781899774803961,-1.155820794739645,690,0.008768245300850573,0.039745878399663974,-0.0003989900944679952,-0.5827691716134792
48,96,0.0025,1,0.0,0.75,1,-0.6432077233049125,-0.18637969957421063,-0.678399467584637,-1.143811329896427,749,0.008899506458048934,0.04313241625538171,-0.00035045136550632393,-0.5827699998613505
48,60,0.0,0,-0.2,1.5,0,-0.6310185904734171,-0.18089121715036316,-0.7180784877088296,-0.8654546011254274,1468,0.11671742098078337,0.11671742098078337,-3.2417742687243076e-05,-0.5832031910610493
12,96,0.005,1,0.0,0.75,1,-0.6482451501238103,-0.1886918103733901,-0.6708844834240351,-1.197598358870554,663,0.009477055549721726,0.03840701459624068,-0.0004355005715765837,-0.5840139700289353
48,120,0.005,0,-0.2,0.75,0,-0.6055758733297598,-0.16988674796382863,-0.7281134015900212,-1.0217493435566958,995,0.07581644439777381,0.07581644439777381,-0.0001221826603695883,-0.585030915936674
48,60,0.0,1,-0.2,1.5,1,-0.633096702493225,-0.18181658377860643,-0.7279292622450584,-0.7887756037034352,1169,0.016197626798277853,0.09075396408694739,-8.085857699560557e-05,-0.5852199950863074
20,120,0.0,1,-0.2,1.5,1,-0.627968595779014,-0.17954059907327413,-0.736090344556246,-0.7539479580070131,1271,0.016512653575553923,0.098157093352935,-5.577089940277621e-05,-0.5852831692517478
30,200,0.0025,0,-0.2,0.75,0,-0.6196822606834933,-0.17591539236311327,-0.7211438241901618,-0.988541629013856,1127,0.08545101333613357,0.08545101333613357,-9.601637431226244e-05,-0.5859143859088869
30,60,0.0,0,0.0,1.5,0,-0.6160255918105275,-0.17433569233587498,-0.7258057853160004,-0.9764471860555447,1312,0.08156568308306206,0.08156568308306206,-6.768622177839356e-05,-0.5860609442966525
12,96,0.0025,1,0.0,0.75,1,-0.6513694092323192,-0.19013914302288426,-0.6738076617420482,-1.1914105284365486,719,0.009949595715635829,0.041452273443242676,-0.0003902335318588819,-0.5866135003157359
48,120,0.0,0,0.0,0.75,0,-0.6338475789845324,-0.18215197421067741,-0.6868986712369419,-1.2205460278153204,1004,0.06116769925443663,0.06116769925443663,-0.00018658009744827983,-0.5866286112199144
30,96,0.005,0,0.0,1.5,0,-0.6337535968891708,-0.18210996557257286,-0.7048055724940181,-1.043780568548854,1220,0.07702404704399873,0.07702404704399873,-0.00010416181676646252,-0.5867017802470246
30,60,0.0025,0,0.0,1.5,0,-0.6274141398662963,-0.17929602345065077,-0.7137785814233415,-1.0288210954677233,1236,0.07728656935839547,0.07728656935839547,-9.54752687050609e-05,-0.5876263689357076
30,120,0.0025,1,0.0,0.75,1,-0.6478719481967063,-0.18851961051126653,-0.682603642692911,-1.1601266143625224,756,0.00918828100388533,0.043368686338338756,-0.0003544233649056417,-0.5878277625758481
20,200,0.0025,0,0.0,0.75,0,-0.6366023849098128,-0.18338718132221887,-0.6857236519184025,-1.239171617612709,994,0.06051139346844482,0.06051139346844482,-0.00019441626677647758,-0.5882075881620555
12,96,0.0025,0,-0.2,1.5,0,-0.6307934621537865,-0.18079121976711288,-0.7266694301365141,-0.8965165940950411,1394,0.10955056179775281,0.10955056179775281,-4.483082140158324e-05,-0.588951764540122
48,96,0.005,1,-0.2,1.5,1,-0.6302337537362432,-0.18054281995541033,-0.7380436525753462,-0.78882917298419,1100,0.01538380762364801,0.08474220308726242,-9.545059159511365e-05,-0.589006104892293
30,120,0.0,0,0.0,0.75,0,-0.6350566009495267,-0.18269316016545656,-0.686642072366439,-1.261104173175626,987,0.05964506983093563,0.05964506983093563,-0.00019802443157386127,-0.5890694050074574
12,120,0.005,0,0.0,1.5,0,-0.633063545046948,-0.18180178616127485,-0.709542622862058,-1.0576636802272499,1215,0.07600021001785151,0.07600021001785151,-0.00010655144197298362,-0.5894562816036664
20,96,0.005,0,0.0,1.5,0,-0.637334256761908,-0.18371659877524493,-0.7064811375207256,-1.0735685120459353,1200,0.07552766985193742,0.07552766985193742,-0.00011400726097362565,-0.5906355931379045
48,60,0.005,0,-0.2,1.5,0,-0.630323811321712,-0.18058276739617296,-0.7303937715566466,-0.9083580519533903,1308,0.10430011550981834,0.10430011550981834,-5.82442463310834e-05,-0.5911975557721658
12,60,0.0,1,-0.2,1.5,1,-0.6337840118591556,-0.18212355968072658,-0.7396632058098374,-0.7906490188501355,1167,0.018612832090727713,0.0906489551611887,-8.1799496965345e-05,-0.591487613528152
20,96,0.005,1,0.0,0.75,1,-0.654950303660909,-0.19181083080473116,-0.6779311139547037,-1.2183301307828995,663,0.009345794392523364,0.038485771290559696,-0.00044751377750213957,-0.591692894321228
30,120,0.005,1,0.0,0.75,1,-0.6504366867982563,-0.18970597089078833,-0.6856698652423834,-1.185162809316126,697,0.009004515383807624,0.03998214848262102,-0.00040982821734812907,-0.5917990439777863
12,200,0.0025,1,-0.2,1.5,1,-0.6312726952931889,-0.18100414394511222,-0.7485166903243319,-0.7394433246981464,1312,0.017982778536175574,0.10030977633098813,-4.987372638773091e-05,-0.5922346553421854
48,120,0.005,1,-0.2,1.5,1,-0.6342918582032171,-0.18235067743093125,-0.741693721170392,-0.7859785393253014,1146,0.016223879029717527,0.08804998424866113,-8.727619183590696e-05,-0.5924964649823923
12,60,0.0,0,0.0,999.0,0,-0.6292945386643483,-0.18012666920204845,-0.7328854984855719,-0.9247976884958281,1541,0.0972120130211068,0.0972120130211068,-3.1324644037772935e-05,-0.5928093028696259
48,200,0.005,1,-0.2,1.5,1,-0.633406740223856,-0.18195500025227873,-0.7480347091342939,-0.7415134478271777,1271,0.01758899506458049,0.09629318492071826,-5.8872277085885115e-05,-0.5930480272107846
48,200,0.0,1,0.0,0.75,1,-0.6551089773293581,-0.19188522575901634,-0.6902911849749134,-1.1247069579443214,919,0.01050089257586895,0.05166439147327523,-0.00026288993166156147,-0.5932661661436891
48,120,0.0,0,-0.2,0.75,0,-0.6171700620184017,-0.17482881094278302,-0.7371255264151841,-1.0031457457125004,1125,0.08518849102173685,0.08518849102173685,-9.56145067217936e-05,-0.593548861436
12,120,0.005,0,-0.2,1.5,0,-0.6217572642543614,-0.1768172150070738,-0.7457895705518214,-0.8824351124289653,1339,0.105848997164759,0.105848997164759,-4.7749741851805016e-05,-0.5938337559044328
48,96,0.005,0,-0.2,1.5,0,-0.6234879958322377,-0.17757244453686694,-0.7494190502988207,-0.840510825728966,1369,0.1101281108894256,0.1101281108894256,-4.107341795433238e-05,-0.5943075109727256
48,96,0.0025,1,-0.2,1.5,1,-0.6385311317862938,-0.18425646300989285,-0.7407053450053644,-0.7942818713190014,1183,0.015672582169484407,0.09201407119605166,-8.139312779276804e-05,-0.5943232290785252
30,60,0.005,1,0.0,0.75,1,-0.6571504544754874,-0.19284483312047074,-0.6798286509788123,-1.2553746238117283,634,0.009660821169799433,0.03659561062690329,-0.0004877843753485383,-0.5955278898004633
30,200,0.0,1,0.0,0.75,1,-0.6563767562679772,-0.19248061563111207,-0.6926418798748455,-1.1362240651288302,889,0.010343379187230915,0.050194266512653574,-0.00028085309069257364,-0.5956127588249763
48,96,0.005,0,0.0,1.5,0,-0.6375194615013926,-0.1838000442133526,-0.7225797894879388,-1.0107666099550376,1243,0.0792554867163709,0.0792554867163709,-9.863117180840316e-05,-0.595628269455074
30,200,0.0,0,0.0,0.75,0,-0.636406736976689,-0.1832992095685968,-0.7089666021708776,-1.1795834718504334,1074,0.0654730652105429,0.0654730652105429,-0.00016103600494894981,-0.5967616842465573
48,200,0.0025,1,-0.2,1.5,1,-0.6429270468179207,-0.18625164263194038,-0.7470233847870632,-0.7480814339045587,1397,0.01827155308201197,0.105848997164759,-4.3239740711785985e-05,-0.5971674067207
48,60,0.0,0,0.0,1.5,0,-0.6369515882071345,-0.18354429238982606,-0.7280342690094921,-1.022006514902801,1343,0.08408589730127061,0.08408589730127061,-7.749349733808873e-05,-0.5986617526397121
30,120,0.0,0,-0.2,0.75,0,-0.6228275485980364,-0.17728392192749987,-0.7394132544430203,-1.048477642156924,1100,0.08287829465504568,0.08287829465504568,-0.0001081878613152993,-0.5994144312568562
12,120,0.0,0,-0.2,1.5,0,-0.6375466089599197,-0.18381227857784865,-0.7450218593421849,-0.8772991191708459,1519,0.11929013966187126,0.11929013966187126,-2.9767347997106813e-05,-0.6001881642074834
48,96,0.0025,0,-0.2,1.5,0,-0.6438266026572436,-0.18666234448035957,-0.7407532953411003,-0.8635379270903771,1459,0.11803003255276699,0.11803003255276699,-3.9118312162704486e-05,-0.6002158885054286
48,120,0.0025,1,-0.2,1.5,1,-0.6453686944747676,-0.18736833732004166,-0.7462184406969956,-0.7986531774304134,1238,0.01638139241835556,0.0958731492176835,-7.487006534275254e-05,-0.6004102165400601
30,96,0.0,0,-0.2,1.5,0,-0.6414056825523031,-0.1855589270290997,-0.7444572655668142,-0.8782721749273131,1509,0.1201039588365011,0.1201039588365011,-3.2547844589157535e-05,-0.6017011685588725
30,96,0.005,0,-0.2,1.5,0,-0.6346687682727925,-0.1825194013405741,-0.7491406244275879,-0.904027615005965,1342,0.1071878609681823,0.1071878609681823,-5.462298562370175e-05,-0.6022910943046662
12,96,0.0,0,0.0,1.5,0,-0.6331062139161845,-0.1818208287660562,-0.7382819910021545,-1.0282874971085592,1350,0.08329833035808043,0.08329833035808043,-7.465595084572157e-05,-0.6023761991225615
20,96,0.0,1,-0.2,1.5,1,-0.6521734738343008,-0.19051330889403262,-0.7417128960942767,-0.8279838418304458,1206,0.017168959361545732,0.09345794392523364,-8.763235633566924e-05,-0.6027689490326933
30,120,0.005,0,-0.2,0.75,0,-0.6234928749048286,-0.17757457751160532,-0.7396963146549254,-1.1076270560745538,976,0.07397878819699674,0.07397878819699674,-0.00014637687193788375,-0.6028040876427957
12,120,0.0025,0,-0.2,1.5,0,-0.646339457555583,-0.1878140276884156,-0.7396491617458696,-0.918216212509906,1429,0.11309461304210858,0.11309461304210858,-4.8345610823810076e-05,-0.6035494191868457
20,60,0.0,1,-0.2,1.5,1,-0.6458381516030329,-0.18758374937847633,-0.749435568505372,-0.8328767398670508,1133,0.01827155308201197,0.0875249396198677,-0.00010073740109168666,-0.6039453706245148
30,200,0.005,1,-0.2,1.5,1,-0.643853814556679,-0.18667478128705428,-0.7574823056451037,-0.7802818409361292,1224,0.01790402184185656,0.09319542161083692,-7.670191873280519e-05,-0.6044300261564126
12,120,0.0025,1,0.0,0.75,1,-0.6651915086558604,-0.19666961041749242,-0.6944377903234544,-1.2282652317520601,745,0.009634568938359761,0.042764885015226295,-0.00039426668560797,-0.6053017671668226
12,200,0.005,0,0.0,0.75,0,-0.6463277766166456,-0.18780865899939392,-0.7013295674637541,-1.3477613125569068,903,0.05470965032027723,0.05470965032027723,-0.00025289888155717404,-0.6058615083591163
48,60,0.0025,0,-0.2,1.5,0,-0.6584023391988842,-0.1934355512277125,-0.7294883242605494,-0.9576074847913731,1387,0.11109944345269347,0.11109944345269347,-6.259710689574433e-05,-0.6060600875975559
48,96,0.0,0,0.0,1.5,0,-0.642185058383042,-0.18591350224774572,-0.7426238496230242,-0.9783779741826659,1414,0.08967762259792082,0.08967762259792082,-6.370481525573166e-05,-0.6061443257683912
30,120,0.0025,0,0.0,0.75,0,-0.6579742050195423,-0.19323333599642756,-0.6904308724840091,-1.3657682413202539,934,0.05688858552977003,0.05688858552977003,-0.00025046157563666095,-0.6067371843044448
20,60,0.005,0,0.0,999.0,0,-0.6598757297135476,-0.19413301212761147,-0.7248340123419099,-1.017106454607811,1374,0.08844376772025622,0.08844376772025622,-8.483152710967309e-05,-0.6074053410289569
12,120,0.005,1,0.0,0.75,1,-0.6669227841209149,-0.19750269914263274,-0.6960178349469853,-1.251115996660485,686,0.009135776541005985,0.03958836501102594,-0.00045008585672807577,-0.6080674164491496
30,200,0.0025,1,-0.2,1.5,1,-0.651071833436057,-0.19000084318369015,-0.7581563313613197,-0.7821834076418663,1331,0.018192796387692955,0.1016748923658511,-6.0592174685961414e-05,-0.6081881792464433
48,120,0.0025,0,0.0,0.75,0,-0.6606957930287916,-0.19452225409693202,-0.6941588953888266,-1.3366164245284682,952,0.05827995379607267,0.05827995379607267,-0.00024250959320364361,-0.6084325230177686
20,200,0.005,0,-0.2,1.5,0,-0.6376136554035601,-0.18384249709317535,-0.7657104338550411,-0.8578554531708986,1471,0.11779376246980994,0.11779376246980994,-3.456476349734729e-05,-0.6095904866792409
48,60,0.0025,0,0.0,1.5,0,-0.6563097369212783,-0.19244909723596526,-0.7241906759605196,-1.10120873695952,1268,0.07985928803948336,0.07985928803948336,-0.00011278009952469522,-0.609604872064201
12,60,0.005,0,-0.2,999.0,0,-0.6602730424758703,-0.1943215022517608,-0.7411188047087727,-0.8947724768956684,1446,0.11939514858762995,0.11939514858762995,-4.982477556775314e-05,-0.6096195284509306
20,120,0.005,0,0.0,1.5,0,-0.6542437888418811,-0.19147990955208316,-0.7256555127881148,-1.1088452988700404,1236,0.07781161398718892,0.07781161398718892,-0.00011980514153981905,-0.6097499308896426
12,200,0.0,0,-0.2,0.75,0,-0.6323888315091952,-0.1815009047845445,-0.7506223964424468,-1.0596369869599265,1165,0.08678987713955687,0.08678987713955687,-0.00010047740738786581,-0.6097939523537642
12,96,0.0025,0,0.0,1.5,0,-0.652276240053909,-0.19056118028786317,-0.7302944625774207,-1.1083801298978584,1271,0.07883545101333614,0.07883545101333614,-0.00011079147281870703,-0.6111274180714665
30,200,0.0025,0,0.0,0.75,0,-0.6582667898637357,-0.1933715069953028,-0.7081093744975748,-1.2741144133066558,1005,0.061613987188911055,0.061613987188911055,-0.0002129388641804525,-0.611131914909423
30,96,0.0,0,0.0,1.5,0,-0.6519528317047308,-0.19041056579538163,-0.7371368439069508,-1.0526000532500848,1383,0.08676362490811719,0.08676362490811719,-8.108588589172123e-05,-0.6116089904113613
30,96,0.0025,1,-0.2,1.5,1,-0.660718343695101,-0.19453296836677159,-0.7475350207987117,-0.8662329996446615,1148,0.016512653575553923,0.08891630788617032,-0.00010916439165742145,-0.6116121287483605
20,96,0.0,0,-0.2,1.5,0,-0.6573935687236465,-0.19295941459796817,-0.7481879427233324,-0.9368174792333542,1485,0.11766250131261158,0.11766250131261158,-4.672953971149855e-05,-0.6138942599213021
30,96,0.005,1,-0.2,1.5,1,-0.6570379776485243,-0.19279184397796822,-0.7555048071817972,-0.8707577426779213,1074,0.016302635724036542,0.08256326787776962,-0.00012700626960980696,-0.614082134702763
48,120,0.0,1,0.0,1.5,1,-0.6755847140421083,-0.20172360123239697,-0.7284829244722497,-0.9756856098049985,1255,0.01128845951905912,0.07607896671217053,-0.00012967453102864595,-0.6147493439587718
20,96,0.005,0,-0.2,1.5,0,-0.6508802406662264,-0.18991184940224526,-0.7532801385321596,-0.9671471542766279,1323,0.10506143022156883,0.10506143022156883,-7.024791548818837e-05,-0.6149092763821564
12,120,0.0,1,-0.2,1.5,1,-0.6625207924659956,-0.19539119575067188,-0.7555859199477953,-0.8421600235510973,1273,0.01727396828730442,0.09813084112149532,-8.16716435850633e-05,-0.6152921569021245
20,200,0.0025,0,-0.2,1.5,0,-0.6536029376127626,-0.19118021164202414,-0.7611624819590397,-0.8710226158545694,1572,0.12640449438202248,0.12640449438202248,-2.9665352172426913e-05,-0.6153125834142724
30,60,0.0,1,-0.2,1.5,1,-0.6679606257625886,-0.19800376980551104,-0.7472724089045735,-0.8940898946199674,1134,0.017799012916097867,0.08778746193426441,-0.00011969085042098786,-0.6163444689887961
20,200,0.0,0,-0.2,1.5,0,-0.6509070074966872,-0.18992428009897266,-0.7694935820171466,-0.848084535824954,1675,0.13420140711960515,0.13420140711960515,-1.5617889551867713e-05,-0.6170752978987937
20,120,0.0025,1,-0.2,1.5,1,-0.6671191510222556,-0.1975974093352726,-0.7518194259468572,-0.8758936474291346,1184,0.016670166964191956,0.09169904441877559,-0.00010560628050253086,-0.6173018046801579
48,96,0.0025,0,0.0,1.5,0,-0.6623759288323843,-0.19532208430989517,-0.739843127129415,-1.0565495210935343,1336,0.08518849102173685,0.08518849102173685,-9.779876526798722e-05,-0.6180711239292794
48,120,0.0025,1,0.0,0.75,1,-0.6758027177910306,-0.2018309902936436,-0.707779496989729,-1.2530738474027519,770,0.009030767615247296,0.043946235430011554,-0.0003945148413341993,-0.6183744311586458
48,120,0.005,1,0.0,0.75,1,-0.6747440937564287,-0.20131004972345545,-0.7075272805265811,-1.2661153647657275,707,0.008820749763729917,0.040375931954216106,-0.00044895863202608734,-0.6183794582250324
20,96,0.0,0,0.0,1.5,0,-0.6577525830734634,-0.19312873960820076,-0.7417805522970378,-1.0875862894196802,1359,0.08505722986453848,0.08505722986453848,-9.235133047292913e-05,-0.6183983302277036
12,96,0.0025,1,-0.2,1.5,1,-0.6767818498341558,-0.2023140260874946,-0.7408847365993672,-0.919084933899786,1133,0.018219048619132625,0.08768245300850572,-0.00012804405998365586,-0.6187106410821674
48,120,0.0025,0,-0.2,0.75,0,-0.6520978205208254,-0.190478074683179,-0.7437877817327422,-1.1286419419241747,1070,0.08140816969442402,0.08140816969442402,-0.00014042139010562183,-0.6188040626457588
48,200,0.0,0,-0.2,0.75,0,-0.6476088367856878,-0.18839829545529774,-0.7581730328367364,-1.0302746944453454,1228,0.09277538590780217,0.09277538590780217,-9.383896438746273e-05,-0.6189985465959332
48,200,0.005,0,0.0,0.75,0,-0.6690925259841655,-0.1985516822202429,-0.7105492843199698,-1.316669452015913,942,0.05785991809303791,0.05785991809303791,-0.0002556936718465801,-0.6196597969810234
12,200,0.005,0,-0.2,0.75,0,-0.6391510424637405,-0.18453664311276508,-0.7558371096480275,-1.144338045144178,1018,0.07642024572088628,0.07642024572088628,-0.00014846201485238132,-0.6196721001939878
48,96,0.0,1,0.0,1.5,1,-0.6811459176240813,-0.20448129573297902,-0.7302027175376526,-1.007013554239822,1206,0.010789667121705345,0.07337498687388427,-0.00015041346176352695,-0.6199333322137964
30,96,0.0025,0,0.0,1.5,0,-0.6689016491707191,-0.19845918060590395,-0.7304570291847792,-1.125952316927832,1305,0.08243200672057124,0.08243200672057124,-0.0001145010178389624,-0.6199853110446851
30,120,0.0025,1,-0.2,1.5,1,-0.6634900399738446,-0.19585421518326418,-0.7633242556743493,-0.8596572902279191,1191,0.016171374566838183,0.09256536805628478,-0.00010010444599070498,-0.6204992075318349
30,96,0.0025,0,-0.2,1.5,0,-0.6659476815033727,-0.19703305550274952,-0.7509304077635885,-0.9632431705605904,1427,0.11438097238265253,0.11438097238265253,-6.059520031489095e-05,-0.6206604179125733
20,120,0.005,0,-0.2,1.5,0,-0.6527642138570873,-0.19078864676682095,-0.7653512409410939,-0.954539350058608,1360,0.10834295915152788,0.10834295915152788,-6.412882374506992e-05,-0.6211912347402982
20,60,0.0025,0,0.0,999.0,0,-0.6748890090745683,-0.201381281221493,-0.7362285290753421,-1.0359410677811252,1461,0.09408799747978579,0.09408799747978579,-7.885263112543957e-05,-0.6212925991482203
48,200,0.005,0,-0.2,0.75,0,-0.6483309574314979,-0.18873142355919825,-0.7578958918257347,-1.088134139539755,1062,0.08059435051979419,0.08059435051979419,-0.00013838787671317955,-0.6220860764490534
20,120,0.005,1,-0.2,1.5,1,-0.6683330582600437,-0.19818388592023184,-0.7610356762379843,-0.8936806881350646,1105,0.01627638349259687,0.08500472540165914,-0.0001283195398399026,-0.6233857584459773
30,120,0.0025,0,-0.2,0.75,0,-0.6555276293647807,-0.19208164437938924,-0.7455632322583183,-1.1717560503657902,1047,0.07933424341068991,0.07933424341068991,-0.000152459329891994,-0.623451063026838
20,96,0.0025,0,0.0,1.5,0,-0.6714360825292731,-0.19969089626923542,-0.7333212627490606,-1.1524134597730058,1281,0.08069935944555287,0.08069935944555287,-0.00012415512912309363,-0.623972200632416
30,120,0.005,1,-0.2,1.5,1,-0.6660942868194224,-0.19710359567095526,-0.7679373766244382,-0.8823333403868155,1109,0.01604011340963982,0.08545101333613357,-0.00012459481569180393,-0.6251889510025151
48,120,0.005,1,0.0,1.5,1,-0.6858165872568216,-0.20682727510469623,-0.7321676458036066,-1.0456001994281823,1074,0.010842171584584689,0.06544681297910322,-0.00020278844266063517,-0.6251911079779087
20,200,0.0025,1,0.0,0.75,1,-0.6824774498866015,-0.20514728004265836,-0.7137958755267004,-1.2640314948893787,817,0.009792082326997794,0.04612517063950436,-0.00037346303174291416,-0.6252467925504775
12,60,0.0025,1,-0.2,1.5,1,-0.6763249905498006,-0.20208849798702544,-0.7537260189713899,-0.9287065851277465,1075,0.018744093247926075,0.08353460044103748,-0.00014385734291632687,-0.6253868367291078
12,120,0.0025,0,0.0,1.5,0,-0.6735224210170188,-0.20071055706818564,-0.7342599805817398,-1.1569643902057989,1303,0.08151317862018272,0.08151317862018272,-0.00012131089018655715,-0.6256887668693455
30,96,0.0,1,0.0,1.5,1,-0.6922260584614979,-0.2100924514771273,-0.7254355844249667,-1.0581376191138445,1172,0.011209702824740103,0.0711697994329518,-0.00017548863329975648,-0.6257171246453028
20,96,0.0025,0,-0.2,1.5,0,-0.6745509920204646,-0.20121517217170704,-0.75022416447541,-1.004707548919327,1403,0.11188701039588365,0.11188701039588365,-7.158575205873956e-05,-0.6265626318553783
12,120,0.0,0,0.0,1.5,0,-0.6662871240598367,-0.19719641838406798,-0.7480457543789008,-1.1125362477742202,1389,0.0861860758164444,0.0861860758164444,-9.41298263726793e-05,-0.6268461079622294
12,200,0.005,1,0.0,0.75,1,-0.6838446640801731,-0.20583343969385193,-0.7150282363183951,-1.2883745098211983,739,0.009319542161083692,0.04192481360915678,-0.00043931083098202586,-0.6277662833441093
20,60,0.005,0,-0.2,999.0,0,-0.6987441704198954,-0.21346923754975577,-0.7321541574972891,-0.9657882620771666,1466,0.12314921768350309,0.12314921768350309,-6.979080529391052e-05,-0.6278357294022586
12,96,0.005,1,-0.2,1.5,1,-0.6803921463791629,-0.20410527211458684,-0.7534087940942792,-0.9445163463466993,1057,0.01785151737897721,0.08148692638874304,-0.0001547238518152255,-0.6280354864790614
12,60,0.0025,0,-0.2,999.0,0,-0.6934800963109888,-0.21073764689358043,-0.7387023465976734,-0.9599137373703351,1537,0.12716580909377298,0.12716580909377298,-5.7186439819546435e-05,-0.6280845070609339
20,60,0.0025,0,-0.2,999.0,0,-0.700537906387354,-0.2144087504983705,-0.7329659014851762,-0.9441767016766354,1550,0.13052609471805104,0.13052609471805104,-5.732154068082295e-05,-0.6281005363247903
12,200,0.0,0,0.0,0.75,0,-0.6648994142652775,-0.19652939465803465,-0.7284777659547668,-1.350460169698256,1048,0.06274283314081697,0.06274283314081697,-0.00021029646005069405,-0.6282912861203308
12,60,0.005,1,-0.2,1.5,1,-0.6720772632809993,-0.20000370936926204,-0.7647767319935224,-0.9319798144696464,1001,0.018114039693373937,0.0774440827470335,-0.00016445597103683182,-0.6289910660895055
20,120,0.0,0,-0.2,1.5,0,-0.6683265237491403,-0.1981807243006367,-0.7669521270206439,-0.9507870627937973,1533,0.12183660611151947,0.12183660611151947,-4.61657703476251e-05,-0.6291961409506485
48,200,0.0025,1,0.0,0.75,1,-0.6874074712585678,-0.20763271224894153,-0.717128348289055,-1.268080574583235,851,0.009897091252756484,0.047752808988764044,-0.0003590940442455226,-0.6296009151226307
48,60,0.0025,1,-0.2,1.5,1,-0.6841484088270904,-0.20598620127545597,-0.7538405093889364,-0.9487246944372084,1089,0.01648640134411425,0.08479470755014176,-0.00014693175588966251,-0.6303426906917846
12,200,0.0025,1,0.0,0.75,1,-0.6870423126853793,-0.20744754933774612,-0.7179104889933607,-1.2795673922847781,819,0.009713325632678778,0.04609891840806469,-0.0003812472713756374,-0.6303811634486653
20,200,0.005,1,0.0,0.75,1,-0.6872249595289968,-0.20754014343615235,-0.7180751207020275,-1.3019920655586132,740,0.00952956001260107,0.042082326997794815,-0.00044410620704020155,-0.6316773070650967
12,200,0.0025,0,-0.2,0.75,0,-0.6628849702564241,-0.19556504230286675,-0.7546871052424738,-1.1781214672771476,1102,0.08232699779481256,0.08232699779481256,-0.00014429542503856534,-0.6318146682879611
48,120,0.005,0,0.0,1.5,0,-0.6739759207359779,-0.20093288626159278,-0.7523369316997186,-1.1094273161004895,1292,0.08198571878609681,0.08198571878609681,-0.00012060388425300361,-0.6325727179164765
12,60,0.0,0,-0.2,999.0,0,-0.6910568154347445,-0.20949277403007716,-0.7528620458824655,-0.9348765226292816,1640,0.1345426861283209,0.1345426861283209,-4.166558066688481e-05,-0.632667623102774
20,120,0.0025,0,-0.2,1.5,0,-0.6763734510782622,-0.2021124083992667,-0.7625539216520655,-0.9922294686784436,1446,0.11579859288039483,0.11579859288039483,-6.47886400613651e-05,-0.6330008426592215
30,60,0.005,0,0.0,999.0,0,-0.6872368187273528,-0.20754615703504298,-0.743394192498563,-1.0784523106840143,1394,0.09101648640134412,0.09101648640134412,-0.00010248878948585889,-0.6331658688185252
12,60,0.0,1,0.0,1.5,1,-0.6899603641392998,-0.20893207684765258,-0.7446460679270387,-1.0653572256706778,1131,0.01283734117399979,0.06854457628898457,-0.00018824242489102441,-0.6345229720947058
48,200,0.0,0,0.0,0.75,0,-0.6808805462193657,-0.20434883248914082,-0.7312041838101813,-1.3009009508662965,1098,0.0671794602541216,0.0671794602541216,-0.00020154292520843146,-0.6349959719375463
20,200,0.005,0,0.0,1.5,0,-0.675634691452462,-0.2017482150990646,-0.7558437925171438,-1.1097814135430157,1343,0.08482095978158144,0.08482095978158144,-0.00011002652568389075,-0.6351591820347874
20,120,0.0,1,0.0,1.5,1,-0.6979704339395143,-0.21306535504088897,-0.7380825036101086,-1.0669470682746092,1211,0.011419720676257482,0.07342749133676363,-0.00016921810793812405,-0.6354539602596737
48,96,0.005,1,0.0,1.5,1,-0.6958133328807705,-0.21194372379191306,-0.7378380181065163,-1.0940233623700428,1035,0.010395883650110259,0.06332038223248976,-0.0002322259042285842,-0.6355639009636733
20,60,0.0025,1,-0.2,1.5,1,-0.6844542920927859,-0.20614015717173684,-0.7632746061907127,-0.9651078726446445,1046,0.018612832090727713,0.08098813399138927,-0.00016221060566211216,-0.6360328538993254
48,120,0.005,0,-0.2,1.5,0,-0.6721233657632704,-0.200026220252167,-0.7764875324253179,-0.9602063935057051,1418,0.11419720676257482,0.11419720676257482,-6.502830598070064e-05,-0.6362803061401112
48,120,0.0025,1,0.0,1.5,1,-0.6975370727893543,-0.2128395064069556,-0.7401458435752089,-1.0689280044045353,1168,0.011130946130421086,0.07124855612727082,-0.00018200400546570597,-0.6363588284147867
12,96,0.005,0,0.0,999.0,0,-0.6892849798358764,-0.20858749146869993,-0.7466913190201132,-1.0887504277206037,1425,0.09214533235325002,0.09214533235325002,-9.8858208746498e-05,-0.6363706723647867
48,200,0.0025,0,-0.2,0.75,0,-0.6736091917647182,-0.20075307749141313,-0.7599375146463515,-1.1292030728971,1157,0.08744618292554868,0.08744618292554868,-0.00013388626367278326,-0.6371819884594438
30,200,0.0025,1,0.0,0.75,1,-0.6931345951740053,-0.21055967810023168,-0.7234018670862822,-1.2986602608724207,822,0.009765830095558122,0.046308936259582066,-0.0003895482755592981,-0.6371936246869938
48,120,0.0,0,-0.2,1.5,0,-0.6826896578995412,-0.20525362510652456,-0.7712409914911436,-0.9418077988805289,1602,0.12900346529455003,0.12900346529455003,-4.3347947953105766e-05,-0.6379645107961228
48,200,0.005,1,0.0,0.75,1,-0.694250337699549,-0.21113497913557422,-0.7233206041961016,-1.316005115399948,765,0.009319542161083692,0.04318492071826105,-0.00043811932160495827,-0.6385955370036224
20,96,0.0025,1,-0.2,1.5,1,-0.6930357935420044,-0.21050881451914072,-0.7604307589689089,-0.9657206386222845,1122,0.017405229444502783,0.08707865168539326,-0.00014607301771096725,-0.6390102259347095
20,60,0.0,0,0.0,999.0,0,-0.6842255130484012,-0.20602499780657613,-0.7623606676097721,-1.0472196510242957,1554,0.0992859393048409,0.0992859393048409,-6.928712595283012e-05,-0.639566314162677
30,120,0.005,0,0.0,1.5,0,-0.681220004294404,-0.2045182927071787,-0.7553192363687712,-1.1644071348580698,1257,0.0794392523364486,0.0794392523364486,-0.0001390983341035956,-0.6403982676344678
30,60,0.0025,0,0.0,999.0,0,-0.6951306057747448,-0.2115900506526016,-0.751558585759326,-1.0758861048531259,1477,0.09660821169799433,0.09660821169799433,-9.088740986980445e-05,-0.6411636487749209
12,200,0.0025,0,0.0,0.75,0,-0.6845175939937074,-0.20617203292898556,-0.7264988627161564,-1.4500851104618004,983,0.05922503412790087,0.05922503412790087,-0.00026465924952782217,-0.6419257198101538
20,60,0.0,0,-0.2,999.0,0,-0.7054096530986995,-0.21698335790325296,-0.755782600472714,-0.9424466597411985,1648,0.1375879449753229,0.1375879449753229,-4.740700878518598e-05,-0.6419969911266699
20,120,0.0025,0,0.0,1.5,0,-0.6879451073683774,-0.2079056494076117,-0.751688813775979,-1.1901181680131174,1322,0.08340333928383913,0.08340333928383913,-0.00012906344400945521,-0.643255964696257
20,120,0.0,0,0.0,1.5,0,-0.6806849302252524,-0.2042512448753181,-0.763808126851876,-1.144732217139819,1403,0.08791872309146277,0.08791872309146277,-0.00010265947976925847,-0.643391919158247
48,60,0.005,1,-0.2,1.5,1,-0.6915113800721326,-0.20972569357616522,-0.7693207780793273,-0.9862304570935478,1024,0.016223879029717527,0.07917673002205187,-0.00017705323805051684,-0.6436976054705064
48,96,0.0025,1,0.0,1.5,1,-0.704791654241125,-0.21665488205174177,-0.7435894446443138,-1.1089980549297933,1120,0.010789667121705345,0.0687020896776226,-0.00020825567470745743,-0.6438995071203883
12,120,0.0025,1,-0.2,1.5,1,-0.6957257352769886,-0.21189831011895943,-0.7683951135543268,-0.9595354372670231,1179,0.01724771605586475,0.09117399978998215,-0.00013291716184682154,-0.644072638759474
20,96,0.0,1,0.0,1.5,1,-0.7079553931144953,-0.21834229716904818,-0.7411140234388542,-1.1152782244402888,1153,0.011971017536490602,0.07014596240680458,-0.00020154605802372285,-0.6446632201104897
48,200,0.0,1,0.0,1.5,1,-0.7065256402272915,-0.21757792106606288,-0.7516045277795408,-1.0453826445785057,1413,0.013204872414155203,0.08387587944975324,-0.00012260197312870296,-0.6456493171847586
20,200,0.0,1,0.0,1.5,1,-0.7051878303021966,-0.21686539233417113,-0.7523586853858717,-1.0567331655393406,1339,0.013152367951275858,0.08051559382547517,-0.0001392928544531944,-0.645881393304074
30,96,0.005,1,0.0,1.5,1,-0.7110504516144138,-0.22000728942791759,-0.7366459627981837,-1.1633699268756523,1012,0.011104693898981414,0.061718996114669744,-0.000266163394467919,-0.6464987671707921
12,96,0.0,1,0.0,1.5,1,-0.7060400455917928,-0.21731898951780992,-0.748540067402087,-1.1098963888970057,1175,0.012522314396723721,0.07101228604431377,-0.00019267723062364785,-0.6470838426637037
30,200,0.005,1,0.0,0.75,1,-0.7010023081493618,-0.21465272560459114,-0.7304935583784911,-1.3498467691651461,748,0.009477055549721726,0.04234484931219153,-0.00046639144683073916,-0.647391843252094
48,200,0.0025,0,0.0,0.75,0,-0.6977235940330128,-0.2129366812688902,-0.7316157146763564,-1.383641225414569,1031,0.06311036438097238,0.06311036438097238,-0.0002516920253777872,-0.6479265998777969
30,200,0.005,0,-0.2,1.5,0,-0.6844779367125551,-0.20615206285329246,-0.7881809221961094,-0.9662708812803038,1491,0.12005145437362176,0.12005145437362176,-6.086512293644313e-05,-0.6485560680153624
20,60,0.005,1,-0.2,1.5,1,-0.6959858356342875,-0.21203318586654019,-0.7718895092173578,-1.0149327796621992,982,0.01837656200777066,0.07565893100913577,-0.000198696692580649,-0.648724579458329
48,120,0.0025,0,-0.2,1.5,0,-0.6974154955437779,-0.21277619222642907,-0.7730199599759079,-1.0027552738847003,1512,0.12244040743463194,0.12244040743463194,-6.62678987889696e-05,-0.649423935908618
30,120,0.0,1,0.0,1.5,1,-0.7077617187894685,-0.21823857975631178,-0.7536540790385245,-1.0937007814924207,1222,0.01107844166754174,0.07403129265987608,-0.00017720905200301816,-0.6497506583501952
30,120,0.0,0,-0.2,1.5,0,-0.691325352521688,-0.20963033964021405,-0.7815167782534046,-0.9951569215656864,1557,0.12446182925548671,0.12446182925548671,-5.673637176331986e-05,-0.6501465748452007
30,200,0.0,1,0.0,1.5,1,-0.7084157728360768,-0.21858906295127623,-0.7570331338750946,-1.0635241676789755,1353,0.013309881339913893,0.08109314291714796,-0.000139362404176565,-0.6502818382727723
30,96,0.0025,1,0.0,1.5,1,-0.7154954797567858,-0.2224236341852457,-0.7394069026427742,-1.164163854417189,1087,0.01139346844481781,0.06647065000525045,-0.00023751078578066031,-0.6503352782274922
48,200,0.005,1,0.0,1.5,1,-0.7108907499296026,-0.21992102943822256,-0.7507590221509672,-1.102956025094904,1180,0.011760999684973223,0.07088102488711541,-0.0001967445928236494,-0.6504483417684513
12,120,0.005,1,-0.2,1.5,1,-0.6986301543549085,-0.2134096702474757,-0.7765915655928853,-0.9848906608915149,1098,0.016827680352829992,0.08450593300430537,-0.0001601063868216364,-0.6509499860884941
12,60,0.005,1,0.0,1.5,1,-0.7062376550451932,-0.21742431864575773,-0.7504828357283504,-1.1656946448063643,956,0.012469809933844377,0.05825370156463299,-0.0002885255965385325,-0.6509504687502512
48,60,0.0,1,0.0,1.5,1,-0.7161787727479816,-0.22279774972650568,-0.7449151882974727,-1.156378842765009,1120,0.011130946130421086,0.06788827050299276,-0.00022647422062085695,-0.6530742860134925
20,96,0.005,0,0.0,999.0,0,-0.7108412817335092,-0.21989431781404878,-0.7527601611217907,-1.1429820800135708,1432,0.09432426756274283,0.09432426756274283,-0.00011473190967065483,-0.6534235023756226
30,120,0.005,0,-0.2,1.5,0,-0.6866133911935257,-0.20723027439867425,-0.7897746417460747,-1.0301624663991507,1382,0.11049564212958102,0.11049564212958102,-8.341499860409111e-05,-0.6536257185916692
30,200,0.0,0,-0.2,1.5,0,-0.6935175245280834,-0.2107569359246556,-0.7914554329313788,-0.9442166568968792,1703,0.13708915257796914,0.13708915257796914,-3.647110911182215e-05,-0.6536954852351889
48,200,0.0,0,-0.2,1.5,0,-0.7011135271015867,-0.21471119985686116,-0.7851359350099223,-0.9289206564104944,1750,0.1415782841541531,0.1415782841541531,-3.390357619245309e-05,-0.653725200182347
20,96,0.005,1,-0.2,1.5,1,-0.703353921355347,-0.2158928279330925,-0.7756874586874557,-1.0127475576614011,1055,0.017116454898666388,0.08138191746298436,-0.00017918876589636423,-0.6543739351598904
30,60,0.0,0,0.0,999.0,0,-0.7006804983030425,-0.2144836294507092,-0.7732614185063862,-1.0760252932019403,1568,0.10175364906017012,0.10175364906017012,-7.846600502092342e-05,-0.6549156033639993
20,200,0.005,1,0.0,1.5,1,-0.713997038704434,-0.22160571944898044,-0.7544055938385286,-1.1295019753326079,1124,0.012154783156568308,0.06828205397458784,-0.00022021188770590729,-0.6552836151348751
30,60,0.0025,1,-0.2,1.5,1,-0.7102002496950482,-0.21954850623078515,-0.7675889681835282,-1.0468120807903956,1052,0.018114039693373937,0.0815394308516224,-0.00018764044391778902,-0.655683594362069
48,200,0.0025,0,-0.2,1.5,0,-0.706917393924509,-0.21778706408369164,-0.7805852502096472,-0.9622911079378511,1640,0.1329413000105009,0.1329413000105009,-5.1608117594577736e-05,-0.6561942445854078
48,200,0.0025,1,0.0,1.5,1,-0.7177290605866349,-0.22364923995745245,-0.7547543239962294,-1.108228193304385,1304,0.012469809933844377,0.07794287514438727,-0.0001650069222666127,-0.6564378116207864
30,60,0.0025,0,-0.2,999.0,0,-0.7278320211029867,-0.2292917887260928,-0.7536682868837685,-1.0079929990533014,1568,0.13375511918513075,0.13375511918513075,-7.195848114735482e-05,-0.6565255821206422
12,96,0.005,0,-0.2,999.0,0,-0.7246943745373542,-0.22752171575267577,-0.7559690642876399,-1.0286430884176965,1525,0.1279796282684028,0.1279796282684028,-7.872109543130828e-05,-0.6569384023173804
48,120,0.0,0,0.0,1.5,0,-0.6931084774623842,-0.21054623129635475,-0.7812143856997744,-1.1221350554066691,1470,0.09306416045363856,0.09306416045363856,-9.597369490845523e-05,-0.6572601769165755
30,200,0.0025,0,-0.2,1.5,0,-0.7020328782189418,-0.21519522376808953,-0.7865762693557637,-0.9866401222147441,1597,0.12892470860023103,0.12892470860023103,-5.607805972242849e-05,-0.6578153645567086
12,60,0.0025,1,0.0,1.5,1,-0.7142876163942966,-0.22176406113568758,-0.7549089347300966,-1.1783160234180658,1035,0.012968602331198151,0.06295285099233434,-0.00026107181044660916,-0.6581343296716392
20,120,0.005,1,0.0,1.5,1,-0.7195376516222558,-0.22464734276146003,-0.7491917003705524,-1.1828613014121323,1043,0.010999684973222724,0.06355665231544681,-0.0002636623990519613,-0.6583862580173429
30,200,0.005,0,0.0,1.5,0,-0.6979973149861424,-0.21307937278720024,-0.7759972212996389,-1.1553846368585945,1363,0.08639609366796178,0.08639609366796178,-0.00012527540704419213,-0.6588472152799494
48,200,0.005,0,-0.2,1.5,0,-0.7002628633027986,-0.2142643983007212,-0.7922912259095931,-0.976462543819705,1521,0.1228604431376667,0.1228604431376667,-6.546347123577158e-05,-0.659233138446503
12,200,0.0,1,0.0,1.5,1,-0.7160278598813827,-0.2227150602072988,-0.7640005794310988,-1.0915683055452796,1347,0.012968602331198151,0.08085687283419091,-0.0001494920839130559,-0.6592937652001121
12,96,0.0025,0,0.0,999.0,0,-0.7118396661092015,-0.22043413015398194,-0.764407714368904,-1.1348712007861177,1519,0.09820959781581434,0.09820959781581434,-9.896889912214508e-05,-0.6593815473777399
20,120,0.0025,1,0.0,1.5,1,-0.7216071094627152,-0.2257957450513155,-0.751329185284821,-1.1757137908520108,1121,0.011498477370576498,0.06846581959466555,-0.00023175360551392667,-0.6602460272363265
20,60,0.0,1,0.0,1.5,1,-0.7164381602283766,-0.222939957827067,-0.7575439466753603,-1.1720604508528805,1096,0.012679827785361756,0.06591935314501733,-0.0002393220606668898,-0.6603149537073912
48,120,0.0025,0,0.0,1.5,0,-0.7030009441277338,-0.21570618812207598,-0.7728487456284245,-1.1753507502018716,1388,0.0881812454058595,0.0881812454058595,-0.0001240942451895313,-0.6608980984463818
48,60,0.005,0,0.0,999.0,0,-0.7177109188788655,-0.22363925408133645,-0.7597391800405648,-1.1625827476175337,1425,0.09382547516538906,0.09382547516538906,-0.0001228317375273417,-0.6616379814824955
30,120,0.0025,0,-0.2,1.5,0,-0.7068490375135233,-0.21775055499005724,-0.7844573780308992,-1.062041497596282,1470,0.11813504147852567,0.11813504147852567,-8.167419461783081e-05,-0.663081318885321
12,200,0.005,1,0.0,1.5,1,-0.7209036029420139,-0.2254045850624702,-0.7603363490127436,-1.1535656474444378,1127,0.012023521999369947,0.06825580174314817,-0.00022910347815114965,-0.663251041941064
20,200,0.0025,0,0.0,1.5,0,-0.7019752439444018,-0.21516484515901013,-0.7795565506723334,-1.1674277547671,1446,0.09135776541005985,0.09135776541005985,-0.00011027660506916124,-0.6633145082335319
20,200,0.0025,1,0.0,1.5,1,-0.7227859251105815,-0.2264529599013041,-0.7600940889285156,-1.1433680563329436,1232,0.012496062165284049,0.07455633728866953,-0.00019263159824596583,-0.6636684071822091
12,120,0.005,0,0.0,999.0,0,-0.7198590158899247,-0.22482523162677837,-0.7621246978360907,-1.173693301894972,1457,0.09503307781161399,0.09503307781161399,-0.00011911266288787298,-0.6645722456395723
30,60,0.0,0,-0.2,999.0,0,-0.729101487632657,-0.23001258612874764,-0.7708649588822094,-0.9955911678271919,1665,0.14076446497952325,0.14076446497952325,-5.946952216411208e-05,-0.665224623961212
12,96,0.0,0,0.0,999.0,0,-0.7103420430139663,-0.21962494541296085,-0.7822039067439447,-1.110885235451408,1613,0.10353880079806783,0.10353880079806783,-7.983414247395827e-05,-0.6662711605575037
30,120,0.0,0,0.0,1.5,0,-0.7030202521639051,-0.21571639282746402,-0.7851619730900319,-1.189499564637738,1430,0.08991389268087788,0.08991389268087788,-0.00011619047604320418,-0.6677723576043668
30,200,0.005,1,0.0,1.5,1,-0.7251889251686221,-0.2277996368670716,-0.7640162100977019,-1.1646602289590038,1140,0.012207287619447654,0.06885960306626063,-0.00023024139578908166,-0.6680407533638728
30,120,0.005,1,0.0,1.5,1,-0.724149822905734,-0.22721615727923294,-0.763154310215828,-1.1935244356551995,1049,0.010737162658826,0.06381917462984353,-0.0002677673698023529,-0.668469534169907
30,60,0.005,0,-0.2,999.0,0,-0.7375313050868626,-0.2348687784272645,-0.7608232787303055,-1.0682572040353344,1490,0.12640449438202248,0.12640449438202248,-9.310638041930664e-05,-0.668693277994184
30,60,0.0,0,-0.2,0.75,1,-0.7338830216364272,-0.23275200968929444,-0.778712763369502,-0.9343005866068647,1590,0.03218523574503833,0.1187650950330778,-7.833617129095771e-05,-0.6688234207043887
20,96,0.0025,1,0.0,1.5,1,-0.7306013787448465,-0.23086770776206678,-0.7540163004162534,-1.2258289579811439,1064,0.012076026462249291,0.06521054289614617,-0.00026906916501014897,-0.6691673058692507
12,96,0.005,1,0.0,1.5,1,-0.7273164263319518,-0.22899980406815967,-0.7574142454500057,-1.2308621814247453,1003,0.012259792082326998,0.061036438097238264,-0.00029649889979966156,-0.6692500358643998
12,96,0.0025,0,-0.2,999.0,0,-0.7396612740033409,-0.23611551050141522,-0.7630263367633496,-1.0476196969340437,1615,0.1358815499317442,0.1358815499317442,-7.49086193701502e-05,-0.6700096637297922
30,120,0.0025,1,0.0,1.5,1,-0.7269838348714113,-0.22881168959184006,-0.7637573466530033,-1.1885245423662445,1133,0.010973432741783052,0.06909587314921768,-0.00023435673834365124,-0.670116590036654
30,120,0.0025,0,0.0,1.5,0,-0.7117522832949155,-0.22038682381511898,-0.7766210377026024,-1.2415861326108828,1347,0.08516223879029718,0.08516223879029718,-0.00014551444855046288,-0.6707766492969643
30,200,0.0025,1,0.0,1.5,1,-0.7300129707861155,-0.23053179033071447,-0.7663485007141937,-1.1646060096706279,1248,0.012627323322482412,0.075160138611782,-0.00019723363667079028,-0.6719363411713427
12,120,0.0,1,0.0,1.5,1,-0.7298911124383028,-0.23046229557330555,-0.7655684856073448,-1.1798556352646992,1216,0.011944765305050929,0.07358500472540166,-0.00020795350114336645,-0.6722393201402129
20,96,0.0025,0,0.0,999.0,0,-0.7287171753598614,-0.229794090701946,-0.767381901756842,-1.1760830867101038,1522,0.10030977633098813,0.10030977633098813,-0.00011146811755160709,-0.6722891959158722
20,200,0.0,0,0.0,1.5,0,-0.7045666964465984,-0.2165354500817106,-0.7968650954611549,-1.156764098301298,1548,0.09731702194686548,0.09731702194686548,-9.131620422240132e-05,-0.6728062027273529
20,96,0.005,1,0.0,1.5,1,-0.7331032343142877,-0.23230258352804445,-0.7559524706459311,-1.2506629899301154,996,0.01173474745353355,0.060983933634358924,-0.0003073455509599395,-0.6728119683475158
30,96,0.005,0,0.0,999.0,0,-0.7287247093020484,-0.2297983716406582,-0.767871080172951,-1.1865506233337637,1460,0.09624068045783891,0.09624068045783891,-0.00012512264845960817,-0.6730614428938219
20,60,0.0,0,-0.2,0.75,1,-0.7319580208223391,-0.23164444610451196,-0.7893170258241653,-0.9428078768243796,1565,0.03223774020791767,0.11561482726031713,-8.259890498420576e-05,-0.6734433528578136
12,96,0.0,0,-0.2,999.0,0,-0.7362023359505161,-0.2340949886341952,-0.7779803816654998,-1.0190154606337487,1715,0.14312716580909376,0.14312716580909376,-5.879493195809372e-05,-0.6740359524986326
48,200,0.005,0,0.0,1.5,0,-0.7138349781804785,-0.22151746526481186,-0.7879763568343687,-1.170950551850518,1391,0.08839126325737688,0.08839126325737688,-0.00013241808509855107,-0.6740531712745221
12,96,0.0025,1,0.0,1.5,1,-0.7324287495182971,-0.23191469422969124,-0.7616589304056934,-1.234692126782069,1081,0.012627323322482412,0.06570933529349995,-0.00026646493817263864,-0.6744787657716415
48,60,0.0025,1,0.0,1.5,1,-0.7355953424207535,-0.2337426047019331,-0.756256652083704,-1.2580005107923073,1037,0.011340963981938465,0.06326787776961042,-0.0002914994057814711,-0.6747709562834004
12,96,0.0,0,-0.2,0.75,1,-0.7403961063684097,-0.23654752204853113,-0.7849289868123337,-0.9445003448053362,1640,0.03210647905071931,0.1220991284259162,-7.554417009161696e-05,-0.6762370326949648
12,200,0.005,0,-0.2,1.5,0,-0.7080118549643941,-0.21837254424957286,-0.807653439696987,-1.0810213197095289,1457,0.11561482726031713,0.11561482726031713,-8.648360450223514e-05,-0.6762503300835428
48,60,0.005,1,0.0,1.5,1,-0.7363023597917266,-0.23415311868697097,-0.7574904912775432,-1.2771313208987294,971,0.011104693898981414,0.05909377297070251,-0.0003289800295248581,-0.6767549303706791
48,60,0.0025,0,0.0,999.0,0,-0.732688938749791,-0.23206423363337347,-0.7712555617858722,-1.1868886050721956,1513,0.09970597500787567,0.09970597500787567,-0.0001170436491050256,-0.6770364447799194
30,60,0.005,1,-0.2,1.5,1,-0.7282437335073118,-0.22952526199554735,-0.7831799923882408,-1.1236017450001357,990,0.018061535230494592,0.07634148902656726,-0.00023421710318007968,-0.6772953454396745
30,60,0.0,1,0.0,1.5,1,-0.7339394161657264,-0.23278455319375924,-0.7698027576445609,-1.2411063738254187,1095,0.012469809933844377,0.06597185760789667,-0.000264920445734193,-0.6797412507073106
48,60,0.0,0,-0.2,0.75,1,-0.7470989785141495,-0.2405340120690106,-0.7866977894630107,-0.9495887641031766,1647,0.031292659876089465,0.12464559487556442,-7.779792047952187e-05,-0.6813623450056748
20,96,0.0,0,0.0,999.0,0,-0.7307920475090347,-0.23097668493774415,-0.7854199540959032,-1.1648028053032575,1615,0.10553397038748294,0.10553397038748294,-9.550541992911458e-05,-0.6819268022508587
20,60,0.0025,1,0.0,1.5,1,-0.7359236996670968,-0.2339331487311529,-0.7686424210516037,-1.276921714955994,1004,0.012889845636879135,0.06082642024572089,-0.0003119476241760983,-0.6821004450047544
12,200,0.0025,1,0.0,1.5,1,-0.7386415336696179,-0.23551761318876918,-0.7738158100152455,-1.200357408910362,1238,0.012469809933844377,0.07463509398298855,-0.00021203518735495331,-0.68244338864191
12,200,0.005,0,0.0,1.5,0,-0.7197744312480276,-0.22477839458981064,-0.7869033638166314,-1.2859347415485045,1329,0.08327207812664077,0.08327207812664077,-0.00016112769235735488,-0.6825268135755516
48,60,0.0,0,0.0,999.0,0,-0.7317724354061017,-0.23153800474913766,-0.7857381022460104,-1.1650138967540158,1605,0.10493016906437047,0.10493016906437047,-9.807257801497648e-05,-0.6826577507098437
48,96,0.005,0,0.0,999.0,0,-0.7331185337568711,-0.23231139117075283,-0.7864660321965149,-1.159217962840445,1488,0.09891840806468549,0.09891840806468549,-0.00012039363715784231,-0.6835053054110325
12,120,0.005,1,0.0,1.5,1,-0.741696668266036,-0.2373145321424921,-0.7688332009098703,-1.270336498555576,1035,0.011472225139136826,0.0631891210752914,-0.0003012629275872684,-0.6852479575252061
30,200,0.0025,0,0.0,1.5,0,-0.7223496553890851,-0.22620947013764936,-0.7976271237447761,-1.209830938675574,1469,0.0931166649165179,0.0931166649165179,-0.000123569033591469,-0.6855145789438161
48,200,0.0025,0,0.0,1.5,0,-0.7251036484315334,-0.22775168563054815,-0.7998534050780762,-1.1748016569215898,1510,0.09613567153208023,0.09613567153208023,-0.00011485271828406763,-0.6864184710156657
20,60,0.005,1,0.0,1.5,1,-0.7398989336048878,-0.2362551249136865,-0.7707718180638244,-1.3077827698402111,937,0.012706080016801428,0.056809828835451014,-0.0003574458690336074,-0.6870301724376092
12,120,0.0025,0,0.0,999.0,0,-0.74080161784471,-0.23678634320101077,-0.7792788091051248,-1.219810383092655,1553,0.10130736112569569,0.10130736112569569,-0.00011810121735268606,-0.6874162669082059
30,200,0.0,0,0.0,1.5,0,-0.7191961900735117,-0.2244585077523249,-0.8112692522259071,-1.1786659170938543,1573,0.09933844376772026,0.09933844376772026,-9.830852536150627e-05,-0.6890264297199712
48,96,0.0025,0,0.0,999.0,0,-0.7415620428580065,-0.2372349932854284,-0.7918131216919075,-1.1595406146505542,1589,0.10574398823900032,0.10574398823900032,-0.0001067025191323333,-0.6911185848639099
30,96,0.0025,0,0.0,999.0,0,-0.7455998845482592,-0.239635162864699,-0.781132611836463,-1.219699911208631,1553,0.10248871154048093,0.10248871154048093,-0.000120751043852933,-0.6911864643433621
12,120,0.005,0,-0.2,999.0,0,-0.7506772959243255,-0.24269690745225436,-0.7879519943598284,-1.0960305325794608,1561,0.13183870629003466,0.13183870629003466,-9.165627959838038e-05,-0.6914744312611417
48,200,0.0,0,0.0,1.5,0,-0.7249113504553335,-0.2276435998416627,-0.8130352087583971,-1.155416467915008,1612,0.10264622492911897,0.10264622492911897,-9.355192669998289e-05,-0.6919320276166117
12,96,0.005,0,-0.2,0.75,1,-0.7438392599485033,-0.2385848949092858,-0.8060709993415975,-1.007053275527168,1412,0.03176520004200357,0.10569148377612098,-0.00012237091682216998,-0.691973058356443
12,200,0.0,0,-0.2,1.5,0,-0.7276184722667074,-0.229170801007894,-0.8166310338445821,-1.0912506541446332,1667,0.1317074451328363,0.1317074451328363,-6.671001200167852e-05,-0.6920488506374167
12,120,0.0025,1,0.0,1.5,1,-0.7474589840457324,-0.24075050397390052,-0.7750749646250865,-1.2774498436974824,1117,0.011892260842171584,0.06817704504882915,-0.00027122227367900383,-0.6921604784713179
12,120,0.0025,0,-0.2,999.0,0,-0.7595397488682006,-0.24816269543610103,-0.7789777425140376,-1.0956237793545653,1655,0.14008190696209177,0.14008190696209177,-8.289861916545128e-05,-0.692432755660848
48,96,0.0,0,0.0,999.0,0,-0.7386635960332341,-0.23553052909748895,-0.8034808431267945,-1.1316816989289242,1686,0.11128320907277119,0.11128320907277119,-8.655857393714783e-05,-0.6938550356073324
48,60,0.005,0,-0.2,999.0,0,-0.7601541879526297,-0.24854758048090353,-0.778305878630567,-1.1267332468043443,1521,0.1304735902551717,0.1304735902551717,-0.0001042832850528937,-0.6940371821364042
20,60,0.005,0,-0.2,0.75,1,-0.7380308857241453,-0.23516046887958175,-0.8168426478897177,-1.0129730522232125,1345,0.032342749133676366,0.10007350624803109,-0.00013377994383219422,-0.6942304454356012
20,120,0.005,0,0.0,999.0,0,-0.744714926878171,-0.23910653357659828,-0.7861161164415595,-1.2486562662753842,1480,0.09705449963246876,0.09705449963246876,-0.00013786289053580682,-0.6945974051111472
48,96,0.0025,0,-0.2,999.0,0,-0.7611392158294746,-0.2491662514287759,-0.7893753955292674,-1.0486638449908,1685,0.1461461724246561,0.1461461724246561,-7.56955877489637e-05,-0.6962871414429497
12,200,0.0025,0,-0.2,1.5,0,-0.7352262078277081,-0.2335286236441103,-0.8118725666405268,-1.137687907585809,1563,0.12412055024677097,0.12412055024677097,-8.857235492102157e-05,-0.6963493023436641
30,96,0.0,0,-0.2,0.75,1,-0.7590778611010824,-0.24787388623975593,-0.800836173716055,-0.9756710769425045,1697,0.032342749133676366,0.12858342959151528,-7.94775708494201e-05,-0.6970755269449086
20,120,0.0,0,-0.2,0.75,1,-0.7589895451380446,-0.2478187144767513,-0.801564692901133,-0.9716792934090993,1730,0.032605271448073084,0.13052609471805104,-7.468411382577836e-05,-0.6971850255977728
48,96,0.005,0,-0.2,999.0,0,-0.7549041394226552,-0.24528402510520253,-0.798339772561201,-1.0581555711196544,1590,0.1371154048094088,0.1371154048094088,-8.631379711570051e-05,-0.6973616899417857
48,96,0.0,0,-0.2,999.0,0,-0.7581389286589315,-0.24728815308638852,-0.8005257749852703,-1.0224748880241374,1792,0.1538380762364801,0.1538380762364801,-5.99569519452002e-05,-0.6986747849802306
30,96,0.0,0,0.0,999.0,0,-0.7464047821651578,-0.24011724711934113,-0.7975930451910985,-1.2038699269968427,1648,0.10776541005985509,0.10776541005985509,-0.00010326850717790463,-0.6991072660647325
30,96,0.005,0,-0.2,999.0,0,-0.7603885890701355,-0.24869461733177012,-0.7918515867606855,-1.1114130397469693,1558,0.13365011025937204,0.13365011025937204,-9.767430904976816e-05,-0.7001910626994613
48,60,0.005,0,-0.2,0.75,1,-0.7517889132810007,-0.24337387267424127,-0.8137480182735171,-1.0148063384936532,1429,0.03134516433896881,0.10868423816024363,-0.00012340664695152228,-0.7009881987356824
12,120,0.0,0,0.0,999.0,0,-0.7475954589396543,-0.24083263865831162,-0.8006326554399388,-1.22587443464381,1654,0.10684658195946656,0.10684658195946656,-0.00010529660217658747,-0.7024426881104715
20,96,0.005,0,-0.2,999.0,0,-0.7638014529485238,-0.2508486061018732,-0.790314658256935,-1.1441364411232973,1535,0.13089362595820644,0.13089362595820644,-0.00010578273324298144,-0.7032127572865056
30,60,0.005,0,-0.2,0.75,1,-0.7560387098458915,-0.24598453115436814,-0.8088963407797091,-1.0566841373133524,1380,0.032395253596555706,0.1034862963351885,-0.00014194608890841863,-0.7032669084098903
30,60,0.0025,1,0.0,1.5,1,-0.7547547828816198,-0.24519200274817632,-0.7814394634578228,-1.358228617773597,1008,0.012627323322482412,0.06114144702299695,-0.0003414818830641899,-0.7038231653657676
20,200,0.0025,0,-0.2,999.0,0,-0.7679427700558845,-0.2534960398348627,-0.798229494108952,-1.0532838510620344,1807,0.15557072351149848,0.15557072351149848,-6.486651402939148e-05,-0.7052749794424404
20,60,0.005,0,0.0,0.75,1,-0.7599168596761712,-0.2483988245152179,-0.7868759560196519,-1.2724675866106463,1194,0.022051874409324792,0.07219363645909903,-0.00025753582458093026,-0.7054601818555761
20,200,0.0,0,-0.2,0.75,1,-0.7669117112098279,-0.25283340010509403,-0.8130441360757586,-0.9347189804755013,1878,0.03457418880604851,0.14247086002310197,-5.7371586267541516e-05,-0.7060914171667485
12,60,0.0,0,-0.2,0.75,1,-0.7610648181511712,-0.249119452967,-0.8096836089480752,-1.0584535521672067,1550,0.03166019111624488,0.11330463089362595,-0.00011385309196898047,-0.706883935049398
12,120,0.0,0,-0.2,999.0,0,-0.7666792803427988,-0.2526843456280746,-0.7993206759718149,-1.1033619444048834,1761,0.14761629738527776,0.14761629738527776,-7.386925579946495e-05,-0.7075127808342263
48,60,0.0025,0,-0.2,999.0,0,-0.7723935061725195,-0.25638374802864006,-0.789618917102064,-1.141580617254697,1605,0.13832300745563372,0.13832300745563372,-9.906083073721447e-05,-0.7082722374424069
12,60,0.005,0,0.0,0.75,1,-0.7608283174878556,-0.2489707640425205,-0.7879782835865964,-1.306627657528055,1176,0.02113304630893626,0.07032972802688228,-0.0002708488094627609,-0.7082912887122214
20,200,0.005,0,-0.2,999.0,0,-0.7636537036082343,-0.2507548419874014,-0.8083089781819652,-1.0682284544294078,1702,0.14583114564738003,0.14583114564738003,-7.671999399234531e-05,-0.7083207537998544
48,60,0.0,0,-0.2,999.0,0,-0.7685238270754979,-0.25387051106776237,-0.7986941389459609,-1.109896182549218,1705,0.1454636144072246,0.1454636144072246,-8.143649878829671e-05,-0.7087123896682036
12,60,0.005,0,-0.2,0.75,1,-0.7517654944105459,-0.2433595858049621,-0.822454632114145,-1.0851831833194514,1320,0.030951380867373725,0.09731702194686548,-0.00015704368583732968,-0.7088460610280072
20,96,0.0025,0,-0.2,999.0,0,-0.7738322185133347,-0.2573268664461814,-0.7904600180798926,-1.1497080005341098,1620,0.13876929539010815,0.13876929539010815,-9.863325177898707e-05,-0.7100422755128333
30,96,0.0025,0,-0.2,999.0,0,-0.7745600279556899,-0.25780579603274956,-0.7916214750748205,-1.1338829525393277,1647,0.14191956316286886,0.14191956316286886,-9.37809766960792e-05,-0.7103106811971261
20,96,0.0,0,-0.2,0.75,1,-0.770241217427646,-0.25498172267686614,-0.8091331151428459,-1.0266830899866852,1672,0.03229024467079702,0.12511813504147853,-9.5057009850201e-05,-0.7108824347476232
30,96,0.005,0,-0.2,0.75,1,-0.7623807244452785,-0.24994892500656674,-0.8187287120416393,-1.0369261542494077,1468,0.032342749133676366,0.11188701039588365,-0.00012468662454485164,-0.7111595887398567
30,96,0.0,0,-0.2,999.0,0,-0.7725398157021623,-0.2564794400817365,-0.8021866886898931,-1.1092945960491978,1748,0.14911267457733907,0.14911267457733907,-7.81096197834066e-05,-0.7130375142291429
20,120,0.0025,0,0.0,999.0,0,-0.7614062286270864,-0.24933430688221003,-0.7995293573513432,-1.2829543184557308,1575,0.10346004410374882,0.10346004410374882,-0.00013312488632825488,-0.7132467014806683
20,120,0.005,0,-0.2,0.75,1,-0.7644180258604386,-0.25124040033236683,-0.8206171301038727,-1.040486204012462,1494,0.03226399243935735,0.11348839651370367,-0.00012170190627634032,-0.7135732755849263
20,200,0.005,0,0.0,999.0,0,-0.7582592188159942,-0.24736309186806793,-0.8095203668486173,-1.23247845519707,1598,0.10535020476740523,0.10535020476740523,-0.00012304792060450443,-0.7137471980522301
48,96,0.0,1,-0.2,999.0,1,-0.7722522846632797,-0.25629143038983004,-0.8217853230647358,-0.9347434256957173,1492,0.022078126640764466,0.11989394098498372,-0.00011389566442762638,-0.7139212632069838
20,200,0.005,0,-0.2,0.75,1,-0.7709547922228306,-0.2554453849578314,-0.8204153615017258,-0.9950697764301063,1605,0.03362910847422031,0.1225716685918303,-0.0001028226791565692,-0.7154065545301996
20,96,0.0,0,-0.2,999.0,0,-0.7751818054676366,-0.25821593267813414,-0.8040272402260358,-1.1368740383599847,1719,0.14593615457313872,0.14593615457313872,-8.525012537874466e-05,-0.7170732547091513
30,60,0.005,1,0.0,1.5,1,-0.7647009299993861,-0.2514204431004423,-0.7895631253342135,-1.4181073245201237,945,0.012548566628163393,0.05722986453848577,-0.000399230552120048,-0.7171073719935552
20,120,0.005,0,-0.2,999.0,0,-0.7746232195668781,-0.2578474371249314,-0.8021810154928389,-1.1655262903158272,1582,0.13491021736847633,0.13491021736847633,-0.00010637644067147331,-0.7172142593871422
48,120,0.005,0,0.0,999.0,0,-0.762670390900362,-0.2501320073935285,-0.8115228750435224,-1.254381085039388,1542,0.10222618922608422,0.10222618922608422,-0.00013891230908467323,-0.7186124991672591
30,60,0.0025,0,-0.2,0.75,1,-0.7786471028301587,-0.2605184756997173,-0.8067720638161372,-1.1095279079175508,1500,0.03265777591095243,0.11214953271028037,-0.0001380765484581861,-0.7193809030036634
12,96,0.0,1,-0.2,999.0,1,-0.7813088919324,-0.2623067817570012,-0.8201562795686368,-0.9802450330209499,1442,0.02425706185025727,0.11624488081486926,-0.00013341711786844866,-0.7213971731923671
48,120,0.0,1,-0.2,999.0,1,-0.7795088465643907,-0.2610955408446549,-0.8287217452623897,-0.9483855409191773,1560,0.023049459204032344,0.12469809933844377,-0.00010844169179499426,-0.7228756905218087
20,60,0.0025,0,-0.2,0.75,1,-0.7725314307027338,-0.2564739546402601,-0.8229039881816129,-1.1042528317355904,1470,0.03271028037383177,0.10873674262312297,-0.00014046500563967714,-0.7231385903178461
48,96,0.005,0,-0.2,0.75,1,-0.7722268896883505,-0.2562748343474638,-0.8300334074405413,-1.0408069360225443,1511,0.03152892995904652,0.11553607056599811,-0.0001236416901528289,-0.7233318848688617
48,96,0.0,0,-0.2,0.75,1,-0.7793022320782342,-0.260957017635119,-0.8233847562752677,-1.0161376604014842,1748,0.031843956736322586,0.1329150477790612,-8.75470972842039e-05,-0.723456278792827
20,120,0.0025,0,-0.2,999.0,0,-0.7842385614336465,-0.26429530196660733,-0.8015771474112565,-1.1708554384823346,1673,0.14341594035493016,0.14341594035493016,-9.843820387865298e-05,-0.7236266475963523
30,120,0.005,0,0.0,999.0,0,-0.7663083923207121,-0.25244674640513354,-0.8124802412699113,-1.2997896347247984,1504,0.0991021736847632,0.0991021736847632,-0.00015372875861081238,-0.7236763487763291
12,120,0.0,0,-0.2,0.75,1,-0.7801354020795381,-0.26151624630727177,-0.8190067963643265,-1.0574243837365251,1703,0.03226399243935735,0.12698204347369527,-9.931410521622762e-05,-0.7238908636762612
20,60,0.0,0,0.0,0.75,1,-0.7732221885071248,-0.2569263894689324,-0.8079039050820674,-1.2633543347739955,1408,0.02220938779796283,0.0839021316811929,-0.00020262667766150143,-0.724046058748666
12,200,0.0025,0,0.0,1.5,0,-0.7558430756827681,-0.24586355712395425,-0.8175476900170783,-1.3959065356919944,1434,0.08973012706080016,0.08973012706080016,-0.00017302632506831957,-0.7244327289170932
30,60,0.005,0,0.0,0.75,1,-0.77583449399411,-0.25864743607033536,-0.8005855154049585,-1.3187876397435179,1230,0.02236690118660086,0.07481885960306627,-0.0002651162069108238,-0.7248795757599904
48,60,0.005,0,0.0,0.75,1,-0.7796104437719669,-0.2611636940508407,-0.798656327799387,-1.3002951679782193,1273,0.021684343169169378,0.07844166754174105,-0.0002494598440644991,-0.7255066163494452
30,96,0.0,1,-0.2,999.0,1,-0.7847208974919438,-0.2646247564442289,-0.8232753145600066,-0.9874972690376832,1449,0.02239315341804053,0.11679617767510238,-0.00013521507045042812,-0.7256372771761163
12,96,0.005,0,0.0,0.75,1,-0.7776664206606283,-0.2598639456280569,-0.80221517162874,-1.313752190622743,1253,0.021605586474850363,0.07626273233224824,-0.00025825138756882315,-0.7266591409735641
20,200,0.0,0,-0.2,999.0,0,-0.7810400928011172,-0.26212540296601716,-0.8225599077033681,-1.083047640097805,1936,0.16517904021841856,0.16517904021841856,-5.936389534860888e-05,-0.7275577388225914
30,200,0.005,0,0.0,999.0,0,-0.7701740355175799,-0.2549381289771654,-0.8207061316072659,-1.2486302050806912,1623,0.10724036543106163,0.10724036543106163,-0.00012883677177915327,-0.7277227050348329
48,96,0.005,1,-0.2,999.0,1,-0.7835098262801827,-0.26379866283606745,-0.8263402478122994,-1.0191848218394732,1299,0.021841856557807415,0.10395883650110259,-0.00017222706473300862,-0.7279280278341909
12,200,0.0,0,0.0,1.5,0,-0.7537056839957224,-0.244546886468612,-0.8307329344321638,-1.3632263350685863,1536,0.09555812244040743,0.09555812244040743,-0.00014524652018343048,-0.7280746704381232
20,200,0.0025,0,0.0,999.0,0,-0.7699938384290598,-0.2548212511218151,-0.8219058799750268,-1.2482738843118661,1709,0.1127795862648325,0.1127795862648325,-0.00011233440649583821,-0.7281878853249217
20,120,0.0,0,0.0,999.0,0,-0.768783097906952,-0.25403784482343106,-0.8194109116839626,-1.2928920118567155,1673,0.108894256011761,0.108894256011761,-0.00012145165080767872,-0.7283879012582481
20,96,0.005,0,-0.2,0.75,1,-0.775768551432694,-0.2586037947291121,-0.8345753237264103,-1.0997495546859615,1448,0.03226399243935735,0.10892050824320067,-0.00014538326255680484,-0.7308789343266153
12,60,0.0,0,0.0,0.75,1,-0.7765244978686812,-0.25910470340941694,-0.8138582645776119,-1.302523751857434,1400,0.02181560432636774,0.08251076341489026,-0.00021330022651881066,-0.7311600232910946
30,96,0.005,0,0.0,0.75,1,-0.7852677790162408,-0.2649990129974735,-0.8013169131786448,-1.3115981799435634,1313,0.022314396723721517,0.08096188175994959,-0.00024292815443396703,-0.7312373785839741
12,60,0.005,1,0.0,999.0,1,-0.780799077059808,-0.2619629230734237,-0.8220373307795161,-1.1664962597142474,1133,0.017956526304735904,0.07203612307046099,-0.00028888159879095963,-0.7313064014488941
48,120,0.005,1,-0.2,999.0,1,-0.7863879580384332,-0.2657679901923452,-0.8298984227487252,-1.0180854904959724,1350,0.022891945815394308,0.10768665336553607,-0.00016248635906614483,-0.7316214760915064
48,60,0.0025,0,-0.2,0.75,1,-0.7856661200275286,-0.26527209653785244,-0.8222575048569103,-1.1057942568424135,1554,0.03171269557912423,0.11787251916412896,-0.000130876999859041,-0.7316905618084283
48,120,0.0025,0,0.0,999.0,0,-0.7752257837681983,-0.25824497596891893,-0.8202778045856838,-1.27316559835966,1646,0.10931429171479576,0.10931429171479576,-0.0001291249297056826,-0.7320421581797438
48,60,0.0,1,-0.2,999.0,1,-0.7914435335617959,-0.2692791911955127,-0.8257344609521895,-1.0252265819476007,1384,0.02257691903811824,0.11204452378452169,-0.00015701835540299944,-0.7334077507689875
30,60,0.0,0,0.0,0.75,1,-0.7820365241111759,-0.26279866563306564,-0.8145811162770318,-1.2814358965058295,1437,0.02244565788091988,0.08629108474220308,-0.0002036590730433552,-0.734161018596873
12,96,0.0025,0,-0.2,0.75,1,-0.7882384112941978,-0.2670453783971555,-0.8212863194827292,-1.1349297881367946,1546,0.032474010290874725,0.115063530400084,-0.00013882857380708908,-0.7344350275453597
12,120,0.005,0,-0.2,0.75,1,-0.7809797803026889,-0.2620847300980592,-0.8342441364195803,-1.1145674020659757,1463,0.03166019111624488,0.11004935419510659,-0.0001474409576482325,-0.7349351684111481
12,60,0.0,1,-0.2,999.0,1,-0.790080220043123,-0.26832569604759104,-0.8324560509331258,-1.019496760383731,1377,0.025359655570723512,0.11162448808148692,-0.00015684283063204546,-0.7355285595333405
48,96,0.0025,1,-0.2,999.0,1,-0.7921409154362098,-0.269768865586254,-0.8315981493393348,-1.034759951192399,1393,0.02202562217788512,0.11238580279323743,-0.00015676640526866056,-0.7373059378155413
20,200,0.0,1,-0.2,999.0,1,-0.7927246934939001,-0.2701797832546291,-0.838053883123066,-0.9670808075012596,1657,0.024965872099128424,0.13175994959571563,-0.00010353457973928092,-0.737560765191225
48,200,0.005,0,0.0,999.0,0,-0.7801106277904071,-0.2614995932250276,-0.8288162301079156,-1.2393975420160237,1655,0.10983933634358921,0.10983933634358921,-0.00013034257351985626,-0.7378775853797865
48,120,0.005,1,0.0,999.0,1,-0.7864125688198482,-0.26578492110439134,-0.8294872893982549,-1.1497736793031896,1263,0.016171374566838183,0.07996429696524204,-0.00024457047427251286,-0.7380172497686782
12,60,0.0,1,0.0,999.0,1,-0.7852551452811729,-0.2649903585447715,-0.8336637365874018,-1.131982719684037,1331,0.01837656200777066,0.08411214953271028,-0.00021924224654141204,-0.7384213628226742
48,200,0.0025,0,0.0,999.0,0,-0.780733537465025,-0.2619187645051494,-0.8322579126557409,-1.2088014668666156,1782,0.11855507718156043,0.11855507718156043,-0.0001058919349575559,-0.7384877941763506
30,120,0.0025,0,0.0,999.0,0,-0.7803116090030878,-0.26163473453626607,-0.8220169462832003,-1.3276943119794116,1602,0.10571773600756064,0.10571773600756064,-0.0001460214582829097,-0.7390279232768369
48,60,0.0,0,0.0,0.75,1,-0.7909433729233444,-0.2689288037463464,-0.8118933698242137,-1.2863294538654075,1486,0.021710595400609052,0.09043893730967133,-0.00019758451030554307,-0.7391919613517236
20,120,0.0,0,-0.2,999.0,0,-0.7926390476701508,-0.2701194398076773,-0.8214497677577642,-1.1856384283520154,1779,0.15087157408379712,0.15087157408379712,-9.053972074222368e-05,-0.7401262451041601
30,200,0.0025,0,0.0,999.0,0,-0.780177402989637,-0.2615444824181551,-0.8314804982567956,-1.2587259679979053,1737,0.1148797647800063,0.1148797647800063,-0.00011613298507210144,-0.7402210299464481
20,120,0.0025,0,-0.2,0.75,1,-0.7941369297088822,-0.27117768930656694,-0.8267550950465272,-1.1201856805859596,1632,0.03292029822534916,0.12343799222933949,-0.00012427981784594538,-0.7405645208591285
20,200,0.005,1,-0.2,999.0,1,-0.7950937481783118,-0.2718569068548602,-0.835884450363536,-1.02268420889085,1423,0.02425706185025727,0.11267457733907382,-0.0001546218387087297,-0.7409333424811706
48,120,0.0,0,0.0,999.0,0,-0.7784786704972858,-0.26040589529282143,-0.8346597080874412,-1.267109654329786,1750,0.11537855717736008,0.11537855717736008,-0.00011304531118272252,-0.7410912320530313
12,60,0.0025,1,0.0,999.0,1,-0.7895112003775495,-0.2679291909508714,-0.8287929351247821,-1.1877457216095675,1223,0.018534075396408695,0.07749658720991284,-0.00026603594516875747,-0.7417129445937408
48,96,0.005,1,0.0,999.0,1,-0.7896879467547542,-0.2680522597234112,-0.8302557856832254,-1.1751178417645542,1219,0.015593825475165388,0.07749658720991284,-0.000265997526696372,-0.7419360446532516
20,96,0.005,0,0.0,0.75,1,-0.793269870468343,-0.2705643666252031,-0.8082737464086651,-1.3610827459876724,1281,0.022314396723721517,0.07875669431901712,-0.0002684877687232689,-0.7427553771289193
30,120,0.0,1,-0.2,999.0,1,-0.7957900540755776,-0.2723527907219705,-0.8406368057830398,-1.0154644714721854,1508,0.022629423500997586,0.12112779586264832,-0.0001346563665353507,-0.7434444171870996
48,120,0.0025,1,-0.2,999.0,1,-0.797295896618917,-0.2734298397287621,-0.8369720712469871,-1.042342596312542,1456,0.022760684658195945,0.11690118660086107,-0.00014851017280877415,-0.7440330051678827
30,60,0.0,1,-0.2,999.0,1,-0.7993800344517551,-0.27493112078062953,-0.8340648235542225,-1.066697476555381,1345,0.024152052924498582,0.10873674262312297,-0.00017673822710813448,-0.7452984063855098
30,96,0.0025,0,-0.2,0.75,1,-0.797838134590753,-0.2738192410471846,-0.8295616545419852,-1.1385300321634766,1604,0.03273653260527145,0.12173159718576079,-0.00013316133886072715,-0.745526569926351
12,60,0.005,1,-0.2,999.0,1,-0.7980929664146038,-0.27400253391643836,-0.8333760153786886,-1.0998940958800993,1189,0.02467709755329203,0.0959781581434422,-0.0002227416315392763,-0.7456852463997876
30,96,0.005,1,-0.2,999.0,1,-0.800158694111928,-0.2754952197729885,-0.8318285954072022,-1.091259386773209,1272,0.022524414575238894,0.10180615352304946,-0.00020076549129586577,-0.7459724868152501
20,60,0.0,1,-0.2,999.0,1,-0.7992825727229635,-0.2748606381315839,-0.8360676520686567,-1.0647186329697556,1346,0.024860863173369736,0.10839546361440723,-0.0001769434096698463,-0.7461303958144001
12,96,0.0025,1,-0.2,999.0,1,-0.8013893331337354,-0.27639035008315105,-0.8308955120277985,-1.0878363200935321,1339,0.024440827470334978,0.10802793237425182,-0.00018200703659590698,-0.7462299221017269
20,200,0.0025,0,-0.2,0.75,1,-0.801026166211312,-0.27612573288977693,-0.8334271823426488,-1.0751907738359168,1768,0.0339178830200567,0.13409639819384647,-0.00010397808252187047,-0.7465988627528971
30,96,0.005,1,0.0,999.0,1,-0.795923361006311,-0.2724478812972726,-0.8271540570625127,-1.2136369231354023,1195,0.016223879029717527,0.07581644439777381,-0.0002874544554855268,-0.746706755985299
30,200,0.0,0,-0.2,0.75,1,-0.7993583767691933,-0.2749154559499887,-0.8410842968904009,-1.0294817450760867,1912,0.035571773600756064,0.14514858762994853,-7.937127595305207e-05,-0.7469316916489934
30,96,0.0,0,0.0,0.75,1,-0.7968600614833772,-0.27311745378417784,-0.817667761569479,-1.29998324377369,1537,0.02247191011235955,0.09356295285099234,-0.00019126265858807433,-0.7469504967576018
12,96,0.005,1,-0.2,999.0,1,-0.8009568455675571,-0.27607526715389474,-0.8322034804918041,-1.10030326499208,1254,0.024099548461619238,0.10070355980258322,-0.00020677877793084514,-0.7471921706494008
12,120,0.005,0,0.0,0.75,1,-0.7964858971903416,-0.27284969795247604,-0.8115035272415774,-1.3728000923263608,1301,0.021736847632048723,0.07954426126220729,-0.0002675417738455419,-0.7472414661895828
30,96,0.0,1,0.0,999.0,1,-0.7970739028836621,-0.27327065809465356,-0.8312592979067801,-1.1678388921108476,1380,0.016171374566838183,0.08715740837971228,-0.00022047958485669277,-0.747292251653586
20,120,0.005,0,0.0,0.75,1,-0.7961757577347711,-0.2726280572441273,-0.8138444879275878,-1.355823419546112,1338,0.022183135566523154,0.08198571878609681,-0.0002523507871144322,-0.7473414721852267
12,200,0.005,1,-0.2,999.0,1,-0.8000112874080545,-0.27538829643472595,-0.8398230547075869,-1.0415330554739834,1421,0.02402079176730022,0.11243830725611677,-0.00016090780232420977,-0.7473764765622186
48,96,0.0,1,0.0,999.0,1,-0.7947170009735716,-0.271589162818732,-0.8373328518010977,-1.1454383104338768,1417,0.015856347789562113,0.08946760474640345,-0.0002050624007238798,-0.7475275042409748
12,96,0.0,1,0.0,999.0,1,-0.7949375788290177,-0.2717458737854579,-0.8356100927958097,-1.1625439777532967,1387,0.01761524729602016,0.0871311561482726,-0.0002165696813488366,-0.7476781190710275
12,96,0.0,0,0.0,0.75,1,-0.7923958107890409,-0.2699481711250531,-0.8259433599981993,-1.312824774061616,1477,0.02215688333508348,0.08868003780321328,-0.00020597288909507926,-0.7485610898272336
30,120,0.005,0,-0.2,999.0,0,-0.7967277935584711,-0.27302275644894225,-0.8287428504794992,-1.226628664755159,1605,0.1375091882810039,0.1375091882810039,-0.00012073548541808634,-0.7487256149264498
30,200,0.005,0,-0.2,0.75,1,-0.7980323512402634,-0.27395891847886145,-0.8427171315421197,-1.0746411518984245,1633,0.03415415310301376,0.12467184710700409,-0.00012355865098374246,-0.7490495418448424
20,200,0.0025,1,-0.2,999.0,1,-0.8026703734059382,-0.2773268658844641,-0.8403739827007797,-1.034852960094255,1539,0.024073296230179564,0.12251916412895096,-0.00013679021274538966,-0.7492565052395667
12,200,0.0,1,-0.2,999.0,1,-0.8018547736121251,-0.2767300541163956,-0.8451872992875155,-0.9990377458176763,1663,0.02488711540480941,0.13204872414155203,-0.00011164282186462506,-0.7492755910510372
48,120,0.0025,1,0.0,999.0,1,-0.7960806156560944,-0.2725601181674939,-0.8359344842220845,-1.1751899138560444,1372,0.016250131261157198,0.08671112044523785,-0.0002221503737620242,-0.7492868559713385
12,96,0.005,1,0.0,999.0,1,-0.796763433676805,-0.27304826817033745,-0.830559738899772,-1.2215104304655728,1190,0.017431481675942453,0.07529139976898036,-0.0002920909198127232,-0.7494036591435022
20,200,0.0,0,0.0,999.0,0,-0.7835662583739145,-0.26383707397743017,-0.8442186995939682,-1.2843900801303902,1834,0.11989394098498372,0.11989394098498372,-0.00010452053016677037,-0.7501659277809338
48,200,0.005,1,-0.2,999.0,1,-0.804509969937007,-0.27868026168106763,-0.8394346473259184,-1.038215948023442,1497,0.024519584164653996,0.11787251916412896,-0.00014869201299101922,-0.750308382745199
48,120,0.0,1,0.0,999.0,1,-0.7968412934318989,-0.27310401377951166,-0.8407671907843707,-1.1422562009064223,1474,0.01648640134411425,0.09261787251916413,-0.00019215210734664556,-0.7506004192170181
30,120,0.0,0,0.0,999.0,0,-0.7856876097766833,-0.26528684041912576,-0.8379209981599877,-1.3307997464229004,1703,0.11144072246140922,0.11144072246140922,-0.0001316863180660365,-0.7507873268202645
48,96,0.0025,1,0.0,999.0,1,-0.7975361615424506,-0.27360228000725684,-0.8353142528854348,-1.19362275408988,1318,0.015856347789562113,0.08374461829255486,-0.00024161813494583096,-0.7509405441544682
20,96,0.0,1,-0.2,999.0,1,-0.8044103388911097,-0.27860670252353736,-0.8387189618794009,-1.0644055618639328,1426,0.023233224824110048,0.11511603486296335,-0.0001620575338778393,-0.7511864615564344
12,200,0.0,0,-0.2,0.75,1,-0.8027428558349797,-0.27738000000767193,-0.840513521856725,-1.072182876283896,1862,0.033655360705659984,0.13992439357345374,-9.192980105131108e-05,-0.7512459047502292
30,96,0.0025,1,-0.2,999.0,1,-0.8054387361322595,-0.279367430930755,-0.8346363183375651,-1.097345344290767,1355,0.022629423500997586,0.10931429171479576,-0.0001824695132646512,-0.751552857314076
30,96,0.0025,1,0.0,999.0,1,-0.8004785439976663,-0.27572744410440986,-0.8296927118861819,-1.2197847966157935,1283,0.01638139241835556,0.0814344219258637,-0.00025981836512063044,-0.7515630398782904
30,120,0.0025,0,-0.2,999.0,0,-0.804108714401415,-0.2783841910138145,-0.8249987937655543,-1.2253151942107623,1698,0.14627743358185447,0.14627743358185447,-0.00011052764730323721,-0.7521493476071298
20,120,0.0,1,-0.2,999.0,1,-0.8054027353025559,-0.27934074605180415,-0.8406767630281303,-1.0551554804549783,1502,0.0227081801953166,0.12036648115089782,-0.00014695002766947445,-0.7524369015886183
20,96,0.0,1,0.0,999.0,1,-0.801061153204532,-0.27615120891615774,-0.8343177649176772,-1.1883955878834949,1361,0.016853932584269662,0.08605481465924604,-0.00023255451110402927,-0.7527298707691711
48,120,0.005,0,-0.2,999.0,0,-0.8012849020204296,-0.27631421799591094,-0.8324662689147134,-1.2106544604751124,1644,0.14189331093142918,0.14189331093142918,-0.00011617596140571234,-0.7530800754770233
48,200,0.0,1,-0.2,999.0,1,-0.8070155486272015,-0.28054010452852407,-0.8453756117676516,-0.9991149743296952,1765,0.025858447968077288,0.13837551191851308,-0.00010064881965535738,-0.7531836591288347
30,200,0.005,0,-0.2,999.0,0,-0.8028522570692413,-0.2774602274901954,-0.8334294711033738,-1.1836364733982176,1727,0.14858762994854563,0.14858762994854563,-0.00010364821701264805,-0.7533567867117932
12,60,0.0025,1,-0.2,999.0,1,-0.8056030330046453,-0.2794892627921206,-0.8379711259548422,-1.1145264225345888,1271,0.0254646644964822,0.10306626063215374,-0.00020561300417455423,-0.7542011468962712
12,60,0.0025,0,-0.2,0.75,1,-0.7976183040660492,-0.2736612719749356,-0.8384597519495058,-1.2271791557426723,1451,0.03187020896776226,0.10611151947915573,-0.0001764961375568101,-0.7542501057368222
20,60,0.0025,0,0.0,0.75,1,-0.7975593901067171,-0.2736189600307234,-0.8221008140531589,-1.402200291198245,1311,0.02247191011235955,0.07854667646749974,-0.0002723155355943685,-0.7547793816172151
12,96,0.0025,1,0.0,999.0,1,-0.8014674430631732,-0.276447314505878,-0.8341739877827119,-1.2285323406130668,1281,0.017746508453218523,0.08080436837131157,-0.00026410049576508103,-0.7549609254278873
30,200,0.0025,0,-0.2,999.0,0,-0.8081675979265459,-0.28140173694880677,-0.830853396376929,-1.173074001764943,1838,0.15864223458994015,0.15864223458994015,-9.110879324230207e-05,-0.7554821352255184
30,200,0.0,0,0.0,999.0,0,-0.7884757275541607,-0.2672098456687033,-0.8504716230671181,-1.2740321216299966,1863,0.1222828940459939,0.1222828940459939,-0.00010306856237710048,-0.7561472632837622
48,60,0.0,1,0.0,999.0,1,-0.8045778582695263,-0.27873040187691456,-0.8345951542362565,-1.2132394532529536,1324,0.01627638349259687,0.08353460044103748,-0.00025171275194780455,-0.7566899516576905
20,96,0.0,0,0.0,0.75,1,-0.8028807490121941,-0.27748112740296826,-0.8244035581663053,-1.3409299179746141,1500,0.022550666806678568,0.09091147747558542,-0.0002115899721307047,-0.7567294023848516
48,200,0.0,0,0.0,999.0,0,-0.791896100845744,-0.2695968168382169,-0.8513865973061743,-1.235913877101675,1904,0.12632573768770344,0.12632573768770344,-9.678014737140422e-05,-0.7570858093463878
20,96,0.0025,1,0.0,999.0,1,-0.8048088366747627,-0.27890109969879595,-0.8326422403724778,-1.2434298193768554,1260,0.016985193741468025,0.0800955581224404,-0.0002754792357927939,-0.7573937108538776
30,200,0.0,1,-0.2,999.0,1,-0.8089277989571511,-0.28197257037939005,-0.8499217751629558,-1.0200970455208798,1683,0.025412160033602856,0.13330883125065632,-0.00011544610115603897,-0.7579383102369119
48,60,0.0025,1,0.0,999.0,1,-0.8063612036693871,-0.2800525420608584,-0.831760289097703,-1.2605233312654491,1229,0.016512653575553923,0.07789037068150793,-0.00029192380595372664,-0.7589588531729824
48,60,0.005,1,0.0,999.0,1,-0.8055086211665581,-0.2794192430602619,-0.8323286877802245,-1.2702432786496078,1150,0.016407644649795234,0.07284994224509084,-0.0003257648572368927,-0.7590957508828545
20,96,0.005,1,0.0,999.0,1,-0.8052190175591447,-0.2792046304903525,-0.8342877851578874,-1.2580332439512136,1178,0.016748923658510974,0.0749763729917043,-0.0003103174411346374,-0.7592501852668568
20,96,0.0025,0,-0.2,0.75,1,-0.8060550046053908,-0.2798248409416768,-0.8418256081367972,-1.1879830015144117,1579,0.03273653260527145,0.11826630263572403,-0.00014991710162942938,-0.760136795085796
48,60,0.0025,1,-0.2,999.0,1,-0.8121973973747801,-0.28444861217195305,-0.8375282450494228,-1.1399670664130748,1291,0.02281318912107529,0.10466764674997375,-0.00020852978812664955,-0.7602110880173182
12,120,0.0,1,-0.2,999.0,1,-0.8110828689960815,-0.28360074195000806,-0.8464009597769491,-1.0772881601224356,1504,0.02344324267562743,0.12047149007665651,-0.0001530708883825432,-0.7606656298446044
20,120,0.0,1,0.0,999.0,1,-0.806991387844377,-0.28052207846553956,-0.8403981171844027,-1.200825333555336,1426,0.016407644649795234,0.0897038748293605,-0.0002216009569779472,-0.7607624037355076
30,120,0.0,0,-0.2,999.0,0,-0.807196667659347,-0.28067529272850833,-0.8387290878280422,-1.2198072993344777,1806,0.15410059855087682,0.15410059855087682,-9.771992086426715e-05,-0.7610302016092534
48,120,0.0025,0,-0.2,999.0,0,-0.811363078692373,-0.28381353237176166,-0.8328197172408047,-1.219245004681193,1744,0.15129160978683187,0.15129160978683187,-0.0001079599357547808,-0.7611856412262237
12,200,0.005,0,-0.2,0.75,1,-0.8067809408391755,-0.28036514282264835,-0.8478195744947257,-1.1419937977184262,1587,0.03271028037383177,0.12013021106794078,-0.00014490387314337717,-0.7613746199559325
20,120,0.0,0,0.0,0.75,1,-0.80625088420329,-0.27997047119699314,-0.8307837310556123,-1.3383776286727145,1565,0.022603171269557912,0.0947443032657776,-0.00019791183241022573,-0.7622812181584351
20,60,0.0,1,0.0,999.0,1,-0.8053441472842118,-0.27929732732197243,-0.8434983376664087,-1.2275582056924565,1297,0.01803528299905492,0.08130316076866534,-0.00026503683471668153,-0.7624244064397996
20,120,0.005,1,0.0,999.0,1,-0.8079852323995931,-0.2812650681913327,-0.8378012231297647,-1.256657978310478,1232,0.016118870103958835,0.0779166229129476,-0.0002933808513599985,-0.7629985786717389
20,60,0.0025,1,-0.2,999.0,1,-0.8126257804534446,-0.2847755727817096,-0.841555260311396,-1.1550343577857038,1245,0.025175889950645805,0.10041478525674682,-0.0002248891759890601,-0.7633049208266929
48,60,0.005,1,-0.2,999.0,1,-0.8134324177966281,-0.28539285986717444,-0.8401930779845144,-1.1597992664595336,1216,0.022655675732437257,0.09789457103853827,-0.0002358224345212937,-0.7634793621824083
48,200,0.0025,0,-0.2,999.0,0,-0.815496691944455,-0.2869823441082149,-0.8379265563892109,-1.154487623881389,1885,0.16352514963771922,0.16352514963771922,-8.883611742474959e-05,-0.7636700034968897
30,120,0.005,1,-0.2,999.0,1,-0.8108579167392883,-0.2834300964751125,-0.8486888774526499,-1.1220603332041097,1316,0.02239315341804053,0.10503517799012917,-0.0002020548369104234,-0.763877551861643
48,200,0.0025,1,-0.2,999.0,1,-0.8157465464107931,-0.28717569489148975,-0.8471520132923179,-1.0639754768156466,1638,0.02478210647905072,0.12900346529455003,-0.00013244404220464197,-0.7639504753784311
48,200,0.005,1,0.0,999.0,1,-0.8091103782582458,-0.28210993929063977,-0.8420299630179617,-1.216942144572934,1388,0.01724771605586475,0.08676362490811719,-0.00023869105795834797,-0.7639720280282674
20,60,0.0025,1,0.0,999.0,1,-0.8071838149252502,-0.2806656960324062,-0.8398527574349682,-1.2769457597881413,1193,0.01827155308201197,0.07518639084322168,-0.00031110361388198525,-0.7644393627392975
30,120,0.0025,1,-0.2,999.0,1,-0.8125938913663762,-0.284751213056443,-0.8485799833565759,-1.1133778264424772,1408,0.022419405649480206,0.11330463089362595,-0.0001777717690761827,-0.7647100960568548
30,60,0.0,1,0.0,999.0,1,-0.8076943001472687,-0.2810472519087487,-0.8432801978763277,-1.2409293755829376,1296,0.01761524729602016,0.08146067415730338,-0.0002688239198209246,-0.7647338196260594
48,96,0.0025,0,-0.2,0.75,1,-0.8120133762970836,-0.28430834242182834,-0.8445393258443581,-1.16412525032141,1650,0.03197521789352095,0.12574818859603065,-0.00013757807175385084,-0.7647842678600779
30,200,0.005,1,-0.2,999.0,1,-0.8135637498474466,-0.28549356498682454,-0.8498856927859466,-1.0874730889792654,1447,0.02457208862753334,0.11414470229969548,-0.000171219985155014,-0.7648100658287611
48,200,0.005,0,-0.2,999.0,0,-0.8158931762535597,-0.28728926259739906,-0.83641259546984,-1.1899058515205863,1760,0.1522104378872204,0.1522104378872204,-0.00010809298408650057,-0.7649908529083485
20,120,0.0025,1,0.0,999.0,1,-0.8107744624054232,-0.2833668305265351,-0.8389093170544634,-1.2560653847373802,1324,0.016512653575553923,0.0837183660611152,-0.00026235733691753435,-0.7656247582906357
12,60,0.0025,0,0.0,0.75,1,-0.8041298909672352,-0.2783998042377245,-0.8281125016050832,-1.46358834684551,1299,0.021946865483566103,0.07686653365536071,-0.00029303435260096726,-0.7656354723825416
48,60,0.0025,0,0.0,0.75,1,-0.8102615681781504,-0.282978499532586,-0.8257202132127137,-1.4043231075005207,1391,0.021999369946445448,0.08516223879029718,-0.0002559261572713238,-0.7660547615139689
30,60,0.0025,0,0.0,0.75,1,-0.8065120037878617,-0.28016478855155424,-0.8296086747575699,-1.4234803201317379,1344,0.0227081801953166,0.0811456473800273,-0.0002718006260088379,-0.7661431419369261
20,120,0.005,1,-0.2,999.0,1,-0.8152712817274013,-0.286808089213348,-0.84495835905369,-1.1444521337102989,1312,0.022524414575238894,0.10458889005565473,-0.0002096367408323834,-0.7665098754257079
30,120,0.0,0,-0.2,0.75,1,-0.8135232484519792,-0.28546250255882866,-0.8486021209594807,-1.1513864659632114,1759,0.03257901921663341,0.13317757009345793,-0.00011976890410571488,-0.7673328863367296
30,120,0.005,0,-0.2,0.75,1,-0.809787229635197,-0.2826201070735488,-0.850507254703125,-1.1907812307736334,1518,0.032447758059435054,0.11550981833455844,-0.00016412875097682154,-0.7674127959637931
30,60,0.0025,1,-0.2,999.0,1,-0.8165377035860445,-0.2877893213317857,-0.8428915491719926,-1.1728716996073711,1249,0.024440827470334978,0.10104483881129896,-0.00022854125437417233,-0.7678786808981506
20,120,0.0025,1,-0.2,999.0,1,-0.8175641460060196,-0.28858859874849785,-0.8453531796866235,-1.1392407087237981,1401,0.022839441352514964,0.11246455948755645,-0.0001865456951905526,-0.7682272240279995
48,120,0.0,0,-0.2,999.0,0,-0.8131725031587959,-0.285193724946482,-0.8456826859979076,-1.2087006019903492,1860,0.159613567153208,0.159613567153208,-9.367531508387242e-05,-0.7684700980449533
12,200,0.0025,1,-0.2,999.0,1,-0.8169809741979402,-0.288134050484237,-0.8519502687811543,-1.0901430943698909,1542,0.024073296230179564,0.12246665966607162,-0.00015266163805221375,-0.7686163395933088
12,200,0.005,0,0.0,999.0,0,-0.8009007231388403,-0.27603442007409296,-0.8416672956262208,-1.436664992276681,1579,0.10343379187230915,0.10343379187230915,-0.00017771320249560803,-0.7687013175010374
12,120,0.0,0,0.0,0.75,1,-0.8113223804098783,-0.28378261052818454,-0.8323052499435319,-1.3774372075297492,1535,0.022419405649480206,0.09230284574188806,-0.00021572000762341058,-0.7688070958764379
48,96,0.005,0,0.0,0.75,1,-0.8114973630096983,-0.28391559711334624,-0.8311074577146413,-1.3876879833515015,1355,0.02178935209492807,0.08358710490391684,-0.0002672718211142053,-0.768853725138242
20,200,0.005,1,0.0,999.0,1,-0.8106352888691378,-0.2832613739987391,-0.8477181057029912,-1.2394956583865204,1326,0.017457733907382127,0.08350834820959782,-0.0002613845074753619,-0.7690952097695607
30,60,0.0025,1,0.0,999.0,1,-0.8114586807631581,-0.2838861901493689,-0.8416100508675879,-1.2994504681053543,1197,0.017799012916097867,0.07560642654625643,-0.0003166887398922861,-0.7696637389884305
20,60,0.005,1,0.0,999.0,1,-0.8104402311410965,-0.2831136763977513,-0.8428494186519075,-1.3036793476352673,1115,0.01803528299905492,0.07043473695264098,-0.0003538647205090582,-0.7697223531054684
12,120,0.005,1,0.0,999.0,1,-0.8124163140490585,-0.28461562428763787,-0.8426441911359137,-1.2776784699166004,1226,0.016643914732752285,0.07770660506143022,-0.0003031630149766803,-0.7698216433514248
30,200,0.0,0,-0.2,999.0,0,-0.8148317421106474,-0.2864687887163344,-0.8491149974938806,-1.1829620769677305,1969,0.1686443347684553,0.1686443347684553,-8.031244711533958e-05,-0.7701743913116612
20,96,0.0025,1,-0.2,999.0,1,-0.8191430569069491,-0.289825126985349,-0.8455951232821214,-1.160124328345073,1328,0.02344324267562743,0.10729286989394099,-0.00020753996419135013,-0.7706289050436634
12,120,0.0025,0,-0.2,0.75,1,-0.8163787663375829,-0.2876658789524035,-0.8448936095666452,-1.2274212179423403,1604,0.032447758059435054,0.11976267982778536,-0.0001570410279805498,-0.7714837446328431
20,60,0.005,1,-0.2,999.0,1,-0.8174330166396643,-0.2884862899134303,-0.8471472113645191,-1.1889843301822558,1172,0.02480835871049039,0.09411424971122545,-0.0002583442479069081,-0.7715091121048027
48,200,0.0025,1,0.0,999.0,1,-0.8164617722332025,-0.2877303367811588,-0.8469276789960202,-1.2329645177423099,1528,0.01769400399033918,0.09487556442297596,-0.0002087672247508987,-0.7728424021662844
30,120,0.005,1,0.0,999.0,1,-0.8126620193919921,-0.28480325933671935,-0.8493672749049652,-1.2727955467567627,1239,0.015882600021001784,0.07825790192166335,-0.000298872785708884,-0.7731266741270401
30,200,0.0025,1,-0.2,999.0,1,-0.8212367411508279,-0.2914781873937271,-0.8546259626550418,-1.101282964619073,1567,0.02446707970177465,0.12412055024677097,-0.00015256665244649646,-0.7738553169522017
12,120,0.0025,1,-0.2,999.0,1,-0.8215346959952076,-0.29171469355405943,-0.8497690659159417,-1.1565245091114535,1396,0.023390738212748084,0.11207077601596135,-0.00019297623391050883,-0.7744254519676029
12,120,0.005,1,-0.2,999.0,1,-0.8206076601785666,-0.2909798786536073,-0.8504823012053513,-1.1683131966660596,1306,0.023075711435472015,0.10419510658405964,-0.00021865976392662108,-0.7746366890895859
30,200,0.005,1,0.0,999.0,1,-0.8152383642045804,-0.2867826563331849,-0.8506317736180822,-1.2548395169025346,1343,0.01758899506458049,0.08426966292134831,-0.00026369553544488373,-0.7748405189873527
12,120,0.0,1,0.0,999.0,1,-0.8166561195430222,-0.2878813475079486,-0.8497662938381344,-1.2434596713984902,1432,0.01695894151002835,0.09004515383807624,-0.00023490589661515266,-0.7749374779969402
12,200,0.005,1,0.0,999.0,1,-0.8149424050497566,-0.2865541537109465,-0.8511817701155684,-1.2583262596856577,1325,0.017300220518744094,0.08345584374671847,-0.00026892570947368585,-0.7750613517530136
30,120,0.0,1,0.0,999.0,1,-0.8150045697497457,-0.2866021252499207,-0.8539604281045392,-1.230886457881811,1438,0.016092617872519165,0.09038643284679197,-0.00023019983824767765,-0.7751266621962808
12,120,0.0025,1,0.0,999.0,1,-0.8176717993109605,-0.2886726352309178,-0.8458586026901587,-1.2883913754187588,1321,0.01693268927858868,0.0836133571353565,-0.0002748931015976371,-0.776021505346935
30,96,0.0025,0,0.0,0.75,1,-0.8179506158203989,-0.2888904700395315,-0.8315570274594908,-1.4286347339809435,1441,0.0227081801953166,0.0881812454058595,-0.0002513735028435239,-0.7761007204683241
30,120,0.0025,1,0.0,999.0,1,-0.8158930891925882,-0.28728919514549733,-0.8508094481319248,-1.2738374411080877,1336,0.015987608946760476,0.08440092407854667,-0.00026655837184715183,-0.7763857912668641
48,200,0.0,0,-0.2,0.75,1,-0.8233765209033717,-0.293183721644377,-0.856601936413717,-1.1045025669886561,1970,0.036096818229549514,0.14945395358605482,-9.336586100212639e-05,-0.7767098182006683
20,96,0.005,1,-0.2,999.0,1,-0.8223779380401319,-0.29238574570044074,-0.8498567291316153,-1.1886579602976588,1251,0.023233224824110048,0.10041478525674682,-0.00023754036424970527,-0.7767470082811313
48,200,0.005,0,-0.2,0.75,1,-0.8207259408351635,-0.2910734645270783,-0.8583387721217818,-1.1456931022581323,1669,0.03397038748293605,0.1272183135566523,-0.0001408091765782821,-0.7775275057008758
30,200,0.0,1,0.0,999.0,1,-0.8177063430955963,-0.2886996092619437,-0.856500843632328,-1.2127950920971828,1586,0.01848157093352935,0.09860338128740943,-0.00019336133447315107,-0.7775897856829669
20,200,0.0025,1,0.0,999.0,1,-0.8182315680991226,-0.2891102435845052,-0.8526855283390109,-1.258210831006555,1449,0.017536490601701146,0.09078021631838706,-0.000233540668269507,-0.7783635493043384
20,200,0.0,1,0.0,999.0,1,-0.8184886075774944,-0.2893115495916051,-0.8567221209906812,-1.2207160554580503,1571,0.0182453008505723,0.09784206657565893,-0.00019832020421798748,-0.7787084128598483
48,200,0.0,1,0.0,999.0,1,-0.8208215288410347,-0.29114913164060396,-0.8544224918938175,-1.2149444869059993,1652,0.01848157093352935,0.10191116244880814,-0.00018230572561603824,-0.7791076019328127
48,200,0.0,0,-0.2,999.0,0,-0.8243952343080121,-0.29400151124968754,-0.8550870014544615,-1.1747492768107175,2019,0.17405229444502782,0.17405229444502782,-8.01054008562173e-05,-0.7802824758174541
30,200,0.0025,1,0.0,999.0,1,-0.8202391420859381,-0.29068861631708187,-0.8535399126981074,-1.2621321876398244,1466,0.017746508453218523,0.09156778326157723,-0.00023194847560583114,-0.7805651820481267
48,120,0.005,0,-0.2,0.75,1,-0.8200680097520356,-0.2905535223550685,-0.8595841380016778,-1.2087932109071897,1556,0.032500262522314395,0.11913262627323322,-0.0001657850154018499,-0.7807852519012668
12,200,0.005,0,-0.2,999.0,0,-0.8205647265589859,-0.2909459209775491,-0.8530549797906827,-1.3151893052284975,1684,0.14317967027197312,0.14317967027197312,-0.00013091754429555736,-0.7832328761343152
30,60,0.005,1,0.0,999.0,1,-0.8205052940264712,-0.29089892446733445,-0.8494895812997455,-1.35464764431587,1124,0.017720256221778852,0.07095978158143443,-0.0003700275236302781,-0.7833760973330007
30,200,0.0025,0,-0.2,0.75,1,-0.8280724950103627,-0.2969854315251773,-0.8571573664488689,-1.166805273911777,1796,0.03460044103748819,0.13630158563477895,-0.00012670921074088513,-0.7839043784452006
30,60,0.005,1,-0.2,999.0,1,-0.8270403862845821,-0.29614281186659097,-0.8533505069459932,-1.2331010310157815,1179,0.024309566313136615,0.09487556442297596,-0.0002703673863547497,-0.7844731168903767
12,96,0.0025,0,0.0,0.75,1,-0.8202941263817976,-0.2907320434296662,-0.8417456247462384,-1.478030896550015,1380,0.02236690118660086,0.08316706920088207,-0.00028212295097429784,-0.7855064006302862
20,96,0.0025,0,0.0,0.75,1,-0.8242470089181149,-0.2938822852774392,-0.8379262754501087,-1.4767109738120392,1404,0.02281318912107529,0.08555602226189227,-0.00027633986201835173,-0.7866809716930955
20,120,0.0025,0,0.0,0.75,1,-0.8253090049883068,-0.2947382910862292,-0.842058549961417,-1.4622055630060111,1466,0.02278693688963562,0.08920508243200673,-0.0002567570458565862,-0.7888778442172383
48,96,0.0,0,0.0,0.75,1,-0.8267557505468338,-0.2959111412362607,-0.8469092958584982,-1.4004345787825327,1585,0.022078126640764466,0.096634463929434,-0.0002198954204518767,-0.7893875181046365
48,120,0.0,0,-0.2,0.75,1,-0.8304619199934632,-0.29895181013626915,-0.8640634170170495,-1.1995565144186204,1808,0.03281528929959047,0.13756169274388322,-0.0001281888075298615,-0.790961344365725
12,200,0.0,1,0.0,999.0,1,-0.827482000100132,-0.29650285437448787,-0.8652691100764025,-1.2598666562332503,1576,0.018087787461934263,0.09820959781581434,-0.0002103970375060103,-0.7921307422243516
20,200,0.005,0,0.0,0.75,1,-0.8296424315457477,-0.2982749282785717,-0.8474269466766762,-1.4423386563249057,1440,0.023495747138506773,0.08854877664601492,-0.0002678620004475351,-0.7941053344331551
12,200,0.0025,0,-0.2,0.75,1,-0.8351992258785494,-0.30291685226423115,-0.860459493840789,-1.2332748700290177,1750,0.033156568308306204,0.1314974272813189,-0.00014620801289622737,-0.7948103426860765
12,200,0.0025,0,-0.2,999.0,0,-0.8338582325876871,-0.30178531055795565,-0.852173697063006,-1.3420161707322524,1794,0.1527879869788932,0.1527879869788932,-0.00012512966574965406,-0.7949729676260713
12,200,0.0025,1,0.0,999.0,1,-0.8309014220050401,-0.2993159092002703,-0.8629538285859426,-1.3162726895936272,1452,0.017536490601701146,0.09088522524414576,-0.00025362721312906553,-0.796606457972923
12,200,0.0025,0,0.0,999.0,0,-0.8216051660518677,-0.2917706764044834,-0.8605897498107291,-1.503751631098533,1693,0.11075816444397774,0.11075816444397774,-0.00017714828872863466,-0.7972531328647746
30,120,0.005,0,0.0,0.75,1,-0.831716066686289,-0.2999927963280409,-0.8485055585970429,-1.4980509678197702,1359,0.022314396723721517,0.08348209597815814,-0.00030300773518916746,-0.7991481240175509
12,120,0.0025,0,0.0,0.75,1,-0.8327957788249544,-0.30089397820728225,-0.8452331563854277,-1.519326766256329,1433,0.022498162343799224,0.0866586159823585,-0.0002833811373970015,-0.7994768947128126
30,120,0.0025,0,-0.2,0.75,1,-0.8399849601594185,-0.3070161049394696,-0.8657230588241513,-1.2964834102439586,1660,0.03273653260527145,0.12593195421610837,-0.00017019979678559164,-0.8047018048637432
12,200,0.0,0,-0.2,999.0,0,-0.8406607343929136,-0.30760281844084836,-0.8701999703481069,-1.3549845345221976,1923,0.1620025202142182,0.1620025202142182,-0.0001136131549528887,-0.8104520303410117
48,200,0.0025,0,-0.2,0.75,1,-0.8481915574736936,-0.3142796570221419,-0.8719175390266247,-1.2385640946517655,1850,0.03475795442612622,0.14013441142497113,-0.0001404066540793908,-0.8121666312680426
12,200,0.0,0,0.0,999.0,0,-0.8293854407530006,-0.29806319524307234,-0.8773785981899369,-1.52166365486895,1815,0.11760999684973222,0.11760999684973222,-0.00016237562861536305,-0.8128356770814883
48,96,0.0025,0,0.0,0.75,1,-0.842009154614838,-0.3087795026918547,-0.8574807708695603,-1.5115890681196014,1486,0.02220938779796283,0.09109524309566314,-0.00027556598574073873,-0.813099341532615
20,200,0.0,0,0.0,0.75,1,-0.8409265309712353,-0.30783413096479495,-0.8671063711041365,-1.4363009841467356,1713,0.024388323007455633,0.1036700619552662,-0.00020861660248705464,-0.8132023657242
48,120,0.005,0,0.0,0.75,1,-0.8448552910769723,-0.311289767053922,-0.861102291973971,-1.535629658584479,1393,0.022183135566523154,0.08602856242780636,-0.0003119149227056474,-0.8186223959701314
30,120,0.0,0,0.0,0.75,1,-0.8465316797966422,-0.3127856119738991,-0.8639288758432927,-1.512609529772033,1594,0.022498162343799224,0.09679197731807204,-0.0002514608664057721,-0.8203805263841472
30,200,0.005,0,0.0,0.75,1,-0.850276058285032,-0.3161745237516256,-0.8675624943132254,-1.5279572194306887,1464,0.02399453953586055,0.09009765830095558,-0.00029596812758668977,-0.8263536318797727
12,200,0.005,0,0.0,0.75,1,-0.8495476332982855,-0.3155099811282127,-0.8649266112181704,-1.5736640272516764,1421,0.0227081801953166,0.08671112044523785,-0.0003150202935242653,-0.8266564880998817
48,120,0.0025,0,-0.2,0.75,1,-0.8562913753109727,-0.3217635074328761,-0.8802568141108155,-1.3522151823691548,1706,0.03278903706815079,0.13002730232069726,-0.00018056748817280152,-0.8295026736067416
20,200,0.005,0,-0.2,1.5,1,-0.8618844634872366,-0.32713067193940304,-0.9044252123350951,-1.0852575057760845,2358,0.04237110154363121,0.19321642339598866,-7.047333673496247e-05,-0.8336061533957548
20,200,0.0025,0,0.0,0.75,1,-0.8548714076199965,-0.320427543627938,-0.8744887634881955,-1.5453618292063178,1598,0.023863278378662187,0.09715950855822746,-0.00026433814818575265,-0.8349400168323516
12,60,0.005,0,-0.2,1.5,1,-0.855566802775848,-0.321080487186269,-0.9115407690564203,-1.2401033083635822,1917,0.03953586054814659,0.1513703664811509,-0.00013111502103469618,-0.8388560371326583
30,120,0.0025,0,0.0,0.75,1,-0.8588051993541491,-0.32415473147413265,-0.8722039334833569,-1.6183863898540638,1494,0.022603171269557912,0.09117399978998215,-0.0003068253766143042,-0.8411760177085144
12,60,0.005,0,0.0,1.5,1,-0.8577688342360893,-0.32316481721844703,-0.892313570116312,-1.4583302327197694,1749,0.026856032762784837,0.10970807518639085,-0.00021631485496021957,-0.8422381139125914
48,120,0.0,0,0.0,0.75,1,-0.8606438218588057,-0.32592533823090863,-0.8769500936701222,-1.5624324399590201,1636,0.02247191011235955,0.0998634883965137,-0.0002620505648565054,-0.8425220070639208
30,200,0.0,0,0.0,0.75,1,-0.8613184579983295,-0.32657970495414035,-0.8853754289183697,-1.5256881196059444,1740,0.02522839441352515,0.10571773600756064,-0.00023405123247007353,-0.8455518253936225
12,200,0.0,0,0.0,0.75,1,-0.8606709582484073,-0.3259516103449881,-0.8845590387496052,-1.568138942546861,1695,0.02367951275858448,0.10180615352304946,-0.00024973371811089353,-0.8466380768471338
48,200,0.005,0,0.0,0.75,1,-0.8658793236232603,-0.33107161367944304,-0.8779063349775356,-1.5946648251454878,1492,0.02391578284154153,0.09180405334453429,-0.00031652754202966723,-0.8497580224254853
12,96,0.005,0,-0.2,1.5,1,-0.8718970762616076,-0.3371892306880053,-0.9088526099059855,-1.25284009719442,2067,0.03987713955686233,0.16541531030137563,-0.00012375558624811212,-0.8542575405007191
12,200,0.005,0,-0.2,1.5,1,-0.8807815159573511,-0.34665557328183183,-0.916095575743416,-1.194894809691778,2334,0.04139976898036333,0.18982988554027092,-9.451037965000577e-05,-0.8644481016381288
30,200,0.0025,0,0.0,0.75,1,-0.8729472298663405,-0.33828026708044656,-0.8914781723106687,-1.6309400434428298,1620,0.024440827470334978,0.09878714690748713,-0.00029109871184092534,-0.8655663554079224
30,96,0.005,0,-0.2,1.5,1,-0.8808172749487341,-0.3466947983146079,-0.9122371603859951,-1.2632380469872337,2147,0.039693373936784626,0.17468234799957996,-0.0001202101834946035,-0.8659752808569672
48,200,0.0,0,0.0,0.75,1,-0.8756420960293253,-0.34111342107411546,-0.8918380078241528,-1.5885070145857227,1783,0.025595925653680563,0.10876299485456264,-0.00024737041741436995,-0.866457775715478
48,120,0.0025,0,0.0,0.75,1,-0.8741051557200339,-0.3394916649426605,-0.8865212471630104,-1.6826053212685521,1536,0.022498162343799224,0.09406174524834611,-0.0003219536057874445,-0.8668825545875933
12,60,0.0,0,-0.2,1.5,1,-0.8802391718107403,-0.34606181154460247,-0.9131258171515256,-1.3086602861097325,2248,0.039640869473905285,0.1769400399033918,-0.00011267619856990007,-0.868057734425852
12,200,0.0025,0,0.0,0.75,1,-0.8746669176588522,-0.3400825818736708,-0.8913450008400475,-1.6937582811060194,1579,0.02325947705554972,0.09519059120025203,-0.0003137440703222613,-0.8704429963489955
48,200,0.005,0,-0.2,1.5,1,-0.8864595290801895,-0.3530053241969412,-0.920745782925534,-1.1642340685067383,2454,0.04326367741258007,0.20245720886275334,-8.417849638637071e-05,-0.8715899190850451
48,96,0.005,0,-0.2,1.5,1,-0.8842402789022603,-0.3504939294038424,-0.9185194921661862,-1.2450373946482116,2213,0.03893205922503413,0.1813241625538171,-0.00011347821716021888,-0.872005545219346
20,200,0.0025,0,-0.2,1.5,1,-0.8875585883920122,-0.3542636303768786,-0.9183531640254831,-1.1865226710023358,2572,0.04150477790612202,0.21130421085792292,-7.531649289542178e-05,-0.8727663459397368
20,200,0.0,0,-0.2,1.5,1,-0.8876635872375149,-0.3543843570103895,-0.9211076084343055,-1.1625442985530619,2752,0.04255486716370892,0.2258479470755014,-5.9019397494402375e-05,-0.8730653761551953
12,60,0.0025,0,-0.2,1.5,1,-0.8836862972366387,-0.34987303338876274,-0.9187591221011039,-1.3618879322280606,2083,0.04006090517694004,0.1642864643494697,-0.00014066706959582457,-0.8773469910507178
30,200,0.005,0,-0.2,1.5,1,-0.8891103217087739,-0.35605705735139515,-0.9230455562107143,-1.2073649388391854,2398,0.04326367741258007,0.19683923133466344,-9.490396762099724e-05,-0.8779480823987116
12,96,0.0,0,-0.2,1.5,1,-0.8902290467050763,-0.3573625257083646,-0.9160099121631073,-1.2983404031602166,2399,0.039247086002310194,0.191667541741048,-0.00010270809974549037,-0.8802845019479291
12,60,0.0,0,0.0,1.5,1,-0.8809116632345919,-0.3467983806880426,-0.9146582887233594,-1.5289270355758382,2071,0.027354825160138613,0.12874094298015332,-0.0001847738325663673,-0.8805738768285142
20,120,0.005,0,-0.2,1.5,1,-0.890011206114435,-0.3571074903697026,-0.9185973543103765,-1.310712832513212,2181,0.03945710385382758,0.1772288144492282,-0.00012755312367486007,-0.8819418091505514
12,96,0.005,0,0.0,1.5,1,-0.884253627621721,-0.3505089197870166,-0.9104792228839973,-1.5368858395849476,1882,0.027381077391578284,0.11968392313346635,-0.00022506441974160698,-0.8825928232082626
12,120,0.005,0,-0.2,1.5,1,-0.8901960934345399,-0.35732391992618817,-0.9186329862505231,-1.328755850746463,2136,0.03919458153943085,0.17250341279008716,-0.00013551220783762356,-0.8830782055887729
48,200,0.0025,0,0.0,0.75,1,-0.8853744096448777,-0.35177249966671165,-0.8982265683328918,-1.6873029902753038,1666,0.024624593090412684,0.10159613567153208,-0.00030235144898590446,-0.8852509333469227
20,60,0.005,0,-0.2,1.5,1,-0.8885173739560512,-0.35536939810732304,-0.921831312691842,-1.3836873229460236,1959,0.04132101228604431,0.15557072351149848,-0.0001657817497248103,-0.8854694206005452
12,60,0.0025,0,0.0,1.5,1,-0.8846829730728604,-0.3509918064986908,-0.9115177195193312,-1.592314910309802,1913,0.027486086317336973,0.11936889635619027,-0.00022535606323499695,-0.8863664117738465
48,120,0.005,0,-0.2,1.5,1,-0.8937699696934399,-0.3615659076071629,-0.9252532497382298,-1.2763918799637546,2283,0.04055969757429381,0.18783471595085582,-0.00011549731845431039,-0.8880121264744655
30,96,0.005,0,0.0,1.5,1,-0.8901995744479796,-0.3573279976039877,-0.9110941623514341,-1.5350202565655908,1959,0.027433581854457628,0.12661451223353984,-0.0002138332685240465,-0.8896260916079843
30,96,0.0,0,-0.2,1.5,1,-0.8983811995286695,-0.367211202801353,-0.9190424456555613,-1.3109574781974582,2481,0.03838076236480101,0.2018271553082012,-0.00010064175973704194,-0.8922802995390066
12,96,0.0025,0,-0.2,1.5,1,-0.8977208373299165,-0.36639034391816816,-0.9179002153519118,-1.3755742166161968,2239,0.03985088732542266,0.17925023627008296,-0.00013320684003663864,-0.8941191624249339
20,96,0.005,0,-0.2,1.5,1,-0.8982070457173977,-0.3669943087730163,-0.9256499682215249,-1.3920816725496026,2106,0.04011340963981939,0.17000945080331828,-0.00015204382907704124,-0.8994233765112589
12,200,0.0,0,-0.2,1.5,1,-0.9022202918328559,-0.372069721182794,-0.9306577869195864,-1.263367118561039,2732,0.04150477790612202,0.22191011235955055,-7.832417585676408e-05,-0.9005669705706392
12,120,0.005,0,0.0,1.5,1,-0.8969372502911249,-0.36542179265126307,-0.9163499345369897,-1.59444701298226,1948,0.026961041688543526,0.1250393783471595,-0.00023146262254245895,-0.9033191105688709
48,96,0.0,0,-0.2,1.5,1,-0.904351639523567,-0.37483324834339593,-0.9290112775632907,-1.30966755657537,2561,0.0381969967447233,0.21004410374881866,-9.759150873969482e-05,-0.9048222649538098
20,60,0.005,0,0.0,1.5,1,-0.8950293957532696,-0.3630879887792048,-0.9189847041712885,-1.6580013821166497,1784,0.02832615772340649,0.11243830725611677,-0.00027581945852970423,-0.9054804099706816
48,60,0.005,0,-0.2,1.5,1,-0.9023058362512356,-0.3721797062513008,-0.9253000204019288,-1.4188893571849224,2086,0.0394308516223879,0.16916937939724877,-0.00016066954126821685,-0.9057741843115114
30,96,0.0025,0,-0.2,1.5,1,-0.9051446429761691,-0.37587404428921767,-0.9217105385390898,-1.3840751848733768,2326,0.038984563687913476,0.1897773810773916,-0.00012848886141391568,-0.9059330728024314
12,200,0.0025,0,-0.2,1.5,1,-0.9053534408838241,-0.3761492430935126,-0.9298553128033333,-1.3108055839322401,2550,0.04084847212013021,0.20739262837341174,-0.00010064771306203055,-0.9066171786917913
20,60,0.0,0,-0.2,1.5,1,-0.9024123099709279,-0.37231670793105087,-0.9274657244055304,-1.4121465868451066,2278,0.040454688648535124,0.18069410899926494,-0.00013633166223119792,-0.9066568994760714
20,120,0.0,0,-0.2,1.5,1,-0.9073288861409897,-0.37877723518856954,-0.927792477950611,-1.363563129482855,2525,0.038564527984878715,0.20510868423816025,-0.00010771314515744877,-0.9108516306380178
20,60,0.0025,0,-0.2,1.5,1,-0.9043944106889691,-0.3748892079257382,-0.9263682447080861,-1.458963534675769,2117,0.04116349889740628,0.16843431691693794,-0.000163401030151637,-0.9110215070135697
48,200,0.0,0,-0.2,1.5,1,-0.9092651291279086,-0.38139692507170597,-0.9351048757840984,-1.2438822476332696,2894,0.04434001890160664,0.23881654940669958,-6.93725649729171e-05,-0.9111434753454187
20,96,0.005,0,0.0,1.5,1,-0.9013376930281494,-0.3709394276773563,-0.9201489287259572,-1.6392847881885941,1916,0.027774860863173368,0.12328047884070147,-0.0002479467548146547,-0.9129781314497647
30,120,0.005,0,-0.2,1.5,1,-0.906027746152353,-0.37704131684181375,-0.9341233575294146,-1.3862118223904794,2220,0.039745878399663974,0.18124540585949805,-0.000143384189787572,-0.913413586726045
48,200,0.0025,0,-0.2,1.5,1,-0.910399024183116,-0.38295188620938125,-0.9343708632967586,-1.276217329689275,2702,0.04260737162658826,0.22327522839441352,-8.808367808920367e-05,-0.9139481843422242
20,200,0.005,0,0.0,1.5,1,-0.9036618065648796,-0.3739334595741769,-0.9274843291651779,-1.5385628280885029,2166,0.02953376036963142,0.14010815919353145,-0.00019439080748586798,-0.9146037655611909
30,60,0.005,0,-0.2,1.5,1,-0.9056775012472584,-0.37657732281331613,-0.9291316930223177,-1.4761179546808763,2014,0.04118975112884595,0.16110994434526935,-0.00018175919538373995,-0.9149490670585188
12,120,0.0,0,-0.2,1.5,1,-0.9096648252527525,-0.3819432633216143,-0.9283187645163002,-1.3967419273112314,2483,0.03872204137351675,0.19985823795022578,-0.00011733755321934537,-0.915939741945326
20,120,0.0025,0,-0.2,1.5,1,-0.9097100054330827,-0.3820051409495737,-0.9272595161681407,-1.4100848704591027,2364,0.038984563687913476,0.1926126220728762,-0.00013046044120025645,-0.9161391425565992
48,96,0.0025,0,-0.2,1.5,1,-0.9103342747571727,-0.38286266993367946,-0.9323190709883529,-1.3779110116663844,2404,0.03835451013336134,0.19770555497217263,-0.0001238517643147609,-0.9179177560111751
20,120,0.005,0,0.0,1.5,1,-0.9043030868169736,-0.3747697487427023,-0.9240681158350863,-1.6311516918987579,1991,0.027197311771500577,0.12842591620287724,-0.000235278546437776,-0.9183613912551833
12,96,0.0,0,0.0,1.5,1,-0.9035382140212255,-0.3737727954497462,-0.9299088218479629,-1.6083151926852557,2209,0.027486086317336973,0.1391105743988239,-0.00019447833608658103,-0.9191429660079904
20,96,0.0,0,-0.2,1.5,1,-0.9111282823563334,-0.38396028708390595,-0.9283680031512893,-1.4205458075279513,2430,0.03903706815079282,0.19628793447443033,-0.00012573064848620547,-0.9191715790359481
48,96,0.005,0,0.0,1.5,1,-0.90527518980633,-0.37604605014874426,-0.9275034822738658,-1.5948840025477917,2026,0.026882284994224508,0.13162868843851727,-0.00022622950859141135,-0.9195419914130667
12,120,0.0025,0,-0.2,1.5,1,-0.911798335780381,-0.3848926723889443,-0.927199851311837,-1.443160647657336,2317,0.03903706815079282,0.18715215793342435,-0.0001415765945517087,-0.9206506304277295
30,200,0.0,0,-0.2,1.5,1,-0.9139113756598525,-0.3878705760245771,-0.9392632669100163,-1.3064849273807175,2807,0.04368371311561483,0.23049459204032344,-8.416364222846114e-05,-0.9228264558486211
48,60,0.0,0,-0.2,1.5,1,-0.9136771977709965,-0.3875376875356277,-0.9297130309026285,-1.4385217075298955,2407,0.0381969967447233,0.19523784521684343,-0.00013181484150722331,-0.9243202883634367
30,96,0.0,0,0.0,1.5,1,-0.9081897866594171,-0.37993655396034587,-0.9290960087554434,-1.6024364511805036,2285,0.02701354615142287,0.1465137036648115,-0.00018503624698927855,-0.9246063808970928
48,60,0.005,0,0.0,1.5,1,-0.9072102188173207,-0.37861810990695854,-0.9259377114749192,-1.6865831389544237,1900,0.027302320697259266,0.1222828940459939,-0.00026485128991986495,-0.9259161225921393
30,200,0.0025,0,-0.2,1.5,1,-0.9156406503508885,-0.3903514579265205,-0.9385689319438393,-1.3454402981043532,2624,0.04231859708075186,0.21553082011971017,-0.00010477376396800772,-0.9269079388036577
48,120,0.005,0,0.0,1.5,1,-0.9095127822979663,-0.3817352108042612,-0.9312616969009433,-1.5961298600514313,2096,0.027774860863173368,0.13619657670902027,-0.00021931890332089124,-0.9271725522573044
48,120,0.0,0,-0.2,1.5,1,-0.9158831926837756,-0.39070266331471093,-0.9379288176517284,-1.3652322713351526,2650,0.03985088732542266,0.2181560432636774,-0.00010302156417970911,-0.9279286857073328
30,60,0.0,0,-0.2,1.5,1,-0.9137950226656935,-0.3877050875373075,-0.9335804047090963,-1.4722888642209362,2328,0.03987713955686233,0.18636459099023417,-0.00014518523168648704,-0.9281097331029025
20,96,0.0025,0,-0.2,1.5,1,-0.9156274926693474,-0.39033242848886607,-0.9296858162737373,-1.4860261743567618,2274,0.039667121705344956,0.18410689908642233,-0.00015384899893661086,-0.9294766453435728
12,96,0.0025,0,0.0,1.5,1,-0.9091315520445856,-0.381214769855035,-0.9295195600255496,-1.6893574967545189,2054,0.027722356400294024,0.12994854562637825,-0.0002373734151960079,-0.9304424247055356
30,96,0.0025,0,0.0,1.5,1,-0.9114969434317757,-0.3844725836857561,-0.9279507834035485,-1.6630576253882727,2135,0.02724981623437992,0.13761419720676257,-0.00021966554391453607,-0.931600856656944
30,60,0.005,0,0.0,1.5,1,-0.9088443951336862,-0.3808239062157671,-0.9294982605636886,-1.7401410663794594,1836,0.02843116664916518,0.116586159823585,-0.0002906818011881006,-0.9325800898165844
48,200,0.005,0,0.0,1.5,1,-0.9137945875360398,-0.38770446898921906,-0.9361292114074931,-1.5617152928668532,2259,0.03032132731282159,0.14646119920193215,-0.00019509200745505644,-0.9338548393363082
12,200,0.005,0,0.0,1.5,1,-0.9131300980387489,-0.38676278037901257,-0.9339400613014499,-1.6354158009467685,2142,0.02887745458363961,0.13766670166964193,-0.00022077397547616513,-0.935503601077076
30,60,0.0025,0,-0.2,1.5,1,-0.9177313795574565,-0.39340581196047564,-0.9344499440595249,-1.536610135579626,2173,0.04053344534285414,0.1743673212223039,-0.00017521255658355773,-0.9374612907692194
20,60,0.0,0,0.0,1.5,1,-0.9115195757733616,-0.3845040894774715,-0.935044078047945,-1.7181301629057961,2096,0.028273653260527144,0.13091987818964612,-0.00023707199123504022,-0.9379326366467338
48,60,0.0025,0,-0.2,1.5,1,-0.919448656119457,-0.3959613823110948,-0.9325363297613508,-1.514808686519987,2253,0.03880079806783577,0.18339808883755118,-0.00016248649138395064,-0.9379699815177696
30,200,0.005,0,0.0,1.5,1,-0.9150008021289291,-0.38942880740604935,-0.9369540157911245,-1.6048232908256534,2204,0.030163813924183557,0.14262837341174,-0.00020946015888737628,-0.9381469798428943
48,120,0.0025,0,-0.2,1.5,1,-0.9204087960229695,-0.39740926715435854,-0.9399443771979308,-1.427609861381991,2487,0.03956211277958627,0.20531870208967762,-0.00012810249316096302,-0.9387619488224235
30,120,0.0,0,-0.2,1.5,1,-0.920270584794389,-0.3971999876707648,-0.9408481894189639,-1.4309487173448086,2571,0.03872204137351675,0.2102016171374567,-0.00011984445784624091,-0.9391715182474872
20,60,0.0025,0,0.0,1.5,1,-0.9129384508350682,-0.38649225614583327,-0.9326147635007745,-1.76973145641779,1941,0.02853617557492387,0.12194161503727817,-0.00027624920004483335,-0.94128621071711
20,96,0.0,0,0.0,1.5,1,-0.9163410828691193,-0.3913679100111602,-0.9354570100048659,-1.6943377133269384,2235,0.02756484301165599,0.14254961671742097,-0.00021281511397338478,-0.9438133006799401
12,120,0.0,0,0.0,1.5,1,-0.9170767401158118,-0.3924428351311565,-0.93622655263615,-1.6892606356419877,2288,0.027171059540060907,0.1452010920928279,-0.0002052976360382842,-0.9450191432313308
30,120,0.005,0,0.0,1.5,1,-0.9182162720254834,-0.3941230494237181,-0.9372265973932248,-1.7086736643597653,2033,0.027381077391578284,0.1314974272813189,-0.0002552649704483804,-0.9481700313383188
30,120,0.0025,0,-0.2,1.5,1,-0.9244448468897012,-0.4036528397200386,-0.9429039169338208,-1.4948265604359108,2411,0.03877454583639609,0.19749553712065526,-0.00014652369301958813,-0.9498461262087446
12,120,0.0025,0,0.0,1.5,1,-0.9191676689874282,-0.39554026735103553,-0.9342056343353864,-1.7443777765174802,2127,0.027197311771500577,0.13582904546886485,-0.00024136425997713033,-0.9498619733446028
20,120,0.0,0,0.0,1.5,1,-0.9203059533991524,-0.3972535151782228,-0.9397219093214816,-1.698432920379827,2323,0.027171059540060907,0.14866638664286463,-0.00020368399154210756,-0.952036115857955
20,96,0.0025,0,0.0,1.5,1,-0.9199005929167929,-0.3966411705593137,-0.9349873567982346,-1.7630322418914743,2084,0.027774860863173368,0.13362385802793236,-0.00025181106745416016,-0.9522864610530049
20,200,0.0025,0,0.0,1.5,1,-0.9218775825135948,-0.39965145801821056,-0.9422142797516243,-1.6539253295848109,2383,0.02932374251811404,0.15339178830200567,-0.00019344549921179065,-0.9534548643732632
48,96,0.0,0,0.0,1.5,1,-0.9225721136068833,-0.4007234622319148,-0.9424905396147135,-1.6729814477669176,2366,0.026646014911267456,0.1527092302845742,-0.00019780610597269554,-0.9556178044276173
48,60,0.0,0,0.0,1.5,1,-0.9215342842701035,-0.3991243922468598,-0.9393037802918565,-1.740529786414748,2211,0.02677727606846582,0.1413945185340754,-0.00022861571600145235,-0.9558027717135255
20,200,0.0,0,0.0,1.5,1,-0.9231303363690493,-0.40159066491467477,-0.9459534275316056,-1.632919460002088,2562,0.03040008400714061,0.16423395988659037,-0.00016774585648292125,-0.956213351680582
20,120,0.0025,0,0.0,1.5,1,-0.9223955298748532,-0.40045017951796,-0.9382478580273058,-1.7534917519485282,2169,0.027276068465819595,0.13953061010185866,-0.00023787167009744925,-0.9572486961290393
30,60,0.0,0,0.0,1.5,1,-0.9220977405754305,-0.39999044245611826,-0.9431154752357258,-1.785809384645131,2145,0.028037383177570093,0.13509398298855402,-0.00024861372514838796,-0.9608386493062377
48,96,0.0025,0,0.0,1.5,1,-0.9248872855146454,-0.40435338294053114,-0.9421217543946099,-1.7281093626518298,2216,0.026724771605586475,0.14365221043788723,-0.0002308461164390059,-0.9618197282704276
48,60,0.0025,0,0.0,1.5,1,-0.9239023584476087,-0.40279834498333433,-0.9389321102973571,-1.7999475484975949,2064,0.027066050614302214,0.1326525254646645,-0.0002656968993367488,-0.9622617775568927
30,60,0.0025,0,0.0,1.5,1,-0.9242431245638899,-0.40333452761225774,-0.9418033729286518,-1.846130767589822,1995,0.028247401029087474,0.12632573768770344,-0.00028874747448595194,-0.9665427524560747
12,60,0.005,0,0.0,999.0,1,-0.9303076579643247,-0.413215620645106,-0.9451251419590077,-1.6623293325163724,2075,0.036123070460989185,0.13551401869158877,-0.0002673870900672896,-0.9688946582504284
48,200,0.0025,0,0.0,1.5,1,-0.9295951030563264,-0.41201978757804225,-0.9487395874528528,-1.6634626108597537,2507,0.03032132731282159,0.16195001575133885,-0.00018759105707838732,-0.9695627118474563
48,120,0.0,0,0.0,1.5,1,-0.9292534750866581,-0.41144988652638514,-0.947919991978415,-1.7036205088253753,2456,0.027617347474535335,0.1585109734327418,-0.00019679638441674925,-0.9705909079568615
48,200,0.0,0,0.0,1.5,1,-0.9309537879064017,-0.414308461705269,-0.9515427152635287,-1.6455546291755911,2687,0.03187020896776226,0.1734222408904757,-0.00016334709365453217,-0.972357550795813
48,120,0.0025,0,0.0,1.5,1,-0.9306222434167247,-0.41374668225611433,-0.9469384022548727,-1.750830261278491,2302,0.027302320697259266,0.14906017011445974,-0.00022757118338935557,-0.9747573964474752
12,200,0.0,0,0.0,1.5,1,-0.930929451435224,-0.41426715192907604,-0.9514600802431699,-1.7290978917619042,2537,0.029638769295390107,0.16147747558542477,-0.00019081098742126964,-0.9764520866387562
12,200,0.0025,0,0.0,1.5,1,-0.9318522867470453,-0.415841828403235,-0.9490749331077734,-1.7738516486235512,2357,0.028903706815079283,0.15055654730652104,-0.00022401648465544317,-0.9790718773882991
30,200,0.0,0,0.0,1.5,1,-0.9332303646295258,-0.41822536235769436,-0.9536605655917887,-1.705626264946198,2608,0.031135146487451432,0.16754174104798908,-0.00018194763044631905,-0.9803369584008986
30,200,0.0025,0,0.0,1.5,1,-0.9332622388652428,-0.41828095609185056,-0.9513563986581707,-1.7390022393869278,2427,0.029848787146907488,0.1563845426861283,-0.00021147220810990318,-0.9809092673902823
30,120,0.0,0,0.0,1.5,1,-0.9339269202339956,-0.41944513386885673,-0.950643889155543,-1.7932098763586264,2377,0.027066050614302214,0.15276173474745353,-0.00022427283997148098,-0.9844275722645595
30,120,0.0025,0,0.0,1.5,1,-0.9345029966195877,-0.4204617237989474,-0.9492427804253009,-1.8352583330558931,2223,0.026934789457103855,0.14338968812349048,-0.00025596568026140003,-0.9868460306643925
12,60,0.0025,0,0.0,999.0,1,-0.9426379557779162,-0.43564175719142584,-0.9547048177353834,-1.7573953033313283,2259,0.0364906017011446,0.14706500052504462,-0.00026308595515421416,-1.000863931225684
12,60,0.0,0,0.0,999.0,1,-0.9452314723247409,-0.44084345948542136,-0.9596087117672325,-1.7406980795495792,2445,0.0362018271553082,0.1582221988869054,-0.00023483527642943037,-1.0076827193465165
12,60,0.005,0,-0.2,999.0,1,-0.9501941880782607,-0.4513725288060031,-0.9582812923144405,-1.6104383709927352,2231,0.05150687808463719,0.1872834190906227,-0.00021911120971131846,-1.0110350935128603
12,96,0.005,0,0.0,999.0,1,-0.9492685652759815,-0.4493469239200717,-0.9586414818074438,-1.7930320847546937,2236,0.03593930484091148,0.14835135986558856,-0.00028256954771773443,-1.0183192690615284
30,96,0.005,0,0.0,999.0,1,-0.9541037649773714,-0.4602755481261397,-0.9608249073946368,-1.816454806212766,2327,0.035466764674997375,0.15701459624068045,-0.0002743570238255018,-1.0315107421340963
12,96,0.005,0,-0.2,999.0,1,-0.9577618451589786,-0.46917333824149754,-0.9631710115099206,-1.6318466390954578,2399,0.05100808568728342,0.20495117084952222,-0.00020736783247518077,-1.0323511759512307
20,60,0.005,0,0.0,999.0,1,-0.9531738904824545,-0.45810456760611884,-0.9621169266670396,-1.8857097814370785,2128,0.03717315971857608,0.13971437572193637,-0.00032698385728158446,-1.0334485200114925
48,96,0.005,0,-0.2,999.0,1,-0.9590918871710008,-0.4725616235125685,-0.9665966049197723,-1.5799130216035686,2557,0.049984248661136196,0.2242465609576814,-0.0001811254207412195,-1.034855577052633
12,120,0.005,0,0.0,999.0,1,-0.9551455030085444,-0.46274988881513357,-0.9620177748344532,-1.84251023939974,2316,0.03507298120340229,0.15499317441982569,-0.0002832300104615985,-1.0358842882023471
20,200,0.005,0,-0.2,999.0,1,-0.9602245425699263,-0.47551725722023197,-0.967613910707244,-1.5383320491099777,2722,0.05329202982253491,0.23837026147222515,-0.000161998561236693,-1.0362408150293527
12,60,0.0025,0,-0.2,999.0,1,-0.959109033088057,-0.4726058745203261,-0.9641877149528912,-1.691766981206344,2409,0.051716895936154576,0.20261472225139138,-0.00021505499322024805,-1.039288081057089
30,96,0.005,0,-0.2,999.0,1,-0.9603636620864462,-0.4758849116325746,-0.9653098832004776,-1.6258092837609712,2487,0.0504567888270503,0.2168434316916938,-0.00019658450283278523,-1.039830317420862
12,60,0.0,0,-0.2,999.0,1,-0.9601372719276557,-0.47528714970847796,-0.9674864687451121,-1.662709141057377,2603,0.0512181035388008,0.217867268717841,-0.00018966098302199803,-1.042165841133903
20,96,0.005,0,0.0,999.0,1,-0.9574306944094688,-0.46834302223541857,-0.9636470233916679,-1.8875173139640948,2276,0.03575553922083377,0.15289299590465188,-0.00029998595649041005,-1.0445423996294572
48,96,0.005,0,0.0,999.0,1,-0.9578625121451154,-0.46942677905942287,-0.9668838582662865,-1.8378359296362183,2397,0.03520424236060065,0.16263257376877036,-0.0002716611008456517,-1.044760504674377
48,120,0.005,0,0.0,999.0,1,-0.9585436760152901,-0.4711545321880597,-0.9679396406722688,-1.8149189516591429,2472,0.03646434946970493,0.1679880289824635,-0.0002583228359285621,-1.0458703001071512
48,60,0.005,0,0.0,999.0,1,-0.9585034897004518,-0.47105197284426903,-0.9646816463802711,-1.9033359726922414,2261,0.035519269137876716,0.1521316811929014,-0.0003071455353847598,-1.0485595946690167
12,120,0.005,0,-0.2,999.0,1,-0.9628511301993048,-0.4826395529119226,-0.9678154320520626,-1.6749323690826787,2484,0.04985298750393784,0.21382442507613147,-0.0002080247767528539,-1.050293887392088
48,120,0.005,0,-0.2,999.0,1,-0.963556654462899,-0.4846211297505907,-0.9702413505884764,-1.612566841864926,2631,0.05211067940774966,0.2316759424551087,-0.00018288490504652768,-1.050370147138075
12,96,0.0025,0,0.0,999.0,1,-0.9591220640010351,-0.47263951525450365,-0.9665792781267133,-1.8972945161531842,2430,0.03580804368371312,0.16061115194791556,-0.00027895088664006197,-1.0507938801255194
30,60,0.005,0,0.0,999.0,1,-0.9585752864494986,-0.4712352609499434,-0.9660131923844459,-1.9404139262027282,2187,0.036726871784101646,0.14530610101858657,-0.000330084606278216,-1.0512625534523028
12,96,0.0,0,0.0,999.0,1,-0.9597763613418705,-0.4743397902807098,-0.9691921928695117,-1.8611460280304892,2613,0.035466764674997375,0.1716108369211383,-0.0002477727553554176,-1.0519931881169902
48,200,0.005,0,0.0,999.0,1,-0.962430103051695,-0.48147133074404536,-0.9707518534004556,-1.7862146545794837,2667,0.03885330253071511,0.1808253701564633,-0.0002364687719539264,-1.0561579901732474
12,96,0.0,0,-0.2,999.0,1,-0.9648063029389949,-0.48820756292779777,-0.9700425144209784,-1.6612651670924878,2774,0.04980048304105849,0.23645384857712906,-0.00017631456860531372,-1.0562920784929115
20,60,0.0025,0,0.0,999.0,1,-0.9600071477638211,-0.47494479700741576,-0.9675527012151092,-1.9530290912181718,2305,0.03709440302425706,0.1510815919353145,-0.0003129004180291683,-1.056372602175879
20,60,0.005,0,-0.2,999.0,1,-0.96348704188409,-0.4844242541345065,-0.9693670731501356,-1.7493915045217203,2282,0.05289824635093983,0.19340018901606637,-0.0002488929599005688,-1.0565773659356603
20,200,0.005,0,0.0,999.0,1,-0.9617741905272957,-0.47967206759385916,-0.9706657144036799,-1.8421872783886044,2556,0.03775070881024887,0.1729497007245616,-0.00025587597214490925,-1.0571142887151292
20,200,0.0025,0,-0.2,999.0,1,-0.9664211352761204,-0.49299610821511264,-0.9712228549482332,-1.595769449999589,2951,0.05148062585319752,0.25966082116979944,-0.0001528983549608433,-1.0583960081892085
12,96,0.0025,0,-0.2,999.0,1,-0.9651291408765119,-0.4891506244827508,-0.9682587552233463,-1.7074139166313336,2584,0.05040428436417096,0.22135881549931744,-0.00020237336630120662,-1.0586506979259906
30,96,0.0025,0,0.0,999.0,1,-0.9620402773301504,-0.480398982457766,-0.9673422107477847,-1.9005767463351488,2525,0.034784206657565896,0.170193216423396,-0.0002656511046352848,-1.0590989251484157
48,60,0.005,0,-0.2,999.0,1,-0.965674667492248,-0.4907601871468922,-0.9690668136496401,-1.7280863314443176,2417,0.05037803213273128,0.2105691483776121,-0.00022560207411661504,-1.0616979105439281
12,200,0.005,0,-0.2,999.0,1,-0.9665017363978442,-0.4932399067207528,-0.9725108012785209,-1.6503384158134833,2692,0.05224194056494802,0.23411739997899822,-0.00018666544937988628,-1.0620122281506874
48,200,0.005,0,-0.2,999.0,1,-0.9677187899260458,-0.4969794731400077,-0.9724893409909225,-1.5846503404308774,2832,0.05470965032027723,0.2497112254541636,-0.0001680138746116266,-1.0624566606570127
20,120,0.005,0,-0.2,999.0,1,-0.966109430898098,-0.4920576624198556,-0.970293748166028,-1.7083314185783298,2531,0.050089257586894885,0.21973117715005774,-0.00020982777773716758,-1.0626211074317862
30,200,0.005,0,0.0,999.0,1,-0.9635031972409955,-0.48446991732320244,-0.9720532907337573,-1.8431752192194144,2599,0.038485771290559696,0.17599495957156358,-0.0002540200627976795,-1.0626553236510519
20,120,0.005,0,0.0,999.0,1,-0.962439466014926,-0.48149719599718477,-0.9685308945837873,-1.9383109734270503,2366,0.03502047674052294,0.15908852252441458,-0.00030031940046792516,-1.062678191960431
30,96,0.0,0,-0.2,999.0,1,-0.9670768421786461,-0.49499321305107047,-0.9709300065371314,-1.6568568868062183,2868,0.04854037593195422,0.24968497322272393,-0.00016746172435338732,-1.0633010606599471
20,60,0.0,0,0.0,999.0,1,-0.962325543772152,-0.481182834701267,-0.9710081218370279,-1.9425227029223766,2488,0.036700619552661976,0.16187125905701985,-0.0002850119695743885,-1.0638130307658997
30,96,0.0,0,0.0,999.0,1,-0.9635857802054113,-0.4847035913186418,-0.9702803662228022,-1.881989015662728,2707,0.03441667541741048,0.1811141447022997,-0.00024080377277400846,-1.0639432252131793
30,96,0.0025,0,-0.2,999.0,1,-0.9671426428097044,-0.49519537553190107,-0.9696293094690953,-1.6967196058747536,2679,0.04911792502362701,0.2347212013021107,-0.0001904880691243862,-1.0648460105601865
20,96,0.005,0,-0.2,999.0,1,-0.966314460429088,-0.49267416180370394,-0.9702508567759399,-1.7413599236875863,2443,0.050745563372886694,0.2110416885435262,-0.00022592407807218062,-1.064867586376053
20,200,0.0,0,-0.2,999.0,1,-0.9687735615264088,-0.5003127582962963,-0.9743077030998898,-1.5979170680450308,3173,0.05289824635093983,0.2774598340858973,-0.00013807383453939004,-1.0673624632484928
12,120,0.0025,0,0.0,999.0,1,-0.9639170443336966,-0.4856452070624412,-0.9692734465414141,-1.9458328277622912,2518,0.03473170219468655,0.16788302005670483,-0.0002782828134797468,-1.0675735717212629
48,96,0.0,0,-0.2,999.0,1,-0.9683874107224334,-0.4990821416026957,-0.9732688160941353,-1.6495606307581727,2959,0.04880289824635094,0.2588732542266093,-0.00015991660333599625,-1.0681945811876719
48,96,0.0025,0,-0.2,999.0,1,-0.9681155416841665,-0.4982229204815194,-0.9722015617569232,-1.6826193085348082,2765,0.04877664601491127,0.2435156988344009,-0.00018104309973518754,-1.0684546667867214
30,200,0.005,0,-0.2,999.0,1,-0.9685588588927521,-0.4996270339255039,-0.9742319382410846,-1.6355555268211746,2768,0.05434211908012181,0.24283314081696944,-0.00018068458967898448,-1.068520779387105
30,60,0.005,0,-0.2,999.0,1,-0.9670159439925224,-0.49480640034586576,-0.9709603888506737,-1.7842641145787153,2339,0.05203192271343064,0.2007770660506143,-0.0002483064658558839,-1.0694998005001384
20,96,0.0025,0,0.0,999.0,1,-0.964598995769881,-0.4876056274395363,-0.969644542403921,-1.9690796694694626,2467,0.03523049459204032,0.16538905806993595,-0.00028997465656528274,-1.07088188211497
20,60,0.0025,0,-0.2,999.0,1,-0.9676507868602093,-0.49676757547558814,-0.9711538015905894,-1.7853294844561898,2453,0.052399453953586056,0.208652735482516,-0.00023380378161850057,-1.0716109504936924
30,60,0.0025,0,0.0,999.0,1,-0.9644277031501783,-0.4871103871313789,-0.9710117450142306,-2.001462128063043,2366,0.036175574923868525,0.15704084847212013,-0.0003144092055030036,-1.0726893660416463
48,60,0.0025,0,0.0,999.0,1,-0.9650773508461262,-0.48899886846083307,-0.9701158578163936,-1.9753978260720293,2446,0.03475795442612622,0.16465399558962512,-0.00029501593363426715,-1.0728266886726314
20,96,0.0,0,0.0,999.0,1,-0.9655828956659439,-0.4904879919530254,-0.9719479987161106,-1.939985432100613,2647,0.03486296335188491,0.17620497742308097,-0.0002612514170201289,-1.0734612629161113
12,120,0.0025,0,-0.2,999.0,1,-0.9689317950720779,-0.5008205477075581,-0.9714432437091565,-1.7407589236088137,2679,0.048986663866428644,0.2311771500577549,-0.00020026772901526096,-1.073580115742577
12,120,0.0,0,0.0,999.0,1,-0.965708431239639,-0.4908604768876701,-0.9724095347532471,-1.931342268234412,2708,0.03457418880604851,0.1791189751128846,-0.00025266270839087944,-1.0736323576760143
20,60,0.0,0,-0.2,999.0,1,-0.9686567259734312,-0.4999391390087864,-0.973618725409187,-1.7595817053742875,2643,0.05163813924183556,0.22353775070881024,-0.00020913151605990514,-1.0747275869820943
30,120,0.005,0,-0.2,999.0,1,-0.9692342844306002,-0.5017970554659017,-0.9745823886575469,-1.7340778192446675,2568,0.05058804998424866,0.2244303265777591,-0.00021343016789884367,-1.0757921407569084
30,60,0.0,0,0.0,999.0,1,-0.9659790428179341,-0.4916671511339685,-0.973647306377958,-1.9811296061683246,2544,0.03580804368371312,0.16769925443662712,-0.0002856715511532744,-1.0775472846313638
48,60,0.0,0,0.0,999.0,1,-0.9666437153565617,-0.49367050160347425,-0.972486155936519,-1.9575802232981883,2625,0.034390423185970805,0.17546991494277014,-0.0002685916471363059,-1.0777925907366432
12,120,0.0,0,-0.2,999.0,1,-0.9701550957363562,-0.504817696077841,-0.9740379146356434,-1.7219217560968316,2876,0.04861913262627323,0.24661346214428226,-0.00018000410606492265,-1.0779327412005042
48,96,0.0025,0,0.0,999.0,1,-0.9668409620805024,-0.4942711526328293,-0.9732884570498016,-1.9508111144831806,2613,0.03460044103748819,0.17688753544051244,-0.0002678357320680741,-1.0784559368818891
48,120,0.0025,0,0.0,999.0,1,-0.9672767772203754,-0.4956084881580688,-0.9738355691432111,-1.9270352094857153,2705,0.035466764674997375,0.18316181875459414,-0.0002527844429808729,-1.0788780332039603
48,200,0.0025,0,0.0,999.0,1,-0.9683765008344418,-0.4990475481300679,-0.975807555346892,-1.848893112251484,2943,0.03806573558752494,0.19904441877559592,-0.0002177883988139522,-1.079395981416088
48,60,0.0,0,-0.2,999.0,1,-0.9704587593956908,-0.505830183335384,-0.9736599759701196,-1.736459394629333,2786,0.04856662816339389,0.24236060065105533,-0.0001894818775284442,-1.0794831410519103
30,60,0.0025,0,-0.2,999.0,1,-0.9699518988979382,-0.5041447815670066,-0.9728042944274446,-1.802634152394423,2511,0.0509293289929644,0.21658090937729707,-0.00022970392629136172,-1.0806786364004501
12,200,0.005,0,0.0,999.0,1,-0.9672952102639708,-0.4956653648026269,-0.9747760376067619,-1.9607911652847132,2524,0.03698939409849837,0.16987818964611992,-0.00028792589598651596,-1.0810929418702435
30,60,0.0,0,-0.2,999.0,1,-0.9703811461425966,-0.5055706131069133,-0.974564137843216,-1.7678118812646553,2697,0.050194266512653574,0.23133466344639295,-0.00020454146017962995,-1.081243276091754
48,60,0.0025,0,-0.2,999.0,1,-0.9705779559615204,-0.5062298892143415,-0.9728046358353122,-1.779352003833698,2598,0.04909167279218733,0.22755434211908013,-0.00021471543209221987,-1.0815998073236825
30,120,0.005,0,0.0,999.0,1,-0.9672112358771768,-0.495406462378013,-0.974217955092558,-1.9873149356907844,2409,0.035440512443557705,0.16276383492596871,-0.00031048656335558436,-1.0818811867088312
20,200,0.0025,0,0.0,999.0,1,-0.9683046428582627,-0.49881993641667777,-0.9754582368555638,-1.919308989482946,2797,0.03693688963561903,0.188622282894046,-0.00024247688448352992,-1.082514504318607
20,120,0.0025,0,-0.2,999.0,1,-0.9710725693440474,-0.5079024613966101,-0.9733971772391015,-1.7617243956647417,2728,0.04896041163498897,0.23787146907487136,-0.00019909259039388517,-1.0826872697993979
48,120,0.0025,0,-0.2,999.0,1,-0.9716391808495144,-0.5098468502679554,-0.9752728571555923,-1.7157687369747832,2856,0.05027302320697259,0.25231019636669116,-0.00018100984928344336,-1.0832717156944907
20,96,0.0,0,-0.2,999.0,1,-0.9712572296203976,-0.5085327707618181,-0.9745618102640934,-1.7540387424375754,2813,0.048986663866428644,0.2428856452798488,-0.00019066793613279514,-1.0835156130157435
20,96,0.0025,0,-0.2,999.0,1,-0.9709686950945163,-0.5075493158030603,-0.9731030694777769,-1.7902512850129706,2625,0.04964296965242045,0.22789562112779585,-0.00021450906563799015,-1.0836134147925973
48,96,0.0,0,0.0,999.0,1,-0.9684949309483292,-0.49942358248539576,-0.9755365628103296,-1.9377759091304039,2797,0.03452168434316917,0.18804473380237322,-0.0002446332318239737,-1.0840806593470809
48,120,0.0,0,-0.2,999.0,1,-0.9723106020136214,-0.5121915478117651,-0.9766228687318543,-1.6908652173374097,3061,0.05090307676152473,0.2683240575448913,-0.0001611419322322477,-1.0850462430445629
20,120,0.0,0,-0.2,999.0,1,-0.9722851547797297,-0.5121018577795784,-0.9757707917764278,-1.7443478054564447,2923,0.04854037593195422,0.25320277223564003,-0.00017988786799127892,-1.0872046439406144
48,120,0.0,0,0.0,999.0,1,-0.9694942202948144,-0.5026423445941721,-0.9765607413859192,-1.9261836856365533,2897,0.03591305260947181,0.19484406174524835,-0.00023257640693839763,-1.0872318995689594
12,200,0.0025,0,-0.2,999.0,1,-0.9725833483437158,-0.5131570198982913,-0.9760425907208542,-1.7226764853876722,2924,0.050771815604326365,0.25480415835346004,-0.00017880499552902444,-1.087312139528102
48,200,0.0025,0,-0.2,999.0,1,-0.9736131284429173,-0.5168729741177098,-0.9768209514266026,-1.6526509427860205,3100,0.05284574188806049,0.2742045573873779,-0.0001580160367596936,-1.087915996970312
20,120,0.0025,0,0.0,999.0,1,-0.9687995004605358,-0.5003958580267556,-0.9737847968216257,-2.018360199419754,2567,0.03457418880604851,0.17234589940144912,-0.0002887437314941425,-1.088206266408556
30,200,0.0025,0,0.0,999.0,1,-0.9705120041126057,-0.5060085709272579,-0.977394032997822,-1.9338279342900095,2848,0.03746193426441247,0.19229759529560012,-0.0002431279825361117,-1.0913969841406694
48,200,0.0,0,0.0,999.0,1,-0.9714554470325621,-0.5092129701093151,-0.9790154530782821,-1.8679701499371757,3160,0.039667121705344956,0.21298435367006197,-0.00020128591154848442,-1.092119204145315
12,200,0.0,0,-0.2,999.0,1,-0.973840519358384,-0.5177091080545374,-0.9783641270761008,-1.7086698656789248,3146,0.05166439147327523,0.2723406489551612,-0.00015970277089641814,-1.092324664876534
20,120,0.0,0,0.0,999.0,1,-0.9703514621992787,-0.5054714817670596,-0.976321004225333,-2.0029593225441342,2752,0.034364170954531134,0.18342434106899086,-0.00026370489783841697,-1.0937799500069327
20,200,0.0,0,0.0,999.0,1,-0.9711110203285115,-0.508033442047366,-0.9787376808089192,-1.9315153951080288,3014,0.03811824005040428,0.20166964191956316,-0.00022317848690075727,-1.093978052207227
48,200,0.0,0,-0.2,999.0,1,-0.9752777467185492,-0.5231327630341158,-0.9791826022864282,-1.650428147410897,3333,0.054840911477475586,0.2932636774125801,-0.00014182252950602038,-1.0952454715478748
30,120,0.0025,0,-0.2,999.0,1,-0.9741816265612261,-0.5189743538465025,-0.9772250841377248,-1.7945829143108811,2773,0.04901291609786832,0.2435419510658406,-0.0002031685071571521,-1.097316041630909
30,200,0.0025,0,-0.2,999.0,1,-0.9751043251584891,-0.5224651498618439,-0.9782584824864713,-1.7227098954823938,3012,0.05232069725926704,0.26496377192061327,-0.0001752202437624463,-1.0977298858791993
30,120,0.0,0,-0.2,999.0,1,-0.9746578036434207,-0.5207631566879611,-0.9782668304101222,-1.764670597114917,2969,0.04901291609786832,0.25918828100388536,-0.00018143329076215507,-1.0981301017487681
30,200,0.0,0,0.0,999.0,1,-0.9726626360875513,-0.5134391249050687,-0.9800449829611584,-1.9359098397089902,3067,0.03882705029927544,0.20573873779271237,-0.00022140699225937623,-1.1002571083710975
30,200,0.0,0,-0.2,999.0,1,-0.9763437778860099,-0.5273209754290651,-0.9802365739166685,-1.711815029291534,3237,0.05402709230284574,0.2832615772340649,-0.0001568475437673902,-1.103030013851976
30,120,0.0025,0,0.0,999.0,1,-0.972972030254317,-0.5145462449704021,-0.9781029822774315,-2.0691079753405255,2621,0.03452168434316917,0.17691378767195212,-0.00029715163242924043,-1.1070531348761443
12,200,0.0025,0,0.0,999.0,1,-0.9739483762254402,-0.5181077402837719,-0.9796414318292194,-2.060708565093665,2764,0.03638559277538591,0.18513073611256955,-0.0002779598316555586,-1.110963884453065
30,120,0.0,0,0.0,999.0,1,-0.9748250659910672,-0.521397874807985,-0.9803401647654231,-2.0657410798779425,2808,0.03454793657460884,0.1883335083482096,-0.00027437685717120473,-1.1148550111845936
12,200,0.0,0,0.0,999.0,1,-0.9756570281723338,-0.5246060236074579,-0.9821099375165875,-2.0548854875906475,2978,0.03714690748713641,0.19807308621232805,-0.0002530215062730644,-1.118405266745284
