ema_fast,ema_slow,trend_threshold,use_macd,volume_filter,funding_z_cap,allow_short,total_return,annual_return,max_drawdown,sharpe,trades,long_trades,short_trades,exposure,abs_exposure,long_exposure,short_exposure,long_total_return,short_total_return,avg_bar_return_when_in_position,score
20,200,0.01,0,-999.0,1.5,1,2.791050086747525,0.39600901147054923,-0.35680111669340464,1.0379898911591023,309,182,127,0.055028277969186766,0.3357927582396152,0.19541051810440097,0.1403822401352142,3.1051378347553573,0.07782203067091875,0.00018164597052648817,0.26950794768180203
12,200,0.01,0,-999.0,1.5,1,2.605734473232605,0.3786033120494052,-0.37825287135418695,1.0109926231566133,312,183,129,0.05463823701488656,0.33091724631086267,0.1927777416628746,0.13813950464798805,2.7049573542195575,0.1375681157341888,0.00017909351149365135,0.24002650753014243
48,200,0.01,0,-999.0,1.5,1,2.27073838664431,0.34535786312888184,-0.39331192540192084,0.938883400181844,312,185,127,0.055028277969186766,0.34801404147435483,0.2015211597217708,0.14649288175258401,2.590256035059499,0.06484714157406013,0.00016327922876376697,0.19564607043701362
48,120,0.01,0,-999.0,1.5,1,2.066861505474179,0.32385472987053454,-0.3553474548281792,0.9148940186570329,302,181,121,0.052818045894818956,0.32799193915361113,0.19040499252421506,0.13758694662939608,2.7783286246888315,-0.05596237696184658,0.0001638589863389694,0.1919257033892966
30,96,0.01,0,-999.0,1.5,1,2.2299555962854702,0.34113853063810207,-0.40210975228812684,0.9621820612188292,307,180,127,0.051972957160501855,0.30660469349281677,0.1792888253266593,0.12731586816615745,3.222325376831705,-0.10808035611442379,0.00017851064982342125,0.1881927575549801
30,200,0.01,0,-999.0,1.5,1,1.9454310418657226,0.31053309417620456,-0.35559029052708124,0.8827384559936025,314,184,130,0.054735747253461614,0.34141584866410973,0.19807579795878566,0.14334005070532405,2.4147513064020543,0.009232122520749453,0.00015545234876879473,0.17687487171234406
48,96,0.01,0,-999.0,1.5,1,2.1252027906857727,0.3301148613729876,-0.4168657614319299,0.9330829917149888,303,178,125,0.0512903854904765,0.31768835727751416,0.18448937138399532,0.1331989858935188,3.2394471131122824,-0.1422098597187258,0.00017002251464143673,0.1683361302427721
12,96,0.01,0,-999.0,1.5,1,1.9534665074599338,0.31142722587506366,-0.39560171538460265,0.9145255028520232,314,181,133,0.052525515179093804,0.28999544952219986,0.1712604823506468,0.11873496717155302,3.0077109322163222,-0.1377425677834413,0.00017760394088179365,0.1593526433253635
48,96,0.01,0,-999.0,999.0,1,2.2312135256438252,0.34126926955578263,-0.46401337978889734,0.8849910494206533,84,43,41,0.07157251511408698,0.39485145940323735,0.23321198725866216,0.1616394721445752,3.80119947084156,-0.29812327917974546,0.00014258036975897974,0.15351213213236664
20,200,0.01,0,-999.0,999.0,1,2.5319495541829253,0.3714861551037272,-0.5350330361565216,0.9227929761050383,80,43,37,0.07443281544562179,0.4161086914125983,0.24527075342911006,0.17083793798348826,3.5986562140576455,-0.20060823159303087,0.00014402152575483288,0.15010928583071828
30,96,0.01,0,-999.0,999.0,1,2.1970491241180197,0.33770486089966556,-0.496002706722078,0.883467945467841,99,51,48,0.07108496392121173,0.38162257036988884,0.22635376714555028,0.15526880322433856,3.9723405236869924,-0.32439726431985094,0.0001462481488064604,0.1338769048120186
48,120,0.01,0,-999.0,999.0,1,2.126203501420897,0.3302214724462056,-0.49557700896858803,0.8635700900265219,75,42,33,0.07368523694987973,0.40658519144510175,0.24013521419749073,0.166449977247611,3.009805250093689,-0.1905610830379426,0.00013658492372966156,0.12561147246323767
20,120,0.01,0,-999.0,1.5,1,1.8887569735470833,0.3041742995103889,-0.46639601807269426,0.8898337352482112,311,180,131,0.052167977637651956,0.311545212247286,0.18185659494246895,0.129688617304817,3.108156372130753,-0.1784883596769814,0.0001646132953468569,0.1154679772364523
12,96,0.01,0,-999.0,999.0,1,1.9497140793676513,0.31100990858067235,-0.4836550271815623,0.8460936720004142,125,62,63,0.07017486836117792,0.36004030423194433,0.21510758629656113,0.1449327179353832,3.8963699779059686,-0.35870790287968213,0.00014736834403394404,0.11148707858991191
20,96,0.01,0,-999.0,1.5,1,1.8405362307241058,0.29868990227313685,-0.4634163628823956,0.885717697787815,311,178,133,0.05226548787622701,0.2982513163882208,0.17525840213222388,0.12299291425599689,3.0035006990771977,-0.17108479685142353,0.0001689492644155275,0.1112676057213298
12,200,0.01,0,-999.0,999.0,1,2.0162077369299314,0.31834666228654385,-0.5191380197542536,0.8434971473484855,90,50,40,0.07352271988558799,0.4099980497952285,0.24176038484040824,0.16823766495482026,2.8193113550208624,-0.17391578296993282,0.00013361825366239153,0.10095250977684134
48,96,0.01,0,-999.0,2.5,1,1.6804079491062365,0.27996168352689477,-0.449562539329901,0.804591844301909,206,126,80,0.061691477605148544,0.36871871546512386,0.2152050965351362,0.15351361892998766,4.151387327240078,-0.4232066954418259,0.0001363963595742143,0.09541000607703973
12,96,0.0,0,-999.0,1.5,1,1.4478915768736345,0.25121310292614796,-0.3916803839809019,0.7729791069091065,445,240,205,0.04563479165312358,0.3854254696743158,0.21553013066371968,0.1698953390105961,3.6939168869028602,-0.348504424900264,0.00012739150956171975,0.09402186628115235
12,200,0.0,0,-999.0,1.5,1,1.6462095192797652,0.2758537380584609,-0.4493992174696796,0.8013880842789605,454,253,201,0.04911265682896704,0.4484495872066567,0.24878112201781186,0.19966846518884482,2.9118223091836817,-0.1511037597969347,0.00011889729541329766,0.09122353353756915
30,120,0.01,0,-999.0,1.5,1,1.6236478934141667,0.273121776324186,-0.4482944821347836,0.8253371843456913,305,178,127,0.05275303906910225,0.3181109016446727,0.18543197035688747,0.1326789312877852,2.756196888984394,-0.18641361365293418,0.00015196865521496553,0.09024139447407875
48,60,0.01,0,-999.0,999.0,1,1.8406167958979873,0.2986991233744827,-0.5033402982311266,0.8234352539207933,105,53,52,0.07121497757264512,0.3695963076122993,0.22040564259247222,0.14919066501982708,3.6401050367331917,-0.35480498792796844,0.00014007091848005265,0.08820073695495906
48,60,0.01,0,-999.0,1.5,1,1.607365164982283,0.2711391572849009,-0.4503724266816075,0.8320390472307543,305,178,127,0.0516804264447767,0.29630111161671974,0.17399076903074823,0.12231034258597152,2.711158342560817,-0.18165045398862767,0.0001601927777671628,0.08755489630563487
20,200,0.005,0,-999.0,1.5,1,1.507999930992309,0.2588347694934223,-0.43194719924859015,0.7774405710838754,372,211,161,0.05278554248196061,0.38815575635441724,0.22047064941818892,0.16768510693622832,2.683349477842177,-0.1798683572329559,0.00012776149165191208,0.08173319842332102
20,120,0.01,0,-999.0,999.0,1,1.7722185546087688,0.2907990100920139,-0.5011237852126129,0.8069626330019148,100,52,48,0.07072742637976988,0.3876357017486836,0.22918156406422674,0.15845413768445687,3.864052269817555,-0.4008309287355021,0.00013237155842864198,0.0805852491358032
20,200,0.01,0,-999.0,2.5,1,1.8351204964252061,0.2980695933718964,-0.5214644677993037,0.8278944102140251,210,127,83,0.0651043359552753,0.38883832802444257,0.22697133198985894,0.16186699603458363,3.986628243696929,-0.3684949121974348,0.0001361814162147575,0.07873207998294585
48,200,0.01,0,-999.0,999.0,1,2.103777970365052,0.3278261971383276,-0.5860605926079866,0.8502260566897306,71,39,32,0.07531040759279724,0.4303126828316973,0.2528115452122473,0.17750113761945005,2.877011226268732,-0.17050285130509268,0.00013108336058633468,0.07730720366882085
20,96,0.01,0,-999.0,999.0,1,1.8404382974425917,0.2986786930379133,-0.5260320843304465,0.8234646681360752,115,56,59,0.06984983423259442,0.37096145095235,0.22040564259247222,0.15055580835987778,3.91781625418451,-0.3882256851424012,0.00013996995783140145,0.07683588427949381
12,200,0.005,0,-999.0,1.5,1,1.4658361056546791,0.253503001383494,-0.440065161825266,0.769913894435535,374,211,163,0.05226548787622701,0.3821101215627641,0.21718780471949556,0.16492231684326855,2.3447950041089505,-0.11115081268397986,0.0001278394371809303,0.07196611519263776
30,200,0.01,0,-999.0,999.0,1,1.8399803193566933,0.2986262699939828,-0.5353439096146559,0.8091139718827576,77,40,37,0.07488786322563869,0.42280439446141843,0.24884612884352858,0.17395826561788988,2.8186209055005755,-0.22708220957632674,0.00012561169080510022,0.0714100137807927
20,200,0.0,0,-999.0,1.5,1,1.539665838219019,0.2627950226108704,-0.4645323655894783,0.7756992965963933,446,248,198,0.04927517389325879,0.4564779301826692,0.252876552037964,0.2036013781447052,3.3405489557469092,-0.2686861341995581,0.00011415374378729712,0.06931380464595091
30,96,0.01,0,-999.0,2.5,1,1.5032680262402174,0.2582397660235085,-0.47807836634897927,0.7697340232681136,220,133,87,0.06159396736657349,0.35542481960605865,0.20850939348631606,0.14691542611974256,4.059957180955669,-0.44773839513700964,0.00013489340398871824,0.05768728401242456
20,200,0.0025,0,-999.0,1.5,1,1.419068099959825,0.24750846152062933,-0.45533195717466446,0.7516166144127637,410,227,183,0.04748748618604953,0.42589221868296173,0.23668985243450563,0.1892023662484561,2.8578168267101147,-0.23023329002753012,0.00011637496785541725,0.05742331365393529
30,96,0.0,0,-999.0,1.5,1,1.3235635612496583,0.23499193255670314,-0.4326994930712674,0.736464879115125,428,237,191,0.04231944354157186,0.4079828381980108,0.22515114086979132,0.18283169732821947,3.6616200516973727,-0.3825810631602484,0.00011684031214702553,0.05546542997682568
30,60,0.01,0,-999.0,1.5,1,1.397765428548139,0.24474913594308423,-0.45786426108449796,0.7846820728879876,314,179,135,0.05320808684911916,0.28105701098615354,0.16713254891763635,0.1139244620685172,2.807340402821904,-0.2631378107575877,0.00015829097033052592,0.055051109045234636
12,120,0.01,0,-999.0,999.0,1,1.6820380515931386,0.2801565095381682,-0.5309550912671774,0.7912050104831088,113,55,58,0.06923226938828576,0.3779496847168953,0.2235909770525905,0.15435870766430476,4.023582494615573,-0.4350693062503721,0.00013289017990454998,0.054239214428734896
12,200,0.0025,0,-999.0,1.5,1,1.3260377978291777,0.23532102086301565,-0.43804529319564656,0.7313283504569272,419,233,186,0.047454982773191184,0.41838393031268284,0.232919456542937,0.1854644737697458,2.3849327106700233,-0.15262787063502492,0.00011517194805962532,0.05286479178803873
48,120,0.01,0,-999.0,2.5,1,1.4990559296719543,0.2577094150146251,-0.4881278493140133,0.7620021834530196,201,127,74,0.06403172333094975,0.3800299031398297,0.22203081323538973,0.15799908990443998,3.284915193463207,-0.355101664869092,0.00012730913623556746,0.0517455995302694
12,120,0.01,0,-999.0,1.5,1,1.6706001252769318,0.2787875968168525,-0.539319688427814,0.8433773475412221,314,177,137,0.05184294350906845,0.30432945459273225,0.17808619905090034,0.12624325554183188,3.288863207571409,-0.27143558437134085,0.00015975948793085697,0.05129661998000662
12,96,0.01,0,-999.0,2.5,1,1.3037716336097485,0.2323499868592156,-0.4544572929842795,0.7272408593423572,238,137,101,0.060846388870831436,0.3344601183124228,0.1976532535916271,0.13680686472079567,3.9299750108174383,-0.4736329725508106,0.00013448420584743215,0.041483383334193706
12,200,0.01,0,-999.0,2.5,1,1.4145323770963047,0.2469224821895073,-0.5045364382568222,0.741918482426382,219,133,86,0.0643242540466749,0.3827276864070727,0.22352597022687382,0.15920171618019893,3.121620706950237,-0.34636974169496215,0.0001246392236659814,0.031750187182415325
20,96,0.01,0,-999.0,2.5,1,1.2362934252448499,0.2232126970017303,-0.4547765011522399,0.7082766456834321,232,134,98,0.060553858155106284,0.3448937138399532,0.20272378599752974,0.14216992784242347,3.983450046129515,-0.49604769454412123,0.00012807205864694116,0.031238278709781957
30,120,0.01,0,-999.0,999.0,1,1.5014515015010317,0.25801112694266815,-0.5336271640281344,0.7504992826976954,85,44,41,0.07219007995839563,0.3955340310732627,0.23386205551582917,0.16167197555743354,3.2637273056708684,-0.38784021232775645,0.00012159896979885206,0.02872250906348573
30,60,0.01,0,-999.0,999.0,1,1.5072716186705057,0.2587432442110116,-0.5476043220441722,0.7602418199828973,130,60,70,0.07101995709549502,0.35061431450302283,0.21081713579925893,0.1397971787037639,3.604691940028456,-0.4189185588130555,0.00013582930739016656,0.02295317418807035
48,60,0.01,0,-999.0,2.5,1,1.2069134714233019,0.21916964721033394,-0.4626535545627658,0.7006549222943693,221,132,89,0.06146395371514009,0.3436585841513359,0.202561268933238,0.1410973152180979,3.728957264655107,-0.4787795366233373,0.0001267958464190982,0.022875616043669507
12,96,0.0025,0,-999.0,1.5,1,1.1123805075720168,0.20588068061740028,-0.4368740252415091,0.6876722513194699,416,226,190,0.04615484625885718,0.3585126438276019,0.20233374504322954,0.15617889878437236,3.017020965186191,-0.3525236705771819,0.00012124962018695353,0.021827280562619227
12,96,0.0,0,-999.0,999.0,1,1.4931942146588515,0.2569702419208404,-0.5571863601323624,0.7431048320256807,192,91,101,0.060326334265097835,0.47968536696353115,0.2700058506143145,0.20967951634921667,4.551948170988178,-0.5056740563743236,0.00010571739453615454,0.015532303455943204
48,200,0.005,0,-999.0,1.5,1,1.1041459084263296,0.2047021383994081,-0.45148943846504386,0.6709378381121482,379,217,162,0.054410713124878114,0.408372879152311,0.23139179613859456,0.17698108301371643,2.376539807206725,-0.24677736289087038,0.0001096075074425308,0.012504311072493578
30,96,0.005,0,-999.0,1.5,1,1.2195610619382062,0.22091503030238746,-0.49217145757474823,0.7173022360083857,366,207,159,0.04716245205746603,0.3500292530715725,0.19859585256451928,0.15143340050705323,3.0101236210124203,-0.33533149230673276,0.00012663650690187614,0.010694413315432631
20,96,0.0,0,-999.0,1.5,1,1.0600222702479574,0.19832754692248344,-0.44759596571092297,0.6677938225038833,438,235,203,0.04452967561593967,0.39595657544042123,0.22024312552818046,0.17571344991224078,3.258394092669863,-0.39777283470104463,0.00011014065644895532,0.007919255192216125
20,120,0.01,0,-999.0,2.5,1,1.2181383768263694,0.22071907075362707,-0.4966474647135317,0.7007851142290464,222,133,89,0.06146395371514009,0.36114542026912827,0.21130468699213417,0.1498407332769941,3.9637221548989947,-0.5006559088331537,0.00012227582094403183,0.0074345941083135345
30,96,0.0025,0,-999.0,1.5,1,1.0137798296144718,0.19153603685080678,-0.43395559762457747,0.6547322838496924,399,222,177,0.043002015211597217,0.38149255671845544,0.21224728596502632,0.1692452707534291,2.9761982977218824,-0.3816884369442095,0.00011057619659506741,0.007294852231002666
12,96,0.005,0,-999.0,1.5,1,1.2111086951737127,0.21974942247475449,-0.5033925269220231,0.7200769755170107,377,209,168,0.04862510563609179,0.3301696678151206,0.1893973867256062,0.1407722810895144,2.9270232584363107,-0.3201210394207137,0.00013289643309777774,0.004057007789593482
30,200,0.01,0,-999.0,2.5,1,1.2233671189669368,0.2214388111500467,-0.522631020774439,0.6943230234943834,209,126,83,0.0652993564324254,0.3954040174218293,0.23035168692712735,0.16505233049470194,3.047951552856505,-0.3902230613004668,0.00011468270867003658,-0.0051605480624536265
48,200,0.01,0,-999.0,2.5,1,1.3486922230012097,0.2383220600629079,-0.5752763451282354,0.7208590429802437,204,125,79,0.06578690762530065,0.40310732626925827,0.23444711694727946,0.1686602093219788,3.104619791254458,-0.36633124961864305,0.00011800258579657088,-0.013273160352197631
48,96,0.0,0,-999.0,1.5,1,1.0114724817030534,0.19119411267121889,-0.47453399198649526,0.6485175745175433,426,235,191,0.041929402587271666,0.42429955145290255,0.2331144770200871,0.19118507443281543,3.67235612406693,-0.4672713949265258,0.00010249222478985675,-0.013647004596151577
12,120,0.0,0,-999.0,1.5,1,1.1540298044825694,0.21178935348846406,-0.5206777244583218,0.6929235650555131,452,242,210,0.043749593707339274,0.4036273808749919,0.22368848729116558,0.1799388935838263,4.0061444407518,-0.4605844885516037,0.00011263667383657897,-0.013903330487921202
20,120,0.0,0,-999.0,1.5,1,1.0609587512532928,0.19846389956041754,-0.4914287229577249,0.6652055822567668,437,237,200,0.042611974257297014,0.41503607878827276,0.22882402652278488,0.18621205226548787,3.4301731814512184,-0.42115048789259235,0.00010608098539550421,-0.01399018280560655
30,96,0.0,0,-999.0,999.0,1,1.3272762448364,0.23548564320322152,-0.5776493993372209,0.705617953154881,149,73,76,0.05762855099785477,0.5093609829032049,0.28349476695052983,0.22586621595267503,4.318753172881955,-0.5285874606196312,9.51277052493859e-05,-0.018058158807644893
30,60,0.01,0,-999.0,2.5,1,0.9610740094744532,0.183651175687656,-0.46719431774753206,0.6357788980371791,241,134,107,0.062114021972307094,0.32526165247350974,0.19368783722290842,0.1315738152506013,3.6875433035383303,-0.5280518764236384,0.00012166338535595402,-0.01815703828425109
30,200,0.005,0,-999.0,1.5,1,0.9051498698423213,0.1751091778311975,-0.46335792527814157,0.6166886660042066,379,213,166,0.05330559708769421,0.39641162322043816,0.2248586101540662,0.17155301306637197,2.2519662839628642,-0.2918871148754669,0.00010355910206174102,-0.02573535150766295
48,200,0.0,0,-999.0,1.5,1,1.0851227296721286,0.20196624695044663,-0.5272747904860431,0.6608144493087513,450,249,201,0.05171292985763505,0.48381330039654163,0.26776311512708834,0.2160501852694533,3.219540434267592,-0.38111897804297834,9.633243715436234e-05,-0.028630425827137353
48,120,0.0,0,-999.0,1.5,1,0.8750556699814345,0.17043447036745807,-0.465343622621889,0.6064233692160446,425,236,189,0.04465968926737308,0.4411363193135279,0.2428980042904505,0.19823831502307743,3.173950830535718,-0.44438048042436884,9.433621739012817e-05,-0.031916172482684205
12,120,0.0,0,-999.0,999.0,1,1.1965223748580884,0.2177300431980731,-0.5684545887072101,0.6773608136199786,180,87,93,0.057693557823571474,0.5026652798543847,0.28017941883897807,0.22248586101540663,4.644609491620871,-0.5742074993189357,9.325283442107769e-05,-0.03262921047453302
30,120,0.0,0,-999.0,1.5,1,0.887866480361239,0.17243127362921662,-0.47791211268361444,0.6122898877299068,428,237,191,0.04277449132158877,0.42501462653578626,0.23389455892868752,0.19112006760709874,3.1584422828280543,-0.4376549727595289,9.738508089231955e-05,-0.03591028832609526
12,120,0.01,0,-999.0,2.5,1,1.0551989137869913,0.1976245241038852,-0.5347991793395941,0.6591259716291623,229,131,98,0.059903789897939284,0.3518494441916401,0.2058766170447897,0.14597282714685042,4.114548168133174,-0.5494056491380406,0.00011813678339587635,-0.03681876698445372
30,200,0.0,0,-999.0,1.5,1,0.8581442794169227,0.16778279320514677,-0.4700839189426591,0.599168343171509,453,248,205,0.050087759214717545,0.46697653253591626,0.2585321458753169,0.20844438666059936,2.8984792019806576,-0.4021716429282701,9.076507644837983e-05,-0.03730074910760733
48,120,0.005,0,-999.0,1.5,1,0.9284313943919456,0.17868779861659334,-0.49858783480857394,0.6267109889096247,363,209,154,0.04846258857180004,0.37635701748683614,0.21240980302931808,0.16394721445751803,2.4870008622029554,-0.33687362850590263,0.00010788936479690319,-0.03927056934221239
30,120,0.01,0,-999.0,2.5,1,0.9863241977998531,0.1874482047748811,-0.5208673054047596,0.6374214040951233,210,127,83,0.06289410388090749,0.3686862120522655,0.2157901579665865,0.152896054085679,3.510340300810947,-0.5108375092337232,0.00011041984682266825,-0.041114377722742505
48,200,0.0025,0,-999.0,1.5,1,0.9319593133107813,0.17922724779199606,-0.5094596522938557,0.6204296879126032,418,231,187,0.04904765000325034,0.451634921666775,0.2503412858350127,0.20129363583176232,2.662550899673015,-0.34986349349868207,9.569291578435577e-05,-0.04448109395930163
20,120,0.0025,0,-999.0,1.5,1,0.8528326492117277,0.16694620590801623,-0.48965028509995356,0.604542498022645,407,222,185,0.04309952545017227,0.3878957290515504,0.21549762725086133,0.17239810180068907,2.8795584922947284,-0.41459703203346854,0.00010239021202115053,-0.0476518117408283
48,96,0.005,0,-999.0,1.5,1,0.9875714054212243,0.18763481526057046,-0.5359034937464078,0.6469075065528682,361,205,156,0.04547227458883183,0.36329064551777934,0.2043814600533056,0.15890918546447377,2.8266224336436014,-0.37781879904182925,0.00011326703920523136,-0.04797155628499001
20,96,0.0025,0,-999.0,1.5,1,0.8499752597887504,0.1664954201313842,-0.49607865514009963,0.6056737277209219,409,221,188,0.04508223363453163,0.36901124618084896,0.20704673990769032,0.16196450627315867,2.7236055292218673,-0.39041020742309906,0.00010644981023910226,-0.051260221052619535
12,200,0.0,0,-999.0,999.0,1,1.1663913697102304,0.21352656116211421,-0.6023351994659425,0.6671597478953684,151,82,69,0.0647793018266918,0.5567509588506793,0.3107651303386856,0.24598582851199377,2.8385462643778125,-0.391350077596089,8.497827511804656e-05,-0.054283051176088615
12,60,0.01,0,-999.0,1.5,1,0.967218435303121,0.18457851053470375,-0.5451726049192377,0.6663364942981325,339,193,146,0.05343561073912761,0.263927712409803,0.1586816615744653,0.10524605083533771,2.43095570417308,-0.32068876305488336,0.00014239293989458027,-0.05469096721000847
30,200,0.0025,0,-999.0,1.5,1,0.7217131563721855,0.14570039654090605,-0.45929149634445277,0.5574125540096694,418,228,190,0.047780016901774684,0.4359357732561919,0.24185789507898328,0.19407787817720862,2.391002700682996,-0.37421822811660244,8.935500165315145e-05,-0.05607472393083686
20,60,0.01,0,-999.0,1.5,1,0.8803298563591253,0.17125778524742952,-0.518887554704039,0.6315736617140568,326,186,140,0.05411818240915296,0.2713059871286485,0.16271208476890073,0.10859390235974778,2.16190521918581,-0.30000828717556416,0.00013393578340555412,-0.05660730901888715
48,60,0.0,0,-999.0,1.5,1,0.7960449172041728,0.15788773337568962,-0.4889173688437193,0.5861609334494737,425,234,191,0.04404212442306442,0.3934538126503283,0.21874796853669634,0.17470584411363194,3.0461883273678643,-0.4509881002328271,9.903486245867558e-05,-0.05726290437369633
20,200,0.0,0,-999.0,999.0,1,1.1724346755940331,0.21437314169212085,-0.6121884701560447,0.6679118341818174,131,69,62,0.06526685301956706,0.5675745953325099,0.3164207241760385,0.2511538711564714,3.5004371946302673,-0.4845988023436525,8.349811947179021e-05,-0.05832550167681064
12,120,0.0025,0,-999.0,1.5,1,0.8799477628358567,0.17119819761374644,-0.5226204927469107,0.6144347788480673,421,226,195,0.04394461418448937,0.37632451407397777,0.21013456412923356,0.1661899499447442,3.3175882282077884,-0.46253967334212165,0.0001067380412324527,-0.059390309817305545
20,120,0.005,0,-999.0,1.5,1,0.9665291565814675,0.18447459077974426,-0.5594315996834771,0.642944443121002,370,206,164,0.04748748618604953,0.3558148605603588,0.20165117337320418,0.15416368718715465,2.846842183435702,-0.38487894602157147,0.00011403936657290656,-0.0630939869059442
20,96,0.0,0,-999.0,999.0,1,1.003324906229932,0.18998437222611875,-0.5781943250484978,0.6315547324503576,175,82,93,0.05870116362218033,0.49379184814405513,0.2762465058831177,0.21754534226093739,3.974357676123713,-0.5604334346481046,8.834506652301914e-05,-0.06753505367561224
48,96,0.0,0,-999.0,999.0,1,1.0453504974707561,0.19618522950014006,-0.5925946745621617,0.6402899708772597,132,65,67,0.05896119092504713,0.529610609113957,0.29428590001950206,0.2353247090944549,4.0993386880628275,-0.5715259871601264,8.40556916101695e-05,-0.06809760923707783
12,96,0.0025,0,-999.0,999.0,1,1.006758203667236,0.19049459217634301,-0.5810346132788176,0.6340658398023719,177,85,92,0.06214652538516544,0.4462718585451472,0.25420919196515634,0.1920626665799909,3.888676461856832,-0.5515144812640629,9.615130440412588e-05,-0.06831942247294717
48,60,0.0,0,-999.0,999.0,1,0.9995552216938062,0.18942340646658362,-0.581347341743039,0.6305060661844754,155,74,81,0.06039134109081454,0.4925567184554378,0.2764740297731262,0.21608268868231165,3.8779753091377644,-0.5570445551560292,8.791769416347969e-05,-0.06972496109571213
20,96,0.005,0,-999.0,1.5,1,0.9020511643855893,0.17463040528102147,-0.5546755217674402,0.6252162222581946,373,205,168,0.04826756809464994,0.33962816095690046,0.1939478645257752,0.14568029643112526,2.6081757631606473,-0.3647412045599583,0.00011527661243747763,-0.07144654448978888
48,120,0.0,0,-999.0,999.0,1,0.9820734716794355,0.18681153936492634,-0.5789498016892887,0.6243346033068388,119,62,57,0.06253656633946564,0.5499577455632841,0.3062471559513749,0.24371058961190925,3.2712800274667444,-0.5074972181267948,7.971779895157272e-05,-0.07144663131437606
12,96,0.0,0,-999.0,2.5,1,0.8183649993546376,0.16147337484032076,-0.5259215423447872,0.5864639880283951,342,183,159,0.049990248976142494,0.44445166742507963,0.24722095820061107,0.19723070922446856,4.912098882427223,-0.6350592982803618,9.165340030645468e-05,-0.07216419693065307
48,96,0.0025,0,-999.0,1.5,1,0.7832200743248241,0.1558123327930383,-0.5152775378269481,0.5802813944515162,396,219,177,0.042059416238705065,0.39758174608333874,0.2198205811610219,0.17776116492231683,2.98770906916422,-0.4548785258848418,9.739313559739339e-05,-0.07281236639785993
30,60,0.01,0,-999.0,0.75,1,0.7087010406040604,0.14352655895433752,-0.5022854733722676,0.5953111699907311,357,201,156,0.04231944354157186,0.18734967171553013,0.11483455762855099,0.07251511408697914,1.3344347504726706,-0.12496525826638494,0.00016529381683035797,-0.07785061923225972
48,120,0.0025,0,-999.0,1.5,1,0.6707672997551557,0.1371176094211528,-0.48425871671674403,0.5414993751272186,397,222,175,0.04394461418448937,0.413573425209647,0.2287590196970682,0.18481440551257883,2.5298919751731126,-0.4227239160274582,8.955525907848248e-05,-0.07793678018085828
12,120,0.005,0,-999.0,1.5,1,0.9794359458606507,0.1864159811615238,-0.5938640953754253,0.6485139662775764,380,207,173,0.04716245205746603,0.3462588571800039,0.19671065461873496,0.14954820256126894,3.1419672544188906,-0.42207513671002816,0.00011760582317131225,-0.07809036821231002
12,60,0.01,0,-999.0,999.0,1,1.022452328683114,0.19281858751856906,-0.6067606422406313,0.6481377164702117,171,83,88,0.07160501852694533,0.32779691867646105,0.19970096860170317,0.12809595007475785,3.078112402458375,-0.45979255381692685,0.00012286340196331145,-0.078154847778236
20,60,0.01,0,-999.0,0.75,1,0.6485787635772899,0.13331811049608633,-0.48399695429254785,0.5725473660915601,355,202,153,0.04335955275303907,0.1821491256581941,0.11275433920561659,0.06939478645257752,1.2675288540308087,-0.13171274214783435,0.00016163123837602852,-0.0800529983456096
12,96,0.01,0,-999.0,0.75,1,0.6884207870948784,0.14011361072854944,-0.4997719860643307,0.5845240333229441,361,204,157,0.04316453227588897,0.19261522459858285,0.1178898784372359,0.07472534616134695,1.391326956493359,-0.1542315335753287,0.00015972100044419105,-0.08054618063746871
20,120,0.0,0,-999.0,999.0,1,0.9253746969024879,0.17821980473321863,-0.5887452084910945,0.611036210359614,156,78,78,0.05743353052070468,0.5174868361177923,0.2874601833192485,0.23002665279854384,3.947046324314492,-0.5792222915939311,8.217717136907778e-05,-0.0856009889943479
30,96,0.0025,0,-999.0,999.0,1,0.8860848532715107,0.17215418318953346,-0.5789503018101018,0.6013767417012138,135,68,67,0.05941623870506403,0.47532990964051225,0.26737307417278816,0.20795683546772412,3.6910453275520707,-0.5698560621005415,8.603090023988695e-05,-0.08725213063045673
30,120,0.0025,0,-999.0,1.5,1,0.6281196169086398,0.12978062413683444,-0.4907633042232853,0.5272556966412368,397,220,177,0.04296951179873887,0.39797178703763897,0.22047064941818892,0.17750113761945005,2.501424700743355,-0.4328857870904861,8.974459418618025e-05,-0.08923824314274637
30,96,0.0,0,-999.0,2.5,1,0.7623944103138927,0.15241822098925661,-0.5459659948185511,0.5688028133231546,308,172,136,0.047747513488916336,0.4725021127218358,0.26012481310537605,0.21237729961645974,4.858362101682839,-0.6490663841310608,8.429356601482017e-05,-0.09212463575386122
20,200,0.0,1,-999.0,1.5,1,0.7688190393691201,0.15346848246215372,-0.5573352683428683,0.6303564468211518,689,380,309,0.022004810505103035,0.195508028342976,0.10875641942403952,0.08675160891893649,1.9267213940666141,-0.14699046225958412,0.00018912684838504924,-0.09368132936822282
30,120,0.005,0,-999.0,1.5,1,0.7326327761731484,0.14751517184252672,-0.5407123855770108,0.5652631876036285,363,206,157,0.047780016901774684,0.3637131898849379,0.2057466033933563,0.15796658649158163,2.4177960886994376,-0.39213863862941556,0.00010085390877152173,-0.09457786156579728
20,200,0.01,1,-999.0,1.5,1,0.6583253718154689,0.1349917826991196,-0.5192793377183513,0.5941983698080596,504,289,215,0.0250276279009296,0.14379509848534097,0.08441136319313527,0.05938373529220568,1.3790019254304626,-0.1030989531227281,0.00021571369934382932,-0.09493796766965308
20,200,0.0025,0,-999.0,999.0,1,0.9119656569334536,0.17616021595059683,-0.6032958173687459,0.6069014582044873,114,61,53,0.06370668920236625,0.5286355067282065,0.29617109796528635,0.2324644087629201,3.1035735227646466,-0.5067366542351053,8.02893991486468e-05,-0.09514261982355177
20,200,0.0025,1,-999.0,1.5,1,0.7383869421927702,0.1484680323327192,-0.554900185835863,0.6202860686589762,632,351,281,0.021322238835077684,0.1821491256581941,0.1017356822466359,0.08041344341155822,1.7220800986672518,-0.12397413770837329,0.00019370471611721755,-0.09796775715226347
12,200,0.0,1,-999.0,1.5,1,0.724553193961553,0.14617322209376837,-0.5508657864117531,0.6100559315513187,688,382,306,0.021907300266527985,0.19521549762725085,0.10856139894688942,0.08665409868036143,1.8468267056166963,-0.14542491458977114,0.00018515244946344534,-0.09875687453454224
12,200,0.01,1,-999.0,1.5,1,0.6256444014920002,0.12935039147412142,-0.5168410101043065,0.577615688458342,498,287,211,0.024832607423779497,0.14301501657674057,0.08392381200026003,0.05909120457648053,1.3105940194938546,-0.09745621983659614,0.00021158798278832601,-0.10018932915511473
12,96,0.0025,0,-999.0,2.5,1,0.5972100283659756,0.12437245933477015,-0.511996844595684,0.5161348037737379,318,173,145,0.0511603718390431,0.41415848664109733,0.23265942924007021,0.18149905740102712,4.113718234893412,-0.6338194057555834,8.624966951347602e-05,-0.10581922277438494
20,200,0.01,0,-999.0,0.75,1,0.582237378658431,0.12172448691098259,-0.5103607834924357,0.5263631451104096,385,215,170,0.045342260937398425,0.2186504582981213,0.13199635961775988,0.08665409868036143,1.3382770467919096,-0.17965172601081103,0.00013730081697243212,-0.10713774757971481
30,120,0.0,0,-999.0,999.0,1,0.8395838315520674,0.16485164005650854,-0.6087692504360918,0.5883222871051981,134,68,66,0.05892868751218878,0.5302281739582656,0.2945784307352272,0.23564974322303842,3.466814606746043,-0.5596209367349483,7.758203963859918e-05,-0.11011687080627744
20,120,0.01,0,-999.0,0.75,1,0.6652264596128201,0.13617237280621985,-0.5535165477840995,0.5699377808143481,370,209,161,0.04371709029448092,0.20538906585191444,0.12455307807319768,0.08083598777871677,1.414740031787706,-0.17021134457328202,0.00014997679272405983,-0.11208901204511251
30,96,0.01,0,-999.0,0.75,1,0.6686216673153249,0.13675185562939163,-0.557584942677253,0.5719468183893649,367,208,159,0.04287200156016382,0.20278879282324644,0.12283039719170513,0.0799583956315413,1.4665784331369527,-0.18721455823060063,0.00015177643534984686,-0.11344327478976662
12,200,0.0025,0,-999.0,999.0,1,0.7725140226746365,0.15407122240059,-0.5943708300921828,0.5699833511877068,134,74,60,0.06364168237664955,0.518754469219268,0.2911980757979588,0.22755639342130923,2.417801822480393,-0.44544093376091454,7.710969498522434e-05,-0.11461502508611607
12,96,0.005,0,-999.0,999.0,1,0.9366538489143683,0.17994393874112324,-0.6622626354549295,0.6167260619765909,158,77,81,0.06669700318533446,0.41292335695248,0.23981018006890722,0.17311317688357278,3.625799424368508,-0.5469114890802269,9.917592409006057e-05,-0.12035107588751195
12,200,0.0025,1,-999.0,1.5,1,0.6399851729168129,0.1318362680227423,-0.5630226661727649,0.5732911849015299,632,354,278,0.021387245660794384,0.1817590847038939,0.10157316518234415,0.08018591952154976,1.6316057343812052,-0.1451489006687805,0.00018370805971708044,-0.12101050581856365
30,96,0.005,0,-999.0,999.0,1,0.8855537888846297,0.17207155058027324,-0.6464263133813026,0.6018641870263141,124,62,62,0.06562439056100891,0.43863355652343494,0.2521289735422219,0.18650458298121303,3.5761994089420925,-0.5616036022217303,9.157493521194344e-05,-0.12104839675906237
48,200,0.0,0,-999.0,999.0,1,0.9312493488818456,0.17911874750615886,-0.6635773681587008,0.6113236446003453,103,52,51,0.06848469089254372,0.6010856139894689,0.3347851524410063,0.2663004615484626,3.5719815921868268,-0.5552605686794084,7.375859539153034e-05,-0.12210375434317429
12,200,0.0,0,-999.0,2.5,1,0.6412913121657258,0.13206186770823258,-0.5626919424687469,0.531349725573114,325,185,140,0.054508223363453165,0.518006890723526,0.28625755704348954,0.2317493336800364,3.38161793551032,-0.5593014034908443,7.506352722303108e-05,-0.12271661724748516
48,60,0.0025,0,-999.0,1.5,1,0.5710046392012871,0.11972557294521358,-0.535859317121598,0.5070552711719915,396,219,177,0.04485470974452317,0.3674835857765065,0.20616914776051484,0.16131443801599168,2.4273958190623643,-0.4412403751873678,9.193469541059593e-05,-0.12285132205698583
12,200,0.005,1,-999.0,1.5,1,0.626854475835888,0.12956078336805765,-0.5620535385270117,0.5703771027104069,573,321,252,0.02330494701943704,0.1661249431190275,0.09471494506923227,0.07140999804979523,1.3850574032854692,-0.0915388570726543,0.00019231127252274766,-0.12294713075992784
48,96,0.0,0,-999.0,2.5,1,0.6119652421428328,0.12696383420560564,-0.5531203791165231,0.5216537544085404,299,167,132,0.04810505103035819,0.4923616979782877,0.27023337450432294,0.22212832347396477,4.875941204104224,-0.6814178096492663,7.57307534924005e-05,-0.1235136676322289
12,120,0.0025,0,-999.0,999.0,1,0.8087126364620925,0.1599268293396765,-0.6277635631995839,0.5802917361603024,163,79,84,0.05922121822791393,0.46856919976597544,0.2638952089969447,0.20467399076903076,4.017184564450366,-0.6088770073281642,8.489885205402316e-05,-0.12494036545210034
30,96,0.0025,0,-999.0,2.5,1,0.5561637422318144,0.11706807588020296,-0.5342763889669775,0.5023682095539754,286,163,123,0.04859260222323344,0.4421439251121368,0.2453682636676851,0.19677566144445166,4.060133137768207,-0.6451759974225899,7.92080192667378e-05,-0.12495170812558701
20,96,0.0,0,-999.0,2.5,1,0.5153252694497752,0.10965589798205477,-0.5190995813244785,0.48807142754503346,333,178,155,0.04875511928752519,0.45771305987128647,0.25323408957940585,0.20447897029188064,4.34927765427821,-0.6653900586745672,7.636538051435702e-05,-0.1254903213029328
20,200,0.005,1,-999.0,1.5,1,0.6199576135726499,0.12836007190071808,-0.5675184724077897,0.566892786242085,579,324,255,0.02336995384515374,0.166449977247611,0.09490996554638237,0.07154001170122863,1.3675156221761342,-0.08594886351397646,0.00019169479725272525,-0.12705452499107256
30,60,0.0,0,-999.0,1.5,1,0.5807116646368662,0.12145360521411375,-0.548814577708203,0.5109620403449927,441,236,205,0.047780016901774684,0.37385425469674316,0.21081713579925893,0.16303711889748423,3.369969051808358,-0.5490169924438328,9.24423796672251e-05,-0.1274055816227381
20,200,0.0,0,-999.0,2.5,1,0.6513596778681694,0.13379639933997045,-0.5816415294705367,0.5346933655784621,311,175,136,0.05496327114347006,0.528407982838198,0.29168562699083406,0.23672235584736398,4.223816135171328,-0.6306794494808583,7.411633941048203e-05,-0.13028969711637478
12,120,0.0,0,-999.0,2.5,1,0.5815016114937432,0.12159388016542616,-0.5556000981501573,0.5111376111239878,337,182,155,0.04738997594747448,0.4664239745173243,0.2569069752323994,0.20951699928492493,5.105664296515778,-0.6934271878376399,7.84331513096469e-05,-0.1306492883534531
30,200,0.0,0,-999.0,999.0,1,0.729953991534166,0.14707076935918328,-0.6121414570685337,0.5592077130439782,124,62,62,0.06630696223103426,0.5809009946044335,0.32360397841773386,0.2572970161866996,3.135682434759188,-0.5549381575431254,6.949999487235055e-05,-0.13103957352288467
12,60,0.0,0,-999.0,1.5,1,0.6588893685248911,0.13508840538789468,-0.5873841932187827,0.5431713775669446,481,257,224,0.05021777286615094,0.35392966261457454,0.20207371774036273,0.15185594487421178,3.0881358721399836,-0.4838617488382816,0.00010149561747662643,-0.13144512234314942
20,200,0.005,0,-999.0,999.0,1,0.7905539355970783,0.15700051104531543,-0.634716664955306,0.574919334939411,105,55,50,0.07180003900409543,0.483943314047975,0.2778716765260352,0.2060716375219398,2.8306736539888075,-0.5073727686231231,8.178781925134907e-05,-0.131611854685367
48,120,0.01,1,-999.0,1.5,1,0.5376272858586544,0.11372201184768116,-0.5448999264170571,0.5343782696464686,489,283,206,0.02310992654228694,0.13836702853799648,0.08073847754014171,0.05762855099785477,1.379030395714087,-0.17460346341036825,0.00020293372869244314,-0.13200903787852394
48,60,0.005,0,-999.0,1.5,1,0.661464779529557,0.1355293064801999,-0.5908275401661596,0.5421911421908892,365,205,160,0.04800754079178314,0.33780796983683287,0.192907755314308,0.14490021452252486,2.454770562351051,-0.4227678748684044,0.00010249215915585703,-0.13277490649333543
20,96,0.01,0,-999.0,0.75,1,0.6001215509898201,0.12488521060783908,-0.5699936863213704,0.5420404648842315,368,206,162,0.04283949814730547,0.19781577065591888,0.12032763440161216,0.0774881362543067,1.3971927739269319,-0.19761983653873283,0.00014801516612020663,-0.13300960930863454
20,60,0.01,0,-999.0,999.0,1,0.7629696705321996,0.15251237810709561,-0.6310473378560408,0.5699989605343152,153,73,80,0.07212507313267894,0.33800299031398295,0.20506403172333096,0.13293895859065202,2.6612160370832942,-0.48018199106520676,0.00010667355977859014,-0.13451134279420904
20,200,0.0025,0,-999.0,2.5,1,0.5925404474236624,0.12354862956375623,-0.5687650854731218,0.5157539881095178,284,162,122,0.052818045894818956,0.4933693037768966,0.2730936748358578,0.2202756289410388,3.672583465061529,-0.6071573404097563,7.52441697006015e-05,-0.13504621376732875
48,200,0.01,1,-999.0,1.5,1,0.49517397319459056,0.10594313995236915,-0.5376900839587124,0.5037868940416466,521,297,224,0.023987518689462393,0.1512708834427615,0.08762920106611194,0.06364168237664955,1.3707892379914206,-0.18160910903466965,0.00018611965215836374,-0.13771255732490473
48,60,0.0,0,-999.0,2.5,1,0.49421629222496044,0.10576576138046945,-0.5357478732708802,0.4806609498390041,309,170,139,0.0500552558018592,0.45615289605408565,0.25310407592797246,0.20304882012611325,4.3309871829031374,-0.6728694477990844,7.492350702378984e-05,-0.13807512776302047
30,96,0.005,0,-999.0,2.5,1,0.5361191412247428,0.11344844505499685,-0.5533646030221315,0.4948943799869738,263,151,112,0.05444321653773646,0.40678021192225183,0.23061171422999416,0.17616849769225768,3.77773505551692,-0.6332865451497507,8.284782035475136e-05,-0.13848913745672023
12,200,0.01,0,-999.0,0.75,1,0.535857963878021,0.11340104887610436,-0.55471551560403,0.5057825584279801,384,215,169,0.04452967561593967,0.21523759994799455,0.1298836377819671,0.08535396216602743,1.1578825029777935,-0.13756047040407093,0.00013430360519189086,-0.13866758100451163
12,60,0.0,0,-999.0,999.0,1,0.7519700054338287,0.15070797594822283,-0.6362357095591349,0.5646394055023296,249,115,134,0.06653448612104271,0.44090879542351946,0.2537216407722811,0.1871871546512384,3.724214069483753,-0.5799700266153106,8.82278933046898e-05,-0.13917790855622814
48,96,0.01,0,-999.0,0.75,1,0.5748511185986258,0.12041127316698952,-0.572114179417877,0.5263950796068455,372,209,163,0.042384450367288565,0.20795683546772412,0.12517064291750635,0.08278619255021777,1.426781402375902,-0.21835812069268645,0.0001406188123059141,-0.1393260625616067
48,120,0.0,1,-999.0,1.5,1,0.6505034578252038,0.1336492026171734,-0.6046413925446479,0.5802932229243378,660,365,295,0.01816940778781772,0.18367678606253657,0.10092309692517715,0.08275368913735942,2.0241279958977554,-0.24077711553356396,0.00018487874929364316,-0.13965683250893365
12,60,0.01,0,-999.0,2.5,1,0.5263377104288158,0.11166925757394042,-0.5526900980817973,0.49099127908098383,273,153,120,0.06305662094519925,0.3037768965741403,0.18341675875966976,0.12036013781447052,3.0784515397184897,-0.5710058698142142,0.00010181585565151851,-0.140126227512909
12,96,0.0,0,-999.0,0.75,1,0.5142364485792261,0.10945623809032146,-0.5520896144145435,0.49413300184765424,496,260,236,0.04124683091724631,0.2521939803679386,0.14672040564259248,0.10547357472534616,1.7440008111905039,-0.292801343379931,0.00012098254223269977,-0.1418819190245676
12,200,0.005,0,-999.0,999.0,1,0.7179890992103286,0.14507950757241517,-0.6330912639542778,0.5543519626919305,117,63,54,0.07101995709549502,0.4757524540076708,0.27338620555158294,0.2023662484560879,2.3157384123515516,-0.45064545215938145,8.018513476082818e-05,-0.1437485262701272
48,200,0.0,1,-999.0,1.5,1,0.5808259352980245,0.12147390009742587,-0.587779946867161,0.5373436513973145,726,398,328,0.02307742312942859,0.20997204706494182,0.11652473509718521,0.09344731196775662,2.179207376972645,-0.2850864685400907,0.00016307325530261446,-0.14554889076628888
48,60,0.01,0,-999.0,0.75,1,0.584779861481665,0.12217545530710483,-0.590563944646646,0.5347836110992923,361,205,156,0.04131183774296301,0.19661314438015992,0.11896249106156147,0.07765065331859845,1.2518625379980053,-0.15698204255427273,0.00014673471439220057,-0.14636733646125355
30,60,0.0,0,-999.0,999.0,1,0.693712626870779,0.14100712087315537,-0.6348619240317452,0.5468163335563264,190,84,106,0.062439056100890594,0.46769160761879996,0.26506533185984527,0.2026262757589547,4.1506679059627345,-0.6383866380092742,8.094323663141481e-05,-0.14908302446490093
12,200,0.0025,0,-999.0,2.5,1,0.4678741927473602,0.10085300716791434,-0.5492322587068937,0.4730439093540615,299,173,126,0.052818045894818956,0.48387830722225833,0.26834817655853865,0.21553013066371968,2.8380468131250813,-0.5558580145237995,7.112490875735324e-05,-0.15011092671782944
20,120,0.0,0,-999.0,2.5,1,0.475906697448077,0.10235801078754503,-0.5540273195150275,0.4748341768217279,319,177,142,0.047454982773191184,0.48040044204641486,0.263927712409803,0.21647272963661185,4.430857910117758,-0.6812297695984346,7.151631602863746e-05,-0.15091394012888232
20,96,0.0025,0,-999.0,999.0,1,0.6988702089240839,0.14187595045519474,-0.6420004331555134,0.5484182618838885,160,76,84,0.06045634791653123,0.4598582851199376,0.2601573165182344,0.19970096860170317,3.508166192363488,-0.5917628436086144,8.159661444189918e-05,-0.15170335302836752
48,120,0.0,0,-999.0,2.5,1,0.4810338559030951,0.1033154488842174,-0.560468285945798,0.4785551929391389,294,168,126,0.051777936683351754,0.511701228629006,0.2817395826561789,0.22996164597282714,3.8255867248607087,-0.6444733867088832,6.840752039296122e-05,-0.15299093444172465
12,96,0.005,0,-999.0,2.5,1,0.5245372356496418,0.11134083042576548,-0.5786877797525232,0.49018640153187043,288,159,129,0.055450822336345316,0.381915101085614,0.21868296171097965,0.16323213937463435,3.716756419025379,-0.6267080433961916,8.702882868960504e-05,-0.1534937393739026
48,120,0.005,0,-999.0,999.0,1,0.6957249392862521,0.14134634415586977,-0.6475694076004535,0.5478951892774325,99,55,44,0.06887473184684392,0.4700968601703179,0.2694857960085809,0.200611064161737,2.4935431274116215,-0.4899740757329939,7.941434135794917e-05,-0.15504360018048532
20,120,0.0025,0,-999.0,999.0,1,0.6160007456571417,0.12766946876409935,-0.6193598553342716,0.5234473888802375,140,71,69,0.059156211402197234,0.4830657219007996,0.2711109666514984,0.21195475524930119,3.483621586993305,-0.6134365204719795,7.467107172943433e-05,-0.15583808945902458
48,200,0.0025,0,-999.0,999.0,1,0.6766995705761194,0.13812702066648375,-0.6452540660817976,0.5447230722664458,92,48,44,0.0661444451667425,0.5600013001365143,0.3130728726516284,0.24692842748488592,3.091611149618301,-0.5709148920563694,6.969476189446176e-05,-0.15726385876109275
48,200,0.005,0,-999.0,999.0,1,0.6056259069318795,0.12585268049994447,-0.6218334401808311,0.5229839731952126,90,48,42,0.07446531885848014,0.508450887343171,0.2914581031008256,0.21699278424234544,2.467709638742221,-0.5156606211804474,7.253781438292764e-05,-0.15891484093071045
48,120,0.0025,0,-999.0,999.0,1,0.6640870801683301,0.13597770880491633,-0.6478239101160972,0.5390947862957685,106,58,48,0.06204901514659039,0.5143665084833907,0.2882077618149906,0.2261587466684002,2.6994364550820564,-0.5256882966141168,7.278469101630089e-05,-0.16097950693834384
30,200,0.01,1,-999.0,1.5,1,0.4490565195539369,0.09730292107697358,-0.5649837515925162,0.4795113660039666,513,291,222,0.024280049405187545,0.14675290905545083,0.08551647923031919,0.06123642982513164,1.2888113492681343,-0.1817241763484192,0.00018283803306376226,-0.1612133864190862
48,200,0.0025,1,-999.0,1.5,1,0.5114657763038428,0.10894768693434509,-0.59240390983666,0.5043293549729196,670,369,301,0.021809790027952934,0.1959630761229929,0.10888643307547292,0.08707664304751998,1.9091124453919672,-0.27362172679405805,0.0001616177880047264,-0.16203780023533892
20,200,0.005,0,-999.0,2.5,1,0.48206619612514734,0.10350792597999492,-0.5791309542214607,0.47751937320770016,258,149,109,0.06026132743938113,0.45043229539101604,0.2553468114151986,0.19508548397581746,3.2314330001032996,-0.6015093535878245,7.502099116664993e-05,-0.16218158247035042
48,96,0.0025,0,-999.0,999.0,1,0.695886108068801,0.14137349994523318,-0.6623633906808192,0.5479209334401217,117,59,58,0.059806279659364234,0.49548202561268934,0.27764415263602676,0.21783787297666254,3.467754443865764,-0.5975425528657551,7.605625812547148e-05,-0.1624121487231703
48,60,0.0025,0,-999.0,999.0,1,0.638859485406253,0.13164172832725263,-0.6506103344424662,0.5301333546303488,142,70,72,0.06208151855944874,0.4591432100370539,0.2606123642982513,0.19853084573880259,3.2630685571894746,-0.5872738163433419,7.869687361250638e-05,-0.16715677116246302
12,96,0.0,1,-999.0,1.5,1,0.4574752296189246,0.09889541620073228,-0.5814812409075868,0.48394191392065755,615,337,278,0.018689462393551324,0.1633946564389261,0.0910420594162387,0.07235259702268738,1.7264114707393494,-0.27290906032571693,0.00017580931917867386,-0.16764810855702825
12,120,0.005,0,-999.0,999.0,1,0.7360864945379351,0.14808737405378003,-0.693358258577278,0.5595222463030043,145,70,75,0.06474679841383345,0.4332704934018072,0.24900864590782032,0.18426184749398686,3.6563326693626825,-0.5991133609985839,8.689427942345302e-05,-0.17061564291970874
12,200,0.005,0,-999.0,2.5,1,0.4257479327830007,0.0928573517854252,-0.5747553783741757,0.45650112428950784,267,155,112,0.05961125918221413,0.44250146265357865,0.2510563609178964,0.19144510173568224,2.646120875638497,-0.5531060234305959,7.321921190237479e-05,-0.17169528118718724
48,200,0.005,1,-999.0,1.5,1,0.4563641348313574,0.09868563558375376,-0.5951414849348796,0.4771040801437606,608,339,269,0.023727491386595592,0.17733862055515828,0.10053305597087694,0.07680556458428135,1.4582836626730802,-0.19703517613057153,0.00016471579207513027,-0.175029902876498
30,96,0.0,0,-999.0,0.75,1,0.5038229505345198,0.10754123004812022,-0.6172780773170614,0.4876548408389636,501,265,236,0.04014171488006241,0.2656503932912956,0.152896054085679,0.11275433920561659,1.7508178714039584,-0.2976511982910022,0.00011560296751473171,-0.1767150665684623
20,96,0.0025,0,-999.0,2.5,1,0.39530376052817906,0.08696802616358523,-0.572722589096613,0.4427058147398459,309,168,141,0.049665214847558994,0.4270948449587207,0.23838002990313983,0.18871481505558083,3.762195951322564,-0.6580388405542684,7.369881799463309e-05,-0.17725797764772896
12,120,0.01,0,-999.0,0.75,1,0.4600327733584657,0.0993778388918174,-0.6037881228548165,0.4723249262484635,372,206,166,0.04293700838588052,0.20083858805174543,0.12188779821881297,0.07895078983293245,1.484522515341526,-0.2921868240327985,0.00013167455594724253,-0.1788999762231677
48,96,0.0025,0,-999.0,2.5,1,0.45941271314023635,0.09926093678977277,-0.6041485973071571,0.4688130196631573,275,157,118,0.04833257492036664,0.46164597282714687,0.25498927387375675,0.20665669895339012,4.034387605990368,-0.6673696286265676,7.204759330686724e-05,-0.1793727108806479
30,120,0.0,0,-999.0,2.5,1,0.39812450597757,0.08751771638125727,-0.578785952043011,0.4474048344964756,302,170,132,0.04885262952610024,0.49206916726256256,0.2704608983943314,0.22160826886823115,4.079956398159147,-0.6799036439988946,6.651906666035321e-05,-0.17950501791542445
30,60,0.0,0,-999.0,0.75,1,0.38441549388857643,0.08483833843485367,-0.5718540871400779,0.4303388019722264,488,258,230,0.04144185139439641,0.24517324319053502,0.1433075472924657,0.10186569589806929,1.701895003774648,-0.34597803028148666,0.00011133262698061311,-0.17957176503657396
12,120,0.0025,0,-999.0,2.5,1,0.4072648654506066,0.08929324312098341,-0.5846110717246854,0.44776967982748034,311,170,141,0.04810505103035819,0.4356107391276084,0.24185789507898328,0.1937528440486251,4.330995433901833,-0.6915979791359141,7.336158286258708e-05,-0.18062380874998527
20,60,0.01,0,-999.0,2.5,1,0.37091768367079014,0.08218073535169923,-0.5687142466147412,0.4273842392042444,262,145,117,0.06334915166092439,0.3132353897159202,0.18829227068842228,0.12494311902749788,2.725536743838464,-0.5805025430305766,8.870572950006432e-05,-0.18080717599545917
20,200,0.0,0,-999.0,0.75,1,0.3877291961757843,0.08548780638149611,-0.5759912198700352,0.43038515437608926,543,286,257,0.04456217902879803,0.2920431645322759,0.16830267178053696,0.12374049275173893,1.4828942129957459,-0.2666911124678577,0.00010135983982575771,-0.18098854583471702
20,60,0.0,0,-999.0,0.75,1,0.3611491086841536,0.08024512562392094,-0.5653873386445445,0.4188303912586765,488,259,229,0.041864395761554964,0.23883507768315673,0.14034973672235584,0.09848534096080089,1.601549573174085,-0.332166882653513,0.00011069558177999538,-0.18150702413541747
20,60,0.0,0,-999.0,1.5,1,0.42047207611347615,0.0918435526688075,-0.591454578751177,0.44597326974075246,454,246,208,0.049437690957550545,0.3617954885262953,0.2056165897419229,0.15617889878437236,2.6593834800738922,-0.5128818862319967,8.521805662237095e-05,-0.18158507321974338
30,60,0.0025,0,-999.0,1.5,1,0.4312171401565372,0.09390534035409903,-0.5972690610409557,0.45052081981514513,411,221,190,0.04817005785607489,0.34707144250146266,0.19762075017876876,0.1494506923226939,2.841130504851384,-0.542368088295307,8.782307529563055e-05,-0.18220314917562155
48,120,0.0025,1,-999.0,1.5,1,0.4884912497611209,0.1047036061956439,-0.6237756777248016,0.4985087779801434,614,343,271,0.01810440096210102,0.17262562569069753,0.09536501332639927,0.07726061236429825,1.7044549208702535,-0.2517817649772922,0.0001718228554098652,-0.18225879376774973
48,96,0.005,0,-999.0,999.0,1,0.6889049008912891,0.14019543895954834,-0.7011320193863217,0.5455198715098942,107,55,52,0.06523434960670871,0.45521029708119354,0.2602223233439511,0.19498797373724241,3.126957471707974,-0.5682664809418099,8.084388805066851e-05,-0.18309457715811783
48,120,0.01,0,-999.0,0.75,1,0.3927537992423302,0.08647038736135726,-0.5828278702370183,0.4352304667960872,377,212,165,0.04368458688162257,0.21341740882792692,0.12855099785477475,0.08486641097315219,1.2584182706608051,-0.2553452639100997,0.00011970554496915099,-0.18318202441734754
48,120,0.005,1,-999.0,1.5,1,0.45415825797580034,0.0982687984708539,-0.6137256719661042,0.48156993899569944,562,317,245,0.019827081843593577,0.15757654553728143,0.08870181369043749,0.06887473184684392,1.356563687173396,-0.18266563094578625,0.000176698424205535,-0.1845155405624132
12,96,0.005,0,-999.0,0.75,1,0.3825287635126182,0.08446802853867807,-0.5836108265389381,0.4304362715003051,416,229,187,0.04166937528440486,0.21608268868231165,0.12887603198335826,0.08720665669895339,1.3868442385381687,-0.2868088587405051,0.0001185962977554738,-0.18581557115577574
30,120,0.0025,0,-999.0,999.0,1,0.4858843213900925,0.10421893320712972,-0.6306098953051498,0.48230756968664495,119,62,57,0.060228824026522784,0.4956445426769811,0.2779366833517519,0.21770785932522915,2.896572713913521,-0.595285094937971,6.74952205596374e-05,-0.1869706359611129
30,200,0.0,1,-999.0,1.5,1,0.4661819325915342,0.10053515123962198,-0.623343301198293,0.4805555520820057,710,388,322,0.021874796853669637,0.19940843788597803,0.11064161736982384,0.0887668205161542,1.9165777735661558,-0.28298639013718796,0.00015695515739209596,-0.1871087217554242
12,60,0.0025,0,-999.0,1.5,1,0.4892734865764421,0.10484891339766156,-0.6332533914941191,0.47585604491163225,446,241,205,0.04982773191185075,0.3272768640707274,0.1885522979912891,0.13872456607943834,2.545049825050259,-0.4749217806092958,9.61875307741968e-05,-0.18798498010381637
20,120,0.0025,0,-999.0,2.5,1,0.3544019146325714,0.07890210320888769,-0.5798821313764241,0.4280797354670525,294,166,128,0.048202561268933235,0.4494896964181239,0.24884612884352858,0.20064356757459534,3.82033489518924,-0.6745175312559542,6.841692713898862e-05,-0.18963497570597174
30,60,0.005,0,-999.0,1.5,1,0.46838879088211804,0.10094960927022689,-0.6289173027786126,0.4664351562249893,376,206,170,0.05119287525190145,0.3199310927647403,0.18556198400832088,0.13436910875641941,2.50380844788944,-0.4942120406332351,9.476482810707237e-05,-0.19018728430782994
30,120,0.01,0,-999.0,0.75,1,0.40533673203884124,0.08891942174078582,-0.6030219319942225,0.4425780856558094,372,208,164,0.04394461418448937,0.2084768900734577,0.12621075212897354,0.08226613794448417,1.221077683032589,-0.2378935724861384,0.00012232889054497785,-0.19046263997353496
12,60,0.01,0,-999.0,0.75,1,0.31729405532455046,0.07142480902525228,-0.564460068440656,0.3969348086284907,360,204,156,0.04277449132158877,0.17740362738087498,0.11008905935123188,0.06731456802964311,1.049875283796824,-0.2306076754861488,0.0001240407389033921,-0.19095848476365118
48,96,0.005,0,-999.0,2.5,1,0.44106452307747346,0.09578471331250227,-0.6235196835340675,0.46085063735888054,252,148,104,0.053240590261977506,0.4229994149385686,0.23812000260027302,0.18487941233829552,3.506815179208963,-0.6372992381697029,7.541931553639349e-05,-0.19293259658658746
48,96,0.01,1,-999.0,1.5,1,0.3699080243354631,0.0819811548352345,-0.5958856339241281,0.43595285442216936,481,276,205,0.022719885587986738,0.13284144835207698,0.07778066697003186,0.055060781382045114,1.447374118538975,-0.2880245968577291,0.00018109622346930898,-0.1941640194057211
12,96,0.0,1,-999.0,0.75,1,-0.03299691442492336,-0.00836471643580261,-0.3825681119365768,0.10819844305009027,483,275,208,0.017031788337775466,0.1023207436780862,0.059676266007930835,0.04264447767015537,0.34482513671276904,-0.08447461959208324,0.00011130890072808729,-0.1942388502515865
30,200,0.0025,0,-999.0,999.0,1,0.4788583563566535,0.1029095032275138,-0.6429239432314131,0.48345391882271427,109,56,53,0.06438926087239161,0.5412143275043879,0.30280179418838976,0.23841253331599818,2.684635054656791,-0.5761549957319732,6.375520330156071e-05,-0.19437977244705704
48,120,0.005,0,-999.0,2.5,1,0.378030204978437,0.0835835623147061,-0.6023289487984562,0.4383586077114979,249,151,98,0.05707599297926282,0.437430930247676,0.24725346161346942,0.1901774686342066,2.7572419933541625,-0.5845940103628178,7.06998124210272e-05,-0.1956629816989471
48,120,0.0025,0,-999.0,2.5,1,0.3590400992593359,0.07982586657354651,-0.5983252465192704,0.43293705366733093,272,160,112,0.050932847949034646,0.4799128908535396,0.2654228694012871,0.2144900214522525,3.1033563456669198,-0.6205348839546705,6.551022828529707e-05,-0.19768990400272216
48,96,0.0,1,-999.0,1.5,1,0.4379053543538354,0.09518283770624958,-0.6339895761676289,0.4698333211733248,648,355,293,0.015959175713449913,0.17457583046219854,0.09526750308782422,0.07930832737437431,2.078986938361866,-0.3542430989438268,0.00016675334251279727,-0.19832028431889862
12,96,0.0025,0,-999.0,0.75,1,0.2844014586646566,0.06466370590946835,-0.5654535584369804,0.3761006080323322,461,248,213,0.04176688552297991,0.23626730806734708,0.1390170967951635,0.09725021127218358,1.3770981858190665,-0.3195697981097865,0.00010298710675497519,-0.19925804290740526
12,96,0.0025,1,-999.0,1.5,1,0.35859076213641816,0.07973647789498406,-0.6008631294149145,0.4264037537246822,564,314,250,0.01979457843073523,0.15195345511278685,0.08587401677176104,0.06607943834102581,1.4907351729337952,-0.27679274298025636,0.00016720873755413814,-0.19937489912623907
20,120,0.0,0,-999.0,0.75,1,0.4183391788660076,0.09143289763099771,-0.6264486155348002,0.44644024209481076,511,269,242,0.04124683091724631,0.2690957550542807,0.15517129298576351,0.1139244620685172,1.6246142525458747,-0.3022423499738516,0.00010785656878856172,-0.19946939803166186
30,200,0.0025,1,-999.0,1.5,1,0.4158715063460363,0.09095720895434001,-0.6265603557322577,0.4543019506510147,652,358,294,0.020964701293635833,0.18627705909120457,0.1036208801924202,0.08265617889878438,1.673229128779837,-0.26615715356524394,0.0001557915842827206,-0.19960787137923808
30,96,0.005,0,-999.0,0.75,1,0.4036349719616237,0.08858916945947226,-0.6229581894555885,0.4407498024993992,422,234,188,0.04166937528440486,0.2283039719170513,0.13498667360072808,0.09331729831632321,1.4677089336528435,-0.2975437203308653,0.0001162008645487561,-0.200852435143352
20,120,0.005,0,-999.0,999.0,1,0.562123567252991,0.11813755003103643,-0.6905833231055772,0.5055632373746005,126,64,62,0.0657544042124423,0.4457193005265553,0.2557368523694988,0.18998244815705648,3.316907670690405,-0.6146015007708445,7.67627556620601e-05,-0.20187594965302216
48,60,0.0025,0,-999.0,2.5,1,0.329294903112167,0.07386008468747929,-0.5957303649484973,0.4166097838445122,287,161,126,0.050965351361893,0.4262497562244036,0.23860755379314827,0.1876422024312553,3.5649205213620885,-0.6638563104210056,6.948232921171988e-05,-0.20317460859454375
20,200,0.005,0,-999.0,0.75,1,0.3198851776001863,0.0719520168596477,-0.5900572638758095,0.39597322167262355,450,247,203,0.04475719950594812,0.24861860495352012,0.14668790222973413,0.101930702723786,1.2314332861244415,-0.25921370293866697,0.00010370330906636056,-0.20327795399462587
30,120,0.0,1,-999.0,1.5,1,0.44193592524775305,0.0959505562451124,-0.6477566142628423,0.472203768743991,648,357,291,0.016934278099200416,0.17620100110511605,0.09656763960215822,0.07963336150295781,2.0074916791602306,-0.33703877317836006,0.00016568972512721997,-0.20431756244910917
20,96,0.005,0,-999.0,999.0,1,0.5944772773745446,0.12389055384662706,-0.7110207218112073,0.5155080454240104,146,69,77,0.0656893973867256,0.4253721640772281,0.24553078073197684,0.17984138334525124,3.241755965455285,-0.5956252020883314,8.165657593938838e-05,-0.2058444047877761
12,60,0.0,1,-999.0,0.75,1,-0.014022660640288676,-0.0035290744706746313,-0.4182033305625992,0.12631060704253963,470,271,199,0.017649353182084118,0.09838783072222583,0.058018591952154974,0.040369238770070856,0.4023982013423615,-0.11063442677007929,0.00011932274958094852,-0.20631520939984724
12,60,0.005,0,-999.0,1.5,1,0.5218885006847098,0.1108571420045299,-0.6836153208817866,0.4906343014269688,406,222,184,0.05112786842618475,0.3015341610869141,0.17633101475654944,0.1252031463303647,2.5338863525449016,-0.47238870484736684,0.00010313464670249423,-0.20641880336501495
30,96,0.0,1,-999.0,1.5,1,0.4049363957492045,0.0888417574078535,-0.6363183101248959,0.45216486320372146,630,345,285,0.015796658649158163,0.16706754209191965,0.09143210037053891,0.07563544172138074,1.9679447499457088,-0.3513090707280855,0.00016694616769571708,-0.2067091544944084
30,200,0.01,0,-999.0,0.75,1,0.32406622744382774,0.072801088731266,-0.6015841568710902,0.3981663275363958,389,217,172,0.044822206331664824,0.2218357927582396,0.13332899954495223,0.0885067932132874,1.0860500646853475,-0.22896093474883672,0.00011019278508764343,-0.20808267332745933
12,200,0.0,0,-999.0,0.75,1,0.33429681222779895,0.07487023374716473,-0.6101845378414918,0.4038103425767914,543,285,258,0.04348956640447247,0.2872651628420984,0.16537736462328545,0.12188779821881297,1.3352750549014911,-0.2503563827733488,9.795954832985971e-05,-0.21003151804474163
48,200,0.0,0,-999.0,2.5,1,0.38827276190576443,0.08559423133574517,-0.6391799380970469,0.4502116088128347,291,163,128,0.05775856464928818,0.5612364298251317,0.30949749723720993,0.25173893258792174,3.9355597845081833,-0.6746550756395826,6.126357478837586e-05,-0.21148515727213651
30,200,0.0,0,-999.0,2.5,1,0.2551322090189849,0.058537357446414084,-0.5806126330128716,0.39722167701505695,307,170,137,0.05571084963921212,0.5410518104400962,0.29838133003965417,0.24267048040044203,3.6049376220296665,-0.682205338476412,5.669018053918657e-05,-0.21190787520926885
30,200,0.005,1,-999.0,1.5,1,0.35236888969584124,0.078496448413512,-0.6247992233367123,0.4186667928804027,596,331,265,0.02297991289085354,0.1698953390105961,0.09643762595072483,0.07345771305987128,1.2787148251203346,-0.20042848271491087,0.00015531910021429865,-0.21296982361082403
48,60,0.005,0,-999.0,999.0,1,0.5722752409274992,0.11995221833360303,-0.7176758883436856,0.5083053274316227,132,64,68,0.06721705779106807,0.42423454462718585,0.24572580120912696,0.1785087434180589,3.158813967247154,-0.5961410742797008,8.035904309001518e-05,-0.2134704594666586
48,200,0.01,0,-999.0,0.75,1,0.28752528985920445,0.06531135328989901,-0.5955214824375541,0.3784964533468845,391,220,171,0.045114737047389976,0.22479360332834947,0.13495417018786973,0.08983943314047975,1.0155171971395398,-0.22322531294180592,0.00010565229484483629,-0.21352456526153382
30,200,0.005,0,-999.0,999.0,1,0.43291618540177423,0.0942302936399746,-0.6652770947417573,0.4664219577641722,102,52,50,0.07287265162842098,0.4941168822726386,0.28349476695052983,0.2106221153221088,2.361731076981855,-0.5514484342555841,6.628375426188228e-05,-0.21508715584269547
48,120,0.01,1,-999.0,999.0,1,0.324642347737677,0.07291792744983572,-0.6159817503005033,0.39865447503494994,513,297,216,0.03126828316973282,0.17226808814925568,0.10176818565949425,0.07049990248976143,1.42785506521694,-0.29481953851853426,0.00015362512925525698,-0.21514022394866844
12,120,0.005,0,-999.0,2.5,1,0.33928529793953,0.075874848495876,-0.6266538047760928,0.4193608672149699,281,155,126,0.05333810050055256,0.4014496522134824,0.2273938763570175,0.17405577585646492,3.822845910825057,-0.6804025178056223,7.31430301693132e-05,-0.21648401053142188
20,120,0.005,0,-999.0,0.75,1,0.3638182166115238,0.08077503147731879,-0.6369277751383755,0.41969931089300594,426,235,191,0.04231944354157186,0.2312942859000195,0.13680686472079567,0.09448742117922382,1.3712495791094077,-0.2882834272144945,0.00011119831754416361,-0.21670389054721867
20,120,0.005,0,-999.0,2.5,1,0.296200915642183,0.06710386729294293,-0.6085516833897671,0.4025414183782189,268,153,115,0.05454072677631151,0.41337840473249693,0.23395956575440421,0.1794188389780927,3.5096886280368045,-0.6713483770976278,6.867097091268867e-05,-0.21704490348302966
48,96,0.0,0,-999.0,0.75,1,0.3588253419119316,0.07978314668169495,-0.6362167230523605,0.41634475702708434,513,269,244,0.03997919781577065,0.27250861340440746,0.15624390561008905,0.1162647077943184,1.6500014433574552,-0.3372619274839146,0.00010248101931184592,-0.2175079769931311
48,200,0.0025,0,-999.0,2.5,1,0.3208538069341156,0.07214890171642341,-0.6249028488787995,0.4239247277257605,270,154,116,0.05476825066631996,0.5239875186894624,0.28937788467789116,0.23460963401157123,3.365758513492848,-0.6537103909700631,6.104545505127299e-05,-0.21910628633668833
30,60,0.005,0,-999.0,0.75,1,0.2722339595565346,0.06212976870968001,-0.599712176928457,0.3686615576708078,412,228,184,0.042286940128713514,0.21039459143210038,0.12634076578040696,0.08405382565169343,1.2624394081308221,-0.30900156472306217,0.00010792337530350822,-0.2192932418710081
48,60,0.0,0,-999.0,0.75,1,0.385861896776309,0.08512196883793277,-0.6537255602640304,0.43049106195559206,493,261,232,0.0395566534486121,0.2571344991224079,0.14834557628550998,0.10878892283689788,1.523829389910523,-0.29734794127418607,0.0001079863697930434,-0.2202162581963028
30,120,0.0025,0,-999.0,2.5,1,0.2284266677410811,0.05285346074763142,-0.584389605081312,0.3778364478361408,279,160,119,0.049242670480400444,0.46119092504712994,0.2552167977637652,0.20597412728336476,3.333506654803813,-0.6740815101285679,6.017213574040603e-05,-0.22044951940121754
12,60,0.0025,0,-999.0,999.0,1,0.47541887647152326,0.10226678597608418,-0.6935052330511744,0.4732419072993532,228,107,121,0.06734707144250146,0.4079828381980108,0.23766495482025612,0.17031788337775466,3.2259400755005228,-0.6086963007662496,7.959417491623686e-05,-0.22082373518453535
48,96,0.005,0,-999.0,0.75,1,0.3274208802160514,0.07348088688874066,-0.6334833385771212,0.4000210911134792,429,235,194,0.04066176948579601,0.23412208281869595,0.137391926152246,0.09673015666644998,1.4156175837535168,-0.3189799069296213,0.00010735732884043791,-0.223259727844146
30,60,0.0,0,-999.0,2.5,1,0.23416154854552262,0.05408180319384992,-0.5932984724169423,0.3753428715664228,339,175,164,0.05268803224338556,0.43278294220893193,0.24273548722615876,0.1900474549827732,4.570700913254807,-0.7375216463520009,6.434799217240572e-05,-0.2238002894363001
20,200,0.0025,0,-999.0,0.75,1,0.241665858904357,0.055682689829319454,-0.5958981968931012,0.35465934864641374,501,266,235,0.04329454592732237,0.27354872261587465,0.15842163427159853,0.11512708834427615,1.245165304350897,-0.28948313307468876,9.153509483063778e-05,-0.22453344118491045
20,60,0.005,0,-999.0,0.75,1,0.2620209529271844,0.059988801090122834,-0.6060610284704613,0.3625957297163437,409,227,182,0.04274198790873042,0.20434895664044725,0.12354547227458883,0.08080348436585842,1.2663462454911385,-0.3167561410790599,0.00010814313659269791,-0.22491192665929063
20,96,0.0,0,-999.0,0.75,1,0.33471901957930217,0.0749553696621752,-0.6418518774181767,0.4038553690339175,504,265,239,0.04085678996294611,0.25869466293960863,0.14977572645127737,0.10891893648833127,1.5954379538259276,-0.338318827919425,0.00010324821944994674,-0.2257778005952173
30,96,0.0025,0,-999.0,0.75,1,0.2962074708576403,0.06710521829325722,-0.6259029736676436,0.3830437195364701,467,252,215,0.04056425924722096,0.24982123122927907,0.14519274523825001,0.10462848599102906,1.409426129251028,-0.32049285705303177,0.00010032889856276829,-0.22669408256374107
12,200,0.0,1,-999.0,0.75,1,-0.06902429202233518,-0.017745691570290822,-0.4268712693199529,0.08089385472782641,543,305,238,0.01748683611779237,0.11948254566729506,0.06848469089254372,0.05099785477475135,0.28322154546368083,-0.048131082351125176,9.711494432883595e-05,-0.22713663349387594
30,60,0.0025,0,-999.0,999.0,1,0.4362303823764446,0.09486332471664904,-0.6908877644246249,0.4612426637290754,175,78,97,0.06403172333094975,0.4340505753104076,0.24904114932067867,0.18500942598972892,3.682205191850519,-0.665201165089591,7.315871542160055e-05,-0.2275184243092096
20,96,0.005,0,-999.0,2.5,1,0.2943053687651087,0.06671298857453989,-0.6305799015386045,0.39996062056311465,283,155,128,0.05467074042774491,0.39381135019177016,0.22424104530975753,0.1695703048820126,3.353901094444611,-0.6575270845116519,7.141291145715687e-05,-0.22857893116660666
48,96,0.0025,1,-999.0,1.5,1,0.331302189070104,0.07426580324555321,-0.6465975902931718,0.40744264519784856,598,330,268,0.016316713254891764,0.16407722810895145,0.0901969706819216,0.07388025742702983,1.770172763362912,-0.3518786683839853,0.00015604944821528497,-0.22866085964114025
30,120,0.005,0,-999.0,999.0,1,0.41433854448239127,0.09066138967020176,-0.6848670934747534,0.4560761127442602,108,56,52,0.06695703048820126,0.4556328414483521,0.2612949359682767,0.1943379054800754,2.6598451294116696,-0.5921049489869126,6.828343706846196e-05,-0.2289683514299619
12,60,0.0,0,-999.0,2.5,1,0.23931456678323038,0.05518187327666202,-0.606188238285569,0.37313371705564313,389,203,186,0.05639342130923747,0.40801534161086916,0.23220438146005332,0.17581096015081585,4.029008356361671,-0.7006421862455622,6.814396230310154e-05,-0.22925556001334033
20,60,0.0,1,-999.0,0.75,1,-0.037319642541686626,-0.009476309803681748,-0.44975940506636947,0.10121688029619642,457,263,194,0.016641747383475264,0.09484495872066567,0.05574335305207047,0.039101605668595205,0.4418272915867618,-0.16086859482462235,0.00011273711576347421,-0.22929516832205665
20,200,0.0,1,-999.0,0.75,1,-0.06135550224300168,-0.01572634536887596,-0.4364811210454651,0.08868268285708901,541,304,237,0.01742182929207567,0.11928752519014496,0.06835467724111031,0.050932847949034646,0.2925406611720114,-0.048162171364698914,9.924746726445274e-05,-0.22953277174875406
30,96,0.0025,1,-999.0,1.5,1,0.3244683782263731,0.07288264998857996,-0.6452664857640675,0.4040368721369611,581,323,258,0.016771761034908666,0.1566014431515309,0.0866866020932198,0.06991484105831113,1.6884393277009155,-0.34122751409455676,0.00015953829101861066,-0.22954874928660574
30,60,0.0025,0,-999.0,0.75,1,0.21176702062763342,0.04926061116605851,-0.592128760276827,0.333281468933437,453,245,208,0.04189689917441331,0.22944159136709355,0.13566924527075344,0.09377234609634011,1.3995900249771775,-0.36660536431281976,9.648362995010775e-05,-0.23013969552568317
12,96,0.01,1,-999.0,1.5,1,0.2365883799928663,0.05460031303183155,-0.6077775181113714,0.3471830821724495,456,262,194,0.02353247090944549,0.12364298251316388,0.07358772671130469,0.0500552558018592,1.1760135542657775,-0.2861491682523891,0.00016213728596384334,-0.23192929191523165
12,96,0.005,1,-999.0,1.5,1,0.2675937106878141,0.061158629708958134,-0.6240275435055109,0.3678448906394634,518,289,229,0.021029708119352532,0.1412273288695313,0.08112851849444191,0.060098810375089386,1.1968514337819696,-0.2523647173672101,0.000157365961134432,-0.23246289751182417
48,200,0.005,0,-999.0,2.5,1,0.2137369532438651,0.049687373497249165,-0.602324888401431,0.3783735046097483,251,148,103,0.06217902879802379,0.4743223038419034,0.2682506663199636,0.2060716375219398,2.6375397656079334,-0.621701679770235,5.960858665149774e-05,-0.2325563954729789
12,60,0.0,1,-999.0,1.5,1,0.27826221590047484,0.06338744059209667,-0.6297865002057164,0.37426688738195596,602,332,270,0.02089969446791913,0.15455372814145485,0.087726711304687,0.06682701683676787,1.6738342809143765,-0.3539876874900063,0.00015576612412754898,-0.2327924651416637
12,120,0.0,0,-999.0,0.75,1,0.2898754391940326,0.06579782126650091,-0.637692822167219,0.37971239529609924,515,266,249,0.04053175583436261,0.2622700383540272,0.15140089709419488,0.11086914125983229,1.8827259507859018,-0.4211004503075597,9.850591556233315e-05,-0.23406297005230364
20,60,0.0025,0,-999.0,1.5,1,0.28139255793830253,0.06403876902849626,-0.6344313107199122,0.3811654360198819,425,232,193,0.049892738737567444,0.33520769680816487,0.19255021777286616,0.1426574790352987,2.2023402719869374,-0.5050909706253922,7.9504714528654e-05,-0.23411861453046576
30,120,0.0025,1,-999.0,1.5,1,0.33955440291601424,0.07592896286615591,-0.6614263970180075,0.4126334275630666,597,332,265,0.01748683611779237,0.16544237144900215,0.09146460378339726,0.07397776766560489,1.7132894524708124,-0.33452223022548766,0.0001558354077773566,-0.23415256426469452
48,96,0.005,1,-999.0,1.5,1,0.29388296441556383,0.06662582655628335,-0.6402960913391404,0.3844772234299232,549,305,244,0.01810440096210102,0.15045829812130274,0.08428134954170188,0.06617694857960085,1.4018827904741555,-0.2910969691949342,0.00015731643339025794,-0.2342983579417907
30,96,0.01,1,-999.0,1.5,1,0.25546013267404133,0.058606585459590965,-0.6222503638389933,0.36024984026809315,472,271,201,0.02275238900084509,0.1282584671390496,0.07550542806994734,0.05275303906910225,1.3696131189677425,-0.32912036272956213,0.00016326407611176713,-0.23450610444650105
20,60,0.0,0,-999.0,999.0,1,0.38023700146242545,0.08401771287385928,-0.681816566694025,0.440652799008812,218,101,117,0.06487681206526685,0.45179743873106676,0.25833712539816683,0.19346031333289995,3.1907031267887485,-0.63270357039135,6.892126530474088e-05,-0.23485793052271262
30,120,0.01,1,-999.0,1.5,1,0.2684026473433807,0.06132812038968516,-0.6365850234141971,0.36876218544063977,483,278,205,0.02362998114802054,0.13414158486641098,0.07888578300721576,0.055255801859195215,1.3874847996801205,-0.3235668683078937,0.00016097614769879342,-0.2385262820453814
30,96,0.0,1,-999.0,0.75,1,-0.0629131115125402,-0.016135491535467672,-0.4532499571924531,0.07911313359879509,494,277,217,0.014529025547682506,0.10501852694532926,0.059773776246505886,0.045244750698823374,0.42757781051581123,-0.15961626934428164,0.00010134125707194907,-0.23880481345175447
48,60,0.005,0,-999.0,0.75,1,0.3069679988451437,0.06931604285493398,-0.6576974742907464,0.3887632964815589,416,231,185,0.04088929337580446,0.22128323473964767,0.13108626405772605,0.0901969706819216,1.263112810091092,-0.2889263357159493,0.00010824616367838753,-0.24009452946636128
20,200,0.01,1,-999.0,999.0,1,0.26020295112559855,0.05960633002229376,-0.6398260528209626,0.363423735692531,529,301,228,0.03243840603263343,0.1790938048495092,0.10576610544107132,0.07332769940843789,1.405358521067937,-0.3174094169362154,0.00014174168522829538,-0.242135509603561
20,120,0.0025,0,-999.0,0.75,1,0.24628363866609382,0.056664194327287865,-0.6342593167348805,0.3552028936974153,474,254,220,0.041636871871546514,0.2529090554508223,0.14727296366118442,0.10563609178963791,1.3429207224469004,-0.3257626100281855,9.47286049242435e-05,-0.24270531935528158
48,60,0.005,0,-999.0,2.5,1,0.2591517825402272,0.05938499650440021,-0.649233752465393,0.384933628077571,266,150,116,0.055775856464928816,0.3926412273288695,0.22420854189689918,0.16843268543197035,3.308113502908273,-0.6661383318650203,6.875020418763219e-05,-0.24598519832441776
48,96,0.0,1,-999.0,0.75,1,-0.06382238326288647,-0.0163745708923283,-0.4675540180908756,0.0796744643847244,504,283,221,0.014106481180523956,0.10823636481830592,0.061171422999414936,0.04706494181889098,0.4199838686881956,-0.1517098549232101,0.00010017598345715029,-0.2461678567185299
20,120,0.0,1,-999.0,1.5,1,0.27877856931203704,0.06349496023454848,-0.6582445483569488,0.3736136704667085,646,352,294,0.016154196190600014,0.17373074172788142,0.09494246895924072,0.07878827276864071,1.831398935068195,-0.3761122136238788,0.0001450042685945178,-0.24694663042059048
12,200,0.005,0,-999.0,0.75,1,0.23267447390299578,0.05376370130757735,-0.6367391451939671,0.34785120349455667,449,246,203,0.04355457323018917,0.24449067152050966,0.1440226223753494,0.10046804914516025,1.0441927380953122,-0.24516843010768563,9.563075665334646e-05,-0.24721331111467837
30,200,0.0025,0,-999.0,2.5,1,0.17511373366361593,0.041223573121292434,-0.6134673087370082,0.36174517991443683,283,159,124,0.053143080023402456,0.5053955665344861,0.27926932327894427,0.22612624325554184,3.039453954342852,-0.6648607623411634,5.483331822597944e-05,-0.24742282225148982
12,96,0.01,1,-999.0,999.0,1,0.2643044453228427,0.06046861726111241,-0.6544069835970483,0.3645468651732986,475,271,204,0.029870636416823765,0.15526880322433856,0.09256971982058117,0.06269908340375739,1.652474226235079,-0.3955349061987766,0.00015352775419445023,-0.2485075312787468
30,96,0.005,1,-999.0,1.5,1,0.2540127596505315,0.058300928120966544,-0.6495182577525858,0.35826109940513495,536,299,237,0.018819476044984722,0.14519274523825001,0.08200611064161736,0.06318663459663265,1.374182040327962,-0.30942958495112227,0.0001535054166433178,-0.2485451457850696
20,60,0.005,0,-999.0,1.5,1,0.2918973306409869,0.0662158102274113,-0.6690527423688206,0.38515164531787466,389,215,174,0.05236299811480206,0.3091399596957681,0.18075147890528506,0.128388480790483,2.0450249699592518,-0.48461883376876214,8.384357351541806e-05,-0.24905297869110526
12,96,0.0,1,-999.0,999.0,1,0.28122463494833805,0.06400385968515021,-0.6638018595250336,0.37553164338464257,637,347,290,0.026815315608138855,0.20493401807189754,0.1158746668400182,0.08905935123187934,2.048803480456585,-0.42209928245244344,0.00013626518488587183,-0.24912048790813446
12,60,0.0025,1,-999.0,1.5,1,0.22603303730148117,0.05233950211642946,-0.6404015975439834,0.33890257962066744,548,307,241,0.021614769550802833,0.1427874926867321,0.08220113111876746,0.06058636156796464,1.4653591314379018,-0.34589355571861924,0.00015150672702193434,-0.25091616767452884
30,120,0.0,1,-999.0,0.75,1,-0.07744415829773243,-0.019977224378281533,-0.46930703727451684,0.06529642452571605,507,285,222,0.01556913475914971,0.10943899109406488,0.06250406292660729,0.04693492816745758,0.3999245665222,-0.150801512183519,9.514242194916062e-05,-0.25136592178925415
30,120,0.0,0,-999.0,0.75,1,0.24624829360984446,0.05665669213270208,-0.6519635503010015,0.35651198684121926,513,268,245,0.04111681726581291,0.2741012806344666,0.15760904895013977,0.11649223168432686,1.4422278262723802,-0.34045748726490754,9.146763763530606e-05,-0.2514994836757377
30,60,0.0,1,-999.0,0.75,1,-0.0963344776367695,-0.025039878935309567,-0.4577405236263642,0.036917448167095246,461,263,198,0.01540661769485796,0.09516999284924917,0.05528830527205356,0.0398816875771956,0.4263639188226207,-0.20217566089619987,9.120847006598459e-05,-0.2520642683401369
12,60,0.0025,1,-999.0,0.75,1,-0.09562140721310453,-0.024847340214078306,-0.4621213077421409,0.035786137255750625,432,254,178,0.01826691802639277,0.09139959695768056,0.054833257492036665,0.036566339465643895,0.3118089595244957,-0.14432124605425334,8.931719972716598e-05,-0.2541186872223612
30,200,0.0,0,-999.0,0.75,1,0.19113627533284494,0.04475965854834141,-0.6325736871733335,0.32856816892857366,552,289,263,0.045764805304556976,0.29779626860820385,0.17178053695638043,0.12601573165182345,1.318264741000041,-0.32283629211228726,8.393493250918017e-05,-0.25509877659189667
48,96,0.0025,0,-999.0,0.75,1,0.2074916117015415,0.04833260259781946,-0.6411878994035796,0.33373112166895474,476,253,223,0.040076708054345704,0.25654943769095756,0.14831307287265164,0.10823636481830592,1.3476433954496962,-0.347410728789737,9.050306735724613e-05,-0.2555747910205226
48,200,0.01,1,-999.0,999.0,1,0.17570515104315598,0.04135473607672546,-0.6260727445955154,0.315822732039821,541,308,233,0.031723330949749724,0.18754469219268022,0.10963401157121498,0.07791068062146525,1.3453963877187287,-0.3429654531788997,0.00012569237199893199,-0.2558904996190412
12,60,0.0,0,-999.0,0.75,1,0.15606926913306451,0.03697323909677519,-0.6159176510823209,0.2977512197317926,500,266,234,0.04251446401872196,0.2331794838458038,0.1378469739322629,0.09533250991354092,1.294379077845961,-0.3529773917543858,9.056141711711117e-05,-0.25609802545779564
48,60,0.0,1,-999.0,1.5,1,0.23955149297135625,0.055232369936155656,-0.6576972344243286,0.3480084580251318,614,338,276,0.016641747383475264,0.15809660014301502,0.08736917376324514,0.07072742637976988,1.629835291713389,-0.3592364884913304,0.00014796645242829887,-0.25621582437475204
20,96,0.005,0,-999.0,0.75,1,0.24712310738600518,0.056842329602415864,-0.6637267276767773,0.3543456328295276,425,233,192,0.04166937528440486,0.22232334395111486,0.13199635961775988,0.090326984333355,1.2725445887700726,-0.32125355174030135,0.00010161264289543208,-0.2573037525944964
48,200,0.0,1,-999.0,0.75,1,-0.11753699579385157,-0.030817604236219376,-0.4569853898472387,0.03362299472016808,566,319,247,0.01803939413638432,0.12653578625755704,0.07228759019697069,0.05424819606058636,0.3808471674302103,-0.1518220676354044,8.193578621732488e-05,-0.2576291494238303
20,60,0.0025,0,-999.0,0.75,1,0.17668830185579187,0.0415726672066461,-0.6296301443976777,0.3106044178542993,453,246,207,0.04235194695443022,0.2231359292725736,0.1327439381135019,0.0903919911590717,1.2993276535203564,-0.35812143405858954,9.356565389142383e-05,-0.2577121840994778
30,120,0.005,0,-999.0,2.5,1,0.15640060420243396,0.0370476333484997,-0.6240338484572867,0.3426922979893491,256,149,107,0.05554833257492037,0.4227068842228434,0.2391276083988819,0.18357927582396152,2.9445892942952328,-0.6667960708699647,5.882790257773381e-05,-0.2578346759806762
20,60,0.01,1,-999.0,0.75,1,-0.12257972559090535,-0.03220705119562883,-0.4517987681083967,-0.007401198585175819,343,208,135,0.01794188389780927,0.07306767210557108,0.04550477800169018,0.02756289410388091,0.17975453281740927,-0.11709059933757648,7.319931546476216e-05,-0.258476495179086
12,120,0.0,1,-999.0,1.5,1,0.2382514371408362,0.0549551967136781,-0.6620330786258031,0.3470043074681764,645,352,293,0.01716180198920887,0.17252811545212246,0.09484495872066567,0.0776831567314568,1.8218550365690902,-0.39414438360722504,0.00013978027429434263,-0.25871112722581463
12,96,0.0025,1,-999.0,0.75,1,-0.13889842337857983,-0.03674485093464319,-0.4450903798181417,-0.011894704135104229,447,260,187,0.01800689072352597,0.09556003380354937,0.05678346226353767,0.0387765715400117,0.2411409239255522,-0.13239433386455168,7.201536763125711e-05,-0.2598847760504693
12,200,0.0025,0,-999.0,0.75,1,0.15932762477540074,0.037704140527066166,-0.6260415102978508,0.3068578812891552,502,267,235,0.042156926477280116,0.2687707209256972,0.15546382370148865,0.11330689722420854,1.0636417878236677,-0.2778838684275261,8.42428111555224e-05,-0.2599737205574015
30,120,0.005,1,-999.0,1.5,1,0.24098134735675325,0.05553696480604131,-0.6660409859690799,0.34910102264744675,548,307,241,0.01979457843073523,0.15234349606708705,0.08606903724891113,0.06627445881817591,1.3511924216000675,-0.30576975911422455,0.00014638394661690022,-0.2600284770461263
12,60,0.01,1,-999.0,0.75,1,-0.12564173748812946,-0.033053665242408936,-0.4539443730891627,-0.010495877047436954,348,210,138,0.01816940778781772,0.07498537346421374,0.04657739062601573,0.02840798283819801,0.18657025784937664,-0.1230353286819077,7.114197458932081e-05,-0.26055064563936214
20,120,0.0025,1,-999.0,1.5,1,0.23053184416779482,0.05330486260718281,-0.6633148991074984,0.3418531797675485,594,328,266,0.017096795163492166,0.16251706429175064,0.0898069297276214,0.07271013456412924,1.6076074906213589,-0.3648616224031963,0.00014090063239948977,-0.261259927958189
12,96,0.01,1,-999.0,0.75,1,-0.15792734285163634,-0.042118449139035286,-0.43602219511235973,-0.047048707122142,361,217,144,0.018234414613534422,0.07862575570434896,0.04843008515894169,0.03019567054540727,0.10458196639527317,-0.08680952040408618,5.6119647631206885e-05,-0.2624819820513222
48,60,0.0,1,-999.0,0.75,1,-0.10299777546720046,-0.0268445877509651,-0.4747886143831207,0.034288773561864834,481,269,212,0.013878957290515505,0.10040304231944354,0.057140999804979525,0.04326204251446402,0.382220584112521,-0.17455126289282463,8.906094884672956e-05,-0.2625244562644322
30,60,0.0025,0,-999.0,2.5,1,0.14271432964618613,0.03396127553620887,-0.6263727819196927,0.33085891004061424,315,165,150,0.05350061756484431,0.40239225118637456,0.22794643437560944,0.17444581681076513,3.974460054217042,-0.7310879814640201,6.101559962620255e-05,-0.26268216992160676
30,200,0.005,0,-999.0,2.5,1,0.14858508599364684,0.035288550684802855,-0.630916601871834,0.34658531802127773,258,148,110,0.06081388545797309,0.46015081583566275,0.2604823506468179,0.19966846518884482,2.6221116404493885,-0.6392225873418653,5.641863083044993e-05,-0.26284048435005025
12,200,0.01,1,-999.0,999.0,1,0.19440336304102268,0.04547630451224105,-0.6524280114438111,0.3256163503713458,525,302,223,0.03198335825261652,0.1781187024637587,0.10505103035818761,0.07306767210557108,1.2640293610460156,-0.31403844775753487,0.00013226817283208103,-0.2644568836910972
20,96,0.0,1,-999.0,1.5,1,0.20293190590275412,0.047340166951845175,-0.657534070278336,0.32283693346447406,625,342,283,0.01758434635636742,0.1629396086589092,0.0902619775076383,0.07267763115127088,1.4934608958797013,-0.3405384963738126,0.00013924599326553988,-0.2652850215140991
20,120,0.0,1,-999.0,0.75,1,-0.1193379883222968,-0.031313155225307754,-0.4715374383352444,0.019387482403859128,505,284,221,0.016024182539166612,0.10820386140544758,0.062114021972307094,0.04608983943314048,0.3683712797407819,-0.1715008002222015,8.179912281990863e-05,-0.26611250027273703
12,60,0.005,1,-999.0,0.75,1,-0.12118351881156664,-0.03182174979218577,-0.4690465980707915,0.0018824197424541491,393,232,161,0.01761684976922577,0.08489891438601053,0.05125788207761815,0.03364103230839238,0.23792319767373127,-0.13589861903943645,7.592546769146661e-05,-0.26625092784045884
48,60,0.0025,0,-999.0,0.75,1,0.20394048859055536,0.04755993103575995,-0.6627845013113569,0.3298241610391374,459,248,211,0.04020672170577911,0.2416628746018332,0.14093479815380616,0.10072807644802705,1.2035169292635786,-0.3126401855249218,9.258867726025535e-05,-0.26734111156796164
12,60,0.005,0,-999.0,999.0,1,0.40527200853196277,0.08890686665118386,-0.7588298438951135,0.4459498589296238,209,98,111,0.07023987518689462,0.37746213352402,0.22385100435545732,0.1536111291685627,3.1001300485455046,-0.6194971738434438,7.972733940515575e-05,-0.2682105623498917
12,96,0.0025,1,-999.0,999.0,1,0.22591624454213166,0.052314405217622095,-0.6760808707172146,0.34393818693023925,586,326,260,0.02801794188389781,0.19079503347851526,0.10940648768120653,0.08138854579730871,1.8741828231161608,-0.428223217892436,0.00013295574636103613,-0.2685291207944732
30,60,0.005,0,-999.0,999.0,1,0.35472687707302697,0.07896690149623042,-0.7399561892398422,0.42933100667569046,159,72,87,0.06867971136969382,0.4022297341220828,0.23545472274588833,0.1667750113761945,3.163458176551451,-0.6476838216039513,7.239143613083008e-05,-0.26954464278990614
12,60,0.0025,0,-999.0,2.5,1,0.13542678125000251,0.03230655839102581,-0.6366741900745879,0.3211693096050949,359,191,168,0.05671845543782097,0.37804719495547034,0.21738282519664565,0.16066436975882467,3.419013574424949,-0.6925254652645545,6.364617708044745e-05,-0.2699720711660134
48,120,0.0,1,-999.0,999.0,1,0.25239238992422974,0.05795842327066225,-0.6922686765226058,0.361220912630127,687,381,306,0.02814795553533121,0.2285639992199181,0.12835597737762466,0.10020802184229344,1.851430536218877,-0.38070854761308714,0.00012484018568675677,-0.2701148693591343
20,96,0.0025,0,-999.0,0.75,1,0.16452565221568638,0.03886695995965428,-0.6493405070610865,0.3058490649335959,469,252,217,0.04140934798153806,0.24280049405187545,0.14210492101670674,0.1006955730351687,1.300760885153871,-0.3600513912536125,8.832898612248682e-05,-0.2705108403242092
20,60,0.0,1,-999.0,1.5,1,0.18661435459229647,0.04376532580977566,-0.6606263601568434,0.3107633518544356,587,324,263,0.02044464668790223,0.14870311382695184,0.08457388025742703,0.0641292335695248,1.6510984343935244,-0.3996824334358875,0.00014324011191492122,-0.2710096866759243
12,120,0.005,0,-999.0,0.75,1,0.19469271558506307,0.04553970403403018,-0.6655968765692679,0.32304431530885414,429,231,198,0.04092179678866281,0.22528115452122474,0.13310147565494376,0.09217967886628096,1.496444355957418,-0.40691930409595656,9.463663099220115e-05,-0.2711065184851611
30,200,0.0,1,-999.0,0.75,1,-0.13860129730597925,-0.03666165416041178,-0.4729002577394803,0.008308145328014823,554,311,243,0.016999284924917115,0.12081518559448742,0.06890723525970227,0.05190795033478515,0.29262562189594243,-0.12085378698066884,7.689205913351832e-05,-0.2726963757637512
20,200,0.0025,1,-999.0,0.75,1,-0.1343626101275367,-0.035477136698607414,-0.47549454114967027,0.007712536225328904,500,283,217,0.017226808814925568,0.11109666514984073,0.06416173698238314,0.04693492816745758,0.2232536011052697,-0.09130052563093083,7.549130462140864e-05,-0.2728387804621761
48,120,0.0,1,-999.0,0.75,1,-0.10416298801732216,-0.02716120920401166,-0.4955660697981561,0.03831779531495344,518,290,228,0.01556913475914971,0.11262432555418318,0.06409673015666645,0.04852759539751674,0.36898136497035283,-0.15210540672418438,8.614493888397266e-05,-0.273028354337342
12,200,0.0025,1,-999.0,0.75,1,-0.1511183395352862,-0.040185285463272935,-0.47256656626966,-0.011143439387624347,502,285,217,0.017226808814925568,0.11109666514984073,0.06416173698238314,0.04693492816745758,0.20278218056117026,-0.09281608404046238,7.00415374599656e-05,-0.27702574056748414
48,120,0.0,0,-999.0,0.75,1,0.1487026651286325,0.035315081266263926,-0.6550196078828674,0.3017554989112376,525,274,251,0.04254696743158032,0.2822921406747709,0.1624195540531756,0.11987258662159526,1.438007835673822,-0.3873628295333509,8.114532578746434e-05,-0.27710694772960787
20,120,0.01,1,-999.0,1.5,1,0.14226358093708757,0.03385915801924444,-0.6504903417869563,0.2772129098946687,482,276,206,0.02278489241370344,0.13232139374634336,0.0775531430800234,0.05476825066631996,1.2961815431397938,-0.3669306996000329,0.00013692592014383727,-0.2775253673795003
30,120,0.005,0,-999.0,0.75,1,0.16323591951600203,0.03857880514144174,-0.6628706362082293,0.30533354143075153,430,236,194,0.04251446401872196,0.23480465448872131,0.13865955925372164,0.09614509523499967,1.1526809655127503,-0.3299845792891404,8.866628296923686e-05,-0.27758983589113534
30,200,0.005,0,-999.0,0.75,1,0.14262479638517367,0.03394099410071316,-0.6527461157192093,0.29667961451696406,457,250,207,0.045147240460248324,0.25323408957940585,0.14919066501982708,0.10404342455957875,1.080410729660756,-0.3097352970967282,8.452910926242578e-05,-0.2775980830330433
48,120,0.01,1,-999.0,2.5,1,0.018477184615850017,0.004593933122206462,-0.585321046207887,0.1995850388479198,526,309,217,0.026490281479555355,0.15903919911590716,0.09276474029773127,0.06627445881817591,1.2807379001710757,-0.41906982126124515,0.0001070167268889654,-0.27808733803934105
48,96,0.01,1,-999.0,999.0,1,0.16512853359951363,0.039001574949564244,-0.664944597108247,0.30619121809304867,506,290,216,0.03078073197685757,0.1659299226418774,0.09835532730936748,0.06757459533250991,1.534347648685737,-0.4078774082256822,0.00013276681162961124,-0.27816116269990687
30,200,0.01,1,-999.0,999.0,1,0.15315658723680015,0.03631856942053435,-0.6612339175470658,0.3013184025032007,535,302,233,0.032015861665474876,0.18257167002535266,0.10729376584541377,0.07527790417993889,1.3492059272942436,-0.35853934516452,0.00012411932638647395,-0.2792324692278385
12,96,0.005,1,-999.0,0.75,1,-0.1841704258717518,-0.049680663209289544,-0.4526646785055406,-0.0723499767159736,408,239,169,0.01761684976922577,0.08866931027757914,0.053143080023402456,0.035526230254176686,0.12486564920706011,-0.11055925454296889,4.89712811511451e-05,-0.27963050129785855
20,120,0.005,1,-999.0,1.5,1,0.16770694066556135,0.03957670870267549,-0.6685134427907966,0.297391735952073,546,303,243,0.019144510173568226,0.15052330494701943,0.08483390756029383,0.0656893973867256,1.302047880770684,-0.3334825052398136,0.00013441875057205966,-0.2798104258951192
20,96,0.0025,1,-999.0,1.5,1,0.15681055614186223,0.037139657235227164,-0.6630164926674909,0.28939760183664703,574,319,255,0.018656958980692973,0.15185594487421178,0.08525645192745238,0.0665994929467594,1.2960672824616961,-0.32864640301168746,0.00013427994569607487,-0.2798987090066859
20,60,0.0025,1,-999.0,1.5,1,0.1532241667806158,0.03633377299287366,-0.6645684056957178,0.285583293506035,536,301,235,0.021614769550802833,0.13758694662939608,0.07960085809009947,0.057986088539296626,1.4553153906652199,-0.38591784479163405,0.0001406040118470863,-0.2816712651796835
48,120,0.005,0,-999.0,0.75,1,0.13253568917357916,0.031647898340914304,-0.6557744131180854,0.2878821988378972,439,242,197,0.042709484495872065,0.24130533706039134,0.1420074107781317,0.09929792628225964,1.2376164141173978,-0.36959777672324123,8.444300170665414e-05,-0.2818451982762335
12,120,0.0025,1,-999.0,1.5,1,0.16709217075505123,0.03943966599341997,-0.6740958018977756,0.2973914264647193,592,327,265,0.01797438731066762,0.1608593902359748,0.0894168887733212,0.07144250146265357,1.592107031777506,-0.3946095849603002,0.00013132934341221153,-0.2827386636322319
20,60,0.0025,1,-999.0,0.75,1,-0.12846160345698132,-0.033835296682138694,-0.4989284151236283,-0.003734837110317403,422,248,174,0.017714360007800817,0.0883117727361373,0.05301306637196906,0.035298706364168236,0.3488880323525223,-0.20206102964447925,7.631767010644048e-05,-0.2834862460994687
48,60,0.0025,1,-999.0,1.5,1,0.1559306659941957,0.03694211396434577,-0.6697116490436278,0.288447295002807,566,316,250,0.01761684976922577,0.1478255216797764,0.08272118572450107,0.0651043359552753,1.3818685862350364,-0.35590479849188417,0.00013632028520387066,-0.28349134580732777
12,60,0.005,0,-999.0,0.75,1,0.1033074354521617,0.02491716913768771,-0.6451380101727557,0.2585420551188633,415,231,184,0.041734382110121565,0.1989208866931028,0.12032763440161216,0.07859325229149061,1.0800828133849345,-0.34723845621096794,8.84595767635988e-05,-0.284724733192747
12,200,0.01,1,-999.0,0.75,1,-0.18057973494115354,-0.048635298443799324,-0.46716450444832747,-0.05889803260659654,397,234,163,0.01829942143925112,0.08870181369043749,0.05350061756484431,0.035201196125593186,0.0662512711781662,-0.06270531994338735,5.11702034711235e-05,-0.2851624522982929
12,60,0.005,1,-999.0,1.5,1,0.14198812740010092,0.033796738906083146,-0.666312345645296,0.2767526968245125,506,282,224,0.022297341220828187,0.1327439381135019,0.07752063966716505,0.05522329844633687,1.2474222717059802,-0.3455433414196044,0.00013906010565582544,-0.2855217990753392
12,120,0.0025,0,-999.0,0.75,1,0.10455918762651928,0.025208147640760847,-0.648502691728866,0.2682622108519278,477,251,226,0.04075927972437106,0.24598582851199377,0.14337255411818242,0.10261327439381135,1.5201107745451523,-0.44361617138730214,8.09678979740197e-05,-0.2856300876810758
48,60,0.01,1,-999.0,1.5,1,0.10609657954894103,0.02556518703216737,-0.6485832133455771,0.24753285691082608,460,265,195,0.022524865110836637,0.12185529480595463,0.07219007995839563,0.049665214847558994,1.1130887781028345,-0.341147775198666,0.00013519172642834204,-0.2863497767950799
30,60,0.01,1,-999.0,0.75,1,-0.18263193669616573,-0.04923233842641961,-0.4670810511664567,-0.08194591950900071,349,209,140,0.016836767860625365,0.07404277449132159,0.045439771175973476,0.02860300331534811,0.13537698299121392,-0.1428024551460848,4.273875243920727e-05,-0.286870159985098
30,60,0.0,1,-999.0,1.5,1,0.14975351771717582,0.03555210551418919,-0.6746442158214923,0.2836792756290778,594,324,270,0.018981993109276472,0.1499057401027108,0.08444386660599362,0.06546187349671716,1.822699343598274,-0.45177625381853637,0.00013603354797892214,-0.28758603861510307
12,96,0.0,1,-999.0,2.5,1,0.03182146598963631,0.007872979010036696,-0.6150578759769888,0.21284880296678382,656,359,297,0.021192225183644282,0.18695963076122993,0.1040759279724371,0.08288370278879283,2.0933986933230715,-0.5369233583385552,0.00010636630628614694,-0.2890135188301185
12,96,0.005,1,-999.0,999.0,1,0.17294014610150388,0.04074109515363178,-0.6922524187729522,0.3118235105536812,540,302,238,0.029578105701098617,0.17772866150945849,0.10365338360527855,0.07407527790417993,1.5509318531401837,-0.39762653994685015,0.00012929949450927544,-0.28979393870516024
20,60,0.005,1,-999.0,0.75,1,-0.167083839817598,-0.04473665803667204,-0.48573190842880465,-0.055330960723339095,387,229,158,0.017551842943509068,0.08255866866020932,0.0500552558018592,0.03250341285835013,0.22376262876957176,-0.17403603583297367,5.5257010498946686e-05,-0.2903691602872413
30,96,0.0025,1,-999.0,0.75,1,-0.1513205717476439,-0.040242533988457896,-0.4995089224467497,-0.02327065798549947,461,263,198,0.01534161086914126,0.09874536826366768,0.057043489566404475,0.04170187869726321,0.321758051476275,-0.19142255402927322,6.820844732643076e-05,-0.2911605281111077
20,96,0.01,1,-999.0,1.5,1,0.09316207830667333,0.022549631693185468,-0.6533993484124023,0.2375693946632393,466,268,198,0.022882402652278488,0.12500812585321458,0.07394526425274654,0.05106286160046805,1.0735403977466778,-0.3344388291252981,0.00013013005897993902,-0.2922715727798537
30,96,0.0,1,-0.2,0.75,1,-0.29414132507441315,-0.08351028704631014,-0.3868105729917184,-0.3215199301620963,664,393,271,0.007508288370278879,0.060423844503672886,0.03396606643697588,0.026457778066697003,0.12475317279373299,-0.12525321286164348,4.044590800005349e-05,-0.29299157005027415
20,96,0.0,1,-999.0,0.75,1,-0.17783926665570793,-0.04783976884174823,-0.48714535677026916,-0.05124077689810056,489,277,212,0.016056685952024963,0.1024507573295196,0.05925372164077228,0.04319703568874732,0.2831315717995666,-0.1817291206134093,6.112345523563023e-05,-0.29397448607178783
20,200,0.01,1,-999.0,0.75,1,-0.19429937672648745,-0.052648230637201476,-0.4794011898174624,-0.07540073369819213,400,235,165,0.018429435090684523,0.089026847819021,0.05372814145485276,0.035298706364168236,0.07703301797906303,-0.08625439612712005,4.548024665729586e-05,-0.2961188622308423
30,60,0.01,1,-999.0,1.5,1,0.07755715785529138,0.01887568081733515,-0.6529355478958168,0.22262571361649258,442,253,189,0.023142429955145292,0.11519209516999285,0.06916726256256907,0.04602483260742378,1.228724951534395,-0.39690333879184114,0.00013146783328420064,-0.2964608074497486
12,200,0.0,1,-0.2,0.75,1,-0.29720860754182965,-0.08450892287462941,-0.39362415627438463,-0.30297879463492733,755,447,308,0.008028342976012482,0.06731456802964311,0.0376714555028278,0.029643112526815316,0.08128545531824227,-0.05185831727643064,6.012357667195022e-05,-0.2964699407435681
20,60,0.01,1,-999.0,1.5,1,0.06322038153839249,0.015464971825228435,-0.6452349406048453,0.2099520328859881,437,253,184,0.024150035753754143,0.11281934603133328,0.06848469089254372,0.04433465513878957,1.095306084378417,-0.368616984892169,0.00012917330078288341,-0.2966548968328948
48,120,0.005,1,-999.0,999.0,1,0.14636226277161746,0.03478660887421059,-0.6944110527233984,0.2984492531766867,588,334,254,0.030033153481115515,0.19645062731586815,0.11324189039849185,0.08320873691737632,1.3164675343360805,-0.33593564056455794,0.00011978860560157106,-0.2974964548286543
30,96,0.01,1,-999.0,999.0,1,0.12220497418940846,0.0292839651537824,-0.6814872762500954,0.27794040873361714,497,284,213,0.030098160306832218,0.16056685952024963,0.09533250991354092,0.06523434960670871,1.6229534702294006,-0.4514316195871536,0.00012754090581457647,-0.29756265253458447
48,96,0.0025,1,-999.0,0.75,1,-0.15436350057037995,-0.04110517290710558,-0.5113417858777984,-0.024535413803783032,469,266,203,0.014529025547682506,0.10189819931092765,0.058213612429305076,0.04368458688162257,0.3109406521552154,-0.18441690819120493,6.691169496635214e-05,-0.29800283653619397
48,60,0.0,1,-0.2,0.75,1,-0.296426614003637,-0.08425401413396794,-0.3982667502367293,-0.3295746381555235,634,373,261,0.0070857440031203275,0.05824611584216343,0.032665929922641876,0.02558018591952155,0.12571069448369165,-0.1418002352214256,3.105550192983829e-05,-0.29986612116010875
20,120,0.0,1,-0.2,0.75,1,-0.30289728604635924,-0.08636970661479781,-0.3937227167105406,-0.33477869352822354,685,408,277,0.007898329324579081,0.06191900149515699,0.034908665409868034,0.027010336085288956,0.13843055468072385,-0.13747182780402512,3.883181574233767e-05,-0.2999699996464793
12,120,0.0,1,-999.0,0.75,1,-0.18604612633110407,-0.05022811155381324,-0.4941624593589855,-0.058616588193988337,505,283,222,0.016479230319183514,0.10729376584541377,0.06188649808229864,0.04540726776311513,0.3378830271426876,-0.2168076606363073,5.839637889537898e-05,-0.3002401706430054
30,120,0.0025,0,-999.0,0.75,1,0.07869823867023551,0.019145678418892143,-0.6647707191889667,0.254413910493258,477,253,224,0.041214327504387964,0.2578170707924332,0.1495156991484106,0.10830137164402262,1.1280716690857564,-0.3565439969035761,7.574624009265591e-05,-0.30051898565092827
20,200,0.0,1,-999.0,999.0,1,0.1541082923959305,0.036532615879799835,-0.7051450446683577,0.3078351302367103,715,390,325,0.031170772931157772,0.2428329974647338,0.1370018851979458,0.10583111226678801,1.6782118461650777,-0.3838297297299763,0.0001098693687928716,-0.3006481499425435
48,200,0.0,1,-999.0,999.0,1,0.12557079444708918,0.030055936545507755,-0.6912488558722888,0.29349258073282924,745,404,341,0.03276344016121693,0.25924722095820063,0.14600533055970877,0.11324189039849185,2.017699574431246,-0.45860783568975383,0.00010299559048570218,-0.3008938623539952
30,60,0.0025,1,-999.0,1.5,1,0.1075745558897081,0.02590807735967049,-0.6786857839408862,0.25036399221868116,543,301,242,0.02005460573360203,0.1389520899694468,0.07950334785152441,0.05944874211792238,1.5917560884213233,-0.43931455509404493,0.00013062950046171994,-0.30091661499983857
30,200,0.0025,0,-999.0,0.75,1,0.06101556664213548,0.014937393955381184,-0.6572747578510825,0.24919149022073575,510,270,240,0.044074627835922774,0.2788792823246441,0.16147695508028342,0.11740232724436066,1.0705068464629175,-0.3386705344048019,7.272923718887445e-05,-0.30124041045912325
48,200,0.0,1,-0.2,0.75,1,-0.3034821387386636,-0.08656165822640316,-0.3996361000662225,-0.3093406246014025,792,466,326,0.00796333615029578,0.06978482740687772,0.03887408177858675,0.03091074562829097,0.13419651521304687,-0.08742708776656138,6.317606711964546e-05,-0.30184673948958457
12,60,0.01,1,-999.0,1.5,1,0.05245007849758143,0.01287997410540287,-0.6497548480786319,0.2010329951745418,443,256,187,0.023662484560878893,0.11558213612429305,0.06962231034258597,0.04595982578170708,1.0729281181563852,-0.3663673507251205,0.00012439510779153413,-0.301945800175186
20,200,0.0025,1,-999.0,999.0,1,0.15566023888986313,0.03688137799528368,-0.7085645512871448,0.30707667061598876,659,365,294,0.030065656893973867,0.22606123642982512,0.1280634466618995,0.09799778976792563,1.5735564564252167,-0.3756439990498822,0.00011288548320803772,-0.3020470641174893
12,200,0.005,1,-999.0,0.75,1,-0.2004686885705963,-0.05446943837411655,-0.48772082080249224,-0.074857260957526,456,262,194,0.017551842943509068,0.101280634466619,0.05941623870506403,0.041864395761554964,0.08934582957342818,-0.07803675848407454,4.858993204158975e-05,-0.30207271182323897
12,120,0.01,1,-999.0,1.5,1,0.08692927486873314,0.021086954635773703,-0.6709788140928126,0.233426613414608,475,270,205,0.02268738217512839,0.13079373334200092,0.07674055775856464,0.05405317558343626,1.275166152703763,-0.3941586631591405,0.00012502174793332493,-0.3027311217399022
30,120,0.0025,1,-999.0,0.75,1,-0.16724954566525496,-0.044784238315139,-0.5158173267790729,-0.03985173529281491,472,269,203,0.016154196190600014,0.10293830852239486,0.05954625235649743,0.04339205616589742,0.2905677512864684,-0.18294141193679136,6.18374528287728e-05,-0.3046854884693162
30,60,0.0025,1,-999.0,0.75,1,-0.18248045162452853,-0.049188229007260054,-0.5043333394389055,-0.07011639468407306,427,249,178,0.016414223493466815,0.08870181369043749,0.05255801859195215,0.036143795098485344,0.3248190625879954,-0.23601182286423283,5.3219006527396286e-05,-0.30486071846091645
48,200,0.0025,1,-999.0,0.75,1,-0.19646356021371914,-0.05328591285422801,-0.4999582952175935,-0.05925782655257407,525,298,227,0.017031788337775466,0.11772736137294416,0.06737957485535981,0.05034778651758435,0.2963176775467826,-0.1940187389677973,5.5226566019846115e-05,-0.3062279517906535
12,120,0.005,1,-999.0,1.5,1,0.09685673452427768,0.023413722447312768,-0.6841313550529473,0.24391749299459828,542,299,243,0.019599557953585128,0.14915816160696874,0.08437885978027693,0.0647793018266918,1.2734479183642322,-0.3673141313362577,0.00012136541415559246,-0.30645608042943095
12,96,0.0025,1,-999.0,2.5,1,-0.013469551782456013,-0.003389163443325738,-0.6240190325591333,0.17645072046618512,604,337,267,0.022069817330819735,0.17425079633361504,0.09816030683221738,0.07609048950139764,1.809893956575213,-0.5250911122863355,9.96171898763186e-05,-0.30657614369958314
12,96,0.0,1,-0.2,0.75,1,-0.318479331362735,-0.09152560579462699,-0.39361600179014455,-0.36925837513812193,655,394,261,0.008678411233179483,0.05951374894363908,0.03409608008840928,0.025417668855229798,0.10711051683227368,-0.14580884993983345,1.881753149482806e-05,-0.30679652544660535
48,120,0.0025,1,-999.0,999.0,1,0.1464646090581052,0.03480973598645121,-0.7137184389415808,0.2998612937359392,640,360,280,0.027725411168172658,0.21462003510368588,0.12117272313592928,0.09344731196775662,1.625686547985571,-0.3986507648420702,0.0001147051613011034,-0.30705641879754225
48,200,0.0,0,-999.0,0.75,1,0.04029979446285448,0.009939848976755705,-0.6583857783468441,0.24071758919003178,566,298,268,0.04748748618604953,0.30686472079568355,0.17717610349086654,0.129688617304817,1.077920165129298,-0.33554476114432974,6.869708614220539e-05,-0.30721716073716476
20,60,0.0025,0,-999.0,999.0,1,0.1666869790807508,0.03934931226050331,-0.7310574514759789,0.3506146516335412,203,95,108,0.06653448612104271,0.4187414678541247,0.2426379769875837,0.17610349086654098,2.779413395556793,-0.6583181839664681,5.955044585196835e-05,-0.3086486808958091
30,60,0.005,0,-999.0,2.5,1,0.06693276339512111,0.01635143688407026,-0.6792242862263005,0.2894387440477442,288,153,135,0.058116102190730025,0.37157901579665864,0.21484755899369434,0.1567314568029643,3.2812887491485254,-0.7121829104009036,5.76325917752623e-05,-0.3087887690266928
20,96,0.005,1,-999.0,1.5,1,0.07698067674241349,0.01873919484964559,-0.6786190583002909,0.22716709844869656,529,294,235,0.019989598907885327,0.1416173698238315,0.08080348436585842,0.06081388545797309,1.0477773430379722,-0.31478825981632874,0.00012115672184054673,-0.30921197937806505
48,96,0.01,1,-999.0,0.75,1,-0.2104729810431475,-0.057445270722287445,-0.4929300300498233,-0.1069444597698545,380,225,155,0.01751933953065072,0.08350126763310148,0.050510303581876095,0.032990964051225376,0.12265563737514595,-0.14953386920234113,3.355299155898754e-05,-0.3092575087356918
30,96,0.01,1,-999.0,0.75,1,-0.21730880872348768,-0.059494921614145935,-0.4888250978476455,-0.11836219647059013,375,222,153,0.017454332704934017,0.08155106286160047,0.04950269778326724,0.032048365078333224,0.1343621645912716,-0.16768198808242796,2.9227641948564554e-05,-0.3098255803614982
20,200,0.01,1,-999.0,2.5,1,-0.04058972801299188,-0.010319703787228685,-0.6148910359087234,0.15732998043236723,545,313,232,0.02811545212247286,0.1654098680361438,0.09676266007930832,0.06864720795683547,1.2596045460435623,-0.44236918304288386,9.460381663625412e-05,-0.30989872271997204
20,200,0.005,1,-999.0,999.0,1,0.1107939395495594,0.026653788310798898,-0.7025996308520269,0.278717531764284,605,338,267,0.03305597087694208,0.20714425014626536,0.12010011051160371,0.08704413963466164,1.270906343979982,-0.338025571583942,0.00011156349534993909,-0.31071015052700035
20,60,0.005,1,-999.0,1.5,1,0.060607750676815675,0.014839719897015824,-0.6727605018410754,0.2109941809181538,496,279,217,0.02278489241370344,0.12861600468049145,0.07570044854709744,0.05291555613339401,1.1481333059628858,-0.3672596439709801,0.0001229086267422929,-0.3109908219776142
48,200,0.0025,1,-999.0,999.0,1,0.08783011314980782,0.02129874604306292,-0.6930920922685371,0.26899285669775896,690,379,311,0.03104075927972437,0.2419879087304167,0.13651433400507054,0.10547357472534616,1.8424767494008503,-0.45957774861636413,0.00010085710162510502,-0.3117976572563177
20,200,0.005,1,-999.0,0.75,1,-0.21414847331502707,-0.05854566733772271,-0.49891512250488546,-0.09152549136054403,458,263,195,0.017714360007800817,0.10137814470519405,0.05954625235649743,0.041831892348696616,0.09063441534671601,-0.09397618916279071,4.338028273632943e-05,-0.31257950315819266
30,60,0.01,1,-999.0,999.0,1,0.08353070177178856,0.020286747141501804,-0.690992691290687,0.2493092362594184,467,264,203,0.030098160306832218,0.14568029643112526,0.08788922836897874,0.057791068062146525,1.6441921797834564,-0.4824154226973111,0.00012674388165707584,-0.31274413669087076
48,60,0.0025,1,-999.0,0.75,1,-0.1865909098666595,-0.05038729115259455,-0.5185922079486263,-0.06830732936995546,448,255,193,0.014756549437690957,0.09425989728921537,0.054508223363453165,0.039751673925762204,0.2796003540720535,-0.20468172395490125,5.3850453941576434e-05,-0.31309876159540545
20,60,0.0,1,-0.2,0.75,1,-0.317818600467912,-0.09130519368721846,-0.40771170741110374,-0.3770420469414307,609,367,242,0.008710914646037834,0.055450822336345316,0.03208086849119157,0.02336995384515374,0.18284537888539187,-0.21792637895404554,5.722166716516273e-06,-0.31401314973984185
30,200,0.0025,1,-999.0,0.75,1,-0.20680510879176828,-0.056350977139061564,-0.5101697843333122,-0.07502682628497025,513,290,223,0.016706754209191967,0.11278684261847494,0.06474679841383345,0.04804004420464149,0.21444159753886716,-0.15583436813604012,5.1336850563658044e-05,-0.3151872106199662
30,120,0.0,1,-0.2,0.75,1,-0.3158466593218908,-0.09064832730530592,-0.41360211071790964,-0.35695433986455444,689,408,281,0.00770330884742898,0.06269908340375739,0.035201196125593186,0.027497887278164206,0.11268757602240109,-0.13217515746007902,2.9859889302853698e-05,-0.3152970996574885
20,60,0.0,0,-999.0,2.5,1,-0.009837290628761819,-0.0024718270421153488,-0.6508859023051163,0.2506727214032073,364,190,174,0.054930767730611715,0.4179938893583826,0.23646232854449717,0.18153156081388547,3.4788129288249694,-0.734780772485035,4.923697655643111e-05,-0.3153811421245132
12,200,0.005,1,-999.0,999.0,1,0.09218627990983674,0.022321050638435924,-0.7031538441490813,0.26717405341529094,600,338,262,0.03276344016121693,0.20665669895339012,0.11971006955730351,0.08694662939608659,1.242894765326772,-0.3426317161380996,0.00010876604638378236,-0.3158971687653402
48,96,0.0,1,-0.2,0.75,1,-0.31707518450675887,-0.09105739005698843,-0.41525529371011116,-0.3588402570188455,685,402,283,0.007150750828837028,0.06227653903659884,0.03471364493271793,0.02756289410388091,0.11709569001014741,-0.1388762314478289,2.8138336303568863e-05,-0.3166270497629863
48,120,0.0,1,-999.0,2.5,1,0.002893245653512011,0.0007235187670620036,-0.6555114440015903,0.1975363393521576,705,394,311,0.021972307092244684,0.21042709484495872,0.1161997009686017,0.09422739387635702,1.917610712774532,-0.5109486621414778,9.643590308162938e-05,-0.31715538626612527
30,96,0.005,1,-999.0,0.75,1,-0.21900365477095485,-0.06000517828019558,-0.5041976531849901,-0.11282321669742894,423,244,179,0.016154196190600014,0.09143210037053891,0.05379314828056946,0.037638952089969445,0.1829491067531115,-0.1842460323390861,3.5723147028666175e-05,-0.31774516570756206
20,120,0.0025,1,-999.0,0.75,1,-0.2016327550467022,-0.05481425639276094,-0.5176939319203848,-0.08250020070687387,469,268,201,0.016836767860625365,0.10147565494376909,0.059156211402197234,0.04231944354157186,0.2796658680623956,-0.21118774488881964,4.854054991960806e-05,-0.31778623238829706
20,200,0.0,1,-0.2,0.75,1,-0.32265441852499277,-0.09292208288274506,-0.41557907101833036,-0.3473178900933465,755,447,308,0.00799583956315413,0.06734707144250146,0.0376714555028278,0.029675615939673664,0.06493543435131,-0.0721576499697254,4.2267923687053196e-05,-0.31807751289657754
12,60,0.0025,0,-999.0,0.75,1,0.014427184127543846,0.0035923716758101687,-0.66311911401405,0.19757631459298466,461,252,209,0.04231944354157186,0.21738282519664565,0.12985113436910875,0.0875316908275369,1.0145220619671567,-0.3658693228363059,7.350470300584918e-05,-0.3180883696015656
12,60,0.0,1,-999.0,999.0,1,0.08479256518061806,0.020584077197637995,-0.7032472107221022,0.25838114934034306,622,338,284,0.029415588636806864,0.19414288500292531,0.11177923681986608,0.08236364818305922,1.9092271833036398,-0.4910578446941226,0.00011370025523658954,-0.31812047069639593
48,60,0.005,1,-999.0,1.5,1,0.05476899803272617,0.013438211247854825,-0.6842430126727956,0.2083236252228296,524,293,231,0.019112006760709874,0.13748943639082103,0.07830072157576545,0.05918871481505558,1.089167090189382,-0.3438580718301225,0.00011862767747549935,-0.3182671138274015
30,120,0.01,1,-999.0,0.75,1,-0.22493264912386735,-0.061796740771699055,-0.5015419314496998,-0.1260617973567768,383,227,156,0.018494441916401223,0.08441136319313527,0.051452902554768254,0.03295846063836703,0.1189402425593371,-0.16107962649524665,2.6632284313705373e-05,-0.3188707963643878
12,96,0.01,1,-999.0,2.5,1,-0.06216459802000407,-0.015938811620447524,-0.6190008306453909,0.12894720371400203,489,282,207,0.0256126893323799,0.14203991419099005,0.08382630176168497,0.058213612429305076,1.4182418214543082,-0.5047340726454749,9.326686473068697e-05,-0.3189918667574429
48,60,0.01,1,-999.0,999.0,1,0.06618964577555664,0.016174176062922152,-0.6964844691473943,0.23917225264806483,486,277,209,0.03071572515114087,0.15292855749853734,0.09182214132483911,0.06110641617369824,1.4587557629035124,-0.4470587104473932,0.00012074375383894403,-0.32010944587837176
30,120,0.01,1,-999.0,999.0,1,0.07385886017563958,0.017999129920574175,-0.7010972037488408,0.24748364462937977,508,292,216,0.031203276344016123,0.16771761034908667,0.0994604433465514,0.06825716700253527,1.4723300138331088,-0.4400114477695466,0.00011580244964707223,-0.32017528972237724
48,200,0.005,0,-999.0,0.75,1,0.015043266497005048,0.0037449213718914187,-0.6700836881692953,0.21750620256416045,468,258,210,0.045537281414548526,0.25934473119677565,0.1524410063056621,0.10690372489111356,0.8951722250657999,-0.3231597220755943,6.932314597511725e-05,-0.3204216125845482
30,96,0.0,1,-999.0,999.0,1,0.10528425227253213,0.025376580914213243,-0.7194528320536748,0.27389685187655544,656,357,299,0.024377559643762595,0.20906195150490803,0.11671975557433531,0.0923421959305727,2.035059760436576,-0.4944187611959149,0.00011272290295594407,-0.3206549925187964
12,200,0.0,1,-999.0,999.0,1,0.08749858089212137,0.021220816511943408,-0.7113851908401738,0.2684044406489837,714,394,320,0.03091074562829097,0.24224793603328348,0.13657934083078724,0.10566859520249626,1.5306821435009756,-0.3858520564925084,0.00010212739146767457,-0.3210515568756943
48,200,0.005,1,-999.0,999.0,1,0.05483360228144796,0.01345375035143248,-0.6949110064108031,0.24628277875594923,629,351,278,0.03399856984983423,0.21972307092244686,0.12686082038614055,0.09286225053630631,1.3846714664444173,-0.39413596464254474,0.0001007814619676448,-0.32168761391617157
48,96,0.005,1,-999.0,0.75,1,-0.2190382736592409,-0.06001560941902406,-0.5148746587136289,-0.10990784358307054,430,247,183,0.01563414158486641,0.09344731196775662,0.05454072677631151,0.0389065851914451,0.1744486368854805,-0.17549672150565476,3.6883413710474474e-05,-0.32294833095499204
48,96,0.0,1,-999.0,999.0,1,0.08562716512314617,0.02078058969187979,-0.71501885567907,0.2632460249499627,675,370,305,0.0257427029838133,0.21764285249951246,0.12169277774166287,0.09595007475784957,1.9394540137608103,-0.4823632818103494,0.00010804352430848932,-0.3235665369001571
12,60,0.005,0,-999.0,2.5,1,0.07192736457966697,0.017540437186609692,-0.710700119026143,0.2846477807604399,329,176,153,0.05954625235649743,0.3484365858415134,0.2039914190990054,0.14444516674250796,3.1793696627914576,-0.6976472795581952,6.09130814135822e-05,-0.32357723328843985
12,60,0.01,1,-999.0,999.0,1,0.04811644954132688,0.011834256236692431,-0.6942647073654302,0.22442143958437832,462,263,199,0.029968146655398816,0.14542026912825848,0.08769420789182865,0.05772606123642982,1.4818754129142526,-0.4679203188816331,0.0001188953911781136,-0.3240770254668038
12,60,0.0,1,-0.2,0.75,1,-0.3257161346736219,-0.09395026794419836,-0.4216536598263243,-0.38603403107228285,636,385,251,0.008970941948904635,0.057596047584996424,0.03328349476695053,0.024312552818045896,0.09887373416325462,-0.15659696766158515,7.505801838238659e-06,-0.32407879941097467
12,60,0.0025,1,-999.0,999.0,1,0.06801404968307811,0.016609198100339784,-0.708059313332017,0.24495791505212128,568,315,253,0.030228173958265617,0.1796788662809595,0.10495352011961256,0.07472534616134695,1.7680386308434826,-0.4874039006530513,0.00011349920332642357,-0.32517256281306267
48,120,0.0025,0,-999.0,0.75,1,0.0012701654009386054,0.0003178253616840099,-0.672956860102249,0.20518596264868957,488,260,228,0.041864395761554964,0.2654878762270038,0.1536761359942794,0.11181174023272443,1.1436628635731654,-0.40380387938560525,6.618690214183505e-05,-0.325901306557006
48,120,0.01,1,-999.0,0.75,1,-0.23350191176316015,-0.064404356515956,-0.5096704351247041,-0.13484572570276582,390,230,160,0.017551842943509068,0.08580900994604433,0.0516804264447767,0.034128583501267636,0.10046982934949722,-0.15347158874906275,2.3974703854238915e-05,-0.32598186036344634
48,200,0.01,1,-999.0,0.75,1,-0.25028386805030256,-0.06957506443216899,-0.4994209544350632,-0.1431106348562084,413,243,170,0.01768185659494247,0.09250471299486446,0.05509328479490346,0.037411428199960996,0.11174450910805356,-0.1709206444905933,2.175644068562096e-05,-0.326441073392511
20,120,0.01,1,-999.0,0.75,1,-0.24747714924481623,-0.06870428171645693,-0.5007054723329695,-0.1574384955790315,381,226,155,0.018234414613534422,0.08369628811025158,0.050965351361893,0.03273093674835858,0.09924335222848502,-0.17171531149566066,1.477844985173909e-05,-0.32692894266189326
30,60,0.005,1,-999.0,0.75,1,-0.24556597642384592,-0.06811273397994011,-0.5037926478324815,-0.15944217495600657,393,231,162,0.016576740557758565,0.08301371644022622,0.04979522849899239,0.03321848794123383,0.15697561595422727,-0.20629837846002097,1.7124569956533315e-05,-0.3279811666439812
48,120,0.0025,1,-999.0,0.75,1,-0.2040997508912462,-0.05554627384616262,-0.5409005816168626,-0.08220245763035133,484,275,209,0.01566664499772476,0.10576610544107132,0.06071637521939804,0.04504973022167327,0.2577687444945347,-0.1939102654469429,4.873648033773116e-05,-0.3301066875361115
48,60,0.01,1,-999.0,0.75,1,-0.24653873970089746,-0.06841368388709301,-0.5074397572594058,-0.16116360714084202,365,215,150,0.016479230319183514,0.07810570109861535,0.04729246570889943,0.03081323538971592,0.08841720924803464,-0.1691089288297477,1.1754884768203185e-05,-0.330191742873838
20,96,0.01,1,-999.0,999.0,1,0.050856083806370744,0.012495714281250292,-0.709952695762637,0.22913548880198573,490,279,211,0.029415588636806864,0.15669895339010595,0.09305727101345641,0.06364168237664955,1.511454606454803,-0.4653781954546017,0.00011567490029410904,-0.3310238591599689
30,120,0.005,1,-999.0,0.75,1,-0.2332160199113147,-0.06431700848532962,-0.5208136832341079,-0.12848128232801026,433,250,183,0.017031788337775466,0.09471494506923227,0.05587336670350387,0.0388415783657284,0.1565420324562683,-0.17669665638344423,3.0595386721589486e-05,-0.3311479142187841
12,200,0.01,1,-999.0,2.5,1,-0.08949359537653179,-0.02319742113489276,-0.6278789679247623,0.1176491185935478,541,314,227,0.02775791458103101,0.16440226223753493,0.09608008840928298,0.06832217382825197,1.1262393475924295,-0.43872345951306513,8.433567478754181e-05,-0.3312544491675965
20,60,0.01,1,-999.0,999.0,1,0.032046541554185515,0.007928012748803281,-0.7006232036654281,0.21245438820025395,460,262,198,0.03087824221543262,0.14295000975102387,0.08691412598322824,0.05603588376779562,1.5293330429925658,-0.4864225149022082,0.00011690156928496548,-0.33176086967389806
30,60,0.005,1,-999.0,1.5,1,0.011096823743055095,0.002766528167956306,-0.687851132782056,0.1687286218172324,501,279,222,0.021387245660794384,0.1300786582591172,0.0757329519599558,0.05434570629916141,1.1919016766775998,-0.4073617862021306,0.00011023584024116474,-0.3327226071322101
30,96,0.0025,1,-999.0,999.0,1,0.06180291608159538,0.015125888675610266,-0.7234513585918247,0.24378788257571404,605,337,268,0.025515179093804848,0.19583306247155952,0.11067412078268218,0.08515894168887733,1.8370074692800697,-0.4934872642018038,0.0001079926323551397,-0.3344103964915164
20,200,0.0025,1,-999.0,2.5,1,-0.0428061737247718,-0.010892577647705903,-0.665602468872964,0.16487924532633272,681,379,302,0.024150035753754143,0.20863940713774948,0.1163947214457518,0.09224468569199766,1.5928792903040732,-0.4810424404633701,8.860914685646155e-05,-0.3354498498178713
48,200,0.01,1,-999.0,2.5,1,-0.13050621744179514,-0.034403224511380115,-0.6115529537397375,0.08752567096944806,558,320,238,0.027172853149580706,0.17363323148930637,0.10040304231944354,0.07323018916986283,1.162509901503332,-0.46849563099473446,7.430268045403907e-05,-0.33580341783277645
20,96,0.0,1,-0.2,0.75,1,-0.350360350657416,-0.10235641076861379,-0.4247458437113577,-0.42958727192342905,653,389,264,0.008060846388870831,0.05902619775076383,0.03354352206981733,0.0254826756809465,0.08496726127333165,-0.1699801109973751,-7.954178534027589e-06,-0.3362086962204641
30,120,0.0,1,-999.0,999.0,1,0.06948332509895083,0.016959136329257163,-0.731866951841244,0.2530254488222393,675,371,304,0.026197750763830203,0.22004810505103037,0.12312292790743028,0.09692517714360008,1.8603415855458225,-0.4759567143950536,0.00010464828586500138,-0.33632306715025284
20,120,0.005,1,-999.0,0.75,1,-0.2529274373900252,-0.07039746788620094,-0.5171725317431874,-0.15530638962777688,430,248,182,0.017031788337775466,0.09419489046349867,0.05561333940063707,0.0385815510628616,0.14490391200201702,-0.19092196321469868,2.1139727276095814e-05,-0.3367490532391835
30,200,0.01,1,-999.0,0.75,1,-0.2630699419757929,-0.07357314737311138,-0.5109753751652286,-0.16349407493350662,409,238,171,0.01758434635636742,0.0903919911590717,0.053988168757719564,0.03640382240135214,0.05854080123129224,-0.14581075150382472,1.4580638477977812e-05,-0.337235538702401
12,200,0.0025,1,-999.0,999.0,1,0.05074489068653332,0.012468892968848788,-0.7246625437296825,0.24294654623291004,659,370,289,0.030098160306832218,0.22550867841123318,0.1278034193590327,0.09770525905220048,1.4101903687997073,-0.39384769782356244,9.945155494180297e-05,-0.33771505158434695
12,96,0.005,1,-999.0,2.5,1,-0.08094459032554802,-0.020909444927372234,-0.6459729849346945,0.11948930643582854,555,311,244,0.023564974322303842,0.16196450627315867,0.09276474029773127,0.06919976597542742,1.4476180911921652,-0.5043844783675318,8.683170754838557e-05,-0.33792147207292805
20,200,0.0,1,-999.0,2.5,1,-0.053037648366806245,-0.0135500219403073,-0.6671564562686052,0.1600357335797523,737,405,332,0.0254826756809465,0.22368848729116558,0.12458558148605603,0.09910290580510954,1.7933466230259762,-0.5098991877390263,8.614198837994005e-05,-0.3391264633956223
12,120,0.01,1,-999.0,999.0,1,0.037826645635020695,0.00933824660039706,-0.7203197900135432,0.22147850899137417,497,281,216,0.029025547682506665,0.1637196905675096,0.09637261912500812,0.06734707144250146,1.6691416558443515,-0.5014572993938314,0.0001098651350435468,-0.33974772295680583
48,96,0.01,1,-999.0,2.5,1,-0.10543452247051499,-0.027507073815684513,-0.6387046415556445,0.09770712981455715,519,302,217,0.02577520639667165,0.15305857114997073,0.0894168887733212,0.06364168237664955,1.3778374997333458,-0.5122945995484376,8.19492031041538e-05,-0.34197403810277893
48,60,0.005,1,-999.0,0.75,1,-0.2546707591931916,-0.07094100252269187,-0.5265340225426689,-0.16369164323118024,412,237,175,0.015504127933433011,0.08746668400182019,0.0514854059676266,0.03598127803419359,0.14123300549614548,-0.19747074416180677,1.7155279124684514e-05,-0.34239259595558535
48,120,0.0025,1,-999.0,2.5,1,-0.05984956085414039,-0.015331254748421674,-0.6706850985446879,0.14771801628610806,658,373,285,0.021484755899369434,0.19797828772021062,0.10973152180979003,0.08824676591042059,1.600827886703247,-0.4976523704253669,8.698731966083473e-05,-0.34328790320646024
48,60,0.0,1,-999.0,999.0,1,0.03551365836112419,0.008774630736727795,-0.7283952357387632,0.22713976452917445,642,350,292,0.0263277644152636,0.19840083208736917,0.11236429825131639,0.08603653383605278,1.798196084263029,-0.4898227605479136,0.00010600663270261181,-0.3440659989061951
12,60,0.005,1,-999.0,999.0,1,0.03322123960331935,0.008215094911741438,-0.7280438869407644,0.21935453932117047,527,292,235,0.03087824221543262,0.16752258987193655,0.09920041604368458,0.06832217382825197,1.5717351338662895,-0.47708355274302894,0.00011011023831212001,-0.34483912159258223
30,96,0.005,1,-999.0,999.0,1,0.027752749600967075,0.006876572624233024,-0.725495361965379,0.21892653463876433,562,314,248,0.02785542481960606,0.18218162907105245,0.10501852694532926,0.0771631021257232,1.5232205745121057,-0.46048850931880625,0.00010528596384110555,-0.34492478162651824
48,120,0.005,1,-999.0,2.5,1,-0.08724025344625774,-0.02259279996274599,-0.6571134708481514,0.12246075583111984,603,346,257,0.023499967496587143,0.18075147890528506,0.1021257232009361,0.07862575570434896,1.2489329684159145,-0.45127783903753305,8.375004679473842e-05,-0.3450264975952657
30,60,0.0,1,-0.2,0.75,1,-0.3564369116220012,-0.10446577962040993,-0.4390649050144253,-0.4539987416202259,610,365,245,0.008385880517454333,0.05551582916206202,0.031950854839758173,0.023564974322303842,0.13934152282360968,-0.2336447361667171,-2.8471153180275436e-05,-0.3466981692086339
20,96,0.0025,1,-999.0,0.75,1,-0.2597663964287146,-0.0725352088243355,-0.5334496902248804,-0.16222597616373757,455,263,192,0.017064291750633818,0.09591757134499122,0.05649093154781252,0.039426639797178704,0.19293518485936523,-0.220926106103832,2.237762044417093e-05,-0.3473713527449626
30,200,0.0,1,-0.2,0.75,1,-0.3580294070892617,-0.10502105370528647,-0.4452506063399294,-0.4094344569155728,765,450,315,0.007800819086004031,0.06786712604823507,0.037833972567119546,0.030033153481115515,0.08072822196171403,-0.1291209876636259,1.8965723960968518e-05,-0.3481180797210298
20,96,0.01,1,-999.0,0.75,1,-0.282147149685134,-0.07963621692581768,-0.5177208207530537,-0.21117344228656026,371,221,150,0.01768185659494247,0.07963336150295781,0.04865760904895014,0.03097575245400767,0.05806691827831023,-0.18322193357857175,-6.880581888334538e-06,-0.34905529941667257
48,96,0.005,1,-999.0,999.0,1,0.0009264604891392469,0.00023185212239607011,-0.7191011714902253,0.20239951595885927,576,322,254,0.02814795553533121,0.18845478775271404,0.10830137164402262,0.08015341610869141,1.3812445789818968,-0.4393313713505833,9.950374229797153e-05,-0.3491987578247736
12,120,0.0,1,-0.2,0.75,1,-0.3605355234410843,-0.10589698554562943,-0.44253639855775473,-0.44444341652534064,684,409,275,0.008190860040304232,0.061691477605148544,0.03494116882272639,0.026750308782422155,0.0923974965987473,-0.17585887763590702,-7.049437067296103e-06,-0.34938735565077383
48,200,0.005,1,-999.0,0.75,1,-0.28014180360925023,-0.07899324189129797,-0.5238373350980636,-0.17157871499790572,478,276,202,0.01732431905350062,0.10651368393681336,0.06191900149515699,0.044594682441656375,0.12625972016931897,-0.18823421810123142,1.8686470501303618e-05,-0.34949084519022505
48,200,0.0025,0,-999.0,0.75,1,-0.07436652674821131,-0.019159790321483072,-0.6788570961409794,0.1603595722376333,526,280,246,0.04452967561593967,0.28694012871351493,0.1657349021647273,0.12120522654878763,0.8718430453973331,-0.35669395211181953,5.702251600725267e-05,-0.3505703597800911
30,200,0.0,1,-999.0,999.0,1,0.020402604114969636,0.0050690407792777226,-0.7354058143705648,0.22688473121045794,733,396,337,0.03123577975687447,0.24731846843918612,0.13927712409803028,0.10804134434115582,1.7592039402395656,-0.4664237507583212,9.323562743465322e-05,-0.3512896298454818
20,60,0.005,0,-999.0,999.0,1,0.08866077132877792,0.021493921289234663,-0.7780553823527421,0.3110299451412751,186,87,99,0.07049990248976143,0.38812325294155886,0.22931157771566013,0.15881167522589873,2.46579309475155,-0.6552617844185731,5.6556213310536584e-05,-0.35198227263007265
20,60,0.0025,0,-999.0,2.5,1,-0.08933674625278443,-0.023155298766556642,-0.6800055544441996,0.2000066627239758,340,180,160,0.056003380354937266,0.38799323929012547,0.22199830982253135,0.1659949294675941,2.967798763849497,-0.727945007249247,4.399071646325096e-05,-0.35315774285245766
20,120,0.01,1,-999.0,999.0,1,-0.02783212839247662,-0.007041460756589402,-0.7099073338192292,0.17452648908766985,507,291,216,0.029773126178248715,0.16550737827471884,0.09764025222648379,0.06786712604823507,1.4792535377962608,-0.4947090656307608,9.708028504580434e-05,-0.3532688032118205
30,60,0.0,1,-999.0,999.0,1,0.011308367740741065,0.002819046227012789,-0.7330649857639293,0.20793120478320049,620,334,286,0.027627900929597608,0.18942989013846454,0.10852889553403107,0.08090099460443347,2.108761049979591,-0.5564309689076891,0.00010370174085257555,-0.35331688641579184
48,96,0.0025,1,-999.0,999.0,1,0.01097680088088171,0.0027367275466094743,-0.7336675601419661,0.21180356955452667,625,347,278,0.026100240525255152,0.20454397711759734,0.11532210882142625,0.0892218682961711,1.729069969149792,-0.4936189026684764,9.830193723987429e-05,-0.35350687404664727
12,120,0.0,1,-999.0,999.0,1,0.019137153875506963,0.00475685988507446,-0.7386482490303581,0.21878474810286758,665,361,304,0.025092634726646298,0.21588766820516153,0.12049015146590392,0.09539751673925763,2.0334240487136235,-0.5314687775715099,9.802106392726371e-05,-0.35362802722496123
48,120,0.005,1,-999.0,0.75,1,-0.26417268829683516,-0.07392039489275826,-0.544722461718059,-0.16690569776896444,444,256,188,0.016219203016316713,0.09656763960215822,0.05639342130923747,0.040174218292920755,0.12569622837879058,-0.18380829092538964,1.865174852486326e-05,-0.354626910640236
12,120,0.0025,1,-999.0,0.75,1,-0.27047059900694714,-0.07591107680035392,-0.5424266353655909,-0.17346089482338228,467,266,201,0.017194305402067216,0.10027302866801015,0.05873366703503868,0.041539361632971464,0.24152508551215512,-0.25780090225018326,1.9310701418831345e-05,-0.35579743922431845
30,200,0.005,1,-999.0,0.75,1,-0.2876858170046218,-0.08141910528414087,-0.5311174882552114,-0.18586690845792644,470,269,201,0.017031788337775466,0.10290580510953651,0.05996879672365599,0.04293700838588052,0.07055582003767191,-0.15832001191567913,1.3921810671149202e-05,-0.3562711948346429
30,60,0.0025,1,-999.0,999.0,1,-3.0276225737591034e-07,-7.579432970139521e-08,-0.7336753753886145,0.19684544589159933,569,313,256,0.028798023792498212,0.17577845673795747,0.10228824026522784,0.07349021647272963,1.9455449308496444,-0.5487451357870065,0.00010333191138375223,-0.356995491194057
20,200,0.005,1,-999.0,2.5,1,-0.10822925969521346,-0.028268555432781728,-0.6687306028051236,0.10999026785731753,624,350,274,0.026782812195280503,0.19073002665279853,0.10875641942403952,0.08197360722875902,1.2436104298580188,-0.4569503563076044,7.877043980278095e-05,-0.3571343434424777
30,200,0.01,1,-999.0,2.5,1,-0.14278599150946714,-0.037835377221415945,-0.6463217459140274,0.07355745976762039,552,314,238,0.02740037703958916,0.1686602093219788,0.09803029318078398,0.07062991614119482,1.1634408569201247,-0.4777968517461314,7.207875752778857e-05,-0.3573183771900486
12,120,0.01,1,-999.0,0.75,1,-0.28285452215752827,-0.07986334334356882,-0.5348867750295061,-0.2089706972204499,376,222,154,0.01794188389780927,0.08262367548592602,0.050282779691867646,0.032340895794058376,0.09846467987240426,-0.2120676196914275,-5.3445883047359975e-06,-0.35775526571934435
30,120,0.0025,1,-999.0,999.0,1,0.013996783043612293,0.0034857577733493628,-0.7461951740733941,0.21385714768663125,623,349,274,0.026880322433855554,0.20655918871481505,0.11671975557433531,0.08983943314047975,1.6615878488579532,-0.4797497050492231,9.764987037171562e-05,-0.3589189718790161
20,96,0.0,1,-999.0,999.0,1,-0.0009029368018691475,-0.00022612018135159673,-0.7378019245810987,0.20309151412778112,650,353,297,0.02571019957095495,0.20421894298901386,0.1149645712799844,0.08925437170902945,1.7744777877766391,-0.5015662576747393,9.832813558501897e-05,-0.3589725067655119
12,200,0.0,1,-999.0,2.5,1,-0.10826785786839677,-0.028279084787744546,-0.6732018113446018,0.11730212458171217,736,409,327,0.025157641552362997,0.22303841903399857,0.12409803029318078,0.09894038874081779,1.6425817048272928,-0.512397038473188,7.760247225162498e-05,-0.35901488423095984
20,60,0.0,1,-999.0,999.0,1,-0.0005041984082474471,-0.00012624625263368827,-0.7380089485475588,0.1995552722874987,611,332,279,0.029090554508223364,0.1880322433855555,0.10856139894688942,0.07947084443866606,1.959791125207663,-0.5416153614359374,0.00010162734180689535,-0.3591529569120382
20,60,0.0025,1,-999.0,999.0,1,-0.0029127660467203054,-0.0007299871938538649,-0.7377311989632189,0.1946614595609141,560,311,249,0.03035818760969902,0.1742182929207567,0.10228824026522784,0.07193005265552883,1.8287287284873068,-0.5335826250160083,0.00010282803775565285,-0.3598625136974176
30,200,0.0025,1,-999.0,999.0,1,0.0003154762442025838,7.896783761474069e-05,-0.7418689008588483,0.21073260929083468,676,371,305,0.029968146655398816,0.2308392381200026,0.13040369238770072,0.10043554573230189,1.602003725561584,-0.46091491167846077,9.181348124275444e-05,-0.36031885212726766
12,200,0.005,1,-999.0,2.5,1,-0.11973104385620958,-0.031421407156788095,-0.6680518934102022,0.10044075638300701,619,350,269,0.026555288305272054,0.1901774686342066,0.10836637846973932,0.08181109016446726,1.2210863060224173,-0.45987073511985377,7.633932843655007e-05,-0.36042531604273886
12,60,0.0,1,-999.0,2.5,1,-0.12836984084033165,-0.03380983141564364,-0.6618600236662029,0.08291293255617982,642,351,291,0.023955015276604045,0.17678606253656634,0.10037053890658519,0.07641552362998115,1.9737205587639362,-0.5959124351780491,7.911003864782797e-05,-0.3605941966209361
48,60,0.0025,1,-999.0,999.0,1,-0.012432260769546954,-0.0031269351379202837,-0.7365352985892206,0.19096264644726965,593,330,263,0.027335370213872456,0.18549697718260416,0.10641617369823832,0.07908080348436586,1.6152679804359047,-0.49201461860407436,9.927495444086564e-05,-0.3618464521101671
48,120,0.0,1,-0.2,0.75,1,-0.3685411241823139,-0.10871243751239124,-0.4622586867742383,-0.45281511875944536,711,418,293,0.007443281544562179,0.0641292335695248,0.03578625755704349,0.02834297601248131,0.09881386319161312,-0.1799294025096625,-5.321185477556034e-06,-0.36248253683748266
20,96,0.0025,1,-999.0,999.0,1,-0.013772913957696198,-0.003465892796515213,-0.7393515516259621,0.19085993619696748,599,332,267,0.026880322433855554,0.1904374959370734,0.10865890918546448,0.08177858675160891,1.6364048709908254,-0.4952590432919096,9.737195047141879e-05,-0.3635986717996479
30,200,0.005,1,-999.0,999.0,1,-0.02949583048705373,-0.0074671367091929675,-0.7315892386006542,0.18756971863341257,620,345,275,0.03295846063836703,0.21107716310212574,0.12201781187024638,0.08905935123187934,1.2186039753088864,-0.4035382791432315,9.024667650955718e-05,-0.36388327007784943
48,200,0.0,1,-999.0,2.5,1,-0.14045320909106374,-0.03718054993313347,-0.6654471403891751,0.09658290692977338,769,420,349,0.026750308782422155,0.239972697133199,0.13336150295781057,0.10661119417538842,1.9738926390420612,-0.575407590389486,7.075298898607731e-05,-0.36507497478123235
48,96,0.0,1,-999.0,2.5,1,-0.11427720853756762,-0.029922584212812242,-0.6808482249314205,0.10433288869269093,693,383,310,0.019372034063576675,0.20009100955600337,0.10973152180979003,0.09035948774621336,2.0649229869064363,-0.5913053759799494,7.936912159285561e-05,-0.36513005224388795
12,60,0.0025,1,-999.0,2.5,1,-0.14250236596081267,-0.037755690391003016,-0.662770571329012,0.06619024291583092,587,327,260,0.024442566469479295,0.16375219398036794,0.09409738022492362,0.06965481375544433,1.7262378292240301,-0.5781417972484859,7.53279063916282e-05,-0.36583146390971744
30,96,0.0,1,-999.0,2.5,1,-0.11977284806955568,-0.031432922640864946,-0.6797854987220122,0.09622279492155929,672,370,302,0.018884482870701425,0.1914776051485406,0.10518104400962101,0.08629656113891959,2.073590342798919,-0.5992179920880567,7.900867055734804e-05,-0.3665145322557931
12,120,0.0025,1,-999.0,999.0,1,-0.013999820106508687,-0.0035232957046765767,-0.7453899491548698,0.19279301456467898,612,338,274,0.0260027302866801,0.2015211597217708,0.11376194500422544,0.08775921471754534,1.8754125291959114,-0.5343022073197333,9.394225339951737e-05,-0.3665786195538775
30,96,0.01,1,-999.0,2.5,1,-0.1662246996096769,-0.04449008081302064,-0.6482875553311829,0.039705126298396134,509,295,214,0.02564519274523825,0.14753299096405123,0.08658909185464474,0.06094389910940649,1.3913279588923997,-0.5502559040644621,6.726055870602031e-05,-0.36664860216369227
20,96,0.005,1,-999.0,0.75,1,-0.30702463431098626,-0.08772691283940737,-0.5381234825296995,-0.23667368916228854,419,243,176,0.016934278099200416,0.0894168887733212,0.05317558343626081,0.03624130533706039,0.0809970645540341,-0.20950208386203983,-8.112152144052395e-06,-0.3686223385623716
30,96,0.0025,1,-0.2,0.75,1,-0.39079359412728043,-0.11668144360570232,-0.4546384492783525,-0.5174860158875366,626,374,252,0.00773581226028733,0.056620945199245924,0.03217837872976662,0.024442566469479295,0.03413272268204981,-0.19433156577743682,-5.387916116217846e-05,-0.36987496903925543
12,200,0.0025,1,-999.0,2.5,1,-0.13000984936901905,-0.03426525752148468,-0.6831050596809519,0.09591473223501659,681,384,297,0.024150035753754143,0.20805434570629916,0.11610219073002666,0.09195215497627252,1.4318603211328957,-0.4970903583245796,7.394320387164024e-05,-0.37102205075020983
48,60,0.0025,1,-0.2,0.75,1,-0.3919664024848911,-0.11710746214863388,-0.4555792610024436,-0.5254869751839704,596,354,242,0.007345771305987129,0.05447571995059481,0.03091074562829097,0.023564974322303842,0.036375923245112185,-0.2095718773643641,-6.687246968566617e-05,-0.3711714414090542
30,120,0.0,1,-999.0,2.5,1,-0.1134293269532548,-0.02969019126918948,-0.6944655403984312,0.10490040352513395,692,385,307,0.02041214327504388,0.20171618019892087,0.11106416173698239,0.0906520184619385,1.976778546424797,-0.5790114309090878,7.876254662573543e-05,-0.3716779412921484
48,200,0.0025,1,-999.0,2.5,1,-0.15474467058862074,-0.04121339459680318,-0.6703654652333052,0.08105408949175356,714,394,320,0.024832607423779497,0.22427354872261587,0.12455307807319768,0.09972047064941819,1.7158444204668508,-0.5551998407329681,6.831006461824309e-05,-0.3723434227388681
30,120,0.005,1,-999.0,999.0,1,-0.04305961587227203,-0.010958146933165103,-0.7405874776373156,0.17104412556472504,574,323,251,0.029448092049665215,0.19099005395566535,0.11021907300266529,0.08077098095300006,1.3221709905425243,-0.4508836504613345,9.041741144303666e-05,-0.3726996794735866
12,120,0.005,1,-999.0,0.75,1,-0.31174913713907737,-0.08928794175124255,-0.5486705103167115,-0.23991178165994748,426,244,182,0.016901774686342064,0.09315478125203146,0.055028277969186766,0.0381265032828447,0.11944541879487525,-0.2391979052358686,-8.262405446916544e-06,-0.3756187859925957
20,120,0.0,1,-999.0,999.0,1,-0.053609618433783424,-0.01369921510817007,-0.7410865578497416,0.1681393228084314,674,367,307,0.024572580120912697,0.21712279789377883,0.12084768900734577,0.09627510888643308,1.811714916356856,-0.528487864499412,8.712989122104159e-05,-0.3758355278926193
30,96,0.0025,1,-999.0,2.5,1,-0.14886558367839509,-0.03954825857252242,-0.680121328055534,0.06725377692470905,622,349,273,0.019632061366443476,0.1797438731066762,0.09968796723655984,0.08005590587011636,1.7682690030913033,-0.5803480711620561,7.238944358763874e-05,-0.37624623375405397
30,60,0.01,1,-999.0,2.5,1,-0.1831838426509168,-0.04939309424301197,-0.6567892022602382,0.014797672484875627,478,274,204,0.02590522004810505,0.13271143470064356,0.07930832737437431,0.05340310732626926,1.4305210704761602,-0.5731775361690032,6.305307142099005e-05,-0.3770478117488873
20,60,0.005,1,-999.0,999.0,1,-0.06100128076452338,-0.015633371024628473,-0.7432900054672049,0.14906097930121842,520,290,230,0.031398296821166224,0.16329714620035105,0.09734772151075863,0.0659494246895924,1.486903330028062,-0.5102765505189443,9.264943573215381e-05,-0.37982532479317
12,120,0.005,1,-999.0,999.0,1,-0.05174149688087348,-0.01321218249373779,-0.7513822169768122,0.16284629714063442,564,312,252,0.02808294870961451,0.18734967171553013,0.10771631021257232,0.07963336150295781,1.5364478038399443,-0.504318753764115,8.89715690054076e-05,-0.38076097612511217
30,60,0.005,1,-999.0,999.0,1,-0.06716532898040228,-0.017255047574207927,-0.7419271011119843,0.14437094198640907,527,292,235,0.030098160306832218,0.16498732366898525,0.09754274198790873,0.06744458168107652,1.5088434106537445,-0.516054631060284,9.11294036474915e-05,-0.38100005103087964
12,200,0.0025,1,-0.2,0.75,1,-0.39756766378301056,-0.11915063980864582,-0.4751352982973581,-0.4984630709539513,706,419,287,0.00783332249886238,0.062569069752324,0.035201196125593186,0.027367873626730807,-0.0018707637115557008,-0.14085633978668777,-2.960054196941107e-05,-0.38164144250502247
20,120,0.0025,1,-999.0,999.0,1,-0.07231114073600131,-0.018615003758336912,-0.7423100886847656,0.15059754949791335,621,345,276,0.02571019957095495,0.20311382695182995,0.11441201326139244,0.08870181369043749,1.672152532681337,-0.5263873910434744,8.428622992789802e-05,-0.38224017062582405
48,200,0.0025,1,-0.2,0.75,1,-0.39872896359122956,-0.11957602923926458,-0.47666927911709966,-0.49471500519433637,740,435,305,0.00767080543457063,0.06487681206526685,0.03627380874991874,0.02860300331534811,0.05170514385222158,-0.1722381055646811,-2.018942911945474e-05,-0.3826464190575312
30,120,0.01,1,-999.0,2.5,1,-0.17323859721708046,-0.046508700486011856,-0.6768006882272846,0.036881095731164826,521,304,217,0.026750308782422155,0.15429370083858804,0.0905220048105051,0.06377169602808296,1.3196498008697715,-0.5374914402270403,6.493061635455836e-05,-0.3830649898130959
20,120,0.0025,1,-0.2,0.75,1,-0.4026611327379156,-0.12102098997461253,-0.47069723860003854,-0.5393765558942643,643,386,257,0.008060846388870831,0.057921081713579924,0.032990964051225376,0.024930117662354548,0.050307028795148145,-0.2155503091254397,-5.85324309418597e-05,-0.383338437069345
20,96,0.005,1,-999.0,999.0,1,-0.0621414613750122,-0.015932734095078782,-0.7502637440352208,0.15279351832368956,556,308,248,0.028472989663914712,0.1779236819866086,0.10319833582526165,0.07472534616134695,1.3660371628670451,-0.4765444190168603,8.998916870834271e-05,-0.3834249301965047
20,60,0.01,1,-0.2,0.75,1,-0.4167127609429617,-0.12624356625769984,-0.4548641921757507,-0.6227116041162092,463,296,167,0.009295976077488137,0.04368458688162257,0.026490281479555355,0.017194305402067216,-0.010957599512137817,-0.2565840397730921,-0.0001703341578004828,-0.38481124255138566
48,200,0.005,1,-999.0,2.5,1,-0.19450708926596183,-0.05270937792382224,-0.6716577626011209,0.041749977722666906,650,364,286,0.027367873626730807,0.20295130988753818,0.1151595917571345,0.08779171813040369,1.2653592029881495,-0.5078407496365884,6.134476360725055e-05,-0.3864507603382493
48,60,0.005,1,-999.0,999.0,1,-0.07782762651292474,-0.02007921858040329,-0.7469553672092579,0.13965336540081233,552,307,245,0.029123057921081715,0.17291815640642266,0.10102060716375219,0.07189754924267049,1.3113760384977464,-0.47418041988902593,8.858864492101957e-05,-0.3865742339149916
48,96,0.0025,1,-999.0,2.5,1,-0.15971263686629378,-0.04262725527535094,-0.6940715129404378,0.06171662725600136,643,360,283,0.019502047715010077,0.18832477410128062,0.10391341090814536,0.08441136319313527,1.7404309391511301,-0.5770689560844311,6.98175845866013e-05,-0.3865771803827698
30,120,0.0025,1,-0.2,0.75,1,-0.40740318441354517,-0.12277307558306327,-0.48062122794843665,-0.5476501277731379,648,386,262,0.00773581226028733,0.05870116362218033,0.03321848794123383,0.0254826756809465,0.025179337733269636,-0.20070688758300836,-6.055187184067575e-05,-0.3904661959459385
20,60,0.01,1,-999.0,2.5,1,-0.2125525285609995,-0.05806738844480819,-0.6634500430354716,-0.016125764371792754,473,272,201,0.026717805369563804,0.1299486446076838,0.0783332249886238,0.05161541961906,1.3249434372612257,-0.5709128266478724,5.4147759116248616e-05,-0.39059869818113363
12,200,0.005,1,-0.2,0.75,1,-0.41066577581222063,-0.12398464541359011,-0.4805266665421083,-0.5360675664830372,638,384,254,0.008353377104595983,0.057043489566404475,0.03269843333550023,0.024345056230904244,-0.04087154914236202,-0.15460538924904144,-6.590117406904622e-05,-0.3910513570087961
20,120,0.005,1,-999.0,999.0,1,-0.09771239895133899,-0.02541225937313618,-0.7442348784573627,0.1282947948220419,573,321,252,0.02808294870961451,0.18877982188129755,0.10843138529545603,0.08034843658584151,1.3738031973123621,-0.49375964178516685,8.069738591431503e-05,-0.39111495886071546
12,200,0.01,1,-0.2,0.75,1,-0.42161169753397865,-0.1280865285242654,-0.46881900608530647,-0.5813209434509321,556,345,211,0.008613404407462784,0.05132288890333485,0.029968146655398816,0.021354742247936032,-0.08816729129823753,-0.1623388115193194,-0.0001142617149746021,-0.39156207873946525
30,96,0.01,1,-0.2,0.75,1,-0.4246601753665894,-0.12923926926635498,-0.4633889597223033,-0.6215317527569932,510,322,188,0.008450887343171032,0.04784502372749139,0.02814795553533121,0.019697068192160178,-0.07216636824992106,-0.19974736205504307,-0.0001463514982478562,-0.3920103367653563
48,60,0.01,1,-999.0,2.5,1,-0.21277699485756474,-0.0581346134311691,-0.6669354977183879,-0.00926311223118861,497,288,209,0.026035233699538453,0.1401222128323474,0.08307872326594293,0.057043489566404475,1.24163008099598,-0.5497196453541867,5.492442876899773e-05,-0.39206551790192246
48,60,0.01,1,-0.2,0.75,1,-0.4262446772725108,-0.12984023665234412,-0.461418007715253,-0.6316771966227465,487,304,183,0.00783332249886238,0.04618734967171553,0.027010336085288956,0.019177013586426574,-0.07675480260552969,-0.2071576809424357,-0.00016251145705499493,-0.39213310034110793
20,60,0.0025,1,-999.0,2.5,1,-0.17913161706489078,-0.04821467672000623,-0.6908700174702795,0.03029987352263349,578,322,256,0.024540076708054345,0.15832412403302346,0.09143210037053891,0.06689202366248456,1.7805281816796934,-0.6058253226747865,6.7357859634295e-05,-0.39213469177901433
48,60,0.0,1,-999.0,2.5,1,-0.17670171668703127,-0.047510133617205685,-0.6935382196582068,0.04287898216949325,657,362,295,0.02047715010076058,0.1811740232724436,0.10082558668660209,0.08034843658584151,1.8351428705520925,-0.5966484999350614,6.917101441543994e-05,-0.39213529433783445
30,120,0.0025,1,-999.0,2.5,1,-0.15606029035538616,-0.04158720629819279,-0.7076585345885514,0.06479256343139997,641,362,279,0.02073717740362738,0.18968991744133135,0.10521354742247936,0.08447637001885198,1.6689381309671392,-0.5642884158815831,6.984577632728306e-05,-0.39217684542089853
30,96,0.005,1,-0.2,0.75,1,-0.41494050253839876,-0.12557970721721645,-0.47610634928673967,-0.579768349814046,574,349,225,0.008223363453162581,0.05236299811480206,0.03029318078398232,0.022069817330819735,-0.029679041072923296,-0.1965510105112277,-0.00010096259461754371,-0.3926212993512886
48,96,0.0025,1,-0.2,0.75,1,-0.4095906033455833,-0.12358482372143376,-0.4830689716838312,-0.5517815594009147,645,381,264,0.007313267893128778,0.05847363973217188,0.032893453812650325,0.02558018591952155,0.025208627411863915,-0.2048739067256513,-6.360710635943595e-05,-0.3927083875333951
20,96,0.01,1,-999.0,2.5,1,-0.20514020130452115,-0.055855510722485846,-0.673937963950717,-0.0002180826333812497,504,290,214,0.025092634726646298,0.14353507118247416,0.08431385295456023,0.05922121822791393,1.2896752405521097,-0.5533305770187373,5.700248572665886e-05,-0.3928353968295134
20,60,0.0,1,-999.0,2.5,1,-0.17652402905640419,-0.04745867475814025,-0.6953846228745155,0.037390418376637535,630,344,286,0.023597477735162194,0.17070792433205487,0.09715270103360853,0.07355522329844634,2.0194510206686402,-0.6262683178093337,6.929274629209339e-05,-0.39328146527656616
48,96,0.005,1,-999.0,2.5,1,-0.19221740412056465,-0.05203598274793109,-0.6859087367801397,0.027614840363764447,591,334,257,0.021354742247936032,0.17308067347071443,0.09721770785932522,0.0758629656113892,1.3436338126032417,-0.5367975473643238,6.237363951158816e-05,-0.39360960911981274
12,60,0.005,1,-0.2,0.75,1,-0.41315905746854065,-0.12491392453843941,-0.4801862343709068,-0.5861565594689241,542,333,209,0.008938438536046285,0.049437690957550545,0.029188064746798414,0.020249626210752127,0.009808425410950727,-0.2379128235568193,-0.00011688567141684442,-0.39431486969733903
30,60,0.0,1,-999.0,2.5,1,-0.18080545148432026,-0.048700910477970205,-0.6951158999028966,0.03360236401243699,637,346,291,0.022167327569394785,0.17213807449782226,0.09715270103360853,0.07498537346421374,2.1741240597504685,-0.6450881163542388,6.844667725317965e-05,-0.39457874222879663
30,96,0.005,1,-999.0,2.5,1,-0.19653710417646553,-0.053307605380016554,-0.6845341510478514,0.01944040651762119,575,324,251,0.021842293440811286,0.16687252161476956,0.09435740752779041,0.07251511408697914,1.4143634923999162,-0.5563361341837898,6.096482538749982e-05,-0.3946026605780612
12,60,0.005,1,-999.0,2.5,1,-0.19051733470246912,-0.05153691830080076,-0.6879786799195756,0.017351211254707757,543,302,241,0.0252226483780797,0.15218097900279529,0.08870181369043749,0.0634791653123578,1.4859196545854814,-0.5727708232186913,6.274069282341439e-05,-0.39465869769785317
48,60,0.005,1,-0.2,0.75,1,-0.41888503945388544,-0.12705933205645126,-0.47628490515954847,-0.59464739338524,548,330,218,0.00770330884742898,0.05047780016901775,0.029090554508223364,0.021387245660794384,-0.02902801933067556,-0.21280594464601754,-0.00011828615708054746,-0.3949341543054875
20,96,0.0,1,-999.0,2.5,1,-0.18416700318946366,-0.049679665116406424,-0.6952381802264765,0.03755581238510083,671,366,305,0.020184619385035428,0.18640707274263799,0.1032958460638367,0.08311122667880128,1.8075229387181109,-0.5935377746488399,6.725326656467027e-05,-0.39542096461038967
30,60,0.0025,1,-999.0,2.5,1,-0.19058036160778358,-0.051555406153362515,-0.6916317269549528,0.01964670181691725,585,324,261,0.02301241630371189,0.1599167912630826,0.09146460378339726,0.06845218747968537,1.8978191713373498,-0.6257469397731248,6.460759238669262e-05,-0.396388934539993
20,200,0.0025,1,-0.2,0.75,1,-0.41383895135544135,-0.12516784349297494,-0.4893115368300547,-0.5318054798304742,708,420,288,0.007800819086004031,0.06273158681661574,0.03526620295130989,0.027465383865305858,-0.008278362728230237,-0.15781818180303853,-4.319931026917125e-05,-0.396413885899526
12,60,0.01,1,-999.0,2.5,1,-0.22693848557468832,-0.06240516942810881,-0.665301182571904,-0.030041470941576047,476,274,202,0.026035233699538453,0.13258142104921017,0.07930832737437431,0.053273093674835854,1.265732100363583,-0.5670941732122923,4.918308688137554e-05,-0.3965578342611396
12,120,0.0,1,-999.0,2.5,1,-0.18000616852984097,-0.04846863319164496,-0.7007049899763058,0.044992624906024375,687,375,312,0.019307027237859976,0.19768575700448546,0.10849639212117272,0.08918936488331275,2.0909565030586674,-0.6259452674801419,6.64723913335893e-05,-0.39657149693449667
12,60,0.01,1,-0.2,0.75,1,-0.4260964456998161,-0.12978396290103278,-0.4705092830790085,-0.6416814901160947,476,303,173,0.009230969251771436,0.04465968926737308,0.026945329259572257,0.017714360007800817,-0.036632105902464684,-0.24415162859632755,-0.00017329350230049746,-0.3971226789463418
20,96,0.0025,1,-999.0,2.5,1,-0.1952871692734386,-0.05293912675276491,-0.6928748823269458,0.02261960580156419,619,344,275,0.021029708119352532,0.17405577585646492,0.09754274198790873,0.0765130338685562,1.570533339026018,-0.5733561969238291,6.336780325208573e-05,-0.39824558762615964
20,60,0.005,0,-999.0,2.5,1,-0.1558088390201796,-0.04151572678883253,-0.7295580165359346,0.15187128177489764,312,166,146,0.05993629331079763,0.3583176233504518,0.20912695833062472,0.14919066501982708,2.5548610132427627,-0.7224219903185067,3.8229858605338957e-05,-0.3987011709680549
12,96,0.01,1,-0.2,0.75,1,-0.43728164270659764,-0.13406120802712285,-0.4649955834072288,-0.6587408584133532,496,316,180,0.009100955600338035,0.04660989403887408,0.02785542481960606,0.018754469219268023,-0.07161336166904819,-0.2232269156340133,-0.00017159704570354764,-0.3994960426514049
20,60,0.0025,1,-0.2,0.75,1,-0.4160359425181759,-0.1259898629002546,-0.4881435596866155,-0.5892912071803945,570,348,222,0.009035948774621336,0.0515504127933433,0.03029318078398232,0.02125723200936098,0.09318435838697248,-0.2896087728628566,-0.00010593805343427869,-0.3995262031025821
48,96,0.01,1,-0.2,0.75,1,-0.42584478537060755,-0.1296884490202721,-0.478192095754848,-0.6199803822238666,521,326,195,0.008353377104595983,0.04898264317753364,0.028668010141064813,0.02031463303646883,-0.06813040737518095,-0.20046739641833677,-0.00014011447357205984,-0.39978351600888945
20,120,0.01,1,-0.2,0.75,1,-0.43062604803683413,-0.13150849791761943,-0.4745376529016213,-0.6319463567779645,524,330,194,0.008483390756029384,0.048917636351816944,0.02870051355392316,0.02021712279789378,-0.058425475161298035,-0.21411951374228066,-0.0001449867687238966,-0.4003746422073283
30,120,0.0,1,0.2,0.75,1,-0.4202085750575806,-0.12755748686210444,-0.47479064085238,-0.7159444659254967,572,319,253,0.0032828446986933628,0.035526230254176686,0.019404537476435026,0.016121692777741663,-0.06263008229281875,-0.1766204806566284,-0.00017765950706544122,-0.40075003058456926
12,96,0.0025,1,-0.2,0.75,1,-0.426141063502551,-0.1298009001915179,-0.4827844198675847,-0.5992857736640752,614,374,240,0.008938438536046285,0.05541831892348697,0.03217837872976662,0.02323994019372034,0.008903406377902101,-0.22675466256086563,-9.43390067060933e-05,-0.40115739880851403
12,60,0.0025,1,-0.2,0.75,1,-0.41668087501964657,-0.12623160896273133,-0.4931853171992867,-0.582699344028118,592,362,230,0.009100955600338035,0.053370603913410905,0.03123577975687447,0.022134824156536437,0.012870441685106648,-0.22565297638354853,-9.527610160847093e-05,-0.4019592347637806
20,120,0.0,1,0.2,0.75,1,-0.4261763468044719,-0.12981429472657613,-0.47216062827774075,-0.7338955993827666,567,318,249,0.0034453617629851135,0.035103685887018135,0.019274523825001624,0.01582916206201651,-0.07255228878076425,-0.17843432008544835,-0.0001920149189971183,-0.40258938883458484
30,120,0.01,1,-0.2,0.75,1,-0.4293322329105277,-0.13101486335331025,-0.48136158310879484,-0.6285006067721539,525,330,195,0.008580900994604434,0.04921016706754209,0.028895534031073263,0.02031463303646883,-0.0668666246458185,-0.20481087586390923,-0.00014223628287630957,-0.4031206852463154
30,96,0.0,1,0.2,0.75,1,-0.43021551866184415,-0.13135177597332015,-0.47030592826665674,-0.7475680134967394,552,310,242,0.0032828446986933628,0.034226093739842686,0.018754469219268023,0.01547162452057466,-0.07418174081937778,-0.18888930449839159,-0.00021117039461186825,-0.40388314078148546
20,120,0.005,1,-0.2,0.75,1,-0.4245445260868199,-0.1291954545964007,-0.49012506106660236,-0.5968090348578541,591,360,231,0.008288370278879282,0.05366313462913606,0.03097575245400767,0.02268738217512839,-0.014803626684244842,-0.21502642930120675,-0.0001028454606487235,-0.40409843687259456
48,60,0.0025,1,-999.0,2.5,1,-0.21251392516642498,-0.05805582863499603,-0.6971534206343097,0.004686896638320273,608,341,267,0.021224728596502634,0.1696353117077293,0.09543002015211598,0.07420529155561334,1.553183773364462,-0.5819585483784844,5.9428324863430726e-05,-0.40639819412023487
48,200,0.01,1,-0.2,0.75,1,-0.4377496279932128,-0.1342415507696535,-0.48363977943862946,-0.6108543246414807,575,352,223,0.008060846388870831,0.052720535656243905,0.03039069102255737,0.02232984463368654,-0.07208164902076264,-0.19218692787916702,-0.00012198767426349088,-0.4066041567210423
30,200,0.0,1,-999.0,2.5,1,-0.19601029734835806,-0.053152251292571284,-0.7118426203211223,0.044909770696741014,756,412,344,0.0253526620295131,0.22804394461418448,0.12669830332184878,0.1013456412923357,1.7731543407179307,-0.5768631837227142,6.289071035942825e-05,-0.4068280729182954
12,120,0.0025,1,-999.0,2.5,1,-0.2072698780495903,-0.05648942884737007,-0.7044174856688703,0.015080729987169066,633,351,282,0.019892088669310276,0.18474939868686213,0.1023207436780862,0.08242865500877593,1.8231178196442652,-0.614623759297181,5.9219153641481173e-05,-0.40794413518244677
48,200,0.005,1,-0.2,0.75,1,-0.430551035418972,-0.1314798550966767,-0.4980546865868143,-0.571850027009083,667,398,269,0.008158356627445882,0.05892868751218878,0.03354352206981733,0.02538516544237145,-0.02376208579571859,-0.18572224923029723,-7.388264659275343e-05,-0.409099699740538
30,120,0.005,1,-0.2,0.75,1,-0.42622365023705777,-0.12983225341053894,-0.49935265492606284,-0.5995034175473799,592,359,233,0.008320873691737632,0.05395566534486121,0.03113826951829942,0.02281739582656179,-0.03273484623247214,-0.20240868539528833,-0.00010361350134801476,-0.4094837517509394
48,96,0.005,1,-0.2,0.75,1,-0.4263141419994415,-0.12986661157804757,-0.4994316133226705,-0.5990978366932183,588,354,234,0.008060846388870831,0.05363063121627771,0.030845738802574272,0.02278489241370344,-0.028592843145092917,-0.2075217450467316,-0.00010547063152740401,-0.40953731007404376
20,200,0.01,1,-0.2,0.75,1,-0.44113917745837716,-0.13555111742414772,-0.4867526782406155,-0.6235931519851614,560,347,213,0.008613404407462784,0.05158291620620165,0.030098160306832218,0.021484755899369434,-0.09229355789781701,-0.18531238602674582,-0.00013389729530800617,-0.41010711414371354
30,200,0.0025,1,-999.0,2.5,1,-0.20147118246619256,-0.054766373089371045,-0.714540234093308,0.03571890481099248,699,385,314,0.02379249821231229,0.21322238835077684,0.11850744328154456,0.09471494506923227,1.536732158929755,-0.5534810861726434,6.08525329819473e-05,-0.4102505448954754
12,120,0.01,1,-999.0,2.5,1,-0.22948146209603326,-0.06317823194320604,-0.692194056973157,-0.021096815496680417,511,292,219,0.024735097185204447,0.15045829812130274,0.08759669765325359,0.06286160046804914,1.4397611007336972,-0.5922201337183355,4.935192078901543e-05,-0.41033010120461855
20,60,0.005,1,-0.2,0.75,1,-0.4342666164733452,-0.13290202561766784,-0.4923761997449534,-0.6407694106897466,525,324,201,0.009230969251771436,0.04810505103035819,0.028668010141064813,0.019437040889293374,0.03262689079211323,-0.287640553001169,-0.00015149536495609044,-0.41112859602463186
12,96,0.005,1,-0.2,0.75,1,-0.43964132068693684,-0.13497168200996779,-0.488506261739001,-0.6413445818189399,562,346,216,0.008938438536046285,0.05132288890333485,0.030130663719690566,0.021192225183644282,-0.04132299108262305,-0.22578592998040914,-0.00013486629992577503,-0.4112920419704153
20,120,0.01,1,-999.0,2.5,1,-0.26074339367452504,-0.07284180862834377,-0.6721502833268558,-0.05193796827779267,521,302,219,0.0254826756809465,0.1523109926542287,0.08889683416758759,0.0634141584866411,1.2603177560738854,-0.5755879333896043,4.132998463072486e-05,-0.4115138487056613
20,120,0.0,1,-999.0,2.5,1,-0.2291881057403946,-0.06308895437574602,-0.6974533715904592,-0.00016392871338234528,694,380,314,0.018981993109276472,0.19898589351881948,0.10898394331404798,0.0900019502047715,1.8444920212640081,-0.6165739986325891,5.664458859758174e-05,-0.41182383660664473
48,96,0.0,1,0.2,0.75,1,-0.43353452309940865,-0.13262125786459356,-0.48686207262938164,-0.7495548830619584,573,319,254,0.003120327634401612,0.03536371318988494,0.019242020412143276,0.016121692777741663,-0.07250282735409841,-0.18657533258214176,-0.00019925387764999607,-0.4135300383323823
20,120,0.0025,1,-999.0,2.5,1,-0.2392107356980745,-0.06615369844329111,-0.6947439582755756,-0.01493133565703425,641,357,284,0.019697068192160178,0.18650458298121303,0.1031008255866866,0.08340375739452642,1.6047362525260067,-0.5975362107011243,5.2379727843982405e-05,-0.4142722443639306
20,200,0.005,1,-0.2,0.75,1,-0.4357959287063785,-0.13348941755491583,-0.5026778394393318,-0.5892500575753867,641,386,255,0.008483390756029384,0.05730351686927127,0.032893453812650325,0.024410063056620947,-0.06093009382569825,-0.17212554260826984,-8.93956815695002e-05,-0.41429084015335105
30,120,0.005,1,-999.0,2.5,1,-0.22666902352056106,-0.06232336497111757,-0.7091349383886705,-0.0051574767997126,589,335,254,0.02310992654228694,0.17496587141649872,0.09903789897939283,0.07592797243710589,1.2823038136230531,-0.5450919091111244,5.34377991054029e-05,-0.41714870800543846
30,60,0.01,1,-0.2,0.75,1,-0.45375160660034763,-0.14047691257644424,-0.48442692543996246,-0.7092447343442346,469,297,172,0.008808424884612885,0.04410713124878112,0.026457778066697003,0.017649353182084118,-0.07355843973634324,-0.2545136971997458,-0.00021456205545779947,-0.4181526120136372
20,96,0.0025,1,-0.2,0.75,1,-0.44692656284220533,-0.13780092667999777,-0.49920961945497055,-0.646315002950688,614,370,244,0.008353377104595983,0.055158291620620165,0.03175583436260807,0.023402457258012092,-0.003988750248340778,-0.245115850894306,-0.0001164980725601347,-0.41972148655501745
20,60,0.005,1,-999.0,2.5,1,-0.24566608240384347,-0.06814369096565187,-0.699467199118866,-0.0399328250830407,535,299,236,0.02571019957095495,0.14798803874406813,0.08684911915751153,0.06113891958655659,1.3991873394403527,-0.5891320154761832,4.7568191555611396e-05,-0.41987393177923693
30,200,0.0025,1,-0.2,0.75,1,-0.44004802160127,-0.13512889646887372,-0.5113970121822433,-0.5845458925773982,718,423,295,0.00763830202171228,0.063219138009491,0.035428720015601635,0.027790417993889358,0.006428678356954265,-0.2032565721385623,-6.346353013377854e-05,-0.4200546971888653
30,200,0.005,1,-999.0,2.5,1,-0.23922851445505733,-0.06615916169434366,-0.7080712672807223,-0.004600581913601266,640,357,283,0.026392771240980304,0.19443541571865045,0.11041409347981539,0.08402132223883507,1.1488165017789553,-0.5123997885078106,5.2438813339268204e-05,-0.42042482443038487
12,96,0.0,1,0.2,0.75,1,-0.4556181963484326,-0.1412131335646174,-0.48411938009456457,-0.8240633414614936,542,307,235,0.0036728856529935645,0.03370603913410908,0.018689462393551324,0.015016576740557758,-0.11828365819442366,-0.19034882978736367,-0.00026418838515245637,-0.4244759906849744
30,60,0.005,1,-999.0,2.5,1,-0.25960393244372404,-0.07248425404267211,-0.701494532599239,-0.05430464819674269,540,301,239,0.024377559643762595,0.14971071962556068,0.08704413963466164,0.06266657999089904,1.4203535677484358,-0.5992494515372944,4.3575778928013414e-05,-0.42594675275212873
20,96,0.005,1,-999.0,2.5,1,-0.25304591545240374,-0.07043437696491917,-0.7076314203377257,-0.038766608452973715,572,318,254,0.022524865110836637,0.16235454722745887,0.09243970616914776,0.06991484105831113,1.264133102769704,-0.5608314452285446,4.714416369646981e-05,-0.4261884175564307
48,200,0.0,1,0.2,0.75,1,-0.45067178030154165,-0.13926627887209508,-0.498295482891681,-0.7826453607889869,633,354,279,0.0036728856529935645,0.0385815510628616,0.021127218357927583,0.017454332704934017,-0.08133128226347475,-0.17934322302524608,-0.00018183398078321848,-0.42754628835738495
30,60,0.0025,1,-0.2,0.75,1,-0.45002219839241897,-0.13901158801374236,-0.5103305438619022,-0.6704908970444408,572,347,225,0.008678411233179483,0.05171292985763505,0.03019567054540727,0.021517259312227782,0.04439477947792736,-0.2989972000176424,-0.00014304219303371796,-0.42770140479691554
12,60,0.0,1,0.2,0.75,1,-0.45173535585485614,-0.1396837780311262,-0.4958160628999323,-0.8127111807768455,530,304,226,0.0037703958915686147,0.03276344016121693,0.01826691802639277,0.014496522134824157,-0.11021424153362058,-0.1968038659042579,-0.0002706217654376784,-0.4282273685199346
30,120,0.0025,1,0.2,0.75,1,-0.45325018890036217,-0.14027946464179952,-0.4967962150032963,-0.8169411932976467,529,298,231,0.003120327634401612,0.032893453812650325,0.01800689072352597,0.014886563089124357,-0.10923050893626829,-0.20030767958165763,-0.00027277689358961313,-0.42952463180833
12,120,0.005,1,-999.0,2.5,1,-0.2558376700078109,-0.07130535586035547,-0.7132362213646503,-0.037582384936823934,581,323,258,0.021874796853669637,0.17139049600208023,0.09663264642787493,0.0747578495742053,1.4441284666927698,-0.5928656449387244,4.571285445095067e-05,-0.4298025857895218
20,200,0.0,1,-0.2,1.5,1,-0.3803930687007846,-0.11293013686538367,-0.5999866108457321,-0.33931027443374506,1137,657,480,0.008223363453162581,0.10930897744263147,0.05876617044789703,0.05054280699473445,0.506374134956872,-0.27365730183226433,6.869330183666631e-05,-0.429888956009937
48,60,0.0,1,0.2,0.75,1,-0.45679590695013317,-0.14167862080714344,-0.49413386674073834,-0.8276574164342931,531,299,232,0.0030228173958265618,0.032990964051225376,0.01800689072352597,0.014984073327699408,-0.09278862044001912,-0.21911233013320008,-0.0002775086873939185,-0.43012842499922727
48,120,0.0,1,0.2,0.75,1,-0.450759127499032,-0.13930054355378674,-0.5024651378854708,-0.7942928338356474,585,326,259,0.0032503412858350127,0.03594877462133524,0.019599557953585128,0.016349216667750115,-0.08831545786112749,-0.19279998476091165,-0.00021835753457129982,-0.4302477541883045
20,96,0.0,1,0.2,0.75,1,-0.45984302265950205,-0.14288650684502258,-0.4920890113456462,-0.8328945067761065,535,302,233,0.003347851524410063,0.03344601183124228,0.018396931677826172,0.015049080153416109,-0.10920846720739441,-0.20759585780992051,-0.00027686682927214093,-0.430575737856651
20,120,0.005,1,-999.0,2.5,1,-0.2777299716670991,-0.0782217112874436,-0.6989788007174328,-0.05903356564062831,589,331,258,0.021972307092244684,0.1729831632321394,0.09747773516219203,0.07550542806994734,1.2709965636632417,-0.5730128286929528,4.0697614522961374e-05,-0.4306627899281914
20,96,0.01,1,-0.2,0.75,1,-0.467963212525235,-0.1461305103338113,-0.4980852574792253,-0.7311625170040403,502,317,185,0.008710914646037834,0.04686992134174088,0.027790417993889358,0.019079503347851523,-0.09152117718401331,-0.2472304723776002,-0.00020717174740271445,-0.43173126492362596
30,120,0.005,1,0.2,0.75,1,-0.45575950709095303,-0.14126894641021148,-0.5006934867611422,-0.83534550871528,487,279,208,0.0033803549372684134,0.030423194435415718,0.016901774686342064,0.013521419749073654,-0.11126969890133276,-0.21873563361334702,-0.0003237488909418111,-0.4333829652265466
48,120,0.01,1,-0.2,1.5,1,-0.42651849720875457,-0.12994421669004363,-0.5587937041060911,-0.4817401871417311,799,484,315,0.009913540921796788,0.07908080348436586,0.044497172203081324,0.034583631281284534,0.3067590378434273,-0.34556286108877365,-1.5716320639543098e-05,-0.43342807810017575
12,120,0.01,1,-0.2,0.75,1,-0.4657191055990856,-0.14523030240949153,-0.5045146225223918,-0.7193207516687412,516,325,191,0.008613404407462784,0.04833257492036664,0.028472989663914712,0.019859585256451928,-0.0818425875852471,-0.2467684593113192,-0.00019263782160690619,-0.4334536512541245
30,96,0.0025,1,0.2,0.75,1,-0.46384880777856785,-0.14448220850725635,-0.4935968941107858,-0.8529876493070984,511,291,220,0.0032178378729766626,0.031690827536891376,0.017454332704934017,0.014236494831957356,-0.12123192162187679,-0.21222355066701704,-0.00031322661483590343,-0.4339300380280042
48,200,0.0,1,-0.2,1.5,1,-0.3948512467729359,-0.1181579992109979,-0.596514776572848,-0.3523279496832924,1209,693,516,0.008028342976012482,0.11424949619710069,0.06113891958655659,0.05311057661054411,0.5513019317021624,-0.2858943347023841,7.060821004056601e-05,-0.4340317849815865
20,200,0.01,1,-0.2,1.5,1,-0.39975061204942963,-0.1199507733138574,-0.5868416420473905,-0.41410844174162964,834,505,329,0.01049860235324709,0.08194110381590067,0.04621985308457388,0.03572125073132679,0.28463294653994486,-0.2909142477539518,1.2241450333845242e-05,-0.43407701642463414
48,120,0.0,1,-0.2,1.5,1,-0.38863936450422476,-0.11590052640030923,-0.6012852872510577,-0.3697687008525221,1070,613,457,0.006598192810245076,0.10326334265097835,0.054930767730611715,0.04833257492036664,0.5845626257569025,-0.3411391266246655,5.571082540861374e-05,-0.43503160506846417
12,200,0.01,1,-0.2,1.5,1,-0.40425661705950133,-0.12160931925536145,-0.5854893864868076,-0.4230760976743687,829,502,327,0.01040109211467204,0.08158356627445881,0.04599232919456543,0.03559123707989339,0.2648544783413549,-0.28701770408949345,8.169958102599507e-06,-0.4355078173824837
12,120,0.0025,1,-0.2,0.75,1,-0.4577170194330181,-0.1420432158160443,-0.5206272067803284,-0.6648620213086571,639,385,254,0.008255866866020933,0.05740102710784632,0.03282844698693363,0.024572580120912697,0.0005848780460353531,-0.25395705608164887,-0.00011528113381617617,-0.43559992027164135
12,120,0.0,1,0.2,0.75,1,-0.46173209086373157,-0.14363790652714958,-0.5024473825225286,-0.8336051495399487,565,317,248,0.0035103685887018137,0.03497367223558474,0.019242020412143276,0.01573165182344146,-0.1129616883927681,-0.19503873165745622,-0.00025356772812165586,-0.43654185526541134
20,120,0.0025,1,0.2,0.75,1,-0.46446705633141094,-0.14472928282731534,-0.4994999606631073,-0.85154604265533,523,297,226,0.003347851524410063,0.03240590261977508,0.01787687707209257,0.014529025547682506,-0.1171241615182167,-0.2120784683404915,-0.00030107298539783716,-0.4370565652916355
48,120,0.0025,1,-0.2,0.75,1,-0.45639909218008323,-0.1415216962990481,-0.5266368567870783,-0.6517513079547668,668,395,273,0.007475784957420529,0.060001300136514335,0.03373854254696743,0.026262757589546902,0.013984702918844238,-0.251245573730407,-0.00010001984899444391,-0.43742769009032556
12,200,0.0,1,-0.2,1.5,1,-0.3977146186456727,-0.11920443605519537,-0.6013740474836643,-0.36773255993614895,1141,662,479,0.008320873691737632,0.10934148085548982,0.05883117727361373,0.050510303581876095,0.47232661171738965,-0.2761890914113012,6.0849984312511855e-05,-0.438278087793835
48,120,0.01,1,-0.2,0.75,1,-0.4661243964666697,-0.14539267201891792,-0.5147993039004938,-0.7113799063712039,537,334,203,0.008385880517454333,0.04992524215042579,0.029155561333940063,0.020769680816485732,-0.07898142002865671,-0.24175611928806673,-0.0001791226617711052,-0.438361319287725
48,60,0.005,1,-999.0,2.5,1,-0.2835666960584631,-0.08009218115005967,-0.7110076976592787,-0.07277791550526659,564,317,247,0.022882402652278488,0.1578365728401482,0.09035948774621336,0.06747708509393487,1.2116583785529644,-0.5705037334353095,3.863126576568178e-05,-0.43923492575496237
48,200,0.01,1,-0.2,1.5,1,-0.42470547308227224,-0.12925643247372043,-0.5757175220297193,-0.44889618567062894,868,518,350,0.009523499967496588,0.08493141779886888,0.047227458883182735,0.03770395891568615,0.238997746910385,-0.2832781120829557,3.5040414563085015e-06,-0.4395600027721115
30,200,0.005,1,-0.2,0.75,1,-0.4639480979030921,-0.14452187400480665,-0.5274927926127073,-0.6491404163667612,651,389,262,0.008288370278879282,0.05775856464928818,0.03302346746408373,0.024735097185204447,-0.05217548833584318,-0.2167920052781841,-0.0001142964643836714,-0.4407252911294984
20,200,0.0,1,0.2,0.75,1,-0.4638244508779139,-0.1444724789891204,-0.5103078900529695,-0.8242618392057359,617,347,270,0.003607878827276864,0.0376714555028278,0.02063966716505233,0.017031788337775466,-0.11800883821596164,-0.17233207360377312,-0.000214701047015816,-0.440839515975892
30,96,0.005,1,0.2,0.75,1,-0.4705351725968283,-0.14716574172938024,-0.5014975212443242,-0.8841525726795031,474,274,200,0.0034453617629851135,0.029578105701098617,0.016511733732041865,0.013066371969056752,-0.12657067165562275,-0.23164330993288296,-0.0003712279292671788,-0.4421221309855175
48,96,0.0025,1,0.2,0.75,1,-0.4660942757686797,-0.14538060173967982,-0.5086173313452752,-0.8515449692545942,530,298,232,0.0030228173958265618,0.03286095039979198,0.01794188389780927,0.014919066501982709,-0.1212916441705264,-0.2079791032123195,-0.00029590675235669357,-0.4422665158750471
30,200,0.01,1,-0.2,0.75,1,-0.4744850669089128,-0.14876296615249351,-0.517376919128242,-0.6992520393991191,569,349,220,0.008288370278879282,0.051972957160501855,0.030130663719690566,0.021842293440811286,-0.09887778658858926,-0.22484412035359735,-0.00016827950998210602,-0.44241402768657045
30,200,0.0,1,0.2,0.75,1,-0.46582262142621633,-0.1452717646440831,-0.5121328303238087,-0.827379088953534,619,347,272,0.003607878827276864,0.0378664759799779,0.02073717740362738,0.017129298576350517,-0.09745635592076829,-0.19338733415617304,-0.0002156805317521109,-0.44270713425366415
12,200,0.0,1,0.2,0.75,1,-0.4661106481796945,-0.145387162599104,-0.5123958867590804,-0.8305619019182605,618,348,270,0.003607878827276864,0.0376714555028278,0.02063966716505233,0.017031788337775466,-0.11754125621571898,-0.17588578771942287,-0.00021795428250913004,-0.44311320107455726
20,96,0.005,1,-0.2,0.75,1,-0.47342667507116654,-0.14833410246897505,-0.5230695195083607,-0.7209096615141923,567,346,221,0.008580900994604434,0.0514203991419099,0.030000650068257168,0.021419749073652735,-0.06738829983997607,-0.25025898161678317,-0.00017220596470075085,-0.445914345298865
48,96,0.005,1,0.2,0.75,1,-0.46879772039705714,-0.14646599347030198,-0.5126552296111424,-0.8709894158981953,487,279,208,0.0033803549372684134,0.03035818760969902,0.016869271273483716,0.013488916336215302,-0.12263475251309619,-0.22757440697412612,-0.00035022678515868116,-0.44634307907078297
12,120,0.005,1,-0.2,0.75,1,-0.47105952509231164,-0.1473772596030385,-0.5290487725789246,-0.7081912912836544,584,355,229,0.008353377104595983,0.053143080023402456,0.03074822856399922,0.022394851459403238,-0.05188596484807029,-0.252877306641925,-0.00015790821113158675,-0.4473112104566835
48,120,0.0,1,0.2,1.5,1,-0.46002780772646323,-0.14295992033019722,-0.5437718444675967,-0.6632791583152708,901,486,415,0.0019502047715010077,0.05805109536501333,0.030000650068257168,0.028050445296756158,0.27759845347971734,-0.33675251732665346,-4.224817496189288e-05,-0.44800980047975913
30,120,0.01,1,0.2,0.75,1,-0.47700738981625,-0.14978763581996446,-0.5062658576381254,-0.929144148089507,443,257,186,0.003120327634401612,0.027952935058181107,0.01553663134629136,0.012416303711889749,-0.13120024890233561,-0.24872982250220121,-0.0004283313496651323,-0.4493777720435025
20,120,0.005,1,0.2,0.75,1,-0.4756787630429844,-0.1492474332263969,-0.511531575707875,-0.8949742988334296,486,279,207,0.0033803549372684134,0.03029318078398232,0.016836767860625365,0.013456412923356953,-0.12081608214486439,-0.2395377422800986,-0.0003659981763328437,-0.44976193602200587
48,200,0.01,1,0.2,1.5,1,-0.4750315530320174,-0.14898465756537183,-0.5278704879076944,-0.7485039786724487,719,395,324,0.0027302866801014107,0.04647988038744068,0.024605083533771045,0.021874796853669637,0.14782006689301808,-0.34471941674993045,-0.00014231108368654833,-0.4503451004528415
48,200,0.0025,1,0.2,0.75,1,-0.4752972616564254,-0.1490925093117611,-0.5170873431092865,-0.8642664969282141,582,326,256,0.0033803549372684134,0.03549372684131834,0.019437040889293374,0.016056685952024963,-0.11426766904470531,-0.20745828042280678,-0.0002645991397778163,-0.45084950571281507
20,60,0.0,1,0.2,0.75,1,-0.47750066821895965,-0.14998845837690544,-0.513710222243666,-0.8962407285410542,512,292,220,0.003575375414418514,0.03165832412403302,0.01761684976922577,0.014041474354807255,-0.08684431383068669,-0.2608235820666098,-0.0003399799367850817,-0.4516556059257912
48,120,0.005,1,-0.2,0.75,1,-0.47245518976379375,-0.14794102200126658,-0.5398289801180675,-0.7018113688150525,607,365,242,0.008093349801729181,0.054833257492036665,0.03146330364688292,0.02336995384515374,-0.043851546679345654,-0.25256166831419435,-0.00014670843990515373,-0.45294608050105295
48,120,0.01,1,0.2,1.5,1,-0.4696299013983122,-0.14680093485149337,-0.5384253142784252,-0.7436448630155598,679,380,299,0.0031528310472599625,0.04423714490021452,0.02369498797373724,0.02054215692647728,0.15807179831776508,-0.35683353023263364,-0.00015777345160247235,-0.453195835141484
48,96,0.0,1,-0.2,1.5,1,-0.41891490236134143,-0.1270705625296814,-0.6094156772595645,-0.4306040159260038,1025,583,442,0.006110641617369824,0.09900539556653448,0.05255801859195215,0.04644737697458233,0.6024667409840372,-0.39454440377208466,3.301167600433665e-05,-0.45330860195576383
48,120,0.0025,1,0.2,0.75,1,-0.4805128853536388,-0.15121788015861448,-0.5218875671464522,-0.891611240254393,541,304,237,0.003087824221543262,0.03331599817980888,0.01820191120067607,0.015114086979132808,-0.13148606799810647,-0.21602172744951265,-0.00031306605117526354,-0.45674222574456025
48,200,0.0,1,0.2,1.5,1,-0.48168776728207874,-0.15169885137717365,-0.5419700065013502,-0.7007014414899131,987,535,452,0.0026327764415263605,0.0629591107066242,0.032795943574075274,0.030163167132548917,0.24840357475353758,-0.3198348422011609,-3.647070002348133e-05,-0.4577189267023444
30,60,0.0,1,0.2,0.75,1,-0.4858231509488051,-0.15339831649588032,-0.5185324495863111,-0.9268969174300312,510,289,221,0.003575375414418514,0.031593317298316326,0.01758434635636742,0.014008970941948905,-0.09758211401345684,-0.2646779108096866,-0.00035891572524400007,-0.4590093871605374
48,200,0.005,1,0.2,0.75,1,-0.48263003961711837,-0.15208518821569417,-0.5238361001265773,-0.9001869380965125,528,301,227,0.0036728856529935645,0.032470909445491775,0.018071897549242672,0.014399011896249106,-0.12039268763148825,-0.23405992291354916,-0.0003320814352598053,-0.45901258518380844
48,120,0.005,1,0.2,0.75,1,-0.4814915170499525,-0.15161845396292595,-0.5243009917863202,-0.9066202692784446,496,284,212,0.0034128583501267635,0.03071572515114087,0.017064291750633818,0.013651433400507054,-0.13147049811533196,-0.23492632692073245,-0.00036682912941761345,-0.45909996332000824
30,60,0.005,1,-0.2,0.75,1,-0.4862626090482516,-0.15357951649556922,-0.5344683999688329,-0.7714136005713526,529,326,203,0.009003445361762985,0.04833257492036664,0.028668010141064813,0.019664564779301827,-0.04894839932729833,-0.29622033738776,-0.0002146843325682654,-0.4593843965085533
48,60,0.0025,1,0.2,0.75,1,-0.48818717698381364,-0.15437443737507406,-0.5182602044814117,-0.9331721096472484,490,280,210,0.0029903139829682117,0.030488201261132417,0.016739257622050314,0.013748943639082103,-0.1377593584851079,-0.24157711233835866,-0.0003874073758831218,-0.4601631450981424
48,200,0.01,1,0.2,999.0,1,-0.48637610977473167,-0.15362633467596942,-0.5507038848470158,-0.6342954012259066,848,482,366,0.0047129948644607685,0.05613339400637067,0.030423194435415718,0.02571019957095495,0.19214492265828254,-0.3415799106918369,-7.652607409427162e-05,-0.46069304716077264
20,120,0.01,1,0.2,0.75,1,-0.49175758241212286,-0.1558551069427907,-0.5127731843832073,-0.9751888596168876,442,256,186,0.0030228173958265618,0.02785542481960606,0.01543912110771631,0.012416303711889749,-0.1467395111623816,-0.25699394014119115,-0.00046390915142603396,-0.46100114211523874
12,60,0.005,1,0.2,0.75,1,-0.48654770048971296,-0.15369712925980716,-0.5239906729700012,-0.9411989581455188,450,264,186,0.0038028993044269647,0.02798543847103946,0.015894168887733214,0.012091269583306247,-0.12166824241513463,-0.26788009760287734,-0.00044316379881926285,-0.46275241365208375
48,96,0.01,1,0.2,0.75,1,-0.49017146694905334,-0.1551963754493434,-0.5186934793799824,-0.9676039309881492,443,257,186,0.003120327634401612,0.027952935058181107,0.01553663134629136,0.012416303711889749,-0.1451762229651573,-0.2556660490213958,-0.0004577747428212136,-0.46292331168874207
12,60,0.0025,1,0.2,0.75,1,-0.4870107664958532,-0.15388826874319583,-0.5264746388874808,-0.9290669112796412,488,285,203,0.003835402717285315,0.030033153481115515,0.016934278099200416,0.013098875381915101,-0.1530389424073192,-0.22689378896782786,-0.00039180899321604055,-0.4635789337509183
48,96,0.01,1,-0.2,1.5,1,-0.4547560230494516,-0.1408728400737187,-0.5909648576545725,-0.5456132719874847,771,466,305,0.009816030683221738,0.0764480270428395,0.043132028863030615,0.03331599817980888,0.3246891822197058,-0.39474375531510486,-4.4705020031042085e-05,-0.4636359325003792
12,96,0.0025,1,0.2,0.75,1,-0.4947329998769492,-0.1570949997716874,-0.519516527884349,-0.9530082110781336,500,288,212,0.0036728856529935645,0.03097575245400767,0.01732431905350062,0.013651433400507054,-0.16470503088444344,-0.2232489627859482,-0.00038957641281805013,-0.46450367426776856
30,96,0.01,1,0.2,0.75,1,-0.4976300500760219,-0.1583075064532844,-0.5132845992346501,-0.9963037109517326,432,253,179,0.0031528310472599625,0.027270363388155756,0.015211597217707859,0.012058766170447897,-0.1534790278113669,-0.2634249579063592,-0.0004939956385437525,-0.46476499161819607
48,120,0.01,1,0.2,999.0,1,-0.483609356084547,-0.152487272748714,-0.5620381638232809,-0.6378910475182952,796,464,332,0.005395566534486121,0.053240590261977506,0.029318078398231813,0.023922511863745693,0.2035667153552334,-0.36114745871476794,-9.47305266153712e-05,-0.4654009070362692
48,120,0.01,1,0.2,2.5,1,-0.4868828264747982,-0.15383544608872746,-0.5565944762218429,-0.6675808805278397,754,430,324,0.003997919781577065,0.050087759214717545,0.027042839498147307,0.02304491971657024,0.17852660912149343,-0.3651850830703184,-0.0001218094973235597,-0.46551172822604087
48,120,0.01,1,0.2,0.75,1,-0.4930402317095788,-0.15638893350899952,-0.5214017530364274,-0.976299668048474,448,260,188,0.0031528310472599625,0.02811545212247286,0.01563414158486641,0.012481310537606448,-0.14705432039133426,-0.25636741035628274,-0.0004587411911431396,-0.4659047934296369
20,200,0.01,1,0.2,1.5,1,-0.48595449401829494,-0.1534524604900548,-0.54720187731205,-0.7820881715029772,696,388,308,0.0032178378729766626,0.045342260937398425,0.024280049405187545,0.021062211532210884,0.14636967260191924,-0.3648897023675357,-0.00016984509869434915,-0.4661578077212286
30,200,0.0025,1,0.2,0.75,1,-0.4904471951478393,-0.15531077802574977,-0.5310306563406075,-0.911938218159784,569,320,249,0.003347851524410063,0.03481115517129298,0.019079503347851523,0.01573165182344146,-0.1305366777845619,-0.2210212513235874,-0.000303644180797129,-0.46642301710404277
20,96,0.0025,1,0.2,0.75,1,-0.49862783127822796,-0.15872632279851573,-0.5210144301347219,-0.9613673192627123,493,283,210,0.003347851524410063,0.030845738802574272,0.017096795163492166,0.013748943639082103,-0.15578479943405588,-0.24004580440521484,-0.0004026717496942906,-0.4673019038290123
20,200,0.0025,1,0.2,0.75,1,-0.49116993212637894,-0.15561086972731775,-0.5316958307508679,-0.9169469967019805,566,320,246,0.003347851524410063,0.03461613469414288,0.018981993109276472,0.01563414158486641,-0.15033586384429365,-0.20519323592428862,-0.0003084042788084735,-0.4673061349378507
12,200,0.0025,1,0.2,0.75,1,-0.4916642195731983,-0.1558162896565808,-0.5321507505497712,-0.9184694015149852,567,321,246,0.0033803549372684134,0.034583631281284534,0.018981993109276472,0.015601638172008062,-0.14988541981091752,-0.2059890506145352,-0.0003091446155605607,-0.46781513500721567
48,60,0.005,1,0.2,0.75,1,-0.49662574660286285,-0.15788658164334657,-0.5230079512691943,-0.9719267420472723,455,264,191,0.0031853344601183125,0.028472989663914712,0.01582916206201651,0.0126438276018982,-0.14469283035899727,-0.26108311743919266,-0.0004553450901657313,-0.46798689438030733
48,200,0.0025,1,0.2,1.5,1,-0.4978890485373675,-0.15841616048835605,-0.5452622008286239,-0.7541403905091781,909,494,415,0.0024702593772346097,0.05837612949359683,0.030423194435415718,0.027952935058181107,0.15589797315527254,-0.3155899206624879,-8.017208466329167e-05,-0.4687542804281269
48,120,0.0025,1,0.2,1.5,1,-0.4900199314008601,-0.15513352148003412,-0.5528830744239859,-0.7490398756116308,834,454,380,0.002047715010076058,0.05411818240915296,0.02808294870961451,0.026035233699538453,0.16421187235985024,-0.3352363427416408,-0.00010124836503342,-0.4690270524726086
48,120,0.005,1,0.2,1.5,1,-0.4802585161813111,-0.1511138543360382,-0.5628623702517404,-0.7350252960181065,766,422,344,0.002340245725801209,0.04947019437040889,0.02590522004810505,0.023564974322303842,0.16156471445421716,-0.343672871966879,-0.00012185495312928108,-0.4692963042628137
12,200,0.005,1,0.2,0.75,1,-0.4926738865214232,-0.1562363608917814,-0.533080002320176,-0.935428734894869,516,296,220,0.003607878827276864,0.03175583436260807,0.01768185659494247,0.014073977767665604,-0.14006644434754045,-0.23634303185738892,-0.0003663984387300285,-0.46954779879661285
48,96,0.0,1,0.2,1.5,1,-0.4863460307697062,-0.1536139265614781,-0.5605461663246059,-0.7344263892978509,867,465,402,0.0016251706429175063,0.05603588376779562,0.028830527205356563,0.027205356562439057,0.3064950056089122,-0.39343599471509716,-8.348483294518533e-05,-0.47060832918867357
30,200,0.0,1,-0.2,1.5,1,-0.4364410292188172,-0.13373755150299804,-0.6308890074144006,-0.4314066188581774,1158,667,491,0.008288370278879282,0.11054410713124878,0.05941623870506403,0.05112786842618475,0.5258513750557334,-0.3409072658077601,4.351151389199571e-05,-0.4707523861531072
12,96,0.005,1,0.2,0.75,1,-0.5013484046415186,-0.15987146039607492,-0.5236135280984129,-0.9858641072932236,462,268,194,0.0036403822401352144,0.028928037443931614,0.016284209842033413,0.0126438276018982,-0.1622279277692099,-0.2500739354062378,-0.0004547583182720795,-0.47097142980994255
30,96,0.0,1,-0.2,1.5,1,-0.45038329417596457,-0.13915314014182223,-0.614843243613818,-0.49898830044352877,991,566,425,0.006858220113111877,0.09578755769355782,0.05132288890333485,0.044464668790222976,0.5139360004874096,-0.40406466028526467,8.300895398245325e-06,-0.4715241769709077
30,120,0.0,1,-0.2,1.5,1,-0.4379802138153044,-0.13433045067362825,-0.6282262259567681,-0.4660312742476893,1030,588,442,0.006500682571670025,0.09985048430085158,0.05317558343626081,0.04667490086459078,0.5544582247208167,-0.3948122305788938,2.262339813199398e-05,-0.4717451273643968
12,120,0.0025,1,0.2,0.75,1,-0.49756452735139267,-0.15828002526858387,-0.5317935255753385,-0.9530174773541668,520,295,225,0.0034128583501267635,0.032145875316908275,0.01777936683351752,0.014366508483390756,-0.1561481259135833,-0.2277482907385895,-0.0003700409216326874,-0.47182766192396147
48,200,0.005,1,0.2,1.5,1,-0.4928224898601872,-0.15629824010408022,-0.5570662459775704,-0.7540260819851687,828,455,373,0.0027302866801014107,0.05311057661054411,0.02792043164532276,0.02519014496522135,0.14559908773575914,-0.33016134192546165,-0.00010815227270084207,-0.47253266719212383
20,200,0.005,1,0.2,0.75,1,-0.49563631512210615,-0.1574725052015451,-0.5358064875505011,-0.9441832618748092,517,297,220,0.0037053890658519145,0.03185334460118312,0.01777936683351752,0.014073977767665604,-0.14466018313909823,-0.23634303185738892,-0.0003707269129000853,-0.4725849120705361
30,200,0.0,1,0.2,1.5,1,-0.4976960211529443,-0.15833517839823397,-0.5572313265256353,-0.74588722457128,960,523,437,0.0028928037443931615,0.06165897419229019,0.03227588896834167,0.029383085223948516,0.233424938190117,-0.3417856029980144,-6.150936073198055e-05,-0.47424520288961564
30,200,0.01,1,-0.2,1.5,1,-0.46424118317524765,-0.14463899102609024,-0.6075007588822267,-0.5331486728637951,851,512,339,0.010303581876096991,0.08298121302736787,0.04664239745173243,0.03633881557563544,0.24866943682652698,-0.3433100640979142,-2.87530720832428e-05,-0.4750468041103933
30,200,0.005,1,0.2,0.75,1,-0.49843087716444556,-0.15864360230255348,-0.5383784759967065,-0.9495387248400484,521,298,223,0.0037053890658519145,0.032048365078333224,0.01787687707209257,0.014171488006240655,-0.1303781883965489,-0.2515507210692445,-0.0003717408637167532,-0.4753097765429092
20,200,0.005,1,-0.2,1.5,1,-0.4359253770318998,-0.13353919199430442,-0.6382420497810446,-0.45418560179747913,971,569,402,0.009718520444646687,0.09325229149060651,0.0514854059676266,0.04176688552297991,0.2800924579500246,-0.2838600130503358,1.6175076914224454e-05,-0.47536949697470066
20,200,0.0025,1,-0.2,1.5,1,-0.44084166099624955,-0.13543593268516874,-0.6350551057763829,-0.45331756576015786,1057,612,445,0.008483390756029384,0.10189819931092765,0.05519079503347851,0.046707404277449134,0.35589791500243617,-0.3003354867494663,2.6883810627812153e-05,-0.4756293638613681
30,200,0.01,1,0.2,1.5,1,-0.4993919044098938,-0.15904746336457476,-0.5521212249358778,-0.8166586810139388,705,390,315,0.0030228173958265618,0.045667295065981925,0.024345056230904244,0.021322238835077684,0.14395214692277825,-0.37738855367414004,-0.00018419241028492926,-0.4759410098832106
48,200,0.005,1,-0.2,1.5,1,-0.4539112722601034,-0.14053981413604777,-0.6250736421829619,-0.47567040985883174,1019,592,427,0.009263472664629785,0.09702268738217514,0.053143080023402456,0.04387960735877267,0.27239160326264855,-0.2855517236927939,1.4170441953414684e-05,-0.4768601557204703
12,120,0.005,1,0.2,0.75,1,-0.5025768336398776,-0.1603900632866554,-0.5364643626953708,-0.9807248322926828,480,274,206,0.0033803549372684134,0.029968146655398816,0.016674250796333615,0.013293895859065203,-0.1515442923042971,-0.25466146721985183,-0.00043089955492146517,-0.47765848624897495
12,200,0.005,1,-0.2,1.5,1,-0.44006712074369403,-0.13513628154465385,-0.6414956116402739,-0.4622281228555765,970,569,401,0.009588506793213287,0.09305727101345641,0.05132288890333485,0.041734382110121565,0.277429302028229,-0.28799245531735107,1.3407496273030524e-05,-0.47899549350756965
48,200,0.0025,1,-0.2,1.5,1,-0.46132763149147404,-0.1434768618035488,-0.6241115315864252,-0.4780933458834617,1123,645,478,0.008223363453162581,0.10677371123968017,0.05749853734642137,0.04927517389325879,0.38782244379638575,-0.31937463789627396,2.581475807240146e-05,-0.47943729489093445
48,120,0.0,1,0.2,2.5,1,-0.49725407215948536,-0.1581498523510273,-0.5815110280625689,-0.6444878791518932,992,544,448,0.002795293505818111,0.06507183254241695,0.033933563024117534,0.03113826951829942,0.3230808347712466,-0.3759403309147421,-3.9024456262442634e-05,-0.4811297603399064
12,200,0.01,1,0.2,1.5,1,-0.5028409082572124,-0.16050167238324675,-0.5586206133335225,-0.827129053305928,695,387,308,0.003120327634401612,0.045244750698823374,0.024182539166612494,0.021062211532210884,0.1331792125621567,-0.37891382640322746,-0.00019460667214686564,-0.48116843171530443
20,96,0.005,1,0.2,0.75,1,-0.5106396170683429,-0.16381795578533265,-0.5339718644089965,-1.011181015679552,460,267,193,0.0034453617629851135,0.028993044269648313,0.016219203016316713,0.0127738412533316,-0.15954229970601175,-0.267132170725376,-0.0004755188741413383,-0.4813629387738085
48,200,0.01,1,0.2,0.75,1,-0.5096411390961308,-0.1633911664342721,-0.5356018158946665,-1.0223562297002666,469,269,200,0.0031528310472599625,0.029155561333940063,0.016154196190600014,0.01300136514334005,-0.15203378460394712,-0.2688558608349898,-0.00046711266776178174,-0.48230988586661866
12,96,0.01,1,0.2,0.75,1,-0.5174697747395443,-0.1667550805975292,-0.525640112262167,-1.072875787975171,418,245,173,0.0032503412858350127,0.026522784892413703,0.014886563089124357,0.011636221803289345,-0.1869302959612018,-0.2685460500661435,-0.0005672952839110856,-0.4832189261273713
30,200,0.01,1,0.2,999.0,1,-0.506091034686507,-0.16187896620171316,-0.5759318045026518,-0.6827658043640829,830,475,355,0.00503802899304427,0.055158291620620165,0.030098160306832218,0.025060131313787946,0.20928133529756643,-0.381418620555662,-0.00010677267224782905,-0.4839831586712432
20,200,0.01,1,0.2,0.75,1,-0.5111963109518922,-0.16405619249401704,-0.5370746535312823,-1.0305618790398274,460,267,193,0.0032828446986933628,0.02870051355392316,0.01599167912630826,0.012708834427614899,-0.15773432104791618,-0.26953723681648023,-0.0004835629728229517,-0.48412161321164954
20,200,0.0,1,0.2,1.5,1,-0.504874272144304,-0.16136254988461118,-0.5690831218714412,-0.7656283778052895,953,519,434,0.002860300331534811,0.06130143665084834,0.03208086849119157,0.029220568159656762,0.19077526374615172,-0.33030236895790055,-7.152393972358535e-05,-0.48418552971059625
48,120,0.005,1,-0.2,1.5,1,-0.46311148769549215,-0.14418782801812857,-0.6279469902497026,-0.5262444562093807,917,535,382,0.008158356627445882,0.0885067932132874,0.04833257492036664,0.040174218292920755,0.3057639776586536,-0.34958096064459254,-1.3484140826435135e-05,-0.4844735459534489
12,60,0.0,1,0.0,0.75,1,-0.5025088061280214,-0.1603613191797051,-0.5616684973293744,-0.8762290076369351,614,364,250,0.005265552883052721,0.04329454592732237,0.024280049405187545,0.019014496522134824,-0.09355163761590479,-0.2538879086566034,-0.0002386411395703726,-0.48500701822623904
48,200,0.01,1,0.2,2.5,1,-0.5143727814877487,-0.1654194659020044,-0.5676231476707174,-0.7242435269039377,802,447,355,0.003315348111551713,0.052720535656243905,0.02801794188389781,0.024702593772346095,0.1476605895264853,-0.36804640081213447,-0.0001337781253021546,-0.48544321608256
20,200,0.01,1,0.2,999.0,1,-0.5075271071553203,-0.1624896901864018,-0.5771648103867755,-0.6879770769502046,821,472,349,0.00516804264447767,0.05463823701488656,0.029903139829682117,0.024735097185204447,0.1914048709592635,-0.37677419324261907,-0.00011245625809761191,-0.4854709492272998
12,60,0.01,1,0.2,0.75,1,-0.512733717328864,-0.16471518254968887,-0.5351605830736148,-1.0659324127172447,404,240,164,0.0034453617629851135,0.0255476825066632,0.014496522134824157,0.011051160371839043,-0.1569279193911458,-0.29262276719840685,-0.0005864135750968828,-0.48559209472235854
48,60,0.01,1,0.2,0.75,1,-0.5188722007039723,-0.16736200792829958,-0.5308606952072714,-1.0756666195129994,415,243,172,0.002795293505818111,0.0263277644152636,0.014561528960540858,0.011766235454722745,-0.17381267246732712,-0.28332779200572844,-0.0005767407335962293,-0.48657568650758526
30,200,0.0025,1,0.2,1.5,1,-0.5165474411171398,-0.1663566431010628,-0.5621602118221815,-0.8085354165303419,882,483,399,0.0027627900929597608,0.05697848274068777,0.029870636416823765,0.027107846323864006,0.13838527208814,-0.3398595296019963,-0.00011209597609006441,-0.4878635198386706
12,200,0.01,1,0.2,0.75,1,-0.5147971888878062,-0.1656021183196843,-0.540484893067978,-1.0421924993405431,460,267,193,0.0032503412858350127,0.028668010141064813,0.015959175713449913,0.012708834427614899,-0.16393905306502377,-0.26953723681648023,-0.0004924977146133642,-0.48795418982070043
12,200,0.0025,1,-0.2,1.5,1,-0.4616567540054989,-0.14360790256549505,-0.6397891901309088,-0.4920578245577649,1059,615,444,0.008548397581746083,0.10176818565949425,0.055158291620620165,0.04660989403887408,0.31419063319777707,-0.304307472775199,1.511852408544163e-05,-0.4881053888588377
30,96,0.0,1,0.2,1.5,1,-0.5049891412968466,-0.1614112617631368,-0.5751011300961981,-0.7917071390739921,839,454,385,0.0022102320743678087,0.054085678996294614,0.02814795553533121,0.025937723460963402,0.28764926100274546,-0.4151436091543764,-0.00011818880326690575,-0.48854718376493544
20,60,0.0025,1,0.2,0.75,1,-0.5123570636111036,-0.1645535906360448,-0.5468104925024732,-1.0189362509141782,470,273,197,0.003607878827276864,0.029025547682506665,0.016316713254891764,0.012708834427614899,-0.12875612789741098,-0.29197771421989993,-0.00047358041412755503,-0.4889056494329903
48,96,0.0025,1,0.2,1.5,1,-0.511938884576743,-0.16437429311001606,-0.5678055211025503,-0.8143080486786696,799,433,366,0.001787687707209257,0.052167977637651956,0.026977832672430604,0.02519014496522135,0.1863777236408113,-0.38652727348420934,-0.000144249396213583,-0.4889924560952247
20,60,0.0,1,0.0,0.75,1,-0.5093359123807104,-0.16326083037312422,-0.5625553820690645,-0.9078849839677022,589,346,243,0.004973022167327569,0.04157186504582981,0.02327244360657869,0.01829942143925112,-0.03206170195892866,-0.3194370390745793,-0.0002703416853079983,-0.48993277060604157
20,60,0.01,1,0.2,0.75,1,-0.5196437676732328,-0.16769648438364348,-0.536069157050979,-1.0913799091197753,396,236,160,0.0033803549372684134,0.0250276279009296,0.014203991419099005,0.010823636481830592,-0.1580573878708268,-0.304507018848695,-0.0006226210326074627,-0.49030005836512175
48,96,0.01,1,0.2,1.5,1,-0.5093999237618023,-0.16328815908710526,-0.5691832341278931,-0.8568574617540035,658,367,291,0.0029578105701098616,0.04306702203731392,0.02301241630371189,0.02005460573360203,0.15974233122548465,-0.4121253690715052,-0.00022976536447067342,-0.490722649238752
12,96,0.0,1,-0.2,1.5,1,-0.4883583557911828,-0.15444524928711933,-0.6162952174728706,-0.5793297874897931,980,568,412,0.008580900994604434,0.09471494506923227,0.05164792303191835,0.04306702203731392,0.4553144036116019,-0.42605989456525606,-1.8517237354306327e-05,-0.4915593473980443
20,120,0.01,0,-0.2,0.75,1,-0.49825514436558194,-0.15856981528775937,-0.6112216194797224,-0.5481510805056687,1098,690,408,0.021419749073652735,0.10118312422804394,0.06130143665084834,0.0398816875771956,-0.10857716515054527,-0.025265201456872943,5.392390194387956e-07,-0.49158817905290403
48,96,0.0,1,0.2,2.5,1,-0.5115422577531151,-0.16420434264717776,-0.5876509020001079,-0.6831288374187027,954,520,434,0.002340245725801209,0.06286160046804914,0.03260092309692518,0.030260677371123968,0.36427741980358097,-0.4230547776757997,-6.590652018941859e-05,-0.49218623551816687
20,96,0.01,1,0.2,0.75,1,-0.5253748469541724,-0.17019361389055365,-0.5348903952782468,-1.0946625238017778,419,245,174,0.0030228173958265618,0.026685301956705453,0.014854059676266008,0.011831242280439446,-0.18283702601799656,-0.2837749315829978,-0.0005828619070866136,-0.49237193771976595
20,200,0.0025,1,0.2,1.5,1,-0.5195702771646562,-0.16766460869460365,-0.5678781862900137,-0.8187010660326257,872,478,394,0.0026977832672430606,0.056523434960670874,0.029610609113956965,0.026912825846713905,0.1053355965784104,-0.32774280397326927,-0.00011969410552893338,-0.4925387551412418
48,96,0.005,1,0.2,1.5,1,-0.5065829076194645,-0.16208799680154973,-0.5800450155617757,-0.8113803592461719,737,403,334,0.0019177013586426574,0.047877527140349735,0.024897614249496196,0.02297991289085354,0.1788704098528351,-0.3949020770531375,-0.0001720557370339478,-0.4926795225447462
12,120,0.01,1,0.2,0.75,1,-0.5212992052500449,-0.16841548259910988,-0.5409684908492967,-1.0756782584407352,434,251,183,0.003055320808684912,0.027497887278164206,0.01527660404342456,0.012221283234739647,-0.176561675887265,-0.2777317179171943,-0.0005460952766886836,-0.492683640945795
30,200,0.01,1,0.2,0.75,1,-0.519381632640623,-0.16758280296548766,-0.5448266262835597,-1.0562092181926017,464,267,197,0.0031528310472599625,0.028830527205356563,0.01599167912630826,0.0128388480790483,-0.15773432104791618,-0.2803310311600721,-0.000498076572931373,-0.4928065770168976
20,120,0.0,1,-0.2,1.5,1,-0.4759679943113597,-0.14936494349298413,-0.6328183132769712,-0.5433478197318203,1024,583,441,0.006598192810245076,0.09890788532795944,0.05275303906910225,0.04615484625885718,0.5271517254294367,-0.4273490197492973,-1.5703880153545515e-06,-0.49294149111806074
30,60,0.0025,1,0.2,0.75,1,-0.5209327234476766,-0.16825614986576498,-0.5466017910008668,-1.0532976818381554,469,271,198,0.003575375414418514,0.029058051095365012,0.016316713254891764,0.01274133784047325,-0.1460195303039813,-0.2907226471296711,-0.0004941885532930618,-0.49422192945810617
20,120,0.0,1,0.2,1.5,1,-0.5148697804837398,-0.1656333715935585,-0.5762628919140829,-0.8102466259034165,868,466,402,0.002047715010076058,0.05606838718065397,0.029058051095365012,0.027010336085288956,0.2741214630039479,-0.4122692161577107,-0.00011657460989997376,-0.4942771488457708
48,120,0.0,1,0.2,999.0,1,-0.5061188107325046,-0.16189076599341234,-0.6013071890197348,-0.6371344917315218,1050,587,463,0.004517974387310668,0.06958980692972762,0.03705389065851914,0.03253591627120848,0.27748885122634315,-0.3463775060388945,-2.798861517692859e-05,-0.4944010850898558
48,60,0.0,1,0.0,0.75,1,-0.5162910551831014,-0.16624598855849615,-0.5658975689355598,-0.9147293179654814,611,351,260,0.003932912955860365,0.04326204251446402,0.023597477735162194,0.019664564779301827,-0.06548785564048398,-0.2973981104357919,-0.00026096372131494805,-0.4949312389245501
48,96,0.01,1,0.2,999.0,1,-0.5167072912809609,-0.16642565568366452,-0.5856017647823486,-0.7203013332064035,772,448,324,0.00510303581876097,0.05184294350906845,0.028472989663914712,0.02336995384515374,0.21457457382238543,-0.4145825666844165,-0.00014716771867290338,-0.495241604735159
30,200,0.005,1,0.2,1.5,1,-0.5144831952533675,-0.1654669732076106,-0.5784741699284919,-0.8151165413174188,810,448,362,0.003087824221543262,0.052102970811935254,0.027595397516739256,0.024507573295195994,0.13354483802521155,-0.3577578348537068,-0.0001436461623359017,-0.4954598852377275
48,120,0.0025,1,-0.2,1.5,1,-0.47512698402437115,-0.14902338851589192,-0.6391601206244939,-0.5390835530395249,1001,576,425,0.007118247415978678,0.09695768055645843,0.05203796398621855,0.044919716570239875,0.4059391259071272,-0.38410528654029685,-4.640546314824825e-06,-0.49555762648011514
20,60,0.005,1,0.2,0.75,1,-0.5205466613969838,-0.16808840316144635,-0.5499974906073137,-1.0575915329693366,438,258,180,0.0037703958915686147,0.027302866801014108,0.01553663134629136,0.011766235454722745,-0.1263085865055139,-0.31683980054465044,-0.0005440677612259211,-0.49596672511357004
30,120,0.0,1,0.2,1.5,1,-0.5116300848033026,-0.1642419667033026,-0.5844481828079789,-0.7996523403468132,875,469,406,0.001787687707209257,0.056523434960670874,0.029155561333940063,0.027367873626730807,0.28818520542603476,-0.4127514568490044,-0.00010958984573599823,-0.49644867512463275
30,96,0.01,0,-0.2,0.75,1,-0.5053652563083794,-0.16157081794085648,-0.6143452252149711,-0.5648738712459909,1081,680,401,0.021517259312227782,0.09978547747513489,0.060651368393681335,0.03913410908145355,-0.12455157491027813,-0.029827581431742356,-7.135085376219528e-06,-0.4969871241106416
30,96,0.0,1,0.0,0.75,1,-0.5193373457809114,-0.1675636014503208,-0.5675653274755585,-0.9140332676791558,638,367,271,0.0041929402587271665,0.045017226808814925,0.024605083533771045,0.02041214327504388,-0.07184625285367108,-0.28748330590447113,-0.00024471034513149357,-0.4970479285720579
48,96,0.01,1,0.2,2.5,1,-0.5216039433599524,-0.16854804110594956,-0.5820523466342878,-0.7569127244084142,731,415,316,0.0036728856529935645,0.04878762270038354,0.02623025417668855,0.022557368523694988,0.18837491000541662,-0.41975895426743304,-0.00018027345157515138,-0.4974198506435142
20,200,0.005,1,0.2,1.5,1,-0.5128799224944358,-0.16477793269367091,-0.5853471702425543,-0.8128287608480026,802,445,357,0.003087824221543262,0.051777936683351754,0.027432880452447506,0.024345056230904244,0.11728456546672006,-0.34886975228029093,-0.0001451911421531194,-0.4980929558573482
20,200,0.01,1,0.2,2.5,1,-0.523614459248422,-0.1694241887150162,-0.5836876141368271,-0.7520095510529673,776,438,338,0.003867906130143665,0.05138789572905155,0.027627900929597608,0.023759994799453944,0.1666177908949864,-0.3980251103658876,-0.00015830993005260712,-0.4988684733360781
48,120,0.005,1,0.2,2.5,1,-0.5179135680249679,-0.16694699765842125,-0.5933275371971258,-0.7112400089818027,851,478,373,0.0032178378729766626,0.056003380354937266,0.029610609113956965,0.026392771240980304,0.18562619417988402,-0.37767730592359705,-0.0001132463431977798,-0.4991727667060743
30,96,0.01,0,0.2,0.75,1,-0.5447406093286355,-0.17880250983427493,-0.5537635218984827,-0.8724614786186549,813,506,307,0.009718520444646687,0.051972957160501855,0.030845738802574272,0.021127218357927583,-0.18081708294661258,-0.16542978237809003,-0.00018091164494199487,-0.499307344714449
12,200,0.01,1,0.2,999.0,1,-0.5230934508606249,-0.16919687669648997,-0.5905300087313936,-0.7250978589651013,819,470,349,0.00503802899304427,0.054508223363453165,0.029773126178248715,0.024735097185204447,0.17861840114257266,-0.3905358910906799,-0.00013250752639437118,-0.5007167740104418
20,120,0.01,0,0.2,0.75,1,-0.5463351253749342,-0.17952349024784664,-0.5564926601256144,-0.8751389807421949,825,509,316,0.009490996554638236,0.05259052200481051,0.03104075927972437,0.021549762725086134,-0.1796780623184091,-0.16450836828889404,-0.00017707280517789795,-0.5015267693477636
20,120,0.0,1,0.0,0.75,1,-0.5232888675146612,-0.16928211367640822,-0.5739350337967777,-0.9200494860398581,658,379,279,0.004420464148735617,0.04621985308457388,0.02532015861665475,0.02089969446791913,-0.051032065045962804,-0.3018923887071996,-0.00023661036258124378,-0.50225210487679
12,96,0.01,0,-0.2,0.75,1,-0.5090013422164954,-0.16311803405813907,-0.6196936056529734,-0.5881807495720165,1041,660,381,0.021939803679386336,0.09461743483065722,0.05827861925502178,0.03633881557563544,-0.08302945292126396,-0.09877811859211916,-1.8691304260881776e-05,-0.5023738743632266
30,96,0.01,1,-0.2,1.5,1,-0.5031512877707777,-0.1606329087152909,-0.6177239285363815,-0.6591667367331565,753,458,295,0.01040109211467204,0.07417278814275499,0.042286940128713514,0.03188584801404148,0.2561132974896576,-0.4235679506467561,-9.186455204179972e-05,-0.5024532098201394
30,120,0.01,1,-0.2,1.5,1,-0.49543572135597724,-0.15738863109520362,-0.6278750986550748,-0.6317058892718225,777,471,306,0.010043554573230189,0.07693557823571474,0.04348956640447247,0.03344601183124228,0.2785385371525102,-0.41793929763490234,-7.589601673803313e-05,-0.5029114748863321
48,96,0.005,1,-0.2,1.5,1,-0.48676885544255166,-0.15378839913169762,-0.6397831503644471,-0.5846666882962435,882,510,372,0.00763830202171228,0.08519144510173568,0.04641487356172398,0.0387765715400117,0.3189716333132373,-0.3951477354739392,-3.906103325124602e-05,-0.5029133087287333
48,200,0.0,1,0.2,999.0,1,-0.5249196760957271,-0.1699944643310105,-0.5996565580282032,-0.6649086009947993,1154,643,511,0.00510303581876097,0.07557043489566405,0.04033673535721251,0.03523369953845154,0.23330032009181156,-0.3139610341349198,-1.8481749707894345e-05,-0.5030681733948521
12,200,0.0,1,0.2,1.5,1,-0.5245098990188634,-0.1698152980925891,-0.585150079931485,-0.8165193387070256,953,519,434,0.0027627900929597608,0.061268933237989986,0.032015861665474876,0.029253071572515114,0.17959475401286973,-0.3507653045032385,-9.304826912825171e-05,-0.5032163049936829
48,96,0.0,1,0.2,999.0,1,-0.5183165124191116,-0.1671213644928925,-0.605651427554101,-0.6702734100949489,1011,562,449,0.004095430020152116,0.06728206461678476,0.03568874731846844,0.031593317298316326,0.3182973111713694,-0.39418620943122895,-5.117959756103167e-05,-0.5034607487746904
48,120,0.0025,1,0.2,2.5,1,-0.5246246704582873,-0.1698654677694338,-0.5971554607253946,-0.718182432474917,925,512,413,0.002860300331534811,0.06104140934798154,0.031950854839758173,0.029090554508223364,0.2087638388356574,-0.3753933407425216,-9.057349746218698e-05,-0.5043523197558769
30,96,0.0,1,0.2,2.5,1,-0.5254054937906276,-0.17020702785396957,-0.5965046373318659,-0.7240522292524378,925,508,417,0.0029578105701098616,0.060748878632256385,0.03185334460118312,0.028895534031073263,0.36447950429135934,-0.44758289193332224,-9.23818398642483e-05,-0.5046619579825244
30,96,0.0025,1,0.2,1.5,1,-0.5270635669458782,-0.1709337278767893,-0.5809530834993126,-0.8663636774036317,772,423,349,0.002340245725801209,0.0500552558018592,0.026197750763830203,0.023857505038028994,0.17753918039543426,-0.4091095124055969,-0.00018070642158998546,-0.5047284534966272
30,200,0.01,1,0.2,2.5,1,-0.5300457919514525,-0.17224559810903706,-0.5893079431200586,-0.7669874720646759,784,440,344,0.003607878827276864,0.051777936683351754,0.027692907755314307,0.024085028928037443,0.1641575649010194,-0.40251117077748844,-0.0001630064011371193,-0.5052489432723002
30,200,0.005,1,-0.2,1.5,1,-0.4856637299461293,-0.15333261176928736,-0.6501444224324391,-0.5463587947198592,988,577,411,0.009751023857505038,0.09432490411493206,0.05203796398621855,0.042286940128713514,0.26396316744891624,-0.33302760450251667,-1.251714551122393e-05,-0.5057227627214999
30,60,0.01,1,0.2,0.75,1,-0.5375149120104363,-0.17555884624083629,-0.5465660247310666,-1.1505596728107723,399,236,163,0.0031853344601183125,0.025157641552362997,0.014171488006240655,0.010986153546122342,-0.18426646681324188,-0.30782989928415805,-0.0006662427297549076,-0.5063698422469082
30,60,0.01,0,-0.2,0.75,1,-0.5154934202447343,-0.1659020153156192,-0.6210719899800148,-0.6088146078742191,1015,643,372,0.021679776376519536,0.09195215497627252,0.05681596567639602,0.03513618929987649,-0.13445826131336125,-0.07002508781364891,-2.9292540917731068e-05,-0.5068787406993376
20,96,0.01,0,0.2,0.75,1,-0.5513789695064255,-0.18181670885467527,-0.5608991074472718,-0.9018746279319377,787,491,296,0.009556003380354937,0.0503802899304427,0.029968146655398816,0.02041214327504388,-0.17118739287957352,-0.19765546902008513,-0.0002056258099043355,-0.507359993974908
48,96,0.0025,1,-0.2,1.5,1,-0.49419358798749125,-0.15686981478639805,-0.642867347692403,-0.5882979470414103,957,547,410,0.006760709874536827,0.09295976077488136,0.049860235324709096,0.04309952545017227,0.41689724473094114,-0.4238867626434861,-2.656352250656651e-05,-0.50771838598467
48,60,0.01,0,-0.2,0.75,1,-0.5142852935359363,-0.16538182854761918,-0.6274987616337853,-0.59203954927163,1051,659,392,0.02041214327504388,0.09686017031788338,0.058636156796463626,0.03822401352141975,-0.15327062354899912,-0.02967895563279277,-1.9451537373861023e-05,-0.5087331868280933
48,60,0.0,1,-0.2,1.5,1,-0.5016582991746807,-0.16000219741071364,-0.6362418536066029,-0.614322825316829,939,541,398,0.007378274718845479,0.0913020867191055,0.049340180718975495,0.041961906000130014,0.3952725182653005,-0.4287575917985089,-3.658703464289167e-05,-0.5088392654798566
48,200,0.0,1,0.2,2.5,1,-0.5340305800177875,-0.17400826826272942,-0.5999251517073836,-0.7163283792832963,1090,597,493,0.0031853344601183125,0.07059741272833647,0.036891373594227395,0.03370603913410908,0.2703505186526882,-0.36732083600630405,-4.6940295524197623e-05,-0.509787263080586
48,96,0.01,0,0.2,0.75,1,-0.5508340308575055,-0.18156802025311503,-0.5696691129976881,-0.8692376107805391,841,515,326,0.009556003380354937,0.05376064486771111,0.03165832412403302,0.022102320743678086,-0.13626135011488671,-0.20806234860066997,-0.00017256664449089696,-0.5098644572909861
12,200,0.0025,1,0.2,1.5,1,-0.537097513939768,-0.1753726373409239,-0.5826145023886998,-0.8662316672362693,872,478,394,0.0026327764415263605,0.05645842813495417,0.029545602288240266,0.026912825846713905,0.0949573028966848,-0.3461289993621328,-0.00014125428934458779,-0.5099914718970873
30,96,0.005,1,0.2,1.5,1,-0.522988510938527,-0.16915111472908018,-0.5951206686841457,-0.8666597573072861,719,398,321,0.00253526620295131,0.04634986673600728,0.024442566469479295,0.021907300266527985,0.17752787489420307,-0.4196024718800013,-0.0002089511816568566,-0.5100444369365174
12,120,0.01,0,0.2,0.75,1,-0.5532431906690352,-0.18266918239516194,-0.5659687315800938,-0.9046099451366044,805,497,308,0.009425989728921537,0.0512253786647598,0.030325684196840667,0.02089969446791913,-0.16778489908884098,-0.19706048186285952,-0.00019891111433044737,-0.510884045442039
30,96,0.01,1,0.2,999.0,1,-0.5362642851093502,-0.1750012948540245,-0.5949301948258221,-0.7751896966608115,754,440,314,0.0055255801859195215,0.0502502762790093,0.027887928232464408,0.022362348046544887,0.21650477752078556,-0.44418957109561275,-0.00018530016223960934,-0.5112258770999761
12,96,0.0,1,0.2,1.5,1,-0.5355558306892184,-0.17468595342642457,-0.5853662896021248,-0.8792318356751678,830,451,379,0.0027627900929597608,0.05359812780341936,0.02818045894818956,0.025417668855229798,0.2283451307236244,-0.42734851727750933,-0.00016117057756021664,-0.5113306900112453
30,120,0.0,1,0.0,0.75,1,-0.5292439265533861,-0.17189224835452377,-0.5861733304192225,-0.9346882061849621,664,381,283,0.004225443671585516,0.04673990769030748,0.0254826756809465,0.02125723200936098,-0.06809860982369753,-0.2958781868756444,-0.00024038439273106648,-0.5117133238733831
12,200,0.005,1,0.2,1.5,1,-0.5266199848572068,-0.17073912789969337,-0.5992093716954825,-0.8499391693584675,801,444,357,0.0029253071572515115,0.0516804264447767,0.027302866801014108,0.024377559643762595,0.11462506965241737,-0.36604336627674317,-0.00016380696146891358,-0.512840772215358
12,96,0.01,0,0.2,0.75,1,-0.5559035938312177,-0.18389036540399706,-0.5656197991340622,-0.9230382483306846,768,481,287,0.009523499967496588,0.04898264317753364,0.029253071572515114,0.019729571605018526,-0.1976949857439383,-0.18726579231727303,-0.00022537515856813566,-0.5128521773875624
30,120,0.0025,1,0.2,1.5,1,-0.5337840514917163,-0.17389888917695484,-0.5905013853157159,-0.8746347720999035,807,437,370,0.0018526945329259573,0.05242800494051875,0.027140349736722354,0.0252876552037964,0.1764922393846351,-0.4066926797194075,-0.0001695601442919679,-0.5128813204398079
20,96,0.0,1,0.0,0.75,1,-0.5366255406329071,-0.17516223300316347,-0.5783371467960112,-0.9713608983109836,622,361,261,0.004582981213027368,0.04404212442306442,0.024312552818045896,0.019729571605018526,-0.08584770325404834,-0.308148480471267,-0.0002836525943487864,-0.5128988513167183
30,60,0.005,1,0.2,0.75,1,-0.5390055050511584,-0.17622485705547175,-0.5607711733007881,-1.127226358207704,439,258,181,0.0037378924787102646,0.027335370213872456,0.01553663134629136,0.011798738867581097,-0.16101248932758006,-0.3156288049292413,-0.0005903690720700735,-0.512971761616251
30,200,0.0025,1,-0.2,1.5,1,-0.4951656985468006,-0.15727576614366767,-0.6561987925751985,-0.5535913463521265,1080,623,457,0.008580900994604434,0.10323083923812,0.055905870116362215,0.047324969121757786,0.36558446506109954,-0.36553457877761053,-1.6034250569100795e-06,-0.5130547297488732
48,96,0.0,1,0.0,0.75,1,-0.531450943587916,-0.1728658832614517,-0.5881134487960726,-0.9405299949585492,661,377,284,0.0039654163687187155,0.04641487356172398,0.02519014496522135,0.021224728596502634,-0.06987499820719334,-0.29889353625077797,-0.0002463495114756952,-0.5139491074074155
12,200,0.01,1,0.2,2.5,1,-0.5392637422106321,-0.17634040382857707,-0.5973634916976094,-0.7916561734249379,775,437,338,0.0037703958915686147,0.0512903854904765,0.027530390691022557,0.023759994799453944,0.1531943501670492,-0.4113175582289922,-0.00018013090897527986,-0.5146049583486286
20,120,0.0025,1,0.2,1.5,1,-0.5408356337773977,-0.17704478707267968,-0.5855189704682398,-0.8969971813612314,797,433,364,0.0021777286615094586,0.05184294350906845,0.027010336085288956,0.024832607423779497,0.16855802471043413,-0.41463395510064727,-0.000184418336190806,-0.5146541313748612
30,96,0.01,1,0.2,1.5,1,-0.5359718190590934,-0.17487107102056676,-0.5858304868439166,-0.9419168737618349,641,361,280,0.0034128583501267635,0.041636871871546514,0.022524865110836637,0.019112006760709874,0.1430408941131558,-0.4406176241399261,-0.00028878169745831907,-0.5148821581306168
30,120,0.01,1,0.2,1.5,1,-0.5328700427330337,-0.17349374231598036,-0.5913425473100515,-0.9244124131140719,664,369,295,0.0029903139829682117,0.043229539101605666,0.02310992654228694,0.02011961255931873,0.14977123353042132,-0.43369798432116535,-0.00026362936712166806,-0.5153856366267098
30,96,0.01,1,0.2,2.5,1,-0.542924389695598,-0.17798358583046547,-0.5930384942466636,-0.8188083470559778,712,407,305,0.004127933433010466,0.04716245205746603,0.02564519274523825,0.021517259312227782,0.1902634771595546,-0.4517325780713556,-0.00022544867070664197,-0.5154432503065961
30,120,0.005,1,0.2,1.5,1,-0.52900002760796,-0.17178486141850724,-0.6006385401160138,-0.8730694386576526,747,409,338,0.002112721835792758,0.04826756809464994,0.02519014496522135,0.02307742312942859,0.17157027704827832,-0.41587997999133197,-0.00019871287146398616,-0.5157576034093968
12,60,0.0,1,-0.2,1.5,1,-0.5063702338348746,-0.16199759793985546,-0.645237114761545,-0.6245097812657446,936,554,382,0.009913540921796788,0.0906520184619385,0.050282779691867646,0.040369238770070856,0.4062007614095031,-0.43939798013640996,-4.0793846320238907e-05,-0.5158416443839152
48,96,0.005,1,0.2,2.5,1,-0.5378252050212764,-0.17569735527491215,-0.603796758348487,-0.7668993039325082,819,456,363,0.0026327764415263605,0.05424819606058636,0.02844048625105636,0.02580770980953,0.21331447246491808,-0.42625231610215475,-0.00015269986716793957,-0.515940699645781
20,60,0.01,0,-0.2,0.75,1,-0.510883740854299,-0.1639224033415958,-0.6433085501222773,-0.6077830366904063,992,631,361,0.02258987193655334,0.0894168887733212,0.056003380354937266,0.03341350841838393,-0.01743101015156956,-0.1824525283690428,-3.1815021144121494e-05,-0.5159658302372547
30,96,0.0,1,0.2,999.0,1,-0.5324320976179255,-0.17329982772586638,-0.6143893142368623,-0.7106309555997017,983,550,433,0.004680491451602418,0.06520184619385036,0.03494116882272639,0.030260677371123968,0.3116110574539215,-0.41716081755718715,-7.555799291985088e-05,-0.5160260326242826
20,120,0.01,1,-0.2,1.5,1,-0.5210530443634114,-0.16830845087168333,-0.6260937036815513,-0.6935732118877578,773,467,306,0.009913540921796788,0.07622050315283105,0.04306702203731392,0.03315348111551713,0.2648181660290272,-0.4426139214067649,-0.00010008157286154725,-0.5160339633068468
30,200,0.0,1,0.2,999.0,1,-0.5347381253968577,-0.1743224311245426,-0.6151739294468098,-0.69237845551474,1120,627,493,0.005330559708769421,0.0739127608398882,0.039621660274328806,0.03429110056555938,0.24489676300965169,-0.34562023736700753,-3.612833472926514e-05,-0.5165283186236845
20,96,0.0,1,-0.2,1.5,1,-0.5125371609732394,-0.1646308442976422,-0.6423852954354534,-0.6309539127973466,970,557,413,0.00770330884742898,0.09383735292205682,0.0507703308847429,0.04306702203731392,0.38567937843604194,-0.42856839201324803,-3.71972521993533e-05,-0.5173711876552363
20,120,0.01,1,0.2,1.5,1,-0.5382018283713783,-0.17586556662904407,-0.5889671901802465,-0.9407062890623146,658,365,293,0.0029578105701098616,0.04293700838588052,0.02294740947799519,0.019989598907885327,0.14240372844277216,-0.43823947958482423,-0.00027646259806730054,-0.517384476172283
48,96,0.0025,1,0.2,2.5,1,-0.5403478464853062,-0.17682601061951686,-0.6049675834645282,-0.7635995226118764,886,488,398,0.0025027627900929598,0.05886368068647208,0.03068322173828252,0.02818045894818956,0.24203934924616188,-0.4235860088440926,-0.0001241281744397239,-0.5174897784823748
20,96,0.01,0,-0.2,0.75,1,-0.5193979725093951,-0.1675898878000157,-0.6405536776484951,-0.6036298105474384,1064,669,395,0.021744783202236235,0.09715270103360853,0.05944874211792238,0.03770395891568615,-0.11585638527331998,-0.07452385562404418,-2.084875959565026e-05,-0.5180482171516352
12,96,0.0,1,0.0,0.75,1,-0.5421579891949577,-0.1776387515888148,-0.5822428988851114,-0.9874406921678917,628,367,261,0.0050055255801859195,0.04452967561593967,0.024767600598062798,0.019762075017876878,-0.10940665221562851,-0.2962170128890267,-0.00028705801326201467,-0.5181322356397651
12,96,0.0,1,0.2,2.5,1,-0.5388068627283438,-0.17613600867228008,-0.6092134003936335,-0.7613456521825023,917,506,411,0.0035428720015601638,0.060228824026522784,0.03188584801404148,0.02834297601248131,0.3343849088427837,-0.4532666928126522,-0.00011133159526562497,-0.5188099914782219
12,96,0.0,1,0.2,999.0,1,-0.5348859252235476,-0.17438810211953526,-0.6176995249473649,-0.7191851226711112,977,549,428,0.005298056295911071,0.0647793018266918,0.03503867906130144,0.029740622765390367,0.28057132214016867,-0.4079455899355978,-8.052056236100071e-05,-0.5191971207267733
12,96,0.01,1,0.2,999.0,1,-0.5360672708623825,-0.17491356525560686,-0.6107361651418401,-0.7784262246507204,736,428,308,0.005655593837352922,0.049340180718975495,0.027497887278164206,0.021842293440811286,0.1894628861303338,-0.43640847477608713,-0.00019486408311627344,-0.519202959059063
30,96,0.0025,1,-0.2,1.5,1,-0.5151096261048712,-0.16573665863083276,-0.6461707133345505,-0.6459401441378837,923,531,392,0.00757329519599558,0.0894818955990379,0.04852759539751674,0.04095430020152116,0.3452473855263787,-0.4281021910399485,-5.038990265464605e-05,-0.5211190225050022
30,200,0.0,1,0.2,2.5,1,-0.5423948813002568,-0.17774529258704708,-0.6143653475938398,-0.7419224541740395,1057,582,475,0.0034453617629851135,0.06903724891113566,0.03624130533706039,0.032795943574075274,0.27837264936372064,-0.392683000977212,-6.489938928828737e-05,-0.522024089092669
20,120,0.005,1,0.2,1.5,1,-0.5393216411915311,-0.17636631706647465,-0.601644165944387,-0.9038965378684435,742,407,335,0.002275238900084509,0.04804004420464149,0.025157641552362997,0.022882402652278488,0.17077305293342993,-0.42971934459494165,-0.00021652639258275442,-0.5223832269320903
30,120,0.0,1,0.2,2.5,1,-0.5418310087972955,-0.17749176171332848,-0.6147018031106097,-0.7565802746208318,963,525,438,0.00256776961580966,0.06334915166092439,0.03295846063836703,0.03039069102255737,0.34325469097586514,-0.4478813522561984,-9.605842151322479e-05,-0.522671676999675
12,120,0.0,1,-0.2,1.5,1,-0.514685880979562,-0.16555420309841573,-0.6522429845154397,-0.6249416963173642,1021,590,431,0.007540791783137229,0.09868036143795099,0.05311057661054411,0.04556978482740688,0.4916163255268604,-0.4578386219007007,-2.7431299898172436e-05,-0.5229227801720038
48,96,0.01,0,-0.2,0.75,1,-0.5336590337551077,-0.17384343822609805,-0.6377650318781367,-0.604266823511105,1110,691,419,0.021192225183644282,0.1031008255866866,0.06214652538516544,0.04095430020152116,-0.10277777934858578,-0.09448163381448171,-1.8897974799059806e-05,-0.5229392953407217
12,60,0.005,1,0.0,0.75,1,-0.5388629402390618,-0.17616108801437935,-0.5919958117633248,-1.0172602904079329,521,315,206,0.005493076773061171,0.0369563804199441,0.021224728596502634,0.01573165182344146,-0.09522725657936515,-0.33861776912361974,-0.0003907437906009801,-0.5230220084164384
48,200,0.005,1,0.2,2.5,1,-0.5498470828033689,-0.18111819110188965,-0.606334052280227,-0.7777717477140821,925,516,409,0.0033803549372684134,0.060196320613664436,0.03178833777546643,0.02840798283819801,0.14840732799935585,-0.37744812743252365,-0.00012101300973174384,-0.5231738046277072
20,120,0.0,1,0.2,2.5,1,-0.5432739235196942,-0.1781409990153986,-0.6143140548940753,-0.7618105487209463,955,521,434,0.002795293505818111,0.06286160046804914,0.03282844698693363,0.030033153481115515,0.332583336450855,-0.4474279597676717,-0.0001006905025853466,-0.5233885538984836
30,120,0.01,1,0.2,999.0,1,-0.5443524738203644,-0.1786272960494264,-0.6107762323360655,-0.789740109552976,779,450,329,0.00507053240590262,0.052070467399076906,0.028570499902489763,0.023499967496587143,0.20413204585092237,-0.4413305716665299,-0.00018124411365619353,-0.523502417695108
48,200,0.0025,1,0.2,2.5,1,-0.5529414624169718,-0.1825310270503342,-0.6059875861664581,-0.7741497466868167,1012,556,456,0.0030228173958265618,0.06588441786387571,0.034453617629851135,0.03143080023402457,0.17924896060732287,-0.3711213435895908,-9.128767879972819e-05,-0.5242323074679041
48,120,0.005,1,0.2,999.0,1,-0.5389939037935498,-0.17621966727663652,-0.6224800788444913,-0.7361526990063165,901,519,382,0.00520054605733602,0.05993629331079763,0.032568419684066825,0.027367873626730807,0.14427246585679399,-0.36776896106072177,-0.00011333245585911817,-0.524267341649198
30,120,0.0025,1,-0.2,1.5,1,-0.5093532438930466,-0.16326822954252895,-0.6599890798037993,-0.6213399724516775,960,550,410,0.006988233764545277,0.09344731196775662,0.05021777286615094,0.043229539101605666,0.3814182371874373,-0.42594007393490874,-3.6561378074050865e-05,-0.5243297680670125
20,120,0.01,1,0.2,999.0,1,-0.5484069943945972,-0.18046315516054934,-0.6083826401487349,-0.8006510254170951,773,446,327,0.00510303581876097,0.05171292985763505,0.02840798283819801,0.02330494701943704,0.19641620750386735,-0.4444006690034509,-0.00019006751737866656,-0.5246870265057715
20,96,0.0,1,0.2,1.5,1,-0.5492676105742055,-0.18085442482417158,-0.5974104688660224,-0.9154409137845484,821,445,376,0.0024377559643762596,0.05307807319768576,0.02775791458103101,0.02532015861665475,0.19386028792594057,-0.43077006584131894,-0.00018362704068589284,-0.5253317049464102
12,60,0.01,1,0.2,999.0,1,-0.5400770524712467,-0.17670463248646617,-0.617758064532304,-0.7974277431564841,699,414,285,0.005980627965936423,0.04693492816745758,0.026457778066697003,0.02047715010076058,0.1984143119347146,-0.4556202364996237,-0.00022488303869154443,-0.5254550519104424
30,96,0.005,1,0.2,2.5,1,-0.5495230868739572,-0.18097068210489897,-0.6100056288100761,-0.8056469348522851,800,450,350,0.0032828446986933628,0.05255801859195215,0.02792043164532276,0.024637586946629396,0.22985243147387635,-0.4535118225984063,-0.00018048391757345483,-0.5262558432525513
30,120,0.01,1,0.2,2.5,1,-0.549753629494986,-0.18107563547663497,-0.608125321336932,-0.8303502344815588,737,417,320,0.0037378924787102646,0.048917636351816944,0.0263277644152636,0.02258987193655334,0.17815763845553811,-0.4475100828749261,-0.0002182520642839034,-0.5266558078691789
12,60,0.0,1,0.2,1.5,1,-0.5477202022574894,-0.18015131352168368,-0.6011751154456844,-0.9187555197471569,801,443,358,0.0029903139829682117,0.05161541961906,0.027302866801014108,0.024312552818045896,0.20304016934514157,-0.43881571752216864,-0.0001937001454425648,-0.5266766472318837
30,96,0.005,1,-0.2,1.5,1,-0.5145533594667385,-0.16549716670225467,-0.6571413173415397,-0.6557789025572069,859,500,359,0.008450887343171032,0.08281869596307612,0.04563479165312358,0.037183904309952547,0.2748546657597184,-0.4148638227251855,-6.770439126167309e-05,-0.5268567705008849
30,96,0.0025,1,0.2,2.5,1,-0.5509347037740353,-0.18161394637967232,-0.6113213188852791,-0.7995627306117311,858,477,381,0.003087824221543262,0.05658844178638757,0.029838133003965418,0.026750308782422155,0.25101418548242616,-0.44867690418390316,-0.0001516506974482653,-0.5272527423528984
12,120,0.0,1,0.2,1.5,1,-0.5502744959364387,-0.18131290572608982,-0.6011031576853153,-0.9103708408878889,867,467,400,0.002307742312942859,0.056003380354937266,0.029155561333940063,0.026847819020997206,0.21632466556441354,-0.42955767184167903,-0.00016128339978160536,-0.527383026613142
30,60,0.01,0,0.2,0.75,1,-0.5692663803809006,-0.1901085095828391,-0.5786902266920234,-0.9674593277375718,751,473,278,0.009328479490346486,0.04761749983748294,0.028472989663914712,0.019144510173568226,-0.21680686354312106,-0.19932133068920677,-0.0002590374584728941,-0.5278265893157293
30,60,0.0,1,0.0,0.75,1,-0.5465537129414517,-0.17962247534967313,-0.5944632940260868,-1.0252912655759812,589,343,246,0.004973022167327569,0.04157186504582981,0.02327244360657869,0.01829942143925112,-0.06280310674624556,-0.3504288613232347,-0.00033251215725424264,-0.5281186856415155
12,96,0.0025,1,0.2,1.5,1,-0.556985415327009,-0.18438851377698728,-0.5921466898111626,-0.9583679160941222,759,419,340,0.0029578105701098616,0.049242670480400444,0.026100240525255152,0.023142429955145292,0.12758280744637784,-0.4257175401906027,-0.00023174363284030798,-0.5283802544872747
48,200,0.005,1,0.2,999.0,1,-0.5532366564618632,-0.1826661897712235,-0.6165337422000816,-0.7571622922112292,981,560,421,0.005558083598777872,0.06458428134954171,0.03507118247415979,0.029513098875381914,0.1144283513433364,-0.34521292697101,-9.924347047485254e-05,-0.5287911754818257
20,120,0.01,1,0.2,2.5,1,-0.5548927071641221,-0.18342570203726727,-0.6067161757088151,-0.8445717799397883,731,413,318,0.0037053890658519145,0.04862510563609179,0.02616524735097185,0.022459858285119937,0.17060823893827393,-0.4519408111301212,-0.0002293110899213636,-0.5290123788886643
12,96,0.01,1,0.2,2.5,1,-0.5542562642207275,-0.18313356086056354,-0.6067328154327369,-0.8550201393002612,693,395,298,0.004290450497302217,0.04621985308457388,0.025255151790938048,0.020964701293635833,0.16380490809337855,-0.4583412845689604,-0.0002551525133651406,-0.5292509755419451
12,96,0.01,1,-0.2,1.5,1,-0.541226818437148,-0.1772203624070452,-0.6286499399505838,-0.7565358668002528,732,447,285,0.011213677436130793,0.07251511408697914,0.041864395761554964,0.03065071832542417,0.19514424724904922,-0.44643422845973435,-0.00013516808051957052,-0.5293721257223497
12,60,0.0,1,0.2,2.5,1,-0.5452963487753892,-0.17905357916690978,-0.6235294272231031,-0.7818186511124214,882,495,387,0.0039654163687187155,0.057921081713579924,0.03094324904114932,0.026977832672430604,0.31571704637560605,-0.46279789769316104,-0.00013404171794290676,-0.5299092253340825
20,96,0.0,1,0.2,2.5,1,-0.5519449141236089,-0.18207522359086437,-0.616567929720801,-0.7928120103629536,905,496,409,0.003087824221543262,0.059578755769355785,0.03133328999544952,0.02824546577390626,0.30589356692640113,-0.46050052312338485,-0.0001314010992049492,-0.5299997889694126
12,60,0.0,1,0.2,999.0,1,-0.5414616254659514,-0.1773258047073102,-0.6317296035218537,-0.7388986036807769,940,538,402,0.005818110901644673,0.062439056100890594,0.034128583501267636,0.028310472599622962,0.25716127433781666,-0.41634777469289885,-0.0001010578101329285,-0.5301355366522759
48,120,0.0025,1,0.2,999.0,1,-0.5478397633792806,-0.18020557535552373,-0.628401739702974,-0.7485246418970066,980,554,426,0.004810505103035819,0.06520184619385036,0.035006175648443084,0.03019567054540727,0.17293036032156173,-0.3706711307795736,-9.309730577004632e-05,-0.531832677301861
48,200,0.0025,1,0.2,999.0,1,-0.5586777487034882,-0.18516961794116282,-0.618246366987777,-0.7596609586831701,1073,601,472,0.00516804264447767,0.07049990248976143,0.037833972567119546,0.032665929922641876,0.15056406434444458,-0.3440023582626235,-7.418873886753248e-05,-0.5322758493692098
30,120,0.005,1,-0.2,1.5,1,-0.5172255315744584,-0.16664951482682222,-0.667589295439426,-0.6504256026777949,889,517,372,0.008125853214587532,0.08600403042319443,0.04706494181889098,0.03893908860430345,0.2793793867441208,-0.4113771468461337,-6.048152646245078e-05,-0.532965442680425
12,120,0.01,1,0.2,999.0,1,-0.5530733223886584,-0.18259139449811346,-0.6214887974167456,-0.8145233016121012,766,439,327,0.00510303581876097,0.05132288890333485,0.02821296236104791,0.02310992654228694,0.1898190752614859,-0.4490252000831688,-0.00020053092048230375,-0.5340619582870914
20,120,0.0,1,0.2,999.0,1,-0.5501060295137294,-0.1812361417001772,-0.6314667249551191,-0.7476167268444442,1014,564,450,0.004550477800169018,0.06734707144250146,0.03594877462133524,0.031398296821166224,0.281392016269727,-0.4169973531469737,-8.363833042933427e-05,-0.534350340519959
48,60,0.01,0,0.2,0.75,1,-0.5762653095194759,-0.1934232296267594,-0.5846634252824014,-0.9728248012763718,788,492,296,0.008970941948904635,0.0502502762790093,0.029610609113956965,0.02063966716505233,-0.21632311947351923,-0.19811552769180774,-0.0002426188069246965,-0.5343961823317787
30,120,0.0,1,0.2,999.0,1,-0.5496480563004122,-0.18102756881044202,-0.6327144956530502,-0.7449225628522673,1022,568,454,0.004257947084443867,0.06789962946109342,0.03607878827276864,0.031820841188324775,0.2921760463616727,-0.41895424150166294,-8.03791220071408e-05,-0.5346309447795805
12,120,0.0,1,0.0,0.75,1,-0.5546752137093919,-0.18332583260209145,-0.6011930914823144,-1.0173264554458656,653,379,274,0.004647988038744068,0.04612234284599883,0.02538516544237145,0.02073717740362738,-0.09780405575269757,-0.3157597665713877,-0.000287128149892436,-0.5347887011155419
20,60,0.0,1,-0.2,1.5,1,-0.5238611366094583,-0.16953187719419593,-0.6631486153306014,-0.6737930611148599,902,531,371,0.009523499967496588,0.08740167717610349,0.04846258857180004,0.03893908860430345,0.47390549670363824,-0.4927993671360328,-6.307123143513457e-05,-0.5347958379152397
12,60,0.0025,1,0.0,0.75,1,-0.5506517524452748,-0.18148488602566593,-0.6031759632700506,-1.0397890180739102,566,340,226,0.005493076773061171,0.03981668075147891,0.02265487876227004,0.01716180198920887,-0.14144586537870374,-0.3053733471046518,-0.0003641092489080993,-0.5350623185643868
20,200,0.0,1,0.2,2.5,1,-0.5560182059711392,-0.18394309795924202,-0.6258460453819237,-0.777358895081883,1053,580,473,0.0035428720015601638,0.06867971136969382,0.03611129168562699,0.032568419684066825,0.23178535068808226,-0.3897000214222891,-8.067301972808613e-05,-0.535734065404298
12,96,0.01,1,0.2,1.5,1,-0.5601103295347946,-0.1858325889828798,-0.5976315254974192,-1.0228490885881594,622,350,272,0.0036728856529935645,0.04072677631151271,0.022199830982253137,0.01852694532925957,0.09225560658119858,-0.4503087260369656,-0.00034623664983412866,-0.5357908061609974
48,60,0.0025,1,0.0,0.75,1,-0.5570582880550803,-0.1844221023883168,-0.5981578770667328,-1.0586293043536985,567,329,238,0.004160436845868816,0.040174218292920755,0.022167327569394785,0.01800689072352597,-0.11332372788075107,-0.336662163982811,-0.00037193017386992136,-0.5364325061393681
20,200,0.0,1,0.2,999.0,1,-0.5559783495674073,-0.183924759041188,-0.6326506864139532,-0.7453198767573475,1115,624,491,0.005298056295911071,0.07342520964701293,0.039361632971462,0.03406357667555093,0.17930487324400035,-0.3424060980357685,-5.843229910015562e-05,-0.5375160960860319
12,60,0.01,1,0.2,2.5,1,-0.5581088379275168,-0.18490678442784347,-0.6189183523849073,-0.8754483312271079,656,381,275,0.004615484625885718,0.04381460053305597,0.024215042579470845,0.019599557953585128,0.17256324213393093,-0.4768053985781343,-0.00029061891966269813,-0.5381383771816526
20,60,0.0025,1,0.0,0.75,1,-0.5549438533799127,-0.18344919285535533,-0.6034190568578583,-1.0676989171025455,544,324,220,0.005265552883052721,0.03835402717285315,0.021809790027952934,0.016544237144900213,-0.0780598698025311,-0.3663204016578876,-0.0003967627524200448,-0.5385436671394118
48,96,0.005,1,0.2,999.0,1,-0.5563414513036893,-0.1840918767512143,-0.6307895627952667,-0.7861165019525508,868,496,372,0.004647988038744068,0.05808359877787168,0.03136579340830787,0.026717805369563804,0.17191192922880183,-0.4156341596434606,-0.00014851682754691463,-0.5387924832464752
30,96,0.0025,1,0.0,0.75,1,-0.5604266321432192,-0.18597918586763518,-0.5998140409637827,-1.0583977909100704,594,345,249,0.004387960735877267,0.04189689917441331,0.023142429955145292,0.018754469219268023,-0.12051468961155598,-0.32730143626484487,-0.00035112764383655017,-0.53880609589503
30,200,0.0025,1,0.2,2.5,1,-0.5638088392851903,-0.18755170387602504,-0.6226679304400795,-0.807652888620405,979,542,437,0.003315348111551713,0.06422674380809985,0.03377104595982578,0.03045569784827407,0.18290930495730584,-0.39831979194309375,-0.000115084907168189,-0.539268313527085
20,120,0.0025,1,-0.2,1.5,1,-0.5355412076718435,-0.17467944834817384,-0.6613312453320754,-0.6852986510514515,952,545,407,0.007345771305987129,0.09230969251771436,0.04982773191185075,0.042481960605863615,0.36165630802137416,-0.4508947981380126,-5.8260439149084353e-05,-0.5396100035667841
12,60,0.0025,1,0.2,1.5,1,-0.5650970298707244,-0.18815303715525733,-0.6044087927386291,-0.9883523956164781,730,411,319,0.0032503412858350127,0.04725996229604108,0.025255151790938048,0.022004810505103035,0.10962231477270135,-0.4353565166841261,-0.0002646897912496556,-0.5397750533053958
20,200,0.01,0,-0.2,0.75,1,-0.5638887539094162,-0.18758896962826976,-0.6404548177198377,-0.6401929251913702,1166,727,439,0.022459858285119937,0.10833387505688097,0.06539686667100046,0.04293700838588052,-0.09557464009573002,-0.13606402817313634,-2.6858317467358655e-05,-0.5398260247477571
20,96,0.01,1,0.2,999.0,1,-0.5624978590488983,-0.18694109758606137,-0.62124939762986,-0.8473607471504765,738,428,310,0.005395566534486121,0.04940518754469219,0.02740037703958916,0.022004810505103035,0.1744674881472177,-0.46119213760003275,-0.00023255627414867316,-0.5399338337585152
12,120,0.01,0,-0.2,0.75,1,-0.5472186784475168,-0.17992381814564962,-0.6546788199132221,-0.6582021761870737,1078,677,401,0.021614769550802833,0.09858285119937593,0.060098810375089386,0.03848404082428655,-0.09994743545134754,-0.13749048365120042,-3.7310287020868404e-05,-0.5401733369116143
12,96,0.005,1,0.2,1.5,1,-0.5607362083738725,-0.1861227418696103,-0.6102272202143352,-0.9810063429942868,705,393,312,0.0031853344601183125,0.045764805304556976,0.024475069882337646,0.021289735422219333,0.11936895138366443,-0.44168507280369673,-0.0002756846729700641,-0.5402866691264923
30,200,0.005,1,0.2,2.5,1,-0.5628832075267043,-0.1871204362119957,-0.6247967281147319,-0.8159510950276597,900,505,395,0.0037378924787102646,0.05892868751218878,0.03133328999544952,0.027595397516739256,0.15796603942974285,-0.40791636232405604,-0.00014727663996753752,-0.5403163550207446
20,96,0.0,1,0.2,999.0,1,-0.5586473118966098,-0.18515554988207505,-0.6336203628617475,-0.7773413147397934,964,539,425,0.004843008515894169,0.0640642267438081,0.034453617629851135,0.029610609113956965,0.2557275368715428,-0.43078983355248035,-0.00011132491298436943,-0.5408327970499385
12,120,0.0025,1,0.2,1.5,1,-0.568583752582694,-0.1897873808647378,-0.604535149151378,-0.9817614771707641,793,432,361,0.0024052525515179096,0.0515504127933433,0.026977832672430604,0.024572580120912697,0.12121891748460567,-0.427932986680287,-0.00022638161992641681,-0.541143029298965
20,60,0.005,1,0.0,0.75,1,-0.558051925375244,-0.18488050511573273,-0.604124093846431,-1.089942149660655,505,305,200,0.005558083598777872,0.03591627120847689,0.02073717740362738,0.01517909380484951,-0.0745464103101674,-0.38524314160574313,-0.00044883486664647594,-0.5414396595219809
20,96,0.01,1,0.2,2.5,1,-0.568781200878907,-0.1898802273239134,-0.6143396044249079,-0.8931166087197215,696,395,301,0.003997919781577065,0.04631736332314893,0.025157641552362997,0.02115972177078593,0.14913297677457837,-0.46850439957517986,-0.00027658772426588404,-0.5417058599723534
12,96,0.0025,1,-0.2,1.5,1,-0.548470976816376,-0.1804922248203149,-0.6496740194931439,-0.7287961219839728,907,530,377,0.009360982903204836,0.08788922836897874,0.04862510563609179,0.03926412273288695,0.28961178479118566,-0.4489024505489546,-8.117785265374999e-05,-0.5417690406660854
30,120,0.01,0,0.2,0.75,1,-0.5809810856157047,-0.19567985511552966,-0.5979940543130375,-0.961096802809247,836,515,321,0.009653513618929988,0.05340310732626926,0.03152831047259962,0.021874796853669637,-0.1899593758198329,-0.21420851203940283,-0.00021810135720877743,-0.5427317224125108
48,96,0.0025,1,0.2,999.0,1,-0.561119925095485,-0.1863007834396737,-0.6342117389776847,-0.7886013581934054,940,529,411,0.0044854709744523175,0.06292660729376584,0.03370603913410908,0.029220568159656762,0.20616315704053023,-0.41775031944436014,-0.00012300319436966517,-0.5428367208381863
48,60,0.0,1,0.2,1.5,1,-0.5677717219938105,-0.18940587286129917,-0.6092138139337685,-0.9821418366090019,802,438,364,0.002275238900084509,0.0514854059676266,0.026880322433855554,0.024605083533771045,0.18377316046917858,-0.4546939357823302,-0.00022290488433004117,-0.5431198716586335
12,96,0.0025,1,0.2,2.5,1,-0.5643215419446542,-0.18779087613405177,-0.6272088652812347,-0.839997486025731,846,474,372,0.0037378924787102646,0.05574335305207047,0.029740622765390367,0.0260027302866801,0.22807981374939512,-0.458383355892267,-0.0001757196806543298,-0.5433951830759557
20,120,0.005,1,-0.2,1.5,1,-0.5354138043414809,-0.1746227792193219,-0.6683755506447835,-0.6958070539003921,885,513,372,0.008158356627445882,0.08545147240460248,0.046804914516024185,0.0386465578885783,0.29001103192291366,-0.439344295723507,-7.663100906280246e-05,-0.5436009072367333
30,96,0.005,1,0.0,0.75,1,-0.5619567591949569,-0.186689473076178,-0.6060835101617441,-1.0777905165076929,548,324,224,0.004843008515894169,0.0389065851914451,0.021874796853669637,0.017031788337775466,-0.1219481314376748,-0.34381959226574654,-0.0004015767387954186,-0.5436207539824347
48,60,0.005,1,0.0,0.75,1,-0.5630840496094582,-0.18721395377317984,-0.6045650860744067,-1.0929346967323696,525,309,216,0.004550477800169018,0.03737892478710265,0.020964701293635833,0.016414223493466815,-0.11957512616506805,-0.3547375281462194,-0.00043129589594490355,-0.5441432316470017
30,120,0.005,1,0.2,2.5,1,-0.5647554013252405,-0.18799343342112074,-0.6290724638272422,-0.8373471524705435,830,463,367,0.0028928037443931615,0.05463823701488656,0.02876552037963986,0.0258727166352467,0.20409506829218604,-0.45254314807537677,-0.00018418343576552271,-0.5443970229582691
20,60,0.01,0,0.2,0.75,1,-0.5835321057558185,-0.19690853172185763,-0.5926438380425731,-1.0241696135743488,733,465,268,0.009686017031788337,0.04608983943314048,0.027887928232464408,0.01820191120067607,-0.17716628261763734,-0.2697388771235052,-0.0002990358405482086,-0.5444389314218616
12,120,0.0,1,0.2,2.5,1,-0.5647337184233998,-0.1879833066643729,-0.6315111019911541,-0.8194033442792069,956,522,434,0.0029903139829682117,0.06286160046804914,0.03292595722550868,0.029935643242540468,0.30230370968531783,-0.4608775394397324,-0.00012563800635626647,-0.5447090248739104
20,60,0.01,1,0.0,0.75,1,-0.566566004936245,-0.188840393164038,-0.5965455042477679,-1.1573954826794801,454,280,174,0.0052330494701943705,0.032665929922641876,0.018949489696418124,0.013716440226223753,-0.1221033691866843,-0.38043184084479387,-0.0005420072924795025,-0.5449829194218959
20,96,0.0025,1,0.2,1.5,1,-0.5730607208253518,-0.19190046955104934,-0.6058984584763949,-1.0038505077183677,751,413,338,0.00260027302866801,0.04888513293895859,0.0257427029838133,0.023142429955145292,0.09634604643141831,-0.4330603664854178,-0.00026040251672565084,-0.5450422241751651
30,120,0.0025,1,0.2,2.5,1,-0.5668257240760208,-0.1889621013530376,-0.6291491087966261,-0.8327367769610995,895,493,402,0.0026327764415263605,0.05912370798933888,0.03087824221543262,0.02824546577390626,0.2299474597205935,-0.44897477343303316,-0.00015386592604509165,-0.5451734945994057
12,120,0.01,1,0.2,2.5,1,-0.5705955747760907,-0.19073489905925745,-0.6213363500399224,-0.8913654968193789,723,406,317,0.0037378924787102646,0.048202561268933235,0.02597022687382175,0.022232334395111488,0.164153413846587,-0.4704670155583788,-0.0002587063515012033,-0.5459713489201875
20,200,0.005,1,0.2,2.5,1,-0.5683272171080975,-0.18966679730718372,-0.6294696444663459,-0.8321868821954831,895,504,391,0.003867906130143665,0.05860365338360528,0.03123577975687447,0.027367873626730807,0.13915128275650335,-0.40711747873549964,-0.000156651211488421,-0.5460109636501308
12,120,0.01,1,0.2,1.5,1,-0.567186364967452,-0.18913119370459808,-0.6108024455746549,-1.0333820346285585,650,360,290,0.003120327634401612,0.042579470844438666,0.02284989923942014,0.019729571605018526,0.10909796122324722,-0.45985292101524267,-0.0003317703359989046,-0.5462015182233535
12,60,0.01,1,0.2,1.5,1,-0.5688417059393673,-0.18990868510409464,-0.6067753454710196,-1.0642896275024782,590,338,252,0.0038028993044269647,0.0386465578885783,0.021224728596502634,0.01742182929207567,0.09364496446954229,-0.47044716266985187,-0.00039657073604809867,-0.5465108392147284
12,120,0.005,1,0.2,1.5,1,-0.5632046453165523,-0.18727012191503223,-0.620758557078167,-0.977704513629205,736,404,332,0.00260027302866801,0.04771501007605799,0.025157641552362997,0.022557368523694988,0.13651814894700998,-0.44465614146123367,-0.00025669684589869934,-0.5465346261355759
12,120,0.0,1,0.2,999.0,1,-0.5628348033190529,-0.18709790270765136,-0.6410818459181218,-0.7803493632053324,1017,566,451,0.004810505103035819,0.06747708509393487,0.036143795098485344,0.03133328999544952,0.24527720455658342,-0.4161873327572799,-9.670784131063713e-05,-0.5466562938269789
30,200,0.005,1,0.2,999.0,1,-0.567374694184622,-0.1892195369070535,-0.6355290764477507,-0.7972450560760066,955,548,407,0.005883117727361373,0.063219138009491,0.034551127868426186,0.028668010141064813,0.12715232720582792,-0.3811907690757601,-0.0001251347116736336,-0.5468463279347292
30,200,0.0025,1,0.2,999.0,1,-0.5705968191711996,-0.1907354861672549,-0.6354190634809739,-0.7951704856143214,1039,586,453,0.005428069947344471,0.06874471819541052,0.037086394071377496,0.03165832412403302,0.1576768365506529,-0.3763365116151427,-9.767225076817959e-05,-0.5482035421884578
20,120,0.0025,1,0.0,0.75,1,-0.5676082765899334,-0.18932914795373113,-0.6103531424138651,-1.075644415295246,611,355,256,0.004582981213027368,0.04293700838588052,0.023759994799453944,0.019177013586426574,-0.09817582548790282,-0.34917287665860863,-0.00034814517068491337,-0.5482879399254259
20,96,0.01,1,-0.2,1.5,1,-0.5600164415533513,-0.18578908989563292,-0.6462236615617933,-0.801899189781987,737,448,289,0.010726126243255541,0.07280764480270428,0.04176688552297991,0.03104075927972437,0.16711812771777423,-0.4549966490496892,-0.0001519874432322128,-0.548995880165629
12,120,0.01,1,-0.2,1.5,1,-0.554898557852975,-0.18342838908308023,-0.6535728014955964,-0.7783596515785599,764,463,301,0.01023857505038029,0.07563544172138074,0.04293700838588052,0.03269843333550023,0.22990663379858334,-0.46969119442899687,-0.00013455992000003668,-0.5491327724098064
30,96,0.005,1,0.2,999.0,1,-0.5679814869438757,-0.18950437306960044,-0.6368303292438149,-0.824787522988362,850,490,360,0.005265552883052721,0.05642592472209582,0.030845738802574272,0.02558018591952155,0.18168569697775827,-0.44072978226598214,-0.00017443266441547384,-0.549158913840926
20,200,0.0025,1,0.2,2.5,1,-0.5733435870233528,-0.19203453677259807,-0.6309160712113797,-0.8347403403885357,972,539,433,0.0033803549372684134,0.06377169602808296,0.03357602548267568,0.03019567054540727,0.14634890675941792,-0.39482446994633436,-0.00012918270887883916,-0.5492295893977147
12,60,0.01,1,-0.2,1.5,1,-0.5612271208780286,-0.18635054230052106,-0.644795693339361,-0.8227573181289857,694,429,265,0.011766235454722745,0.06838718065396866,0.040076708054345704,0.028310472599622962,0.1732069764158024,-0.47082049992928665,-0.00017507400060544823,-0.5498862548766509
48,120,0.0,1,0.0,0.75,1,-0.5658153335714802,-0.18848892467955658,-0.619017081253976,-1.0403224900957995,679,387,292,0.0041929402587271665,0.04748748618604953,0.02584021322238835,0.021647272963661184,-0.09107698443410128,-0.3291472090647749,-0.00028632634220743605,-0.5500135898113345
20,120,0.0025,1,0.2,2.5,1,-0.5718811024015988,-0.191342094583154,-0.633283275920028,-0.8482589109359904,884,488,396,0.0029253071572515115,0.05850614314503023,0.03071572515114087,0.027790417993889358,0.22532491153392664,-0.4563501131879998,-0.00016529553393646916,-0.5503966780899675
48,60,0.01,1,-0.2,1.5,1,-0.560689970212922,-0.18610129559523791,-0.6478090325367859,-0.8118392914813168,715,436,279,0.01027107846323864,0.07098745368263668,0.04062926607293766,0.03035818760969902,0.15578845851589862,-0.45650960838932475,-0.00016240682636707254,-0.5505977764376967
12,60,0.0025,1,0.2,2.5,1,-0.566975600923059,-0.1890323607313492,-0.6379591106331491,-0.8517289116317077,811,463,348,0.004225443671585516,0.05343561073912761,0.028830527205356563,0.024605083533771045,0.2166761336441534,-0.4660656858666157,-0.00019821529916494486,-0.5505983616295091
30,120,0.0025,1,0.0,0.75,1,-0.5679687520508774,-0.18949839207028618,-0.6156843674469923,-1.0732730625909161,617,356,261,0.004290450497302217,0.04348956640447247,0.023890008450887342,0.019599557953585128,-0.11517933188981289,-0.33522717950543435,-0.00034180402581651524,-0.5510042289233281
12,60,0.005,1,0.2,1.5,1,-0.5656298345651738,-0.1884021432193388,-0.625315271547313,-1.002946017058087,676,384,292,0.0034128583501267635,0.04378209712019762,0.023597477735162194,0.020184619385035428,0.1327942011577652,-0.4623034919335969,-0.00030795184893681906,-0.5512070798458997
12,96,0.005,1,0.2,2.5,1,-0.571203379518454,-0.19102181445947075,-0.6340350230723858,-0.8678507592310383,788,446,342,0.003932912955860365,0.051972957160501855,0.027952935058181107,0.024020022102320744,0.1985229189137505,-0.46940906160502704,-0.00021766774064607477,-0.5514318639572157
20,120,0.005,1,0.0,0.75,1,-0.5677665607471936,-0.1894034497248167,-0.6153954835239808,-1.0890051134390786,565,333,232,0.004778001690177469,0.039946694402912306,0.022362348046544887,0.01758434635636742,-0.09992053143539759,-0.36297514054699975,-0.00039437218577369725,-0.551551447158761
12,200,0.0,1,0.2,2.5,1,-0.5717013729530548,-0.19125712053970612,-0.6390626209851069,-0.8176746894687398,1051,578,473,0.0034128583501267635,0.06861470454397711,0.03601378144705194,0.03260092309692518,0.22450114107426677,-0.4083480329219312,-9.827903164459967e-05,-0.5516721655056965
30,96,0.005,0,0.2,0.75,1,-0.5885563498989526,-0.1993450094001763,-0.608951994588377,-0.9617517751972345,913,556,357,0.009848534096080089,0.05814860560358838,0.03399856984983423,0.024150035753754143,-0.21101419837301572,-0.17672261128890354,-0.00018709154127443997,-0.5519085954542265
20,96,0.01,1,0.2,1.5,1,-0.5746248040125854,-0.1926426179452243,-0.6123538150225334,-1.0659681379192245,626,351,275,0.0033803549372684134,0.04088929337580446,0.022134824156536437,0.018754469219268023,0.07227848888566402,-0.45745878420977426,-0.0003696636413785386,-0.5521179323524522
20,120,0.005,1,0.2,2.5,1,-0.572800231262041,-0.19177706683876106,-0.6348611074567164,-0.8603912638912272,824,460,364,0.0030228173958265618,0.05437820971201976,0.02870051355392316,0.0256776961580966,0.20689263861347862,-0.4655138642278819,-0.00019817863584182112,-0.5522271837616806
30,96,0.0025,1,0.2,999.0,1,-0.5716356878429928,-0.19122607203505948,-0.640347538400607,-0.824613047274717,913,518,395,0.00503802899304427,0.06068387180653969,0.03286095039979198,0.02782292140674771,0.20853801388071203,-0.4404254196325459,-0.0001487900604352986,-0.5526304935990989
12,96,0.005,1,-0.2,1.5,1,-0.5570094237170591,-0.18439957930398854,-0.6627692351423378,-0.7608870298468189,843,496,347,0.00997854774751349,0.08161606968731717,0.04579730871741533,0.03581876096990184,0.22230328397015375,-0.44752018933202053,-0.00010883298214816193,-0.5538285483674984
12,200,0.0,1,0.2,999.0,1,-0.572294979181291,-0.19153787257205623,-0.6461498089969586,-0.7859541717910868,1113,622,491,0.00520054605733602,0.07339270623415459,0.039296626145745306,0.03409608008840928,0.17060111576470627,-0.3624991982755922,-7.549804405164153e-05,-0.5539104856600899
48,96,0.0025,1,0.0,0.75,1,-0.5707991926678803,-0.19083098334610815,-0.6182022005465448,-1.0816121905485099,615,353,262,0.004127933433010466,0.043327049340180716,0.023727491386595592,0.019599557953585128,-0.12030197472428661,-0.3364007846498983,-0.0003486922663887473,-0.5540126931468061
48,120,0.0,1,0.0,1.5,1,-0.5685054170583157,-0.18975055383964945,-0.6450860537098748,-0.8379138601440479,1018,565,453,0.0031528310472599625,0.07654553728141456,0.039849184164337255,0.03669635311707729,0.39576153808456027,-0.4856303979922597,-9.436390072103022e-05,-0.5541892737017893
30,120,0.005,1,0.0,0.75,1,-0.5683239566311854,-0.18966526507775472,-0.6217392335815297,-1.0889237988239509,566,333,233,0.004778001690177469,0.040076708054345704,0.022427354872261586,0.017649353182084118,-0.1152128820324263,-0.3524769518809767,-0.0003935641784612855,-0.5549810718097171
20,60,0.01,1,0.2,999.0,1,-0.5753077006657984,-0.19296729012593405,-0.6344930941877585,-0.8968617991132274,690,410,280,0.006110641617369824,0.04595982578170708,0.026035233699538453,0.019924592082168627,0.17311146298996216,-0.4887843101004147,-0.0002898466204152133,-0.5550569271754746
48,60,0.01,1,0.2,999.0,1,-0.5794619687144418,-0.19495084739864754,-0.6299973856601697,-0.9028916354884441,723,426,297,0.005493076773061171,0.048072547617499836,0.026782812195280503,0.021289735422219333,0.12323835781629122,-0.46251039553453066,-0.0002719259632058876,-0.5550941220031547
20,60,0.01,1,-0.2,1.5,1,-0.5651659309041066,-0.1881852380735174,-0.6500320040611043,-0.8382893742366312,677,419,258,0.011961255931872847,0.06695703048820126,0.03945914321003705,0.027497887278164206,0.20443177314502603,-0.49349142015897896,-0.00018781266022572504,-0.5551157088159011
12,120,0.005,0,0.2,0.75,1,-0.589839385790309,-0.19997078272257174,-0.6134189787032676,-0.9748369525971546,905,546,359,0.009360982903204836,0.05707599297926282,0.03321848794123383,0.023857505038028994,-0.17144475839830908,-0.22160527402766395,-0.00019550239024141623,-0.5554221197040633
12,60,0.005,1,0.2,2.5,1,-0.5711326125703049,-0.19098839310914406,-0.6422237962301576,-0.8733066227411695,754,435,319,0.004355457323018917,0.049665214847558994,0.027010336085288956,0.02265487876227004,0.22047284298173886,-0.48765220963718037,-0.0002394876865511647,-0.5557656223612814
48,96,0.005,1,0.0,0.75,1,-0.5694195239699515,-0.19018060533948922,-0.6226992362214508,-1.0915721927833448,562,329,233,0.004680491451602418,0.039849184164337255,0.022264837807969836,0.01758434635636742,-0.11612909483441936,-0.3547429413755727,-0.00039942883444862187,-0.5561088330893819
12,60,0.0025,1,-0.2,1.5,1,-0.5543190840024088,-0.1831623825944183,-0.6709526598843143,-0.7513696151404748,860,513,347,0.01049860235324709,0.08363128128453487,0.04706494181889098,0.036566339465643895,0.2550544552794425,-0.45404757702774867,-0.00010029866650252569,-0.5562071932935992
30,60,0.01,1,0.2,999.0,1,-0.5784537789644613,-0.1944681172312337,-0.6330011496706859,-0.9069781236099655,698,412,286,0.0060456347916531235,0.04621985308457388,0.026132743938113503,0.020087109146460377,0.17992385105724273,-0.4934784824657966,-0.0002907892121889101,-0.5563175982470748
12,60,0.01,1,0.0,0.75,1,-0.5748663137548028,-0.19275739516194212,-0.6091196147958615,-1.1815857513882353,467,288,179,0.005265552883052721,0.03347851524410063,0.019372034063576675,0.014106481180523956,-0.14511057366221347,-0.3718712168666549,-0.0005408821992605622,-0.5563964901292846
20,96,0.0025,1,0.2,2.5,1,-0.5796824749149895,-0.19505654332082856,-0.6353451172074376,-0.8796445629531331,835,464,371,0.0032503412858350127,0.055255801859195215,0.029253071572515114,0.0260027302866801,0.20231804511169438,-0.4692115992409118,-0.00020140066323334754,-0.556711330072204
12,200,0.005,1,0.2,2.5,1,-0.5790318435195265,-0.19474479365688913,-0.6386580602925875,-0.8611060122497229,893,502,391,0.0036728856529935645,0.05847363973217188,0.03107326269258272,0.02740037703958916,0.13985576160472646,-0.4227548041417406,-0.00017154464798638564,-0.5571291244156691
48,60,0.0,1,0.2,2.5,1,-0.577856000638723,-0.1941823042697589,-0.6395373571260641,-0.8699600991173683,885,490,395,0.003087824221543262,0.057888578300721576,0.030488201261132417,0.02740037703958916,0.2651327460749171,-0.4805450472109257,-0.00017528319096024608,-0.5574489877886594
20,200,0.01,0,0.2,0.75,1,-0.5944683185628796,-0.20224071608016347,-0.612946673637454,-0.975368049276017,876,538,338,0.01023857505038029,0.05606838718065397,0.03315348111551713,0.02291490606513684,-0.1172634151265608,-0.28802914428297954,-0.00021275587655667993,-0.5574824553626914
20,96,0.005,1,0.2,1.5,1,-0.5763877236416546,-0.19348156945929174,-0.6258416383133376,-1.0265787010101333,704,391,313,0.002795293505818111,0.04569979847884028,0.024247545992329193,0.021452252486511083,0.09562532284594516,-0.45018527804208763,-0.0003020068380982356,-0.5577313236664672
12,96,0.0025,1,0.2,999.0,1,-0.5745735018860798,-0.19261824296193708,-0.6468879364160349,-0.8358840162131418,903,516,387,0.005720600663069622,0.05993629331079763,0.03282844698693363,0.027107846323864006,0.1844296519278168,-0.4357802794870338,-0.0001574830751435893,-0.5578564119806116
48,60,0.0025,1,0.2,1.5,1,-0.5865026869872085,-0.1983464170821937,-0.6149774668315686,-1.0592124912402159,735,407,328,0.0024377559643762596,0.04748748618604953,0.024962621075212896,0.022524865110836637,0.08397119574604295,-0.4490678887720059,-0.0002966367791417277,-0.5587957750599888
48,120,0.01,0,0.2,0.75,1,-0.5966996158753027,-0.203341842249121,-0.6127223851179082,-0.9855817432226742,857,526,331,0.009783527270363388,0.05509328479490346,0.03243840603263343,0.02265487876227004,-0.16699747367268458,-0.256768612835223,-0.00022570862416605375,-0.5589821219692088
12,96,0.005,0,0.2,0.75,1,-0.594520831164474,-0.2022665783492753,-0.6146208109660858,-1.0001438003095557,866,530,336,0.009458493141779887,0.05463823701488656,0.032048365078333224,0.02258987193655334,-0.19988114577373017,-0.2185331102927972,-0.0002236799272508852,-0.559584173847796
20,60,0.01,1,0.2,2.5,1,-0.5814070694220018,-0.19588463575731196,-0.632937738568913,-0.944873795326237,648,377,271,0.0047129948644607685,0.04287200156016382,0.02379249821231229,0.019079503347851523,0.14780620252048804,-0.49572211355729356,-0.0003415429049583117,-0.5595971948080803
20,200,0.005,1,0.2,999.0,1,-0.5797560323225864,-0.1950918110676133,-0.645959898883002,-0.8322842495350603,949,546,403,0.005883117727361373,0.0627640902294741,0.03432360397841774,0.02844048625105636,0.09014278287270816,-0.38035582531515466,-0.00014295367318149866,-0.5596859729858673
12,200,0.01,0,-0.2,0.75,1,-0.579758171583407,-0.19509283682429934,-0.6619876300082559,-0.6842996460738557,1153,718,435,0.021842293440811286,0.10654618734967171,0.0641942403952415,0.04235194695443022,-0.20481574181838835,-0.05927023437984269,-4.144927891016502e-05,-0.5603016341321201
20,96,0.0025,1,0.0,0.75,1,-0.581990013943745,-0.19616512451207646,-0.6150801974241284,-1.1373440762614886,577,339,238,0.004843008515894169,0.04085678996294611,0.02284989923942014,0.01800689072352597,-0.13512015021135249,-0.3550052643024366,-0.0004075059422760066,-0.5605724270372151
48,120,0.01,1,0.0,1.5,1,-0.5848381447769676,-0.19753975891609155,-0.631544324745949,-0.9547615236970474,765,446,319,0.00520054605733602,0.058636156796463626,0.031918351426899826,0.026717805369563804,0.259369878088052,-0.5166927331919078,-0.0002217206260234675,-0.5610499974739184
48,60,0.0025,1,-0.2,1.5,1,-0.5650764426511838,-0.18814341645421384,-0.6698151803860996,-0.776731845548422,872,506,366,0.008060846388870831,0.08509393486316064,0.04657739062601573,0.0385165442371449,0.24143832921512165,-0.4581394549148402,-0.00010549737728575315,-0.5618875989246847
30,60,0.0,1,-0.2,1.5,1,-0.5621274535648871,-0.18676882491280855,-0.6738418669509939,-0.767718473684021,907,528,379,0.009003445361762985,0.08759669765325359,0.048300071507508285,0.039296626145745306,0.4673265854972881,-0.5302976504557348,-9.334562576876732e-05,-0.5620756820725066
30,60,0.0,1,0.2,2.5,1,-0.5812558125848368,-0.19581190508456126,-0.6449296096422386,-0.8904815870534067,857,475,382,0.0038028993044269647,0.05587336670350387,0.029838133003965418,0.026035233699538453,0.3467583975837334,-0.5226896802087914,-0.00019566589223057033,-0.5628007892583509
12,96,0.005,1,0.0,0.75,1,-0.5818305881176744,-0.19608838629220615,-0.6187290599776419,-1.150949963501773,536,321,215,0.005298056295911071,0.0382565169342781,0.021777286615094586,0.016479230319183514,-0.14396040100752505,-0.3613271779078129,-0.0004535339420745922,-0.5630004144561157
20,96,0.005,1,0.2,2.5,1,-0.5852208667505571,-0.19772501587525504,-0.6400634008521207,-0.9051300507150166,783,440,343,0.0034453617629851135,0.0517454332704934,0.027595397516739256,0.024150035753754143,0.1812143419118868,-0.48053415393011845,-0.00024089164030915712,-0.5630132188370662
48,96,0.005,0,0.2,0.75,1,-0.595524593807681,-0.20276141125627245,-0.6245923957325663,-0.9593689125084957,945,567,378,0.009653513618929988,0.060098810375089386,0.034876161997009686,0.0252226483780797,-0.1673518353532255,-0.2207334194949122,-0.0001795791943208548,-0.5630260547479804
20,96,0.0025,1,-0.2,1.5,1,-0.5680612405195695,-0.18954183269826308,-0.6694212396207542,-0.7766657245860789,900,521,379,0.008515894168887733,0.08730416693752845,0.04791003055320809,0.039394136384320357,0.23644202954975269,-0.4520640332851307,-9.952456362463063e-05,-0.5630857387379441
12,96,0.005,1,0.2,999.0,1,-0.5789792948782981,-0.19471963077378085,-0.6510903030955617,-0.8567483648403553,839,486,353,0.005915621140219723,0.055905870116362215,0.03091074562829097,0.024995124488071247,0.149291864933081,-0.4426792426445588,-0.0001945582407620993,-0.5631022005635795
48,60,0.01,1,0.2,1.5,1,-0.5885436115927258,-0.19933880390233572,-0.6153226303919535,-1.1255131117461132,613,348,265,0.0032503412858350127,0.039719170512903856,0.021484755899369434,0.018234414613534422,0.047940390229725294,-0.4665032502954486,-0.00041439045326240883,-0.5632757746856181
48,60,0.0,1,0.2,999.0,1,-0.5800161002650699,-0.19521654004937772,-0.6521269273666419,-0.8411881620057147,942,532,410,0.004875511928752519,0.06227653903659884,0.03357602548267568,0.02870051355392316,0.2161136123189189,-0.44682524985637107,-0.00014713519980502288,-0.5633394118329844
12,200,0.0025,1,0.2,2.5,1,-0.5870538159829815,-0.19861403754843465,-0.6427762589763022,-0.8718802252965278,970,537,433,0.0032828446986933628,0.0636741857895079,0.03347851524410063,0.03019567054540727,0.1395699288126948,-0.41137598565473954,-0.00014659021644984567,-0.5635961783014122
48,60,0.01,1,0.2,2.5,1,-0.5895382028460115,-0.19982375551786635,-0.632041445881429,-0.9618949092917128,682,393,289,0.004030423194435416,0.04504973022167327,0.024540076708054345,0.02050965351361893,0.09900891320631833,-0.4747053448097446,-0.00032612299085073916,-0.5639392239231664
12,60,0.005,1,-0.2,1.5,1,-0.5548100024909639,-0.1833877210950986,-0.6853263702982215,-0.7644154108058712,799,478,321,0.010823636481830592,0.07752063966716505,0.044172138074497824,0.03334850159266723,0.24411169973025282,-0.4663825059703959,-0.0001226011367813244,-0.564271676784503
12,120,0.005,1,0.2,2.5,1,-0.5841603329452598,-0.19721197732577767,-0.6452693405406916,-0.8952277249554037,821,458,363,0.003315348111551713,0.054085678996294614,0.02870051355392316,0.02538516544237145,0.19876448938228242,-0.4769845549681897,-0.0002167518119918213,-0.5646080338438936
30,60,0.0,1,0.2,1.5,1,-0.5828452695084755,-0.19657716924030588,-0.63173023467868,-1.0433500249546726,775,423,352,0.0029903139829682117,0.04960020802184229,0.026295261002405253,0.02330494701943704,0.2315975342259209,-0.5009321883361336,-0.00026477081196428476,-0.5646097878273795
12,60,0.0025,1,0.2,999.0,1,-0.5771937314961122,-0.19386601066640763,-0.6570939070679442,-0.8473487043526438,866,505,361,0.006305662094519925,0.057596047584996424,0.031950854839758173,0.02564519274523825,0.168324571288891,-0.4419482868568816,-0.0001783268437937907,-0.564780399418012
48,200,0.0,1,0.0,0.75,1,-0.5819364117809289,-0.19613932113429988,-0.630390292525161,-1.0696428064949854,747,425,322,0.0047129948644607685,0.051452902554768254,0.02808294870961451,0.02336995384515374,-0.09963856445467612,-0.32535545427631163,-0.00026497690670803547,-0.5648166077216297
30,60,0.0,1,0.2,999.0,1,-0.5798102879341125,-0.19511782736395444,-0.6543794078666091,-0.8509656885338738,913,517,396,0.005623090424494572,0.060228824026522784,0.03292595722550868,0.027302866801014108,0.2945765769542521,-0.48758400075760455,-0.00016083444079966573,-0.5648558157239526
20,200,0.0025,1,0.2,999.0,1,-0.5868582668299855,-0.19851905100735,-0.6492257004163416,-0.8405828223362238,1031,582,449,0.005363063121627771,0.06815965676396021,0.036761359942793996,0.031398296821166224,0.10298068658407566,-0.37271348283616956,-0.00011914756856767757,-0.5651610423323321
20,120,0.005,0,0.2,0.75,1,-0.6006429196800673,-0.2052990475865598,-0.6217818927684101,-0.9951947727251855,926,560,366,0.009588506793213287,0.05879867386075538,0.03419359032698433,0.024605083533771045,-0.21526110346966187,-0.19134208710898226,-0.00019766812522502877,-0.5659497326070241
12,120,0.0025,1,0.2,2.5,1,-0.5864740702816176,-0.19833252851805228,-0.646479346488666,-0.8915752401792941,882,487,395,0.003087824221543262,0.05827861925502178,0.03068322173828252,0.027595397516739256,0.2035679513918005,-0.46592297558396756,-0.00018620989437329258,-0.56615096377135
20,60,0.0,1,0.2,2.5,1,-0.5834208503044087,-0.19685482900767282,-0.6501748912710295,-0.8912051056659941,858,480,378,0.003867906130143665,0.05593837352922057,0.029903139829682117,0.026035233699538453,0.31543000813502453,-0.5136054382196298,-0.00019759035842497664,-0.5665025299264872
48,60,0.005,1,0.2,1.5,1,-0.5861689283404272,-0.19818447856722,-0.6300227330305797,-1.0721241333118796,686,383,303,0.0025027627900929598,0.04410713124878112,0.02330494701943704,0.02080218422934408,0.07976598943324587,-0.459875705284419,-0.00033812087216549756,-0.5668020517481038
30,60,0.01,1,0.2,2.5,1,-0.5903123988324835,-0.20020185495391996,-0.6365882459304135,-0.971914814559681,656,379,277,0.004615484625885718,0.04316453227588897,0.023890008450887342,0.019274523825001624,0.15447164014026593,-0.5073326679795478,-0.00035250320505431256,-0.5670917186471107
12,120,0.0025,1,-0.2,1.5,1,-0.5686536333301211,-0.1898202373686141,-0.6788872067068024,-0.7656410835383001,944,548,396,0.008125853214587532,0.09165962426054736,0.049892738737567444,0.04176688552297991,0.3285378142686688,-0.4794163989442679,-8.642938105704353e-05,-0.5675458948989303
30,120,0.005,1,0.2,999.0,1,-0.5835454849506283,-0.19691499054845285,-0.6554624131853797,-0.8582199175317362,881,504,377,0.004843008515894169,0.05860365338360528,0.031723330949749724,0.026880322433855554,0.15780393124878245,-0.4411604722674689,-0.0001787972343225352,-0.5675571930177294
20,200,0.0,1,0.0,0.75,1,-0.5842674386817093,-0.1972637457048091,-0.632084392058416,-1.0879279034914262,721,415,306,0.004810505103035819,0.049990248976142494,0.02740037703958916,0.02258987193655334,-0.1427972438282623,-0.3044428860911851,-0.0002856561908394393,-0.5677023369085884
48,60,0.01,1,0.0,0.75,1,-0.5895790328878535,-0.19984368260697527,-0.6139972351666709,-1.2186383201354538,478,287,191,0.0041929402587271665,0.03442111421699279,0.019307027237859976,0.015114086979132808,-0.16317049655697868,-0.377104928052288,-0.0005527936492135658,-0.5677742161970835
12,200,0.0,1,0.0,0.75,1,-0.5845159416812298,-0.19738389541635282,-0.6323043126050626,-1.0869831497136258,721,414,307,0.004615484625885718,0.04992524215042579,0.027270363388155756,0.02265487876227004,-0.1389341646249811,-0.30797733029117325,-0.00028628069899010644,-0.5678852092045653
20,60,0.0,1,0.2,1.5,1,-0.5855732991722722,-0.19789572451485116,-0.636690503071295,-1.0444452034689031,776,428,348,0.0030228173958265618,0.04969771826041734,0.026360267828121953,0.02333745043229539,0.20168051193362468,-0.4915981643287278,-0.00026757414216795874,-0.5684632362239438
20,60,0.01,1,0.2,1.5,1,-0.5908036788104903,-0.20044206262267872,-0.6219356957847353,-1.142172708055165,580,333,247,0.0039654163687187155,0.03770395891568615,0.02083468764220243,0.016869271273483716,0.07088304848332161,-0.4892991587569344,-0.0004563623806855108,-0.5685185459178046
30,96,0.01,1,0.0,0.75,1,-0.5901656509170565,-0.20013014554469744,-0.6170171763768211,-1.2079847913368096,498,301,197,0.004582981213027368,0.03572125073132679,0.02015211597217708,0.01556913475914971,-0.16071552455805416,-0.3735801161152986,-0.0005237978503016987,-0.5690379732999484
12,60,0.005,1,0.2,999.0,1,-0.5807423790041302,-0.1955651713393326,-0.6603819148062906,-0.8667946892750243,805,475,330,0.006370668920236625,0.05363063121627771,0.030000650068257168,0.02362998114802054,0.1652468903925719,-0.4618414339714273,-0.0002162893441379737,-0.5690958632062291
20,96,0.005,1,0.0,0.75,1,-0.587933531920521,-0.199041770539524,-0.6251931012978424,-1.1712564391329991,537,319,218,0.00507053240590262,0.03828902034713645,0.021679776376519536,0.016609243970616916,-0.13810955562983396,-0.37460782990854036,-0.00046514022486414966,-0.5702011431450952
30,120,0.0025,1,0.2,999.0,1,-0.5877403682470165,-0.1989477924338493,-0.6577149403804763,-0.8594187937610683,951,535,416,0.004550477800169018,0.06331664824806604,0.033933563024117534,0.029383085223948516,0.18907680755042855,-0.44214725728756465,-0.00015166106021765688,-0.5707762023121409
12,96,0.0025,1,0.0,0.75,1,-0.5900108807722013,-0.20005453686906605,-0.6250458511752163,-1.1642882538887207,582,345,237,0.005265552883052721,0.04114932067867126,0.02320743678086199,0.01794188389780927,-0.1600930781581954,-0.3469409227192143,-0.00041788651693510276,-0.5707918751511102
12,200,0.005,1,0.2,999.0,1,-0.5907182624834559,-0.20040028342783212,-0.6551951749919531,-0.8618458467744469,946,543,403,0.005688097250211272,0.0626340765780407,0.034161086914125983,0.028472989663914712,0.08883225480198575,-0.3966989915379724,-0.0001577715575785315,-0.571090163262531
30,120,0.01,0,-0.2,0.75,1,-0.593406124200216,-0.20171812731911787,-0.665402587689317,-0.743054565657547,1116,699,417,0.021582266137944485,0.10290580510953651,0.06224403562374049,0.04066176948579601,-0.19571435695217343,-0.11662024558711825,-6.164098365487587e-05,-0.5715721494466537
48,120,0.005,1,0.0,1.5,1,-0.5863138337685116,-0.19825477413752302,-0.6563038700636574,-0.9160525803919065,863,489,374,0.004127933433010466,0.0655593837352922,0.03484365858415134,0.03071572515114087,0.2807097900417539,-0.5026464720649764,-0.00017220275209170984,-0.572209338188947
30,60,0.0025,1,0.0,0.75,1,-0.5893950593187498,-0.1997539060990009,-0.6287817918407493,-1.190279971751396,545,322,223,0.0052330494701943705,0.0384515374114282,0.021842293440811286,0.016609243970616916,-0.11461691371722194,-0.39092918189271264,-0.0004639625628017678,-0.5736588006069453
12,60,0.01,0,0.2,0.75,1,-0.6054701299079392,-0.20771479008355975,-0.6189675405629436,-1.1354498570588536,713,454,259,0.009523499967496588,0.044822206331664824,0.027172853149580706,0.017649353182084118,-0.19403488870348462,-0.3007566428213213,-0.00035754983372248794,-0.5739710532179743
20,120,0.01,1,0.0,0.75,1,-0.5931154490274326,-0.2015752964880202,-0.623772114363863,-1.212240204873518,512,307,205,0.0044854709744523175,0.03653383605278554,0.02050965351361893,0.016024182539166612,-0.14010173906217072,-0.38873247815766776,-0.0005118135795069086,-0.5740733639136276
20,120,0.005,1,0.2,999.0,1,-0.5903048447314022,-0.20019816311881666,-0.6599761915008682,-0.8780980609386377,874,500,374,0.0050055255801859195,0.05824611584216343,0.031625820711174674,0.026620295130988753,0.15962511626549025,-0.4530125446622042,-0.00019114144446001838,-0.5740911619161826
20,60,0.0,1,0.2,999.0,1,-0.5878866808950032,-0.19901897351746956,-0.6642943671609565,-0.8674519726940944,915,523,392,0.005688097250211272,0.06035883767795618,0.03302346746408373,0.027335370213872456,0.26489763475141714,-0.4851263281052234,-0.00016981965356596118,-0.5745387557326525
20,120,0.0025,1,0.2,999.0,1,-0.591680080203167,-0.20087110990462376,-0.6607222226408349,-0.8721818985689007,940,530,410,0.004908015341610869,0.0626340765780407,0.03377104595982578,0.02886303061821491,0.18412875367752424,-0.4482134712145024,-0.00016136723052386949,-0.5748413161534862
12,120,0.005,1,-0.2,1.5,1,-0.5734806214880337,-0.1920995095676833,-0.6867522961717076,-0.7904473094329266,877,512,365,0.008873431710329584,0.08493141779886888,0.046902424754599235,0.03802899304426965,0.24859479713263144,-0.4703328942149918,-0.00011154375854320031,-0.5749980231251834
30,60,0.01,1,0.2,1.5,1,-0.5989971921080244,-0.20448045938149373,-0.6245831587021231,-1.1715746444221582,587,334,253,0.003867906130143665,0.0379314828056946,0.02089969446791913,0.017031788337775466,0.07759103441944348,-0.5008963433947402,-0.0004680655897907742,-0.5753507709536632
30,120,0.01,1,0.0,0.75,1,-0.5918266172576445,-0.20094291530086394,-0.6283263303904484,-1.2068219263371662,514,309,205,0.004582981213027368,0.03669635311707729,0.02063966716505233,0.016056685952024963,-0.14696361007737213,-0.38124500625020274,-0.0005057914918692342,-0.5754471768129464
12,60,0.01,0,-0.2,0.75,1,-0.5817654874645715,-0.19605705697153397,-0.6802679300594123,-0.7940876618217314,975,622,353,0.022004810505103035,0.08714164987323669,0.05457323018916986,0.032568419684066825,-0.12371591040309049,-0.2227755601404271,-9.62652156891703e-05,-0.5758954050923267
20,60,0.0025,1,-0.2,1.5,1,-0.5727812334261275,-0.19176806912886935,-0.6881893261814302,-0.8096341580457755,831,495,336,0.01040109211467204,0.08080348436585842,0.04560228824026523,0.035201196125593186,0.32403195070253976,-0.5110703879916951,-0.0001277296183189814,-0.5763444401218732
20,96,0.005,0,0.2,0.75,1,-0.6101795501358604,-0.21009303416114267,-0.6295033126636038,-1.0382699150876118,885,541,344,0.009718520444646687,0.05632841448352077,0.03302346746408373,0.02330494701943704,-0.2138181020951364,-0.22809305816452574,-0.00023331246649073068,-0.5767581862473252
48,200,0.0,1,0.0,1.5,1,-0.5963491804356145,-0.20316860354534172,-0.6583516324372435,-0.8913427923065915,1139,632,507,0.0041929402587271665,0.08389130858740168,0.04404212442306442,0.039849184164337255,0.346730824619071,-0.47019311380196827,-8.679628454864781e-05,-0.5769115593792931
48,96,0.01,1,0.0,0.75,1,-0.59363586763581,-0.2018310719213693,-0.629973793835461,-1.2121939460685034,511,306,205,0.0044854709744523175,0.03659884287850224,0.02054215692647728,0.016056685952024963,-0.1526296440619367,-0.38079836952716806,-0.0005123220064605853,-0.5774276661425249
12,120,0.005,1,0.2,999.0,1,-0.5933770153872151,-0.2017038204959415,-0.6632728894329332,-0.888191813000684,873,499,374,0.005363063121627771,0.05808359877787168,0.031723330949749724,0.026360267828121953,0.1453783486292528,-0.45063637005286183,-0.00019634359903845548,-0.5777498558624423
12,200,0.01,0,0.2,0.75,1,-0.6111765581490689,-0.21059928023940222,-0.6304448510088165,-1.0412607656911703,865,530,335,0.009913540921796788,0.055028277969186766,0.032470909445491775,0.022557368523694988,-0.2095719171455216,-0.24182507718634472,-0.00024619300564899735,-0.577884744028369
48,96,0.0,1,0.0,1.5,1,-0.5961742381844569,-0.20308216256111844,-0.6569565522307694,-0.9280063452359594,979,540,439,0.002860300331534811,0.07365273353702138,0.0382565169342781,0.03539621660274329,0.3987440486636349,-0.5289184636881725,-0.0001370637219049279,-0.5779607559383011
48,60,0.0025,1,0.2,2.5,1,-0.6000378657549205,-0.20499779909851912,-0.6523166411270431,-0.9467052657371355,818,459,359,0.0032503412858350127,0.05376064486771111,0.02850549307677306,0.025255151790938048,0.1614560593749914,-0.4815737808863988,-0.0002431830989033739,-0.5784913829488975
48,60,0.005,1,-0.2,1.5,1,-0.5774813759825492,-0.19400334134901176,-0.6869854352202389,-0.8210022861985949,814,476,338,0.008580900994604434,0.07904830007150751,0.04381460053305597,0.03523369953845154,0.17249194739485474,-0.45857532260517186,-0.00013853411118800235,-0.578546173269061
30,96,0.0,0,-0.2,0.75,1,-0.6043308684197122,-0.20714266567418949,-0.6733570756382816,-0.7101117718105356,1412,841,571,0.02083468764220243,0.12959110706624197,0.0752128973542222,0.05437820971201976,-0.05642847715395527,-0.1503385247712663,-1.4200730823741347e-05,-0.5793267920838571
12,200,0.0025,1,0.2,999.0,1,-0.6007242559056031,-0.20533956992033175,-0.6609984946308463,-0.8783081801556906,1029,580,449,0.005298056295911071,0.06809464993824352,0.03669635311707729,0.031398296821166224,0.09484023315410717,-0.38986973276185355,-0.0001360559833777738,-0.5797542262435395
30,60,0.01,1,0.0,0.75,1,-0.6005230505492265,-0.20523933913911607,-0.6222299220990325,-1.276311007516887,460,281,179,0.004973022167327569,0.032990964051225376,0.018981993109276472,0.014008970941948905,-0.16932835648521827,-0.39469389994206705,-0.0006137916221913786,-0.5801698505644768
12,96,0.0,0,-0.2,0.75,1,-0.6070479863626053,-0.20850922102601055,-0.6702737447847747,-0.735270616820227,1362,816,546,0.021192225183644282,0.12286290060456348,0.07202756289410388,0.050835337710459595,0.010846397913006234,-0.23178487021216587,-2.4973445145481944e-05,-0.5804096242594093
20,120,0.0,0,-0.2,0.75,1,-0.6049491774800181,-0.20745302011445677,-0.6751795453918894,-0.7087847695982902,1435,856,579,0.020769680816485732,0.13115127088344275,0.07596047584996425,0.05519079503347851,-0.052822888664253886,-0.14511835218845182,-1.1345552709807757e-05,-0.580482031290316
48,60,0.005,1,0.2,2.5,1,-0.6018870932873317,-0.20591958223908813,-0.652981254316302,-0.9634793454097093,764,433,331,0.003315348111551713,0.0500552558018592,0.026685301956705453,0.02336995384515374,0.13739057607439942,-0.48709301561207574,-0.00028299394120353454,-0.5805841766677247
30,96,0.0,1,0.0,1.5,1,-0.6065252352572474,-0.20824575793042088,-0.6472425490426854,-0.974692843314299,947,525,422,0.0034453617629851135,0.07131248781122018,0.03737892478710265,0.033933563024117534,0.3249200696340149,-0.523111258571884,-0.00016198823037707807,-0.5806016746174786
30,60,0.01,1,-0.2,1.5,1,-0.5952319704073211,-0.20261705937736674,-0.6642482078596674,-0.9187687359977107,690,423,267,0.011571214977572646,0.06773711239680166,0.039654163687187154,0.02808294870961451,0.1870923318705886,-0.5185061219497804,-0.00021670529981175846,-0.580679600107086
12,120,0.005,1,0.0,0.75,1,-0.5942778370762375,-0.20214692569149217,-0.6391679637526515,-1.1829052453942008,555,328,227,0.004875511928752519,0.03958915686147046,0.022232334395111488,0.017356822466358966,-0.13825628415907143,-0.37856248825706584,-0.0004543372054700086,-0.580876169837528
20,96,0.0025,1,0.2,999.0,1,-0.5991206669580198,-0.20454178854038618,-0.6626297902081846,-0.902733162346048,891,506,385,0.0052330494701943705,0.05938373529220568,0.03230839238120003,0.027075342911005655,0.16189539189230362,-0.46126745120477664,-0.00019474757505776844,-0.5809933417617809
12,120,0.0025,1,0.2,999.0,1,-0.5978620075078445,-0.20391728284556843,-0.6665984509037031,-0.8907717524881349,940,530,410,0.00513553923161932,0.06253656633946564,0.033836052785542484,0.02870051355392316,0.15660323791213626,-0.44363454719003814,-0.00016970655840099205,-0.5817550959218267
20,96,0.005,1,-0.2,1.5,1,-0.5833847378467829,-0.196837399930611,-0.6878958965978101,-0.8275654269619354,843,492,351,0.009230969251771436,0.08151855944874212,0.04537476435025678,0.036143795098485344,0.1665151199137902,-0.45556541405524476,-0.00013339131586571378,-0.5821636195776129
30,60,0.0025,1,0.2,1.5,1,-0.6033675213813636,-0.206659846377511,-0.6389553986380482,-1.1310367954822584,706,392,314,0.0031528310472599625,0.04547227458883183,0.024312552818045896,0.02115972177078593,0.12934365482000998,-0.5000731652257371,-0.00035133784513280533,-0.5826893854706481
12,120,0.0025,1,0.0,0.75,1,-0.5984070582882821,-0.2041875390943091,-0.6391563441754591,-1.1833722746690893,603,353,250,0.004778001690177469,0.042611974257297014,0.02369498797373724,0.018916986283559773,-0.14486183408872144,-0.3650751671113954,-0.00041051472214885206,-0.5829343249154931
20,60,0.0025,1,0.2,1.5,1,-0.602505520514452,-0.20622856538464196,-0.6414538624203514,-1.1201824448742193,705,396,309,0.0032503412858350127,0.045439771175973476,0.024345056230904244,0.02109471494506923,0.11096656307633213,-0.49095379608349277,-0.0003497182189598073,-0.5829646188385287
12,96,0.005,0,-0.2,0.75,1,-0.5898202546391069,-0.19996144114257575,-0.6929668089535861,-0.7322968749756985,1170,721,449,0.021777286615094586,0.10602613274393811,0.06390170967951635,0.04212442306442177,-0.04083927932873421,-0.2322697826710285,-4.8718860299467654e-05,-0.5830596893681537
30,200,0.01,0,0.2,0.75,1,-0.6178413509176217,-0.21400866553718367,-0.6352546962511818,-1.0350632044921515,886,541,345,0.01027107846323864,0.05675095885067932,0.033511018656958984,0.02323994019372034,-0.1564422356551166,-0.2943823499258307,-0.000240234819178073,-0.5833891738873822
12,96,0.01,1,0.0,0.75,1,-0.6047317464747672,-0.207343841173929,-0.6254954124002859,-1.2735251338823699,483,295,188,0.0050055255801859195,0.03484365858415134,0.019924592082168627,0.014919066501982709,-0.18217558762733455,-0.3846244864529952,-0.0005787849172569104,-0.5837678040681904
30,96,0.005,0,-0.2,0.75,1,-0.5929008050740654,-0.2014698746703384,-0.6939891888226448,-0.720125424436809,1218,746,472,0.021809790027952934,0.11210427094844959,0.06695703048820126,0.045147240460248324,-0.11028158329673232,-0.15860651276451598,-3.963452598032695e-05,-0.5844707403035012
20,96,0.005,1,0.2,999.0,1,-0.6022165416876905,-0.20608413884392662,-0.6648206593167034,-0.9215769559108975,833,480,353,0.005428069947344471,0.05561333940063707,0.03052070467399077,0.025092634726646298,0.1349525009512671,-0.4683841501965458,-0.0002305506148925566,-0.5845733162978232
48,200,0.01,1,0.0,1.5,1,-0.6106649708810725,-0.21033939257464163,-0.6483164846516152,-1.015005812574038,828,473,355,0.004940518754469219,0.06247155951374894,0.03370603913410908,0.02876552037963986,0.20923772639955596,-0.5128590131371888,-0.00022367930671213126,-0.5852479255291512
30,60,0.0025,1,0.2,2.5,1,-0.6056892343530282,-0.2078249638519778,-0.6610373764950979,-0.9758167109022114,788,444,344,0.0039654163687187155,0.05161541961906,0.027790417993889358,0.023825001625170643,0.2381248261397173,-0.527687955443664,-0.0002730299370065175,-0.5871344876446373
48,60,0.0,0,-0.2,0.75,1,-0.6145512423112345,-0.21232008214157183,-0.6753474957297092,-0.7437188502722192,1372,816,556,0.020249626210752127,0.12575570434895664,0.07300266527985438,0.05275303906910225,-0.07742627254046985,-0.170214028422356,-2.731389313305573e-05,-0.5871797725200374
48,120,0.0025,1,0.0,0.75,1,-0.6010045316752409,-0.20547925288623758,-0.6457178003428334,-1.178026388979509,632,362,270,0.004225443671585516,0.04420464148735617,0.024215042579470845,0.019989598907885327,-0.13585493720260677,-0.36663700278250233,-0.0003887235226448196,-0.5872394725066298
20,120,0.005,0,-0.2,0.75,1,-0.5954546691304761,-0.20272691011553756,-0.6970222134391038,-0.7229749121471908,1237,758,479,0.021582266137944485,0.11356692452707534,0.06757459533250991,0.04599232919456543,-0.10702052461369571,-0.15898444514590004,-3.7928275859092934e-05,-0.587386762442449
20,60,0.0025,1,0.2,2.5,1,-0.6042876142439271,-0.20712096825612836,-0.6644356971125682,-0.966049573410371,787,448,339,0.004095430020152116,0.0515504127933433,0.02782292140674771,0.023727491386595592,0.21926231044439404,-0.5189168884388952,-0.00027085668254671493,-0.587641295482931
30,60,0.005,1,0.0,0.75,1,-0.602425873764713,-0.20618875148295923,-0.6381986525357697,-1.251481769008774,509,306,203,0.005558083598777872,0.036046284859910294,0.02080218422934408,0.015244100630566209,-0.13209487990529267,-0.40911706222060484,-0.0005414383353388806,-0.5878621662012827
48,96,0.01,1,0.0,1.5,1,-0.6102721163012795,-0.21013999514531467,-0.6509301075472644,-1.0455464974140063,741,430,311,0.00516804264447767,0.05691347591497107,0.03104075927972437,0.0258727166352467,0.277094988189005,-0.5579365343423419,-0.0002725474021462493,-0.5878823737896473
48,120,0.0025,1,0.0,1.5,1,-0.6037218901619588,-0.20683734992640046,-0.6681529601609766,-0.9535556472613177,948,529,419,0.0035103685887018137,0.07176753559123708,0.037638952089969445,0.034128583501267636,0.27919384890282495,-0.5022963956415694,-0.00015650977196259223,-0.5885916123699546
48,120,0.005,1,0.0,0.75,1,-0.5996372726345716,-0.204798536910472,-0.6491778628325509,-1.1887990493752825,575,336,239,0.004680491451602418,0.040499252421504255,0.02258987193655334,0.01790938048495092,-0.13461689317210335,-0.3832117170150111,-0.00044571273908489817,-0.5888274207955115
30,200,0.0,1,0.0,0.75,1,-0.6045569781012365,-0.20725611711512726,-0.6495029791447167,-1.150457790334589,728,416,312,0.004680491451602418,0.050315283104725994,0.027497887278164206,0.02281739582656179,-0.13425400360078343,-0.34262051050145614,-0.00031346459575513767,-0.589530496204215
48,200,0.005,1,0.0,1.5,1,-0.6080300127280998,-0.20900486706878674,-0.6653954009482462,-0.9572663398176731,951,537,414,0.004940518754469219,0.07111746733407008,0.03802899304426965,0.033088474289800426,0.24126321031242393,-0.4919018643436216,-0.00016152391983678883,-0.5895658845337935
48,60,0.005,0,0.2,0.75,1,-0.6220337341755582,-0.21617618789432846,-0.640769873767093,-1.0758941780830513,886,542,344,0.009263472664629785,0.05619840083208737,0.03273093674835858,0.02346746408372879,-0.24268096992979915,-0.22265333508890184,-0.0002514012944344419,-0.5903558336820276
20,60,0.005,1,-0.2,1.5,1,-0.5895671313381063,-0.19983787390590102,-0.6946717256361115,-0.8652121620529354,777,466,311,0.011083663784697393,0.07537541441851395,0.043229539101605666,0.032145875316908275,0.24255484789510007,-0.5128169543704191,-0.0001668591280963945,-0.5904343448266035
20,96,0.01,1,0.0,0.75,1,-0.6106627853247429,-0.2103382828556538,-0.631998166572237,-1.2929143730857393,486,294,192,0.004680491451602418,0.03503867906130144,0.019859585256451928,0.01517909380484951,-0.17508500021693263,-0.39816607049019104,-0.0005879598998564455,-0.5909830847960592
20,60,0.005,1,0.2,1.5,1,-0.6082613382493429,-0.20912175658765486,-0.6531363873182121,-1.1520597135180044,659,375,284,0.0035428720015601638,0.04241695378014691,0.02297991289085354,0.019437040889293374,0.10270188542325487,-0.5060600687587484,-0.0004045528546323862,-0.5932929359226611
20,200,0.01,1,0.0,1.5,1,-0.6186403281131264,-0.21442036850656043,-0.65552056714549,-1.0501990952610125,793,463,330,0.0057531040759279724,0.060553858155106284,0.03315348111551713,0.02740037703958916,0.18853755700193098,-0.5229513387344751,-0.0002521083809091162,-0.5946906068423561
20,60,0.005,1,0.2,2.5,1,-0.6129002750397774,-0.21147682418422153,-0.6706387806615239,-1.0019010642650634,737,425,312,0.004355457323018917,0.04823506468179159,0.026295261002405253,0.021939803679386336,0.18973220499088495,-0.5296174692829037,-0.0003222595369883136,-0.5968912677282366
48,96,0.005,1,0.0,1.5,1,-0.6135043172720328,-0.21178503509546343,-0.6696118309525212,-1.011786532792079,832,467,365,0.003835402717285315,0.06331664824806604,0.03357602548267568,0.029740622765390367,0.2803402297774953,-0.5423526609912956,-0.00022247782810646361,-0.5971802772113279
48,60,0.005,1,0.2,999.0,1,-0.6144451992866853,-0.21226583768264273,-0.6736720992113061,-0.9676510475718673,813,473,340,0.005363063121627771,0.05385815510628616,0.029610609113956965,0.024247545992329193,0.09284507736727954,-0.4701994906268747,-0.00026409612842348464,-0.5974844396668891
48,60,0.0025,1,0.2,999.0,1,-0.6147233376382071,-0.21240813831868244,-0.6751175441172637,-0.9572701460858111,872,500,372,0.005265552883052721,0.057791068062146525,0.03152831047259962,0.026262757589546902,0.12202068968984214,-0.46890576679465823,-0.00022880541552122485,-0.5978304176816048
48,200,0.0025,1,0.0,1.5,1,-0.619012790458983,-0.21461251470913967,-0.6699831582493649,-0.9746512959545577,1053,586,467,0.004322953910160567,0.07823571475004876,0.04127933433010466,0.0369563804199441,0.24921249449543814,-0.48359872689209016,-0.00013632435873015754,-0.5983366586315501
48,60,0.005,0,-0.2,0.75,1,-0.6043265300686325,-0.20714048936437657,-0.7074461407268806,-0.7576802546955534,1185,724,461,0.020932197880777482,0.10882142624975623,0.06487681206526685,0.04394461418448937,-0.13461177654794998,-0.17299186302780245,-5.513252509790101e-05,-0.5987475724625946
48,200,0.0025,1,0.0,0.75,1,-0.6122809858985432,-0.21116120765900914,-0.6560737509444272,-1.1929646008944386,691,393,298,0.004550477800169018,0.04758499642462458,0.0260677371123968,0.021517259312227782,-0.13703866163355072,-0.3652363793615324,-0.00035873244789661753,-0.5988463131759447
30,120,0.005,0,0.2,0.75,1,-0.6276597203017653,-0.21911340774110333,-0.6539378183421367,-1.0647736934104972,937,565,372,0.009718520444646687,0.05970876942078918,0.03471364493271793,0.024995124488071247,-0.23014088784070907,-0.22723647546206271,-0.00022852275687794117,-0.5993210015826965
12,60,0.005,0,0.2,0.75,1,-0.6252226721843392,-0.2178370151866852,-0.6482206181428816,-1.1536278818981947,804,499,305,0.009588506793213287,0.049892738737567444,0.029740622765390367,0.02015211597217708,-0.17001094798914818,-0.3249576975172518,-0.0003211649385467045,-0.5996287183530357
12,120,0.01,1,0.0,0.75,1,-0.6152010571203366,-0.21265272812111757,-0.6443736016249773,-1.3000852934270162,501,302,199,0.004647988038744068,0.03611129168562699,0.02037963986218553,0.01573165182344146,-0.17672611307594444,-0.3995076150676944,-0.0005734960957309893,-0.599843793604957
20,120,0.0,1,0.0,1.5,1,-0.6232350649280372,-0.21680061391530958,-0.6661071396654757,-1.0154349211192912,979,541,438,0.0032828446986933628,0.07368523694987973,0.03848404082428655,0.035201196125593186,0.3380454057404041,-0.5405482192680808,-0.00016810839834015636,-0.6006259298040121
20,200,0.0,1,0.0,1.5,1,-0.6179123673165057,-0.2140452332583328,-0.6766026237402155,-0.9658028287364339,1085,609,476,0.004680491451602418,0.08106351166872522,0.04287200156016382,0.0381915101085614,0.24823018261473861,-0.4733380069723593,-0.00012360497019504746,-0.6006366865652624
30,120,0.0,1,0.0,1.5,1,-0.616965642826262,-0.2135581646221123,-0.6758429138730875,-0.9904669761661319,989,547,442,0.003055320808684912,0.07436780861990509,0.038711564714295,0.03565624390561009,0.3565049911356972,-0.536949173618296,-0.00015674768576170948,-0.6010029703669626
30,60,0.005,0,0.2,0.75,1,-0.6302581151016793,-0.22048122215912425,-0.648586564475809,-1.1265420598594151,848,524,324,0.009751023857505038,0.053240590261977506,0.031495807059741275,0.021744783202236235,-0.23099882478221712,-0.2652179163695251,-0.0002923946099228325,-0.6011016073899994
12,200,0.005,1,0.0,0.75,1,-0.6119876849993345,-0.2110118607014323,-0.6591839780354076,-1.2206451817453434,602,354,248,0.0050055255801859195,0.04212442306442177,0.023564974322303842,0.018559448742117922,-0.15344957523470437,-0.3806330769268066,-0.0004413101349583149,-0.6016361088064033
30,60,0.005,1,0.2,1.5,1,-0.6174321845733437,-0.21379807702077835,-0.6575052766547582,-1.1929815489296363,662,373,289,0.0034453617629851135,0.04244945719300527,0.02294740947799519,0.019502047715010077,0.0981773229193541,-0.5149088147712486,-0.00042200862471923086,-0.6021997927946393
12,60,0.0,1,0.0,1.5,1,-0.6215100955370002,-0.21590447726476714,-0.6693803008805681,-1.0343496119925721,908,520,388,0.0055255801859195215,0.06799713969966846,0.036761359942793996,0.03123577975687447,0.2477736482206656,-0.5223195205225366,-0.00019884028081546437,-0.6023121083046798
30,60,0.0025,1,0.2,999.0,1,-0.6168956686788724,-0.2135222003156938,-0.6805383216717087,-0.9757139464161348,841,485,356,0.006013131378794774,0.05561333940063707,0.03081323538971592,0.024800104010921146,0.1960862919729942,-0.5122233023853362,-0.00025137790386213434,-0.6025770584723549
48,120,0.01,1,0.0,0.75,1,-0.6162827256762166,-0.21320737898697617,-0.6505955227107061,-1.2904250235942711,521,311,210,0.004517974387310668,0.03702138724566079,0.020769680816485732,0.016251706429175065,-0.1637551144173155,-0.4045574284390032,-0.0005520039070590641,-0.6030263915220427
20,96,0.0,1,0.0,1.5,1,-0.6289921143529932,-0.2198138928518132,-0.6635693345747821,-1.048083805907125,927,517,410,0.004062926607293766,0.06997984788402782,0.03702138724566079,0.03295846063836703,0.2596718027082652,-0.5317567067824334,-0.00019733423795017057,-0.6040027504345604
30,96,0.005,1,0.0,1.5,1,-0.6272483348992135,-0.21889750807154507,-0.6630326243712792,-1.0724066063355244,812,460,352,0.004517974387310668,0.06152896054085679,0.03302346746408373,0.02850549307677306,0.22636335710145206,-0.5437865533085944,-0.0002547523088630288,-0.6040341505739609
48,120,0.01,0,-0.2,0.75,1,-0.6274729139936359,-0.21901534754424634,-0.6892236256993463,-0.8091953041612625,1139,710,429,0.021777286615094586,0.10570109861535461,0.0637391926152246,0.041961906000130014,-0.17816397229787717,-0.198755170422245,-8.171513651464085e-05,-0.6040869256019826
20,60,0.005,0,0.2,0.75,1,-0.6326717378203313,-0.22175824201029792,-0.650880541669802,-1.1435298549175976,826,512,314,0.009848534096080089,0.051452902554768254,0.03065071832542417,0.02080218422934408,-0.16340214197747605,-0.3363393428222822,-0.0003143735546956698,-0.6043750055910788
30,200,0.01,0,-0.2,0.75,1,-0.6286382610670129,-0.2196276764043683,-0.6918641723256705,-0.7809030398350906,1184,733,451,0.022232334395111488,0.10966651498407333,0.0659494246895924,0.04371709029448092,-0.18868979834000232,-0.17248314164883383,-7.041698903783359e-05,-0.604604914558958
20,60,0.0,0,-0.2,0.75,1,-0.6220761326851878,-0.21619820038565385,-0.6979382750953407,-0.7904473735388442,1299,782,517,0.022069817330819735,0.116134694142885,0.06910225573685237,0.047032438406032634,0.09805803567511195,-0.3409417001329683,-4.7613663248947e-05,-0.6046897066102664
12,200,0.01,1,0.0,1.5,1,-0.6276766671745253,-0.2191223054840742,-0.6636830268506555,-1.0799468319002852,791,462,329,0.005655593837352922,0.06039134109081454,0.03302346746408373,0.027367873626730807,0.1841194956016079,-0.532984661312748,-0.00026628422408335174,-0.6049611605044162
30,60,0.005,1,0.2,2.5,1,-0.6224828579476651,-0.21640945844380577,-0.674385795129402,-1.037972855285607,740,423,317,0.004225443671585516,0.048300071507508285,0.026262757589546902,0.022037313917961387,0.1836020989356879,-0.5381934441937745,-0.00033836622321062223,-0.6055009987727872
20,200,0.0025,1,0.0,0.75,1,-0.6179486174582245,-0.2140639011235963,-0.6607630538831296,-1.225571506437043,667,385,282,0.004680491451602418,0.04621985308457388,0.02545017226808815,0.020769680816485732,-0.1786005828707824,-0.35070685709985205,-0.0003890435806242341,-0.6057240033870133
30,60,0.0025,1,-0.2,1.5,1,-0.6105316811129973,-0.21027172306705,-0.6995353173806789,-0.9151302713489896,838,493,345,0.009816030683221738,0.08112851849444191,0.04547227458883183,0.03565624390561009,0.3073773256921706,-0.5470126409906086,-0.000163140997921087,-0.6057958953248389
30,60,0.0,0,-0.2,0.75,1,-0.6274730520935021,-0.2190154200233635,-0.6941941599787254,-0.7974871610323531,1324,795,529,0.021582266137944485,0.11915751153871157,0.07036988883832802,0.04878762270038354,-0.021330645983705487,-0.2619317014688616,-4.6399147380393785e-05,-0.6059868580643438
30,96,0.01,1,0.0,1.5,1,-0.6330673545087191,-0.2219681578057049,-0.6544164881970278,-1.1363932893596667,723,423,300,0.005688097250211272,0.05522329844633687,0.03045569784827407,0.024767600598062798,0.2049725046907076,-0.5628344483522143,-0.0003229772724722642,-0.6059960663722022
48,120,0.01,1,-0.2,999.0,1,-0.6272943607936571,-0.21892165409967024,-0.7008402963809374,-0.7339274905329026,940,571,369,0.014171488006240655,0.09640512253786647,0.05528830527205356,0.04111681726581291,0.267391397526761,-0.5294295388437134,-0.0001148896095436643,-0.606038176816784
12,200,0.0025,1,0.0,0.75,1,-0.6184421797460317,-0.21431820487642628,-0.6612013053092076,-1.2255746553735978,666,384,282,0.004582981213027368,0.04612234284599883,0.0253526620295131,0.020769680816485732,-0.17448044122590445,-0.35510468586481003,-0.0003909976406547928,-0.60619759029971
48,200,0.01,0,-0.2,0.75,1,-0.6280289643270095,-0.2193073434806374,-0.6973419204754643,-0.7665160438458712,1196,740,456,0.022134824156536437,0.11106416173698239,0.0665994929467594,0.044464668790222976,-0.23031205256590592,-0.12104328822247701,-6.613774257797008e-05,-0.6063041059106631
48,200,0.005,1,0.0,0.75,1,-0.6171915074369082,-0.2136742848854447,-0.6637548279636654,-1.2295667068466902,622,361,261,0.0050055255801859195,0.043229539101605666,0.024117532340895795,0.019112006760709874,-0.14269243363743012,-0.39054131706274486,-0.0004318976896504005,-0.6070300342096119
30,96,0.0,0,0.2,0.75,1,-0.6351409657798954,-0.22307120805842673,-0.6636051956590874,-1.0558218076152837,1069,632,437,0.009718520444646687,0.06809464993824352,0.0389065851914451,0.029188064746798414,-0.216391759957121,-0.20527923157579797,-0.00017610580987334677,-0.6076648962687345
48,96,0.0025,1,0.0,1.5,1,-0.6267727969050292,-0.2186481628694128,-0.6745456528812649,-1.0392460826738206,908,504,404,0.003347851524410063,0.06900474549827731,0.03617629851134369,0.03282844698693363,0.27783198139770926,-0.5400416148745002,-0.0002016469011327953,-0.6078832934437363
48,120,0.01,1,-0.2,2.5,1,-0.6326143885705275,-0.2217278263361916,-0.6952449070075963,-0.7881323749883831,885,534,351,0.011733732041864396,0.0898719365533381,0.05080283429760125,0.03906910225573685,0.21539540913531785,-0.5294260089130973,-0.00014303922638313188,-0.608756898589409
20,60,0.0025,1,0.2,999.0,1,-0.6209639045045724,-0.21562136453770675,-0.6882078264767326,-0.9820232592660043,841,490,351,0.006143145030228174,0.05561333940063707,0.03087824221543262,0.024735097185204447,0.1782699808699113,-0.5101058464494861,-0.0002570077684547205,-0.6088264407393733
20,200,0.005,0,0.2,0.75,1,-0.6363629224469586,-0.2237234260336627,-0.6643041744481006,-1.062317490636996,996,600,396,0.010758629656113891,0.0636091789637912,0.037183904309952547,0.026425274653838652,-0.1516353000588776,-0.29462784917482465,-0.0002091122515227018,-0.6089913877895629
20,200,0.005,1,0.0,0.75,1,-0.618640496473172,-0.21442045532850096,-0.6650275676683546,-1.2456797470534842,604,356,248,0.0052330494701943705,0.042286940128713514,0.023759994799453944,0.01852694532925957,-0.17194388845812392,-0.3770337191085026,-0.0004522044912127324,-0.6092182265153525
48,96,0.005,0,-0.2,0.75,1,-0.6198310435571921,-0.21503513085790127,-0.7153010357970565,-0.7601049015377805,1252,759,493,0.021387245660794384,0.11577715660144315,0.06858220113111876,0.04719495547032439,-0.0931207793556944,-0.21591429685580743,-5.067019658686472e-05,-0.6106908938333186
20,96,0.0,0,-0.2,0.75,1,-0.6339366131032969,-0.22242998653467783,-0.6974574242411952,-0.7939220340726305,1392,828,564,0.021029708119352532,0.12588571800039003,0.07345771305987128,0.05242800494051875,-0.07656120281498757,-0.20477004938797383,-3.815803835845864e-05,-0.6108548003589069
48,120,0.005,0,0.2,0.75,1,-0.6389604160386332,-0.2251153125767309,-0.6646638719279565,-1.0767203770912286,965,580,385,0.00997854774751349,0.06178898784372359,0.03588376779561854,0.02590522004810505,-0.19071928507419134,-0.27713845690101324,-0.0002276902229095857,-0.6112832673952706
30,96,0.0025,1,0.0,1.5,1,-0.6359367361301572,-0.2234957632414395,-0.6678530882415044,-1.087309491801404,876,490,386,0.003932912955860365,0.06640447246960932,0.03516869271273484,0.03123577975687447,0.21643716643914113,-0.5361733143796501,-0.0002309485942582295,-0.6117877819522619
20,200,0.005,1,0.0,1.5,1,-0.6278166092223264,-0.21919579190830585,-0.6822861997377894,-1.0294735432674693,911,523,388,0.0055255801859195215,0.06890723525970227,0.037216407722810894,0.031690827536891376,0.17565938224437394,-0.5007178009014255,-0.0002015426417875405,-0.611812568940574
20,200,0.005,0,-0.2,0.75,1,-0.6277863355390423,-0.21917989282400108,-0.7115596371613512,-0.7440997453705793,1327,810,517,0.02317493336800364,0.12283039719170513,0.07300266527985438,0.04982773191185075,-0.08889501123868704,-0.2066764632622078,-4.052955645700842e-05,-0.6121646986732057
30,200,0.0,1,0.0,1.5,1,-0.6287450240010135,-0.21968384672973096,-0.6857713391081761,-0.9946608118592177,1100,616,484,0.004647988038744068,0.08168107651303387,0.04316453227588897,0.0385165442371449,0.29304035683363683,-0.5022836541223311,-0.00013086132662089303,-0.6123025568767799
12,96,0.0,1,0.0,1.5,1,-0.6348725911176736,-0.22292818276353277,-0.6722011829399104,-1.0671518645561804,943,529,414,0.004745498277319118,0.07072742637976988,0.037736462328544496,0.032990964051225376,0.24880665684090308,-0.5314345225792607,-0.00019892773870018465,-0.6123863674612969
20,120,0.0,0,0.2,0.75,1,-0.6407619078665505,-0.22608507054273186,-0.6689596637338364,-1.07157544744181,1083,637,446,0.009556003380354937,0.06877722160826887,0.0391666124943119,0.029610609113956965,-0.2270861903228384,-0.20112176631131984,-0.00017820744932500442,-0.6141436747817406
12,120,0.005,0,-0.2,0.75,1,-0.6217957112037644,-0.2160526452961815,-0.7177758223344162,-0.798200900855333,1211,739,472,0.021354742247936032,0.11034908665409868,0.06585191445101736,0.044497172203081324,-0.05418904064227814,-0.2672544671872159,-6.355286889473805e-05,-0.6148506015061562
48,200,0.01,0,0.2,0.75,1,-0.6458088837192606,-0.2288214531636843,-0.6619478674546415,-1.104970429601734,893,545,348,0.010173568224663589,0.05743353052070468,0.03380354937268413,0.02362998114802054,-0.2321174411344007,-0.2790521663843569,-0.00027656775243090407,-0.6150439083710918
12,120,0.0,0,-0.2,0.75,1,-0.6382501481622316,-0.2247339664259116,-0.7037304173968699,-0.8008685283843976,1413,841,572,0.020867191055060783,0.127738412533316,0.07430280179418838,0.05343561073912761,-5.66921218525529e-05,-0.26660360983767906,-3.7633658743202094e-05,-0.6166426015435664
12,120,0.0,0,0.2,0.75,1,-0.6422609442612666,-0.22689479704663074,-0.6714380489199796,-1.0896929668571917,1064,626,438,0.009588506793213287,0.06692452707534291,0.0382565169342781,0.028668010141064813,-0.19311802203544215,-0.2451532566707456,-0.00019078847979704566,-0.6170984698494801
20,60,0.005,1,0.2,999.0,1,-0.6287617795521584,-0.2196926632926569,-0.6932929949166917,-1.0155583342292942,787,465,322,0.006338165507378275,0.052102970811935254,0.029220568159656762,0.022882402652278488,0.14313676494235317,-0.5186154957216778,-0.00030518138714887304,-0.6171170774624675
30,200,0.005,0,0.2,0.75,1,-0.6443533581415117,-0.2280293090914658,-0.6734370689412361,-1.0691376920011937,1014,610,404,0.011246180848989144,0.06487681206526685,0.038061496457127995,0.026815315608138855,-0.14545473383708918,-0.3089236877317062,-0.00021010320386097224,-0.6182047281621436
48,200,0.01,1,-0.2,999.0,1,-0.6462855476875727,-0.22908139951362605,-0.7041393222266179,-0.7467713444401801,1021,608,413,0.013293895859065203,0.10352336995384516,0.05840863290645518,0.045114737047389976,0.18150190601483174,-0.5011371578973272,-0.00010715939827057354,-0.618489627848944
30,120,0.01,1,0.0,1.5,1,-0.6367406658232182,-0.22392537855634165,-0.6758616798596144,-1.1326858915418936,749,435,314,0.005298056295911071,0.057238510043554576,0.03126828316973282,0.02597022687382175,0.24369229805877946,-0.5751967843337732,-0.00030869466287118273,-0.6184905130632435
30,96,0.0025,0,0.2,0.75,1,-0.6483605937725643,-0.23021608525804838,-0.6657916864299758,-1.1188333226822433,1002,601,401,0.010043554573230189,0.0638041994409413,0.03692387700708574,0.026880322433855554,-0.28115992140944934,-0.1925768371896125,-0.00022534796228076284,-0.6190535946071485
20,60,0.005,0,-0.2,0.75,1,-0.6153337855311393,-0.21272072475929327,-0.731628482978327,-0.8128124096163197,1115,691,424,0.02291490606513684,0.10020802184229344,0.06156146395371514,0.0386465578885783,0.018301135013240266,-0.3402376334487356,-8.277636301743368e-05,-0.6191755867292728
48,96,0.01,1,-0.2,999.0,1,-0.6404545214650763,-0.2259193443382166,-0.7097964661670766,-0.7743159544341889,910,553,357,0.013878957290515505,0.09331729831632321,0.05359812780341936,0.039719170512903856,0.2993842770977724,-0.5638161002714113,-0.00013730601709945848,-0.6195333751434643
48,60,0.0,1,0.0,1.5,1,-0.6395405314352578,-0.22542719673309963,-0.678975180831726,-1.0942466437092375,902,505,397,0.0038028993044269647,0.06789962946109342,0.03585126438276019,0.032048365078333224,0.25090909697790953,-0.547575118204546,-0.00022405742656133888,-0.6196271193344245
30,60,0.005,1,0.2,999.0,1,-0.632822230757412,-0.22183807418136492,-0.6924863068494852,-1.0348734627689722,790,463,327,0.006240655268803224,0.0521354742247936,0.029188064746798414,0.02294740947799519,0.13724674231768907,-0.5206961706360949,-0.0003116052320407578,-0.6198249007445562
12,96,0.0,0,0.2,0.75,1,-0.6442848543897597,-0.22799208706303153,-0.6732968894629983,-1.1079074725013425,1018,605,413,0.009588506793213287,0.0641292335695248,0.03685887018136905,0.027270363388155756,-0.21635259664364526,-0.24474635186427762,-0.00021452250196138544,-0.6200359054195977
20,120,0.01,1,0.0,1.5,1,-0.6444729073687101,-0.2280942799390755,-0.6686795806672634,-1.164227079623793,742,430,312,0.00520054605733602,0.05681596567639602,0.031008255866866022,0.02580770980953,0.22413396458761392,-0.5790724995450607,-0.000325677949049858,-0.6206454242538968
12,200,0.0,1,0.0,1.5,1,-0.6364633409382536,-0.2237770973077332,-0.692304090323164,-1.0212226044415142,1088,612,476,0.004550477800169018,0.08112851849444191,0.04283949814730547,0.03828902034713645,0.22725658881018318,-0.489579485210332,-0.00014276836245347287,-0.6209902726913908
20,200,0.01,1,-0.2,999.0,1,-0.6446251656734163,-0.22817705074943628,-0.7101399175553663,-0.7549817535839649,986,593,393,0.014171488006240655,0.09998049795228499,0.05707599297926282,0.042904504973022166,0.23604288761184145,-0.5292244986920471,-0.00011649657495802217,-0.6209960972063177
12,200,0.005,1,0.0,1.5,1,-0.6361846002287999,-0.22362814446473167,-0.6894295228658622,-1.0555721703267849,912,524,388,0.005363063121627771,0.06887473184684392,0.037118897484235844,0.03175583436260807,0.18781186052516152,-0.5166950641113452,-0.00021210042151669514,-0.621121514414002
30,200,0.01,1,0.0,1.5,1,-0.6424157293145641,-0.22697855125519983,-0.6769967150591824,-1.12484166368579,807,467,340,0.005493076773061171,0.061073912760839885,0.03328349476695053,0.027790417993889358,0.1873523072885277,-0.5490997730252484,-0.0002802318583918517,-0.6217189919690805
12,60,0.005,1,0.0,1.5,1,-0.6356580885866108,-0.22334702160092135,-0.6855051966790976,-1.1161481352513036,766,448,318,0.006305662094519925,0.057921081713579924,0.03211337190404993,0.02580770980953,0.21147978117156296,-0.5588672044985399,-0.0002976367556369679,-0.6219070267030353
20,60,0.01,0,0.0,0.75,1,-0.6526061562538783,-0.23255339537657216,-0.6682073228384988,-1.1307924447577853,870,551,319,0.014268998244815706,0.0636741857895079,0.0389715920171618,0.024702593772346095,-0.17105071236087754,-0.35247058725826097,-0.00026548892329421493,-0.6231966790337108
30,200,0.0025,1,0.0,0.75,1,-0.6337137243862433,-0.222311489595035,-0.6742621247385918,-1.2773774213509352,674,386,288,0.004582981213027368,0.04651238380029903,0.0255476825066632,0.020964701293635833,-0.17041417365461453,-0.3814808293751981,-0.0004131426522761587,-0.6233114230318777
20,96,0.005,0,-0.2,0.75,1,-0.6260002484264896,-0.21824358945180233,-0.7296389172254396,-0.8134863876975945,1202,736,466,0.021939803679386336,0.10911395696548137,0.06552688032243385,0.04358707664304752,-0.13633522504878048,-0.21004497718443305,-6.930444383734832e-05,-0.6237373674494019
48,96,0.0,0,-0.2,0.75,1,-0.6456551262817661,-0.2287376582445988,-0.7115817882712389,-0.7872523787050728,1455,860,595,0.02054215692647728,0.13391406097640252,0.0772281089514399,0.05668595202496262,-0.060833934796724276,-0.21889033490305687,-3.340970979342765e-05,-0.6238911713154718
48,96,0.0,0,0.2,0.75,1,-0.6494039353156873,-0.2307885072278103,-0.678717633283179,-1.0790007372057548,1108,647,461,0.009523499967496588,0.07043489566404472,0.03997919781577065,0.03045569784827407,-0.17742381378731753,-0.25819421241408125,-0.000177950626294716,-0.6240973607296876
48,96,0.01,1,-0.2,2.5,1,-0.6471701328166211,-0.22956450035339793,-0.7056893996359415,-0.8349851517546861,857,516,341,0.011376194500422545,0.08697913280894494,0.04917766365468374,0.0378014691542612,0.24453697686688658,-0.564789603527865,-0.0001690651234418819,-0.624158457759103
30,96,0.01,0,0.0,0.75,1,-0.6557334659480158,-0.2342888072176288,-0.670501926762889,-1.0955102858576853,958,593,365,0.013618929987648703,0.07127998439836183,0.04244945719300527,0.028830527205356563,-0.21930549410878386,-0.28797906157426423,-0.0002179937867669676,-0.6243152848919575
20,120,0.005,1,0.0,1.5,1,-0.6441290685230515,-0.22790745964274028,-0.6824597765250493,-1.1158057517343845,838,473,365,0.0041929402587271665,0.0636091789637912,0.03390105961125918,0.029708119352532016,0.24173638273674403,-0.5642092533544808,-0.00026252581844492056,-0.6249276354919842
20,200,0.0025,1,0.0,1.5,1,-0.6422522394210259,-0.22689008766358065,-0.6908246086455521,-1.0607966000567923,1000,564,436,0.004745498277319118,0.07527790417993889,0.04001170122862901,0.03526620295130989,0.15906793398366603,-0.49105649237158944,-0.00018132612288852002,-0.6253422219891963
30,120,0.005,1,0.0,1.5,1,-0.6387169844523283,-0.22498454972263082,-0.6923265178549154,-1.0924865092154026,844,476,368,0.004127933433010466,0.0639342130923747,0.034031073262692585,0.029903139829682117,0.24765840133917094,-0.5583584203503903,-0.00025159764905935476,-0.6257721341108586
20,200,0.0,0,-0.2,0.75,1,-0.6490257002458677,-0.2305808438518866,-0.7162042162796588,-0.760567694333651,1554,924,630,0.022362348046544887,0.14301501657674057,0.08268868231164272,0.060326334265097835,-0.05659688860367762,-0.190700607739966,-1.96393752435723e-05,-0.6267113367083986
30,60,0.005,0,-0.2,0.75,1,-0.6363546641557738,-0.22371901266964989,-0.7204799936365396,-0.8615853803301462,1145,710,435,0.022459858285119937,0.10319833582526165,0.0628290970551908,0.040369238770070856,-0.1326080506239261,-0.2567098036774822,-9.27734747079896e-05,-0.627038278504427
12,200,0.01,1,0.0,0.75,1,-0.6376780377374859,-0.22442720559706664,-0.6692857434072117,-1.3642763386547356,538,322,216,0.004778001690177469,0.0379964896314113,0.021387245660794384,0.016609243970616916,-0.1898038246005579,-0.4147264432703519,-0.0005789387899263086,-0.6272838942334092
12,200,0.01,1,-0.2,999.0,1,-0.6504566587511292,-0.23136737227310167,-0.7148963518917598,-0.7706309440194253,982,590,392,0.013911460703373854,0.09959045699798479,0.05675095885067932,0.04283949814730547,0.20922635586541327,-0.5276266945288186,-0.00012311118454643377,-0.6273470954199529
48,120,0.0,1,-0.2,2.5,1,-0.6376514786640389,-0.22441297366614477,-0.7321581216451252,-0.7454995066464123,1185,672,513,0.008385880517454333,0.11681726581291035,0.06260157316518235,0.05421569264772801,0.5208529118359857,-0.5690537443395294,-6.733559198003357e-05,-0.627767009821028
20,96,0.0,0,0.2,0.75,1,-0.652149751882084,-0.2323011071272043,-0.6792870528595054,-1.1237655311535149,1037,614,423,0.009588506793213287,0.06581941103815901,0.03770395891568615,0.02811545212247286,-0.22113220644414966,-0.24981811203073723,-0.0002145776802881327,-0.6281329101146328
30,200,0.005,1,0.0,1.5,1,-0.6431869753033581,-0.22739627810332308,-0.6954070899763951,-1.0744185019757002,925,528,397,0.005460573360202821,0.06942728986543587,0.037443931612819344,0.03198335825261652,0.19409791388282982,-0.5254169869335068,-0.0002161830682944824,-0.6288207481903056
30,96,0.0025,0,-0.2,0.75,1,-0.6527935486427152,-0.232657052883802,-0.7076864372234779,-0.8477300385836669,1336,804,532,0.021712279789377883,0.12273288695313007,0.07222258337125398,0.050510303581876095,-0.1660991476627438,-0.18781561851506567,-6.0850341150802264e-05,-0.6288867734247243
20,120,0.0025,0,0.2,0.75,1,-0.656728929453817,-0.23484369058552068,-0.6737451959226246,-1.1450424447290521,1014,605,409,0.009913540921796788,0.06438926087239161,0.03715140089709419,0.027237859975297405,-0.28879544848474104,-0.19853410835942653,-0.00023225523124927866,-0.6289684107832856
20,120,0.0025,0,-0.2,0.75,1,-0.653133679390478,-0.23284530595785458,-0.7078079548611882,-0.8454252570746429,1356,817,539,0.021679776376519536,0.12419554053175584,0.07293765845413769,0.05125788207761815,-0.15305557295303795,-0.19307621854308965,-5.753715246973218e-05,-0.6290205462421808
30,120,0.0025,1,0.0,1.5,1,-0.6449594117734974,-0.2283588472266973,-0.6915693902716982,-1.0995114131069754,916,509,407,0.0034128583501267635,0.06939478645257752,0.03640382240135214,0.032990964051225376,0.24549493924242438,-0.5492947123662812,-0.00022213754314410103,-0.6291191130178951
30,200,0.005,1,0.0,0.75,1,-0.6363611781333552,-0.22372249383807874,-0.6805927752569699,-1.3055119319741824,611,357,254,0.00510303581876097,0.04254696743158032,0.023825001625170643,0.018721965806409672,-0.16822953003953534,-0.4065599004123729,-0.0004826153858971302,-0.6292944780652727
30,60,0.005,1,-0.2,1.5,1,-0.6354605722179985,-0.22324163930055785,-0.7125806784119089,-1.0013036238283712,785,467,318,0.01062861600468049,0.07576545537281415,0.04319703568874732,0.032568419684066825,0.18278938578792525,-0.5436056047060566,-0.00021544497002570269,-0.6295971596979308
48,96,0.0025,0,0.2,0.75,1,-0.6574574408580999,-0.2352505365494505,-0.6769264728793354,-1.1252213969801907,1038,614,424,0.009816030683221738,0.06604693492816746,0.0379314828056946,0.02811545212247286,-0.2448339613074635,-0.23769759140527413,-0.0002199309563257021,-0.6299748428381278
20,200,0.01,1,0.0,0.75,1,-0.6402009356381662,-0.22578270444553383,-0.6715885524847319,-1.3737424878641473,540,323,217,0.004843008515894169,0.0381265032828447,0.021484755899369434,0.016641747383475264,-0.19377600738901268,-0.4153537799753233,-0.0005820229946178026,-0.6302641050811072
48,120,0.0,1,-0.2,999.0,1,-0.6388917567684371,-0.2250784245503773,-0.740002768348593,-0.7040673173502134,1263,728,535,0.011701228629006046,0.1259182214132484,0.06880972502112721,0.05710849639212117,0.4846108036333052,-0.54254293607304,-4.921093823510121e-05,-0.6302831745921845
12,200,0.005,0,0.2,0.75,1,-0.65359538235934,-0.23310106747927362,-0.681549264642811,-1.1351848214802494,982,590,392,0.010173568224663589,0.062114021972307094,0.036143795098485344,0.02597022687382175,-0.24461543146421638,-0.2506107098549911,-0.0002444552663768485,-0.6306349408746915
12,96,0.01,1,0.0,1.5,1,-0.6546807582842842,-0.2337033222683842,-0.6725493924191339,-1.2207547040878997,706,414,292,0.006370668920236625,0.05402067217057791,0.03019567054540727,0.023825001625170643,0.14540172878221092,-0.570851858886239,-0.00037244800169076764,-0.6310157536823462
48,96,0.0,1,-0.2,2.5,1,-0.6468218586874563,-0.2293741882230229,-0.7269947893993307,-0.7781919729911366,1137,640,497,0.00776831567314568,0.11203926412273289,0.059903789897939284,0.0521354742247936,0.5574096059921057,-0.5995492372360433,-8.552610623146787e-05,-0.631781181572245
12,60,0.0025,1,0.0,1.5,1,-0.6474686163501318,-0.2297277168354177,-0.690683132766296,-1.1422955099891916,830,481,349,0.005980627965936423,0.06253656633946564,0.034258597152701034,0.02827796918676461,0.16031943537495286,-0.5398520390587331,-0.00027514833481666486,-0.6321840587180253
20,200,0.01,1,-0.2,2.5,1,-0.6572720707031945,-0.23514695287467335,-0.7111030634071219,-0.8298158313239746,929,556,373,0.011928752519014497,0.09325229149060651,0.05259052200481051,0.04066176948579601,0.18533300291403032,-0.5398606691107639,-0.00015210369829643964,-0.6321892761444331
20,96,0.01,0,0.0,0.75,1,-0.6616153017452663,-0.23758504271391012,-0.676594558490118,-1.127351403483094,931,578,353,0.013748943639082103,0.06939478645257752,0.04157186504582981,0.02782292140674771,-0.20312768944543025,-0.32354857054158315,-0.00023920180672239424,-0.6322498921331238
20,120,0.01,0,0.0,0.75,1,-0.6630055801318313,-0.2383704362167577,-0.6774620793624606,-1.1161508205440225,973,599,374,0.013423909510498603,0.07212507313267894,0.04277449132158877,0.029350581811090164,-0.20534516702351635,-0.3101077206760733,-0.00022140751543300792,-0.6329090169251891
12,120,0.0025,0,0.2,0.75,1,-0.6594932114915255,-0.23639088653372098,-0.6763724499268502,-1.1689920070640094,994,593,401,0.009881037508938439,0.06253656633946564,0.03620880192420204,0.0263277644152636,-0.25885561601412643,-0.24469686182051142,-0.00024960612983973384,-0.6330267118503465
30,60,0.01,0,0.0,0.75,1,-0.6616912122279468,-0.23762786342734354,-0.6768843765573933,-1.1480872418545238,891,558,333,0.013683936813365404,0.0655593837352922,0.039621660274328806,0.025937723460963402,-0.23326271398348952,-0.31104116609031696,-0.0002647676933292011,-0.6334744137987663
20,96,0.01,1,0.0,1.5,1,-0.6577005735031449,-0.2353864612630231,-0.6739186534080724,-1.2291891122460101,707,413,294,0.005883117727361373,0.054313202886303064,0.030098160306832218,0.024215042579470845,0.1529634157201285,-0.5771832950835594,-0.0003752086186351981,-0.6338052435793597
12,60,0.01,1,0.0,1.5,1,-0.6517310721723124,-0.2320698902109657,-0.6809907113457846,-1.2332623834816538,670,399,271,0.0067932132873951764,0.05106286160046805,0.028928037443931614,0.022134824156536437,0.14595993048222256,-0.5751160438160574,-0.00040187954897134885,-0.6342283650579407
20,60,0.0,1,0.0,1.5,1,-0.6509162386998542,-0.23162049312901622,-0.6905135543394563,-1.1476156708216398,876,498,378,0.005330559708769421,0.06533185984528375,0.03533120977702659,0.030000650068257168,0.2737876008364064,-0.5752814948174341,-0.00025636784282755023,-0.6342580538398264
20,120,0.0025,1,0.0,1.5,1,-0.6546557306599126,-0.23368941893530537,-0.689783959646408,-1.1390642505175534,904,504,400,0.0037703958915686147,0.06858220113111876,0.03617629851134369,0.03240590261977508,0.23206187924091592,-0.5594756381693916,-0.00024121415317242774,-0.635534611284387
12,120,0.0,1,0.0,1.5,1,-0.6543809283870179,-0.2335368105743053,-0.6924873063462628,-1.118559319684849,977,547,430,0.003932912955860365,0.07368523694987973,0.03880907495287005,0.034876161997009686,0.2541036131532164,-0.5507685111373033,-0.00020677313040323725,-0.6357084297316791
48,200,0.01,1,0.0,0.75,1,-0.6451713864546803,-0.22847420676613717,-0.676125398488904,-1.3845379416565455,554,325,229,0.0044854709744523175,0.03887408177858675,0.021679776376519536,0.017194305402067216,-0.180304961438441,-0.42892127098499877,-0.000575931622517446,-0.6357638030934164
12,96,0.005,1,0.0,1.5,1,-0.6548713244751834,-0.23380921028264767,-0.688926650962828,-1.169899340264353,803,461,342,0.005720600663069622,0.06078138204511474,0.03325099135409218,0.027530390691022557,0.16252762937465115,-0.5564009547930632,-0.0003017921741324792,-0.6367675027772793
30,96,0.005,0,0.0,0.75,1,-0.6595476555287623,-0.23642145380090318,-0.6948834907981856,-1.059024261810114,1077,653,424,0.014106481180523956,0.08021842293440812,0.04716245205746603,0.03305597087694208,-0.18277160405514736,-0.2860974296212385,-0.00017077552398560246,-0.6368144122905016
20,96,0.005,1,0.0,1.5,1,-0.6569181319188768,-0.23494929070889625,-0.6861490122281217,-1.1761700630102745,797,454,343,0.00507053240590262,0.06071637521939804,0.032893453812650325,0.02782292140674771,0.16605046601678608,-0.5616812475362942,-0.0003068391386331859,-0.6368322999734708
12,200,0.01,1,-0.2,2.5,1,-0.6621164644625716,-0.23786787931824938,-0.715186566375804,-0.8440815306462512,924,553,371,0.011766235454722745,0.09282974712344796,0.052297991289085355,0.04053175583436261,0.15928953312783856,-0.5373321272681663,-0.0001587733181338548,-0.6376652390384641
48,200,0.01,1,-0.2,2.5,1,-0.6661456202764723,-0.24015328145648696,-0.7114087100464178,-0.8404682616113688,964,571,393,0.010953650133263992,0.09663264642787493,0.05379314828056946,0.04283949814730547,0.11592122608860334,-0.5154865586307465,-0.00014838194989315011,-0.6378810495602644
20,200,0.01,0,-0.2,1.5,1,-0.6613580373140219,-0.23743997470645561,-0.734141762735862,-0.6732606332433936,1666,1012,654,0.026392771240980304,0.16914776051485406,0.09777026587791718,0.07137749463693688,-0.03570436889370365,-0.19204281234567433,-3.9291681812466264e-06,-0.6381738877365563
48,60,0.0025,0,-0.2,0.75,1,-0.6589547586450842,-0.23608877265193673,-0.7170120397417168,-0.875450687319127,1295,779,516,0.02109471494506923,0.11892998764870312,0.07001235129688617,0.048917636351816944,-0.18661095283973173,-0.1987100864004313,-7.409325277856986e-05,-0.6383673268887515
48,96,0.0,1,-0.2,999.0,1,-0.65195203621054,-0.23219189217046543,-0.7379431299875618,-0.7441438835071523,1209,693,516,0.011148670610414094,0.12088019242020412,0.06601443151530911,0.05486576090489501,0.49425212662649587,-0.5736052157471491,-6.925050920691267e-05,-0.6383706513396039
48,60,0.01,0,0.0,0.75,1,-0.6668673921111448,-0.24056486311446745,-0.681158226041056,-1.1445368999658485,928,574,354,0.01287135149190665,0.06903724891113566,0.04095430020152116,0.02808294870961451,-0.23821794839422972,-0.3044162250127259,-0.00024844552217366257,-0.6383708211332879
20,96,0.0025,1,0.0,1.5,1,-0.659668291607493,-0.23648919723728812,-0.6866063930470556,-1.1730173614226123,853,481,372,0.004582981213027368,0.0649093154781252,0.03474614834557629,0.030163167132548917,0.16137848215052863,-0.5510462978344894,-0.00027613776766742125,-0.6384432618319466
12,60,0.005,0,-0.2,0.75,1,-0.6368681190774097,-0.22399355426853518,-0.7397340070375896,-0.8944078835589643,1096,680,416,0.021744783202236235,0.09747773516219203,0.05961125918221413,0.0378664759799779,-0.06024265552243413,-0.3314997947914404,-0.00010933959217423785,-0.6385809519652782
30,200,0.0025,1,0.0,1.5,1,-0.6542595841179555,-0.23346945234524918,-0.7007429510711883,-1.0956244589141435,1017,572,445,0.004778001690177469,0.07596047584996425,0.040369238770070856,0.03559123707989339,0.1938189887476387,-0.5183787508570208,-0.00019035611667165392,-0.6386221508265506
12,96,0.0025,0,0.2,0.75,1,-0.664119953828716,-0.23900172180695478,-0.6807698403400149,-1.1979458540118089,952,576,376,0.00997854774751349,0.059903789897939284,0.03494116882272639,0.024962621075212896,-0.28528339450546103,-0.24346991487826397,-0.0002803368243156856,-0.6392839346775526
48,120,0.01,0,0.2,1.5,1,-0.6663086315617414,-0.24024617831284445,-0.7014070945973818,-0.984686898400411,1295,769,526,0.011116167197555744,0.08606903724891113,0.04859260222323344,0.0374764350256777,-0.0008689757286169941,-0.36173867379951496,-0.0001184917733408695,-0.6401840705315559
12,96,0.0025,0,-0.2,0.75,1,-0.6631254250290817,-0.2384382524187142,-0.7152847560414357,-0.8985263882216563,1285,780,505,0.022134824156536437,0.1160046804914516,0.06906975232399402,0.04693492816745758,-0.11078514989884991,-0.2796135853527457,-8.16422502519476e-05,-0.6410069498505149
12,96,0.01,0,0.0,0.75,1,-0.6689648724869401,-0.24176473225349293,-0.6838313828257548,-1.1621844239206496,912,571,341,0.013748943639082103,0.06750958850679321,0.04062926607293766,0.026880322433855554,-0.22356754546473157,-0.327243022992162,-0.0002617150996434846,-0.6417896448624029
20,60,0.01,1,0.0,1.5,1,-0.6606830567346438,-0.23705975443851013,-0.6853357711402155,-1.2735077967455741,655,390,265,0.006988233764545277,0.04982773191185075,0.02840798283819801,0.021419749073652735,0.15612542305528665,-0.5927438914125365,-0.0004342525669402946,-0.6434030298458966
48,60,0.0,0,0.2,0.75,1,-0.6665408605022698,-0.24037857969364784,-0.6895363299390099,-1.1717445617500524,1038,616,422,0.009230969251771436,0.06585191445101736,0.037541441851394394,0.028310472599622962,-0.2473368101408413,-0.2554443681257118,-0.0002349456223649145,-0.6437339727506555
48,60,0.01,1,0.0,1.5,1,-0.6643417126359117,-0.23912753401494835,-0.6840502143147393,-1.2676803112004111,693,407,286,0.005655593837352922,0.05278554248196061,0.029220568159656762,0.023564974322303842,0.1280330412975712,-0.5791801426282566,-0.0004034766080156964,-0.6445366567323386
20,200,0.01,0,0.2,1.5,1,-0.6689979317752442,-0.2417836894708667,-0.7075827530195724,-0.987791783778581,1321,782,539,0.011311187674705844,0.08782422154326204,0.049567704608983944,0.0382565169342781,0.06284712507920709,-0.3970474345226156,-0.0001138963273044122,-0.644964655169582
20,96,0.0025,0,0.2,0.75,1,-0.6694908969283353,-0.24206653944984036,-0.685874540791145,-1.205730827307229,970,584,386,0.010011051160371839,0.06162647077943184,0.03581876096990184,0.02580770980953,-0.2872950119358967,-0.24671533438215887,-0.00027541720799544316,-0.6452903512107744
12,200,0.0025,1,0.0,1.5,1,-0.6598866850780711,-0.23661188234331587,-0.7060647785029732,-1.1180412606905663,1002,566,436,0.004680491451602418,0.07527790417993889,0.03997919781577065,0.035298706364168236,0.1406434726210275,-0.5078362037961225,-0.00020264824810387765,-0.6455463346293308
12,120,0.01,0,0.0,0.75,1,-0.67247549718412,-0.24378580930920557,-0.6875402288890189,-1.1602242308212412,948,587,361,0.013651433400507054,0.07053240590261978,0.04209191965156341,0.02844048625105636,-0.20310144981541156,-0.3396900754523544,-0.0002461212180525441,-0.645567135294777
12,60,0.0,0,-0.2,0.75,1,-0.6627594460723727,-0.23823121389573965,-0.7228820675712713,-0.9210962678329825,1287,780,507,0.021647272963661184,0.11356692452707534,0.06760709874536826,0.04595982578170708,-0.053417885239336105,-0.32185917686758314,-8.44519901749659e-05,-0.6457270610730244
30,96,0.01,1,-0.2,999.0,1,-0.6704323431101886,-0.2426075955539998,-0.7209388666318459,-0.8626197290199656,892,541,351,0.014203991419099005,0.09097705259052201,0.05259052200481051,0.0383865305857115,0.2581072396810229,-0.5907669487512428,-0.00017607842464644415,-0.6462080153209211
48,200,0.0,1,-0.2,999.0,1,-0.6632527197005684,-0.2385103040081421,-0.7445836758530668,-0.7261463747776317,1423,816,607,0.01300136514334005,0.13924462068517193,0.07612299291425599,0.06312162777091594,0.421889197993361,-0.5174790860841422,-3.8900043553408096e-05,-0.6471094606735571
12,96,0.0025,1,0.0,1.5,1,-0.6651971731480234,-0.23961345392098432,-0.6957813410286713,-1.1932572931335932,867,492,375,0.005265552883052721,0.06539686667100046,0.03533120977702659,0.030065656893973867,0.14817006503983365,-0.5501200515638842,-0.00027877888804879317,-0.6471669890919997
48,60,0.005,1,0.0,1.5,1,-0.6637211393583107,-0.23877561579312967,-0.6953953744613908,-1.21550896008518,775,441,334,0.004680491451602418,0.058636156796463626,0.03165832412403302,0.026977832672430604,0.15090185341132112,-0.5694808482732286,-0.0003360406834806392,-0.6472487510280841
12,200,0.005,0,-0.2,0.75,1,-0.6597041479591106,-0.23650933591512724,-0.7382627263181254,-0.8379614614502103,1313,799,514,0.022134824156536437,0.12049015146590392,0.07131248781122018,0.04917766365468374,-0.2032146635055292,-0.17642917735962493,-6.835366209409486e-05,-0.6475387721467004
12,120,0.01,1,0.0,1.5,1,-0.6669230447684583,-0.24059662611906296,-0.6897581177182504,-1.2497841999628934,732,426,306,0.005558083598777872,0.05639342130923747,0.03097575245400767,0.025417668855229798,0.16871285840504058,-0.5890128008570954,-0.0003689349599677559,-0.6479648949763328
30,60,0.0,0,0.2,0.75,1,-0.6681332160701652,-0.2412883010301481,-0.6940235779389311,-1.20291562953104,993,592,401,0.009751023857505038,0.06227653903659884,0.03601378144705194,0.026262757589546902,-0.23170613011307395,-0.29023013939216036,-0.0002645512698727074,-0.6484458714761656
48,200,0.005,0,0.2,0.75,1,-0.6712804217037924,-0.24309598550649358,-0.6977724908437419,-1.1341950231842461,1032,622,410,0.011408697913280894,0.06620945199245921,0.03880907495287005,0.02740037703958916,-0.22219404806522802,-0.2918809071805004,-0.0002380834464789129,-0.6486919820875768
48,60,0.0025,1,0.0,1.5,1,-0.66596189793526,-0.24004862253491654,-0.6973570286675512,-1.208625864056425,832,470,362,0.004290450497302217,0.06305662094519925,0.03367353572125073,0.029383085223948516,0.14999836369383246,-0.5596373554159606,-0.00030021426106709284,-0.6491584300715134
30,96,0.01,0,0.2,1.5,1,-0.6705370000126962,-0.2426678141840568,-0.7097961079882706,-1.0400383165952982,1210,728,482,0.011343691087564195,0.08005590587011636,0.04569979847884028,0.034356107391276085,-0.022468136327014943,-0.38270949534052023,-0.0001533117839531452,-0.649567784007957
30,96,0.0,1,-0.2,2.5,1,-0.6676413445557563,-0.24100694354764085,-0.7341118274957565,-0.8446325227731423,1101,620,481,0.008450887343171032,0.10862640577260613,0.058538646557888575,0.050087759214717545,0.500277835111,-0.6157851006262609,-0.00011282572748164684,-0.6502944834341763
12,200,0.01,0,-0.2,1.5,1,-0.6809452049974108,-0.24872957341713775,-0.731638710697932,-0.7277387491648419,1651,1002,649,0.0258727166352467,0.16693752844048626,0.09640512253786647,0.07053240590261978,-0.17260215753044938,-0.11945684771218157,-1.7647907089368674e-05,-0.6509358662243457
20,60,0.005,0,0.0,0.75,1,-0.6694618456497705,-0.24204986185073796,-0.7043910477179085,-1.1357305444878825,981,607,374,0.014756549437690957,0.07157251511408698,0.04316453227588897,0.02840798283819801,-0.09759050227023969,-0.40173629430338764,-0.00022993151229024132,-0.6510319129340864
30,96,0.0,1,-0.2,999.0,1,-0.6676169595072636,-0.24099300307743587,-0.7415760475585234,-0.7941011892871277,1170,667,503,0.011636221803289345,0.11759734772151076,0.06461678476240006,0.05298056295911071,0.4432571186204819,-0.5865519417232976,-9.025397809932384e-05,-0.651486086321054
48,60,0.0025,0,0.2,0.75,1,-0.6747490219849035,-0.24510336432466273,-0.6908720156946242,-1.2230622020931283,970,585,385,0.009556003380354937,0.06162647077943184,0.03559123707989339,0.026035233699538453,-0.30863811201204694,-0.23581470632078516,-0.0002837397219757918,-0.6516924822766312
30,120,0.0,1,-0.2,2.5,1,-0.6651384473172748,-0.23958006665490195,-0.7424348401574457,-0.8270996272477029,1144,646,498,0.008223363453162581,0.11288435285705,0.060553858155106284,0.0523304947019437,0.5086135396955498,-0.6066620464211192,-9.929087436262006e-05,-0.6521524680960099
30,200,0.01,1,-0.2,999.0,1,-0.6740334028245896,-0.24468790556497055,-0.7327165646015212,-0.8277232406787078,1004,602,402,0.014073977767665604,0.10131313787947735,0.057693557823571474,0.04361958005590587,0.2148722356302828,-0.5566845737074916,-0.00013939542534426,-0.6524323498996666
12,200,0.01,0,0.2,1.5,1,-0.6833290522342604,-0.2501387462261747,-0.701269452543037,-1.045374551166618,1308,773,535,0.011083663784697393,0.08655658844178639,0.04882012611324189,0.037736462328544496,-0.052264573161353134,-0.35728160660728214,-0.00013557661498238356,-0.6530422000560241
12,96,0.01,1,-0.2,999.0,1,-0.6752179824377037,-0.24537599509933516,-0.7274890727169143,-0.8815266401916271,869,527,342,0.014626535786257557,0.08918936488331275,0.05190795033478515,0.0372814145485276,0.23358524492689314,-0.5933966498601455,-0.00018968824554903895,-0.6531968634673737
12,120,0.005,1,0.0,1.5,1,-0.6682932972263806,-0.24137993714683292,-0.7037975869841779,-1.2031613804194539,830,473,357,0.004810505103035819,0.06325164142234935,0.034031073262692585,0.029220568159656762,0.1816491538785241,-0.5748492181241751,-0.00030242248779210575,-0.6534367996598945
20,120,0.005,0,0.0,0.75,1,-0.6737867047507966,-0.2445448413986301,-0.7076446571215593,-1.1017082599130956,1094,661,433,0.013813950464798804,0.08116102190730026,0.04748748618604953,0.03367353572125073,-0.1807332144429704,-0.31183148288609897,-0.0001821896475789309,-0.6534525829550646
48,96,0.01,0,0.2,1.5,1,-0.668188000560106,-0.24131965787980936,-0.7239983480902432,-1.010833478333776,1256,747,509,0.010856139894688942,0.08333875056880972,0.04709744523174934,0.03624130533706039,0.02699853612688763,-0.3944815164782268,-0.00013384966171707855,-0.6538605058416198
12,96,0.0,1,-0.2,999.0,1,-0.6693275796638859,-0.24197279743985756,-0.7444377606602561,-0.802155893787345,1158,669,489,0.013293895859065203,0.1163947214457518,0.0648443086524085,0.0515504127933433,0.4266332942558291,-0.5863766867897464,-9.462939711411806e-05,-0.6542994724593528
30,96,0.01,1,-0.2,2.5,1,-0.6795031963781919,-0.2478809805302129,-0.7195404902969578,-0.9364225960455582,836,504,332,0.011863745693297796,0.08447637001885198,0.04817005785607489,0.03630631216277709,0.20500225240847536,-0.5959674670193056,-0.00021610482089623822,-0.6544723554809697
30,60,0.0025,0,-0.2,0.75,1,-0.6743764638172979,-0.24488698711206114,-0.7247648852300173,-0.9445258645354897,1249,760,489,0.02249236169797829,0.11259182214132483,0.06754209191965156,0.04504973022167327,-0.12902913332420884,-0.30177259490134245,-0.00010006529507707697,-0.6544957229538443
30,200,0.01,1,0.0,0.75,1,-0.660447862774262,-0.2369274015956262,-0.6900692082371174,-1.4524436155446245,546,323,223,0.004582981213027368,0.0383215237599948,0.021452252486511083,0.016869271273483716,-0.20345977140644267,-0.43986746644756536,-0.0006252944596803118,-0.6545841864914161
12,96,0.005,0,0.0,0.75,1,-0.6745031493098519,-0.24496054365770303,-0.7066832218479627,-1.1286593265164333,1028,629,399,0.013846453877657153,0.0757979587856725,0.044822206331664824,0.03097575245400767,-0.1760976906215077,-0.33937613283340773,-0.0002119447128844728,-0.6547351209075061
48,60,0.005,0,0.0,0.75,1,-0.674295233307498,-0.24483983407470544,-0.7081004050715141,-1.1186425525989239,1044,633,411,0.013553923161932003,0.07765065331859845,0.04560228824026523,0.032048365078333224,-0.198068264885919,-0.3153870213195684,-0.00020262540662429238,-0.6548221642404086
12,60,0.0,0,0.2,0.75,1,-0.6723769238914967,-0.2437288393070436,-0.6985126210996682,-1.2617890079419825,952,574,378,0.009783527270363388,0.05892868751218878,0.034356107391276085,0.024572580120912697,-0.20769851611982793,-0.3343286187593516,-0.0003010205669706709,-0.6560746002539768
20,60,0.0,0,0.2,0.75,1,-0.6743537465669512,-0.24487379921627872,-0.699758817971663,-1.2353488410872202,970,582,388,0.009848534096080089,0.060423844503672886,0.03513618929987649,0.0252876552037964,-0.18177946479390983,-0.3535108947056037,-0.00028972483807970936,-0.6565206502564712
30,120,0.01,1,-0.2,999.0,1,-0.6739085158327003,-0.24461547145646245,-0.7375116581758326,-0.8632960158886577,921,558,363,0.013878957290515505,0.09403237339920692,0.05395566534486121,0.040076708054345704,0.25411522577378665,-0.5878601196678417,-0.0001681099258166636,-0.6565361013388117
20,200,0.0,1,-0.2,2.5,1,-0.6701070180310659,-0.2424204979567467,-0.7481994845835094,-0.8044008649265898,1263,719,544,0.009621010206071638,0.12357797568744718,0.0665994929467594,0.05697848274068777,0.43081001009588005,-0.5663726572806601,-7.602316363734303e-05,-0.6567402834948308
48,120,0.005,1,-0.2,2.5,1,-0.668906079558011,-0.24173102207752495,-0.7467294243068172,-0.8525993189603819,1016,590,426,0.010011051160371839,0.10063056620945199,0.05532080868491192,0.04530975752454008,0.22970180311838795,-0.5524638030272622,-0.0001371678517321525,-0.6577257001789527
30,120,0.0,1,-0.2,999.0,1,-0.6699191282916528,-0.24231250375414837,-0.7527014781691719,-0.7904602927050766,1219,698,521,0.011441201326139244,0.12208281869596307,0.06676201001105116,0.05532080868491192,0.4501846501873983,-0.5812394726562242,-8.139882122464183e-05,-0.6581862574739882
12,96,0.0,1,-0.2,2.5,1,-0.6735000091436183,-0.2443786838834484,-0.7412360889029342,-0.8661724438495719,1086,620,466,0.01014106481180524,0.10719625560683872,0.05866866020932198,0.04852759539751674,0.4897549467544722,-0.6227326547159633,-0.00012246368585011545,-0.6583053505273941
20,200,0.0,1,-0.2,999.0,1,-0.6711515788543261,-0.24302172691685076,-0.7555113896984309,-0.7602458267339024,1343,773,570,0.01293635831762335,0.1331989858935188,0.07306767210557108,0.060131313787947734,0.3702254136769936,-0.5302082141388746,-5.7545981266147715e-05,-0.6587897131027614
12,96,0.01,0,0.2,1.5,1,-0.6818851201494294,-0.24928424346966838,-0.7094781115885775,-1.0967643780088245,1149,697,452,0.011376194500422545,0.0758629656113892,0.04361958005590587,0.032243385555483325,-0.06937325162623831,-0.3927423019758235,-0.0001914238498870043,-0.6588615181643984
12,120,0.005,0,0.0,0.75,1,-0.6783059288984493,-0.24717858494783362,-0.7106817280044354,-1.1286358693688638,1066,645,421,0.013683936813365404,0.07908080348436586,0.046382370148865634,0.03269843333550023,-0.15579881844168264,-0.3505676039011355,-0.00019927383689462844,-0.6589512424184946
20,120,0.01,0,0.2,1.5,1,-0.6809133184909024,-0.2487107777985983,-0.714218649685818,-1.0666969393316241,1231,735,496,0.010856139894688942,0.08145355262302542,0.04615484625885718,0.035298706364168236,-0.03780725890819181,-0.38620732094135357,-0.00015871381801238805,-0.6591549496080885
12,60,0.005,0,0.0,0.75,1,-0.6747951415136091,-0.2451301629030319,-0.7097211249016703,-1.184013733879746,968,601,367,0.014171488006240655,0.06988233764545278,0.04202691282584672,0.02785542481960606,-0.1381630128883189,-0.38767358743946967,-0.0002481070677506734,-0.6591914120478543
48,200,0.0,1,-0.2,2.5,1,-0.676209583795533,-0.24595343700062577,-0.7478672789567788,-0.8055439911971662,1343,762,581,0.009490996554638236,0.1293635831762335,0.06942728986543587,0.05993629331079763,0.4321519981210007,-0.5574355218997293,-6.599891848331276e-05,-0.6601642760388735
30,120,0.01,1,-0.2,2.5,1,-0.6793120454998272,-0.24776870708920118,-0.733225135508399,-0.9257068521176817,864,521,343,0.011636221803289345,0.08743418058896184,0.049535201196125596,0.03789897939283625,0.20117874229888244,-0.5887204218418858,-0.00020240794018938036,-0.6606666174492848
20,96,0.005,0,0.0,0.75,1,-0.6790487006888871,-0.24761411231393682,-0.7127718170941889,-1.134757500524879,1050,639,411,0.014236494831957356,0.078073197685757,0.04615484625885718,0.031918351426899826,-0.18751715709977113,-0.33213826319896145,-0.00020638560286354455,-0.6607378958872752
30,120,0.0,0,0.2,0.75,1,-0.6798843299506157,-0.24810499118866935,-0.7066495307378474,-1.1895527923312903,1103,645,458,0.009556003380354937,0.07033738542546968,0.039946694402912306,0.03039069102255737,-0.24118708195887706,-0.26760474277099755,-0.00022177985599454775,-0.6609073961741575
30,120,0.005,0,-0.2,0.75,1,-0.6721742179781988,-0.2436117266827703,-0.7447827667241296,-0.9043609041056716,1258,769,489,0.021809790027952934,0.1156146395371514,0.06871221478255217,0.046902424754599235,-0.20332913441058875,-0.22802414821777428,-9.187482983328291e-05,-0.6612211552501187
12,200,0.0,0,-0.2,0.75,1,-0.6798103712489147,-0.24806150644911296,-0.7412650434560322,-0.8526060393157279,1540,914,626,0.021387245660794384,0.14047975037378924,0.08093349801729181,0.05954625235649743,-0.18086831381029678,-0.15560837860086796,-4.364760203791314e-05,-0.6613243301429155
30,200,0.005,0,-0.2,0.75,1,-0.6733894741458916,-0.24431465135313568,-0.7496399048434775,-0.8467646845864235,1351,820,531,0.02353247090944549,0.12487811220178119,0.07420529155561334,0.05067282064616785,-0.14505531257233995,-0.24918758136336228,-6.94749503845285e-05,-0.6614728380041955
30,60,0.0,1,0.0,1.5,1,-0.67468744163835,-0.24506758640192916,-0.7100673707639993,-1.237547054904477,875,491,384,0.00510303581876097,0.0653643632581421,0.03523369953845154,0.030130663719690566,0.27897219617125946,-0.6060046662131557,-0.00029188706655478166,-0.6619786245291527
12,60,0.01,0,0.0,0.75,1,-0.6815697817505126,-0.249098016731514,-0.6989004940781536,-1.271484239947354,859,547,312,0.013976467529090554,0.062341545862315544,0.038159006695703046,0.024182539166612494,-0.20920436930792963,-0.3812344284487025,-0.0003219362511607091,-0.6621224757679585
20,60,0.0025,0,-0.2,0.75,1,-0.6700414652428386,-0.24238281465953493,-0.7455775255412737,-0.9395806692224951,1223,746,477,0.02297991289085354,0.10950399791978158,0.06624195540531756,0.04326204251446402,-0.014747379962813834,-0.38262468817587025,-0.0001033894751504403,-0.6621506108912966
30,200,0.01,0,0.2,1.5,1,-0.6952294209954832,-0.25729488083233487,-0.7050514912864951,-1.0611488332058765,1340,789,551,0.011181174023272443,0.08892933758044595,0.0500552558018592,0.03887408177858675,-0.013112649716262026,-0.3963912464980148,-0.0001383565585642155,-0.6628780681358762
48,200,0.01,0,0.2,1.5,1,-0.6971888651455544,-0.2584931667717174,-0.7059688948120147,-1.0434784661530974,1362,802,560,0.011181174023272443,0.09048950139764675,0.050835337710459595,0.039654163687187154,-0.05923647843118107,-0.3639080826341248,-0.0001324746196032381,-0.6636515374853796
20,60,0.005,1,0.0,1.5,1,-0.6753292164727251,-0.24544070444748411,-0.7108770877625953,-1.2731361044331628,746,436,310,0.006500682571670025,0.05616589741922902,0.03133328999544952,0.024832607423779497,0.17901003042223484,-0.6000938689587945,-0.00038059966188532917,-0.6645360535504399
30,60,0.0025,0,0.2,0.75,1,-0.6839805957827998,-0.25052527895707477,-0.69964597178701,-1.2849641600005113,927,563,364,0.01007605798608854,0.05824611584216343,0.034161086914125983,0.024085028928037443,-0.29601443271776107,-0.2863326516215181,-0.0003302569565188634,-0.6645964728506053
48,96,0.0025,0,-0.2,0.75,1,-0.6859411048918187,-0.25169197952890754,-0.7348632893151178,-0.9134199337283085,1375,820,555,0.02125723200936098,0.1268283169732822,0.07404277449132159,0.05278554248196061,-0.1728351465152329,-0.2447840541571512,-7.761982718938766e-05,-0.6647946208728818
20,60,0.0025,1,0.0,1.5,1,-0.6757462944631761,-0.24568348371338566,-0.7120554078314312,-1.262105621237862,801,462,339,0.005915621140219723,0.060196320613664436,0.03305597087694208,0.027140349736722354,0.18230957240994639,-0.5906147602288742,-0.0003401126624320653,-0.6648164686909943
48,96,0.005,1,-0.2,2.5,1,-0.6796801050284678,-0.24798493346267347,-0.7451362248653819,-0.8941194939020275,980,564,416,0.009198465838913086,0.09702268738217514,0.05311057661054411,0.04391211077163102,0.2564846749595251,-0.5838170997198837,-0.00016044386059204304,-0.6652590205904658
20,96,0.0025,0,-0.2,0.75,1,-0.6807318965583429,-0.24860386476096152,-0.7404343170530852,-0.9401315127165311,1316,792,524,0.022037313917961387,0.11915751153871157,0.07059741272833647,0.04856009881037509,-0.17929813349850887,-0.2487104542569505,-8.921003305591294e-05,-0.6658275989233307
20,200,0.0025,0,-0.2,0.75,1,-0.6877177523655064,-0.2527539891585526,-0.7386613836972389,-0.8784942648959446,1466,877,589,0.022622375349411687,0.13501917701358643,0.07882077618149906,0.05619840083208737,-0.14488435684196832,-0.23977891380407323,-6.060741603027957e-05,-0.6660093942519693
12,120,0.01,0,0.2,1.5,1,-0.6823691924699475,-0.24957038743392845,-0.7254979318832497,-1.081346183472809,1207,721,486,0.010888643307547293,0.07966586491581616,0.04527725411168173,0.03438861080413443,-0.018078203026097306,-0.4084274907391481,-0.00016979522410216674,-0.6663866625491938
30,120,0.0025,0,0.2,0.75,1,-0.6870750737071523,-0.25236929961839816,-0.7048607334672128,-1.2371569425644435,1033,612,421,0.009783527270363388,0.06581941103815901,0.0378014691542612,0.02801794188389781,-0.30124779047033223,-0.2492658682353044,-0.0002670158873017868,-0.6666575134802267
48,120,0.0025,1,-0.2,2.5,1,-0.6765436792076875,-0.2461482902510439,-0.7555001170872441,-0.8610932322608049,1110,635,475,0.008808424884612885,0.10995904569979847,0.05938373529220568,0.0505753104075928,0.344388991985501,-0.5808355807873213,-0.00011743291255624485,-0.6669530104077062
12,120,0.0025,1,0.0,1.5,1,-0.6808499678220492,-0.24867343969108824,-0.7141448070134515,-1.2357489694685404,897,506,391,0.004322953910160567,0.06822466358967691,0.03627380874991874,0.031950854839758173,0.15885244084843597,-0.5686830362366668,-0.00028192765780638734,-0.667533291671241
12,120,0.0025,0,-0.2,0.75,1,-0.6869356530172168,-0.25228592447124176,-0.7355519301044018,-0.9540738419045448,1331,800,531,0.021614769550802833,0.12062016511733732,0.07111746733407008,0.04950269778326724,-0.11329672785243727,-0.3130097749564814,-9.106920090730191e-05,-0.66776558161867
30,96,0.01,0,-0.2,1.5,1,-0.6934951451684002,-0.2562391037326135,-0.7429299121999766,-0.8116256300619913,1533,934,599,0.02580770980953,0.1540011701228629,0.08990443996619644,0.06409673015666645,-0.06872920075800137,-0.2915138869022402,-4.4195500382122205e-05,-0.6682853413357014
12,96,0.01,1,-0.2,2.5,1,-0.6903568368290496,-0.2543399222229189,-0.7314994744900545,-0.9771846782593736,813,490,323,0.012383800299031399,0.08259117207306767,0.04748748618604953,0.035103685887018135,0.18151533652380847,-0.6064435913362619,-0.0002398664362934675,-0.6689488933809148
30,200,0.01,1,-0.2,2.5,1,-0.6904402531405027,-0.25439021541137974,-0.7376777509320901,-0.9199588151945113,946,564,382,0.011668725216147695,0.09442241435350712,0.053045569784827405,0.04137684456867971,0.14664451824896263,-0.5667003421792856,-0.00018198757672681086,-0.6692270316371502
48,96,0.01,0,-0.2,1.5,1,-0.6975591089259089,-0.2587202395920475,-0.7421925697577968,-0.7961365229410684,1581,958,623,0.0252876552037964,0.16004680491451603,0.09266723005915621,0.06737957485535981,-0.04555789231570173,-0.30130672708797857,-3.8386603375483455e-05,-0.6696233506179994
20,200,0.0,0,0.2,0.75,1,-0.6865955500648414,-0.25208265577098343,-0.717321172191278,-1.1811748398867843,1181,691,490,0.010563609178963792,0.07518039394136385,0.04287200156016382,0.03230839238120003,-0.18585967855855223,-0.3051022268728092,-0.00019765788858924852,-0.6698019838609617
48,96,0.0025,1,-0.2,2.5,1,-0.6837989876753952,-0.250417478680072,-0.7500510020176657,-0.8927641810861741,1063,604,459,0.008353377104595983,0.10540856789962946,0.05688097250211272,0.04852759539751674,0.3719326935405387,-0.6077926811131376,-0.00013773136500768942,-0.6700811887432137
48,200,0.01,0,-0.2,1.5,1,-0.7010762034184108,-0.26088775612529524,-0.7468800435807185,-0.7415904659026755,1718,1036,682,0.026035233699538453,0.17503087824221544,0.10053305597087694,0.07449782227133848,-0.19219472687470418,-0.1262120293619582,-1.9772371731892047e-05,-0.6714073012107882
12,200,0.0,1,-0.2,2.5,1,-0.6843656597849603,-0.2507540017996579,-0.7590828120230362,-0.8426288013685296,1264,722,542,0.009653513618929988,0.12354547227458883,0.0665994929467594,0.056945979327829424,0.3737599718101725,-0.567669233051775,-8.75031748933011e-05,-0.6724268478796025
48,120,0.005,1,-0.2,999.0,1,-0.682159133309282,-0.24944617751570664,-0.7629415255575865,-0.8434546582525382,1085,640,445,0.013553923161932003,0.10846388870831437,0.06100890593512319,0.047454982773191184,0.21043600327114342,-0.5482152360103157,-0.00012497713342086444,-0.6730896732071268
48,60,0.0,1,-0.2,999.0,1,-0.6875153419375687,-0.2526327679416719,-0.7551541606437521,-0.8598506278922506,1113,641,472,0.012416303711889749,0.11246180848989144,0.062439056100890594,0.05002275238900084,0.3187949699586219,-0.5865749968894874,-0.00012154047597135432,-0.6732023796581604
48,120,0.0,0,0.2,0.75,1,-0.6909441401907739,-0.2546942341775751,-0.7167846188558401,-1.2048798598906774,1138,663,475,0.009751023857505038,0.07274263797698759,0.04124683091724631,0.031495807059741275,-0.2105540510334607,-0.30834433069786416,-0.00022067330308775884,-0.673330536600029
20,60,0.0025,0,0.2,0.75,1,-0.6905731618190311,-0.25447036942832857,-0.7059117381887505,-1.3213251021979475,904,552,352,0.010173568224663589,0.05632841448352077,0.03325099135409218,0.02307742312942859,-0.24410507926505465,-0.3566508226555518,-0.000361054427085257,-0.6734924936326012
30,60,0.01,1,0.0,1.5,1,-0.6870883758374702,-0.25237725589767435,-0.7051998037447471,-1.3745879792969389,666,393,273,0.006760709874536827,0.0503802899304427,0.028570499902489763,0.021809790027952934,0.1367112853271395,-0.6159146391734829,-0.000478007645377014,-0.6737065567348949
12,60,0.0025,0,0.2,0.75,1,-0.6895603926070317,-0.25386024244175576,-0.7049491728892318,-1.3540640623094506,887,545,342,0.01010856139894689,0.054833257492036665,0.032470909445491775,0.022362348046544887,-0.27394309615496193,-0.33370855457973025,-0.00037648077425334514,-0.6740380320018442
30,120,0.0,0,-0.2,0.75,1,-0.6911092268623066,-0.2547939195453919,-0.7482296194670989,-0.9167193717362881,1462,869,593,0.02083468764220243,0.13407657804069428,0.07745563284144835,0.056620945199245924,-0.16063377799233858,-0.235456663458116,-6.609649863348654e-05,-0.6747446978657556
12,60,0.01,1,-0.2,999.0,1,-0.6907122100802066,-0.25455425370984075,-0.7470896169347967,-0.9396084447978778,825,506,319,0.01534161086914126,0.08437885978027693,0.049860235324709096,0.03451862445556783,0.20722250313049084,-0.6129503061211938,-0.00022913748032911554,-0.675079484417133
20,120,0.01,1,-0.2,999.0,1,-0.6955879053389769,-0.25751367717997664,-0.7429227060838797,-0.9292856457045262,918,553,365,0.013651433400507054,0.09334980172918156,0.05350061756484431,0.039849184164337255,0.2312720814313467,-0.6087098725565951,-0.00019412366004411115,-0.6754393125071427
12,200,0.0,1,-0.2,999.0,1,-0.6869560559838983,-0.25229812393685946,-0.7672615286727655,-0.8011226609853797,1346,777,569,0.01293635831762335,0.13326399271923553,0.07310017551842944,0.06016381720080608,0.31299229793884487,-0.5325917121759423,-6.913037738637105e-05,-0.6759850213225113
12,120,0.01,1,-0.2,999.0,1,-0.6955872804411977,-0.25751329561356817,-0.7447067208371925,-0.9309243563371951,907,545,362,0.013683936813365404,0.09260222323343952,0.053143080023402456,0.03945914321003705,0.24728428337831265,-0.6158514952149845,-0.0001977767375529835,-0.6764128738490242
48,200,0.005,1,-0.2,999.0,1,-0.6926527120392599,-0.25572787009688436,-0.7585450787352122,-0.8325182071232715,1204,704,500,0.014691542611974258,0.11896249106156147,0.06682701683676787,0.0521354742247936,0.1646889972622112,-0.5181297951149308,-0.00010334584356504734,-0.676626319820654
20,200,0.005,1,-0.2,2.5,1,-0.6904615186889431,-0.2544030384166046,-0.7567928131970191,-0.8878438154471708,1081,627,454,0.011278684261847494,0.10599362933107977,0.058636156796463626,0.047357472534616134,0.1952150638180874,-0.5553037568877985,-0.00013865247681784423,-0.6771916357874728
48,60,0.01,1,-0.2,999.0,1,-0.6974143548185168,-0.2586314361981277,-0.742033109921755,-0.9539776953419836,851,519,332,0.014268998244815706,0.0873366703503868,0.05080283429760125,0.03653383605278554,0.15337181395305532,-0.598470458749014,-0.00022410462837746658,-0.6773468759261043
12,60,0.0,1,-0.2,999.0,1,-0.6873260580016674,-0.252519461275557,-0.764577565713689,-0.8579557361694656,1107,651,456,0.015049080153416109,0.11151920951699928,0.0632841448352077,0.04823506468179159,0.34907657372056833,-0.596821653610063,-0.00012314402740231335,-0.6777060309408747
48,60,0.0,1,-0.2,2.5,1,-0.692153311272909,-0.2554253026701573,-0.7518029400476031,-0.9276160983007979,1044,593,451,0.009133459013196385,0.10358837677956186,0.05636091789637912,0.047227458883182735,0.37158692114967695,-0.6216710585795195,-0.0001524344114282436,-0.6777075776089988
20,200,0.0025,0,0.2,0.75,1,-0.6958509963238335,-0.2576743743362282,-0.7168686957896124,-1.2356842345556267,1103,652,451,0.01062861600468049,0.07017486836117792,0.04040174218292921,0.029773126178248715,-0.24141322831926593,-0.30392756119803666,-0.0002451350536035986,-0.6778929339588158
48,200,0.005,1,-0.2,2.5,1,-0.6945284676117585,-0.25686761969800453,-0.7538696314072644,-0.8844654383583057,1134,655,479,0.010888643307547293,0.11041409347981539,0.060651368393681335,0.049762725086134045,0.1617942457193977,-0.5363950381845113,-0.00012785936219093615,-0.678025707319552
30,60,0.005,0,0.0,0.75,1,-0.6927125266152885,-0.255764134122767,-0.7251847423325984,-1.2103385850499015,1008,620,388,0.014561528960540858,0.07378274718845479,0.044172138074497824,0.029610609113956965,-0.19078581873002776,-0.3713331943253164,-0.0002486674276284588,-0.6788734345415613
20,120,0.0,1,-0.2,2.5,1,-0.6934615424773074,-0.2562186916588094,-0.7559847133017507,-0.9112346929562809,1138,639,499,0.008158356627445882,0.11197425729701618,0.06006630696223103,0.05190795033478515,0.4753224156109366,-0.6329092967507249,-0.00012698088527508887,-0.6797727829574989
20,120,0.01,0,-0.2,1.5,1,-0.7047140686208193,-0.2631499099769654,-0.7497903919305315,-0.8360585457687176,1556,946,610,0.0253526620295131,0.15647142950009751,0.0909120457648053,0.0655593837352922,-0.08597522560790283,-0.2965222045290321,-4.837669622239412e-05,-0.6798480332306671
30,96,0.0,0,0.0,0.75,1,-0.6949386864349234,-0.25711757633960186,-0.733192207346801,-1.1262491019530774,1267,747,520,0.013358902684781902,0.09338230514203992,0.053370603913410905,0.04001170122862901,-0.17653009337297332,-0.30187408143144023,-0.00014861397479501301,-0.6800261351106562
12,200,0.005,1,-0.2,2.5,1,-0.6934100510284854,-0.2561874162500597,-0.7591095017472127,-0.8969855286497778,1078,626,452,0.011051160371839043,0.10570109861535461,0.05837612949359683,0.047324969121757786,0.18832466781350155,-0.5576499638706359,-0.00014249275940718018,-0.680591443556155
20,200,0.0025,1,-0.2,2.5,1,-0.6927574598801465,-0.25579137947658426,-0.7614537544212486,-0.8815110897644399,1176,673,503,0.009783527270363388,0.1155496327114347,0.06266657999089904,0.05288305272053566,0.2867803533909097,-0.5700618895277961,-0.00011483409576558961,-0.6805938111754305
20,96,0.0,1,-0.2,2.5,1,-0.6947687890519991,-0.257014023043067,-0.7544565957202526,-0.927843463467307,1078,608,470,0.009133459013196385,0.10631866345966326,0.05772606123642982,0.04859260222323344,0.41380594402698523,-0.6298460374831897,-0.0001452948365275805,-0.6806344940765586
48,120,0.0025,0,0.2,0.75,1,-0.6992055769672232,-0.25973255997941846,-0.7163017774174809,-1.2567210292605178,1066,629,437,0.00997854774751349,0.06809464993824352,0.0390365988428785,0.029058051095365012,-0.2715403790643962,-0.29627797421304636,-0.00026732010611811227,-0.6807195001511848
20,120,0.01,1,-0.2,2.5,1,-0.7021851506753941,-0.26157514187265607,-0.7400799014378099,-0.9995305437517997,861,516,345,0.011376194500422545,0.08678411233179484,0.04908015341610869,0.03770395891568615,0.17929981217547275,-0.6115522145213037,-0.0002325295284800366,-0.681591619779151
30,200,0.0,1,-0.2,999.0,1,-0.6926790166870829,-0.2557438172707236,-0.7709128866380811,-0.8124240206756532,1365,785,580,0.0130338685561984,0.13472664629786127,0.07388025742702983,0.060846388870831436,0.4040191468135068,-0.5667891813186772,-7.018520255272043e-05,-0.6818214616235468
12,60,0.0,1,-0.2,2.5,1,-0.6912032270185686,-0.25485069812274486,-0.7615755811713374,-0.924794681419371,1036,603,433,0.011701228629006046,0.1025157641552363,0.05710849639212117,0.04540726776311513,0.4128441602785231,-0.6330564199382113,-0.00015432279218265926,-0.6818782227793821
30,120,0.01,0,0.2,1.5,1,-0.7061706780558639,-0.26406154082448696,-0.722463217081349,-1.1402883835259108,1256,749,507,0.010921146720405643,0.08314373009165962,0.047032438406032634,0.03611129168562699,-0.062391175986462266,-0.41267486307648116,-0.0001818804682929331,-0.682307568541457
20,96,0.01,1,-0.2,999.0,1,-0.7017402165926446,-0.2612991174504119,-0.7463168974805305,-0.9598101756252186,876,529,347,0.014203991419099005,0.0894818955990379,0.05184294350906845,0.037638952089969445,0.19994971715778287,-0.6147876479058887,-0.00021870542417988498,-0.6824480749719382
48,96,0.01,0,0.0,0.75,1,-0.7024192338553394,-0.2617204845283222,-0.7192283573627416,-1.2234655381068518,990,603,387,0.013358902684781902,0.07368523694987973,0.04352206981733082,0.030163167132548917,-0.23577777686843648,-0.36112671902292326,-0.000265526962809325,-0.6825079401150356
30,96,0.005,1,-0.2,2.5,1,-0.6985568633817629,-0.25933320783785463,-0.7508518782666135,-0.9618791582632319,955,551,404,0.009946044334655138,0.09445491776636547,0.052200481050510304,0.042254436715855166,0.23831966725045284,-0.6075357469608472,-0.00019106022413753926,-0.6828531048843229
30,96,0.0025,1,-0.2,2.5,1,-0.6984110135776745,-0.25924351050921723,-0.7532719490597171,-0.949348845417401,1027,585,442,0.009100955600338035,0.1017356822466359,0.05541831892348697,0.04631736332314893,0.3281494865372143,-0.6204801404773204,-0.00016472166487303849,-0.6833469273099458
30,200,0.0,0,0.2,0.75,1,-0.6991216362239345,-0.2596808491875249,-0.7274203310753541,-1.2068483620641572,1203,704,499,0.011278684261847494,0.07693557823571474,0.04410713124878112,0.03282844698693363,-0.1787126122467857,-0.33136475584517144,-0.00020439568012061164,-0.6837334328284098
20,120,0.0,1,-0.2,999.0,1,-0.6965825123045721,-0.25812173593260646,-0.7646793316578314,-0.8671700526745942,1213,690,523,0.011376194500422545,0.12117272313592928,0.06627445881817591,0.05489826431775337,0.4183213079212851,-0.6075977800189502,-0.00010574228463366961,-0.683819904395252
48,96,0.005,1,-0.2,999.0,1,-0.6956908462818783,-0.25757654156693477,-0.7639242205195098,-0.8918291348967334,1047,614,433,0.0128388480790483,0.10469349281674575,0.05876617044789703,0.04592732236884873,0.22001104207821243,-0.578923239208545,-0.00014983260573962247,-0.6841301085715263
48,200,0.005,0,-0.2,0.75,1,-0.6951426182797528,-0.2572419309176892,-0.7648531126042841,-0.8910718232612374,1383,838,545,0.023564974322303842,0.12770590912045765,0.07563544172138074,0.052070467399076906,-0.21783909819673475,-0.22162236239019906,-8.00688482879873e-05,-0.6842220783828932
20,96,0.0,1,-0.2,999.0,1,-0.6973349866084255,-0.2585827591010844,-0.7633734688880173,-0.8806859855845658,1149,656,493,0.012253786647597997,0.1154196190600013,0.06383670285379965,0.05158291620620165,0.36054027119594934,-0.6048014007915445,-0.00012172070629634484,-0.6843037928243213
12,60,0.01,0,0.2,1.5,1,-0.702671289346714,-0.26187708208647476,-0.7216472299823606,-1.2322793264995808,1056,651,405,0.011278684261847494,0.06906975232399402,0.040174218292920755,0.028895534031073263,-0.03782768162108485,-0.47597884276914226,-0.0002686466346148716,-0.6843146634026341
48,120,0.0025,1,-0.2,999.0,1,-0.6920067766105189,-0.255336592866816,-0.7732310928970435,-0.8587465906304369,1182,685,497,0.012221283234739647,0.11837742963011116,0.0652993564324254,0.05307807319768576,0.3256104845966785,-0.5803787647339758,-0.00010877632113191874,-0.6848894688468596
30,200,0.0025,0,0.2,0.75,1,-0.7019567916954486,-0.2614334358842708,-0.724036838148903,-1.2378822973546053,1122,663,459,0.011148670610414094,0.07160501852694533,0.04137684456867971,0.030228173958265617,-0.22915933413069556,-0.3223354829276496,-0.0002437145740935745,-0.6853459698264525
30,200,0.0,1,-0.2,2.5,1,-0.6964165536651302,-0.2580201723952381,-0.7676689795871405,-0.8726166472038079,1284,730,554,0.009556003380354937,0.12494311902749788,0.06724956120392642,0.057693557823571474,0.44296015111512,-0.6001376316154163,-9.372284736036659e-05,-0.6854854945489988
20,60,0.01,1,-0.2,999.0,1,-0.7018268572468559,-0.26135284262903336,-0.7526354469505128,-0.9789035497425034,812,498,314,0.01556913475914971,0.08304621985308458,0.04930767730611714,0.03373854254696743,0.2429133786475517,-0.6399230549694399,-0.00025019401195069935,-0.6866157435914149
12,120,0.0,1,-0.2,999.0,1,-0.6992481135525449,-0.25975876831527844,-0.7680358971085106,-0.8749247212565628,1209,695,514,0.012188779821881298,0.12101020607163752,0.0665994929467594,0.054410713124878114,0.4349311274785084,-0.616315749724621,-0.00010879962611363589,-0.6875229529323619
48,200,0.0025,1,-0.2,2.5,1,-0.702548421783945,-0.26180073424549855,-0.7622297605027671,-0.8932607097833751,1250,713,537,0.009588506793213287,0.12127023337450432,0.06542937008385881,0.05584086329064552,0.2801327114619405,-0.565826597968408,-0.00010681382689019311,-0.6875786499860509
48,120,0.005,0,-0.2,0.75,1,-0.6961935970646596,-0.25788379268608164,-0.7653775109563707,-0.9537607108053896,1287,783,504,0.022199830982253137,0.11899499447441982,0.07059741272833647,0.048397581746083336,-0.15766149802585072,-0.3134871666470619,-0.00010451171207154511,-0.6882605837045365
30,200,0.0,0,-0.2,0.75,1,-0.7047154646783644,-0.2631507820952814,-0.7608901156028111,-0.8955627684241254,1584,938,646,0.02307742312942859,0.14574530325684196,0.08441136319313527,0.06133394006370669,-0.13121796125343377,-0.24945434074389028,-5.3283757714142486e-05,-0.6883739783178933
20,96,0.01,1,-0.2,2.5,1,-0.7079971989196185,-0.2652094839089304,-0.7433297354168678,-1.0317179293011525,820,492,328,0.011928752519014497,0.08291620620165117,0.047422479360332837,0.03549372684131834,0.14929957188596554,-0.6171232100180093,-0.0002603766664604218,-0.6884602480824219
30,120,0.0025,1,-0.2,2.5,1,-0.6993179796311585,-0.2598018213760348,-0.7634950066381584,-0.9397771957730426,1068,608,460,0.008645907820321133,0.10589611909250471,0.057271013456412924,0.04862510563609179,0.335687176675447,-0.6159622167477548,-0.00015186597199135621,-0.6885381844837661
48,200,0.0025,1,-0.2,999.0,1,-0.7031466024748563,-0.26217265659841515,-0.7688666710860552,-0.8484116591820609,1323,761,562,0.013196385620490152,0.13040369238770072,0.07180003900409543,0.05860365338360528,0.28721320141346873,-0.5530600419759818,-8.697418968406182e-05,-0.6890265751005458
20,60,0.0,1,-0.2,2.5,1,-0.6988725386022472,-0.25952745891732754,-0.7635742937155903,-0.9585670621402369,1005,581,424,0.011213677436130793,0.09929792628225964,0.055255801859195215,0.04404212442306442,0.5022627632544825,-0.6686461553313643,-0.00017354241911350112,-0.6892429588821345
20,60,0.0,1,-0.2,999.0,1,-0.6988506613405949,-0.25951399179941104,-0.7702115855519854,-0.9015941996563639,1075,628,447,0.014496522134824157,0.10817135799258923,0.06133394006370669,0.04683741792888253,0.4541407847397596,-0.6454584653995872,-0.00014399750109205696,-0.689699494558222
12,96,0.01,0,-0.2,1.5,1,-0.7110681936097233,-0.26715175441121863,-0.7570569873074643,-0.8815203529667563,1477,910,567,0.026555288305272054,0.14629786127543393,0.08642657479035298,0.059871286485080936,-0.06071028283321356,-0.3561236579840382,-6.74074010691622e-05,-0.6897562657132886
20,200,0.005,1,-0.2,999.0,1,-0.7015520524516836,-0.2611824786504302,-0.7713650752684287,-0.8726105706313435,1152,677,475,0.014854059676266008,0.11424949619710069,0.06455177793668335,0.04969771826041734,0.15608601506800568,-0.5407019202099268,-0.00012476888415937856,-0.6904955448162118
20,96,0.01,0,0.2,1.5,1,-0.7028717304208008,-0.2620016835852089,-0.740966257061902,-1.1618055070297144,1181,713,468,0.011408697913280894,0.07784567379574855,0.04462718585451472,0.03321848794123383,-0.05173844062800159,-0.43437206003370354,-0.00020776335114417303,-0.6905750874676456
12,120,0.0,1,-0.2,2.5,1,-0.702298517740796,-0.261645520983107,-0.7642704180985835,-0.9391379957022549,1133,643,490,0.008905935123187934,0.11168172658129104,0.06029383085223949,0.05138789572905155,0.500988086560165,-0.6504630412239248,-0.00013666604629251577,-0.6907376298175115
48,96,0.0025,1,-0.2,999.0,1,-0.7016400995058385,-0.2612370502121788,-0.7702751744231489,-0.8964767465799963,1132,654,478,0.011896249106156146,0.11363193135279204,0.0627640902294741,0.05086784112331795,0.33440705861376885,-0.60615596431067,-0.0001304423742587597,-0.6911984747527531
12,60,0.01,1,-0.2,2.5,1,-0.7057095861725089,-0.26377259695613997,-0.751302340392482,-1.041174653785207,770,470,300,0.013131378794773451,0.0778131703828902,0.04547227458883183,0.032340895794058376,0.1545654081106027,-0.6253698169359703,-0.00028626031211830694,-0.6914824998416413
48,60,0.01,1,-0.2,2.5,1,-0.7103791531929284,-0.26671462453943295,-0.7448255634085655,-1.0475401581675037,796,482,314,0.011831242280439446,0.08093349801729181,0.046382370148865634,0.034551127868426186,0.10468773236711537,-0.6096243518058412,-0.0002755967025119659,-0.691504414152091
12,96,0.0025,1,-0.2,2.5,1,-0.7036343913631032,-0.26247635829737015,-0.7610780564596004,-0.9720937286091679,1007,582,425,0.010856139894688942,0.09978547747513489,0.05532080868491192,0.044464668790222976,0.31521764563624544,-0.6271345571615112,-0.0001774462569775405,-0.6916200729576287
48,120,0.01,0,-0.2,1.5,1,-0.7164134196262845,-0.2705696085996163,-0.7594749558343367,-0.8303377101297602,1627,988,639,0.02577520639667165,0.1650198270818436,0.09539751673925763,0.06962231034258597,-0.13562978783997404,-0.25975957419982765,-4.406057085766645e-05,-0.6918239720232726
12,120,0.01,1,-0.2,2.5,1,-0.7099823424523259,-0.26646323995438037,-0.7486419921483446,-1.0281033782779185,850,508,342,0.011441201326139244,0.08600403042319443,0.04872261587466684,0.0372814145485276,0.19463613550591607,-0.6286271870325895,-0.0002470400000549078,-0.6921894049424486
48,96,0.005,0,0.0,0.75,1,-0.705613279390759,-0.26371228902910127,-0.7397833340451081,-1.1765900662819657,1111,663,448,0.013748943639082103,0.08291620620165117,0.04833257492036664,0.034583631281284534,-0.2037870975374474,-0.3555341307618799,-0.0002127598184036165,-0.6924334593657536
12,200,0.0,0,0.2,0.75,1,-0.7043398640064403,-0.262916255413722,-0.7344405888220431,-1.2632380787133302,1166,682,484,0.01014106481180524,0.07358772671130469,0.041864395761554964,0.031723330949749724,-0.2811120267347361,-0.26313393437985555,-0.00023204159193001637,-0.6932984537604101
30,60,0.0025,1,0.0,1.5,1,-0.7004537697470281,-0.26050277517843035,-0.7295452192281029,-1.364532085668929,802,456,346,0.005623090424494572,0.06035883767795618,0.032990964051225376,0.027367873626730807,0.1774449936819047,-0.6200566297879055,-0.00038194418801010727,-0.6935019890759282
30,120,0.005,1,-0.2,2.5,1,-0.7046242705372356,-0.2630938195316658,-0.7663487742134827,-0.9691733908987473,989,572,417,0.009751023857505038,0.09783527270363389,0.05379314828056946,0.04404212442306442,0.21704380830188863,-0.6020019678104922,-0.00018456953726550277,-0.6947268761833445
12,96,0.01,0,0.2,2.5,1,-0.722632614586761,-0.27460763029777535,-0.7320233409210373,-1.0836662349665427,1296,791,505,0.01280634466618995,0.08691412598322824,0.049860235324709096,0.03705389065851914,-0.038915278510225026,-0.4481933590616012,-0.00017941649751398813,-0.6948026125066211
48,60,0.0,0,0.0,0.75,1,-0.7075395563234671,-0.26492135759106583,-0.7417011366027713,-1.1814113336320402,1227,725,502,0.012968861730481701,0.0903919911590717,0.0516804264447767,0.038711564714295,-0.18859407585986876,-0.33421308261608385,-0.0001765340112506445,-0.6948424925740535
20,60,0.01,1,-0.2,2.5,1,-0.7099287505367786,-0.2664293085701853,-0.7513059886777302,-1.0595076598604238,757,462,295,0.013326399271923552,0.0765130338685562,0.044919716570239875,0.031593317298316326,0.18351047194458348,-0.6421062198282247,-0.0003004246594156982,-0.6950576859020716
30,60,0.01,1,-0.2,999.0,1,-0.7102266301864479,-0.2666179687695335,-0.7565773421017078,-1.004894730121172,824,502,322,0.01527660404342456,0.08385880517454333,0.049567704608983944,0.03429110056555938,0.22870840846711982,-0.6438903727522572,-0.00025644470969315286,-0.6951513763264459
12,200,0.005,1,-0.2,999.0,1,-0.7058439020881175,-0.26385673115858177,-0.7746529743029043,-0.8855513730570141,1150,676,474,0.014561528960540858,0.11402197230709224,0.06429175063381655,0.0497302216732757,0.14675565799117307,-0.5440798970968237,-0.00012947532992758977,-0.6954607869628846
48,120,0.01,1,0.0,999.0,1,-0.7021816727338119,-0.26157298305841326,-0.7621623496327249,-1.0622072753353007,901,539,362,0.008678411233179483,0.07127998439836183,0.03997919781577065,0.031300786582591174,0.2549675331718153,-0.6275932686455712,-0.0002804381589890409,-0.6957645216415408
12,60,0.0025,0,-0.2,0.75,1,-0.7040209436927106,-0.2627172954657252,-0.7602120833273556,-1.069837502967292,1207,741,466,0.02232984463368654,0.10670870441396346,0.064519274523825,0.04218942989013846,-0.1577765562726281,-0.3573183190139265,-0.00014316803488083872,-0.6963152122777676
48,120,0.01,0,0.2,2.5,1,-0.7238706790192485,-0.2754195698041102,-0.7398006295216448,-1.028828205351391,1460,872,588,0.012903854904765,0.09897289215367613,0.05593837352922057,0.043034518624455564,-0.01856458647899084,-0.4160642600773097,-0.0001275018640009745,-0.6967612948325022
20,200,0.0025,1,-0.2,999.0,1,-0.7064009200124053,-0.26420594952612475,-0.7779630454996999,-0.8742462814647778,1250,722,528,0.013196385620490152,0.12442306442176429,0.06880972502112721,0.05561333940063707,0.247428146024524,-0.5602143202913283,-0.00010500641154443474,-0.6968997863492137
30,96,0.005,1,-0.2,999.0,1,-0.7099633803896339,-0.2664512337063767,-0.7667939464573096,-0.9449723064979586,1021,597,424,0.013391406097640252,0.1022557368523695,0.05782357147500487,0.04443216537736462,0.20435486203441466,-0.5987074077521539,-0.0001737597159958093,-0.6970968222599294
20,60,0.0,0,0.0,0.75,1,-0.7079945192290649,-0.2652077958227719,-0.7426147753458954,-1.2198116281412652,1160,695,465,0.014138984593382305,0.08356627445881817,0.04885262952610024,0.03471364493271793,-0.10854572750256064,-0.4148789458654226,-0.00020695043786183882,-0.6975057649027828
20,120,0.0,0,0.0,0.75,1,-0.71022321957,-0.26661580785449157,-0.7448273835250188,-1.1774905947758114,1286,756,530,0.0131638822076318,0.09435740752779041,0.05376064486771111,0.040596762660079305,-0.18615824167585948,-0.3226006102508303,-0.00016130897458621748,-0.6979040293557915
48,96,0.01,0,0.2,2.5,1,-0.7251726065864562,-0.2762763408674206,-0.738780615816967,-1.051851576266995,1420,848,572,0.012351296886173048,0.09588506793213288,0.05411818240915296,0.04176688552297991,-0.002101537278276555,-0.4397267853333191,-0.00014155071827682942,-0.6982592275892539
30,96,0.0025,0,0.0,0.75,1,-0.712911328160351,-0.26832489953044514,-0.7395988399663205,-1.2129992808048273,1188,708,480,0.014106481180523956,0.08788922836897874,0.05099785477475135,0.036891373594227395,-0.2525179858913149,-0.3042539562548884,-0.00019635305790225498,-0.6987742835538467
12,200,0.0025,1,-0.2,2.5,1,-0.7088405263819062,-0.26574132070055134,-0.7739408114866262,-0.9288269176948923,1175,674,501,0.009783527270363388,0.1153546122342846,0.062569069752324,0.05278554248196061,0.22516158844895928,-0.5722900340982493,-0.00013029674010261617,-0.699153072328609
12,96,0.005,1,-0.2,2.5,1,-0.7105052224083996,-0.26679454501489464,-0.7643532539567969,-1.0054620247996988,936,545,391,0.011376194500422545,0.09295976077488136,0.052167977637651956,0.040791783137229407,0.22643603696535175,-0.6230389509407424,-0.00021210601492021387,-0.6992442732332781
12,200,0.0025,0,0.2,0.75,1,-0.7121225342671441,-0.26782214740753907,-0.7320158167852922,-1.315991178277716,1088,643,445,0.01023857505038029,0.06854969771826042,0.039394136384320357,0.029155561333940063,-0.3301659523829117,-0.25944770223819047,-0.00028170453420647503,-0.6996296147140709
30,96,0.0025,1,-0.2,999.0,1,-0.7115010233367134,-0.267426743028255,-0.770623347797806,-0.9381550432025474,1094,630,464,0.012448807124748098,0.11008905935123188,0.061268933237989986,0.04882012611324189,0.29460024937540696,-0.6148525011974573,-0.0001512204578388985,-0.6996461690872853
30,60,0.0,1,-0.2,999.0,1,-0.7094705874710789,-0.26613941716642886,-0.776539702928424,-0.936602213128059,1078,624,454,0.013976467529090554,0.10836637846973932,0.061171422999414936,0.04719495547032439,0.44991301526829686,-0.6564488362539067,-0.00015432883167124936,-0.7012393792870438
12,96,0.0025,1,-0.2,999.0,1,-0.7124209111300527,-0.26801220174504026,-0.7739191825726089,-0.9457239669189812,1076,629,447,0.014203991419099005,0.10833387505688097,0.061268933237989986,0.04706494181889098,0.27617977751742684,-0.6140293259910409,-0.00015773186169617525,-0.7022579913772938
48,120,0.01,1,0.0,2.5,1,-0.7088976281233026,-0.2657773731167996,-0.7615117138051273,-1.1241698995499805,850,506,344,0.0067932132873951764,0.0667945134239095,0.036793863355652344,0.030000650068257168,0.164566961293241,-0.617613463272734,-0.00032660276302710174,-0.7027417249968623
30,60,0.005,1,0.0,1.5,1,-0.7075446171852717,-0.2649245420004719,-0.7348559250154205,-1.4083622798002584,750,433,317,0.006240655268803224,0.05636091789637912,0.031300786582591174,0.025060131313787946,0.14661079374245545,-0.6288540268788844,-0.00043879056767938705,-0.7027706184981951
12,200,0.0025,0,-0.2,0.75,1,-0.7181722190051406,-0.27170478014946187,-0.7643012295589939,-0.9828960813611723,1450,866,584,0.021712279789377883,0.13241890398491843,0.07706559188714815,0.055353312097770266,-0.26499456573239133,-0.20816354414090987,-8.98013703996156e-05,-0.7030001989970175
30,96,0.01,0,0.2,2.5,1,-0.7289280809859631,-0.2787649062943304,-0.7402995320122321,-1.0848945710928806,1368,824,544,0.01261132418903985,0.09204966521484756,0.0523304947019437,0.039719170512903856,-0.06675461418264317,-0.42426796702552383,-0.0001631497443685776,-0.7031594008550904
12,60,0.005,1,-0.2,2.5,1,-0.7108890696815,-0.26703804239960016,-0.7706508353214737,-1.0160617583491396,887,525,362,0.012416303711889749,0.08821426249756224,0.050315283104725994,0.03789897939283625,0.24265383795929574,-0.6374464876059444,-0.00023388288823731045,-0.703166547977794
30,200,0.005,1,-0.2,2.5,1,-0.7138312438529902,-0.2689125342621027,-0.7739621450647789,-0.9538719479670624,1097,635,462,0.011181174023272443,0.10713124878112201,0.059156211402197234,0.047975037378924786,0.17620095414956927,-0.5788752324589699,-0.00015821244564583436,-0.7035872041928453
20,96,0.0,0,0.0,0.75,1,-0.7140925511823654,-0.269079713501039,-0.7495950410705625,-1.2076741770567083,1235,730,505,0.013521419749073654,0.09061951504908015,0.052070467399076906,0.03854904765000325,-0.18715278154870352,-0.34768035838424816,-0.00018290704339258743,-0.7042609428891556
12,60,0.01,0,0.2,2.5,1,-0.7257629017878454,-0.2766658044717717,-0.7425904156906438,-1.1514324955516182,1188,740,448,0.0131638822076318,0.07869076253006566,0.04592732236884873,0.03276344016121693,0.02919063797865573,-0.5173127643358834,-0.00023001558875334658,-0.7055326370946745
48,200,0.0,0,-0.2,0.75,1,-0.720011974459181,-0.2728979000894082,-0.7730916253192103,-0.9240620911487415,1629,965,664,0.023727491386595592,0.1499707469284275,0.08684911915751153,0.06312162777091594,-0.19333015704348566,-0.2160922558193913,-5.725367458504804e-05,-0.7056468173064504
12,60,0.0025,1,-0.2,2.5,1,-0.7132388602693065,-0.26853396236593996,-0.775160083742196,-1.011206377145689,954,562,392,0.012221283234739647,0.09490996554638237,0.053565624390561006,0.04134434115582136,0.25629064891199604,-0.6321756760530121,-0.00020765671477056055,-0.7066743230943223
30,60,0.0,1,-0.2,2.5,1,-0.714950775958771,-0.2696295958156547,-0.7744056355250744,-1.0128384953775686,1008,578,430,0.010726126243255541,0.09952545017226809,0.05512578820776182,0.04439966196450627,0.49841108847143034,-0.685059840487782,-0.00019084657272321415,-0.7074743383470703
12,96,0.005,1,-0.2,999.0,1,-0.7174101974397589,-0.2712123028988148,-0.7754628210098915,-0.9722326795504783,1003,592,411,0.014789052850549309,0.10092309692517715,0.05785607488786323,0.04306702203731392,0.18697760177511347,-0.6068420041247558,-0.00018768120797324418,-0.7075553473812844
30,60,0.01,1,-0.2,2.5,1,-0.721759411815216,-0.274036604425262,-0.7584457349692046,-1.0988179633923485,768,466,302,0.01300136514334005,0.07735812260287331,0.04517974387310668,0.03217837872976662,0.16998440387659053,-0.6508185232078523,-0.00031220643905270856,-0.7082003700794818
12,60,0.0,0,0.0,0.75,1,-0.7149137279532862,-0.2696058327804104,-0.7504544740103015,-1.273591606211589,1152,696,456,0.013976467529090554,0.08203861405447573,0.04800754079178314,0.034031073262692585,-0.17658502250628183,-0.38400991266707984,-0.00022349520569877782,-0.7085126500961405
30,120,0.0025,1,-0.2,999.0,1,-0.7164958196482673,-0.2706226735477142,-0.7827940816445718,-0.9419918826411086,1141,658,483,0.012026262757589548,0.11447702008710915,0.06325164142234935,0.0512253786647598,0.3009684716693608,-0.6144154186501114,-0.00014276140565992688,-0.7091193085020555
12,120,0.01,0,0.2,2.5,1,-0.7328290147945056,-0.28137737986667954,-0.7452483408951083,-1.1026653166876077,1364,815,549,0.011961255931872847,0.09139959695768056,0.0516804264447767,0.039719170512903856,-0.024061953354127308,-0.4584607348131896,-0.00017050226633886028,-0.7091348161486141
30,200,0.01,0,-0.2,1.5,1,-0.7316465149818324,-0.28058245080932465,-0.7727660921962729,-0.844591414615379,1696,1026,670,0.026392771240980304,0.17161801989208866,0.09900539556653448,0.07261262432555418,-0.19218005568697238,-0.22417014078021724,-4.419991460620357e-05,-0.70919506763823
48,200,0.0,0,0.2,0.75,1,-0.7204184751267791,-0.27316231662678114,-0.7461271569020538,-1.260580646385344,1231,723,508,0.011701228629006046,0.07898329324579081,0.045342260937398425,0.03364103230839238,-0.24360227292520453,-0.31587831446871306,-0.00022174966268707834,-0.7092549273970752
12,60,0.01,0,-0.2,1.5,1,-0.7179982661455785,-0.27159227051560575,-0.7790971036649688,-0.9660283527406565,1372,858,514,0.027302866801014108,0.13332899954495223,0.08031593317298316,0.05301306637196906,-0.0006071169444997748,-0.4395768755253403,-9.736798870855369e-05,-0.709442239985123
48,200,0.01,0,0.2,2.5,1,-0.7367399550616631,-0.28402541991545405,-0.7489125135086494,-1.0251372553346798,1543,910,633,0.01267633101475655,0.1042709484495872,0.05847363973217188,0.04579730871741533,-0.007602567474730315,-0.4260932875099023,-0.0001191544076791035,-0.7097385394365128
12,96,0.0,0,0.0,0.75,1,-0.7187238773813865,-0.27206192771759663,-0.7525319114987662,-1.2341109160937116,1215,722,493,0.013456412923356953,0.08847428980042904,0.050965351361893,0.037508938438536046,-0.19488111684206288,-0.3585353439177864,-0.00019755643823819247,-0.7100334292716652
48,200,0.0025,0,0.2,0.75,1,-0.7225832289901158,-0.2745752989472693,-0.7425399369204413,-1.28959074375059,1148,680,468,0.011376194500422545,0.07339270623415459,0.042384450367288565,0.031008255866866022,-0.2890758569728724,-0.30712191709295467,-0.0002618494554896883,-0.7103248045950195
48,60,0.0025,0,0.0,0.75,1,-0.7214522807156281,-0.27383607719381964,-0.747345833043181,-1.256997810016525,1147,686,461,0.013716440226223753,0.08496392121172723,0.049340180718975495,0.035623740492751736,-0.26249892435427,-0.32970323731909423,-0.00022320815147359443,-0.7103588842162364
20,120,0.005,1,-0.2,2.5,1,-0.720931840574302,-0.27349665764260267,-0.7713659699103698,-1.0255307660613586,985,566,419,0.009621010206071638,0.09731521809790028,0.053468114151985956,0.043847103945914324,0.22153550370304287,-0.6261066710181987,-0.00020551679502161602,-0.7104561809008555
20,120,0.0025,1,-0.2,2.5,1,-0.7205531681632695,-0.27324999399039274,-0.7733450494448156,-1.0123427558942009,1060,601,459,0.008840928297471235,0.10479100305532081,0.05681596567639602,0.047975037378924786,0.3105478473940493,-0.6376903116468491,-0.00017787195883605278,-0.7105396565075106
30,200,0.0025,1,-0.2,2.5,1,-0.7193420769626759,-0.2724627790171277,-0.7806023386903596,-0.9565974574079699,1199,685,514,0.009751023857505038,0.11701228629006045,0.06338165507378275,0.05363063121627771,0.29029490000977964,-0.6038013606191509,-0.00013494613236656895,-0.710593821232706
30,200,0.005,1,-0.2,999.0,1,-0.7198003376103727,-0.27276035054682024,-0.7842062874214238,-0.9223164642331303,1169,686,483,0.014919066501982709,0.1155496327114347,0.06523434960670871,0.050315283104725994,0.1559372557637042,-0.5650473776662086,-0.0001383259628731864,-0.7109793174691887
20,96,0.0025,1,-0.2,2.5,1,-0.7218145255454667,-0.2740726059775421,-0.7721091261069846,-1.0306296170838494,1002,572,430,0.009881037508938439,0.09920041604368458,0.05454072677631151,0.04465968926737308,0.2568441670949664,-0.634666948481448,-0.000200040304764095,-0.7116586498852269
48,120,0.0,1,0.0,2.5,1,-0.712586508210618,-0.2681177443734901,-0.7806640609935336,-1.0695341353911696,1123,632,491,0.004680491451602418,0.08652408502892804,0.04560228824026523,0.04092179678866281,0.3364196507708863,-0.6228782034695024,-0.00020046584817372484,-0.7119264816398154
12,60,0.005,1,-0.2,999.0,1,-0.7184585868040475,-0.2718901112255395,-0.7819851882634735,-0.9840018302193843,953,571,382,0.01582916206201651,0.09617759864785802,0.056003380354937266,0.040174218292920755,0.19920272672768813,-0.6218685917653793,-0.00020742334007408145,-0.7120827968682455
48,96,0.01,1,0.0,999.0,1,-0.7162114138006195,-0.2704395673657761,-0.7712783807962378,-1.1206382726155573,873,521,352,0.008515894168887733,0.06916726256256907,0.0388415783657284,0.030325684196840667,0.28635081240166627,-0.658608700433718,-0.0003192424451892341,-0.7121106713946729
30,120,0.005,1,-0.2,999.0,1,-0.7195982499977609,-0.2726290800300345,-0.7837350226622208,-0.9642737632852009,1060,622,438,0.013228889033348502,0.10586361567964636,0.05954625235649743,0.04631736332314893,0.18336648980580272,-0.597380234580543,-0.00017129346536290312,-0.712710279525405
30,120,0.0025,0,-0.2,0.75,1,-0.7256995749473765,-0.27662399275902283,-0.7680584724518886,-1.043449241285094,1382,829,553,0.021484755899369434,0.12686082038614055,0.07417278814275499,0.05268803224338556,-0.25743545985710226,-0.26266506628670905,-0.00011169813267964571,-0.7128256910492219
30,120,0.01,0,0.0,0.75,1,-0.7254815806925199,-0.2764801167871125,-0.7409880063092651,-1.3202859162006122,992,609,383,0.013586426574790353,0.07339270623415459,0.04348956640447247,0.029903139829682117,-0.28789997698136116,-0.3668677683950866,-0.00030228216869710784,-0.7129884157517756
12,120,0.0,0,0.0,0.75,1,-0.7213428667334332,-0.27376468037091384,-0.7553195938879607,-1.2314110842352919,1262,744,518,0.013326399271923552,0.09217967886628096,0.05275303906910225,0.039426639797178704,-0.1690410636501002,-0.36962504074704894,-0.0001838862730336637,-0.7129950315266588
48,60,0.0025,1,-0.2,2.5,1,-0.7236591846361671,-0.2752806758948295,-0.7721661728981944,-1.0444740318702028,971,558,413,0.009751023857505038,0.09679516349216667,0.053273093674835854,0.04352206981733082,0.2158222034141304,-0.6306163524742281,-0.0002130815015802917,-0.7135874639374369
20,200,0.01,0,0.2,2.5,1,-0.7359322658363658,-0.2834761408492902,-0.75502071671699,-1.064814395858049,1491,884,607,0.012708834427614899,0.10098810375089384,0.05684846908925437,0.04413963466163947,0.04416713767953273,-0.4669194673105368,-0.00013394130648105814,-0.7142272190006876
48,120,0.0,0,-0.2,0.75,1,-0.7246343180294952,-0.2759217363702552,-0.7773848996469456,-0.9988592560115177,1505,890,615,0.021354742247936032,0.13843203536371318,0.07989338880582461,0.058538646557888575,-0.14032356946708224,-0.32007169500640376,-8.453891016106869e-05,-0.7145571489943039
48,120,0.0,1,0.0,999.0,1,-0.7146332781126826,-0.26942602393788817,-0.7871537820852245,-1.032093249376123,1196,680,516,0.007183254241695378,0.09292725736202301,0.0500552558018592,0.04287200156016382,0.3684653709453831,-0.6207351773230605,-0.0001728473016926255,-0.7146075774493065
20,96,0.01,0,-0.2,1.5,1,-0.7301516878598999,-0.27958131059934577,-0.7782186122184316,-0.9310475419142716,1503,919,584,0.0263277644152636,0.15003575375414419,0.0881817590847039,0.06185399466944029,-0.09782167322806512,-0.36571967556368634,-7.714808532032235e-05,-0.7152429938042751
48,60,0.01,0,0.2,1.5,1,-0.7301364670186208,-0.2795711380530942,-0.7459078654621868,-1.2713598356803155,1168,711,457,0.011018656958980693,0.07700058506143145,0.04400962101020607,0.032990964051225376,-0.11999159971786688,-0.45001760298519355,-0.0002538750961701106,-0.7160930625682034
30,60,0.01,0,0.2,1.5,1,-0.7258436895475924,-0.27671915531043023,-0.7513491707168873,-1.2742716836890413,1116,682,434,0.011538711564714295,0.07310017551842944,0.04231944354157186,0.03078073197685757,-0.10805020300378232,-0.4629004840243939,-0.00027337425751514024,-0.716107324853326
20,60,0.0025,1,-0.2,2.5,1,-0.722097853999183,-0.27425776706495564,-0.7790510351482602,-1.051826107282563,928,545,383,0.012026262757589548,0.09211467204056425,0.052070467399076906,0.040044204641487356,0.3444831218681954,-0.6712243989354574,-0.00023057109007259492,-0.7163745900032139
12,200,0.0025,1,-0.2,999.0,1,-0.7231766985710857,-0.2749641126497486,-0.790649879466272,-0.9240349716692481,1251,724,527,0.0131638822076318,0.12432555418318923,0.06874471819541052,0.055580835987778715,0.18534770186363647,-0.563407756632335,-0.00012031479215811731,-0.716490800966347
30,60,0.0,0,0.0,0.75,1,-0.7227127244196274,-0.27466008511405304,-0.7574505038315205,-1.267496959393287,1184,705,479,0.013943964116232204,0.08577650653318598,0.049860235324709096,0.03591627120847689,-0.18077016880949126,-0.3880854035947675,-0.00021613876552508754,-0.7167601849994776
12,60,0.0025,1,-0.2,999.0,1,-0.7218020462856569,-0.2740644537706499,-0.787291313497755,-0.983243766557996,1022,608,414,0.01576415523629981,0.10326334265097835,0.05951374894363908,0.043749593707339274,0.21548381340213218,-0.6184207664211574,-0.00018511436247516317,-0.7168722988474272
20,120,0.0025,0,0.0,0.75,1,-0.7274163261259838,-0.27776005273751025,-0.7519674164020894,-1.2652593965868282,1205,716,489,0.013976467529090554,0.08879932392901255,0.05138789572905155,0.037411428199960996,-0.2529526937550256,-0.33337806585971297,-0.0002099910040234731,-0.7170067307678964
12,120,0.01,0,-0.2,1.5,1,-0.7340590072671245,-0.2822070391473671,-0.778255376672164,-0.9304759273499976,1529,934,595,0.0256776961580966,0.1530260677371124,0.0893518819476045,0.0636741857895079,-0.06694132210895742,-0.38768134227808315,-7.510649495829787e-05,-0.7178585238509491
48,120,0.005,1,0.0,2.5,1,-0.7181640505892664,-0.27169949579777164,-0.7815368881324052,-1.117718317049915,958,554,404,0.005720600663069622,0.07462783592277189,0.040174218292920755,0.034453617629851135,0.19664228349758317,-0.6197133105470016,-0.0002795294586253075,-0.7183538557164699
48,200,0.01,1,0.0,999.0,1,-0.7259315196094818,-0.2767771701366477,-0.771259037136238,-1.1264038530254619,974,568,406,0.008060846388870831,0.0760579860885393,0.042059416238705065,0.03399856984983423,0.19754435578258156,-0.6275038492326408,-0.00028111008777618996,-0.7187268813560398
20,120,0.01,0,0.2,2.5,1,-0.7408137847987005,-0.2868152969845432,-0.752181848834848,-1.1215399163517341,1393,833,560,0.011928752519014497,0.09364233244490672,0.05278554248196061,0.04085678996294611,-0.06724209426938355,-0.44229477330491007,-0.00017115050824050286,-0.7189832172195539
20,60,0.0025,0,0.0,0.75,1,-0.7265868785578903,-0.27721049821239085,-0.752593303507656,-1.3171100631360497,1081,657,424,0.014919066501982709,0.07830072157576545,0.04660989403887408,0.031690827536891376,-0.17844849271895258,-0.4285484337507187,-0.00026612006779849973,-0.7193626531230213
12,120,0.0025,1,-0.2,2.5,1,-0.7278495469500483,-0.27804758382222916,-0.7807953053279838,-1.0384365529550406,1050,601,449,0.009425989728921537,0.1040759279724371,0.05675095885067932,0.047324969121757786,0.3319093350341251,-0.6545413894109043,-0.0001890577926961813,-0.720367064133973
48,96,0.01,1,0.0,2.5,1,-0.7238502981871308,-0.27540618170542674,-0.7716773512529337,-1.1896222250669415,824,488,336,0.0065656893973867255,0.06487681206526685,0.03572125073132679,0.029155561333940063,0.19221549053770048,-0.650245031979613,-0.00037023423592960766,-0.7207259685852407
30,200,0.0025,1,-0.2,999.0,1,-0.7276407728667847,-0.27790897649441393,-0.7926155864991767,-0.9328511370453574,1274,735,539,0.013326399271923552,0.1260482350646818,0.06968731716830268,0.05636091789637912,0.2708922825806086,-0.5947265811621422,-0.00011949434907513026,-0.7208593265962702
30,200,0.0025,0,-0.2,0.75,1,-0.7335280339690955,-0.2818485328700545,-0.7781274722603059,-1.0012074623036098,1493,890,603,0.023142429955145292,0.13735942273938764,0.08025092634726647,0.05710849639212117,-0.2135704847309774,-0.28505335974477697,-9.269255318987775e-05,-0.7209726421153879
30,96,0.01,1,0.0,999.0,1,-0.727340505685099,-0.2777097655173868,-0.7693953834108952,-1.1731726240349665,853,510,343,0.008905935123187934,0.06728206461678476,0.03809399986998635,0.029188064746798414,0.2393061145664246,-0.6629339970213868,-0.0003534921979610475,-0.7210660884245828
30,96,0.0,1,0.0,999.0,1,-0.7265502443889698,-0.2771862549004861,-0.7795774469646461,-1.0971034378438447,1115,631,484,0.007248261067412078,0.08701163622180329,0.047129948644607685,0.0398816875771956,0.3430953703616848,-0.6444092860326297,-0.00021774530923375385,-0.7218301502750014
48,96,0.0,1,0.0,2.5,1,-0.7246271260906082,-0.27591700210741743,-0.7803020398045356,-1.1237084916868934,1080,604,476,0.004225443671585516,0.08333875056880972,0.04378209712019762,0.0395566534486121,0.35395787539781787,-0.6509451522886377,-0.00023421628014703207,-0.72225344659403
12,60,0.0,1,0.0,999.0,1,-0.7237598696368164,-0.2753467884338917,-0.7843103423143509,-1.0969466060763875,1069,623,446,0.009718520444646687,0.08324124033023468,0.04647988038744068,0.036761359942793996,0.2706639703499656,-0.6289396865247614,-0.00023345195128690382,-0.7223492898948866
30,96,0.0,1,0.0,2.5,1,-0.7279141786242582,-0.2780905096337315,-0.7748911004889234,-1.1503550621701057,1045,586,459,0.004778001690177469,0.08077098095300006,0.04277449132158877,0.0379964896314113,0.30769641149284066,-0.649107088995301,-0.0002547431656019994,-0.7230538129866985
48,96,0.0,1,0.0,999.0,1,-0.7254326629065485,-0.27644784286840873,-0.785901461241442,-1.0799333497922647,1149,650,499,0.006728206461678476,0.0894818955990379,0.04810505103035819,0.04137684456867971,0.38638936260609835,-0.6481737572348175,-0.00020300073934534385,-0.723395240978743
48,60,0.005,1,-0.2,2.5,1,-0.7319783077893958,-0.2808052312483932,-0.7766392043423511,-1.0858780133504118,905,525,380,0.01023857505038029,0.09013196385620491,0.050185269453292596,0.039946694402912306,0.12974929669255264,-0.6269601187137499,-0.0002528432563093418,-0.7234187340870893
12,60,0.01,1,0.0,999.0,1,-0.7252335217680681,-0.27631650231073723,-0.7757522091651906,-1.1857019626804417,794,480,314,0.009881037508938439,0.06273158681661574,0.03630631216277709,0.026425274653838652,0.2093159490836931,-0.6620270098353254,-0.0003924086016122665,-0.7234777050273546
48,60,0.0025,1,-0.2,999.0,1,-0.7316904169767768,-0.2806119167024411,-0.7850134761392489,-1.0160586066616142,1038,604,434,0.013196385620490152,0.10505103035818761,0.05912370798933888,0.04592732236884873,0.18451544940128706,-0.6193282405218721,-0.00019072025293107394,-0.7239215851051463
20,96,0.005,1,-0.2,2.5,1,-0.7321205284938787,-0.2809007878576292,-0.7782921426126348,-1.077550006203249,937,540,397,0.010563609178963792,0.09279724371058962,0.0516804264447767,0.04111681726581291,0.16660904072743632,-0.6331133204610288,-0.0002394396727846047,-0.723924359474109
12,96,0.01,1,0.0,999.0,1,-0.7286871775037007,-0.27860449840942814,-0.7726186353161351,-1.182611932206454,837,499,338,0.009328479490346486,0.0661444451667425,0.037736462328544496,0.02840798283819801,0.21245933127481686,-0.6599045411426139,-0.00036634353485095973,-0.7240444126778184
30,200,0.01,0,0.2,2.5,1,-0.744956729294376,-0.2896864267769106,-0.7612434292437154,-1.0849676119519462,1512,893,619,0.012546317363323149,0.1023207436780862,0.05743353052070468,0.04488721315738153,0.0004598479124675592,-0.45697110040210154,-0.00013899009280427376,-0.7245565219963656
12,120,0.005,1,-0.2,2.5,1,-0.7317014366127964,-0.28061931336699675,-0.7817150963842723,-1.0646865816776125,976,563,413,0.010173568224663589,0.09669765325359163,0.05343561073912761,0.04326204251446402,0.23092590257079615,-0.644879989148925,-0.0002217881248311278,-0.7247111906430135
20,96,0.0025,0,0.0,0.75,1,-0.7325774578404416,-0.2812080515323372,-0.7570980773096874,-1.3031959879492188,1156,692,464,0.014399011896249106,0.08525645192745238,0.04982773191185075,0.035428720015601635,-0.2580072699447491,-0.35748488344724305,-0.0002363785284748962,-0.7249168895846418
20,120,0.005,1,-0.2,999.0,1,-0.7337639384940237,-0.282007746371282,-0.7872753845567786,-1.0138797418513,1055,615,440,0.013098875381915101,0.10527855424819606,0.05918871481505558,0.04608983943314048,0.1868446663761365,-0.6197925446914545,-0.00018932376801157554,-0.7263394257422363
20,96,0.01,0,0.2,2.5,1,-0.7462929440631798,-0.2906199004673665,-0.7558017794515611,-1.1603396407134177,1335,806,529,0.012578820776181499,0.0894168887733212,0.05099785477475135,0.03841903399856985,-0.03474486288810985,-0.4875464715066068,-0.00019901938745637703,-0.726537772228818
48,120,0.005,1,0.0,999.0,1,-0.7249069992152277,-0.2761013035926122,-0.7914294190816326,-1.0992022545453535,1019,596,423,0.008450887343171032,0.08015341610869141,0.04430215172593122,0.03585126438276019,0.22482823822846076,-0.6261195768229468,-0.00025409951610937863,-0.7267761258606962
20,60,0.01,0,0.2,1.5,1,-0.7376740554524941,-0.2846622441022446,-0.7523320305624926,-1.3370492271104248,1087,668,419,0.011831242280439446,0.07072742637976988,0.04127933433010466,0.029448092049665215,-0.11607812511084847,-0.48887697681805065,-0.0003104977025801409,-0.7276807207390121
20,96,0.0,1,0.0,2.5,1,-0.7323084816628712,-0.28102712999292,-0.7770730640244974,-1.1708979212123858,1023,574,449,0.005298056295911071,0.07921081713579926,0.042254436715855166,0.0369563804199441,0.29090068752494114,-0.654109240202152,-0.00027130110576423255,-0.728108558065788
12,96,0.0,1,0.0,999.0,1,-0.7312383332040202,-0.28030866251563313,-0.7844319011269464,-1.115940227131985,1113,636,477,0.008613404407462784,0.0864915816160697,0.047552493011766235,0.03893908860430345,0.30010854406738385,-0.6393108868806034,-0.00022610481682523386,-0.7283216244357055
20,120,0.0025,1,-0.2,999.0,1,-0.7349855661414388,-0.282833926928295,-0.7905776899391992,-1.006462738585225,1132,650,482,0.012253786647597997,0.11333940063706689,0.06279659364233245,0.05054280699473445,0.27660717325364037,-0.6343341543941597,-0.00016524087571247488,-0.7284459088271559
30,120,0.005,0,0.0,0.75,1,-0.7335879467011384,-0.2818889583501377,-0.7645109258455778,-1.2900539297748819,1114,671,443,0.013976467529090554,0.08268868231164272,0.04833257492036664,0.034356107391276085,-0.27294086261779693,-0.3603437392147697,-0.0002523885914347368,-0.7286471177616707
20,96,0.0025,1,-0.2,999.0,1,-0.7357089667315524,-0.2833245057904419,-0.789584951870673,-1.0219590957203473,1070,618,452,0.013196385620490152,0.10765130338685562,0.060423844503672886,0.047227458883182735,0.22551814102686651,-0.631728306815436,-0.00018522689580221903,-0.7292149365117957
12,60,0.0,1,0.0,2.5,1,-0.7293040109007392,-0.2790154364562665,-0.7837996752241789,-1.1677046752711515,998,576,422,0.0070857440031203275,0.0769030748228564,0.04199440941298836,0.034908665409868034,0.2482438892397738,-0.6427686909737402,-0.0002806710430468657,-0.7293005078319135
20,96,0.0,1,0.0,999.0,1,-0.7330735607963226,-0.2815421035882526,-0.7834235335690497,-1.124188862876663,1095,620,475,0.00773581226028733,0.08554898264317753,0.04664239745173243,0.0389065851914451,0.32630172668785495,-0.6519954271430279,-0.00023475372726231697,-0.7294633135166106
20,60,0.005,1,-0.2,2.5,1,-0.7341798960269335,-0.2822887366489214,-0.785413905348784,-1.1049331454036944,867,513,354,0.01261132418903985,0.08613404407462784,0.04937268413183384,0.036761359942793996,0.24136571960802478,-0.6696290777829319,-0.00027582545106896326,-0.7302423465934981
48,120,0.0025,1,0.0,2.5,1,-0.7285692876610037,-0.2785260392392771,-0.7892758214726497,-1.1430116484861306,1049,595,454,0.004973022167327569,0.08142104921016707,0.04319703568874732,0.03822401352141975,0.21625732643623685,-0.6228814123576141,-0.0002520829826810476,-0.7303145323999084
48,200,0.0,1,0.0,999.0,1,-0.7345092144263846,-0.28251143378800103,-0.7889730913806092,-1.0759912199836303,1334,753,581,0.008093349801729181,0.10183319248521094,0.05496327114347006,0.04686992134174088,0.32301646711334553,-0.608951103210812,-0.00015694244839835507,-0.7307975404774871
20,60,0.0025,1,-0.2,999.0,1,-0.7337202448618737,-0.2819782492763848,-0.7942498776147198,-1.0342303175605883,995,590,405,0.015504127933433011,0.10033803549372684,0.057921081713579924,0.04241695378014691,0.3186593546575336,-0.6678600874236225,-0.00021006404712947216,-0.7308147039617741
48,60,0.005,1,-0.2,999.0,1,-0.7379917298715636,-0.28487920641754383,-0.7875842230385801,-1.0494775057356318,970,571,399,0.013781447051940454,0.09783527270363389,0.055808359877787164,0.04202691282584672,0.09876237480160133,-0.6126561009388848,-0.00022501915981538716,-0.7311451932236155
12,120,0.0025,1,-0.2,999.0,1,-0.7365785582996771,-0.2839155591482563,-0.793332947978854,-1.0121308915402398,1123,651,472,0.012903854904765,0.11275433920561659,0.0628290970551908,0.04992524215042579,0.29016479412739016,-0.6419668235428204,-0.0001691603275161377,-0.7311885777146953
30,96,0.01,1,0.0,2.5,1,-0.7358422103545464,-0.2834149755793869,-0.7708061724733946,-1.2492828352709076,802,477,325,0.007020737177403627,0.06292660729376584,0.03497367223558474,0.027952935058181107,0.1486135298858271,-0.6565329072409988,-0.00041155529552700654,-0.7312822035796296
20,200,0.01,1,0.0,999.0,1,-0.7334742670625234,-0.28181226002123316,-0.7829847086586459,-1.163986082434194,936,556,380,0.008808424884612885,0.07362023012416304,0.041214327504387964,0.03240590261977508,0.18438281869759465,-0.6406251385510886,-0.0003120288800643214,-0.7315039184722658
12,60,0.0025,0,0.0,0.75,1,-0.7356004476206282,-0.2832508487176365,-0.7604676646581429,-1.3848323987131865,1071,657,414,0.014659039199115906,0.07661054410713125,0.04563479165312358,0.03097575245400767,-0.24970835094436528,-0.3979210292922689,-0.0002900519209763544,-0.7327263009823672
12,120,0.005,1,-0.2,999.0,1,-0.7387557971420331,-0.28540185069610713,-0.7927644615602719,-1.031828090331174,1047,613,434,0.013716440226223753,0.10479100305532081,0.05925372164077228,0.045537281414548526,0.1892846785340565,-0.6291734193407638,-0.00019740708972882233,-0.7333754859928018
48,96,0.005,1,0.0,2.5,1,-0.7334019817949391,-0.2817635027466521,-0.7848948240269112,-1.186757413309088,924,529,395,0.00520054605733602,0.07215757654553728,0.038679061301436654,0.03347851524410063,0.2094120230434331,-0.650073475478934,-0.00032297795140019453,-0.733548785425562
20,96,0.01,1,0.0,999.0,1,-0.7379905521171827,-0.2848784016817184,-0.7774096166945407,-1.2183588894033441,837,497,340,0.008873431710329584,0.0663394656438926,0.0376064486771111,0.028733016966781513,0.22752873000858176,-0.6755984053546122,-0.00038238786686648954,-0.7345011544991559
12,96,0.0,1,0.0,2.5,1,-0.7361064199393357,-0.2835944698908872,-0.7834899995149228,-1.1851499236012328,1040,589,451,0.006143145030228174,0.08005590587011636,0.04309952545017227,0.0369563804199441,0.27161074320230005,-0.650888428296756,-0.0002707844436904558,-0.7345969658284102
12,120,0.0025,0,0.0,0.75,1,-0.7404481772168101,-0.28656358102717994,-0.762995600689886,-1.3316951080703994,1178,702,476,0.014041474354807255,0.08652408502892804,0.050282779691867646,0.03624130533706039,-0.24007893326972873,-0.38437107048731023,-0.00023977730379890863,-0.7346461367756429
12,60,0.005,1,0.0,2.5,1,-0.7332587020503806,-0.2816668881342387,-0.7851454371429841,-1.2152977989040905,848,502,346,0.00776831567314568,0.06601443151530911,0.036891373594227395,0.029123057921081715,0.20010195971815303,-0.6603285649467816,-0.00037413742456603367,-0.7350044966509354
12,96,0.0025,0,0.0,0.75,1,-0.7404499168375889,-0.28656477810339576,-0.7625288770098633,-1.3456789601674977,1136,685,451,0.014301501657674055,0.08301371644022622,0.04865760904895014,0.034356107391276085,-0.26953659875367675,-0.3728612048294303,-0.00025896124528679407,-0.7351131646167023
20,200,0.005,0,0.0,0.75,1,-0.7391754932349834,-0.2856894228106349,-0.7718489445372377,-1.2703533985365087,1179,710,469,0.01537411428199961,0.0879217317818371,0.05164792303191835,0.03627380874991874,-0.22936567392987794,-0.3896475845332422,-0.00023065321333042997,-0.7351315650060792
12,60,0.005,1,0.0,999.0,1,-0.7339873251273836,-0.2821586089844548,-0.7903685201802642,-1.1688003104791507,910,544,366,0.010531105766105442,0.07163752193980367,0.04108431385295456,0.03055320808684912,0.22227027338372696,-0.656925461764012,-0.00032772171727011364,-0.7357828845985444
30,60,0.0025,1,-0.2,2.5,1,-0.7392230936605269,-0.2857220601062236,-0.7898300293822305,-1.1152266087306784,933,543,390,0.011473704738997595,0.09247220958200611,0.051972957160501855,0.040499252421504255,0.33010450926092694,-0.6873687368163031,-0.00025143576945685917,-0.7363984052338728
48,60,0.0,1,0.0,999.0,1,-0.7383986794067734,-0.28515742932818966,-0.7882115744177406,-1.1534923727604127,1066,609,457,0.00783332249886238,0.08317623350451797,0.04550477800169018,0.0376714555028278,0.2789132842386495,-0.6513933387426338,-0.00025580425352945865,-0.7369378351750806
30,60,0.0025,0,0.0,0.75,1,-0.7400670482438649,-0.2863014616115447,-0.7656655648455555,-1.3634958238146695,1106,668,438,0.014724046024832608,0.08057596047584996,0.047650003250341286,0.03292595722550868,-0.2511638192395814,-0.396469213397858,-0.0002733905827598344,-0.7373090352250559
30,96,0.005,1,0.0,2.5,1,-0.7392683504624358,-0.28575309463497167,-0.7812410521858066,-1.224284848399751,901,519,382,0.005850614314503023,0.07014236494831957,0.0379964896314113,0.032145875316908275,0.18118631813138153,-0.6536031474519722,-0.0003491940705505051,-0.7375878631478625
30,120,0.01,0,-0.2,1.5,1,-0.7524620856879994,-0.29497805951244715,-0.7892723517034399,-0.9609934204913015,1588,966,622,0.025515179093804848,0.15994929467594096,0.0927322368848729,0.06721705779106807,-0.18799220757363877,-0.32547572279602244,-7.853164324164383e-05,-0.7376639063887321
48,60,0.01,1,0.0,999.0,1,-0.7404600678169799,-0.28657176336409906,-0.7789897392581199,-1.2385373680510119,820,493,327,0.009035948774621336,0.06455177793668335,0.036793863355652344,0.02775791458103101,0.16844041917679098,-0.6652636451110983,-0.0004029886206685196,-0.7379935013957096
48,96,0.0,0,0.0,0.75,1,-0.7419603041776294,-0.28760639046558867,-0.7746042930942956,-1.2619436516122533,1309,762,547,0.0130338685561984,0.09656763960215822,0.05480075407917832,0.04176688552297991,-0.20340637597975975,-0.3766004006277852,-0.0001906112129607502,-0.7380057195933492
48,60,0.01,0,-0.2,1.5,1,-0.7547673587513424,-0.29662751206306737,-0.7828142435922643,-1.014904113416945,1488,909,579,0.0256126893323799,0.14893063771696027,0.08727166352467008,0.06165897419229019,-0.1371886168196651,-0.40178360718192685,-0.00010045455935391857,-0.7387798395300468
20,60,0.01,1,0.0,999.0,1,-0.7384008307034333,-0.2851589009867136,-0.7832306342675162,-1.2425570179501002,783,474,309,0.01010856139894689,0.06152896054085679,0.03581876096990184,0.02571019957095495,0.22743726790464414,-0.6847131441452539,-0.000429522676165128,-0.7389020690179767
20,96,0.005,1,-0.2,999.0,1,-0.7439801333798814,-0.2890064975767871,-0.7938657839627042,-1.0616699037558655,1003,586,417,0.013943964116232204,0.10066306962231034,0.05730351686927127,0.04335955275303907,0.13461112461619318,-0.6273683152261263,-0.0002201212129576321,-0.7390228847459325
12,200,0.01,1,0.0,999.0,1,-0.7396388894168401,-0.28600734108236914,-0.7880041763906614,-1.1876770503918566,933,554,379,0.008645907820321133,0.07339270623415459,0.04101930702723786,0.032373399206916724,0.18007334198033176,-0.6481835371049678,-0.00032406748520311416,-0.7393932817972928
20,200,0.01,0,0.0,0.75,1,-0.7462988621866012,-0.29062404303114253,-0.7617774484585468,-1.370291402710147,1039,636,403,0.014529025547682506,0.07719560553858155,0.045862315543132026,0.03133328999544952,-0.2507694679202782,-0.43064996193496086,-0.000308430147753726,-0.7400273373959233
48,96,0.005,1,0.0,999.0,1,-0.7386125458857835,-0.2853037754618927,-0.7937136622945353,-1.161336336730772,983,571,412,0.00799583956315413,0.0774881362543067,0.04274198790873042,0.03474614834557629,0.23942932341273404,-0.6551961617952093,-0.00029293162988061004,-0.7402274234456989
12,60,0.01,1,0.0,2.5,1,-0.7387653548620782,-0.28540839570768217,-0.7812805919493679,-1.2859994983588134,742,447,295,0.008093349801729181,0.05827861925502178,0.03318598452837548,0.025092634726646298,0.12081804866283452,-0.6622003431274583,-0.0004696452612291148,-0.7403486666003068
48,200,0.005,1,0.0,999.0,1,-0.7415017153427771,-0.28728965054546374,-0.7926734270531322,-1.135887005681377,1122,650,472,0.009230969251771436,0.08710914646037834,0.04817005785607489,0.03893908860430345,0.19149950789847492,-0.6197546317009774,-0.00023593231842556354,-0.7404207143560987
12,96,0.01,1,0.0,2.5,1,-0.7420489232810952,-0.2876676468969095,-0.7782242701243155,-1.2812289619539519,785,466,319,0.007540791783137229,0.061691477605148544,0.03461613469414288,0.027075342911005655,0.12373139773122488,-0.6600789629669565,-0.0004374259460979091,-0.7408412300567648
48,200,0.0025,0,-0.2,0.75,1,-0.7502266543250926,-0.29338954078435653,-0.7912597040493143,-1.0384486375705275,1534,913,621,0.02330494701943704,0.1409673015666645,0.08213612429305077,0.05883117727361373,-0.27848675194036976,-0.2544290934804263,-9.926228660996044e-05,-0.7409418246875401
12,200,0.01,0,0.2,2.5,1,-0.7552210409695539,-0.2969534952249847,-0.7738644166057083,-1.147162893003371,1476,873,603,0.012253786647597997,0.09942793993369303,0.05584086329064552,0.04358707664304752,-0.10156374117317901,-0.4299981115854311,-0.00016425239846586568,-0.7412438481780074
48,60,0.0,1,0.0,2.5,1,-0.7422383724777153,-0.2877986533282716,-0.785815114592438,-1.2189401106849294,997,564,433,0.005298056295911071,0.07700058506143145,0.04114932067867126,0.03585126438276019,0.2452059245495264,-0.6591784649766017,-0.00030135570023166286,-0.741653216158737
48,200,0.01,1,0.0,2.5,1,-0.7442832934319419,-0.2892173563717688,-0.7810544723176993,-1.239341326824977,921,535,386,0.006208151855944874,0.07127998439836183,0.03874406812715335,0.03253591627120848,0.09200239640442787,-0.6288254978143661,-0.00034750558598741713,-0.7417116588718673
30,120,0.01,1,0.0,999.0,1,-0.7396242230768633,-0.28599727257384167,-0.7909377824248495,-1.2075872764164752,884,526,358,0.008483390756029384,0.06965481375544433,0.03906910225573685,0.030585711499707468,0.2527060342271452,-0.6765869232799071,-0.0003546593567565148,-0.7418455276070902
30,96,0.005,1,0.0,999.0,1,-0.7423290323652105,-0.28786137128437683,-0.7892046066425622,-1.18912032910414,961,560,401,0.008613404407462784,0.07557043489566405,0.04209191965156341,0.03347851524410063,0.21418747412433925,-0.6568291221322262,-0.00031244545847397055,-0.741919691060865
20,96,0.01,1,0.0,2.5,1,-0.7441963265080835,-0.28915684856674195,-0.7770598211422419,-1.288244623425698,785,464,321,0.007053240590261978,0.06191900149515699,0.03448612104270948,0.027432880452447506,0.1376980158810106,-0.667046956019173,-0.0004400565685484558,-0.7420989903091478
48,96,0.0025,1,0.0,2.5,1,-0.7411071843456358,-0.28701749125646114,-0.789875060134553,-1.203462380288084,1005,567,438,0.004680491451602418,0.0783332249886238,0.04150685822011311,0.03682636676851069,0.22828213464682978,-0.6515749128658671,-0.0002918736176300286,-0.7421281403381419
48,120,0.0025,1,0.0,999.0,1,-0.7380136782930575,-0.28489420382766506,-0.801210260617671,-1.1343636807679256,1117,639,478,0.00763830202171228,0.0873366703503868,0.04748748618604953,0.039849184164337255,0.2515522994200472,-0.6340314699163441,-0.00023217536425042747,-0.7422175181748968
20,120,0.01,1,0.0,999.0,1,-0.7439343218235333,-0.2889746502622371,-0.7840039590431213,-1.2279518211465352,878,521,357,0.008418383930312683,0.06919976597542742,0.03880907495287005,0.03039069102255737,0.23300595053522355,-0.6778269887346968,-0.00036655087416479317,-0.7423742208411246
12,120,0.01,1,0.0,999.0,1,-0.7435394185699877,-0.28870029805227615,-0.7851725307314085,-1.2284786951970188,866,513,353,0.008548397581746083,0.06867971136969382,0.03861405447571995,0.030065656893973867,0.21837077868803578,-0.6754080934042934,-0.00037161758655428114,-0.7427104981778313
30,96,0.0025,1,0.0,2.5,1,-0.7439142236737799,-0.28896067976231576,-0.7844614549291975,-1.2304737759975641,970,550,420,0.0052330494701943705,0.07550542806994734,0.040369238770070856,0.03513618929987649,0.19224199408234632,-0.6510955231783517,-0.0003163312380827564,-0.7427150960267928
20,60,0.005,1,-0.2,999.0,1,-0.7443309171024703,-0.28925049738854114,-0.7992170950035582,-1.0813763775696967,932,558,374,0.015959175713449913,0.09396736657349021,0.05496327114347006,0.039004095430020154,0.21439620907511903,-0.6644558654984689,-0.00025016377437056,-0.742927863768805
30,200,0.01,1,0.0,999.0,1,-0.7437368004481779,-0.2888373860832537,-0.7902342212309501,-1.1987691138891463,950,561,389,0.008645907820321133,0.07436780861990509,0.04150685822011311,0.03286095039979198,0.19833647242361652,-0.6560867287516932,-0.00032263939081480044,-0.7438929523931861
30,60,0.0025,1,-0.2,999.0,1,-0.7453439084370221,-0.28995653039623726,-0.8005392322040497,-1.0780115987299164,1000,587,413,0.014919066501982709,0.10066306962231034,0.057791068062146525,0.04287200156016382,0.30410766764623,-0.6780101611329963,-0.00022327172560495783,-0.7441267264347579
20,120,0.0,1,0.0,2.5,1,-0.7450647341562056,-0.28976174211507155,-0.7899171570016418,-1.206008042512909,1081,605,476,0.004647988038744068,0.08337125398166807,0.04400962101020607,0.039361632971462,0.29725801169822463,-0.662558551816863,-0.0002644711497149361,-0.745020722741538
30,120,0.0,1,0.0,2.5,1,-0.7423172729605505,-0.28785323526648987,-0.7956549115803894,-1.1904678072986998,1091,612,479,0.0044854709744523175,0.08405382565169343,0.044269648313072875,0.03978417733862055,0.3112135198982686,-0.6608601873653667,-0.0002558734018672672,-0.7452040814216196
20,200,0.01,1,0.0,2.5,1,-0.7453228522972947,-0.28994183331497814,-0.7872677712745623,-1.2534444962692324,883,523,360,0.007053240590261978,0.06900474549827731,0.03802899304426965,0.03097575245400767,0.09906675967348733,-0.6396248227002193,-0.0003706778136088591,-0.7462479437657209
20,120,0.0,1,0.0,999.0,1,-0.7462229731467525,-0.2905709277661408,-0.7955528767063583,-1.160476753024652,1154,652,502,0.007118247415978678,0.0897419229019047,0.04843008515894169,0.04131183774296301,0.32897487671592507,-0.6599160642824649,-0.00023044861993868772,-0.7463712037705527
20,60,0.01,1,0.0,2.5,1,-0.7445968875197815,-0.2894356696936764,-0.7828899863074306,-1.314889830970459,731,441,290,0.008288370278879282,0.05710849639212117,0.03269843333550023,0.024410063056620947,0.13761324698588617,-0.6764019655984317,-0.0004956975257773991,-0.7466251543959146
48,200,0.0,1,0.0,2.5,1,-0.7472480316125103,-0.29128938153376904,-0.7944474035605971,-1.171313309883568,1258,704,554,0.005330559708769421,0.09484495872066567,0.050087759214717545,0.04475719950594812,0.25658734146955453,-0.6226525576098317,-0.0002021167045733599,-0.747078748808246
20,60,0.0,1,0.0,999.0,1,-0.7441900149410392,-0.2891524578530088,-0.7973879831951696,-1.18569278206402,1038,601,437,0.009360982903204836,0.08041344341155822,0.04488721315738153,0.035526230254176686,0.33886843716711157,-0.6789040754244327,-0.00028015479301260747,-0.7471310885537946
12,60,0.0025,1,0.0,2.5,1,-0.7435250942149534,-0.2886903524080089,-0.7927145532880462,-1.242826836484276,916,536,380,0.007508288370278879,0.07108496392121173,0.039296626145745306,0.03178833777546643,0.15265326976986593,-0.6481943512762358,-0.0003488130386343014,-0.7471889708762458
30,120,0.0,1,0.0,999.0,1,-0.7440355332733537,-0.2890450162265873,-0.8016105653635157,-1.1477325822655897,1164,659,505,0.006890723525970227,0.09048950139764675,0.04869011246180849,0.04179938893583826,0.34381508728616383,-0.6590719245017298,-0.00022331885472513677,-0.7472369280216247
12,60,0.01,0,0.2,999.0,1,-0.7541169435780358,-0.29616095861467606,-0.7812865994019746,-1.2097695564639575,1264,798,466,0.015861665474874862,0.08431385295456023,0.050087759214717545,0.034226093739842686,-0.022925467586149217,-0.5264741815197771,-0.00023830588946451646,-0.7472927361388613
20,60,0.0,1,0.0,2.5,1,-0.745082350807778,-0.28977402905379734,-0.7927684490788369,-1.2418839363486154,968,555,413,0.0067932132873951764,0.07420529155561334,0.040499252421504255,0.03370603913410908,0.303131973114928,-0.6825593054893335,-0.0003248632465315049,-0.7482524504106466
12,96,0.01,0,0.2,999.0,1,-0.7592568929177823,-0.2998734880669901,-0.7795836944402116,-1.1723342366340888,1378,853,525,0.015699148410583112,0.09305727101345641,0.05437820971201976,0.038679061301436654,-0.0905797134224613,-0.4726572815171114,-0.00019918328922030433,-0.7482820471188003
12,200,0.01,0,0.0,0.75,1,-0.7519754733058631,-0.2946313552061308,-0.7671077232716372,-1.4116946409911408,1029,629,400,0.014073977767665604,0.07596047584996425,0.045017226808814925,0.03094324904114932,-0.3159882732348648,-0.39335939951918597,-0.00032626292566035394,-0.7487699488915065
30,120,0.01,1,0.0,2.5,1,-0.7455793234752175,-0.29012091098980197,-0.790434638938116,-1.2750509589230072,832,493,339,0.006728206461678476,0.065169342780992,0.03594877462133524,0.029220568159656762,0.1610328416610085,-0.667784734526179,-0.0004075108681587846,-0.7490907784050104
12,60,0.0025,1,0.0,999.0,1,-0.7455008040810536,-0.29006607147293806,-0.7989156011341491,-1.2008629466278422,984,581,403,0.01036858870181369,0.07700058506143145,0.04368458688162257,0.03331599817980888,0.18061979683514928,-0.6473834642777965,-0.0003069826499363222,-0.7495670193714047
12,96,0.005,1,0.0,999.0,1,-0.7479603185510185,-0.2917899039940465,-0.7960408397710218,-1.212911099705461,954,561,393,0.009783527270363388,0.07492036663849705,0.04235194695443022,0.032568419684066825,0.18164634838512805,-0.6562903863979109,-0.00032642743640790104,-0.7504558788648305
20,120,0.01,1,0.0,2.5,1,-0.7504259106138692,-0.29353070052233343,-0.7840336753532835,-1.2988752066521632,826,488,338,0.006598192810245076,0.0647793018266918,0.03568874731846844,0.029090554508223364,0.14277441268816404,-0.6698985254328889,-0.0004214484615799526,-0.7504912985315834
30,96,0.0025,1,0.0,999.0,1,-0.7497387138835782,-0.293044223787186,-0.7947775365162603,-1.2060176320336347,1037,593,444,0.007930832737437431,0.08132353897159202,0.04462718585451472,0.03669635311707729,0.23209570198169227,-0.658817118639999,-0.00028588725626422373,-0.7507338736469977
20,96,0.0025,1,0.0,2.5,1,-0.7502109151949791,-0.2933783942625179,-0.7892652020600313,-1.2605640721908848,945,537,408,0.005785607488786323,0.07378274718845479,0.03978417733862055,0.03399856984983423,0.1818617576347359,-0.6609511797454921,-0.0003405824675751448,-0.7510391989020777
48,200,0.005,1,0.0,2.5,1,-0.7496683380725675,-0.29299446026073483,-0.7947319752751271,-1.2138719899763482,1058,607,451,0.006240655268803224,0.08099850484300851,0.04361958005590587,0.03737892478710265,0.13214332773871074,-0.6246697165962369,-0.00028334472089577324,-0.7510540473971157
20,96,0.005,1,0.0,2.5,1,-0.7495999736503649,-0.2929461290512866,-0.7894138753402735,-1.2692015543409194,884,509,375,0.006305662094519925,0.06910225573685237,0.03770395891568615,0.031398296821166224,0.16609722003327265,-0.6658774580518938,-0.0003777778861261177,-0.7511131444384693
12,96,0.005,1,0.0,2.5,1,-0.7483698393116142,-0.29207815359632905,-0.7918688234319662,-1.2647115046338793,892,519,373,0.007053240590261978,0.06932977962686082,0.0381915101085614,0.03113826951829942,0.15516562193647965,-0.6596997891650538,-0.0003724052795641048,-0.7512481405440061
48,60,0.01,1,0.0,2.5,1,-0.7510013768035939,-0.2939388546922618,-0.7824809395070472,-1.3274728697463518,770,460,310,0.0070857440031203275,0.06026132743938113,0.03367353572125073,0.026587791718130405,0.08293379541782109,-0.6620595103713194,-0.00047171175748290803,-0.7515529679331029
48,96,0.0025,0,0.0,0.75,1,-0.7538212803390769,-0.2959491803606815,-0.7791582779103511,-1.3336765364194865,1227,721,506,0.013748943639082103,0.09097705259052201,0.05236299811480206,0.03861405447571995,-0.27635949199655063,-0.37160324226894836,-0.00023513431600168452,-0.7522121461368313
48,96,0.0025,1,0.0,999.0,1,-0.7489938863096381,-0.29251807891757187,-0.8008859679739293,-1.188297339058083,1071,611,460,0.007410778131703829,0.08405382565169343,0.04573230189169863,0.0383215237599948,0.26548880483094695,-0.661117729878858,-0.0002677227124586869,-0.7523759298574406
48,200,0.0025,1,0.0,999.0,1,-0.752202433056826,-0.2947929972429889,-0.800592456804391,-1.1620403257156513,1239,702,537,0.008353377104595983,0.09533250991354092,0.05184294350906845,0.04348956640447247,0.22464671858325813,-0.6239904027182317,-0.00020901605701418704,-0.753191241930967
30,60,0.01,1,0.0,999.0,1,-0.7504002851730968,-0.2935125418805279,-0.7905698437519371,-1.290667389234648,794,478,316,0.00997854774751349,0.062114021972307094,0.036046284859910294,0.0260677371123968,0.20985386268970574,-0.6931195680057538,-0.00044713850531376357,-0.7533308332182288
30,120,0.01,0,0.2,2.5,1,-0.7654564470128501,-0.3044312690104307,-0.7776000226171184,-1.202660000290588,1416,847,569,0.012286290060456348,0.09556003380354937,0.05392316193200286,0.041636871871546514,-0.10343196281860512,-0.46887390850237587,-0.00019682357205678106,-0.7533642803335193
20,60,0.01,0,-0.2,1.5,1,-0.7618898684233381,-0.3017983187770027,-0.7960690020510652,-1.073535669754328,1399,868,531,0.02808294870961451,0.13696938178508744,0.08252616524735097,0.05444321653773646,-0.07522373530859439,-0.48167021803481413,-0.0001290350492860418,-0.7535096032902517
48,120,0.0025,0,-0.2,0.75,1,-0.7571258329191544,-0.29832710419365993,-0.7974433015970448,-1.130489560195378,1421,848,573,0.021874796853669637,0.13089124358057597,0.0763830202171228,0.054508223363453165,-0.24012147048265053,-0.3494502006191327,-0.00013215028235223506,-0.7535732330019512
12,200,0.01,1,0.0,2.5,1,-0.7512836015855494,-0.2941392834509917,-0.7922467946867618,-1.2781761480975458,880,521,359,0.006923226938828577,0.06880972502112721,0.0378664759799779,0.03094324904114932,0.09475880820965132,-0.6472042599707467,-0.0003836704721696252,-0.7541714881992498
30,60,0.01,0,-0.2,1.5,1,-0.7653475001235016,-0.30435039840084066,-0.7934760570487707,-1.0728245918110562,1437,888,549,0.027237859975297405,0.14138984593382306,0.08431385295456023,0.05707599297926282,-0.12052454499476362,-0.4525807272371738,-0.00012316076379229298,-0.7547296565157788
12,120,0.0,1,0.0,999.0,1,-0.7524572421285729,-0.29497460602974335,-0.8016775491670889,-1.1849716409925244,1151,656,495,0.00770330884742898,0.0898719365533381,0.04878762270038354,0.04108431385295456,0.28182543931343895,-0.656584164007767,-0.00023970471714639441,-0.755061962662914
30,60,0.01,0,0.2,2.5,1,-0.7670646389634612,-0.3056283087856505,-0.7734201401593757,-1.2650955126192953,1265,776,489,0.013131378794773451,0.08405382565169343,0.04859260222323344,0.03546122342845999,-0.10289623642674162,-0.5111757990773005,-0.00026005820481528964,-0.755593154496303
48,120,0.01,0,0.0,0.75,1,-0.7582020844110158,-0.2991067991056233,-0.7718602622550497,-1.4262425788429975,1012,618,394,0.013683936813365404,0.07544042124423064,0.04456217902879803,0.03087824221543262,-0.3004858554218037,-0.4265916451680195,-0.0003423191860124901,-0.756349059175298
30,60,0.0,1,0.0,999.0,1,-0.7521624854934883,-0.29476453831321625,-0.8023281035888186,-1.2212512989741422,1036,594,442,0.009133459013196385,0.08044594682441657,0.044789702918806476,0.03565624390561009,0.34574586149807063,-0.6908104596723752,-0.0002935999646217526,-0.7569911550563326
48,200,0.01,0,0.2,999.0,1,-0.7696869231639207,-0.30759353282739943,-0.7885301097067172,-1.103492576042492,1625,973,652,0.01556913475914971,0.11099915491126568,0.0632841448352077,0.04771501007605799,-0.083988741572397,-0.43327770555950385,-0.00013603861406439322,-0.7570332164828827
20,200,0.0,1,0.0,999.0,1,-0.753027970862924,-0.2953818876994634,-0.8081157809159327,-1.156374029180309,1274,727,547,0.008483390756029384,0.09825781707079244,0.053370603913410905,0.04488721315738153,0.21927401768510846,-0.6169449253794046,-0.00019747660944433116,-0.7572584796164452
30,200,0.0,1,0.0,999.0,1,-0.7534527726529998,-0.29568549170203373,-0.8079398840056473,-1.1535430594883633,1288,734,554,0.008483390756029384,0.09903789897939283,0.05376064486771111,0.04527725411168173,0.28103530832167656,-0.6334825858755624,-0.00019386334242943193,-0.7573325866792755
12,96,0.0025,1,0.0,2.5,1,-0.7538538323466606,-0.29597248743369586,-0.7956420082151296,-1.2756829015966475,960,551,409,0.006630696223103426,0.07436780861990509,0.040499252421504255,0.03386855619840083,0.16097450786105494,-0.6573238501837695,-0.0003410635258195732,-0.7575776366210931
20,96,0.005,1,0.0,999.0,1,-0.7544391780163271,-0.296391986860693,-0.7986377689363956,-1.2399777074140628,945,550,395,0.009003445361762985,0.07459533250991354,0.04179938893583826,0.032795943574075274,0.19867680182368774,-0.6713660408988369,-0.00034127178569007906,-0.7577097566995941
30,60,0.005,1,-0.2,2.5,1,-0.7569779879096371,-0.29822019971252556,-0.800728316864651,-1.1939413737042832,873,514,359,0.012188779821881298,0.08655658844178639,0.04937268413183384,0.037183904309952547,0.18391228347741895,-0.6823542600291099,-0.0003073321620638798,-0.7582814268300652
12,120,0.01,1,0.0,2.5,1,-0.7565857793728403,-0.29793683571105456,-0.7908262128385035,-1.3292125229969294,814,480,334,0.006760709874536827,0.06422674380809985,0.03549372684131834,0.028733016966781513,0.1292102446442076,-0.6761281548559734,-0.0004411230560136752,-0.7598105682801528
48,200,0.0025,1,0.0,2.5,1,-0.7573285549826682,-0.29847376877495346,-0.8001964237751292,-1.2294210481036134,1168,657,511,0.005428069947344471,0.0888318273418709,0.047129948644607685,0.04170187869726321,0.15745916979796526,-0.623985665196126,-0.00024854115035181646,-0.7600430330676988
12,96,0.005,0,0.2,1.5,1,-0.7648124922969951,-0.3039536733671654,-0.776470955956171,-1.3598584953641613,1317,780,537,0.010173568224663589,0.08610154066176949,0.04813755444321654,0.037963986218552945,-0.14964167385809635,-0.4655996703062528,-0.0002474128173599212,-0.760182076113459
12,96,0.0025,1,0.0,999.0,1,-0.7562367870564712,-0.29768498233421437,-0.8021505974953433,-1.2346812519074295,1030,596,434,0.009328479490346486,0.08038093999869986,0.04485470974452317,0.035526230254176686,0.19434065402753142,-0.6583687875332995,-0.0003015209068526455,-0.7604943436772575
48,60,0.0025,1,0.0,2.5,1,-0.7570161510797293,-0.298247790251969,-0.7945998776800232,-1.2993559893164712,923,528,395,0.0057531040759279724,0.07180003900409543,0.0387765715400117,0.03302346746408373,0.13676352641028666,-0.6608558709693886,-0.00036833239255561505,-0.7605155285578041
20,120,0.005,1,0.0,2.5,1,-0.7564225450115297,-0.29781900252474536,-0.7972217349904314,-1.2827329180606248,931,535,396,0.005558083598777872,0.07245010726126243,0.039004095430020154,0.03344601183124228,0.17480802746442548,-0.6697180635182125,-0.00036101834058995213,-0.7605665159229923
12,120,0.0,1,0.0,2.5,1,-0.7563557794755082,-0.29777082387312304,-0.8002817252921554,-1.2535206080512424,1077,608,469,0.00516804264447767,0.08337125398166807,0.044269648313072875,0.039101605668595205,0.25826568246242676,-0.6681744469529918,-0.0002831052696528388,-0.7605877169217629
48,60,0.005,1,0.0,2.5,1,-0.7567535403339931,-0.29805799823216617,-0.7945153053955752,-1.3110409649021697,861,498,363,0.006175648443086524,0.06689202366248456,0.03653383605278554,0.03035818760969902,0.11798430305445606,-0.6653264787776594,-0.00041095878389594886,-0.7608676991750624
30,120,0.005,1,0.0,2.5,1,-0.7541443145043475,-0.2961805735689471,-0.8027949113501965,-1.2689536902593674,937,539,398,0.005558083598777872,0.07277514138984593,0.0391666124943119,0.033608528895534034,0.17687329146051423,-0.6662137844461979,-0.00035356077820559626,-0.7610257137570138
20,200,0.0,1,0.0,2.5,1,-0.7559540524360945,-0.29748114253259184,-0.8059993765141044,-1.2177961845663052,1198,678,520,0.005915621140219723,0.09152961060911395,0.04872261587466684,0.042806994734447115,0.19441887439133265,-0.6280175976413751,-0.0002334576988411989,-0.7613706400179592
48,60,0.01,0,0.2,2.5,1,-0.7718959952333502,-0.3092621421881535,-0.7776370953512005,-1.266014583163528,1324,806,518,0.012286290060456348,0.08873431710329585,0.050510303581876095,0.03822401352141975,-0.1416970052456541,-0.48469171022532376,-0.00024182516852542624,-0.7613814190219301
20,96,0.0025,1,0.0,999.0,1,-0.7578039672524841,-0.2988180788375936,-0.8009227842861985,-1.242588450433566,1014,581,433,0.008450887343171032,0.07969836832867451,0.044074627835922774,0.035623740492751736,0.22178922472507367,-0.6708354159440293,-0.00031012163116297557,-0.7614088935023712
12,120,0.005,0,0.2,1.5,1,-0.7626710944893045,-0.3023725006266288,-0.7852466056056331,-1.3312787421110193,1378,805,573,0.009718520444646687,0.09013196385620491,0.04992524215042579,0.04020672170577911,-0.10436364906100981,-0.4721352581401741,-0.00022093240804541548,-0.7615597405349963
48,60,0.005,1,0.0,999.0,1,-0.7572449337620658,-0.29841325968969357,-0.8000484351697331,-1.2632617829816564,920,539,381,0.009003445361762985,0.07225508678411233,0.04062926607293766,0.031625820711174674,0.14921965840563578,-0.6653501165252991,-0.00036412598677334194,-0.7616005664236429
12,200,0.005,0,0.0,0.75,1,-0.7581561974488277,-0.29907350306104796,-0.7884519384565034,-1.3693756001591684,1166,700,466,0.014496522134824157,0.08613404407462784,0.050315283104725994,0.03581876096990184,-0.3014736405941776,-0.37968945218967276,-0.0002675704386380534,-0.7617682522972581
30,120,0.0025,1,0.0,2.5,1,-0.757034195693722,-0.2982608369616928,-0.803990651367976,-1.2683734745675628,1014,573,441,0.004810505103035819,0.078723265942924,0.04176688552297991,0.0369563804199441,0.19550520274930516,-0.6625293165008437,-0.00031490027487268306,-0.763674836374059
12,120,0.01,0,0.2,999.0,1,-0.7702932683033177,-0.3080503331116581,-0.7924370982234203,-1.1987181744848558,1446,877,569,0.014854059676266008,0.09760774881362543,0.05623090424494572,0.04137684456867971,-0.08388487676589285,-0.4832302239778208,-0.0001929385038103631,-0.7642047909476111
30,200,0.01,1,0.0,2.5,1,-0.7593770295285824,-0.29996096916409964,-0.7979412782281737,-1.3080221045577345,897,528,369,0.006760709874536827,0.06962231034258597,0.0381915101085614,0.03143080023402457,0.09272470223474372,-0.6551294500617849,-0.00039034988505413736,-0.7643327135060731
30,60,0.0,1,0.0,2.5,1,-0.7579110125570514,-0.2988956746349698,-0.80181937990533,-1.2988841853933135,967,549,418,0.006598192810245076,0.07427029838133004,0.04043424559578756,0.033836052785542484,0.31027704561922054,-0.7003282555236431,-0.0003477510811755925,-0.7647495738573005
48,60,0.0025,1,0.0,999.0,1,-0.7602074643712595,-0.3005665724742995,-0.8025074644529226,-1.2630347580565482,989,571,418,0.008515894168887733,0.0775531430800234,0.043034518624455564,0.03451862445556783,0.1747627260333926,-0.6652675389806015,-0.00032897012108025264,-0.7649720426035882
20,60,0.01,0,0.2,2.5,1,-0.7711198522052997,-0.3086745122767919,-0.783264670907638,-1.2954891410045322,1229,762,467,0.013683936813365404,0.08109601508158357,0.04738997594747448,0.03370603913410908,-0.08479845728174462,-0.5375848209915314,-0.00028480865004111274,-0.7650813047808376
30,60,0.01,1,0.0,2.5,1,-0.7597164571313244,-0.30020831068001497,-0.7931710716972812,-1.3787874239614217,742,445,297,0.008125853214587532,0.05772606123642982,0.03292595722550868,0.024800104010921146,0.12131659768030767,-0.6894301278922759,-0.0005215686017294484,-0.7657332177267266
30,60,0.005,1,-0.2,999.0,1,-0.7631844839821007,-0.3027506011722696,-0.8110943715264711,-1.154972876079586,939,559,380,0.01556913475914971,0.09435740752779041,0.05496327114347006,0.039394136384320357,0.15819098773440832,-0.6729740438944398,-0.00027462678186085176,-0.7660464307394844
20,200,0.005,1,0.0,2.5,1,-0.7588955429117034,-0.2996105572637495,-0.8071244861022424,-1.262916039364719,1013,590,423,0.006923226938828577,0.07836572840148215,0.04264447767015537,0.03572125073132679,0.09780569862713828,-0.6354937964520853,-0.0003187227780235005,-0.7663186022831067
30,96,0.005,0,0.2,1.5,1,-0.7671518199114429,-0.30569337777174377,-0.7872799736683096,-1.3404969737919257,1379,809,570,0.00997854774751349,0.0908470389390886,0.050412793343301045,0.04043424559578756,-0.13169162122156886,-0.4655343630073715,-0.0002252070107943005,-0.7663582132954948
20,60,0.0025,1,0.0,2.5,1,-0.7591344004571174,-0.2997843251755933,-0.8024119097614602,-1.3213946603918991,889,518,371,0.007345771305987129,0.06871221478255217,0.03802899304426965,0.03068322173828252,0.20110249742472885,-0.6871854950614058,-0.00039812061376312953,-0.7670600130759183
30,200,0.0,1,0.0,2.5,1,-0.7606001014185486,-0.30085345470645863,-0.8091900304771498,-1.2325971992833398,1212,685,527,0.005785607488786323,0.09217967886628096,0.04898264317753364,0.04319703568874732,0.2331515328077427,-0.6440772169711646,-0.00023585107074219363,-0.7670783299092006
20,120,0.005,1,0.0,999.0,1,-0.76153359582603,-0.3015369360147784,-0.8057722110749428,-1.2553454878207784,993,577,416,0.008288370278879282,0.07797568744718196,0.043132028863030615,0.03484365858415134,0.20413492347570528,-0.6745882835297212,-0.00032762066221531073,-0.7671903159432887
20,120,0.0025,1,0.0,2.5,1,-0.7622988592340503,-0.30209874047646557,-0.8014510480538874,-1.2959221050228495,1002,567,435,0.00510303581876097,0.07791068062146525,0.04150685822011311,0.03640382240135214,0.18616610956564705,-0.669233358594691,-0.0003302476103873676,-0.7676203697545517
20,200,0.005,1,0.0,999.0,1,-0.7601341699600338,-0.30051305855408683,-0.8123139365802328,-1.2200844664590675,1077,633,444,0.009718520444646687,0.08421634271598517,0.04696743158031593,0.03724891113566924,0.1201857125285477,-0.6330520879022393,-0.00028262252035867147,-0.7676742501671566
48,120,0.005,0,0.0,0.75,1,-0.7632364843173954,-0.3027889325844342,-0.7918977403903118,-1.3823072751810686,1138,681,457,0.014171488006240655,0.08515894168887733,0.049665214847558994,0.03549372684131834,-0.2687876910388105,-0.4279333295301818,-0.0002835203448955034,-0.7678531665386436
30,120,0.005,1,0.0,999.0,1,-0.7598543436459052,-0.3003088636531259,-0.8115898133215154,-1.2443743831309448,1000,582,418,0.008255866866020933,0.07839823181434051,0.043327049340180716,0.03507118247415979,0.20715551071773097,-0.6719703804217659,-0.0003211696173858037,-0.7683224894704308
20,60,0.005,1,0.0,2.5,1,-0.7608277838987272,-0.30101997366154276,-0.8038093930359878,-1.3393506017954262,830,491,339,0.007898329324579081,0.0642592472209582,0.03607878827276864,0.02818045894818956,0.1770390524164791,-0.6922506542486654,-0.0004450953028681879,-0.7698922002693079
48,120,0.01,0,0.2,999.0,1,-0.7764940447429105,-0.31277448425588106,-0.7972445015809253,-1.1790814529554916,1539,934,605,0.01576415523629981,0.10547357472534616,0.06061886498082299,0.04485470974452317,-0.109380714207017,-0.4581610972877448,-0.00016949659046518455,-0.7703508076941183
12,120,0.005,1,0.0,999.0,1,-0.7639715740610491,-0.30333147140523486,-0.8091398864351295,-1.2665103022536064,985,576,409,0.008873431710329584,0.07771566014431515,0.04329454592732237,0.03442111421699279,0.17859935395799753,-0.6722508046903799,-0.00033477368388776875,-0.7712269297354799
12,120,0.005,1,0.0,2.5,1,-0.7637877193727367,-0.30319565733643405,-0.8047182952617686,-1.3170090551766198,922,533,389,0.006078138204511474,0.07206006630696223,0.03906910225573685,0.032990964051225376,0.15635671507617843,-0.6760556040481218,-0.0003791039265123069,-0.7714052577261493
30,200,0.005,1,0.0,999.0,1,-0.7637373089217195,-0.30315843281233645,-0.8141528133086957,-1.2297290169388793,1090,638,452,0.009686017031788337,0.08489891438601053,0.04729246570889943,0.0376064486771111,0.1539602139096803,-0.646854240405705,-0.0002832762938120813,-0.7717212903136282
12,200,0.005,1,0.0,2.5,1,-0.7631834175556969,-0.3027498151350989,-0.8105546426222712,-1.2803368166742555,1011,589,422,0.006695703048820126,0.0782682181629071,0.042481960605863615,0.03578625755704349,0.11226139866798279,-0.6469826852672672,-0.0003269590262149032,-0.7720439772799472
30,96,0.01,0,0.2,999.0,1,-0.777435430989075,-0.3135002554775618,-0.7967084066783556,-1.2248517615340067,1448,885,563,0.01547162452057466,0.09835532730936748,0.05691347591497107,0.04144185139439641,-0.13168679667664684,-0.47120485160562886,-0.00020136426860462863,-0.7730970468934399
12,200,0.005,1,0.0,999.0,1,-0.7649463793378635,-0.3040528912745484,-0.8160793108910549,-1.2391857293056052,1075,632,443,0.009490996554638236,0.08411883247741013,0.046804914516024185,0.037313917961385945,0.13230416030405423,-0.6446179370483429,-0.00029113880552033097,-0.7740518331853561
30,120,0.0,0,0.0,0.75,1,-0.7681419083741735,-0.3064336317306464,-0.7974737247412297,-1.37824414631217,1315,770,545,0.013196385620490152,0.09666514984073328,0.054930767730611715,0.041734382110121565,-0.27195865987696166,-0.3852673936618891,-0.00022567383208022123,-0.7740827014168699
48,96,0.01,0,0.2,999.0,1,-0.7790258327321459,-0.3147316370986244,-0.797802066362712,-1.2096528743180726,1499,910,589,0.01527660404342456,0.1021907300266528,0.05873366703503868,0.04345706299161412,-0.0873154537422407,-0.48760376948058926,-0.00018643646136715694,-0.7741153139958841
30,120,0.0025,1,0.0,999.0,1,-0.7653199821684672,-0.30432997644392756,-0.8149591103405384,-1.2545293595042386,1084,618,466,0.007443281544562179,0.08473639732171878,0.04608983943314048,0.0386465578885783,0.2328143252502053,-0.6726405246229887,-0.00028895456957296503,-0.7745359995894088
20,60,0.0025,1,0.0,999.0,1,-0.7649669415085751,-0.30406813276448286,-0.8121519582365881,-1.294766607971497,956,562,394,0.01014106481180524,0.07449782227133848,0.04231944354157186,0.03217837872976662,0.24167998470550311,-0.6946738866517606,-0.00035935958393807797,-0.7748824422813518
20,60,0.005,1,0.0,999.0,1,-0.7654500007940158,-0.3044264832378857,-0.8124027478266644,-1.3068993339078665,891,532,359,0.010596112591822141,0.06975232399401937,0.040174218292920755,0.029578105701098617,0.2099243379826552,-0.6973060084022666,-0.00040075320411230773,-0.7759728238466113
30,200,0.005,1,0.0,2.5,1,-0.7666369948927942,-0.3053093935028085,-0.8123273135654004,-1.291105324304624,1026,595,431,0.006760709874536827,0.0789182864200741,0.04283949814730547,0.03607878827276864,0.11128715860363014,-0.6492041080357276,-0.00032693998750340906,-0.7760283165007399
12,200,0.0,1,0.0,999.0,1,-0.7678955292425453,-0.30624920166827363,-0.8196670883223962,-1.2131407508428302,1275,729,546,0.008353377104595983,0.09832282389650913,0.05333810050055256,0.04498472339595658,0.18233944513425904,-0.6285731474985907,-0.0002176037708026857,-0.7767397833716132
20,200,0.01,0,0.2,999.0,1,-0.7802200472015977,-0.3156606421440653,-0.8037128265848876,-1.1873000918991627,1572,946,626,0.01547162452057466,0.10758629656113892,0.06152896054085679,0.04605733602028213,-0.05245380633623942,-0.49087020360547673,-0.0001657763452089866,-0.7768820600314672
30,96,0.01,0,0.0,1.5,1,-0.7847919262256804,-0.31925257006873464,-0.7853141256990843,-1.300106950210844,1394,831,563,0.016251706429175065,0.11038159006695702,0.06331664824806604,0.04706494181889098,-0.16966711595321704,-0.47954249258674775,-0.00019986966542048985,-0.776914980428819
20,200,0.0025,1,0.0,2.5,1,-0.7675630778332305,-0.3060005736496241,-0.8137695771831657,-1.2852013933489599,1109,632,477,0.005948124553078073,0.08538646557888578,0.045667295065981925,0.039719170512903856,0.10135759130936539,-0.6325034377527186,-0.0002871991944435482,-0.7771454319086549
20,120,0.0025,1,0.0,999.0,1,-0.7699139753683719,-0.3077644807067911,-0.8121139209772513,-1.2790039789119847,1072,612,460,0.007800819086004031,0.08385880517454333,0.04582981213027368,0.03802899304426965,0.22268906625072238,-0.6783272520657704,-0.00030235995563545725,-0.777771640141016
12,60,0.01,0,0.0,1.5,1,-0.7815677604123709,-0.3167136133912566,-0.783845132201831,-1.39886240617946,1239,762,477,0.017226808814925568,0.09575505428069947,0.05649093154781252,0.03926412273288695,-0.06615447327201462,-0.5653352604952512,-0.00025865434066858783,-0.778579299801145
12,200,0.0,1,0.0,2.5,1,-0.770076550956898,-0.3078869617738087,-0.8172258424544865,-1.2740408565026087,1198,679,519,0.0057531040759279724,0.09156211402197231,0.04865760904895014,0.042904504973022166,0.1605296610842608,-0.6393096918743986,-0.000254428619659097,-0.7802019258261824
48,120,0.005,0,0.2,1.5,1,-0.7807100831153351,-0.31604294677946754,-0.7946475039381767,-1.3444792111801525,1480,857,623,0.009816030683221738,0.09796528635506728,0.05389065851914451,0.044074627835922774,-0.13977640435103567,-0.46560104540148495,-0.00020873808391627866,-0.7805906593075634
12,120,0.0025,1,0.0,2.5,1,-0.7711384264044048,-0.3086885576306002,-0.8101616357194787,-1.337136741927885,993,566,427,0.0055255801859195215,0.0775531430800234,0.041539361632971464,0.03601378144705194,0.1545813908841358,-0.6742912233644147,-0.0003497700681869324,-0.7806262125867338
30,200,0.005,0,0.0,0.75,1,-0.7732775554379391,-0.3103118620554005,-0.8027400157155191,-1.387596799839634,1199,718,481,0.015894168887733214,0.0895469024247546,0.052720535656243905,0.03682636676851069,-0.2803421303949595,-0.42615699746091007,-0.00027198813549338694,-0.7810617099051418
30,200,0.01,0,0.2,999.0,1,-0.7841986220807023,-0.31878322585115915,-0.805515273129058,-1.1906669947314983,1594,956,638,0.01543912110771631,0.10904895013976468,0.06224403562374049,0.046804914516024185,-0.07654690121413821,-0.48136880614683264,-0.00016479223037173553,-0.781074212152263
20,200,0.005,0,-0.2,1.5,1,-0.7831206284851984,-0.3179329288041609,-0.8305076302682972,-0.9612745157633149,1935,1140,795,0.026295261002405253,0.1943379054800754,0.11031658324124033,0.08402132223883507,-0.1062973675416814,-0.3612804634952467,-5.172217810759757e-05,-0.7812504697264753
48,96,0.005,0,0.2,1.5,1,-0.7765646033961883,-0.31282880263334334,-0.8027132222433659,-1.3520515127943058,1431,828,603,0.009198465838913086,0.09455242800494051,0.051875446921926804,0.04267698108301372,-0.11078930332512071,-0.48600048539537966,-0.00021985739834348096,-0.7817879893947416
20,200,0.0025,1,0.0,999.0,1,-0.7713323434238695,-0.3088352439806622,-0.8209352015662966,-1.2524472618045994,1180,677,503,0.008678411233179483,0.09162712084768901,0.05015276604043425,0.04147435480725476,0.12981044442721346,-0.6348284121105057,-0.0002574970481166059,-0.7819252078540405
12,60,0.005,0,0.2,1.5,1,-0.7741639823577017,-0.3109879038551173,-0.7960807639414578,-1.4679039488284717,1219,734,485,0.010303581876096991,0.07869076253006566,0.044497172203081324,0.03419359032698433,-0.09470992312988191,-0.5410407455878159,-0.0003117316605268083,-0.7824234832672698
30,200,0.0025,1,0.0,999.0,1,-0.772950255424804,-0.310062744501891,-0.8209847856090332,-1.2540656221168918,1196,685,511,0.008743418058896184,0.09247220958200611,0.050607813820451146,0.041864395761554964,0.18025964298822195,-0.6501221016639908,-0.0002544608852699349,-0.7832584184122522
12,120,0.0025,1,0.0,999.0,1,-0.7738984305041463,-0.3107851698573073,-0.8166948594335868,-1.2970507759314527,1064,612,452,0.008288370278879282,0.08363128128453487,0.04595982578170708,0.0376714555028278,0.1834807425060807,-0.6747293883764761,-0.00031160316041714867,-0.7839851383706733
30,200,0.0025,1,0.0,2.5,1,-0.7732113053316781,-0.3102614154217106,-0.8170508640280905,-1.3049713472194375,1125,640,485,0.005883117727361373,0.08610154066176949,0.04599232919456543,0.04010921146720406,0.13057747994819735,-0.6478944991643321,-0.00029077246750140924,-0.7840354147967277
20,120,0.01,0,0.2,999.0,1,-0.7860108628510266,-0.32021988435428295,-0.804283761859437,-1.255007635227188,1473,894,579,0.014821556263407658,0.09991549112656829,0.057368523694987975,0.04254696743158032,-0.13214035948242508,-0.48491356526628715,-0.0002065200970367105,-0.7851121470453608
30,60,0.0025,1,0.0,2.5,1,-0.7732446012856873,-0.31028676749120354,-0.8119477009825629,-1.3882733276591228,890,513,377,0.0070857440031203275,0.06890723525970227,0.0379964896314113,0.03091074562829097,0.19784365739478282,-0.7045616467185922,-0.00042559980457658166,-0.7856742843654411
20,200,0.0,0,0.0,0.75,1,-0.7765149133682336,-0.31279054827272645,-0.809860808013853,-1.3724959917019783,1406,823,583,0.014756549437690957,0.1032958460638367,0.05902619775076383,0.044269648313072875,-0.2518115110193688,-0.3965755561547001,-0.00020621072595530143,-0.7863457518647519
30,60,0.0025,1,0.0,999.0,1,-0.7742715845324518,-0.31107010298058113,-0.8176108584588815,-1.3398466080213753,956,556,400,0.009848534096080089,0.07466033933563024,0.042254436715855166,0.03240590261977508,0.23788461507605985,-0.7058622638923623,-0.00037653691792077315,-0.7868678626110907
30,120,0.0025,0,0.0,0.75,1,-0.7783845625184347,-0.3142343315429378,-0.801193478776352,-1.4501407324537217,1232,728,504,0.013813950464798804,0.0909120457648053,0.05236299811480206,0.03854904765000325,-0.336050444417768,-0.3819021548413166,-0.00027230259366293184,-0.7873381075538
20,96,0.01,0,0.2,999.0,1,-0.7871540949864744,-0.3211308827474223,-0.8075365372717603,-1.2793265774939182,1415,867,548,0.015504127933433011,0.09559253721640772,0.05554833257492037,0.040044204641487356,-0.09345720077130981,-0.5235501726514868,-0.00022894101134034818,-0.7888654802579984
20,120,0.005,0,0.2,1.5,1,-0.7859335626309304,-0.32015841854601,-0.7970387158889533,-1.4169502031447503,1405,820,585,0.009621010206071638,0.09250471299486446,0.05106286160046805,0.04144185139439641,-0.1543447977748552,-0.48887934886365414,-0.00024563762728886706,-0.7895252866477241
12,96,0.01,0,0.0,1.5,1,-0.7935107346903547,-0.3262642621746359,-0.7935107346903547,-1.3631620239297444,1335,806,529,0.016804264447767017,0.10482350646817916,0.06081388545797309,0.04400962101020607,-0.17827961939952564,-0.5100661073197972,-0.0002338520812298982,-0.7911777307163005
20,200,0.005,0,0.2,1.5,1,-0.7893473480563711,-0.32288892265560787,-0.8054057050189717,-1.374930348358728,1529,889,640,0.011116167197555744,0.101280634466619,0.05619840083208737,0.04508223363453163,-0.11502969973554744,-0.488625110597658,-0.00020642585724144275,-0.7943382925830301
12,200,0.0025,1,0.0,2.5,1,-0.781184410191351,-0.316413606529625,-0.8246831035744734,-1.3429869206786729,1108,632,476,0.005850614314503023,0.08535396216602743,0.04560228824026523,0.039751673925762204,0.07109569210272637,-0.6444429445978355,-0.0003103898821124941,-0.7959045043507953
30,60,0.005,1,0.0,2.5,1,-0.7804511915113022,-0.3158408911407504,-0.817252721746552,-1.4333577439011336,834,489,345,0.00767080543457063,0.06448677111096665,0.03607878827276864,0.02840798283819801,0.14630462365732266,-0.7093454475518883,-0.00048609019369210115,-0.7961351392090831
30,200,0.01,0,0.0,0.75,1,-0.7860202305070084,-0.3202273342419031,-0.7990753722816756,-1.5315883784669757,1053,640,413,0.014496522134824157,0.0781382045114737,0.04631736332314893,0.031820841188324775,-0.3312250745404194,-0.4582412161569154,-0.00037120286933659197,-0.7963444393060897
30,60,0.005,1,0.0,999.0,1,-0.7816437256359803,-0.31677311002623265,-0.8227814974857106,-1.3840845262642292,895,530,365,0.01040109211467204,0.06994734447116947,0.040174218292920755,0.029773126178248715,0.1783312202408418,-0.7100696534601391,-0.0004323865614930941,-0.7973680850822994
20,200,0.0025,0,0.0,0.75,1,-0.7865579427180145,-0.32065537516106024,-0.8118807976832689,-1.4426969751615684,1314,774,540,0.015049080153416109,0.09689267373074173,0.05597087694207892,0.04092179678866281,-0.30546190680907126,-0.40709275239774734,-0.0002519665196420233,-0.7987306227607731
12,200,0.01,0,0.2,999.0,1,-0.7946707630380224,-0.32721379982621857,-0.8173854236409237,-1.2610223584319795,1557,935,622,0.014951569914841058,0.10596112591822142,0.06045634791653123,0.04550477800169018,-0.17828424447875157,-0.4556076847734818,-0.00019239347353546438,-0.7989576295682794
12,96,0.005,0,-0.2,1.5,1,-0.7942277603396891,-0.3268507078341556,-0.8340867468301497,-1.109749175741569,1691,1008,683,0.0252226483780797,0.16596242605473574,0.09559253721640772,0.07036988883832802,-0.04283445023856891,-0.49917322434168976,-0.00010172724223499047,-0.7993815400363089
20,120,0.01,0,0.0,1.5,1,-0.800133569164607,-0.3317402137215558,-0.8007269275581175,-1.3594065889425408,1415,839,576,0.015796658649158163,0.11213677436130794,0.06396671650523304,0.04817005785607489,-0.18590015071917199,-0.5018015522357845,-0.00021454293889730788,-0.8000740069477416
48,200,0.005,0,0.0,0.75,1,-0.7879490743803239,-0.3217665362791037,-0.8150774270151155,-1.4281838686351458,1222,731,491,0.016024182539166612,0.09143210037053891,0.05372814145485276,0.03770395891568615,-0.3367098810826886,-0.41094352532095624,-0.00028444405406758,-0.8007144432184188
12,200,0.0025,1,0.0,999.0,1,-0.7852654351673117,-0.31962784456230264,-0.8318459105924643,-1.3108547058047517,1180,678,502,0.008613404407462784,0.09162712084768901,0.05012026262757589,0.04150685822011311,0.09659631095660659,-0.6466923834265546,-0.00027969733946433894,-0.8010935351487724
20,96,0.01,0,0.0,1.5,1,-0.8003894512508597,-0.33195449725599324,-0.8003894512508597,-1.385375038605661,1361,815,546,0.016641747383475264,0.10765130338685562,0.06214652538516544,0.04550477800169018,-0.16693837941236378,-0.5267205303625048,-0.0002334400551425631,-0.8014179748117061
12,200,0.005,0,0.2,1.5,1,-0.7933426538234752,-0.32612701201643846,-0.8090964428369383,-1.4159995522997195,1509,878,631,0.010693622830397192,0.09929792628225964,0.05499577455632841,0.04430215172593122,-0.23471095039447087,-0.42564225517470666,-0.00022135884775788782,-0.8014752110498936
30,60,0.01,0,0.2,999.0,1,-0.7973749096798214,-0.32944298720324505,-0.813221284268785,-1.3490462779075407,1344,836,508,0.01608918936488331,0.0900669570304882,0.05307807319768576,0.036988883832802445,-0.15056893012730355,-0.5328203071198747,-0.00027528654909727987,-0.8035059432330147
30,96,0.005,0,-0.2,1.5,1,-0.7975595731785854,-0.3295960278841561,-0.8388696300670311,-1.094212555886562,1758,1034,724,0.024052525515179096,0.17493336800364037,0.09949294675940974,0.07544042124423064,-0.09379554293996661,-0.46184005777519144,-9.170432958953881e-05,-0.8037414707119998
12,60,0.005,0,-0.2,1.5,1,-0.7873787832749037,-0.321310359431461,-0.8511613593696168,-1.1492043541299972,1572,955,617,0.026295261002405253,0.15162842098420334,0.0889618409933043,0.06266657999089904,0.058914060129539925,-0.5592556899550565,-0.00012109335618231105,-0.8043512568227693
12,120,0.01,0,0.0,1.5,1,-0.8026723239091991,-0.33387541771947127,-0.8033415648471741,-1.3822328169654927,1388,828,560,0.016121692777741663,0.10999154911265682,0.06305662094519925,0.04693492816745758,-0.17513242360463677,-0.5210617598198239,-0.00022710348411454715,-0.804657840991333
12,200,0.005,0,-0.2,1.5,1,-0.7995106943579374,-0.33121945748726656,-0.8439715051668069,-1.0350490179440412,1917,1131,786,0.025515179093804848,0.1912175778456738,0.10836637846973932,0.08285119937593448,-0.2504373402705543,-0.30231621175479273,-6.832828620596374e-05,-0.804957660967872
20,96,0.005,0,0.2,1.5,1,-0.796357337310505,-0.328601540053845,-0.8064520936417867,-1.4961822098517958,1348,795,553,0.010303581876096991,0.088376779561854,0.049340180718975495,0.0390365988428785,-0.1773426095391496,-0.5142224422234368,-0.0002875990302084085,-0.8066366973673281
30,200,0.005,0,0.2,1.5,1,-0.7983898085175329,-0.33028538486193126,-0.8147551913439864,-1.3975463652422815,1556,905,651,0.011506208151855945,0.1031008255866866,0.05730351686927127,0.04579730871741533,-0.13014148732368847,-0.4953044569426248,-0.00021121373598741714,-0.8075402987960386
48,200,0.01,0,0.0,0.75,1,-0.7944313373134356,-0.32701748988435864,-0.8069733081836759,-1.5501887908491148,1064,645,419,0.014464018721965807,0.07914581031008255,0.046804914516024185,0.032340895794058376,-0.3694848370968272,-0.44490946735472103,-0.0003792730549925757,-0.8080135835186523
30,120,0.01,0,0.2,999.0,1,-0.8044187112646491,-0.3353561915491736,-0.8214629448724421,-1.3233171430664887,1495,908,587,0.015016576740557758,0.1019957095495027,0.05850614314503023,0.04348956640447247,-0.16581225453316273,-0.5048009430597127,-0.00022652381152359018,-0.8122535211387191
30,120,0.005,0,0.2,1.5,1,-0.8008463172980348,-0.3323376035554694,-0.8127649039759293,-1.4716639411366186,1430,832,598,0.009393486316063187,0.09435740752779041,0.051875446921926804,0.042481960605863615,-0.18008631339089365,-0.5033866201313734,-0.0002603654553633249,-0.8123032526002649
48,200,0.005,0,0.2,1.5,1,-0.8029414170945832,-0.3341029417125788,-0.8185177329933597,-1.3860869103084095,1595,928,667,0.011733732041864396,0.10566859520249626,0.05870116362218033,0.04696743158031593,-0.17542917232357158,-0.46935527047421055,-0.00020519514602064344,-0.8126661537246791
12,200,0.0,0,0.0,0.75,1,-0.7961317296760276,-0.32841540848697537,-0.8265506268215409,-1.484670149543155,1392,813,579,0.013943964116232204,0.10131313787947735,0.05762855099785477,0.04368458688162257,-0.336472839774138,-0.38363852539446763,-0.00024292542778287782,-0.8159242293749035
48,120,0.0,0,0.0,0.75,1,-0.7971705811950791,-0.32927377088349985,-0.8250956918445816,-1.482295961519891,1349,783,566,0.013456412923356953,0.09978547747513489,0.056620945199245924,0.04316453227588897,-0.277584502807357,-0.44874977754631995,-0.00025492915418143106,-0.8159364148817853
20,60,0.01,0,0.2,999.0,1,-0.8047774269095375,-0.3356615751373788,-0.8248137974267741,-1.3971241740926943,1306,821,485,0.016446726906325163,0.08691412598322824,0.0516804264447767,0.03523369953845154,-0.1415947587442664,-0.562978411969199,-0.00030721410115547385,-0.8179246825554006
20,120,0.005,0,-0.2,1.5,1,-0.8097565324536014,-0.339944495169476,-0.8447027742771115,-1.1357804708136854,1785,1049,736,0.02369498797373724,0.17769615809660014,0.1006955730351687,0.07700058506143145,-0.11714921648564158,-0.4738286394741119,-9.873681293569314e-05,-0.819084905848716
48,60,0.01,0,0.2,999.0,1,-0.8098209051985432,-0.3400004146018978,-0.8226602370772895,-1.388051373005496,1403,867,536,0.015244100630566209,0.09494246895924072,0.05509328479490346,0.039849184164337255,-0.20141493960407286,-0.5196305681037675,-0.00027140187564520977,-0.8207331017908174
48,96,0.01,0,-0.2,2.5,1,-0.8225224700145818,-0.35132296187814616,-0.8360815894689149,-1.0350275423120032,1767,1079,688,0.029415588636806864,0.18445686797113697,0.10693622830397191,0.07752063966716505,-0.08087978112518535,-0.5327318414293672,-9.942405742044855e-05,-0.8211151337282038
12,120,0.005,0,-0.2,1.5,1,-0.8099974697500789,-0.34015386588465624,-0.8482490777876581,-1.151152814091764,1747,1033,714,0.024182539166612494,0.17324319053500617,0.09871286485080934,0.07453032568419685,-0.04942048871724147,-0.5211251424809542,-0.00010588559179683703,-0.8218360454830735
48,96,0.01,0,0.0,1.5,1,-0.8145337393892274,-0.34413347859913956,-0.8178995541604777,-1.394388093464126,1448,853,595,0.015699148410583112,0.11483455762855099,0.06526685301956706,0.049567704608983944,-0.19656713876898768,-0.5237629675818669,-0.0002240690899931036,-0.8228026603525846
48,200,0.005,0,-0.2,1.5,1,-0.8157079128137825,-0.34517543825814745,-0.8541091832750952,-1.0397033838617349,2013,1180,833,0.026912825846713905,0.2034063576675551,0.1151595917571345,0.08824676591042059,-0.22956230478657857,-0.34537004058784604,-6.665213075839605e-05,-0.8242151990887817
48,96,0.005,0,-0.2,1.5,1,-0.8127126403822108,-0.3425271780290029,-0.8525657395589746,-1.1190126484884526,1815,1061,754,0.02310992654228694,0.18159656763960216,0.10235324709094455,0.07924332054865761,-0.10744389237622398,-0.4798917452671986,-9.51148506912268e-05,-0.8247606802329129
20,200,0.01,0,0.0,1.5,1,-0.8180004165774036,-0.34722423221132104,-0.8232910894733025,-1.3742574298015124,1527,903,624,0.016706754209191967,0.12117272313592928,0.06893973867256062,0.05223298446336865,-0.22229625610007298,-0.4977465081615998,-0.00020478330518137092,-0.827582648438048
12,200,0.0025,0,0.0,0.75,1,-0.8054284456146898,-0.3362168797849404,-0.8285124962221762,-1.5583784894397885,1299,764,535,0.014334005070532407,0.09487746213352402,0.054605733602028216,0.040271728531495805,-0.38374006968240326,-0.39541102131994665,-0.0002926313171188414,-0.8283920523680179
12,96,0.005,0,0.2,2.5,1,-0.8149999395412272,-0.34454659029241086,-0.8262351866848743,-1.416013806573739,1489,885,604,0.011213677436130793,0.09903789897939283,0.05512578820776182,0.04391211077163102,-0.13650226599240978,-0.5488470828092511,-0.0002553021166361174,-0.828464873963535
12,60,0.005,0,0.2,2.5,1,-0.8123281877149693,-0.34218956961440483,-0.8291666657607202,-1.4665683019124924,1374,833,541,0.011896249106156146,0.09003445361762985,0.050965351361893,0.03906910225573685,-0.0536147837974803,-0.6057551540055264,-0.00030057343878000896,-0.8301013175903895
12,96,0.0025,0,0.2,1.5,1,-0.8121351684457263,-0.3420202645492869,-0.8214478030023138,-1.5550871888577942,1436,836,600,0.009816030683221738,0.09406487681206527,0.0519404537476435,0.04212442306442177,-0.22554033513865557,-0.5025515254847841,-0.00028163155244911696,-0.8304985254933335
12,120,0.0025,0,0.2,1.5,1,-0.8130829017585972,-0.3428528157878138,-0.8223485562927566,-1.5385182988653936,1501,863,638,0.009328479490346486,0.09858285119937593,0.05395566534486121,0.04462718585451472,-0.19805177967813847,-0.5062328165176049,-0.000258584332467016,-0.8309530088774618
48,120,0.0025,0,0.0,0.75,1,-0.8083081908252545,-0.33869008067680784,-0.8302363849393682,-1.5655364636757176,1266,742,524,0.014041474354807255,0.09386985633491517,0.05395566534486121,0.03991419099005396,-0.3437181550993633,-0.4498383383613268,-0.0003062354685265172,-0.8320850963302778
20,200,0.0,0,-0.2,1.5,1,-0.8229761604597057,-0.35173848602900626,-0.8559147504471194,-1.0672262653190512,2260,1296,964,0.02281739582656179,0.2274588831827342,0.125138139504648,0.1023207436780862,-0.063260206828186,-0.41482160951752034,-4.762645959569447e-05,-0.8330571745185185
12,60,0.0,0,-0.2,1.5,1,-0.819261572580293,-0.3483595788992625,-0.8467489641278527,-1.2297444532502166,1843,1093,750,0.024572580120912697,0.17733862055515828,0.1009556003380355,0.0763830202171228,0.0767390320867134,-0.5780679733821699,-0.00010578059930708328,-0.8332212836256997
12,96,0.0,0,0.2,1.5,1,-0.8126654923571631,-0.3424857468969109,-0.8297164730473866,-1.5286962604237968,1552,887,665,0.009230969251771436,0.101280634466619,0.055255801859195215,0.04602483260742378,-0.14831688450171032,-0.5219904812695684,-0.00024242138752968048,-0.833778796441794
12,96,0.0,0,-0.2,1.5,1,-0.8237549732515531,-0.3524536471820594,-0.8449349510457854,-1.1835076942691276,1967,1142,825,0.02249236169797829,0.19287525190144966,0.10768380679971397,0.08519144510173568,0.01101321220816609,-0.533775082695467,-8.787609509970382e-05,-0.8340965074184086
30,200,0.0,0,0.0,0.75,1,-0.8102495764315936,-0.3403731558143861,-0.8369034659104775,-1.5071703602160829,1430,833,597,0.01556913475914971,0.10553858155106287,0.060553858155106284,0.04498472339595658,-0.30215519809728153,-0.44406743222782163,-0.00024702455876790866,-0.834183406780429
30,96,0.0025,0,0.2,1.5,1,-0.8160965629618305,-0.34552142194780855,-0.8256369462096022,-1.5409682160441862,1505,866,639,0.009393486316063187,0.09962296041084313,0.054508223363453165,0.045114737047389976,-0.20782602606775125,-0.5072148607043383,-0.0002598247684737711,-0.835388305854819
12,120,0.0,0,0.2,1.5,1,-0.8147694329066126,-0.3443422351404448,-0.8316289152437915,-1.5190853023482884,1619,916,703,0.008808424884612885,0.10592862250536306,0.057368523694987975,0.04856009881037509,-0.1236442779653687,-0.5250132089809978,-0.0002239521106127642,-0.836110957879755
12,200,0.01,0,0.0,1.5,1,-0.8233882091762659,-0.3521165638829785,-0.8285222605693269,-1.4143791325255846,1516,896,620,0.016414223493466815,0.11971006955730351,0.06806214652538517,0.05164792303191835,-0.2961008815758984,-0.4644662861425979,-0.0002176492690544844,-0.8370966507939211
20,200,0.0025,0,-0.2,1.5,1,-0.8262396136397658,-0.354751172334947,-0.8550083913436634,-1.099764786308097,2113,1218,895,0.02336995384515374,0.21338490541506858,0.11837742963011116,0.09500747578495743,-0.143584317262354,-0.4162686362721545,-6.582579385815638e-05,-0.8372436073221836
48,60,0.01,0,0.0,1.5,1,-0.8221727693269968,-0.3510032225446196,-0.8221727693269968,-1.5034986894694717,1352,810,542,0.016251706429175065,0.10641617369823832,0.06133394006370669,0.04508223363453163,-0.2189096253539472,-0.5523346617801361,-0.00027323869631978517,-0.8372645416815916
20,60,0.005,0,0.2,1.5,1,-0.8143317598863763,-0.3439547411418863,-0.8235355073607586,-1.643005092468112,1249,750,499,0.010953650133263992,0.08051095365013326,0.04573230189169863,0.034778651758434635,-0.17936780939889851,-0.5774541868201966,-0.0003758781301212614,-0.8378727494456712
30,200,0.005,0,-0.2,1.5,1,-0.8234700408089148,-0.3521917276903246,-0.8624334572511078,-1.0982719776290162,1969,1158,811,0.026945329259572257,0.19778326724306053,0.11236429825131639,0.08541896899174413,-0.21249961808230844,-0.3998808416139321,-8.083581013734269e-05,-0.8383220551973294
12,60,0.0025,0,0.2,1.5,1,-0.8148699591871793,-0.3444313330395711,-0.8241280758369535,-1.6396655633127548,1329,789,540,0.01014106481180524,0.08606903724891113,0.04810505103035819,0.037963986218552945,-0.18697554220899726,-0.5573768333831763,-0.000337203080596333,-0.8384786491236855
48,120,0.01,0,0.0,1.5,1,-0.825189079137977,-0.3537767665232041,-0.8283615223504277,-1.4181372361287652,1491,881,610,0.015959175713449913,0.11834492621725282,0.06715205096535136,0.05119287525190145,-0.2610652462952524,-0.5013337538134222,-0.00022610276345397977,-0.8388643895048562
20,200,0.01,0,-0.2,2.5,1,-0.8353079447539898,-0.36335150662100757,-0.8492782670524642,-1.0431137694444463,1861,1134,727,0.030228173958265617,0.19476044984723395,0.11249431190274979,0.08226613794448417,-0.0719893461484592,-0.5498764202722419,-9.584334441660806e-05,-0.8401463286194619
12,120,0.005,0,0.2,2.5,1,-0.8221438571241895,-0.3509768085597663,-0.8354759631328653,-1.4324219695232032,1562,910,652,0.010303581876096991,0.10384840408242865,0.05707599297926282,0.04677241110316583,-0.12471365777857901,-0.5561997603668585,-0.0002431742271587048,-0.8403358886023592
48,120,0.005,0,-0.2,1.5,1,-0.8239986759365725,-0.3526779188706646,-0.8618825104769938,-1.1433756570927258,1870,1098,772,0.024247545992329193,0.18773971266983033,0.10599362933107977,0.08174608333875057,-0.17934116500709274,-0.45358806550950026,-9.669281619314745e-05,-0.8407879569637978
20,60,0.01,0,0.0,1.5,1,-0.8231080883355455,-0.3518594654045757,-0.8232370628061124,-1.5522578488442098,1265,774,491,0.01787687707209257,0.09790027952935058,0.057888578300721576,0.04001170122862901,-0.20952373914526246,-0.5787119902176658,-0.0003156079057254253,-0.8410908892498424
30,96,0.0,0,0.2,1.5,1,-0.8185481655865954,-0.34771661251498487,-0.834427014622523,-1.5264168923419306,1618,917,701,0.008873431710329584,0.10677371123968017,0.05782357147500487,0.04895013976467529,-0.13127100873168362,-0.5308527777501029,-0.0002279596793234924,-0.8412509644433429
12,60,0.005,0,0.0,1.5,1,-0.8192437581603065,-0.34834350030442185,-0.835759984985561,-1.5052561372749227,1428,857,571,0.016641747383475264,0.10914646037833972,0.06289410388090749,0.04625235649743223,-0.04635499930699316,-0.6128579242629588,-0.000251158355101256,-0.8414862996609485
48,60,0.005,0,0.2,1.5,1,-0.818594381097369,-0.3477582073216765,-0.8275868264708595,-1.6163576541619173,1331,789,542,0.009783527270363388,0.08740167717610349,0.04859260222323344,0.03880907495287005,-0.2207891098560404,-0.5470075341885745,-0.0003370299652734204,-0.8423695032652021
30,96,0.0,0,-0.2,1.5,1,-0.8293810754428896,-0.3576915797087358,-0.8518659508721347,-1.1785353889247745,2039,1165,874,0.02054215692647728,0.2034063576675551,0.11197425729701618,0.09143210037053891,-0.04761675496244688,-0.5033054373085466,-8.12850785235113e-05,-0.8425513245910419
30,200,0.0025,0,0.0,0.75,1,-0.8161968085512152,-0.3456107513751788,-0.8379305817795986,-1.5639469793208294,1335,783,552,0.01566664499772476,0.09874536826366768,0.05720600663069622,0.041539361632971464,-0.3530580402579082,-0.4460739470762467,-0.0002914113414609836,-0.8427733912310196
12,60,0.0,0,0.2,1.5,1,-0.8166269193169319,-0.3459944406290264,-0.8325968257858178,-1.6170758414232551,1442,840,602,0.009686017031788337,0.09308977442631476,0.05138789572905155,0.04170187869726321,-0.11253669948025191,-0.5749991410819146,-0.00029381898826470835,-0.843146645593098
48,96,0.0025,0,0.2,1.5,1,-0.822067711795823,-0.35090725812310086,-0.8327162791282746,-1.5380101486636641,1572,892,680,0.008645907820321133,0.1042709484495872,0.05645842813495417,0.04781252031463304,-0.15748053834098352,-0.5364296482364961,-0.00024632261781190904,-0.8441659051204213
30,60,0.01,0,0.0,1.5,1,-0.8255023431038508,-0.3540668689114814,-0.8255023431038508,-1.5479907501286156,1299,786,513,0.017356822466358966,0.1010856139894689,0.05922121822791393,0.041864395761554964,-0.21541193642236234,-0.5741146400833562,-0.0003036656418985128,-0.8442175779698377
48,200,0.0,0,0.0,0.75,1,-0.8186059175203533,-0.34776859155277084,-0.8441197906873255,-1.5223176599268227,1460,850,610,0.016024182539166612,0.10846388870831437,0.06224403562374049,0.04621985308457388,-0.34494872350265304,-0.42527237190789113,-0.00024791013637261454,-0.8459443698927747
30,96,0.01,0,-0.2,2.5,1,-0.8397113545076158,-0.36765628039842513,-0.8440106620514467,-1.1260739390820123,1718,1052,666,0.029578105701098617,0.1776636546837418,0.1036208801924202,0.07404277449132159,-0.12328948206165713,-0.5682833504941951,-0.00012753623636895773,-0.8459653083782491
20,96,0.005,0,-0.2,1.5,1,-0.8265482109031737,-0.3550382456100869,-0.8626663723373227,-1.2364112173460315,1724,1018,706,0.024930117662354548,0.170350386790613,0.09764025222648379,0.07271013456412924,-0.15399329945397544,-0.5144203853575822,-0.00012791937566849338,-0.8481919926460498
12,60,0.0025,0,-0.2,1.5,1,-0.8256205887819535,-0.3541764734427364,-0.8611805699996702,-1.28522114925132,1706,1023,683,0.0255476825066632,0.16479230319183513,0.09516999284924917,0.06962231034258597,-0.03535083518524618,-0.5757013484276814,-0.00013572720846404863,-0.8490278159051374
12,96,0.0025,0,-0.2,1.5,1,-0.8337309010727285,-0.36183077419887466,-0.8491817636751391,-1.2529629769912796,1832,1075,757,0.023825001625170643,0.18029643112526816,0.10206071637521939,0.07823571475004876,-0.10221585818795453,-0.53703000505987,-0.0001178813679024017,-0.8490698048860081
30,96,0.005,0,0.2,2.5,1,-0.8279765438612723,-0.3563719649891327,-0.8402634260401699,-1.4522796702621938,1565,915,650,0.01062861600468049,0.10488851329389585,0.05775856464928818,0.047129948644607685,-0.1853907474303561,-0.5380885268976878,-0.0002499827319505175,-0.8491176615223273
48,96,0.0,0,0.2,1.5,1,-0.8258639533752501,-0.3544022289177744,-0.8412769541987586,-1.531862184335917,1687,943,744,0.008060846388870831,0.11142169927842424,0.05974127283364753,0.0516804264447767,-0.07318931050006128,-0.5631657777961934,-0.00021872889675540665,-0.8516338152339495
30,60,0.005,0,0.2,1.5,1,-0.823538153038251,-0.3522543099031835,-0.8322855310351833,-1.6772062130031968,1280,764,516,0.010693622830397192,0.08317623350451797,0.04693492816745758,0.03624130533706039,-0.2011104456537991,-0.5810308395527654,-0.0003766422168609385,-0.852257386070935
20,120,0.0,0,-0.2,1.5,1,-0.8356524100982068,-0.3636851237150962,-0.8579035799984328,-1.2001306789122714,2070,1182,888,0.02011961255931873,0.20642917506338165,0.1132743938113502,0.09315478125203146,-0.06463015087224777,-0.5052484391998241,-8.320023112823271e-05,-0.8526434476599262
48,120,0.0025,0,0.2,1.5,1,-0.8282592553489039,-0.3566369329581528,-0.838461114389474,-1.5437686896135159,1634,923,711,0.008873431710329584,0.10839888188259768,0.058636156796463626,0.049762725086134045,-0.19764412828580946,-0.5153662754639641,-0.00023684503867652787,-0.8530559246335656
20,120,0.0025,0,0.2,1.5,1,-0.8272221237240924,-0.3556664880594663,-0.8361853447652855,-1.595190174268745,1531,877,654,0.009100955600338035,0.101280634466619,0.05519079503347851,0.04608983943314048,-0.2325569529521575,-0.515852668532748,-0.000271041208001463,-0.8535186691555463
12,200,0.0,0,-0.2,1.5,1,-0.8359528376296492,-0.3639765181058231,-0.8665637850076605,-1.1376034609169128,2243,1291,952,0.022232334395111488,0.22355847363973216,0.12289540401742183,0.10066306962231034,-0.2364510552600031,-0.340347961874218,-6.151183336830172e-05,-0.8541385836554991
20,120,0.0,0,0.2,1.5,1,-0.8271690868767982,-0.355616978933727,-0.8422935191378265,-1.5663939368264321,1646,928,718,0.008483390756029384,0.10852889553403107,0.05850614314503023,0.05002275238900084,-0.1580284647995348,-0.5324395590370079,-0.00023428933241843563,-0.8550834353439618
48,120,0.005,0,0.2,2.5,1,-0.832578067927296,-0.3607259323813793,-0.8483794881162287,-1.4195569224456985,1677,972,705,0.010921146720405643,0.11317688357277514,0.06204901514659039,0.05112786842618475,-0.1792458610110793,-0.5281040388396575,-0.00022008907781103078,-0.8558935225617785
48,200,0.0025,0,0.0,0.75,1,-0.8256014605108218,-0.3541587392489107,-0.8462565027803658,-1.585376118303636,1367,801,566,0.015861665474874862,0.1013456412923357,0.05860365338360528,0.04274198790873042,-0.39593273565083376,-0.42803157353862786,-0.00029408872795866884,-0.8565557965542754
30,96,0.0025,0,-0.2,1.5,1,-0.8386829147111102,-0.36664301681050615,-0.8565088975225564,-1.2441226589233758,1908,1101,807,0.021874796853669637,0.1910225573685237,0.10644867711109667,0.08457388025742703,-0.15253964475370152,-0.5057103404172538,-0.00010835541688195313,-0.8571035985179533
48,120,0.0,0,0.2,1.5,1,-0.8304202931816593,-0.358673218713503,-0.8461030922313192,-1.5295443201547851,1749,974,775,0.008385880517454333,0.11571214977572646,0.06204901514659039,0.05366313462913606,-0.12008852282527105,-0.5378101526862613,-0.00020802706114137108,-0.8582019808369018
20,200,0.0025,0,0.2,1.5,1,-0.8307151904272722,-0.358952598140978,-0.8436200168103372,-1.5501547219798897,1685,957,728,0.010043554573230189,0.11171422999414939,0.06087889228368979,0.050835337710459595,-0.19397816292315495,-0.5121842860741193,-0.00022622565302265606,-0.8582703426451411
12,120,0.0,0,-0.2,1.5,1,-0.8385263099744735,-0.36648914819255307,-0.8611040293881861,-1.2279622689906646,2033,1173,860,0.02125723200936098,0.20126113241890398,0.11125918221413249,0.0900019502047715,0.01464971686298755,-0.5600975566451074,-9.187120889925354e-05,-0.8584392763361793
48,96,0.005,0,0.2,2.5,1,-0.8338284647660555,-0.3619245396875882,-0.8483384452707993,-1.4552414602462442,1623,938,685,0.009946044334655138,0.10921146720405643,0.059578755769355785,0.049632711434700647,-0.14975026762515364,-0.5599234398522301,-0.000240105220218624,-0.8588558353353
48,120,0.01,0,-0.2,2.5,1,-0.8461940813969615,-0.37415809780853904,-0.8586560862604964,-1.1129909746484035,1813,1110,703,0.03039069102255737,0.18998244815705648,0.11018656958980692,0.07979587856724957,-0.22194024023878034,-0.5105069884847524,-0.00011552365415843129,-0.8591356896712075
48,200,0.01,0,0.0,1.5,1,-0.8385199603337883,-0.36648291184988646,-0.84321413629301,-1.4357220931189885,1578,925,653,0.016576740557758565,0.1252031463303647,0.07088994344406163,0.054313202886303064,-0.3259030539001102,-0.4725995121802732,-0.00022015580148338225,-0.8598760846523408
30,96,0.005,0,0.0,1.5,1,-0.8358617080162807,-0.3638880863030206,-0.848143764732064,-1.4791346617467687,1593,923,670,0.015114086979132808,0.12549567704608983,0.07030488201261133,0.05519079503347851,-0.20336293354973123,-0.542962892240997,-0.00021657153449643768,-0.861916701756391
12,200,0.0025,0,-0.2,1.5,1,-0.8418277499322473,-0.36975687810252045,-0.8681015741732333,-1.1849125708667083,2095,1212,883,0.02294740947799519,0.20958200611064162,0.1162647077943184,0.09331729831632321,-0.3125932778148768,-0.343924596108101,-8.379507169561478e-05,-0.8630532937324724
30,120,0.01,0,0.0,1.5,1,-0.8385225789292821,-0.3664854836989375,-0.8414530477233008,-1.524734712118637,1452,859,593,0.015861665474874862,0.11467204056425925,0.06526685301956706,0.04940518754469219,-0.2817297083135012,-0.5352701747522992,-0.0002632144853644005,-0.8634487431665199
20,120,0.01,0,-0.2,2.5,1,-0.8503214039146239,-0.3784053725993035,-0.8541156805170673,-1.1690513691625963,1746,1067,679,0.028895534031073263,0.18055645842813495,0.10472599622960412,0.07583046219853085,-0.13585848842131676,-0.5852286675199163,-0.00013488834328513757,-0.863915781315967
20,120,0.0025,0,-0.2,1.5,1,-0.8439022214956365,-0.37183641385224864,-0.8616830172504963,-1.2622929742746172,1937,1116,821,0.021549762725086134,0.1938828577000585,0.10771631021257232,0.08616654748748619,-0.16150943257583905,-0.5095238033646636,-0.0001094768364849824,-0.8657925711912277
48,96,0.01,0,-0.2,999.0,1,-0.8508603486062613,-0.37896643822223375,-0.8656150665263265,-1.0834156028306887,1822,1123,699,0.034031073262692585,0.1971982058116102,0.1156146395371514,0.08158356627445881,-0.16594777670695715,-0.5552242549921411,-0.00011232281747269792,-0.8659447516269314
12,60,0.005,0,0.2,999.0,1,-0.8336183385683178,-0.3617226450413453,-0.8576528753967889,-1.5177914472590133,1465,903,562,0.01530910745628291,0.09708769420789183,0.05619840083208737,0.04088929337580446,-0.1259872076841484,-0.603915422675217,-0.00030008465497790584,-0.8664386551026905
12,200,0.0025,0,0.2,1.5,1,-0.8351760028445273,-0.36322385851055383,-0.8477407750318413,-1.600132604998186,1658,945,713,0.009848534096080089,0.10937398426834817,0.05961125918221413,0.049762725086134045,-0.32042099788218703,-0.4442228931761173,-0.0002441942336262259,-0.8671008762763838
12,96,0.005,0,0.0,1.5,1,-0.8386086690316763,-0.3665700543607372,-0.8503219858722261,-1.5251351374612159,1533,902,631,0.015894168887733214,0.11912500812585322,0.06750958850679321,0.05161541961906,-0.20350949947123165,-0.56381615904689,-0.00024251714526220204,-0.867987804169911
48,96,0.0,0,-0.2,1.5,1,-0.8446230974355964,-0.3725638998504627,-0.8715871213735761,-1.2098613806009844,2111,1199,912,0.019827081843593577,0.21166222453357603,0.1157446531885848,0.09591757134499122,-0.019302027602677407,-0.5446308075907522,-8.503023946390318e-05,-0.8688505295673
12,200,0.01,0,-0.2,2.5,1,-0.8519179006479111,-0.380071829923451,-0.8650457413354338,-1.126154140096748,1844,1123,721,0.029415588636806864,0.1921276734057076,0.11077163102125723,0.08135604238445036,-0.24209682257462162,-0.508630172088411,-0.00011718332779750917,-0.8689024075960053
20,60,0.005,0,-0.2,1.5,1,-0.8392865122002576,-0.367237118177719,-0.8697462593998799,-1.3414701123482102,1600,966,634,0.02766040434245596,0.15559383735292207,0.09162712084768901,0.06396671650523304,-0.06713089833449193,-0.6165099582331709,-0.00017125313403332907,-0.8691837534950695
20,200,0.0,0,0.2,1.5,1,-0.8367486917806288,-0.364750381141392,-0.8549296984425929,-1.557644164144959,1815,1019,796,0.009913540921796788,0.11997009686017032,0.06494181889098355,0.055028277969186766,-0.13665044232727064,-0.531304477045035,-0.00020164061548418703,-0.8700974385699365
12,96,0.01,0,-0.2,2.5,1,-0.8538472025828209,-0.38210374631939514,-0.8539925560937133,-1.2199489236106555,1654,1021,633,0.029968146655398816,0.16810765130338687,0.09903789897939283,0.06906975232399402,-0.10192000402509427,-0.6278281971369832,-0.00016057763258306348,-0.8700974705467847
20,96,0.0025,0,0.2,1.5,1,-0.8360840299195998,-0.3641038912583533,-0.8442094971223653,-1.6789070911849717,1466,848,618,0.009751023857505038,0.09647012936358318,0.05311057661054411,0.04335955275303907,-0.2515205797460578,-0.5441112546674086,-0.00031480415227594366,-0.8701539943787845
12,120,0.0025,0,-0.2,1.5,1,-0.8464944527630788,-0.3744642964127649,-0.8638244017969992,-1.2907211228146978,1895,1103,792,0.022427354872261586,0.18845478775271404,0.10544107131248781,0.08301371644022622,-0.09243417698915013,-0.5636420721753552,-0.00011989350150375242,-0.8709125534519994
12,60,0.0025,0,0.2,2.5,1,-0.8402489136202697,-0.36818784771720514,-0.8481679236614997,-1.5845433317470574,1496,892,604,0.011408697913280894,0.09832282389650913,0.05486576090489501,0.04345706299161412,-0.11352562943109279,-0.6191875408325731,-0.00030627234756706054,-0.8714989761353079
20,96,0.0,0,0.2,1.5,1,-0.8362507598709467,-0.3642658778630701,-0.8505804549779863,-1.6492878213673143,1581,899,682,0.009165962426054736,0.1036208801924202,0.05639342130923747,0.047227458883182735,-0.17918753036892188,-0.5601232660249138,-0.00027396303404803697,-0.872020496420429
12,60,0.01,0,-0.2,2.5,1,-0.8527265948699508,-0.3809211062207781,-0.8554149564554326,-1.2846164217659692,1533,966,567,0.03136579340830787,0.15279854384710395,0.09208216862770591,0.06071637521939804,-0.024266256038314782,-0.6750900782210038,-0.00019254885162420991,-0.8728594055367929
12,60,0.0,0,0.2,2.5,1,-0.8401231878831569,-0.3680634033615148,-0.8539795508183766,-1.5564251223165122,1616,945,671,0.010823636481830592,0.10579860885392967,0.058311122667880126,0.04748748618604953,-0.044810569534120215,-0.6244275995360408,-0.0002645143127560751,-0.8728744348865287
48,60,0.005,0,-0.2,1.5,1,-0.8445908415083848,-0.37253129413645414,-0.8693842210614255,-1.324951876525286,1704,1006,698,0.024280049405187545,0.169050250276279,0.09666514984073328,0.07238510043554573,-0.16361311188356464,-0.5643067545290967,-0.00015193457163433183,-0.8734709984934312
20,96,0.0,0,-0.2,1.5,1,-0.8478615549431979,-0.3758636221662206,-0.8665489529635156,-1.2873001052502189,1995,1146,849,0.021614769550802833,0.19752323994019372,0.10956900474549827,0.08795423519469545,-0.1019436097791625,-0.5405349837544577,-0.0001071569013348113,-0.8735031039104894
30,120,0.005,0,-0.2,1.5,1,-0.844242041418437,-0.3721790352560471,-0.8775482299508124,-1.265653358686656,1822,1072,750,0.02362998114802054,0.18159656763960216,0.10261327439381135,0.07898329324579081,-0.2339552268359506,-0.49424834870323253,-0.00012764238178777687,-0.8742358181657861
20,200,0.01,0,-0.2,999.0,1,-0.8571976574919865,-0.38568069918248515,-0.8724995669377482,-1.0691041538278072,1918,1178,740,0.03461613469414288,0.20805434570629916,0.12133524020022102,0.08671910550607814,-0.16318271848765475,-0.5546543074314589,-0.00010288897620731073,-0.8753856903427496
12,200,0.0,0,0.2,1.5,1,-0.8397335196521445,-0.36767817204673126,-0.8575821113643679,-1.5988688085389664,1787,1006,781,0.009588506793213287,0.11756484430865241,0.06357667555093285,0.053988168757719564,-0.2639965534157994,-0.4677667362768677,-0.0002158394262006805,-0.8764126681558635
12,96,0.005,0,0.2,999.0,1,-0.842660557859904,-0.37058924825248063,-0.8614444535582335,-1.5045862194196997,1589,959,630,0.014659039199115906,0.10670870441396346,0.06068387180653969,0.04602483260742378,-0.20168130618876545,-0.5636906063563141,-0.0002675566543059699,-0.8765407860025823
48,200,0.0,0,-0.2,1.5,1,-0.8520830915827109,-0.3802450274263435,-0.8777305626319606,-1.1488493419924715,2372,1349,1023,0.02379249821231229,0.23987518689462395,0.1318338425534681,0.10804134434115582,-0.1513061962072596,-0.42921985629517245,-5.9540074887724124e-05,-0.8765527758419472
30,200,0.01,0,0.0,1.5,1,-0.847218438962421,-0.3752041783796406,-0.8516597527762981,-1.5116850670410165,1553,914,639,0.016641747383475264,0.12279789377884678,0.06971982058116102,0.05307807319768576,-0.31593704521656507,-0.5143886018445762,-0.00024390443789878464,-0.8766183081198404
30,96,0.01,0,-0.2,999.0,1,-0.8586862860792579,-0.3872901737066934,-0.8658318087447116,-1.13813683547722,1775,1096,679,0.034031073262692585,0.1904374959370734,0.112234284599883,0.07820321133719041,-0.18291991247281747,-0.5798035029903323,-0.0001307147974203873,-0.8771129198529102
48,200,0.01,0,-0.2,2.5,1,-0.8597663902571643,-0.38846593488941583,-0.8680588849828133,-1.1056072012007958,1918,1161,757,0.030033153481115515,0.2017811870246376,0.11590717025287656,0.08587401677176104,-0.2557641524600144,-0.5082616343362725,-0.00011066928820961003,-0.8777757374408622
12,60,0.01,0,0.0,2.5,1,-0.8496298111675383,-0.3776876078427923,-0.8529164668349034,-1.474162753814639,1385,865,520,0.020087109146460377,0.10934148085548982,0.0647142950009751,0.04462718585451472,-0.04370588252937457,-0.6856637977105791,-0.00030012452433677607,-0.8778539789509759
20,96,0.005,0,0.2,2.5,1,-0.8445798315844314,-0.37252016598105353,-0.8543194367202249,-1.5643119021054246,1527,896,631,0.010823636481830592,0.10189819931092765,0.05636091789637912,0.045537281414548526,-0.17568568461590361,-0.5953483703898219,-0.00029686901355381124,-0.8778954794464372
12,96,0.0,0,0.2,2.5,1,-0.8447348951784578,-0.37267694922748285,-0.8588669541220513,-1.5194600555560367,1744,998,746,0.009783527270363388,0.11567964636286811,0.06273158681661574,0.052948059546252355,-0.10963209422988085,-0.5828388463586129,-0.00022891987043669224,-0.8780834290663103
48,200,0.005,0,0.2,2.5,1,-0.8483407375920741,-0.3763563304894014,-0.8604389750668142,-1.4342510483405753,1814,1051,763,0.012416303711889749,0.12227783917311318,0.06734707144250146,0.054930767730611715,-0.16240765788987155,-0.5514200629830107,-0.00020769231510959216,-0.8782883704398373
30,200,0.0025,0,0.2,1.5,1,-0.842782641053983,-0.3707115446644249,-0.8555445071441667,-1.5972633692622777,1718,977,741,0.010433595527530391,0.11398946889423389,0.062211532210882145,0.051777936683351754,-0.1961451096909993,-0.5381774935194275,-0.0002369690042991664,-0.8783469666996222
12,120,0.005,0,0.0,1.5,1,-0.8453365142169014,-0.3732863536749572,-0.856976506254762,-1.5393807491778309,1588,924,664,0.015081583566274459,0.12461808489891439,0.06984983423259442,0.05476825066631996,-0.2048539042999522,-0.5696152067670941,-0.00023457059756560434,-0.8787436442612298
12,96,0.0025,0,0.2,2.5,1,-0.8462910924354358,-0.3742569418231999,-0.8539105860489999,-1.553998195879716,1621,945,676,0.010433595527530391,0.10794383410258077,0.05918871481505558,0.04875511928752519,-0.18192300951888885,-0.5773425153519645,-0.00026830088279682004,-0.8789121446416857
20,120,0.005,0,0.2,2.5,1,-0.8461476429800973,-0.3741107985008667,-0.8572955829075859,-1.5460946801239257,1592,926,666,0.00997854774751349,0.10670870441396346,0.05834362608073848,0.04836507833322499,-0.19302505744603082,-0.5773031947563467,-0.0002751510137351413,-0.880063323960856
48,200,0.0025,0,0.2,1.5,1,-0.8450447180672388,-0.3729905599506884,-0.8572930169537032,-1.5710403932364214,1771,1007,764,0.010791133068972242,0.11746733407007735,0.0641292335695248,0.05333810050055256,-0.22054615273789036,-0.5179635079550522,-0.00022471393301407044,-0.880189088089361
20,96,0.01,0,-0.2,2.5,1,-0.8594308730334865,-0.38809997862471746,-0.8606498568680838,-1.2368808112914842,1687,1033,654,0.029643112526815316,0.1729831632321394,0.10131313787947735,0.07167002535266202,-0.13062583682476725,-0.6240741190447835,-0.00015955301205236558,-0.8802689476233336
30,120,0.0025,0,0.2,1.5,1,-0.8433589805877895,-0.37128985403962955,-0.8527333468653746,-1.6702568027429214,1570,893,677,0.008515894168887733,0.10394591432100371,0.05623090424494572,0.04771501007605799,-0.24739253518194004,-0.5436023429806622,-0.00028761364423908405,-0.881169367609463
30,200,0.005,0,0.2,2.5,1,-0.8489754082860863,-0.37701071546905107,-0.8648514416639708,-1.4805852593634268,1762,1022,740,0.011993759344731196,0.11906000130013651,0.06552688032243385,0.05353312097770266,-0.13998158701180108,-0.5761140278120509,-0.00022407105053993853,-0.8834656992692078
48,96,0.0025,0,-0.2,1.5,1,-0.8543753972546608,-0.38266353811445186,-0.8775990210406674,-1.280189665907147,1980,1134,846,0.020964701293635833,0.19927842423454462,0.11012156276409023,0.0891568614704544,-0.13943649804079594,-0.5444763900537999,-0.00011262861339549951,-0.885472531930143
20,96,0.0025,0,-0.2,1.5,1,-0.8554555521098759,-0.38381306501197743,-0.8697863750335703,-1.3518827406078668,1863,1081,782,0.02304491971657024,0.18510693622830396,0.1040759279724371,0.08103100825586687,-0.19503576232253672,-0.5440981985805762,-0.00013608719405561607,-0.8863003895591558
48,200,0.0025,0,-0.2,1.5,1,-0.8580276483828082,-0.3865765081603153,-0.879998898646718,-1.1969786841109655,2218,1270,948,0.024020022102320744,0.22502112721835793,0.12452057466033933,0.1005005525580186,-0.24264078635725228,-0.4315989237905312,-8.149321133661372e-05,-0.8864248916892226
12,120,0.01,0,-0.2,2.5,1,-0.8630596201177646,-0.39209324252831523,-0.8668257917636346,-1.244275932085467,1715,1049,666,0.028830527205356563,0.17613599427939933,0.10248326074237794,0.07365273353702138,-0.12002780083334341,-0.6330868916191283,-0.00015823011528537216,-0.8877199350144059
12,60,0.01,0,-0.2,999.0,1,-0.862109615336506,-0.3910402144543961,-0.8697836774214331,-1.2433761212948216,1594,1010,584,0.03568874731846844,0.16440226223753493,0.10004550477800168,0.06435675745953325,-0.06344956302015492,-0.6732451244997991,-0.00018037701795636143,-0.8881008592298537
30,120,0.0,0,0.2,1.5,1,-0.8474174903700635,-0.3754080606938155,-0.8609227604859464,-1.6664549889379343,1685,944,741,0.008028342976012482,0.11132418903984918,0.059676266007930835,0.05164792303191835,-0.17684033065222582,-0.5694681607434573,-0.0002581187714834389,-0.8891921903836855
30,200,0.0,0,0.2,1.5,1,-0.8487873860445918,-0.37681663827711154,-0.8646871597235326,-1.6066796607274716,1849,1040,809,0.01040109211467204,0.12247285965026328,0.06643697588246766,0.05603588376779562,-0.13772746532637792,-0.5578708735330069,-0.00021228999523123027,-0.8894942011752515
12,120,0.005,0,0.2,999.0,1,-0.8503677242042731,-0.3784535345571195,-0.8701596935091425,-1.5294416016547072,1664,985,679,0.013748943639082103,0.11171422999414939,0.06273158681661574,0.04898264317753364,-0.20012670412000588,-0.5700405925575732,-0.0002581385619946279,-0.8900054613944262
20,96,0.005,0,0.0,1.5,1,-0.8514276872289024,-0.37955870778550904,-0.8622106367391378,-1.588570013650906,1559,909,650,0.01576415523629981,0.12237534941168823,0.06906975232399402,0.05330559708769421,-0.22598265057440803,-0.581395012459236,-0.00025399860323320874,-0.8900925268376232
20,60,0.0,0,-0.2,1.5,1,-0.8555802634807771,-0.38394620010777036,-0.8751676839758679,-1.372350386085315,1862,1093,769,0.02486511083663785,0.18127153351101866,0.10306832217382825,0.07820321133719041,0.010436488631085705,-0.6373006262078966,-0.00014013771983514497,-0.8901475613999701
48,120,0.0,0,-0.2,1.5,1,-0.8584097217889991,-0.3869901999719323,-0.8839767566727553,-1.2547262346649253,2183,1242,941,0.02063966716505233,0.2194955470324384,0.12006760709874537,0.09942793993369303,-0.11958251789948215,-0.5208232339656316,-8.926969987119393e-05,-0.8917148900415561
48,200,0.0,0,0.2,1.5,1,-0.8513107068496848,-0.37943644827980993,-0.8672388733415709,-1.583130379152345,1901,1070,831,0.010888643307547293,0.12601573165182345,0.06845218747968537,0.057563544172138076,-0.1640950320700295,-0.5397191258279563,-0.0002021654942616184,-0.8922124039082125
12,120,0.0025,0,0.2,2.5,1,-0.8543872436036507,-0.3826761105631783,-0.8616054034682599,-1.5815045813156965,1698,971,727,0.009425989728921537,0.11330689722420854,0.06136644347656504,0.0519404537476435,-0.18432237097906445,-0.5826608795187354,-0.0002589406157849372,-0.892554041363093
20,60,0.0025,0,0.2,1.5,1,-0.8473423877215941,-0.37533111192113666,-0.8549097676493232,-1.80733440692038,1355,800,555,0.01062861600468049,0.08785672495612039,0.049242670480400444,0.03861405447571995,-0.24401932289786277,-0.6023363770485081,-0.00039530094859859487,-0.8931527160918173
12,120,0.0,0,0.2,2.5,1,-0.8538275325428631,-0.3820829289093276,-0.8671319896416365,-1.5527430129672322,1823,1026,797,0.008840928297471235,0.12117272313592928,0.06500682571670026,0.05616589741922902,-0.11783720851009871,-0.5876412063948644,-0.00022306756735569714,-0.8932860743785075
20,200,0.005,0,0.2,2.5,1,-0.8538973575923815,-0.3821568364202781,-0.8697361277674438,-1.5350262426246264,1732,1005,727,0.011766235454722745,0.11694727946434376,0.06435675745953325,0.05259052200481051,-0.1469200104181626,-0.5927497185640119,-0.0002429270815073648,-0.8937762124352313
20,120,0.005,0,0.0,1.5,1,-0.854205776885157,-0.3824836052100038,-0.8651210778358869,-1.574920373805712,1620,936,684,0.014691542611974258,0.1275433920561659,0.07111746733407008,0.05642592472209582,-0.23168585659209917,-0.5733536913930419,-0.00023931106500280782,-0.8937901628182329
48,60,0.01,0,-0.2,2.5,1,-0.8674479996091022,-0.3970298500521985,-0.8674479996091022,-1.281727960491979,1670,1026,644,0.029318078398231813,0.17207306767210556,0.1006955730351687,0.07137749463693688,-0.1819789652463174,-0.6264502961294931,-0.00017320991667478812,-0.8948402478813485
12,96,0.01,0,-0.2,999.0,1,-0.8684157642094774,-0.39813496166932794,-0.8734586546045581,-1.2119597865381242,1715,1067,648,0.03448612104270948,0.18055645842813495,0.10752128973542222,0.07303516869271273,-0.14887124307741895,-0.6354901660041801,-0.0001577478453692729,-0.8954622782985131
12,60,0.0,0,0.2,999.0,1,-0.8543606681909808,-0.38264790732967424,-0.8693542244998727,-1.574031158171969,1720,1022,698,0.014073977767665604,0.1137294415913671,0.06390170967951635,0.04982773191185075,-0.12504709082115895,-0.6065580561210586,-0.0002543526861127575,-0.896026577488209
20,120,0.01,0,-0.2,999.0,1,-0.8698335432646866,-0.3997650090880329,-0.876228374501573,-1.1884586636122756,1806,1111,695,0.03325099135409218,0.1934278099200416,0.11333940063706689,0.08008840928297471,-0.19463402403684427,-0.6011847131598373,-0.0001395027760226835,-0.8973021295194332
20,60,0.0,0,0.2,1.5,1,-0.8489812628706541,-0.3770167614981558,-0.8621969117298987,-1.7839373353142678,1470,851,619,0.01010856139894689,0.09494246895924072,0.052525515179093804,0.04241695378014691,-0.18103570475240505,-0.6153620435646341,-0.0003482779402528988,-0.8973120841288185
12,60,0.0,0,0.0,1.5,1,-0.8524602834504258,-0.38064104547579747,-0.8705660152672877,-1.629207159051764,1693,988,705,0.01553663134629136,0.1281284534876162,0.07183254241695378,0.05629591107066242,-0.08101426668879164,-0.6256115926921173,-0.0002288902611457697,-0.8973844110620296
48,120,0.01,0,-0.2,999.0,1,-0.8694562211293441,-0.39932990005025026,-0.8829602613028855,-1.150792224059633,1867,1152,715,0.03494116882272639,0.20304882012611325,0.11899499447441982,0.08405382565169343,-0.29805311622853636,-0.5268844570262106,-0.00012532054207705132,-0.8983496419046747
30,120,0.005,0,0.2,2.5,1,-0.8563987408790205,-0.38482210783571824,-0.8689315793866914,-1.591431791794702,1619,941,678,0.01014106481180524,0.10888643307547292,0.05951374894363908,0.04937268413183384,-0.23142823647489608,-0.5801219943362618,-0.00028524853578568187,-0.898859487118799
48,200,0.01,0,-0.2,999.0,1,-0.872568644420022,-0.4029475930121631,-0.8830292058814089,-1.099735835421875,1972,1203,769,0.034551127868426186,0.2151400897094195,0.12484560878892284,0.09029448092049665,-0.3182743963779976,-0.49882644561500844,-0.00010970004896668118,-0.8994489877239613
20,60,0.005,0,0.2,2.5,1,-0.8547418884086471,-0.3830528482350084,-0.8660489057467362,-1.6738264822765652,1415,853,562,0.012286290060456348,0.09276474029773127,0.052525515179093804,0.04023922511863746,-0.16310322479443695,-0.6477843193453476,-0.0003721523554670937,-0.8997686252222048
30,96,0.0025,0,0.2,2.5,1,-0.8585018741378301,-0.3870901036089276,-0.8665560198490522,-1.5937734901330143,1704,976,728,0.009556003380354937,0.11467204056425925,0.062114021972307094,0.05255801859195215,-0.22690643775238362,-0.5708292994718511,-0.0002624179384124327,-0.9000567880401045
20,60,0.0025,0,-0.2,1.5,1,-0.8613021695500478,-0.3901494724957424,-0.8768761605810457,-1.4317850618827097,1729,1028,701,0.02623025417668855,0.16892023662484562,0.09757524540076708,0.07134499122407853,-0.08316368152108611,-0.6408140569396895,-0.00017223516902619099,-0.9001768058804006
12,60,0.0025,0,0.0,1.5,1,-0.8548796561846917,-0.38319938432529355,-0.8667486581348682,-1.678360816852002,1562,923,639,0.016154196190600014,0.11886498082298641,0.06750958850679321,0.0513553923161932,-0.15049588853639795,-0.6268945197017375,-0.00027066661397167426,-0.9004917542353278
30,200,0.01,0,-0.2,2.5,1,-0.870807029953729,-0.40089196840184516,-0.8808397455418544,-1.1912920794061301,1892,1150,742,0.03029318078398232,0.19762075017876876,0.11395696548137554,0.08366378469739323,-0.24691205439509256,-0.5580852360697995,-0.00013058583174141824,-0.9008764451430789
30,60,0.005,0,-0.2,1.5,1,-0.8599970635432229,-0.3887179164264274,-0.8807981477753686,-1.4393978371813654,1645,988,657,0.026750308782422155,0.16059936293310798,0.09367483585776507,0.06692452707534291,-0.1566577757533636,-0.6220539222279549,-0.00018850800409223484,-0.9010868821731799
30,96,0.0,0,0.2,2.5,1,-0.858575473335905,-0.38716992855807375,-0.8709515328898711,-1.5693320331460443,1824,1029,795,0.008970941948904635,0.12234284599882987,0.06565689397386726,0.05668595202496262,-0.16094218348054468,-0.5803294771522401,-0.0002289188029452273,-0.9011122966603116
12,60,0.01,0,0.0,999.0,1,-0.863422080915936,-0.39249645387066956,-0.8693211380956325,-1.4867195112384082,1470,923,547,0.023402457258012092,0.11720730676721056,0.07030488201261133,0.046902424754599235,-0.04878957261323935,-0.7005045965186449,-0.00029069909071363696,-0.9014929984804062
12,200,0.01,0,-0.2,999.0,1,-0.8713026819990202,-0.4014682086352892,-0.8855734968229776,-1.1466013913549467,1903,1168,735,0.03364103230839238,0.20538906585191444,0.11951504908015341,0.08587401677176104,-0.31287056191310547,-0.5148617880403542,-0.00012243637864826383,-0.9015850266145253
48,60,0.0,0,-0.2,1.5,1,-0.8646163715159668,-0.39383071762634914,-0.8790049193846394,-1.3771359877484894,1976,1134,842,0.021224728596502634,0.19654813755444323,0.10888643307547292,0.08766170447897029,-0.10983401123197578,-0.5914121882213429,-0.00012849327866044065,-0.9021899767060934
30,200,0.0,0,-0.2,1.5,1,-0.8658899910180207,-0.3952633657944664,-0.8894942057105852,-1.2486285097403642,2309,1320,989,0.023499967496587143,0.23210687122147824,0.1278034193590327,0.10430345186244555,-0.1738177314894751,-0.48488559960238553,-8.114019148374039e-05,-0.9024418941367772
12,60,0.0025,0,0.2,999.0,1,-0.8582397200332831,-0.3868060265471909,-0.8695129644654163,-1.630764500329334,1592,965,627,0.014821556263407658,0.10570109861535461,0.06026132743938113,0.045439771175973476,-0.1785108779171909,-0.6174064833836006,-0.0003034336036917545,-0.9031007337963657
30,96,0.01,0,0.0,2.5,1,-0.8667492630706697,-0.39623570179737244,-0.8670725941773276,-1.4690922417779162,1570,949,621,0.01862445556783462,0.12699083403757394,0.07280764480270428,0.05418318923486966,-0.22285127326791243,-0.6240137985918146,-0.00025958170031326413,-0.9032266109749321
48,60,0.005,0,0.2,2.5,1,-0.8596324585123337,-0.3883197738616011,-0.8665906081919007,-1.658663067885486,1513,893,620,0.01049860235324709,0.10105311057661054,0.055775856464928816,0.04527725411168173,-0.2521162101823484,-0.6000013623497265,-0.0003343745788639928,-0.9045482313518258
30,96,0.005,0,0.2,999.0,1,-0.8594275519848508,-0.3880963595558836,-0.8756191727857523,-1.5753277029506565,1666,988,678,0.013878957290515505,0.11281934603133328,0.06334915166092439,0.04947019437040889,-0.25799469585435364,-0.5641360266464225,-0.0002727775203014253,-0.9046723310962926
48,96,0.0025,0,0.2,2.5,1,-0.8621821591488626,-0.3911204331503092,-0.8701968542770789,-1.584928760150226,1777,1006,771,0.008905935123187934,0.11993759344731197,0.06442176428524996,0.05551582916206202,-0.1619732008625332,-0.6000417296388574,-0.0002465035817362327,-0.90546529829636
12,120,0.01,0,-0.2,999.0,1,-0.8737429055610176,-0.40432969891589854,-0.8813270202860618,-1.2187915812085353,1774,1094,680,0.03321848794123383,0.18884482870701425,0.11103165832412404,0.0778131703828902,-0.16952955084628352,-0.6308123628151507,-0.0001514894202589239,-0.9059327881193562
20,96,0.01,0,-0.2,999.0,1,-0.8738792831243549,-0.4044908391261788,-0.87985976047038,-1.231053565534419,1745,1077,668,0.03406357667555093,0.18565949424689593,0.10986153546122343,0.0757979587856725,-0.17911872606042245,-0.6322753192672871,-0.00015754949905446935,-0.9059733976380897
30,120,0.0,0,-0.2,1.5,1,-0.8658798144763744,-0.3952518782321155,-0.88930165201369,-1.3261453255475841,2115,1207,908,0.019859585256451928,0.21162972112071768,0.1157446531885848,0.09588506793213288,-0.16915175426501483,-0.5351062498078725,-0.0001075797984355526,-0.9062099705163398
48,60,0.0025,0,0.2,1.5,1,-0.8560351516402245,-0.3844325457575084,-0.8631716231696593,-1.8079840790152193,1452,844,608,0.009295976077488137,0.09582006110641618,0.05255801859195215,0.04326204251446402,-0.28634368207457783,-0.5829923772292933,-0.0003632539200106516,-0.906417561293099
48,120,0.0025,0,0.2,2.5,1,-0.8635115395742377,-0.39259609354320724,-0.8715022114130971,-1.5628326378699604,1845,1042,803,0.009425989728921537,0.12468309172463109,0.06705454072677632,0.05762855099785477,-0.2036483106120459,-0.5687512180738863,-0.00022922291526703621,-0.9064888311432537
12,200,0.005,0,0.2,2.5,1,-0.8605421354245304,-0.3893145778848739,-0.8761803062101983,-1.5989841666562719,1708,990,718,0.011148670610414094,0.1145095234999675,0.0628290970551908,0.0516804264447767,-0.2869221615742863,-0.5404991576420715,-0.0002659452947412508,-0.9073539393227866
30,120,0.01,0,-0.2,2.5,1,-0.8727684722868125,-0.40318211445761365,-0.882644358337962,-1.2649031319142916,1774,1086,688,0.029480595462523566,0.18426184749398686,0.10687122147825522,0.07739062601573166,-0.23123280132743373,-0.598102375254867,-0.00015710662762197483,-0.9077494502223092
12,96,0.01,0,0.0,2.5,1,-0.8683617516940185,-0.3980731233352993,-0.8699904335744113,-1.5043718626050324,1500,917,583,0.019144510173568226,0.12023012416303712,0.06968731716830268,0.05054280699473445,-0.18729253959804015,-0.6570347118550195,-0.00028850107685795715,-0.9082869332527566
48,96,0.0,0,0.2,2.5,1,-0.8637456009226161,-0.3928570245134674,-0.8755925818046447,-1.5707832840032525,1901,1061,840,0.008385880517454333,0.1276734057075993,0.06802964311252682,0.05964376259507248,-0.08059959327330479,-0.6165171204052171,-0.0002174949257884565,-0.9091924796159524
30,200,0.0025,0,-0.2,1.5,1,-0.8693190404244155,-0.39917194380341237,-0.8912656141218948,-1.2883389044384774,2161,1242,919,0.023922511863745693,0.21770785932522915,0.12081518559448742,0.09689267373074173,-0.25176314645339704,-0.4853099644606099,-0.00010243717673103302,-0.9092216960862836
48,120,0.0,0,0.2,2.5,1,-0.8647843246773875,-0.39401906212432847,-0.8776918808309774,-1.5479688879182723,1970,1097,873,0.009068452187479686,0.13264642787492686,0.07085744003120327,0.06178898784372359,-0.12822181448929393,-0.5845602106082761,-0.0002013055307881006,-0.9102634469357308
48,120,0.0025,0,-0.2,1.5,1,-0.8689257305191997,-0.39871975651210734,-0.8901726826137593,-1.3335302387140477,2049,1175,874,0.021549762725086134,0.20681921601768186,0.114184489371384,0.09263472664629786,-0.2265496929536146,-0.5277945478417236,-0.0001184168419065976,-0.9104826097546893
30,60,0.0025,0,0.2,1.5,1,-0.8574260556286472,-0.38592681914648785,-0.8644935787527827,-1.854835059563995,1392,813,579,0.01014106481180524,0.09087954235194695,0.050510303581876095,0.040369238770070856,-0.2543398014401995,-0.6164307755832625,-0.0003989303750011241,-0.910915361501079
20,200,0.005,0,0.0,1.5,1,-0.8655713777957721,-0.3949040159700701,-0.8788343159418663,-1.55422833463079,1769,1025,744,0.016836767860625365,0.13969966846518883,0.0782682181629071,0.06143145030228174,-0.2944164748276138,-0.5384987833558763,-0.0002158457941963436,-0.9120325906725427
48,120,0.005,0,0.2,999.0,1,-0.8644178279117402,-0.3936082944605769,-0.8821791003149181,-1.5476845103454713,1777,1046,731,0.014171488006240655,0.12130273678736267,0.06773711239680166,0.053565624390561006,-0.2670181984926693,-0.5501408667786799,-0.0002453720729643295,-0.9120820701353095
12,96,0.0,0,0.2,999.0,1,-0.8648980465648061,-0.3941466906840668,-0.8783371558074533,-1.5776336592004951,1859,1079,780,0.01300136514334005,0.12429305077033088,0.06864720795683547,0.05564584281349542,-0.18354937954437012,-0.5807149486829868,-0.00023109084364447875,-0.9121969515478182
48,60,0.0,0,0.2,1.5,1,-0.8591180061496588,-0.3877593171253757,-0.8701841885246531,-1.79680670437238,1565,894,671,0.008743418058896184,0.10287330169667815,0.055808359877787164,0.04706494181889098,-0.21585703706120984,-0.6070107602527682,-0.0003259250069464201,-0.9126917466063212
30,60,0.0,0,0.2,1.5,1,-0.8583106318551433,-0.3868828295742358,-0.8707098676856407,-1.8268476373046438,1506,863,643,0.009686017031788337,0.09790027952935058,0.05379314828056946,0.04410713124878112,-0.185834607907702,-0.6304015392392969,-0.0003519889778352788,-0.9135801452822883
48,96,0.005,0,0.0,1.5,1,-0.8654750790824802,-0.39479553055362404,-0.8774413835581334,-1.602127799225396,1652,945,707,0.014203991419099005,0.13056620945199246,0.07238510043554573,0.05818110901644673,-0.25581617741670193,-0.5870100586119595,-0.0002477196201149667,-0.9136226122939606
30,60,0.01,0,-0.2,2.5,1,-0.8765820149047692,-0.4077115987831281,-0.8765820149047692,-1.3575166642809222,1613,999,614,0.03087824221543262,0.16310212572320093,0.09699018396931677,0.06611194175388416,-0.16530169511624937,-0.6687201553376141,-0.00020406653456017177,-0.9138784394495588
48,200,0.005,0,0.2,999.0,1,-0.8683615972721881,-0.3980729465667172,-0.8834265270571475,-1.5002422078870403,1920,1129,791,0.015861665474874862,0.13092374699343431,0.07339270623415459,0.05753104075927972,-0.24510542581995776,-0.5444634082045305,-0.00021303039835869495,-0.914798320489643
20,96,0.01,0,0.0,2.5,1,-0.871998214436422,-0.40227963982611126,-0.8734526636815798,-1.5162743012500155,1534,928,606,0.018786972632126375,0.12377299616459728,0.07127998439836183,0.052493011766235456,-0.17142887742892254,-0.6672842145849733,-0.00028247053021078847,-0.914819686729402
48,60,0.0025,0,-0.2,1.5,1,-0.872252976841248,-0.40257768119069837,-0.8827438867873737,-1.4478640477170326,1845,1070,775,0.02249236169797829,0.18435935773256193,0.1034258597152701,0.08093349801729181,-0.21413134329965733,-0.5909864714713763,-0.00015991627472342393,-0.9163428269702368
48,96,0.005,0,0.2,999.0,1,-0.8663245105832669,-0.3957544743093485,-0.8826950270450131,-1.5900964437431582,1723,1012,711,0.013261392446206851,0.11714229994149386,0.06520184619385036,0.0519404537476435,-0.23470198403991527,-0.5865152859459235,-0.0002671865434918378,-0.916606810019013
30,60,0.005,0,0.2,2.5,1,-0.8652414994707553,-0.3945326328515927,-0.872208530201402,-1.726520085805232,1453,867,586,0.011701228629006046,0.09608008840928298,0.05389065851914451,0.04218942989013846,-0.20804060314751327,-0.6480774467722517,-0.00037728656463044034,-0.9169629022425553
48,60,0.01,0,-0.2,999.0,1,-0.8806083958088745,-0.41260921993466515,-0.8837884532861748,-1.2711016280294718,1726,1070,656,0.03390105961125918,0.18471689527400378,0.10930897744263147,0.0754079178313723,-0.23761756589007155,-0.6287292165396945,-0.00016979314770248168,-0.9180585279792262
48,96,0.01,0,0.0,2.5,1,-0.8744947264475748,-0.40521966018770206,-0.8795653179075674,-1.4930548521405795,1629,976,653,0.018396931677826172,0.13215887668205162,0.07527790417993889,0.05688097250211272,-0.23338267594180884,-0.6302529960481427,-0.00025550137513328456,-0.9196550617485146
20,96,0.0,0,0.2,2.5,1,-0.8681541539500492,-0.3978356238654468,-0.8796919832159223,-1.6524923462733179,1780,1006,774,0.009133459013196385,0.11866996034583631,0.06390170967951635,0.05476825066631996,-0.1532601299927554,-0.6207416132161507,-0.00026230043653070127,-0.9203062327870738
12,96,0.0025,0,0.2,999.0,1,-0.8697120208547718,-0.39962477241093475,-0.8775047404935856,-1.640053420333323,1728,1022,706,0.013813950464798804,0.1160046804914516,0.0649093154781252,0.0510953650133264,-0.24108162898620422,-0.5925882470192454,-0.0002777526102853045,-0.9203798136743937
30,60,0.0,0,-0.2,1.5,1,-0.8731358683216961,-0.4036140183194584,-0.8877215449418215,-1.459517149860442,1908,1110,798,0.023499967496587143,0.18686212052265488,0.10518104400962101,0.08168107651303387,-0.04365124987157032,-0.6555365823662532,-0.00015377374286418806,-0.9204506482833914
20,120,0.0,0,0.2,2.5,1,-0.868953463581049,-0.39875160777721697,-0.8804213452654901,-1.6299339529377654,1853,1040,813,0.008288370278879282,0.12426054735747254,0.06627445881817591,0.057986088539296626,-0.17282698134098906,-0.5997755176242705,-0.00024119547963573706,-0.9204589780568503
30,96,0.0,0,0.0,1.5,1,-0.8685946655814081,-0.39833991987009865,-0.8836713185249258,-1.6138184812886358,1871,1052,819,0.012903854904765,0.14629786127543393,0.07960085809009947,0.06669700318533446,-0.19766139807090388,-0.5825164182769134,-0.0002015966908998326,-0.9208665031969934
20,96,0.0025,0,0.2,2.5,1,-0.8697115560515138,-0.399624236216957,-0.8761700754848766,-1.6899557248622503,1658,953,705,0.009783527270363388,0.11099915491126568,0.06039134109081454,0.050607813820451146,-0.21982892962074807,-0.617319600939356,-0.00030314735251017294,-0.9222070602025078
20,60,0.005,0,0.0,1.5,1,-0.8670201911433277,-0.3965432534010288,-0.8766714817373663,-1.746721174735296,1454,869,585,0.01758434635636742,0.11151920951699928,0.06455177793668335,0.04696743158031593,-0.2166288238560844,-0.6487396220757824,-0.00032902844823999155,-0.9222150530064768
12,120,0.01,0,0.0,2.5,1,-0.876386662011856,-0.4074770398108305,-0.8766104941527851,-1.5331205516359065,1563,942,621,0.01816940778781772,0.12634076578040696,0.07225508678411233,0.054085678996294614,-0.21007392297710348,-0.6580481959969142,-0.0002812891442684053,-0.9224383144690185
30,120,0.0025,0,-0.2,1.5,1,-0.8747689235243057,-0.40554523315450364,-0.8948795712598313,-1.401341863032964,1983,1141,842,0.020964701293635833,0.19895339010596114,0.10995904569979847,0.08899434440616265,-0.26729727946605153,-0.5392185626778425,-0.00013748670206203286,-0.9230521119360674
20,120,0.0025,0,0.2,2.5,1,-0.8706728446822334,-0.4007362510410877,-0.877951608961032,-1.6674402505347616,1731,987,744,0.008970941948904635,0.11649223168432686,0.06273158681661574,0.05376064486771111,-0.23818587547272674,-0.5965250463993041,-0.00027929893567902236,-0.9230840680483418
30,96,0.0025,0,0.0,1.5,1,-0.8709975407923842,-0.4011132580350798,-0.8806504712653089,-1.6596585489883369,1743,990,753,0.013748943639082103,0.13706689202366248,0.0754079178313723,0.06165897419229019,-0.27079772168509264,-0.5770078896420757,-0.00023602730159458216,-0.9244214211171511
20,60,0.01,0,-0.2,2.5,1,-0.8811074764180012,-0.41322487941786834,-0.8839448446914547,-1.400090081414964,1573,980,593,0.032145875316908275,0.15767405577585647,0.09490996554638237,0.0627640902294741,-0.12709385845334908,-0.7008802921790834,-0.000223797886272392,-0.9252018058343439
48,60,0.005,0,0.0,1.5,1,-0.8699920650976255,-0.3999480906407247,-0.8794276656603097,-1.7136237686519793,1543,898,645,0.01537411428199961,0.12094519924592083,0.06815965676396021,0.05278554248196061,-0.2512695621148251,-0.6243474369082261,-0.00029514448250257533,-0.9253431119034785
48,120,0.005,0,0.0,1.5,1,-0.8726843252921923,-0.40308332445512063,-0.8839546333761369,-1.6154119074243825,1705,980,725,0.014854059676266008,0.13498667360072808,0.07492036663849705,0.06006630696223103,-0.30311077265413533,-0.5714053353232702,-0.00024486009625764385,-0.9258312365144082
30,200,0.005,0,0.2,999.0,1,-0.8723961447524895,-0.4027453660279038,-0.8901800155069126,-1.5668055173679558,1867,1099,768,0.01540661769485796,0.1276083988818826,0.07150750828837028,0.056100890593512316,-0.22251512748643876,-0.5824705300502677,-0.00023550828928236948,-0.9261756496497578
48,200,0.0025,0,0.2,2.5,1,-0.8752244190563437,-0.4060872573834411,-0.8851780782350668,-1.5619007818614763,2007,1133,874,0.010823636481830592,0.13537671455502828,0.07310017551842944,0.06227653903659884,-0.1758259304531814,-0.5869200111281754,-0.00020934610486675892,-0.9267713355940482
12,200,0.005,0,0.0,1.5,1,-0.8731314646026794,-0.40360883584156637,-0.8856485127585693,-1.6273979480197465,1753,1017,736,0.016316713254891764,0.13742442956510434,0.07687057140999805,0.060553858155106284,-0.37975795308188776,-0.5084733927531605,-0.00023608903510263362,-0.9278029896218383
20,120,0.01,0,0.0,2.5,1,-0.879313455211597,-0.41102074617116924,-0.8796062994763597,-1.5409032306141857,1599,962,637,0.01797438731066762,0.12913605928622504,0.07355522329844634,0.055580835987778715,-0.23117812218171796,-0.6507484096691302,-0.0002760302605324584,-0.9278690574400583
12,96,0.0,0,0.0,1.5,1,-0.8712872566932119,-0.40145025026459524,-0.8864931441768401,-1.6659241543547458,1807,1031,776,0.014203991419099005,0.1389520899694468,0.0765780406942729,0.06237404927517389,-0.21058207040481192,-0.5974704627316196,-0.00022605719213307108,-0.9279930300707526
30,200,0.01,0,-0.2,999.0,1,-0.8860692312267996,-0.41945355845442633,-0.8974804559281145,-1.1992854624984117,1948,1193,755,0.03481115517129298,0.21104465968926736,0.12292790743028018,0.0881167522589872,-0.3096876614030487,-0.5627759898341951,-0.0001327069204122372,-0.9281580595434042
12,120,0.0,0,0.2,999.0,1,-0.8742558470135758,-0.40493645662018585,-0.8865062972607706,-1.6193671101093634,1941,1108,833,0.012026262757589548,0.13001365143340052,0.07101995709549502,0.05899369433790548,-0.20041412881112763,-0.5848444110756614,-0.00022761223429289065,-0.9291579607560393
20,96,0.005,0,0.2,999.0,1,-0.8716301049483027,-0.40184978049810616,-0.8871883985008447,-1.6757138788123613,1626,969,657,0.014203991419099005,0.10963401157121498,0.06191900149515699,0.04771501007605799,-0.2420925942455795,-0.6180409988078017,-0.000314629870642256,-0.9292296736891466
30,60,0.0025,0,-0.2,1.5,1,-0.8784130303439232,-0.40992373107160807,-0.8894667136440401,-1.5210655458632742,1776,1046,730,0.024832607423779497,0.17454332704934017,0.09968796723655984,0.07485535981278034,-0.13904256740184928,-0.6567146259202432,-0.0001860590167037338,-0.9307103651867918
20,120,0.005,0,0.2,999.0,1,-0.8736774123779628,-0.4042523602344632,-0.8890231353276495,-1.661803482392379,1692,999,693,0.013293895859065203,0.1145745303256842,0.0639342130923747,0.0506403172333095,-0.2649485801949161,-0.5994393269791709,-0.00029480859853893096,-0.9318541020179069
30,60,0.01,0,-0.2,999.0,1,-0.8865992450671867,-0.42013085174409637,-0.8906959677142386,-1.3286231691955463,1671,1042,629,0.035298706364168236,0.175453422609374,0.10537606448677111,0.07007735812260288,-0.20460018604568864,-0.6711678713472055,-0.00019474605385060386,-0.9319099940609931
30,200,0.0025,0,0.2,2.5,1,-0.8776054316232225,-0.40894497774248495,-0.8876295604851208,-1.6261445567966755,1940,1098,842,0.01033608528895534,0.1311187674705844,0.07072742637976988,0.06039134109081454,-0.17268750477503858,-0.6096415719933188,-0.00023169898770564117,-0.9340669858248791
48,120,0.01,0,0.0,2.5,1,-0.882121961234277,-0.4144823312652024,-0.8878573455979043,-1.5166327941805682,1673,1006,667,0.019014496522134824,0.136091789637912,0.0775531430800234,0.058538646557888575,-0.2890721236467322,-0.6171879992653602,-0.0002563089901952452,-0.934242643773183
12,96,0.0025,0,0.0,1.5,1,-0.8753207623738761,-0.40620209265539886,-0.8843696214730035,-1.726114107756366,1676,968,708,0.015081583566274459,0.12962361047910032,0.07235259702268738,0.057271013456412924,-0.2804391363320763,-0.5993580744234649,-0.0002681153528641319,-0.9346926087797189
48,200,0.005,0,0.0,1.5,1,-0.8788528473610545,-0.410458809899764,-0.8911378844507651,-1.5831188538413816,1841,1061,780,0.017551842943509068,0.14594032373399207,0.08174608333875057,0.0641942403952415,-0.3611125955381649,-0.5238355908686887,-0.00021898463227424463,-0.9351836948172156
20,200,0.0025,0,0.2,2.5,1,-0.8780396806592535,-0.40947065347784783,-0.887426000444136,-1.6571409504779375,1903,1077,826,0.01014106481180524,0.1285184944419164,0.06932977962686082,0.05918871481505558,-0.19120089693869835,-0.6094178122615403,-0.00024334540690419264,-0.9360407012238127
12,120,0.0025,0,0.2,999.0,1,-0.8779056939189992,-0.4093083077272013,-0.8861412848273246,-1.6755605142466299,1807,1049,758,0.01280634466618995,0.12156276409022948,0.06718455437820971,0.05437820971201976,-0.25204513945426266,-0.5970016987011512,-0.00027078514868276153,-0.9361569758531951
48,200,0.0,0,0.2,2.5,1,-0.8797409468113292,-0.41154372136138573,-0.8930374091383155,-1.5694675261339046,2146,1199,947,0.010986153546122342,0.14477020087109146,0.0778781772086069,0.06689202366248456,-0.12639740557163814,-0.5973586416073283,-0.00018731923145666013,-0.9365358022372388
20,60,0.0025,0,0.2,2.5,1,-0.8763095770419274,-0.4073845608370241,-0.8825060330489678,-1.7873175206452405,1533,907,626,0.011603718390430996,0.10098810375089384,0.05629591107066242,0.044692192680231425,-0.1980077332970781,-0.6680016969998546,-0.0003726699874764739,-0.93800345339377
30,120,0.01,0,-0.2,999.0,1,-0.8895476873093907,-0.42394254818906163,-0.9006066924883779,-1.280128028281964,1832,1130,702,0.03373854254696743,0.19729571605018528,0.11551712929857635,0.08177858675160891,-0.29068175135721186,-0.6107336054093261,-0.00016042717981586807,-0.9382522958473487
20,60,0.0,0,0.2,2.5,1,-0.8760505585110054,-0.40707413200573306,-0.8868973734569882,-1.7559393270515011,1655,960,695,0.010986153546122342,0.10856139894688942,0.059773776246505886,0.04878762270038354,-0.14016693715428474,-0.6701632885986901,-0.0003263703712072868,-0.9383197850868021
30,200,0.0,0,0.2,2.5,1,-0.8799289013364715,-0.4117740981486945,-0.8926391739980756,-1.6182857256606995,2079,1164,915,0.01033608528895534,0.14021972307092245,0.07527790417993889,0.06494181889098355,-0.11521846280200987,-0.6161474352413826,-0.0002038682812998494,-0.9390079714307673
12,120,0.0,0,0.0,1.5,1,-0.8782633876854894,-0.40974200752196654,-0.8929557019891061,-1.6898966792520234,1871,1058,813,0.013261392446206851,0.14522524865110836,0.07924332054865761,0.06598192810245075,-0.2200389328081812,-0.6021380750530301,-0.00022057001421959776,-0.9407146924791208
20,200,0.005,0,0.2,999.0,1,-0.8790434624539326,-0.4106911635237034,-0.8962832033403885,-1.6386025350096671,1836,1081,755,0.015081583566274459,0.1253331599817981,0.07020737177403627,0.05512578820776182,-0.24179063521883104,-0.6004029803520355,-0.0002590719210889543,-0.940762891944381
20,200,0.0,0,0.2,2.5,1,-0.8800373506385394,-0.4119071480131009,-0.8935242558571777,-1.6462811182460395,2041,1142,899,0.010043554573230189,0.137391926152246,0.0737177403627381,0.0636741857895079,-0.13626583836756,-0.614544446782941,-0.00021406702776941995,-0.9409833318539917
48,60,0.01,0,0.0,2.5,1,-0.8852229738234618,-0.41837702446222713,-0.8866367463325319,-1.6117046093428928,1526,927,599,0.01862445556783462,0.12270038354027173,0.07066241955405318,0.05203796398621855,-0.2551657716759841,-0.6694441092319369,-0.00031520739287490824,-0.9422806280956377
20,96,0.0,0,0.0,1.5,1,-0.8789490306057091,-0.41057601987692705,-0.8928376863601277,-1.7078485044001959,1829,1034,795,0.013651433400507054,0.14223493466814016,0.0779431840343236,0.06429175063381655,-0.22617628912346632,-0.6095298258043003,-0.0002318316391289576,-0.9423872882770007
20,60,0.01,0,-0.2,999.0,1,-0.8913329321544249,-0.42628770460130583,-0.8984804222173921,-1.3720948338366028,1632,1024,608,0.03640382240135214,0.16966781512058765,0.1030358187609699,0.06663199635961777,-0.16969087682394313,-0.7039731787603039,-0.00021411707816553212,-0.944132657401832
12,96,0.01,0,0.0,999.0,1,-0.8876419957928021,-0.42147031816024216,-0.8900410670162078,-1.5654303428212082,1589,978,611,0.022622375349411687,0.12877852174478321,0.07570044854709744,0.05307807319768576,-0.2008134632723897,-0.6887645098959707,-0.0002941759549151634,-0.9447623688094064
20,60,0.005,0,0.2,999.0,1,-0.8780478555936772,-0.409480563007786,-0.8945633363785779,-1.7688210786021417,1510,924,586,0.015601638172008062,0.10004550477800168,0.05782357147500487,0.04222193330299681,-0.23153404968418956,-0.6622937126328987,-0.00038287430562361735,-0.9452032851271821
30,120,0.005,0,0.2,999.0,1,-0.8807904198163206,-0.41283353852905125,-0.8953582938454134,-1.6948518438101423,1720,1015,705,0.013293895859065203,0.11697978287720211,0.06513683936813365,0.05184294350906845,-0.2994044676570129,-0.5978107540546267,-0.0003000366972387077,-0.9452552776422651
12,120,0.0025,0,0.0,1.5,1,-0.8811797355299458,-0.4133141778139674,-0.8901221625376207,-1.742599457630436,1737,992,745,0.014041474354807255,0.13573425209647014,0.07488786322563869,0.060846388870831436,-0.2839399441201146,-0.6044329105751372,-0.0002591648732692095,-0.9455052319642996
30,120,0.0025,0,0.2,2.5,1,-0.8823690978589146,-0.41478988479712375,-0.8889403516890405,-1.7319572487833146,1772,1006,766,0.008775921471754534,0.11948254566729506,0.0641292335695248,0.055353312097770266,-0.2661269313387,-0.6111504357935735,-0.0002915497831206739,-0.9458579230808097
20,60,0.01,0,0.0,2.5,1,-0.8857268113465528,-0.41901724242388605,-0.8883665775061523,-1.6554462572251796,1426,885,541,0.02073717740362738,0.11246180848989144,0.0665994929467594,0.045862315543132026,-0.21849794243024778,-0.7016379210342857,-0.00036202435034873084,-0.9459728440382211
30,96,0.0,0,0.2,999.0,1,-0.8828086968967589,-0.41533815079469705,-0.8946158810177097,-1.668318299260706,1943,1110,833,0.012026262757589548,0.1313787947734512,0.07170252876552038,0.059676266007930835,-0.25069965852196296,-0.5867031868864436,-0.00024186229075615084,-0.9460620062665872
30,200,0.005,0,0.0,1.5,1,-0.8834076453283881,-0.41608764348545035,-0.8954730314029268,-1.6490364541793396,1800,1041,759,0.017356822466358966,0.14216992784242347,0.0797633751543912,0.062406552688032246,-0.3475980604684946,-0.5603393350882153,-0.000239854612498617,-0.9462759818958808
20,120,0.0,0,0.0,1.5,1,-0.8818101123609156,-0.4140949344804349,-0.8953750697954879,-1.6970363146558998,1900,1065,835,0.0125138139504648,0.14837807969836833,0.08044594682441657,0.06793213287395176,-0.23446681219704646,-0.6007000703239813,-0.00021842472398091143,-0.9466342851109738
30,96,0.01,0,0.0,999.0,1,-0.8895957729565064,-0.4240053413382706,-0.8905574869930797,-1.5548267093504327,1655,1008,647,0.022069817330819735,0.13576675550932849,0.0789182864200741,0.05684846908925437,-0.24569707302817712,-0.6651051515663533,-0.00027394909652868425,-0.947025420302332
30,60,0.01,0,0.0,2.5,1,-0.8869979889856775,-0.4206419639525594,-0.8887830748722453,-1.6489055967022543,1466,898,568,0.019892088669310276,0.11642722485861015,0.06815965676396021,0.04826756809464994,-0.2317365497637317,-0.6938082631490115,-0.00034633428874115214,-0.9474787812237948
30,120,0.005,0,0.0,1.5,1,-0.882582691030503,-0.4150560850671998,-0.8930272336495045,-1.726192357448486,1659,956,703,0.014561528960540858,0.13046869921341742,0.07251511408697914,0.05795358512643828,-0.33174370512074103,-0.5971657123055163,-0.00028110028358620866,-0.9478793197643764
20,96,0.0025,0,0.0,1.5,1,-0.8820855879317206,-0.4144371066847091,-0.890643475522932,-1.7628976442017057,1700,972,728,0.014561528960540858,0.13306897224208541,0.07381525060131314,0.05925372164077228,-0.2909824685077582,-0.6108181806362207,-0.0002713047688983152,-0.9479037266562604
12,60,0.005,0,0.0,2.5,1,-0.8860210998335674,-0.4193921694562609,-0.8953352049039605,-1.6403296450442986,1596,968,628,0.019307027237859976,0.12474809855034778,0.07202756289410388,0.052720535656243905,-0.03380877724344156,-0.7379313682438602,-0.0003040230626579895,-0.949076254160456
30,120,0.0,0,0.2,2.5,1,-0.8839291380011662,-0.41674256632371287,-0.8937634289688163,-1.7172972761595726,1894,1059,835,0.008223363453162581,0.12738087499187414,0.06780211922251836,0.059578755769355785,-0.20561213991517857,-0.6232351845535551,-0.0002601073276772119,-0.9494891446160997
12,200,0.0025,0,0.2,2.5,1,-0.8844259799544038,-0.4173685863925609,-0.8933207968656444,-1.727835988256466,1871,1060,811,0.009718520444646687,0.12569069752323994,0.06770460898394332,0.057986088539296626,-0.34097001474728295,-0.5529674600599643,-0.00026800941175188616,-0.9504207842382063
30,60,0.005,0,0.0,1.5,1,-0.8815003218723414,-0.4137108527012311,-0.8901006863843911,-1.8346001658020252,1491,880,611,0.016966781512058767,0.11512708834427615,0.06604693492816746,0.04908015341610869,-0.24738869288648846,-0.6681101760177337,-0.000345158473510075,-0.950491204183528
20,200,0.01,0,0.0,2.5,1,-0.8906104774300914,-0.42533521036047384,-0.8963744627196392,-1.5538028620748732,1715,1028,687,0.019177013586426574,0.13937463433660535,0.07927582396151596,0.060098810375089386,-0.25204518838504486,-0.6551731954291238,-0.0002615435573600081,-0.951212584824037
48,60,0.005,0,0.2,999.0,1,-0.883523690900458,-0.41623319046104135,-0.8951346382175978,-1.7628613867193945,1613,966,647,0.013846453877657153,0.10888643307547292,0.06136644347656504,0.04751998959890789,-0.31877309620687966,-0.6169178620988933,-0.00034775553151926273,-0.9519435789058099
48,60,0.0025,0,0.2,2.5,1,-0.8839838515882825,-0.41681140681212936,-0.8913669396027415,-1.7929468230542451,1647,952,695,0.009523499967496588,0.11047910030553208,0.060001300136514335,0.05047780016901775,-0.2874680196351703,-0.6289392415379984,-0.00034021077839718484,-0.9521422177662123
30,96,0.0025,0,0.2,999.0,1,-0.8858345970662737,-0.4191544786156297,-0.8943032071142935,-1.7217139069289014,1812,1052,760,0.0127738412533316,0.12302541766885523,0.06789962946109342,0.05512578820776182,-0.29998518729336,-0.5963578740772926,-0.0002840319962690919,-0.9523917775192214
20,120,0.0025,0,0.0,1.5,1,-0.8850249333250013,-0.4181259544499284,-0.893632870099007,-1.7518169962261854,1771,1003,768,0.013456412923356953,0.13911460703373854,0.07628550997854774,0.0628290970551908,-0.2988809097275116,-0.6023730467836765,-0.00025576240368967005,-0.9525332393107412
48,60,0.0,0,0.2,2.5,1,-0.884911383972023,-0.4179821460653459,-0.8948413280519788,-1.7719364731360756,1768,1005,763,0.008970941948904635,0.11811740232724437,0.06354417213807449,0.05457323018916986,-0.22422433363502436,-0.6408229760767821,-0.00030247440804259906,-0.9539996337481391
48,120,0.0,0,0.2,999.0,1,-0.8885089533550097,-0.42259108253044475,-0.8989905193566899,-1.6488692624723178,2090,1180,910,0.012091269583306247,0.14203991419099005,0.07706559188714815,0.0649743223038419,-0.23672874830568602,-0.5845561653982848,-0.000215480720624016,-0.9545298053324056
12,200,0.005,0,0.2,999.0,1,-0.8851927169436393,-0.41833864465841064,-0.9019675200005419,-1.7064350979222331,1810,1066,744,0.014496522134824157,0.12279789377884678,0.06864720795683547,0.05415068582201131,-0.3628972717521123,-0.5544517188866178,-0.00028283860241580544,-0.9546441595547932
48,96,0.0,0,0.2,999.0,1,-0.8882225269324284,-0.4222200826885971,-0.8972780549357323,-1.676686936891285,2020,1143,877,0.011441201326139244,0.13683936813365402,0.07414028472989664,0.06269908340375739,-0.18782379484032086,-0.6220353803551023,-0.000232820115642539,-0.9546934570010276
12,200,0.0,0,0.2,2.5,1,-0.8861625900203519,-0.41957268801471437,-0.8989608598727016,-1.714689153834467,2007,1123,884,0.009393486316063187,0.13440161216927776,0.07189754924267049,0.06250406292660729,-0.2936155059568517,-0.5602889786969293,-0.0002366929286629658,-0.9547875756427886
20,96,0.01,0,0.0,999.0,1,-0.8924658671409387,-0.42779098619984646,-0.8951859890568995,-1.589869845123141,1620,987,633,0.022232334395111488,0.13248391081063512,0.07735812260287331,0.05512578820776182,-0.18822236175011287,-0.7021649825410018,-0.0002923112135386072,-0.9548774729844532
12,120,0.01,0,0.0,999.0,1,-0.8932852245020939,-0.42888559959092754,-0.8953247452583066,-1.5830422942022695,1650,1002,648,0.021582266137944485,0.13508418383930312,0.0783332249886238,0.05675095885067932,-0.22647321972334689,-0.6851296609957905,-0.00028419310866902036,-0.9557000869301944
30,60,0.005,0,0.2,999.0,1,-0.8847495887352239,-0.4177774187073908,-0.8974282514761434,-1.803114170195815,1551,939,612,0.01514659039199116,0.1036208801924202,0.05938373529220568,0.04423714490021452,-0.26588263431102677,-0.658998268709547,-0.0003800770397801311,-0.9566472529552532
30,60,0.0,0,0.2,2.5,1,-0.8859904923624189,-0.41935314138412627,-0.8959674637514933,-1.812555488356993,1699,972,727,0.01020607163752194,0.11226678801274134,0.06123642982513164,0.051030358187609696,-0.16907650916555372,-0.6790735888093635,-0.0003324997777875461,-0.9579646476777226
48,120,0.0025,0,0.2,999.0,1,-0.8903587878794511,-0.42500448707557903,-0.8982878023727432,-1.691411353846582,1954,1120,834,0.012578820776181499,0.13336150295781057,0.07297016186699604,0.06039134109081454,-0.292639655137507,-0.5881444341134893,-0.0002515566610007723,-0.9587189559542797
30,60,0.0025,0,0.2,2.5,1,-0.8867491573240374,-0.4203228518387603,-0.8923631070044603,-1.848219682340783,1578,920,658,0.010726126243255541,0.10472599622960412,0.05772606123642982,0.046999934993174286,-0.23105854405023007,-0.6757408753988914,-0.00037874534555563596,-0.9589153894580297
48,200,0.0025,0,0.2,999.0,1,-0.8925241814813398,-0.4278686836834451,-0.8992063462622565,-1.6295522916512137,2122,1215,907,0.014138984593382305,0.14460768380679973,0.079373334200091,0.06523434960670871,-0.261197688912745,-0.5795791980106114,-0.00021391768198358686,-0.958949471397134
12,60,0.005,0,-0.2,2.5,1,-0.8957531974191834,-0.43222119624908284,-0.9055713467007888,-1.48012709142328,1757,1071,686,0.030130663719690566,0.17399076903074823,0.10206071637521939,0.07193005265552883,0.04871098883158265,-0.7606518689362338,-0.00020927569364070057,-0.9590132241706413
48,96,0.0025,0,0.2,999.0,1,-0.8900264492151433,-0.4245686606164878,-0.8971749314707933,-1.7205180602814094,1886,1084,802,0.012123772996164597,0.12842098420334136,0.07027237859975298,0.05814860560358838,-0.2497643736362709,-0.6235280014661724,-0.00027062628427579214,-0.959182029365955
20,96,0.0,0,0.2,999.0,1,-0.8889466348406683,-0.42315938121243624,-0.8998882788041394,-1.7358508142679403,1897,1087,810,0.012253786647597997,0.12744588181759084,0.06984983423259442,0.057596047584996424,-0.2324069382673012,-0.626378366253225,-0.00026993852116678595,-0.959896061327903
48,200,0.0,0,0.2,999.0,1,-0.8931948498871455,-0.4287645559065626,-0.9031870297011553,-1.607210884986881,2271,1285,986,0.014138984593382305,0.15468374179288824,0.08441136319313527,0.07027237859975298,-0.2250006960513009,-0.5709028866246375,-0.00018436590352836606,-0.9607186150064843
20,120,0.0,0,0.2,999.0,1,-0.8907168044560752,-0.4254750968431136,-0.9014485005870869,-1.721502715837774,1972,1122,850,0.011376194500422545,0.1331989858935188,0.07228759019697069,0.06091139569654814,-0.2597635380458828,-0.6041739607004253,-0.0002517619179607988,-0.9622744829285458
48,200,0.01,0,0.0,2.5,1,-0.8988935880973313,-0.4365522982907448,-0.901809242403782,-1.5614609848445453,1775,1054,721,0.019079503347851523,0.14434765650393291,0.08171357992589222,0.0626340765780407,-0.3169140764997358,-0.6403864010934122,-0.0002605250354695596,-0.9655299687348631
12,200,0.01,0,0.0,2.5,1,-0.897886391717158,-0.4351523605336115,-0.9036713458386669,-1.6211430221394014,1702,1019,683,0.018591952154976273,0.13755444321653773,0.078073197685757,0.059481245530780734,-0.35144039676483907,-0.6311831456456787,-0.0002835267288723304,-0.9680451845599151
12,60,0.005,0,0.0,999.0,1,-0.896369684921267,-0.433063639344479,-0.9063599316333915,-1.6399192583299378,1696,1038,658,0.02362998114802054,0.13453162582071118,0.07908080348436586,0.055450822336345316,-0.056470651993203225,-0.7434894527890147,-0.00028877850181555716,-0.9682395680776716
20,96,0.0025,0,0.2,999.0,1,-0.8934394445712183,-0.4290923325727205,-0.8997726917479936,-1.8045755466050073,1765,1030,735,0.013131378794773451,0.11915751153871157,0.0661444451667425,0.05301306637196906,-0.2844972047948686,-0.6399640487482505,-0.0003195689482049164,-0.9692074557769677
20,60,0.0,0,0.0,1.5,1,-0.8903981393122843,-0.4250561577992791,-0.902973193611744,-1.8539394227237187,1714,991,723,0.015894168887733214,0.13037118897484234,0.07313267893128779,0.057238510043554576,-0.2165014985710757,-0.6703423134013513,-0.0002944180103181272,-0.969239725741337
12,96,0.005,0,-0.2,2.5,1,-0.9024874420292376,-0.44163435682776975,-0.9101184763929379,-1.4553316627294433,1891,1127,764,0.02824546577390626,0.1908925437170903,0.10956900474549827,0.08132353897159202,-0.06555402312617131,-0.7313205356805385,-0.0001870717454389257,-0.9694601781607108
30,96,0.005,0,-0.2,2.5,1,-0.9028985140581108,-0.44222455571088704,-0.9128113320348464,-1.423651374581564,1970,1159,811,0.026912825846713905,0.2023012416303712,0.11460703373854254,0.08769420789182865,-0.1346114232314637,-0.6994603591056981,-0.0001691190832370547,-0.9698127904573884
48,96,0.005,0,-0.2,2.5,1,-0.9025570596469948,-0.44173417933666204,-0.9169620250310951,-1.3934153987448012,2031,1188,843,0.0260027302866801,0.21003705389065852,0.11801989208866931,0.09201716180198921,-0.13214132723583527,-0.6899457332553749,-0.0001562427322710738,-0.9698859617894497
48,96,0.0,0,0.0,1.5,1,-0.894030715308012,-0.42988701929422335,-0.9069404187041249,-1.7407283301317582,1946,1082,864,0.011896249106156146,0.15263602678281218,0.08226613794448417,0.07036988883832802,-0.22030482652193173,-0.640309170653269,-0.0002286578663117092,-0.9703936451528737
30,200,0.0,0,0.2,999.0,1,-0.8968086728888205,-0.4336658185834189,-0.9065276581205852,-1.679431617746397,2205,1251,954,0.013521419749073654,0.15003575375414419,0.08177858675160891,0.06825716700253527,-0.21621648826295925,-0.6033782893349167,-0.00020679495704899935,-0.9709012285310313
20,60,0.0,0,0.2,999.0,1,-0.893074716466407,-0.4286037734315937,-0.9032016138656371,-1.816331024362561,1763,1038,725,0.014138984593382305,0.11671975557433531,0.06542937008385881,0.0512903854904765,-0.21690904935577016,-0.6702426149001428,-0.00032627759725087195,-0.9710211315825403
20,200,0.0025,0,0.0,1.5,1,-0.895534389579496,-0.4319230887861125,-0.9058411301134889,-1.7326802566638726,1953,1105,848,0.014984073327699408,0.15351361892998766,0.08424884612884354,0.06926477280114413,-0.35459439539996496,-0.5701318850392023,-0.00022881239364218203,-0.9714776666760506
20,120,0.0025,0,0.2,999.0,1,-0.8948519188832327,-0.43099627604268154,-0.9025857072195104,-1.7863672270849411,1839,1064,775,0.012253786647597997,0.12478060196320613,0.06851719430540207,0.05626340765780407,-0.3078425853409754,-0.6189077483891541,-0.0002976338307743503,-0.9716074910066838
48,96,0.01,0,0.0,999.0,1,-0.9004200767785345,-0.4386940837643756,-0.9052163124191598,-1.6091432380229171,1713,1035,678,0.021907300266527985,0.14099980497952286,0.08145355262302542,0.05954625235649743,-0.2755093300033401,-0.6762533835797662,-0.0002794506014621777,-0.9717594018751012
20,60,0.0025,0,0.0,1.5,1,-0.8920811712168956,-0.42727921087550047,-0.8999136082320265,-1.9038227817370426,1584,929,655,0.016739257622050314,0.12127023337450432,0.06900474549827731,0.05226548787622701,-0.2732870155671837,-0.6720696956464467,-0.0003395527042618114,-0.9724271540783659
12,60,0.005,0,-0.2,999.0,1,-0.903478338025117,-0.4430602336994012,-0.9155815612744085,-1.4342882303381208,1833,1127,706,0.03578625755704349,0.18790222973412207,0.11184424364558279,0.0760579860885393,-0.030812563103479684,-0.7509150722909563,-0.00019531419367765926,-0.9725654258535115
48,96,0.0025,0,0.0,1.5,1,-0.8952343028471985,-0.43151500585244196,-0.9045534551810857,-1.7803618689706997,1819,1021,798,0.01280634466618995,0.14347006435675747,0.0781382045114737,0.06533185984528375,-0.29628999479019524,-0.6302442013878926,-0.00026148695184613664,-0.9728098268915197
20,120,0.01,0,0.0,999.0,1,-0.9013646099415563,-0.44003169484929694,-0.9025207879596963,-1.6345743633670133,1687,1021,666,0.021322238835077684,0.13800949099655463,0.07966586491581616,0.05834362608073848,-0.253779138007615,-0.692684554751434,-0.0002917803205936346,-0.9730208069974958
30,200,0.0025,0,0.2,999.0,1,-0.897419236784531,-0.4345065573381166,-0.9059346604848059,-1.7134076637941238,2054,1179,875,0.013651433400507054,0.14021972307092245,0.07693557823571474,0.0632841448352077,-0.25610870806829866,-0.6147980949339855,-0.0002415314028178706,-0.9731442707702257
20,200,0.0,0,0.0,1.5,1,-0.8964271290215509,-0.43314232908482864,-0.910714656912227,-1.7113696635603708,2098,1180,918,0.014756549437690957,0.16407722810895145,0.0894168887733212,0.07466033933563024,-0.31036277990857486,-0.5711413585672092,-0.00020031143440781086,-0.9740681407189606
48,60,0.0,0,0.0,1.5,1,-0.8948030501906162,-0.43093008430722834,-0.9059581976155112,-1.8317202585053765,1810,1024,786,0.013358902684781902,0.1410973152180979,0.0772281089514399,0.063869206266658,-0.23650249734457596,-0.6593327970315028,-0.0002682023090282331,-0.9754951960402527
20,60,0.01,0,0.0,999.0,1,-0.9013104005449564,-0.43995466647377324,-0.9052592332860547,-1.703094167797791,1512,944,568,0.024020022102320744,0.12062016511733732,0.07232009360982904,0.048300071507508285,-0.2320039353020723,-0.7262707994493072,-0.00036136673617217824,-0.9777389915066902
30,60,0.01,0,0.0,999.0,1,-0.9019891457315006,-0.440921420801747,-0.904414465916567,-1.6932867481350793,1552,957,595,0.02333745043229539,0.12494311902749788,0.07414028472989664,0.05080283429760125,-0.24402647913004005,-0.7182496982820898,-0.00034461052407519917,-0.9777929911667844
20,60,0.0025,0,0.2,999.0,1,-0.8960583862435211,-0.4326377749968173,-0.9038496399593893,-1.876961307781087,1633,981,652,0.014919066501982709,0.10859390235974778,0.06175648443086524,0.04683741792888253,-0.2610607988253044,-0.6816749082953171,-0.00038035849449645644,-0.9784106603655662
48,60,0.0025,0,0.0,1.5,1,-0.8961711110866819,-0.4327918748240489,-0.9037067120743374,-1.8770347127708114,1683,963,720,0.014203991419099005,0.13199635961775988,0.07310017551842944,0.05889618409933043,-0.30959328234551386,-0.6510498415424417,-0.00030690995226001743,-0.9784969664997581
20,200,0.0,0,0.2,999.0,1,-0.8994883763796709,-0.43738393207625115,-0.9104375330358534,-1.7289371307316987,2165,1228,937,0.0131638822076318,0.1469479295326009,0.08005590587011636,0.06689202366248456,-0.24874954499796975,-0.6049310599517235,-0.0002226519100851065,-0.9790495551307627
48,60,0.01,0,0.0,999.0,1,-0.9034328491650808,-0.4429945365207336,-0.9054895051307719,-1.6811349571597405,1610,986,624,0.022167327569394785,0.1313787947734512,0.076773061171423,0.054605733602028216,-0.2770616238463063,-0.7011710784177578,-0.00032293457425002945,-0.9797960369441066
30,200,0.01,0,0.0,2.5,1,-0.9039925713210136,-0.44380453309047074,-0.9083388679311872,-1.6367923188191047,1742,1041,701,0.019112006760709874,0.14125983228238964,0.08018591952154976,0.061073912760839885,-0.3240286011797212,-0.6605767321008422,-0.0002839173992324908,-0.9798135829970196
20,200,0.0025,0,0.2,999.0,1,-0.900216560112957,-0.4384071178474178,-0.9088357970742805,-1.7655294534132895,2015,1157,858,0.013423909510498603,0.137391926152246,0.0754079178313723,0.06198400832087369,-0.28501695495166246,-0.6176827943430903,-0.00025901016149940223,-0.9811014890552227
30,120,0.01,0,0.0,2.5,1,-0.9036792512323718,-0.44335068008775746,-0.9077905774202107,-1.6930300970912255,1632,981,651,0.018396931677826172,0.1318988493791848,0.0751478905285055,0.05675095885067932,-0.326203328153697,-0.6766566664982145,-0.00032009662315927507,-0.9818974736524242
48,120,0.01,0,0.0,999.0,1,-0.905631453970991,-0.44619676444264,-0.910949284798203,-1.623623807182241,1757,1064,693,0.022459858285119937,0.1452577520639667,0.08385880517454333,0.06139894688942339,-0.33239673890337174,-0.6596451603502378,-0.0002768996464202236,-0.9828525972008536
20,200,0.005,0,-0.2,2.5,1,-0.9098526473089315,-0.45250506437176463,-0.9237197177186636,-1.3867183026504175,2163,1272,891,0.028895534031073263,0.22437105896119092,0.1266332964961321,0.09773776246505883,-0.13367625290273089,-0.6930414730347025,-0.00014502803999026466,-0.9837008383636173
48,120,0.0,0,0.0,1.5,1,-0.9013683893761869,-0.4400370663877401,-0.913469758897604,-1.7651512019745357,2014,1119,895,0.012351296886173048,0.1582916206201651,0.08532145875316909,0.07297016186699604,-0.28339969726427494,-0.6231373903504223,-0.0002268128894472464,-0.9850295059352688
12,120,0.005,0,-0.2,2.5,1,-0.9093143941803822,-0.45168852158202655,-0.9186291290175164,-1.4812108997372344,1959,1156,803,0.026685301956705453,0.19973347201456154,0.11320938698563349,0.08652408502892804,-0.084622719400263,-0.7361020249384023,-0.00018380589396082555,-0.9850636310776465
30,120,0.0,0,0.2,999.0,1,-0.9022016367014262,-0.4412251085831831,-0.9100538558040253,-1.796283715232491,2014,1142,872,0.011181174023272443,0.13664434765650393,0.0739127608398882,0.06273158681661574,-0.28967009335266425,-0.6230225258954283,-0.00026594552967208144,-0.9860662222468204
30,60,0.0,0,0.2,999.0,1,-0.9003690334923317,-0.4386220695931037,-0.9095503963575172,-1.8599344754577358,1811,1051,760,0.013488916336215302,0.12075017876877073,0.06711954755249301,0.05363063121627771,-0.24316595728742407,-0.6743540477106729,-0.0003270908269972172,-0.986393991544749
12,96,0.005,0,0.0,2.5,1,-0.9055383968208074,-0.44606010097224813,-0.9124602740127178,-1.7116809663748307,1721,1022,699,0.01794188389780927,0.13670935448222063,0.07732561919001495,0.05938373529220568,-0.21587270561285354,-0.715113020168041,-0.00030308737958319865,-0.9878742862973486
12,60,0.0025,0,0.0,2.5,1,-0.9046689352120346,-0.4447880639189046,-0.9123267984549872,-1.7542980402978543,1740,1036,704,0.018429435090684523,0.1357017486836118,0.07706559188714815,0.058636156796463626,-0.11030670107907414,-0.7441857021911154,-0.000303363513217581,-0.9886663651612909
30,120,0.0025,0,0.2,999.0,1,-0.9034965185227629,-0.4430864973323718,-0.9097426134839607,-1.8398422931151865,1881,1084,797,0.011896249106156146,0.1280634466618995,0.06997984788402782,0.05808359877787168,-0.3346355668985943,-0.6284309714295386,-0.0003055088849073498,-0.9899499187301114
12,96,0.005,0,-0.2,999.0,1,-0.9127900954210474,-0.4570268125601451,-0.9223847322952965,-1.436559994822038,1968,1185,783,0.03380354937268413,0.2058766170447897,0.11984008320873692,0.08603653383605278,-0.14359201544262146,-0.7275180454626596,-0.00018014315726907977,-0.9900471784488952
12,60,0.0025,0,-0.2,2.5,1,-0.9107931567304377,-0.45394065501155834,-0.917351621866813,-1.5624785849678466,1903,1142,761,0.02886303061821491,0.18877982188129755,0.10882142624975623,0.0799583956315413,-0.011934851668175539,-0.7661447455974975,-0.00020560330237600965,-0.9907403951933571
12,200,0.0,0,0.0,1.5,1,-0.9034313168724676,-0.4429923239146878,-0.9167526406951659,-1.793655588380807,2078,1172,906,0.014301501657674055,0.16121692777741664,0.08775921471754534,0.07345771305987128,-0.41565374417259215,-0.5327913704698484,-0.00022092735920700734,-0.9910514236813112
48,120,0.0025,0,0.0,1.5,1,-0.9041302616878523,-0.44400433272558226,-0.9126168953186662,-1.818298475377151,1888,1059,829,0.013066371969056752,0.14893063771696027,0.08099850484300851,0.06793213287395176,-0.3545159127846953,-0.6181678259805228,-0.0002622141394552804,-0.9912277041537729
12,200,0.0025,0,0.0,1.5,1,-0.9036904445351458,-0.4433668748260774,-0.9131924959291384,-1.8262874634397819,1933,1097,836,0.014724046024832608,0.15071832542416955,0.08272118572450107,0.06799713969966846,-0.45806886711685246,-0.5327214287303349,-0.0002537372973182795,-0.9912774959626357
20,120,0.005,0,-0.2,2.5,1,-0.9124204371908756,-0.4564515593694095,-0.9212421781635982,-1.487709491675126,2001,1176,825,0.0263277644152636,0.2053565624390561,0.11584216342715985,0.08951439901189624,-0.15228168028831224,-0.7189578251836302,-0.000180091419429204,-0.9914581230349649
12,200,0.0,0,0.2,999.0,1,-0.9042389918203569,-0.4441622608294483,-0.9153706921399624,-1.792679160973566,2127,1208,919,0.0125138139504648,0.14376259507248262,0.0781382045114737,0.06562439056100891,-0.3743542279149965,-0.5565467075703345,-0.00024386156658704055,-0.9914815649481077
48,60,0.0,0,0.2,999.0,1,-0.903061675237603,-0.4424593345753537,-0.9129270027072538,-1.851211053250945,1885,1085,800,0.012123772996164597,0.12705584086329064,0.06958980692972762,0.057466033933563025,-0.3068661322786884,-0.6409926794476211,-0.000306969294376255,-0.9914833885915278
48,200,0.0025,0,0.0,1.5,1,-0.9058562497969852,-0.446527316253171,-0.9154029823269307,-1.7504943078664859,2048,1151,897,0.015796658649158163,0.16180198920886693,0.08879932392901255,0.07300266527985438,-0.38638198056782647,-0.5727105640243522,-0.00022568829745931874,-0.9917535228099607
12,60,0.0,0,0.0,2.5,1,-0.9058139323718462,-0.4464650452724749,-0.9172410120154835,-1.7335871483275083,1883,1106,777,0.017649353182084118,0.14584281349541703,0.08174608333875057,0.06409673015666645,-0.054304557913544715,-0.7445970672026108,-0.0002676391426432317,-0.9917649086965921
48,120,0.005,0,-0.2,2.5,1,-0.9128653614105047,-0.4571441635670843,-0.9259626299681704,-1.4371199773434005,2088,1229,859,0.027692907755314307,0.21692777741662875,0.12231034258597152,0.09461743483065722,-0.2637865979267836,-0.6637177512972199,-0.0001621199075495318,-0.9919814774183394
30,96,0.005,0,0.0,2.5,1,-0.9080952107882336,-0.44985233842551975,-0.9149722156596075,-1.7015819344864433,1799,1050,749,0.016771761034908666,0.14464018721965807,0.08070597412728336,0.0639342130923747,-0.25864128221907223,-0.695171670959535,-0.00028230314500477704,-0.9924175429796458
30,96,0.005,0,-0.2,999.0,1,-0.9142134339595822,-0.459258995808264,-0.9249258264635434,-1.4158325915059549,2044,1214,830,0.032145875316908275,0.2177403627380875,0.12494311902749788,0.09279724371058962,-0.21622769235035044,-0.6957789025780083,-0.00016548275139798265,-0.9925135386153334
48,200,0.0,0,0.0,1.5,1,-0.9061373155119921,-0.44694144375695366,-0.9186988821894816,-1.725661057989435,2191,1222,969,0.01573165182344146,0.17278814275498927,0.09425989728921537,0.0785282454657739,-0.3315523462556529,-0.5799372659887625,-0.00019739167765094902,-0.9925739377511662
12,60,0.0,0,-0.2,999.0,1,-0.9133740333287201,-0.4579392583118924,-0.924551443495019,-1.4523734742633556,2140,1280,860,0.03321848794123383,0.21829292075667944,0.12575570434895664,0.0925372164077228,-0.017870914854682063,-0.7427882350049777,-0.00015866146664730426,-0.9928336537725697
20,200,0.01,0,0.0,999.0,1,-0.9103709869199342,-0.45329485977723116,-0.9157806469840796,-1.6398314711068076,1801,1087,714,0.022524865110836637,0.14870311382695184,0.08561398946889423,0.0630891243580576,-0.2975971226947619,-0.6859185288194865,-0.0002756765635484459,-0.9931767568246114
12,200,0.0025,0,0.2,999.0,1,-0.9050874633802164,-0.4453992872080287,-0.9136484277069797,-1.8320563946991897,1981,1140,841,0.01300136514334005,0.13443411558213614,0.0737177403627381,0.06071637521939804,-0.408844570361234,-0.5675875795580221,-0.0002820127303064692,-0.9938263207964779
12,60,0.0,0,-0.2,2.5,1,-0.9119386374140701,-0.45570452011932516,-0.9222598347158526,-1.5450004322607418,2056,1218,838,0.027627900929597608,0.2026912825846714,0.1151595917571345,0.0875316908275369,0.07712899706895482,-0.7713958754500987,-0.0001800993380416842,-0.9940844590902885
30,60,0.0025,0,0.2,999.0,1,-0.9039574239888696,-0.4437535659439955,-0.9097082605189971,-1.9278186423545314,1681,995,686,0.014203991419099005,0.11262432555418318,0.0634141584866411,0.04921016706754209,-0.2914453393995742,-0.6857999573986588,-0.0003817076607568088,-0.9949986283212207
48,200,0.01,0,0.0,999.0,1,-0.912794462207341,-0.4570336189621369,-0.9157959230179381,-1.608927240860637,1860,1112,748,0.022524865110836637,0.15377364623285444,0.08814925567184555,0.06562439056100891,-0.34721790641822947,-0.6613346948934964,-0.00026337246557320873,-0.9953779425141378
30,60,0.0,0,0.0,1.5,1,-0.9029682114842642,-0.4423248097931084,-0.914101051763643,-1.9423805339020477,1753,999,754,0.014951569914841058,0.13436910875641941,0.07466033933563024,0.05970876942078918,-0.22882859231125108,-0.6976448103328883,-0.0003095738151671329,-0.9964943623700323
48,60,0.0025,0,0.2,999.0,1,-0.9049481361571345,-0.44519558819095817,-0.9126258014119804,-1.902719086430196,1754,1028,726,0.0128388480790483,0.11873496717155302,0.06578690762530065,0.052948059546252355,-0.35482202266376905,-0.6457966910564321,-0.00035338653787871083,-0.9966444432184581
12,96,0.0,0,-0.2,2.5,1,-0.915418156372453,-0.46117012831006876,-0.9254304604663834,-1.5017038667971179,2196,1271,925,0.024670090359487747,0.22086069037248912,0.12276539036598842,0.09809530000650069,0.011105312578889803,-0.7491261760221537,-0.00015776544813041977,-0.9989705518831163
12,200,0.005,0,-0.2,2.5,1,-0.9160144893369956,-0.46212369085448357,-0.9292307679768621,-1.4525665945133437,2141,1261,880,0.02808294870961451,0.22037313917961385,0.12422804394461419,0.09614509523499967,-0.30335232390919165,-0.6482616805907331,-0.00016066036266588931,-0.9993674045685819
30,96,0.0,0,-0.2,2.5,1,-0.9163855422906775,-0.46271958529519275,-0.9260074745644605,-1.4739791013325405,2283,1302,981,0.022524865110836637,0.23412208281869595,0.1283234739647663,0.10579860885392967,-0.06728979599917717,-0.7191943908849538,-0.00014280801096991182,-0.9994222776440501
12,120,0.005,0,-0.2,999.0,1,-0.9169830744287448,-0.4636833753748951,-0.9280768460464192,-1.4458377087165413,2038,1216,822,0.03217837872976662,0.21517259312227785,0.12367548592602223,0.0914971071962556,-0.1660156113619612,-0.7241547720973933,-0.00017329611108308788,-1.0000136838339317
30,96,0.0025,0,-0.2,2.5,1,-0.9168324164746496,-0.46343988241893463,-0.9231338450817311,-1.500719541139974,2134,1230,904,0.023955015276604045,0.2202106221153221,0.12208281869596307,0.09812780341935903,-0.14939021700788846,-0.7157294900314427,-0.00016470327717659918,-1.000042782016799
30,60,0.0025,0,0.0,1.5,1,-0.904654896048306,-0.4447675958650863,-0.9115747684174145,-1.9945875140329552,1624,938,686,0.01576415523629981,0.12530065656893974,0.07053240590261978,0.05476825066631996,-0.29032702653119613,-0.6973257738006122,-0.00035467502313360824,-1.0002843557754413
30,120,0.0,0,0.0,1.5,1,-0.907109684307996,-0.448381360647807,-0.9184260428871884,-1.8601006740183468,1950,1090,860,0.012058766170447897,0.15253851654423714,0.08229864135734252,0.07023987518689462,-0.32350928946790014,-0.635874062348751,-0.0002567140177196575,-1.0005994157923186
12,96,0.0025,0,-0.2,2.5,1,-0.9164357868107305,-0.46280042805100885,-0.9225794071739616,-1.53470847626904,2045,1198,847,0.026197750763830203,0.2068517194305402,0.11652473509718521,0.090326984333355,-0.08303900009401666,-0.7465766515054103,-0.00018338703423259676,-1.0008255554514416
48,96,0.0,0,-0.2,2.5,1,-0.9175434818188568,-0.4645920224601594,-0.928787372408412,-1.4529075879004172,2360,1339,1021,0.021939803679386336,0.2436130793733342,0.13277644152636026,0.11083663784697394,-0.012892003384335493,-0.7280707215225632,-0.0001326307844500432,-1.0016310880593862
48,96,0.005,0,-0.2,999.0,1,-0.9178714550112753,-0.4651259491529871,-0.93163480488462,-1.4176659265100557,2108,1248,860,0.03146330364688292,0.22550867841123318,0.12848599102905806,0.09702268738217514,-0.23209334523160707,-0.6930648995666158,-0.00016009183500663158,-1.0018266479208
12,60,0.0025,0,-0.2,999.0,1,-0.9173325308982782,-0.4642494439123085,-0.9246159687465261,-1.513504796392469,1980,1199,781,0.034551127868426186,0.20324384060326334,0.11889748423584476,0.08434635636741858,-0.08664155020616893,-0.7563578340892552,-0.00019216020754878185,-1.002232668105195
12,120,0.005,0,0.0,2.5,1,-0.912095272958868,-0.4559470494869181,-0.9185819028888501,-1.7445942273246782,1789,1047,742,0.016641747383475264,0.14334005070532405,0.07999089904439967,0.06334915166092439,-0.24204236509157606,-0.7162467376989257,-0.00029647827342216536,-1.0024677122975771
12,60,0.0,0,0.0,999.0,1,-0.9121739219472575,-0.45606894920782215,-0.9237047745805558,-1.70677253733056,1999,1185,814,0.021744783202236235,0.15676396021582267,0.08925437170902945,0.06750958850679321,-0.08518673662344856,-0.7390982891315359,-0.00024774819564058116,-1.003259963364628
30,120,0.0025,0,0.0,1.5,1,-0.908220490558344,-0.4500401745113062,-0.9163844913034425,-1.9022949835396943,1822,1027,795,0.01280634466618995,0.14308002340245726,0.0779431840343236,0.06513683936813365,-0.38635699674068347,-0.6279758253401848,-0.0002922095155258056,-1.0033471693400122
48,96,0.0025,0,-0.2,2.5,1,-0.918557464522027,-0.46624793329335124,-0.9261391631915126,-1.4831250480476643,2210,1265,945,0.02304491971657024,0.22963661184424364,0.12634076578040696,0.1032958460638367,-0.11949258583521816,-0.720659642356481,-0.00015409848261002172,-1.0034737672914908
20,96,0.005,0,-0.2,2.5,1,-0.9173463287977194,-0.46427183128190364,-0.9244000286878674,-1.5570601736169154,1933,1138,795,0.02756289410388091,0.19664564779301827,0.11210427094844959,0.08454137684456868,-0.17200921528492408,-0.7375254298440139,-0.00020468881634665414,-1.0043248543066832
12,96,0.0,0,-0.2,999.0,1,-0.9198061725172011,-0.46830854085317464,-0.9292990489168883,-1.4391222522641731,2281,1335,946,0.029968146655398816,0.23772996164597282,0.13384905415068582,0.103880907495287,-0.08573562131748613,-0.7255230565481531,-0.00014357029119305422,-1.0049141779248274
12,60,0.0025,0,0.0,999.0,1,-0.9135709990933928,-0.45824807162045,-0.921415430276442,-1.752648800524576,1847,1110,737,0.02278489241370344,0.14590782032113372,0.08434635636741858,0.06156146395371514,-0.12826994991371676,-0.7502826423945056,-0.0002883175328740787,-1.0065882267848998
20,96,0.005,0,0.0,2.5,1,-0.9136495471190241,-0.4583713705126894,-0.9202592774549568,-1.7696250803212967,1758,1029,729,0.01732431905350062,0.1407722810895144,0.07904830007150751,0.06172398101800689,-0.2332235019030774,-0.7287085266864406,-0.00031011818125475536,-1.0069822632562326
12,200,0.01,0,0.0,999.0,1,-0.915921209129511,-0.4619741975427717,-0.9213261242640226,-1.7014426030462513,1789,1079,710,0.021842293440811286,0.14678541246830917,0.08431385295456023,0.06247155951374894,-0.38763837790790134,-0.664067471912657,-0.0002954455022632,-1.0077093898270955
20,200,0.005,0,-0.2,999.0,1,-0.921476602931184,-0.4711030219733082,-0.9352416905002449,-1.389978063701735,2242,1332,910,0.034356107391276085,0.24062276539036598,0.13748943639082103,0.10313332899954496,-0.2370680272897816,-0.6841512736168094,-0.00014421788581278584,-1.0082227704085174
30,96,0.0,0,-0.2,999.0,1,-0.9222663594776825,-0.47243975280381434,-0.9312034619365448,-1.4273953782272328,2366,1363,1003,0.027530390691022557,0.25167392576220504,0.1396021582266138,0.11207176753559124,-0.17389088192950852,-0.6927651692370851,-0.0001326617939017549,-1.0094112526834484
20,200,0.0025,0,-0.2,2.5,1,-0.9226958142824909,-0.47317092012120077,-0.9301899984148745,-1.4583374093013215,2356,1354,1002,0.02486511083663785,0.24562829097055192,0.1352467009035949,0.11038159006695702,-0.12985658656974586,-0.7113716312795237,-0.0001386473487215803,-1.011182789793704
30,200,0.0025,0,0.0,1.5,1,-0.9130674650614513,-0.4574596500006415,-0.9220635488906708,-1.8562809859414573,1992,1125,867,0.01540661769485796,0.1566664499772476,0.08603653383605278,0.07062991614119482,-0.4013194857447606,-0.6067645158536858,-0.0002570744334982126,-1.0113054737430498
30,200,0.0,0,0.0,1.5,1,-0.9134888581568068,-0.4581192226641918,-0.9246904265249238,-1.830644101900484,2138,1200,938,0.01527660404342456,0.16752258987193655,0.09139959695768056,0.07612299291425599,-0.3538220189810859,-0.6099710945451102,-0.00022610026371907186,-1.0119966410216779
12,120,0.0,0,-0.2,2.5,1,-0.9214132667767247,-0.4709962573505103,-0.9310363089247506,-1.5262787519646637,2275,1305,970,0.02275238900084509,0.230969251771436,0.12686082038614055,0.10410843138529545,0.0014237420020883906,-0.7551698665881174,-0.00015450291834097707,-1.0128283494111188
12,120,0.0025,0,-0.2,2.5,1,-0.9217615840150892,-0.4715842097804668,-0.9275136530801464,-1.5536055162050306,2121,1229,892,0.024117532340895795,0.21673275693947863,0.12042514464018722,0.09630761229929143,-0.08521454322972333,-0.7529497621596154,-0.00017798461312576864,-1.0130213121307916
12,120,0.0,0,-0.2,999.0,1,-0.9240068341449407,-0.47542199724865164,-0.9339151596041245,-1.4505089932235544,2364,1371,993,0.02792043164532276,0.2483585776506533,0.13813950464798805,0.11021907300266529,-0.09982992067936636,-0.7246313987632009,-0.00013793029780567034,-1.0149050267118918
48,96,0.005,0,0.0,2.5,1,-0.9176778384841003,-0.46481055666043414,-0.9263829055994097,-1.7539498555660649,1863,1076,787,0.016056685952024963,0.15049080153416108,0.08327374374309303,0.06721705779106807,-0.29296627643242046,-0.7043872809640457,-0.0002865997720935187,-1.0156995022384423
20,120,0.0025,0,-0.2,2.5,1,-0.9231187201986115,-0.473893919469873,-0.9289438491172826,-1.5474692076062555,2167,1247,920,0.02336995384515374,0.22333094974972373,0.12335045179743873,0.09998049795228499,-0.15768557431011465,-0.7302123187660587,-0.00017111292363264886,-1.015739304408827
30,200,0.01,0,0.0,999.0,1,-0.9199102564955876,-0.46848138271988937,-0.9241545558039509,-1.7053297682482258,1827,1099,728,0.022557368523694988,0.1506858220113112,0.08662159526750308,0.0640642267438081,-0.3540168085118949,-0.6908402771433816,-0.00029248081594584146,-1.015825149034276
20,120,0.005,0,-0.2,999.0,1,-0.9239280610827906,-0.4752859218776795,-0.9331644372682175,-1.488166407379391,2080,1234,846,0.031593317298316326,0.22095820061106416,0.12627575895469023,0.09468244165637392,-0.23299814574556754,-0.7193227019059332,-0.0001777297581123853,-1.0162764608807577
20,120,0.0,0,-0.2,2.5,1,-0.9231331134634815,-0.47391857858256703,-0.9323870809334459,-1.5238958395946633,2318,1321,997,0.021809790027952934,0.23737242410453097,0.12959110706624197,0.10778131703828903,-0.08408529561609135,-0.7324792690219768,-0.0001496622340302751,-1.0163069110290233
48,60,0.005,0,-0.2,2.5,1,-0.9222984134985728,-0.47249422158290455,-0.9280110149922806,-1.599593734111549,1909,1128,781,0.027270363388155756,0.1956380419944094,0.11145420269128259,0.08418383930312683,-0.20396954886585772,-0.746406594492371,-0.00021794512462341043,-1.0164794157846224
12,96,0.005,0,0.0,999.0,1,-0.9188489892046913,-0.4667268743521733,-0.9251490739885595,-1.752480799530996,1826,1095,731,0.022167327569394785,0.14737047389975946,0.08476890073457713,0.06260157316518235,-0.2396704876792587,-0.733987461016805,-0.00029926060188633697,-1.0169254513230028
20,200,0.0,0,-0.2,2.5,1,-0.9249144253128788,-0.47699748180169477,-0.9357302415955963,-1.4558305801325646,2523,1442,1081,0.024410063056620947,0.2614249496197101,0.1429175063381655,0.11850744328154456,-0.06765713105111015,-0.7155667551183537,-0.00012256613644325758,-1.0176541316061212
48,120,0.005,0,-0.2,999.0,1,-0.9247095203136572,-0.4766405452681406,-0.9376498758522689,-1.4440343911677946,2164,1287,877,0.03305597087694208,0.23269193265292856,0.13287395176493533,0.09981798088799324,-0.34263646328844466,-0.6619673898969858,-0.00016185149437448362,-1.0176672027526648
12,96,0.0025,0,-0.2,999.0,1,-0.9253623597135958,-0.47778031646237984,-0.9308497006365395,-1.513817595152841,2123,1257,866,0.031593317298316326,0.22258337125398167,0.12708834427614898,0.09549502697783267,-0.15941606293909294,-0.7432587238021187,-0.00017670777383518662,-1.0188960465382917
48,96,0.0,0,-0.2,999.0,1,-0.9264552090795699,-0.4797051271864834,-0.9366028395559263,-1.4341085703451422,2447,1406,1041,0.027107846323864006,0.261327439381135,0.14421764285249952,0.11710979652863551,-0.14538154718335428,-0.7074016757270518,-0.00012830249775748603,-1.0197119754817037
48,120,0.005,0,0.0,2.5,1,-0.9201479485642737,-0.4688767264810293,-0.9291443114698603,-1.742104090363737,1920,1116,804,0.017129298576350517,0.15552883052720537,0.08632906455177794,0.06919976597542742,-0.3410518824618983,-0.6834357817917502,-0.000276049453808377,-1.0205540867341463
48,200,0.005,0,-0.2,2.5,1,-0.9271186263043925,-0.48088407070840067,-0.9360157659755067,-1.4571491414522117,2256,1319,937,0.029513098875381914,0.2353247090944549,0.13241890398491843,0.10290580510953651,-0.29754964720596633,-0.6793674549421228,-0.00015779912053186696,-1.0217494107687646
30,96,0.0025,0,-0.2,999.0,1,-0.9270658872849104,-0.4807900557351392,-0.9325919478581971,-1.4947812163102274,2208,1285,923,0.029090554508223364,0.23646232854449717,0.13277644152636026,0.1036858870181369,-0.23449762140644614,-0.7125481072341975,-0.00016207280765837464,-1.0218250904797492
30,120,0.01,0,0.0,999.0,1,-0.9212066624325749,-0.4706484358927483,-0.9251800924258307,-1.7782929291842424,1718,1040,678,0.021614769550802833,0.1409673015666645,0.08129103555873367,0.059676266007930835,-0.3525467831418111,-0.7126353386599662,-0.0003322118255214228,-1.0221531285648757
20,96,0.005,0,-0.2,999.0,1,-0.9260977332601266,-0.4790731673136164,-0.9347337419607301,-1.534231451917708,2007,1193,814,0.03286095039979198,0.2118897484235845,0.12237534941168823,0.08951439901189624,-0.24025216823809348,-0.734593354729469,-0.00019673470549686595,-1.0231516108898668
20,120,0.005,0,0.0,2.5,1,-0.9207976521490441,-0.46996187259247213,-0.9267241651922353,-1.8083754108428585,1830,1066,764,0.016121692777741663,0.14698043294545926,0.08155106286160047,0.06542937008385881,-0.2773095458331909,-0.7263064475993293,-0.0003067767072830472,-1.0237427257307328
12,200,0.005,0,-0.2,999.0,1,-0.9272704072259534,-0.4811549271806679,-0.9402705685566697,-1.4561446571391907,2221,1322,899,0.033511018656958984,0.23652733537021386,0.13501917701358643,0.10150815835662745,-0.3847734042681693,-0.6410113748125221,-0.00015957609607031276,-1.0240974443159623
30,96,0.005,0,0.0,999.0,1,-0.922194281620109,-0.4723173337634188,-0.9281960734541725,-1.7540601464127972,1901,1120,781,0.02073717740362738,0.1556263407657804,0.0881817590847039,0.06744458168107652,-0.28699020660563657,-0.7176315560653761,-0.00028287851171576516,-1.024118377811145
30,120,0.005,0,-0.2,2.5,1,-0.9255530706365754,-0.4781146825338931,-0.9364565299150769,-1.5728299015340133,2037,1200,837,0.026620295130988753,0.20980953000065006,0.11821491256581941,0.09159461743483066,-0.27052740533835884,-0.7173315367551871,-0.00019734291054858345,-1.0249844425681323
20,96,0.0,0,-0.2,2.5,1,-0.9261333510720193,-0.4791360309658149,-0.9346258622335498,-1.5800151889632152,2235,1277,958,0.02330494701943704,0.22710134564129233,0.1252031463303647,0.10189819931092765,-0.10156091355013874,-0.7485768782232587,-0.00016936134990789558,-1.0254497215307505
20,96,0.0025,0,-0.2,2.5,1,-0.9263087979032183,-0.4794460179014721,-0.9317265569236659,-1.6067072323195732,2086,1205,881,0.02486511083663785,0.2131898849379185,0.11902749788727816,0.09416238705064031,-0.1757858196577412,-0.7462196549190391,-0.0001932646132303936,-1.0256446579792837
12,120,0.0025,0,-0.2,999.0,1,-0.9284712482552449,-0.48331293240865814,-0.9342533906898675,-1.5167649930646128,2201,1290,911,0.029448092049665215,0.232919456542937,0.1311837742963011,0.1017356822466359,-0.16635575488594745,-0.7420351745513485,-0.0001681830574226857,-1.0262778774068224
30,200,0.005,0,-0.2,2.5,1,-0.9278572123965649,-0.4822060973513146,-0.9388055642670732,-1.5026587624791332,2201,1292,909,0.029350581811090164,0.22840148215562633,0.12887603198335826,0.09952545017226809,-0.26536028173307025,-0.7047573347612306,-0.0001699078847182393,-1.026741817608808
20,60,0.005,0,-0.2,2.5,1,-0.9254383132100139,-0.47791340595303944,-0.9328388046930268,-1.6764007946143291,1797,1084,713,0.031300786582591174,0.17945134239095106,0.10537606448677111,0.07407527790417993,-0.10470390998817647,-0.7954213942404009,-0.00025756863760280325,-1.0281528480302693
12,96,0.0,0,0.0,2.5,1,-0.9221983914752836,-0.4723243117697836,-0.9313897308475813,-1.8042304917825005,2017,1158,859,0.01563414158486641,0.15871416498732366,0.08717415328609504,0.07154001170122863,-0.19904189575714337,-0.7336367569077104,-0.0002678094433617357,-1.0282307017826993
30,96,0.0025,0,0.0,2.5,1,-0.9229874077643313,-0.47366910945565144,-0.9287500668869314,-1.8062736636611791,1960,1119,841,0.014789052850549309,0.15760904895013977,0.08619905090034453,0.07140999804979523,-0.28675337347180274,-0.7122356130827632,-0.0002773944204692143,-1.028357826082176
12,120,0.005,0,0.0,999.0,1,-0.9237231298407671,-0.4749324106016689,-0.930345583607076,-1.7756429040440425,1894,1120,774,0.02080218422934408,0.1543262042514464,0.08756419424039524,0.06676201001105116,-0.2707670067278828,-0.7302842654869156,-0.000290493884960665,-1.028887347607409
20,120,0.0,0,-0.2,999.0,1,-0.929644874239335,-0.4854484347859349,-0.9383696605842271,-1.4851822764619922,2408,1386,1022,0.026815315608138855,0.25505428069947345,0.14093479815380616,0.1141194825456673,-0.18787687303545064,-0.7111348245717574,-0.00014063691440367076,-1.0288923789011482
12,96,0.0025,0,0.0,2.5,1,-0.9226482686917326,-0.47308982180945935,-0.9282622340239637,-1.8383316723044643,1874,1090,784,0.016609243970616916,0.14844308652408503,0.08252616524735097,0.06591692127673406,-0.2588892677214397,-0.7335457614133065,-0.00030463053095521975,-1.0291375224366643
48,120,0.0,0,-0.2,2.5,1,-0.9292552968237607,-0.4847366274834286,-0.939177328605153,-1.5217270607164852,2438,1387,1051,0.023142429955145292,0.25255151790938046,0.1378469739322629,0.1147045439771176,-0.18249637705526744,-0.7070850004338735,-0.00014119781069281442,-1.0304116448218295
30,96,0.0,0,0.0,2.5,1,-0.923712542620206,-0.47491416674518716,-0.9324653038680463,-1.7853250902596536,2101,1187,914,0.013878957290515505,0.1678151205876617,0.0908470389390886,0.0769680816485731,-0.2279612347631983,-0.7174115022369139,-0.0002474986358868254,-1.030413073192193
48,60,0.005,0,0.0,2.5,1,-0.9226887336877946,-0.47315884041177136,-0.9285244589207644,-1.8598714630359485,1744,1023,721,0.017194305402067216,0.1395371514008971,0.07836572840148215,0.061171422999414936,-0.2890898834535006,-0.7398477488201081,-0.0003403461427547513,-1.030414643023951
20,200,0.0,0,-0.2,999.0,1,-0.9313657464583736,-0.48862851103067595,-0.941494123095291,-1.4227029513622136,2616,1511,1105,0.029740622765390367,0.28008190860040305,0.1549112656828967,0.12517064291750635,-0.19685809658227404,-0.6838101874190939,-0.00011548561072191124,-1.0305107201464323
20,60,0.005,0,0.0,2.5,1,-0.9216881224079363,-0.47146004503421524,-0.9285411377853952,-1.8989161384528317,1638,987,651,0.020022102320743678,0.1282584671390496,0.07414028472989664,0.05411818240915296,-0.22776042032319788,-0.7699343866013756,-0.0003829049851874529,-1.0306764208495545
20,96,0.0,0,-0.2,999.0,1,-0.9301225207581602,-0.4863251990863354,-0.9381563937037101,-1.5160013808887016,2319,1338,981,0.028310472599622962,0.2443931612819346,0.13635181694077878,0.10804134434115582,-0.18923333356139604,-0.7251272232015427,-0.0001548259854620398,-1.0312034649826256
48,200,0.005,0,-0.2,999.0,1,-0.9319267765084146,-0.4896781782227323,-0.9417534976883635,-1.4164805712961546,2331,1376,955,0.035201196125593186,0.25186894623935513,0.14353507118247416,0.10833387505688097,-0.35798044610803603,-0.659807398569348,-0.00014726678212314737,-1.0313789556317217
12,200,0.0025,0,-0.2,2.5,1,-0.9300115133180891,-0.4861210348765582,-0.9368380132027744,-1.542287022681412,2333,1345,988,0.024475069882337646,0.2408827926932328,0.1326789312877852,0.10820386140544758,-0.34021039251194585,-0.6593155282609307,-0.00015719096742494628,-1.031654392612016
48,60,0.005,0,-0.2,999.0,1,-0.9298658974624829,-0.4858535868313968,-0.9366490290413118,-1.5683352912677018,1982,1183,799,0.03263342650978353,0.21094714945069232,0.12179028798023793,0.0891568614704544,-0.279044535144511,-0.7378714834514981,-0.0002075500326778911,-1.0325948659154378
48,120,0.0025,0,-0.2,2.5,1,-0.9305077225166005,-0.48703555099590345,-0.9370678605692699,-1.555382883057244,2284,1311,973,0.023955015276604045,0.23821751283884807,0.13108626405772605,0.10713124878112201,-0.2706085073038015,-0.7014176153126979,-0.00016362062068510535,-1.0333386254334007
48,96,0.0025,0,-0.2,999.0,1,-0.9314783113811294,-0.48883859879532243,-0.9390983337681897,-1.504483307320238,2288,1326,962,0.02834297601248131,0.24605083533771047,0.13719690567509588,0.10885392966261458,-0.22541880044723783,-0.7222089545329249,-0.00015731188082366185,-1.0336119310454293
20,200,0.0025,0,-0.2,999.0,1,-0.9331753916658863,-0.4920377822481393,-0.9411572400812297,-1.4636411980583295,2436,1414,1022,0.030163167132548917,0.2628225963726191,0.14649288175258401,0.11632971462003511,-0.23776477834739673,-0.7035507371452223,-0.00013866394618713198,-1.0357984621916707
12,200,0.0,0,-0.2,2.5,1,-0.9313007150082725,-0.4885072559949818,-0.9414424123909411,-1.5317879645984216,2500,1433,1067,0.023662484560878893,0.2563869206266658,0.14002470259377234,0.11636221803289346,-0.28767776483312635,-0.6632717288097649,-0.0001384977003427886,-1.0358178604203734
20,96,0.005,0,0.0,999.0,1,-0.9267509114631409,-0.4802296241112318,-0.9329874567893353,-1.8185610285912277,1860,1099,761,0.021354742247936032,0.15162842098420334,0.0864915816160697,0.06513683936813365,-0.25560829185470657,-0.750543069905284,-0.00030855925758027625,-1.037651403935461
48,60,0.0,0,-0.2,2.5,1,-0.930791833700406,-0.48756137522778564,-0.9381472652607457,-1.6225759722104647,2214,1269,945,0.023402457258012092,0.2265487876227004,0.12497562244035623,0.10157316518234415,-0.13009254794956238,-0.759248770408985,-0.00018053065701534996,-1.0377638064686816
48,60,0.0025,0,-0.2,2.5,1,-0.931348639067678,-0.488596604929987,-0.9363958702075447,-1.6532507382691561,2064,1196,868,0.024702593772346095,0.21276734057075994,0.11873496717155302,0.09403237339920692,-0.21386261149386598,-0.7548371338330795,-0.00020602819338666332,-1.0394570769472171
20,120,0.0025,0,-0.2,999.0,1,-0.9335203062180888,-0.49269541491716884,-0.9387196839086797,-1.5486155385895453,2247,1306,941,0.02853799648963141,0.23974517324319053,0.13414158486641098,0.10560358837677956,-0.24013370668291179,-0.7308442242357497,-0.0001694610409685606,-1.039486033800986
20,96,0.0025,0,0.0,2.5,1,-0.9272697765596821,-0.48115380086618864,-0.9325483261938482,-1.8725163302268286,1910,1094,816,0.01547162452057466,0.1528310472599623,0.08415133589026848,0.06867971136969382,-0.2651737384739964,-0.7427323345923658,-0.00030452565515406554,-1.0410537804744542
20,96,0.0,0,0.0,2.5,1,-0.9272542824107842,-0.48112613197857235,-0.9356006858659591,-1.8428277057949483,2051,1161,890,0.014464018721965807,0.1629396086589092,0.08870181369043749,0.07423779496847169,-0.20994564060438348,-0.7431788247427895,-0.0002702909569936521,-1.0410678602012993
20,60,0.005,0,-0.2,999.0,1,-0.931832567084832,-0.48950146382322324,-0.9409189696818487,-1.6310018504453365,1871,1139,732,0.03663134629136059,0.1938178508743418,0.1152245985828512,0.07859325229149061,-0.1724213171903487,-0.7900326648249765,-0.00024219999901158387,-1.0415110411864144
48,60,0.0,0,-0.2,999.0,1,-0.9342660427441017,-0.49412606801404513,-0.94125223598744,-1.553890897841568,2296,1330,966,0.02853799648963141,0.24397061691477606,0.13625430670220373,0.10771631021257232,-0.22951782776824114,-0.7310187960708565,-0.0001646774681568813,-1.0424467308998435
48,120,0.0,0,-0.2,999.0,1,-0.935449402028322,-0.4964214538310264,-0.9447311724164987,-1.4868504701801313,2530,1456,1074,0.02827796918676461,0.27075342911005656,0.1495156991484106,0.12123772996164597,-0.2837968317344354,-0.6805639382365554,-0.00013317468891429758,-1.0431295635482822
20,96,0.0025,0,-0.2,999.0,1,-0.9344069318820574,-0.4943977208019601,-0.9392293180877824,-1.5853981839842148,2161,1261,900,0.030065656893973867,0.22924657088994344,0.12965611389195866,0.09959045699798479,-0.24594652693247843,-0.743652939656355,-0.0001865315804090247,-1.0432822890450622
20,200,0.005,0,0.0,2.5,1,-0.9290349121837695,-0.48433525729749094,-0.9372972587719879,-1.8062426730281913,1991,1162,829,0.018429435090684523,0.16092439706169148,0.089676916076188,0.07124748098550347,-0.32594686301967224,-0.7150301668340435,-0.0002822432462905748,-1.0432960203348944
12,120,0.0025,0,0.0,2.5,1,-0.9284643734496498,-0.48330050081934073,-0.933743101361795,-1.8742853189519335,1949,1116,833,0.014951569914841058,0.1558213612429305,0.08538646557888578,0.07043489566404472,-0.2855453125510441,-0.7346167500479849,-0.00029758376257819,-1.0438863174478348
12,120,0.0,0,0.0,2.5,1,-0.9285924370609109,-0.48353222318830136,-0.9371108583468386,-1.8461807638796384,2095,1187,908,0.014073977767665604,0.1662549567704609,0.09016446726906326,0.07609048950139764,-0.23337070189572906,-0.7344195898010546,-0.0002637666233581491,-1.0443966905557025
20,60,0.0025,0,-0.2,2.5,1,-0.9321181928476244,-0.4900377950567646,-0.9380417046150696,-1.7126193994584586,1939,1150,789,0.029285574985373465,0.1943379054800754,0.11181174023272443,0.08252616524735097,-0.07944533517756158,-0.805527762973383,-0.000240278627707865,-1.0446896173372224
30,200,0.005,0,-0.2,999.0,1,-0.9357855936565677,-0.49707932120745846,-0.9469129495477563,-1.4875849226722058,2279,1351,928,0.03494116882272639,0.2448482090619515,0.13989468894233895,0.10495352011961256,-0.3417679760196426,-0.6950309356291873,-0.00016449316225222694,-1.044915042114947
20,60,0.0,0,-0.2,999.0,1,-0.9342946353725424,-0.4941811630354168,-0.9420306141482601,-1.598592084898122,2170,1282,888,0.032990964051225376,0.22417603848404083,0.1285835012676331,0.09559253721640772,-0.09197850440495559,-0.7857937913062861,-0.00019051790613070302,-1.0451260743544528
20,60,0.0,0,-0.2,2.5,1,-0.9325075227512956,-0.49077158720519065,-0.9402671899985915,-1.6891505685157984,2088,1221,867,0.027692907755314307,0.2080868491191575,0.1178898784372359,0.0901969706819216,-0.006607164620616279,-0.8069582823664021,-0.00021250466600199303,-1.0453627106302763
30,120,0.0,0,-0.2,2.5,1,-0.9344913820918093,-0.4945607616533523,-0.9431981647737545,-1.6033380788249303,2362,1347,1015,0.021972307092244684,0.24319053500617566,0.13258142104921017,0.11060911395696549,-0.18846219814763276,-0.7369612488813182,-0.00016331097220713495,-1.046326747981476
30,60,0.005,0,-0.2,2.5,1,-0.9326622878003458,-0.49106416320661106,-0.9376129398090732,-1.732439926829045,1843,1105,738,0.029773126178248715,0.18572450107261262,0.10774881362543066,0.07797568744718196,-0.19055188605109075,-0.7908914499331914,-0.00026188401309405827,-1.0464926294526
30,120,0.005,0,-0.2,999.0,1,-0.9350876469750753,-0.49571642606807387,-0.9459611045771716,-1.5662480187918104,2117,1260,857,0.031820841188324775,0.22567119547552494,0.12874601833192484,0.09692517714360008,-0.34279590922563785,-0.7152637462115929,-0.00019291874743779347,-1.0470093792962503
12,200,0.0,0,-0.2,999.0,1,-0.9372176246297548,-0.49991082457699065,-0.9467061465795557,-1.4946653119792557,2596,1504,1092,0.028928037443931614,0.2748488591302087,0.15188844828707015,0.12296041084313852,-0.37729344023346945,-0.6306743119910418,-0.0001301642251505316,-1.0479971634657312
48,200,0.005,0,0.0,2.5,1,-0.9322368669231148,-0.49026113179623654,-0.939069537857408,-1.76834198673299,2079,1204,875,0.019079503347851523,0.1684651888448287,0.09377234609634011,0.07469284274848859,-0.3692134263197794,-0.6961403377464201,-0.000266699776901733,-1.0482130000615901
30,120,0.0025,0,-0.2,2.5,1,-0.9355883631087306,-0.4966930638592727,-0.9413511924395875,-1.6384794424841644,2212,1273,939,0.02320743678086199,0.229019046999935,0.1261132418903985,0.10290580510953651,-0.26579177794325604,-0.7347869367041812,-0.00018749725676709075,-1.0492926322032747
12,96,0.0,0,0.0,999.0,1,-0.9318852668009516,-0.48960029333668253,-0.9399322164843514,-1.8227360941803543,2140,1240,900,0.019502047715010077,0.17064291750633817,0.09507248261067412,0.07557043489566405,-0.23066780340579518,-0.7418105692869568,-0.00025916674698807753,-1.050703206287876
48,96,0.0025,0,0.0,2.5,1,-0.9315648473426114,-0.48900028286652897,-0.9375533027199643,-1.859605728306674,2041,1154,887,0.014073977767665604,0.16482480660469348,0.08944939218617955,0.07537541441851395,-0.29646121513050017,-0.7300399181486119,-0.0002789560976862757,-1.0507572206418447
30,60,0.005,0,0.0,2.5,1,-0.9301691925914387,-0.4864111102456512,-0.9356676959646548,-1.9733959605644615,1681,1000,681,0.018981993109276472,0.1327439381135019,0.0758629656113892,0.05688097250211272,-0.26504848498539,-0.7797559560427171,-0.00039190564420324685,-1.0529147562562018
20,60,0.005,0,0.0,999.0,1,-0.9315200072285373,-0.48891648433122303,-0.9383174250358737,-1.919950799713425,1739,1057,682,0.024052525515179096,0.13839953195085483,0.08122602873301697,0.05717350321783787,-0.2480198638029414,-0.7826944464989054,-0.0003705056938696764,-1.054072736834831
48,96,0.005,0,0.0,999.0,1,-0.9331943956636001,-0.49207394997299636,-0.9406574611007985,-1.834294291385406,1966,1148,818,0.020087109146460377,0.16154196190600012,0.09081453552623026,0.07072742637976988,-0.33658823241295943,-0.7308167914239401,-0.0002950582141230369,-1.0541173950926659
48,96,0.0,0,0.0,2.5,1,-0.9328686821153735,-0.4914551273197024,-0.9409533321925572,-1.8461226459375513,2183,1223,960,0.013228889033348502,0.17503087824221544,0.09412988363778196,0.08090099460443347,-0.2272331539680399,-0.7411622199340995,-0.0002519252625483619,-1.0542379257128585
12,200,0.0025,0,-0.2,999.0,1,-0.9394075010954891,-0.5043359167199196,-0.9466796856647531,-1.5425380614340365,2416,1407,1009,0.029708119352532016,0.2579470844438666,0.14382760189819932,0.1141194825456673,-0.41525050157126375,-0.6530970919388591,-0.00015568513397459216,-1.0548026626239981
30,200,0.005,0,0.0,2.5,1,-0.9338080523822004,-0.49324600711730415,-0.9413717887403973,-1.8284294485951573,2025,1180,845,0.018819476044984722,0.1637196905675096,0.09126958330624715,0.07245010726126243,-0.36381985335535205,-0.7135438317451691,-0.00028649130769454914,-1.0553533739172607
48,60,0.0025,0,-0.2,999.0,1,-0.93855359883611,-0.5025963931961925,-0.9430711231091228,-1.6261004163913755,2138,1252,886,0.029968146655398816,0.22888903334850158,0.1294285900019502,0.0994604433465514,-0.2928744092674608,-0.7468506582797465,-0.00019761314345013672,-1.0554369755703226
20,60,0.0025,0,-0.2,999.0,1,-0.9377452298642267,-0.5009662470061906,-0.9434338920560963,-1.6648702925265226,2014,1206,808,0.034681141519859585,0.20928947539491646,0.12198530845738803,0.08730416693752845,-0.14694014523321142,-0.8001808796103683,-0.00022598787102521208,-1.055926707660565
48,200,0.0025,0,-0.2,2.5,1,-0.9401769987412011,-0.5059193092539853,-0.9458922440966488,-1.5490793233474347,2479,1415,1064,0.0253526620295131,0.2596372619125008,0.14249496197100694,0.11714229994149386,-0.27768502936238737,-0.7138562835818674,-0.00015225550027933116,-1.0563193974696814
30,96,0.0,0,0.0,999.0,1,-0.9345810452056987,-0.49473403916273395,-0.9420868202316919,-1.820216749308849,2222,1266,956,0.01751933953065072,0.18029643112526816,0.09890788532795944,0.08138854579730871,-0.2709487346536822,-0.727373939530938,-0.00024380532809221942,-1.0567882867440224
48,120,0.005,0,0.0,999.0,1,-0.9346167115515854,-0.49480301528254267,-0.9425100894379564,-1.8153970822204477,2023,1187,836,0.02109471494506923,0.1669050250276279,0.09399986998634857,0.07290515504127934,-0.3856257551467295,-0.7072934199318988,-0.0002826270060224112,-1.0568279141125434
48,60,0.005,0,0.0,999.0,1,-0.9335378282819742,-0.49272889163558864,-0.9390510439703394,-1.895266948944941,1845,1093,752,0.02125723200936098,0.1504257947084444,0.08584151335890268,0.06458428134954171,-0.31627447932625774,-0.7554151291248331,-0.0003337453063114569,-1.0570177610680054
20,120,0.005,0,0.0,999.0,1,-0.934135870612641,-0.49387546669040316,-0.9395157484447397,-1.870408889469767,1935,1137,798,0.02005460573360203,0.15806409673015667,0.08905935123187934,0.06900474549827731,-0.30695677712211633,-0.7498654829954146,-0.00030880875487647143,-1.0571537853862614
30,120,0.0,0,-0.2,999.0,1,-0.9398397706197036,-0.5052235278772749,-0.9480124084931755,-1.558782984288614,2452,1414,1038,0.026945329259572257,0.26122992914256,0.1440876292010661,0.11714229994149386,-0.28459979679936664,-0.7133587990334078,-0.00015287369200527525,-1.0571688813382933
12,96,0.0025,0,0.0,999.0,1,-0.9341568276805132,-0.49391578716999684,-0.9389355350282854,-1.8813276251031597,1988,1167,821,0.02073717740362738,0.15965676396021583,0.0901969706819216,0.06945979327829423,-0.278979269635691,-0.7531917522590839,-0.00030087165461696586,-1.0574499359392977
48,120,0.0025,0,-0.2,999.0,1,-0.940232505527831,-0.50603411451743,-0.9471527372738546,-1.5603222941045893,2363,1370,993,0.029090554508223364,0.25498927387375675,0.14203991419099005,0.11294935968276669,-0.35250399069287763,-0.699063263588412,-0.00016301292115020473,-1.0576265978595867
48,200,0.0,0,-0.2,999.0,1,-0.9420598228812743,-0.5098590059763638,-0.9500801553140173,-1.460280083575276,2742,1568,1174,0.03055320808684912,0.29552102970811933,0.16303711889748423,0.13248391081063512,-0.2935254597623923,-0.6768159330804147,-0.00011823186622221824,-1.0579130878121363
20,120,0.0,0,0.0,2.5,1,-0.9337362899840009,-0.49310852459659593,-0.9413389871125565,-1.8846663135581485,2134,1203,931,0.013228889033348502,0.17015536631346292,0.0916921276734057,0.0784632386400572,-0.2588999858215375,-0.740039702628696,-0.00026749334448363844,-1.0580113338307815
20,120,0.0025,0,0.0,2.5,1,-0.9337138636089198,-0.49306558300196957,-0.9386738889435696,-1.9137602507275644,1992,1135,857,0.014236494831957356,0.1599167912630826,0.08707664304751998,0.07284014821556263,-0.31005435133722237,-0.7398203617736734,-0.0003002421837150627,-1.0580905400101326
30,60,0.005,0,-0.2,999.0,1,-0.9384255649124964,-0.5023371343684727,-0.9448834606441234,-1.6849132325782232,1917,1159,758,0.035103685887018135,0.200611064161737,0.11785737502437756,0.08275368913735942,-0.2504246161979704,-0.7857304370708016,-0.00024600974854375096,-1.0590245263194455
30,60,0.0025,0,-0.2,2.5,1,-0.9374657712469863,-0.5004063859204745,-0.9425309529043606,-1.7524493965437364,1988,1167,821,0.027140349736722354,0.20135864265747905,0.11424949619710069,0.08710914646037834,-0.13547283240965569,-0.8045049228456281,-0.0002404037337053994,-1.0592943321998416
30,60,0.0,0,-0.2,999.0,1,-0.9394711012873255,-0.5044662132596471,-0.946430160015084,-1.637411297086846,2218,1296,922,0.03081323538971592,0.2318793473314698,0.13134629136059287,0.10053305597087694,-0.14654075626053398,-0.7849531851488017,-0.0001916329162118402,-1.0595518581215315
48,200,0.0,0,-0.2,2.5,1,-0.9412666368988238,-0.5081877820143075,-0.9489998297532255,-1.5392750755448148,2652,1503,1149,0.0252226483780797,0.2764740297731262,0.15084833907560294,0.12562569069752325,-0.21354843122268952,-0.7186600629032003,-0.0001340705276859091,-1.059651450668161
30,60,0.0,0,-0.2,2.5,1,-0.9376952574593249,-0.5008659952840566,-0.9448584864553885,-1.7275047804770292,2136,1237,899,0.0256126893323799,0.21510758629656113,0.12036013781447052,0.09474744848209062,-0.05968386823593197,-0.8071632866384488,-0.00021329431730961803,-1.0596704775356023
20,60,0.0025,0,0.0,2.5,1,-0.9329922158819691,-0.49168956342464454,-0.9383113662191934,-1.9907831432781464,1778,1049,729,0.018721965806409672,0.13917961385945524,0.07895078983293245,0.060228824026522784,-0.2505252840299126,-0.7824532403850655,-0.0003713916398427066,-1.0603844036981485
30,96,0.0025,0,0.0,999.0,1,-0.9357921533078409,-0.49709218293588775,-0.9405966654368549,-1.866047283665925,2070,1192,878,0.018721965806409672,0.16921276734057075,0.09396736657349021,0.07524540076708054,-0.3162617181577001,-0.7355732367074779,-0.00027937160756192123,-1.0606928798376114
12,200,0.005,0,0.0,2.5,1,-0.9347563860731265,-0.4950734074829084,-0.9425935628493428,-1.893067920379281,1969,1150,819,0.01774686342065917,0.15803159331729832,0.08788922836897874,0.07014236494831957,-0.43136360449602085,-0.6928339593296018,-0.000308008636810926,-1.0610235849265437
48,60,0.0025,0,0.0,2.5,1,-0.934169575952751,-0.49394031899314084,-0.9394783156736097,-1.9502405725418022,1895,1090,805,0.01540661769485796,0.1519859585256452,0.08369628811025158,0.06828967041539362,-0.31100188410645446,-0.753506456726887,-0.0003291118051822819,-1.0611915054570358
48,120,0.0025,0,0.0,2.5,1,-0.9359212211929666,-0.4973454512698746,-0.9414775008908256,-1.8723415764195852,2116,1197,919,0.014626535786257557,0.17103295846063837,0.09282974712344796,0.07820321133719041,-0.3577451015839638,-0.7125215647726244,-0.00027263889236073556,-1.0617012805362667
20,60,0.0,0,0.0,2.5,1,-0.9336973799582815,-0.49303402736662305,-0.9413045413877453,-1.966683823156467,1920,1116,804,0.01774686342065917,0.14919066501982708,0.08346876422024313,0.06572190079958395,-0.20399997040447992,-0.7824071729806451,-0.00033195395260845627,-1.062020489218319
48,120,0.0,0,0.0,2.5,1,-0.9365029950678752,-0.4984918292045373,-0.9444288996786607,-1.8520579524334766,2258,1265,993,0.014041474354807255,0.18149905740102712,0.09777026587791718,0.08372879152310993,-0.29250782350089455,-0.7223659748907042,-0.0002447358795992963,-1.0633091766655416
48,60,0.0,0,0.0,2.5,1,-0.9350916819506888,-0.4957242736062284,-0.9421614887363066,-1.9304661836658237,2036,1158,878,0.014561528960540858,0.16212702333745044,0.08834427614899565,0.07378274718845479,-0.24951860724460007,-0.7605676798347939,-0.0002959707821989159,-1.0633283271576728
12,120,0.0,0,0.0,999.0,1,-0.9368922805125058,-0.49926331565799276,-0.9450510614944367,-1.855523673765799,2219,1269,950,0.01784437365923422,0.17854124683091724,0.09819281024507573,0.08034843658584151,-0.26937316122406185,-0.7379663326185945,-0.0002533955509839347,-1.064565030093501
20,96,0.0,0,0.0,999.0,1,-0.9370495432912778,-0.49957599116299967,-0.9442720977837006,-1.8691298731347608,2172,1240,932,0.01813690437495937,0.17519339530650718,0.09666514984073328,0.0785282454657739,-0.24265646531094964,-0.7536981234887816,-0.00026355906491791795,-1.0651685337115882
48,200,0.0025,0,-0.2,999.0,1,-0.9443599904859794,-0.5148044126515693,-0.950067286114413,-1.5082798147534113,2557,1472,1085,0.03071572515114087,0.2772216082688682,0.15396866671000456,0.12325294155886368,-0.3427970164583283,-0.6958610641934717,-0.00014274374482153206,-1.0652520464464463
48,200,0.005,0,0.0,999.0,1,-0.939318807077966,-0.5041543819990071,-0.945613941068203,-1.7752670566681787,2184,1276,908,0.02330494701943704,0.18049145160241825,0.10189819931092765,0.07859325229149061,-0.39275900058386215,-0.7021063815703769,-0.0002560313789961584,-1.0657247053665175
30,120,0.005,0,0.0,2.5,1,-0.936282028354819,-0.49805549340013744,-0.9430170673979585,-1.9404061516639945,1870,1088,782,0.016381720080608463,0.150295781057011,0.08333875056880972,0.06695703048820126,-0.37820917733420867,-0.7389134344936978,-0.0003410097312508653,-1.0665843346823165
30,200,0.0025,0,-0.2,2.5,1,-0.9427498828149387,-0.5113269548041668,-0.9485765264365346,-1.619473132357027,2409,1381,1028,0.025157641552362997,0.25073132678931287,0.13794448417083793,0.11278684261847494,-0.2657455482620785,-0.7398832520797023,-0.0001698014206865961,-1.0665888746402854
12,120,0.0025,0,0.0,999.0,1,-0.9384957528517887,-0.5024792094342878,-0.9436804482125788,-1.9075196752221772,2063,1193,870,0.019014496522134824,0.1673600728076448,0.09318728466488982,0.07417278814275499,-0.31032348143521105,-0.7497659205146308,-0.0002918982753897184,-1.069695417301686
30,200,0.0,0,-0.2,2.5,1,-0.943929830210345,-0.5138680583820256,-0.9514132196056048,-1.6100844186986227,2576,1468,1108,0.024832607423779497,0.26685301956705454,0.14584281349541703,0.12101020607163752,-0.20539605376283,-0.7440870071648882,-0.0001509797625297927,-1.0700788891197592
30,60,0.0025,0,-0.2,999.0,1,-0.9427886594190238,-0.5114098361886785,-0.9476565439656987,-1.7051421654894905,2062,1221,841,0.03253591627120848,0.2168952740037704,0.12471559513748944,0.09217967886628096,-0.2044960136846845,-0.7982983961228993,-0.00022638321418437402,-1.0704952164460022
30,120,0.0025,0,-0.2,999.0,1,-0.9442012624228359,-0.5144582705475684,-0.9504020560626855,-1.6337549310533614,2293,1334,959,0.028310472599622962,0.2457583046219853,0.13703438861080414,0.10872391601118117,-0.3423648283249555,-0.7328947120912916,-0.00018417135900697495,-1.0713470451315792
20,96,0.0025,0,0.0,999.0,1,-0.9390646938625253,-0.5036353740781236,-0.9435675264494472,-1.9267490114162276,2021,1168,853,0.019469544302151726,0.16430475199895989,0.0918871481505558,0.07241760384840408,-0.28652106014015644,-0.765332923328369,-0.0003038440526873798,-1.0717565878736586
20,200,0.005,0,0.0,999.0,1,-0.940494691890817,-0.5065774803004798,-0.9479004802483204,-1.8581001551075187,2097,1235,862,0.022524865110836637,0.17269063251641423,0.09760774881362543,0.07508288370278879,-0.37083741504983847,-0.7300617289972664,-0.0002827167141488101,-1.073432728180016
30,60,0.005,0,0.0,999.0,1,-0.9389272018044309,-0.5033552326133122,-0.9441906532660348,-1.9917421800472326,1783,1070,713,0.02304491971657024,0.14337255411818242,0.08320873691737632,0.06016381720080608,-0.2833938283588545,-0.7921080701316491,-0.00037780989358577943,-1.0750376682486913
30,200,0.0,0,-0.2,999.0,1,-0.9475193387081301,-0.5218532944157463,-0.9547108709216885,-1.5565395725449627,2670,1536,1134,0.03019567054540727,0.28586751608918937,0.15803159331729832,0.12783592277189104,-0.30267221933759647,-0.7139180489514398,-0.00013922339096716753,-1.0770357085038387
20,60,0.0,0,0.0,999.0,1,-0.9404029410456899,-0.5063871283116244,-0.9474960607041463,-1.9600578186223059,2037,1195,842,0.021582266137944485,0.16050185269453293,0.0910420594162387,0.06945979327829423,-0.2304447097697645,-0.7855013568966291,-0.0003146315176135174,-1.0781380495948127
20,200,0.0025,0,0.0,2.5,1,-0.9415209390117437,-0.5087217379059404,-0.9472568920708316,-1.9164862477463644,2188,1244,944,0.01582916206201651,0.17633101475654944,0.09608008840928298,0.08025092634726647,-0.35375785048610864,-0.7297024604632045,-0.00027364038855018423,-1.0781744963286743
30,200,0.005,0,0.0,999.0,1,-0.9432726438985364,-0.5124478680872104,-0.9502113608895097,-1.863024495302066,2130,1252,878,0.02297991289085354,0.17561593967366573,0.09929792628225964,0.07631801339140609,-0.3957302675888804,-0.7276038316308251,-0.000282470736244047,-1.0807047732970687
30,60,0.0025,0,0.0,2.5,1,-0.9404024681194947,-0.5063861477189178,-0.9448120288630757,-2.0638428593005105,1825,1060,765,0.017226808814925568,0.14418513943964117,0.08070597412728336,0.0634791653123578,-0.2749702717663749,-0.7952304944512809,-0.0003787459936317135,-1.0819843051154812
48,200,0.0025,0,0.0,2.5,1,-0.9439485620916555,-0.5139087207819155,-0.9496003230600739,-1.8684123741030254,2302,1296,1006,0.016446726906325163,0.18624455567834622,0.1013456412923357,0.08489891438601053,-0.36347275019483116,-0.7215368598884259,-0.00025328922029049317,-1.082129501017104
20,60,0.0025,0,0.0,999.0,1,-0.9414391166958164,-0.5085497467092188,-0.9468351052474491,-2.009391951906826,1886,1123,763,0.02281739582656179,0.14977572645127737,0.08629656113891959,0.0634791653123578,-0.26608752255750323,-0.7950700363739777,-0.00035894158336875,-1.0824368969282847
30,60,0.0,0,0.0,2.5,1,-0.940907135432901,-0.5074358890001005,-0.9476870931451078,-2.037693593940478,1966,1126,840,0.016316713254891764,0.154196190600013,0.08525645192745238,0.06893973867256062,-0.2238677800155371,-0.7964750908860758,-0.0003397846908489239,-1.0831641152696783
20,200,0.0,0,0.0,2.5,1,-0.9433189549800741,-0.5125475419550671,-0.9511262275063481,-1.9114965472486252,2348,1327,1021,0.01566664499772476,0.18799973997269714,0.10183319248521094,0.08616654748748619,-0.31640991955040654,-0.7316934182843662,-0.0002471278058334734,-1.0836854830706724
30,200,0.0025,0,-0.2,999.0,1,-0.9493187155543359,-0.5260112282167837,-0.955263301938025,-1.6033949843587403,2490,1440,1050,0.030488201261132417,0.26821816290710526,0.14935318208411882,0.11886498082298641,-0.3455992769565489,-0.7309483302662589,-0.00016466169844818644,-1.0838126284037333
48,60,0.0,0,0.0,999.0,1,-0.9434225578349441,-0.5127707443401461,-0.950031405279315,-1.9480917889251828,2155,1236,919,0.01829942143925112,0.17451082363648182,0.09640512253786647,0.07810570109861535,-0.2909517111379921,-0.7655572389781576,-0.00028602140573505375,-1.0851910364260628
20,120,0.0,0,0.0,999.0,1,-0.9440136681779626,-0.5140501296882679,-0.950923750049311,-1.9268091137591892,2259,1284,975,0.016836767860625365,0.1826691802639277,0.09975297406227654,0.08291620620165117,-0.3007270007263666,-0.752204425074308,-0.00026471008892622183,-1.0858524604008828
48,96,0.0,0,0.0,999.0,1,-0.9444501281466684,-0.5150013076786719,-0.9515767719618478,-1.9030422522134234,2305,1303,1002,0.016869271273483716,0.18770720925697199,0.10228824026522784,0.08541896899174413,-0.2869574014684523,-0.7532727328093201,-0.0002538189861127088,-1.085941806270267
48,96,0.0025,0,0.0,999.0,1,-0.9449979462515286,-0.5162031305782794,-0.9502595631755885,-1.9423355658921286,2153,1229,924,0.01800689072352597,0.1766235454722746,0.09731521809790028,0.07930832737437431,-0.3413278136205512,-0.754899323799731,-0.0002869053779192766,-1.0884496904606802
48,60,0.0025,0,0.0,999.0,1,-0.9442671330833349,-0.5146018265638355,-0.9492714314800955,-1.993805595809829,2004,1163,841,0.019437040889293374,0.16349216667750113,0.09146460378339726,0.07202756289410388,-0.33950702263151555,-0.7701126482070975,-0.00032476020140833836,-1.0889278220943748
48,200,0.0,0,0.0,2.5,1,-0.946146594121939,-0.5187525072996022,-0.9534670391470725,-1.8705196816439826,2460,1374,1086,0.016479230319183514,0.19856334915166093,0.10752128973542222,0.0910420594162387,-0.319160723769525,-0.7293024181196637,-0.00023012934995441376,-1.0890120109553376
20,120,0.0025,0,0.0,999.0,1,-0.9455559936458261,-0.5174366569918412,-0.9500030592276522,-1.980764600112134,2106,1210,896,0.01813690437495937,0.17161801989208866,0.09487746213352402,0.07674055775856464,-0.3382611406761541,-0.7641206658833777,-0.0003029221989983134,-1.091476416611274
12,200,0.005,0,0.0,999.0,1,-0.9458126281308901,-0.518007114058509,-0.9527548860039959,-1.9491182694795597,2075,1224,851,0.021842293440811286,0.16966781512058765,0.09575505428069947,0.0739127608398882,-0.467745037392751,-0.7126100504252271,-0.0003087872709014834,-1.091840470534485
48,120,0.0,0,0.0,999.0,1,-0.9470552479851677,-0.5207982635343464,-0.9540607988922618,-1.9028202841399398,2383,1347,1036,0.017714360007800817,0.1945979327829422,0.10615614639537152,0.08844178638757069,-0.35120690529656606,-0.7312750545686869,-0.000244948984661214,-1.0929696771874744
30,120,0.005,0,0.0,999.0,1,-0.9466681392442515,-0.5199235283703323,-0.9527386830570901,-1.990875060993849,1976,1161,815,0.02021712279789378,0.16167197555743354,0.09094454917766366,0.07072742637976988,-0.4062566716738929,-0.7586883726099324,-0.0003385321890106987,-1.0958366229485699
30,200,0.0025,0,0.0,2.5,1,-0.9475259828424552,-0.5218684494113873,-0.9529261161915421,-1.963942629587703,2231,1266,965,0.016056685952024963,0.1799388935838263,0.09799778976792563,0.08194110381590067,-0.38526058447652134,-0.7394866990078457,-0.00028251434664105856,-1.0965286389865436
48,120,0.0025,0,0.0,999.0,1,-0.9480364944024363,-0.5230372312533539,-0.953080600613312,-1.9472656769825765,2228,1271,957,0.018494441916401223,0.18315673145680297,0.10082558668660209,0.08233114477020087,-0.40251439862224914,-0.7349693861676116,-0.000278614722963963,-1.0969408154091387
30,120,0.0025,0,0.0,2.5,1,-0.9468355084201995,-0.5203011402043649,-0.9513696954923813,-2.0424447754543227,2044,1161,883,0.014041474354807255,0.16433725541181823,0.08918936488331275,0.0751478905285055,-0.39917021951150866,-0.7540594306105388,-0.00032897833889648776,-1.0981082267232716
30,60,0.0,0,0.0,999.0,1,-0.9468363849274892,-0.5203031200902981,-0.9529360564303045,-2.027954557531328,2083,1204,879,0.02011961255931873,0.1661249431190275,0.09312227783917311,0.07300266527985438,-0.2553021491450317,-0.7976676971927842,-0.0003210605011313367,-1.0981688761820168
48,200,0.0025,0,0.0,999.0,1,-0.9502685908749798,-0.5282509589851264,-0.9554277821975291,-1.8786788481715724,2416,1371,1045,0.02054215692647728,0.19905090034453618,0.10979652863550673,0.08925437170902945,-0.3885881031202165,-0.7276948752239077,-0.00024417789426317674,-1.0998987924924695
30,120,0.0,0,0.0,2.5,1,-0.9476733702306106,-0.5222050044389315,-0.953863135626425,-2.0241357352655,2185,1230,955,0.013228889033348502,0.17477085093934863,0.09399986998634857,0.08077098095300006,-0.3483907933312589,-0.7604915006767918,-0.00029802072095723724,-1.1003433590154188
30,200,0.0,0,0.0,2.5,1,-0.9488985879437293,-0.5250306289296837,-0.9555046218706766,-1.9551525012131135,2391,1348,1043,0.01599167912630826,0.19190014951569914,0.10394591432100371,0.08795423519469545,-0.342830347884057,-0.7429105249839844,-0.00025476259283351433,-1.1005405649256779
48,200,0.0,0,0.0,999.0,1,-0.9506536553690612,-0.5291680511480652,-0.9574994075122821,-1.8548287941595165,2586,1456,1130,0.02037963986218553,0.2123447962036014,0.11636221803289346,0.09598257817070792,-0.35282581352698283,-0.7220817933835422,-0.0002159037973755647,-1.100659194612182
12,200,0.0025,0,0.0,2.5,1,-0.9482780955164963,-0.5235933636091614,-0.9533512689093383,-2.031394133812716,2162,1232,930,0.01540661769485796,0.17291815640642266,0.09416238705064031,0.07875576935578235,-0.48716058592879163,-0.7026397900251169,-0.0003055031893583825,-1.1018387047544664
30,60,0.0025,0,0.0,999.0,1,-0.9480435407410135,-0.5230534234792084,-0.9523239908987919,-2.081768919213216,1933,1133,800,0.021354742247936032,0.15533381005005525,0.08834427614899565,0.0669895339010596,-0.29537062756813826,-0.8061216154495955,-0.0003653917051747669,-1.103303864889265
12,200,0.0,0,0.0,2.5,1,-0.9495666483813603,-0.5265927785401571,-0.9565133608204428,-2.0203578069924255,2320,1313,1007,0.014919066501982709,0.18439186114542028,0.0996554638237015,0.08473639732171878,-0.45600204057067095,-0.7041795819078647,-0.00027590113849835276,-1.1058673492999997
20,200,0.0025,0,0.0,999.0,1,-0.9516166566360538,-0.5314853088850663,-0.9565035626310185,-1.9737391396322395,2302,1320,982,0.019892088669310276,0.18877982188129755,0.10433595527530391,0.08444386660599362,-0.3981305869623927,-0.7457906261045948,-0.0002752101973427723,-1.1084240471821876
20,200,0.0,0,0.0,999.0,1,-0.9518281176260459,-0.5319987672427078,-0.9585977335508571,-1.9452176004138344,2476,1412,1064,0.019567054540726776,0.2013911460703374,0.11047910030553208,0.0909120457648053,-0.37362572071422395,-0.7346917660271979,-0.00024343553074271604,-1.108558514038828
30,200,0.0,0,0.0,999.0,1,-0.9554518880595264,-0.5410722925467885,-0.9613362665783136,-1.9689390813801548,2519,1432,1087,0.019892088669310276,0.2055515829162062,0.11272183579275824,0.09282974712344796,-0.3864241604609415,-0.7440873546946223,-0.0002462631202460667,-1.120187379904953
30,200,0.0025,0,0.0,999.0,1,-0.9554615365864494,-0.5410971780359848,-0.9601742986793554,-2.0005022858644264,2345,1341,1004,0.02011961255931873,0.1925827211857245,0.10635116687252162,0.08623155431320288,-0.41738719178084305,-0.7530023468735889,-0.000278836652645027,-1.1212094416688838
30,120,0.0,0,0.0,999.0,1,-0.95555159547455,-0.5413296531325891,-0.9612540019182994,-2.0557292854210294,2310,1312,998,0.016739257622050314,0.18770720925697199,0.10222323343951115,0.08548397581746084,-0.3884264756394554,-0.7692492764742447,-0.0002915933003546455,-1.1247431183627903
30,120,0.0025,0,0.0,999.0,1,-0.9560932814452745,-0.5427354432749069,-0.9602934943043061,-2.098792557470588,2158,1237,921,0.01784437365923422,0.17639602158226614,0.09712019762075018,0.07927582396151596,-0.42754134705922653,-0.7743123511292039,-0.00032791205466923455,-1.1278218183005895
12,200,0.0,0,0.0,999.0,1,-0.9572208580359811,-0.5457039717415773,-0.9632326297670764,-2.0517603720605275,2448,1399,1049,0.018786972632126375,0.19755574335305207,0.10817135799258923,0.08938438536046285,-0.4938923219120982,-0.7124598282398273,-0.00027084364298567837,-1.1299083052281418
12,200,0.0025,0,0.0,999.0,1,-0.957258298621044,-0.5458035413846912,-0.9615753768174106,-2.085896801543643,2277,1310,967,0.019437040889293374,0.18520444646687903,0.1023207436780862,0.08288370278879283,-0.5167692086887633,-0.723773636463996,-0.00030536985313407087,-1.1308860698705787
