ema_fast,ema_slow,trend_threshold,use_macd,volume_filter,funding_z_cap,allow_short,regime_filter,regime_fast,regime_slow,total_return,annual_return,max_drawdown,sharpe,trades,long_trades,short_trades,exposure,abs_exposure,long_exposure,short_exposure,long_total_return,short_total_return,avg_bar_return_when_in_position,score
48,200,0.0,0,-999.0,999.0,1,1,100,200,9.858205328368948,0.8167470650077171,-0.6031383411600828,1.3992797736012403,63,41,22,0.19791494290915107,0.453020023167301,0.32546748303822604,0.12755254012907496,10.863029959269818,-0.05587625903313653,0.00022705499413795146,0.5851418831077377
48,200,0.0,0,-999.0,2.5,1,1,100,200,8.559864807102949,0.7597417545461407,-0.5922789602478197,1.3729284259627879,191,140,51,0.18269071653152408,0.42660930001654807,0.3046500082740361,0.121959291742512,9.860288404094913,-0.031992580859070086,0.00023163739244429118,0.5322486957203703
48,200,0.005,0,-999.0,999.0,1,1,100,200,6.659038093077746,0.6647405731724088,-0.5886674917152128,1.282410167875072,56,38,18,0.19132881019361245,0.4139334767499586,0.30263114347178555,0.1113023332781731,6.363438265580393,0.06915252136122896,0.00021456812825182861,0.43452733570855595
12,60,0.0,0,-999.0,999.0,1,1,100,200,6.107222046947674,0.6338675559295064,-0.5859788066613587,1.321150096717503,171,120,51,0.14436538143306304,0.3273208671189806,0.23584312427602183,0.0914777428429588,6.429158490343212,0.04208159348036933,0.0002574016742334443,0.40693565743470217
48,200,0.005,0,-999.0,2.5,1,1,100,200,5.939578982569508,0.6241330574207997,-0.5623425734130367,1.2668249016814495,171,128,43,0.17583981466159193,0.38924375310276355,0.2825417838821777,0.10670196922058581,5.66032188316469,0.13438942000311394,0.0002197378659172167,0.4063030157983538
48,200,0.01,0,-999.0,999.0,1,1,100,200,5.698494886388202,0.6098201915658559,-0.5574706315001763,1.2427705690706154,52,39,13,0.18242594737713055,0.3652490484858514,0.273837497931491,0.09141155055436041,4.965035240441224,0.15254713846177226,0.00022717607396355018,0.3932234042692985
48,200,0.01,0,-999.0,2.5,1,1,100,200,5.331435588980976,0.5872678635807089,-0.5274434668329826,1.2487503311623829,152,119,33,0.16872414363726626,0.3436041701141817,0.25616415687572397,0.08744001323845772,4.543664113734506,0.23230984811058453,0.00023536240092622278,0.38598364672233676
48,200,0.0,0,-999.0,1.5,1,1,100,200,5.084685141412726,0.5715503015693442,-0.49561435330066184,1.1996736388713152,327,237,90,0.15412874400132384,0.3665397981135198,0.2603342710574218,0.10620552705609797,5.738691481927732,0.06284575075916043,0.00022735574464575168,0.383726806862579
20,60,0.0,0,-999.0,999.0,1,1,100,200,5.668352495967513,0.6080036447771466,-0.6109302074750074,1.278451545582176,145,98,47,0.14615257322521927,0.33367532682442497,0.2399139500248221,0.09376137679960285,6.621576381036794,-0.05926356042656489,0.00024607549036410973,0.3664611183187518
12,60,0.01,0,-999.0,999.0,1,1,100,200,4.478831608305387,0.5308235575183666,-0.5378029103347457,1.2322778438176465,135,100,35,0.13930167135528712,0.2706271719344696,0.20496442164487838,0.06566275028959126,3.8682037060317915,0.20404139617694805,0.0002697036493385582,0.3235359945418761
48,200,0.0025,0,-999.0,999.0,1,1,100,200,5.1337433175011,0.5747127845907094,-0.6202860993731869,1.1685593215243706,63,40,23,0.19291742511997353,0.4359755088532186,0.31444646698659606,0.12152904186662254,5.6696355536731495,-0.05138499466568014,0.0001882198718022814,0.3229977009803345
20,60,0.01,0,-999.0,999.0,1,1,100,200,4.462384254460695,0.5296718096552824,-0.5599295941456441,1.220597590720841,110,79,31,0.14141982459043523,0.2769154393513156,0.2091676319708754,0.06774780738044017,4.074273049021394,0.13736689836698468,0.00026322682555916213,0.31073689211850236
12,60,0.0,0,-999.0,2.5,1,1,100,200,4.522656990039675,0.5338798843683126,-0.5942953118547829,1.2233630475063086,269,193,76,0.13102763528048983,0.30471620056263443,0.21787191792156213,0.08684428264107232,4.999246545291318,0.05312173463715042,0.00024859934552196055,0.29790038081623654
12,96,0.0,0,-999.0,999.0,1,1,100,200,4.553605422000704,0.5360272531956325,-0.6055760420934932,1.1699340992484788,147,104,43,0.15634618566936953,0.35505543604170114,0.2557008108555353,0.09935462518616581,5.201358093866381,-0.03613360840289803,0.0002160983980101055,0.2917359371113098
30,60,0.0,0,-999.0,999.0,1,1,100,200,4.420664187291876,0.5267386004874672,-0.5994196299628041,1.163794503492967,129,91,38,0.14860168790335926,0.34155220916763196,0.2450769485354956,0.09647526063213635,5.199085987092437,-0.06729599348149151,0.0002203283291384657,0.2852185106807136
48,200,0.0025,0,-999.0,2.5,1,1,100,200,4.448083532238291,0.5286682676827299,-0.6114539170629667,1.137219609320533,184,134,50,0.17766010259804732,0.41012742015555187,0.2938937613767996,0.11623365877875227,5.155542763743663,-0.030103732885402024,0.00019065842298343307,0.2798022896172732
30,200,0.0,0,-999.0,999.0,1,1,100,200,4.856191538719381,0.5565636358170432,-0.670859095498803,1.1504698776118556,76,50,26,0.19199073307959622,0.43716697004798943,0.31457885156379284,0.1225881184841966,5.870510715645517,-0.11461212755769701,0.0001838620605442716,0.2786575819482345
12,60,0.005,0,-999.0,999.0,1,1,100,200,4.193235855620932,0.5104442237609179,-0.59866458449921,1.1919199026927538,155,111,44,0.14105576700314412,0.3005129902366374,0.22078437861989078,0.07972861161674664,4.304429456616399,0.057951134010221894,0.0002394235151965189,0.2707079266459506
12,96,0.01,0,-999.0,999.0,1,1,100,200,3.70067500108018,0.4732294981102787,-0.5535171459010014,1.123519217243869,114,84,30,0.15042197583981465,0.29531689558166474,0.2228694357107397,0.07244745987092503,3.3714100191948786,0.13841250732164134,0.00023218925891280306,0.25264688602197144
48,200,0.005,0,-999.0,1.5,1,1,100,200,3.1819516313780927,0.430730048001581,-0.46471594077983625,1.047284155871008,291,217,74,0.14866788019195765,0.3345358265762039,0.24160185338408074,0.09293397319212311,2.999211924272188,0.20890739742405984,0.00020347116800037863,0.25073628540521326
12,60,0.01,0,-999.0,2.5,1,1,100,200,3.431515212469927,0.451642367144548,-0.5271994492090206,1.1505252520120794,217,164,53,0.12692371338739036,0.2508356776435545,0.18887969551547246,0.06195598212808208,2.8923241425094006,0.26904195402084974,0.00026147418366108226,0.24556890514064164
20,60,0.0,0,-999.0,2.5,1,1,100,200,3.9128651496140643,0.48960332033305987,-0.61095971087251,1.1492996479817292,244,173,71,0.13281482707264602,0.3110706602680788,0.2219427436703624,0.08912791659771636,4.682439905096087,-0.0232190764786675,0.00023093585501832454,0.24158844729589132
12,96,0.0,0,-999.0,2.5,1,1,100,200,3.789888617628531,0.4801798967785429,-0.6015763400607708,1.1234208741165403,250,181,69,0.14218103590931658,0.33116001985768656,0.23667052788350157,0.094489491974185,4.442096983527802,-0.0026225980015900374,0.00021649937081565337,0.23556277045398452
20,200,0.0,0,-999.0,999.0,1,1,100,200,4.273880217396243,0.5162822107988014,-0.673211285819231,1.105456600862435,95,66,29,0.18696011914611949,0.4245242429256992,0.30574218103590933,0.11878206188978983,5.416786405410557,-0.13811995570292768,0.00018088045265690983,0.2349493979323077
30,60,0.01,0,-999.0,999.0,1,1,100,200,3.4688328878565207,0.4546930048639044,-0.5499674197402907,1.1014885652506996,102,75,27,0.14376965083567764,0.2835015720668542,0.21363561145126592,0.06986596061558828,3.413975036603353,0.06541498182024807,0.00023411573403980294,0.234783723256294
30,60,0.0,0,-999.0,2.5,1,1,100,200,3.6378683195642525,0.46827684888326915,-0.5838964977761019,1.1122443173516898,229,166,63,0.13516465331788846,0.31871586960119147,0.22694026145953997,0.09177560814165149,4.364367890933204,-0.030519644410886948,0.0002194131108512868,0.2319408158628027
30,200,0.0,0,-999.0,2.5,1,1,100,200,4.1129721196679165,0.504565914806649,-0.6573762287825842,1.109839626021206,200,145,55,0.1765679298361741,0.4108886314744332,0.29372828065530365,0.11716035081912957,5.220523111671238,-0.0915797101432847,0.00018493913405220452,0.23136978171641726
30,200,0.01,0,-999.0,999.0,1,1,100,200,3.555764731405012,0.4617261326162152,-0.5668477940458105,1.0599783879816653,59,44,15,0.1780572563296376,0.3556511666390865,0.26685421148436206,0.08879695515472448,3.384780753571736,0.07010968978179855,0.0001955206108785394,0.2313011549923932
12,200,0.01,0,-999.0,999.0,1,1,100,200,3.4453789558763646,0.45277793789476317,-0.5528307878298867,1.059656942090869,79,61,18,0.1710077775939103,0.3414529207347344,0.25623034916432236,0.08522257157041205,3.0776774045777815,0.13410913006443437,0.00019963516761642306,0.22934539108436328
20,200,0.01,0,-999.0,999.0,1,1,100,200,3.4759717168082043,0.4552744105346376,-0.5652043065664989,1.0560546555418617,70,53,17,0.1746814496111203,0.34797286116167464,0.2613271553863975,0.08664570577527718,3.4682288712273195,0.03742338027890102,0.00019759186937206959,0.2254749900284812
20,60,0.005,0,-999.0,999.0,1,1,100,200,3.8468804337757208,0.48456933245496825,-0.6340094267787765,1.1441409050304134,130,89,41,0.14237961277511169,0.3069998345192785,0.2246897236471951,0.0823101108720834,4.389693855531527,-0.04030239680673309,0.00022693039695591326,0.2247716643171007
20,60,0.01,0,-999.0,2.5,1,1,100,200,3.22898437087858,0.43474140402440975,-0.5369824701182923,1.1123386118261165,194,146,48,0.12890948204534172,0.2569915604832037,0.1929505212642727,0.06404103921893099,2.783429822679469,0.2316505275178422,0.00024923158774586135,0.22186709955656944
48,200,0.01,0,-999.0,1.5,1,1,100,200,2.669711373636687,0.3846865590900741,-0.4284565160284751,0.9982430547004579,263,202,61,0.14251199735230846,0.2948204534171769,0.21866622538474267,0.07615422803243423,2.2643717112169806,0.28220158332404255,0.00021044145042544175,0.22037045381085943
12,96,0.01,0,-999.0,2.5,1,1,100,200,3.158181258960391,0.4286898280889839,-0.5296276190216447,1.0897637093190276,199,151,48,0.13741519113023332,0.27456561310607314,0.20599040211815323,0.06857521098791991,2.7262477483763656,0.2326926251214776,0.00023351966316544523,0.21836420404411297
20,120,0.0,0,-999.0,999.0,1,1,100,200,3.9024091623475305,0.488809024079637,-0.6502456369240743,1.088947259002762,113,82,31,0.16779745159688897,0.379348005957306,0.2735727287770975,0.1057752771802085,4.169650173823283,0.003441767517234906,0.0001928507054968225,0.21813356856773794
30,200,0.01,0,-999.0,2.5,1,1,100,200,3.2190755046363826,0.43389908186594806,-0.5374569026384528,1.0465399646284514,158,123,35,0.1642892603011749,0.33394009597881846,0.2491146781399967,0.08482541783882178,2.990668223303583,0.14416726680409253,0.00019984171701770319,0.21749762877814421
12,120,0.0,0,-999.0,999.0,1,1,100,200,3.7458537124739584,0.4767614950375092,-0.6276712748032693,1.0799317894499914,134,99,35,0.16273374151911302,0.37090848916101277,0.26682111534006286,0.10408737382094986,4.002601830561299,0.014433112473495102,0.00019376753552256218,0.2169224471083741
12,200,0.0,0,-999.0,999.0,1,1,100,200,3.8429032441220494,0.48426427402386896,-0.6489956393966795,1.0695916886116312,111,80,31,0.18216117822273706,0.4153566109548238,0.2987588945887804,0.11659771636604335,4.303477404287595,-0.034717481377033566,0.00017757119716636558,0.21324603875611078
20,200,0.01,0,-999.0,2.5,1,1,100,200,3.1298808107685465,0.4262493568441523,-0.5357018987882927,1.0408755985263032,169,132,37,0.16094654972695682,0.3262948866457058,0.2436207181863313,0.08267416845937449,3.0516071180742914,0.10921888182733053,0.00020175716549003392,0.21044218737632114
12,200,0.01,0,-999.0,2.5,1,1,100,200,3.0532432008147152,0.4195770185979506,-0.522488793549487,1.03830755042609,176,138,38,0.15737216614264438,0.3198742346516631,0.23862320039715373,0.08125103425450934,2.6501781898546852,0.21259582638483665,0.0002027223013388731,0.2102479993445116
12,60,0.0025,0,-999.0,999.0,1,1,100,200,3.484206824941192,0.45594423732625544,-0.6070902312074906,1.0996379941369179,166,117,49,0.14019526725136522,0.3143471785536985,0.22727122290253185,0.08707595565116664,3.834236048468357,0.007890239359402695,0.00021542641398194644,0.20738102142935602
30,60,0.01,0,-999.0,2.5,1,1,100,200,2.927015039233545,0.40837798127538427,-0.5157193188797087,1.0622507610580656,186,141,45,0.1310938275690882,0.263346020188648,0.1972199238788681,0.0661260963097799,2.726043488940691,0.15668241350646617,0.00023432177700867694,0.2036308598884332
20,120,0.01,0,-999.0,999.0,1,1,100,200,3.288372666604407,0.4397590489017842,-0.5804755495645142,1.0540886590281349,85,65,20,0.15872910805891113,0.3155386397484693,0.23713387390369023,0.07840476584477908,2.845011757900064,0.16374272331638462,0.00020969821143202447,0.20222570707093385
20,200,0.0,0,-999.0,2.5,1,1,100,200,3.697946612834767,0.47301538375294294,-0.6608449779594008,1.0729301058444045,217,160,57,0.17140493132550058,0.39877544266093,0.2850901869932153,0.11368525566771472,4.942406567645781,-0.11879196071333376,0.00018314278096629415,0.19623940006546278
20,120,0.01,0,-999.0,2.5,1,1,100,200,3.0293734226220277,0.4174795256398245,-0.551990088273353,1.0503064673491118,177,138,39,0.14562303491643225,0.2946218765513818,0.220122455733907,0.07449942081747477,2.5431610083673895,0.24248542565196374,0.00021648776359098446,0.19399980487060356
20,120,0.0,0,-999.0,2.5,1,1,100,200,3.460725381633851,0.4540318624738029,-0.6358224905609311,1.0670071111987356,225,167,58,0.15323514810524574,0.354856859175906,0.2540460036405759,0.10081085553533013,3.869201868424976,0.025222326047595667,0.00019724796471089342,0.18947097275327413
12,120,0.01,0,-999.0,999.0,1,1,100,200,3.030250850301287,0.4175567919361589,-0.5636198242990305,1.0289955226304588,101,78,23,0.15522091676319708,0.3082574880026477,0.2317392023829224,0.0765182856197253,2.5413600504390654,0.19701433294808157,0.00020698590366740748,0.18719665591816662
12,60,0.005,0,-999.0,2.5,1,1,100,200,3.1216116008141395,0.42553390056741813,-0.5927330182152898,1.0965737164765401,244,179,65,0.12801588614926362,0.27939765017375473,0.20370676816150918,0.07569088201224557,3.200618252638251,0.10853912492473694,0.00022914270051874509,0.18399607728360023
12,200,0.0,0,-999.0,2.5,1,1,100,200,3.3232970810553564,0.44268549070001795,-0.6350793084248874,1.0361546089017288,230,171,59,0.1667052788350157,0.3898394837001489,0.2782723812675823,0.11156710243256661,3.9109353344251776,-0.012340558529300827,0.00017970100995533944,0.1769535669326607
12,120,0.0,0,-999.0,2.5,1,1,100,200,3.1878779560942663,0.43123735226399984,-0.614583897300539,1.0410387226938922,244,181,63,0.14833691874896573,0.34651663081251033,0.24742677478073805,0.0990898560317723,3.5601512198715737,0.03755696349750259,0.00019533651424095622,0.17599733974842496
12,120,0.01,0,-999.0,2.5,1,1,100,200,2.6761739563614237,0.38529662132358067,-0.5304308787522376,1.0070856845605782,192,149,43,0.14224722819791494,0.28734072480556017,0.21479397650173754,0.0725467483038226,2.161827538908176,0.27985442121711346,0.00021035797489107132,0.17043546617549077
30,200,0.005,0,-999.0,999.0,1,1,100,200,3.399204768281554,0.4489854649107017,-0.6633866458744475,1.0347645238999945,66,45,21,0.1862320039715373,0.4020188648022505,0.2941254343868939,0.10789343041535661,3.7280843061067053,-0.03833398689935741,0.00017182807569860196,0.16903036816847766
12,96,0.005,0,-999.0,999.0,1,1,100,200,3.198566190524753,0.4321509257939453,-0.6316647863041308,1.053053481449704,133,95,38,0.15270560979645872,0.32791659771636605,0.24031110375641238,0.08760549395995366,3.507126169151415,-0.0043903571001184805,0.00019999651141721449,0.1689712067143651
48,200,0.0025,0,-999.0,1.5,1,1,100,200,2.5340950103853626,0.37169466787594985,-0.5118661395656089,0.9499102299149532,313,228,85,0.14976005295383088,0.3523746483534668,0.2510673506536488,0.10130729769981797,2.8513070494164356,0.07259794017412058,0.00017949442865940928,0.16325710958889306
20,60,0.0025,0,-999.0,999.0,1,1,100,200,3.0548908995597674,0.41972146371882957,-0.6385271466528062,1.036435269128069,141,95,46,0.14194936289922225,0.3211318881350323,0.23154062551712726,0.08959126261790501,3.8193269379878823,-0.09714459520916552,0.00020052431827827948,0.1522796538488299
30,60,0.005,0,-999.0,999.0,1,1,100,200,2.932877099260173,0.40890399733105265,-0.6242065908613955,1.0226278114644092,119,84,35,0.14463015058745657,0.31467813999669036,0.22965414529207348,0.08502399470461691,3.4805326870729383,-0.06840379852451806,0.00019968658718412562,0.14793209247357536
30,200,0.005,0,-999.0,2.5,1,1,100,200,2.946027217058589,0.41008185285644827,-0.6373557686973584,1.0026790428483887,178,132,46,0.17070991229521762,0.37729604501075625,0.27400297865298695,0.10329306635776932,3.227417890947698,0.020344365319380886,0.00017335393333684448,0.1415379206501885
30,120,0.0,0,-999.0,999.0,1,1,100,200,3.1182686811386926,0.42524436399189947,-0.6707503608506387,0.9968592418096549,100,71,29,0.17203375806718518,0.38788681118649676,0.27996028462684097,0.1079265265596558,3.5305472235649926,-0.04438233307282502,0.00017409961526456652,0.1397121456570629
12,96,0.0,0,-999.0,1.5,1,1,100,200,2.269774668521153,0.34525861440247163,-0.5171965985587597,0.9441436728776673,342,249,93,0.11954327320867118,0.28303822604666556,0.20129074962766838,0.08174747641899718,2.6766077424857815,0.05524537216289849,0.00020643003049718392,0.13386749876697518
12,96,0.005,0,-999.0,2.5,1,1,100,200,2.6971677355304613,0.3872728843219828,-0.6117581280916671,1.012104083609828,226,166,60,0.13880522919079927,0.3054774118815158,0.22214132053615754,0.08333609134535827,2.875398408353226,0.068169927983734,0.0001999980123523918,0.1319990244566407
48,96,0.01,0,-999.0,999.0,1,1,100,200,2.679885986963704,0.3856466703656356,-0.6086096352367285,0.9645546366562,75,55,20,0.1630647029621049,0.323183849081582,0.24312427602184344,0.08005957305973854,2.6895582363315222,0.0355000149485174,0.00019031617573469578,0.12956958458008136
30,96,0.0,0,-999.0,999.0,1,1,100,200,2.846586088297657,0.40110076367581016,-0.64076928944764,0.9673113005855579,113,83,30,0.16379281813668709,0.3719675657785868,0.26788019195763696,0.10408737382094986,2.7745670976277355,0.07833097721506577,0.00017485488018123804,0.12908168398126807
30,96,0.01,0,-999.0,2.5,1,1,100,200,2.287147894799389,0.34704444496633857,-0.5349930756627408,0.9349561582917066,178,138,40,0.14333940095978817,0.2898229356279993,0.21658116829389376,0.07324176733410558,1.7935225472624858,0.28626051586004797,0.00019666518864579544,0.1262957150495535
20,60,0.005,0,-999.0,2.5,1,1,100,200,2.652501662763361,0.38305803979686326,-0.6195643724964186,1.015840588587068,220,159,61,0.1292404434883336,0.2857852060234983,0.20751282475591593,0.07827238126758233,2.946413457814041,0.03317093208307065,0.00021000447333000975,0.12406788297800736
30,96,0.01,0,-999.0,999.0,1,1,100,200,2.4119281058192814,0.35966721943636326,-0.5645592446170826,0.9317837109171573,87,66,21,0.15631308952507034,0.3106073142478901,0.23346020188648023,0.07714711236140989,1.9580246736672708,0.2047435605418515,0.00018855090847235258,0.12397678267367981
48,96,0.01,0,-999.0,2.5,1,1,100,200,2.444632429685063,0.3629182301389906,-0.582034461671459,0.952379559998394,168,129,39,0.15005791825252357,0.30236637431739205,0.2262121462849578,0.07615422803243423,2.3888185166095295,0.1055653892034163,0.00019517872708421196,0.11951997730318081
12,60,0.0,0,-999.0,1.5,1,1,100,200,2.233134921746643,0.3414688901659899,-0.542351905390821,0.9512114750221128,352,255,97,0.11007777593910309,0.26086380936620884,0.18547079265265595,0.07539301671355288,2.627791093338295,0.06276318683315685,0.000220103860634812,0.11785351122168505
20,120,0.005,0,-999.0,999.0,1,1,100,200,2.850603083165808,0.40146691465120443,-0.6673292309490747,0.989834961555972,100,73,27,0.1628661260963098,0.35171272546748306,0.2572894257818964,0.09442329968558663,2.967804294659886,0.020231352623132137,0.00018001984869776293,0.11729404725446568
30,60,0.005,0,-999.0,2.5,1,1,100,200,2.4689728830068707,0.36532283342153304,-0.5942065031962216,0.9806311783862093,210,154,56,0.13129240443488333,0.2931325500579183,0.2122124772464008,0.08092007281151746,2.837795091656844,0.003994760827470412,0.00019920585704919698,0.11725114074273271
20,200,0.005,0,-999.0,999.0,1,1,100,200,2.8471473348704306,0.4011519387873099,-0.6654679751841959,0.9717455478870249,82,59,23,0.18199569750124112,0.39096475260632135,0.28648022505378123,0.10448452755254013,3.3853965647697333,-0.08601204257923267,0.00016492426052754322,0.11700522858956325
12,200,0.005,0,-999.0,999.0,1,1,100,200,2.7724528621517894,0.39429145161936185,-0.6536200909648076,0.9675790845297869,93,68,25,0.177428429587953,0.3824921396657289,0.27996028462684097,0.10253185503888797,2.985381670984047,-0.00836089092939385,0.00016595181772113905,0.11586036036344743
48,60,0.0,0,-999.0,999.0,1,1,100,200,2.6712135885504606,0.38482843868641536,-0.6344314432962199,0.9506359656102508,117,85,32,0.15561807049478735,0.3561145126592752,0.2558662915770313,0.10024822108224392,3.117185881057517,-0.05458658980534947,0.00017653373767338037,0.11514451531881795
30,120,0.0,0,-999.0,2.5,1,1,100,200,2.772139899344649,0.3942624934629648,-0.6582490627105761,0.9731593687564727,214,158,56,0.15720668542114843,0.3630647029621049,0.2601356941916267,0.10292900877047824,3.3009297231642822,-0.023872437777293865,0.00017799355854818163,0.11379593054550038
12,96,0.01,0,-999.0,1.5,1,1,100,200,1.7640670470143154,0.289847785112626,-0.44406106277107704,0.879835888760586,281,215,66,0.11534006288267416,0.2338904517623697,0.17461525732252192,0.05927519443984776,1.5765950002874147,0.2346277894848654,0.00021336171306837655,0.11180904816511678
12,60,0.0025,0,-999.0,2.5,1,1,100,200,2.5185149194696748,0.37017830532952845,-0.616311217852054,0.9925672908611191,259,187,72,0.12698990567598875,0.29220585801754095,0.20959788184676484,0.0826079761707761,2.937014178637107,0.017296659548456716,0.00020348147425296734,0.1116510609465574
48,60,0.01,0,-999.0,999.0,1,1,100,200,2.3776353279610136,0.356233118630223,-0.5832701381709955,0.9343772205809548,92,69,23,0.14972695680953169,0.29660764520933314,0.2231673010094324,0.07344034419990071,2.3329945108038728,0.06111072043255272,0.0001943320885821077,0.11131691057377299
30,96,0.0,0,-999.0,2.5,1,1,100,200,2.583557065329272,0.37647568761440264,-0.6266668332498408,0.9513825460551629,223,166,57,0.14949528379943736,0.34774118815158034,0.24861823597550886,0.09912295217607149,2.636405509738741,0.10173706985006992,0.00018010948113004864,0.11071139829224036
12,120,0.005,0,-999.0,999.0,1,1,100,200,2.6434549506367766,0.3821996604100337,-0.642066843660764,0.9675300314586481,117,87,30,0.15869601191461194,0.34310772794969385,0.2509018699321529,0.09220585801754096,2.6664726081158525,0.05360431397546117,0.0001783249221457688,0.10954274015258411
20,120,0.005,0,-999.0,2.5,1,1,100,200,2.596835525456487,0.3777507591907143,-0.6414249131817126,0.9784878672789136,202,152,50,0.14837001489326493,0.328611616746649,0.23849081581995699,0.09012080092669204,2.686940994047364,0.0792675118550572,0.00018525437764908755,0.10596269596380373
30,200,0.0,0,-999.0,1.5,1,1,100,200,2.29915476689454,0.34827452608419485,-0.5801555659405248,0.9150509613917568,329,237,92,0.1485023994704617,0.35316895581664737,0.2508356776435545,0.10233327817309283,3.012019142016718,-0.030608959709293226,0.0001726344142416836,0.10394929118352031
30,200,0.0025,0,-999.0,999.0,1,1,100,200,2.8188209719486546,0.39856209091311445,-0.6899182259986312,0.959050550078872,74,48,26,0.1869270230018203,0.42078437861989076,0.30385570081085556,0.11692867780903525,3.520422538025901,-0.12335616747219691,0.00015438159313777938,0.10155550541774247
48,96,0.0,0,-999.0,999.0,1,1,100,200,2.8127294810916696,0.3980032723676987,-0.689165391582429,0.9570352018404232,98,70,28,0.17322521926195597,0.38702631143471783,0.28012576534833694,0.10690054608638094,3.4143627442006075,-0.09290300930718731,0.00016814352029097986,0.10127233666850541
12,200,0.005,0,-999.0,2.5,1,1,100,200,2.438311073426604,0.36229165802067564,-0.6272186638037016,0.9405753213983723,202,153,49,0.162204203210326,0.358530531193116,0.260367367201721,0.098163163991395,2.6208363419191025,0.05053610428683708,0.0001682359619126076,0.09571109218874346
20,200,0.005,0,-999.0,2.5,1,1,100,200,2.496828190733981,0.3680592003365828,-0.6399696057469154,0.9434982691892014,192,145,47,0.1665067019692206,0.3667383749793149,0.26662253847426776,0.10011583650504716,2.9753848820678894,-0.03172702713005393,0.000166917943828518,0.09524931092258515
12,96,0.0025,0,-999.0,999.0,1,1,100,200,2.493425578116784,0.3677258226732225,-0.6420509351880566,0.9461139236886504,144,101,43,0.1524408406420652,0.34168459374482874,0.24706271719344697,0.09462187655138177,3.045109409023536,-0.071892577863918,0.00017595793162648795,0.09400605126362677
30,60,0.0025,0,-999.0,999.0,1,1,100,200,2.419852756753561,0.3604571157466476,-0.6298836817474489,0.9388774481388079,128,89,39,0.1448618235975509,0.32847923216945224,0.23667052788350157,0.09180870428595068,3.1106233537720334,-0.1130451347491257,0.00017903553986784053,0.09245914727986357
12,120,0.0,0,-999.0,1.5,1,1,100,200,2.0203653858864503,0.3188013642787675,-0.5419330339966713,0.8913971294112597,344,252,92,0.12523581002813172,0.2962766837663412,0.21075624689723646,0.08552043686910475,2.3356143833149545,0.07547663189927856,0.00018981744900958359,0.09240470375099485
12,200,0.01,0,-999.0,1.5,1,1,100,200,1.6401972918021928,0.2751274361504099,-0.45135980262986086,0.8258363832165482,280,215,65,0.1328810193612444,0.27413536323018367,0.20350819129571404,0.07062717193446963,1.5498805303569814,0.19105819388969958,0.00018251901171106413,0.09073935399630689
20,120,0.0,0,-999.0,1.5,1,1,100,200,2.073135570415574,0.3245322112411946,-0.5595438105877308,0.8956451037881982,328,238,90,0.1292735396326328,0.30296210491477743,0.2161178222737051,0.08684428264107232,2.3792807545145207,0.07151819874697396,0.00018811262856840405,0.08954256113673907
48,60,0.01,0,-999.0,2.5,1,1,100,200,2.0449485471809816,0.32148035912151607,-0.5549744277882529,0.8992186700108258,179,138,41,0.13741519113023332,0.2765513817640245,0.2069832864471289,0.06956809531689558,1.8773994619425274,0.15733444002952424,0.00019480873312685348,0.0889540787279309
20,96,0.0,0,-999.0,999.0,1,1,100,200,2.3792640253480144,0.356396807231941,-0.6287983177936431,0.90694519293977,130,94,36,0.1576700314413371,0.3620056263445309,0.259837828892934,0.10216779745159689,2.4996680109744585,0.03046080659145045,0.0001669498582070442,0.08734490798210794
12,120,0.005,0,-999.0,2.5,1,1,100,200,2.2792238699691527,0.3462307975875176,-0.616306026867377,0.9339598958894391,217,163,54,0.144530862154559,0.320205196094655,0.232368029124607,0.087837166970048,2.2746804403892447,0.11618164445023393,0.0001796103411498964,0.08477577894830107
30,120,0.01,0,-999.0,2.5,1,1,100,200,2.0984710243190876,0.32725746376018505,-0.5799124025834803,0.8950337438631616,173,133,40,0.14899884163494953,0.3019030282972034,0.22545093496607646,0.07645209333112693,1.9826518002333962,0.1327152577671189,0.00018359465631108215,0.08205294966160298
20,96,0.01,0,-999.0,999.0,1,1,100,200,1.957620764614505,0.31188876828348744,-0.5464146643819379,0.860285487446778,100,75,25,0.1518120139003806,0.3020023167301009,0.22690716531524077,0.07509515141486017,1.601486284704785,0.19520142048417966,0.000177050955789603,0.08169571046485741
12,60,0.01,0,-999.0,1.5,1,1,100,200,1.610662207881672,0.2715413600270826,-0.46666120110274967,0.8567511642282677,288,221,67,0.10637100777759391,0.21406586132715538,0.16021843455237464,0.053847426774780736,1.4281304988284376,0.24174581088426428,0.00022125871768873318,0.08104831768712117
30,120,0.01,0,-999.0,999.0,1,1,100,200,2.1980216550154723,0.3378067199970296,-0.6066225013600599,0.8918730772812508,80,59,21,0.16230349164322355,0.32301836836008607,0.2426609300016548,0.08035743835843125,2.1374087112319877,0.060929256473359006,0.00017577099508360203,0.07908912318106219
20,96,0.01,0,-999.0,2.5,1,1,100,200,1.7960783197663868,0.2935712827866901,-0.5151322745282774,0.8491478292374727,190,146,44,0.1387390369022009,0.2811186496773126,0.20992884328975675,0.07118980638755584,1.4095847195417974,0.2760727228765554,0.00018232386437129765,0.07846253698442504
20,200,0.01,0,-999.0,1.5,1,1,100,200,1.558382658213484,0.26511843909080435,-0.4566009152223094,0.8022574701107131,273,209,64,0.13569419162667548,0.2795300347509515,0.2076121131888135,0.07191792156213801,1.592239502417225,0.13132243648811848,0.00017627518209609213,0.07693085498518532
48,60,0.0,0,-999.0,2.5,1,1,100,200,2.24011783626687,0.3421936216873809,-0.6216726378679043,0.9042302007172462,222,164,58,0.14231342048651333,0.3330134039384412,0.23766341221247725,0.09534999172596392,2.6705598060305973,-0.013613219043233205,0.0001761320178635635,0.07656881278929106
20,120,0.01,0,-999.0,1.5,1,1,100,200,1.6369134830126812,0.27473021481099114,-0.4817510782255803,0.8361197781411144,270,206,64,0.12281979149429091,0.2510342545093497,0.1869270230018203,0.06410723150752937,1.4376911269646313,0.23811681462079903,0.00019530545173503417,0.07566066460525672
20,200,0.0,0,-999.0,1.5,1,1,100,200,2.024710957838014,0.3192761172646197,-0.5749027738156285,0.8713321520314968,337,245,92,0.1442329968558663,0.342611285785206,0.24342214132053616,0.09918914446466987,2.767802894027507,-0.04984900984091456,0.0001689560574870426,0.0753913379583803
12,120,0.01,0,-999.0,1.5,1,1,100,200,1.5539141210493903,0.26456489717435927,-0.4645119980833218,0.822815440247769,281,216,65,0.1198080423630647,0.24497766010259805,0.1823928512328314,0.06258480886976667,1.3345876855730863,0.2590116054484708,0.000194631164002225,0.07344967014508683
30,200,0.01,0,-999.0,1.5,1,1,100,200,1.5958953846706438,0.26973699392210615,-0.47661056369899224,0.8074939532675293,266,203,63,0.13834188317061064,0.28608307132219096,0.2122124772464008,0.07387059407579016,1.5672313914601297,0.15504201717356825,0.00017453988043391087,0.0718064097359865
20,96,0.0,0,-999.0,2.5,1,1,100,200,2.1403435860882096,0.33172516369116156,-0.6133231291672323,0.8869353570727927,237,174,63,0.14350488168128414,0.33797782558331957,0.24074135363230184,0.0972364719510177,2.35939305583117,0.05242974275674683,0.0001712911350063471,0.06941036696118505
20,60,0.0,0,-999.0,1.5,1,1,100,200,1.8661223356549024,0.30160855985962765,-0.5534485242204225,0.8728626087767689,331,236,95,0.11146781399966904,0.26549726956809533,0.18848254178388218,0.07701472778421314,2.410784383336323,-0.008405362572691089,0.0002011844784757856,0.06852742818825486
48,96,0.0,0,-999.0,2.5,1,1,100,200,2.3749365186839393,0.3559617505107644,-0.6775249669601724,0.9131977643079446,212,158,54,0.15869601191461194,0.36263445308621545,0.2606652325004137,0.10196922058580175,3.0477095227084954,-0.07295034304788983,0.0001683145897254099,0.06285915524607544
30,200,0.0025,0,-999.0,2.5,1,1,100,200,2.365502762469698,0.35501189632129715,-0.6780073713695445,0.9136100603317898,192,139,53,0.17160350819129572,0.39493628992222407,0.28326989905675987,0.11166639086546418,3.124000237676346,-0.10167400618958966,0.00015390771737437586,0.0616887136531144
12,200,0.0,0,-999.0,1.5,1,1,100,200,1.8555564640094846,0.30040566707782546,-0.569632379292913,0.8430372118129236,348,254,94,0.14075790170445143,0.33523084560648686,0.23799437365546913,0.0972364719510177,2.386816946795485,0.00342557457012016,0.0001665242389455073,0.05774133802201514
20,200,0.0025,0,-999.0,999.0,1,1,100,200,2.3740971036316743,0.3558773132748323,-0.6884777025799595,0.9010803309278578,93,64,29,0.18259142809862652,0.4085057090848916,0.29554856859175904,0.11295714049313255,3.187257223100108,-0.15583434195155277,0.00014868371979565463,0.05669247853124541
30,60,0.0025,0,-999.0,2.5,1,1,100,200,1.9618327890181573,0.3123562327899807,-0.615400499571039,0.8811443160374591,223,161,62,0.13149098130067846,0.306040046334602,0.21876551381764026,0.08727453251696178,2.596186960325165,-0.0792235154410258,0.00017581806780126545,0.048713198806334145
12,96,0.0025,0,-999.0,2.5,1,1,100,200,2.0413359156587605,0.3210876847297388,-0.636926190049449,0.8921340918666412,241,174,67,0.1383749793149098,0.3182194274367036,0.22829720337580672,0.08992222406089691,2.576938744415268,-0.04082365371137986,0.00017378747804334304,0.047231294298346396
30,60,0.0,0,-999.0,1.5,1,1,100,200,1.695162956666413,0.2817219413729448,-0.5529900919851023,0.8337442395664176,316,228,88,0.11292404434883337,0.27112361409895747,0.1920238292238954,0.07909978487506206,2.234104626171886,-0.02396216755659042,0.00018917904317316517,0.046914107358714555
20,60,0.0025,0,-999.0,2.5,1,1,100,200,2.024006266102933,0.3191991645649246,-0.6384223915591272,0.8967212714231667,235,167,68,0.1286778090352474,0.2989243753102764,0.2138010921727619,0.08512328313751448,2.6326212351819485,-0.06372175446216677,0.00018213269560468133,0.04482403235651934
20,120,0.0025,0,-999.0,999.0,1,1,100,200,2.16082422522328,0.3338941507079336,-0.6721421623756093,0.8805871290144401,111,79,32,0.16332947211649843,0.36574549065033923,0.2645374813834188,0.1012080092669204,2.4502048601385513,-0.031577582375265756,0.00015696387007368504,0.041852425970850954
20,60,0.01,0,-999.0,1.5,1,1,100,200,1.3858046130821537,0.24319179214270825,-0.48818888919548475,0.7914355720912756,269,205,64,0.10776104583815986,0.21850074466324673,0.1631308952507033,0.055369849412543436,1.2840473901863376,0.194969936453524,0.00020327616033275059,0.03866912614952966
12,200,0.0025,0,-999.0,999.0,1,1,100,200,2.132970926761641,0.33094177180225204,-0.6724402838633285,0.867533569844095,107,77,30,0.17769319874234651,0.399304980969717,0.2884990898560318,0.11080589111368526,2.4979417660347365,-0.05510325023192353,0.00014532648609686926,0.038098308362792516
12,120,0.0025,0,-999.0,999.0,1,1,100,200,2.031576734481937,0.3200251611253906,-0.6564709210903188,0.8637762705081482,129,94,35,0.1585636273374152,0.3571404931325501,0.25785206023498264,0.09928843289756743,2.3012627292937777,-0.020493153230376593,0.00015607186170905126,0.034978514105638604
12,96,0.005,0,-999.0,1.5,1,1,100,200,1.5219735167988215,0.26058695071928994,-0.5328105477340597,0.814923460374869,307,229,78,0.11699487009763362,0.2612940592420983,0.18914446466986595,0.07214959457223233,1.6825321441471188,0.09616633887178971,0.0001824858607458187,0.03492784987100356
30,96,0.0,0,-999.0,1.5,1,1,100,200,1.593248692369448,0.26941278048378514,-0.5502744580366549,0.7994916112903572,323,237,86,0.12543438689392686,0.2961442991891445,0.21078934304153565,0.08535495614760881,1.6772481556400503,0.13844391161913538,0.00017271790608333444,0.034250132029975566
30,96,0.005,0,-999.0,999.0,1,1,100,200,1.9974122802546472,0.31628521089274164,-0.6550826037235076,0.8575747665912579,102,74,28,0.15876220420321033,0.3450273043190468,0.25189475426112856,0.09313255005791825,1.9456751424321492,0.07081929978667989,0.000159328977879046,0.03162264736055075
30,96,0.005,0,-999.0,2.5,1,1,100,200,1.8666827265585124,0.3016722657890911,-0.6289332061734528,0.8516884012073928,202,151,51,0.144530862154559,0.32219096475260633,0.23336091345358265,0.08883005129902366,1.7996756065826025,0.13278275398585238,0.00016539320047319832,0.029790082762734343
30,96,0.01,0,-999.0,1.5,1,1,100,200,1.2332898780348476,0.22280120505352197,-0.46704901621133044,0.7342891778451301,268,206,62,0.12020519609465498,0.24630150587456562,0.1832533509846103,0.06304815488995533,1.0151328127022907,0.2672183033134963,0.00017610541731885807,0.02599115584011326
12,60,0.005,0,-999.0,1.5,1,1,100,200,1.4674694593131674,0.25371081238386495,-0.5367986056224866,0.8131736984634158,315,236,79,0.10776104583815986,0.2396160847261294,0.17368856528214463,0.06592751944398477,1.6025934537100976,0.10984911442261325,0.00019320006261281384,0.025970194495792437
20,200,0.0025,0,-999.0,2.5,1,1,100,200,2.033876466357248,0.3202757733953612,-0.6774816743141965,0.8631398587409619,209,154,55,0.16713552871090517,0.3831871586960119,0.27516134370345857,0.10802581499255337,2.9072948289283125,-0.13798100927867674,0.00014925935220386305,0.02469192917531103
30,60,0.01,0,-999.0,1.5,1,1,100,200,1.2125931330824082,0.21995437262446482,-0.4666454984950159,0.740067876915139,263,200,63,0.10938275690882013,0.22310110872083402,0.16624193281482708,0.05685917590600695,1.2550683928150175,0.11909214873579232,0.0001881519711454793,0.02363501722271382
48,60,0.0,0,-999.0,1.5,1,1,100,200,1.4862099714470576,0.2560878130768842,-0.5454152173415969,0.7804798310953907,316,231,85,0.11848419659109714,0.2827072646036737,0.2005957305973854,0.08211153400628826,1.7907090097467613,0.043419473932932995,0.00017361292406444675,0.022404195960855293
48,96,0.005,0,-999.0,999.0,1,1,100,200,2.088149812459702,0.3261492683940841,-0.6966122576783071,0.8674165431915878,89,63,26,0.1667052788350157,0.35939103094489494,0.2630481548899553,0.0963428760549396,2.5405732975979203,-0.08808216704835081,0.00015693122897379817,0.02121396671450991
30,120,0.0,0,-999.0,1.5,1,1,100,200,1.6058976255618789,0.27096001108900913,-0.5839741189080245,0.7982459219782098,321,232,89,0.13175575045507198,0.3098130067847096,0.22078437861989078,0.0890286281648188,1.9678097536908603,0.030962784724518633,0.0001667954141904159,0.01888524773390736
20,120,0.0025,0,-999.0,2.5,1,1,100,200,1.9030784896284878,0.3057899339324137,-0.6594588427249335,0.8531458994827947,217,160,57,0.14886645705775278,0.34168459374482874,0.24527552540129074,0.09640906834353798,2.274486997526445,-0.01179227830251639,0.0001593794502281847,0.01871780754408671
30,200,0.005,0,-999.0,1.5,1,1,100,200,1.5009359305261816,0.2579462113028108,-0.5606192794573239,0.780629466824436,292,217,75,0.14380274697997683,0.3240443488333609,0.23392354790666886,0.09012080092669204,1.7354186279283406,0.05803885615607651,0.00015314520337653484,0.016668044915370654
30,120,0.005,0,-999.0,999.0,1,1,100,200,1.9564466933896392,0.311758377007721,-0.6896711489952354,0.8460024610009649,92,65,27,0.16610954823763033,0.35992056925368193,0.2630150587456561,0.09690551050802582,2.2614499443338745,-0.05083464577257202,0.00015236615129320035,0.009222925560151564
12,200,0.0025,0,-999.0,2.5,1,1,100,200,1.8270042563549542,0.2971383079236536,-0.6602882877820841,0.8294499333773497,220,164,56,0.16236968393182194,0.37425119973523086,0.26831044183352637,0.10594075790170446,2.268256554245264,-0.034405770601267927,0.0001458533751955941,0.008466660701479
48,120,0.01,0,-999.0,2.5,1,1,100,200,1.579266739242125,0.2676958961348732,-0.5977528951851779,0.7854597089337243,168,130,38,0.15369849412543438,0.3142809862651001,0.23398974019526725,0.08029124606983286,1.793424630259612,0.004266924297885444,0.00015912132840696568,0.008092433988970464
48,60,0.005,0,-999.0,999.0,1,1,100,200,1.8131588290536373,0.2955449992376864,-0.6608878441696271,0.8296375115769401,108,78,30,0.1509184180043025,0.32943902035412875,0.24017871917921563,0.08926030117491313,2.17955184430697,-0.0661306777383448,0.00015866859758781215,0.006582952731719861
20,120,0.005,0,-999.0,1.5,1,1,100,200,1.4517348911956498,0.2517046040545001,-0.5717760145977375,0.7859049326335542,294,218,76,0.12540129074962766,0.2807545920900215,0.2030779414198246,0.07767665067019693,1.583861843755916,0.09916141230558218,0.00016887151296650666,0.0051118433873090785
48,60,0.01,0,-999.0,1.5,1,1,100,200,1.1446507565016777,0.21046629470576073,-0.48250805473936187,0.7144122874636267,263,202,61,0.11424789012080093,0.23418831706106238,0.17421810359093165,0.05997021347013073,1.0961465709405736,0.16696797959577903,0.00017684374662615653,0.004932881709261129
12,120,0.005,0,-999.0,1.5,1,1,100,200,1.3632816956086984,0.24024326333645019,-0.5496516788556205,0.7687100205074074,306,229,77,0.1222571570412047,0.27390369022008937,0.19808042363064704,0.07582326658944233,1.4542176597600465,0.12218920702650005,0.00016764739610940088,0.003852924934010314
48,120,0.01,0,-999.0,999.0,1,1,100,200,1.6334318020108696,0.27430865290589557,-0.6233286559747635,0.7834127160994765,72,53,19,0.16710243256660598,0.33549561476088036,0.2512990236637432,0.08419659109713719,1.9023230607458061,-0.05937864437666285,0.00015195695833731884,0.0018149607234876422
12,120,0.0025,0,-999.0,2.5,1,1,100,200,1.7002920370118901,0.28233214342676294,-0.6452675863757229,0.8181184847287252,233,172,61,0.1442660930001655,0.3331788846599371,0.2387224888300513,0.09445639582988581,2.032251077872163,0.0005839604917858843,0.0001553769561885065,0.0006042744753377502
48,96,0.005,0,-999.0,2.5,1,1,100,200,1.8139228651314063,0.29563307630421676,-0.6736113688526677,0.8345231138086575,191,143,48,0.15217607148767168,0.33645540294555687,0.24431573721661426,0.09213966572894258,2.206025651823076,-0.03432566137178372,0.00015794711567120246,0.0005535475683157848
30,120,0.005,0,-999.0,2.5,1,1,100,200,1.7834034187124508,0.292100800502314,-0.6661440303755906,0.8300975552259074,195,145,50,0.15131557173589277,0.3365215952341552,0.243918583485024,0.09260301174913123,2.0560337192921123,0.004089246583342421,0.00015654444560863877,0.0005336630758141156
20,96,0.0,0,-999.0,1.5,1,1,100,200,1.3028677518859952,0.23222892563677822,-0.548434982965182,0.7343978500163423,333,241,92,0.12050306139334767,0.2881019361244415,0.20430249875889459,0.08379943736554692,1.5657353821602689,0.06019377451230268,0.00016291474619198573,-0.005268673344995672
12,200,0.005,0,-999.0,1.5,1,1,100,200,1.3179447224721659,0.23424361644933156,-0.5586418703697764,0.7431951455085687,307,230,77,0.13731590269733576,0.3082905841469469,0.22280324342214133,0.08548734072480556,1.562677783872875,0.054605289999436035,0.00015120669071204054,-0.00791756146012821
20,96,0.01,0,-999.0,1.5,1,1,100,200,0.9765183238838591,0.18597795548308427,-0.4568730071586934,0.6615504842545461,276,210,66,0.1164653317888466,0.23911964256164156,0.1777924871752441,0.061327155386397485,0.8513651638203719,0.22562153734014956,0.0001631671473879879,-0.009381023883535122
48,60,0.005,0,-999.0,2.5,1,1,100,200,1.5595515654105299,0.26526311835321725,-0.6351785622586713,0.7935524407653248,203,151,52,0.13767996028462684,0.3076617574052623,0.22267085884494456,0.08499089856031772,1.8072132149118363,0.009207333156947994,0.00015901449997769322,-0.012648540737852154
20,200,0.005,0,-999.0,1.5,1,1,100,200,1.2518453344229128,0.22533673789808817,-0.556757842091262,0.7227277161049359,299,224,75,0.14039384411716035,0.3150091014396823,0.22770147277842132,0.08730762866126096,1.590912901164009,0.009320297036405023,0.0001458232162629925,-0.016905797342296032
48,96,0.01,0,-999.0,1.5,1,1,100,200,1.1012851239492054,0.20429189146474647,-0.5179608158133343,0.6911407180976108,263,200,63,0.1255667714711236,0.25768657951348667,0.19162667549230514,0.06605990402118153,1.1669318683232004,0.10602192411891576,0.00016245034147370765,-0.02013148053704015
30,96,0.0025,0,-999.0,999.0,1,1,100,200,1.5729141668714628,0.26691353961909114,-0.6560912427049834,0.773253635264804,110,79,31,0.159755088532186,0.35899387721330467,0.25937448287274534,0.09961939434055933,1.6254970747869537,0.0353946808928256,0.00014064991817118713,-0.02246939997016037
20,96,0.005,0,-999.0,999.0,1,1,100,200,1.5194494630208264,0.2602709931189324,-0.642717195004641,0.7689051824184349,118,86,32,0.15369849412543438,0.3353301340393844,0.2445143140824094,0.09081581995697502,1.6014206389352528,0.027365203652801373,0.0001458225299561716,-0.022642345262466314
20,96,0.005,0,-999.0,2.5,1,1,100,200,1.38975883185243,0.24370729284636417,-0.6149697286185722,0.7536653739015755,216,161,55,0.1396657289425782,0.31269237133873906,0.22617905014065862,0.08651332119808042,1.4497079886852378,0.08681416647504903,0.0001500042557566398,-0.026094302767843178
30,120,0.01,0,-999.0,1.5,1,1,100,200,1.0173260709346632,0.19206097960934954,-0.5081789467158342,0.6673914359034686,269,203,66,0.12497104087373821,0.257223233493298,0.19109713718351812,0.0661260963097799,1.023286256587805,0.14063314006361982,0.00015728419706218845,-0.028658921953394124
30,120,0.0025,0,-999.0,999.0,1,1,100,200,1.6631440233949304,0.2778928682467803,-0.6935298119958452,0.7884218713102273,99,69,30,0.16713552871090517,0.3741188151580341,0.2706271719344696,0.10349164322356445,2.051308434440769,-0.08291097255474189,0.00013869835887881445,-0.02945094418563094
30,96,0.0025,0,-999.0,2.5,1,1,100,200,1.4170822663510356,0.2472520090598762,-0.6438235725161576,0.7520877365402958,215,159,56,0.14555684262783386,0.33519774946218767,0.24037729604501076,0.0948204534171769,1.5474192480009217,0.05654825832344623,0.00014402979927184242,-0.03705539037118781
48,120,0.0,0,-999.0,999.0,1,1,100,200,1.6827446246572166,0.2802409299104238,-0.7129189963335536,0.7784726747971176,91,64,27,0.18007612113188814,0.40287936455402945,0.2914777428429588,0.11140162171107067,2.3489433044703145,-0.1616277809415143,0.00013396115447380838,-0.0372949345164971
20,60,0.005,0,-999.0,1.5,1,1,100,200,1.1425256722580421,0.21016591639602145,-0.5681355090091642,0.716697276880844,295,217,78,0.10868773787853715,0.2441833526394175,0.17643554525897734,0.06774780738044017,1.4269987663596582,0.023130272697774013,0.00017051924799722662,-0.03806697426451846
30,60,0.005,0,-999.0,1.5,1,1,100,200,1.0495133383058746,0.19679423944786656,-0.5404240157643275,0.6864728042887982,286,211,75,0.10984610292900877,0.24944563958298857,0.17964587125599868,0.0697997683269899,1.3850525616039784,-0.008546302507539627,0.00016108615353699026,-0.03909412821985729
48,96,0.0,0,-999.0,1.5,1,1,100,200,1.2999644846317726,0.23183983598601166,-0.6147348322025188,0.7263828012514189,319,234,85,0.13274863478404766,0.3093496607645209,0.2210491477742843,0.08830051299023664,1.773415548288766,-0.027267386559961082,0.00015391421452406342,-0.0392084400526768
12,96,0.0025,0,-999.0,1.5,1,1,100,200,1.064172331351148,0.1989314473937036,-0.5520130736235409,0.6844700995335815,327,239,88,0.1161674664901539,0.2721826907165315,0.1941750786033427,0.07800761211318881,1.3794430044091595,0.02163450243238052,0.00015346374970816884,-0.042851584441387765
48,200,0.01,1,-999.0,2.5,1,1,100,200,0.5206388290204127,0.11062871894535542,-0.36303388151195515,0.523436453666002,494,372,122,0.0777759391030945,0.14959457223233494,0.11368525566771472,0.03590931656462022,1.0992750725680835,-0.0726273348637767,0.00019351851242790433,-0.04471639912732205
48,60,0.0025,0,-999.0,999.0,1,1,100,200,1.4064532921633308,0.2458766814675113,-0.6564275708664561,0.7418524042283297,116,83,33,0.15174582161178224,0.34317392023829224,0.24745987092503724,0.095714049313255,1.8086443896128137,-0.09202046387427387,0.00013894322871839103,-0.04524448375430027
30,200,0.0025,0,-999.0,1.5,1,1,100,200,1.2048190897641833,0.2188798967474861,-0.6004302400209556,0.7053839994740926,314,228,86,0.14406751613437035,0.3394009597881847,0.24173423796127752,0.09766672182690717,1.6718248672470906,-0.03446891962519838,0.0001360511927542062,-0.046066023289287064
30,96,0.005,0,-999.0,1.5,1,1,100,200,1.063430159667091,0.198823516381321,-0.558137845712968,0.6816158413778958,292,218,74,0.12139665728942578,0.27456561310607314,0.19798113519774946,0.07658447790832368,1.0935408884225124,0.14059425034317918,0.00015128004050447456,-0.04616461440626819
48,96,0.0025,0,-999.0,999.0,1,1,100,200,1.5779825225296995,0.2675378539067419,-0.7110656662029042,0.7705902087315187,97,68,29,0.16816150918418005,0.3735561807049479,0.27085884494456397,0.10269733576038391,2.109773472775961,-0.12979862720493407,0.0001363860394280633,-0.04946546875813428
30,120,0.0025,0,-999.0,2.5,1,1,100,200,1.4622393552078208,0.25304502404171214,-0.682673239448607,0.7590964644197208,207,152,55,0.152407744497766,0.3497269568095317,0.2510673506536488,0.09865960615588285,1.9187678748669637,-0.06439737639262355,0.00014066205355207884,-0.05033677246160533
12,60,0.0025,0,-999.0,1.5,1,1,100,200,1.0479733766240469,0.19656905627256793,-0.5627603764360118,0.6869122765734562,336,246,90,0.10647029621049148,0.25043852391196425,0.17845441006122786,0.07198411385073639,1.3442035657793112,0.03349577077174426,0.00016315114989627253,-0.050465518116765175
48,200,0.01,1,-999.0,999.0,1,1,100,200,0.3952769409979058,0.08696279573552168,-0.33430811783803005,0.4457929514559349,475,361,114,0.08459374482872746,0.16104583815985438,0.12281979149429091,0.038226046665563465,0.8500249380527212,-0.04356916636053043,0.00016659775015514123,-0.057901615610696594
48,120,0.0,0,-999.0,2.5,1,1,100,200,1.4769831191530511,0.25491918659943424,-0.7020978414035433,0.7474336785822702,209,156,53,0.16511666390865465,0.3779248717524408,0.27152076783054774,0.1064041039218931,2.208703250311662,-0.1429846202385172,0.00013590855084993266,-0.05875805017322387
48,200,0.0,0,-999.0,0.75,1,1,100,200,0.7364820575113631,0.14815285531877942,-0.48565249015652034,0.5711858027553915,419,291,128,0.10378950852225716,0.22174416680456727,0.1627668376634122,0.058977329141155055,0.917134235007883,0.11636965693111989,0.00016745858670005296,-0.06611409962171118
20,120,0.0025,0,-999.0,1.5,1,1,100,200,0.9884934343970369,0.1877727152333204,-0.5849202424536399,0.6552202500966979,314,228,86,0.1253350984610293,0.29187489657454907,0.2086049975177892,0.08326989905675988,1.2376520131629865,0.03975950296105224,0.00014112100331369754,-0.07192639348866467
48,60,0.005,0,-999.0,1.5,1,1,100,200,0.9165651190292479,0.1768678963156003,-0.5662637457453741,0.6398687945858751,287,214,73,0.11461194770809201,0.2612940592420983,0.18795300347509517,0.07334105576700314,1.127246964656158,0.04002196327518903,0.00014717353363124565,-0.074270536827793
12,120,0.0025,0,-999.0,1.5,1,1,100,200,0.9362674944621117,0.1798850051776224,-0.5730822566738637,0.6418834250505203,327,240,87,0.12159523415522092,0.2850239947046169,0.2033096144299189,0.081714380274698,1.183959274584904,0.044108724235933705,0.00014053352033945927,-0.07456195190678343
20,200,0.0025,0,-999.0,1.5,1,1,100,200,0.9832042301116743,0.18698100199088752,-0.590626063009634,0.6466868982135394,322,236,86,0.1404931325500579,0.3292073473440344,0.23485023994704618,0.09435710739698826,1.4886006683598465,-0.06383775026879657,0.00012897679945816665,-0.07599768460325254
48,60,0.0025,0,-999.0,2.5,1,1,100,200,1.149887862893792,0.2112056025609097,-0.6443064431084773,0.6902717448702438,216,159,57,0.13850736389210658,0.32046996524904847,0.22948866457057754,0.09098130067847096,1.5314669868511332,-0.05385200420654368,0.00013664584570274274,-0.07643403174981675
48,96,0.0025,0,-999.0,2.5,1,1,100,200,1.303414440389941,0.2323021505109948,-0.7009802065728222,0.7215266530873204,205,152,53,0.15373159026973357,0.3495945722323349,0.25166308125103426,0.09793149098130068,1.8732395684279002,-0.11176769701069089,0.00013478459576910098,-0.0821116201210503
20,96,0.0025,0,-999.0,999.0,1,1,100,200,1.1300958244334542,0.2084044830859002,-0.6511197232503736,0.6760164449535265,129,92,37,0.15383087870263115,0.34889955320205196,0.25136521595234157,0.0975343372497104,1.3334748374184708,-0.026322760045055404,0.00012600549431014514,-0.08335455629161026
48,200,0.01,1,-999.0,1.5,1,1,100,200,0.34933546479512545,0.07789033040320459,-0.3689472490555584,0.4323267298769604,476,359,117,0.06500082740360748,0.128611616746649,0.09680622207512825,0.03180539467152077,0.6457114916653479,0.04028939030935619,0.00018319005520148803,-0.0849669576307266
48,120,0.005,0,-999.0,999.0,1,1,100,200,1.2803982469600754,0.22920796310037983,-0.7120428028206958,0.7064036674182873,83,58,25,0.1725632963759722,0.3743835843124276,0.2734734403441999,0.1009101439682277,1.7954243335468272,-0.149663765735343,0.0001252677391019153,-0.09149325493905369
30,120,0.005,0,-999.0,1.5,1,1,100,200,0.8988844523012505,0.1741405207168616,-0.5959838799642964,0.6279204206009947,292,215,77,0.1270891941088863,0.2875393016713553,0.2073142478901208,0.08022505378123448,1.1264823789769909,0.0333789285646946,0.00013643770755193658,-0.09245539823523685
20,96,0.005,0,-999.0,1.5,1,1,100,200,0.762878096330178,0.15249739101800608,-0.5560150481288859,0.5868127433368118,301,223,78,0.11755750455071984,0.26675492305146453,0.19215621380109218,0.07459870925037233,0.9208862456174605,0.06683756680527564,0.0001350492915317853,-0.09616949587959629
48,120,0.005,0,-999.0,2.5,1,1,100,200,1.166886472255014,0.21359598446333172,-0.6902117577422813,0.6872262382698433,189,142,47,0.15753764686414032,0.3509515141486017,0.254244580506371,0.09670693364223068,1.6449750687384546,-0.0995374243562247,0.00012840887660267936,-0.09714858249431674
20,96,0.0025,0,-999.0,2.5,1,1,100,200,0.9960961121100802,0.1889079593264329,-0.6378291438371388,0.6479728197479809,231,169,62,0.13976501737547575,0.3253020023167301,0.23253350984610294,0.09276849247062717,1.2559050915368464,-0.006805784707880402,0.00012792402761009077,-0.09760797160473747
12,200,0.0025,0,-999.0,1.5,1,1,100,200,0.8636336796698183,0.1686454978227947,-0.5946844782159905,0.61218292222229,332,244,88,0.13705113354294224,0.3219261955982128,0.22948866457057754,0.09243753102763529,1.227900018125906,-0.01241208555545148,0.00012493334077579447,-0.09808759517408604
48,200,0.0,1,-999.0,2.5,1,1,100,200,0.5630131285033511,0.11829691687005273,-0.48999675439331536,0.5257718749566958,598,430,168,0.08581830216779746,0.18815158034089027,0.13698494125434388,0.051166639086546416,1.5490147705049884,-0.17305467129655283,0.00017543596545617642,-0.10041286657877016
48,200,0.0,1,-999.0,1.5,1,1,100,200,0.48406391498876267,0.10388011011053577,-0.45851537094038675,0.4958791464563655,573,414,159,0.07075955651166639,0.1622372993546252,0.11649842793314578,0.0457388714214794,1.0904685826226248,-0.05449148107681079,0.0001829785508577942,-0.10058361803683932
30,60,0.0025,0,-999.0,1.5,1,1,100,200,0.7295103166818673,0.1469971152198275,-0.5554383159577736,0.5756141420547332,304,220,84,0.10958133377461526,0.26049975177891777,0.18504054277676651,0.07545920900215125,1.143408414450767,-0.06060661943655965,0.00013533767115024396,-0.10194133565632264
30,96,0.0025,0,-999.0,1.5,1,1,100,200,0.7545758609793578,0.15113621053777915,-0.5675971932425208,0.5803667465668779,309,227,82,0.12186000330961443,0.2856197253020023,0.20373986430580837,0.08187986099619395,0.8632076297160638,0.09907207586049638,0.0001289336030085649,-0.10364404875513734
48,200,0.005,1,-999.0,1.5,1,1,100,200,0.3124065214758742,0.07042823732962611,-0.39593904532707547,0.40495664584923785,526,388,138,0.06910474929670693,0.1469468806883998,0.10802581499255337,0.038921065695846434,0.6944781311887149,0.007582056236598023,0.00016164406637645404,-0.10729345304144973
48,120,0.01,0,-999.0,1.5,1,1,100,200,0.6247305562873429,0.12919142620361068,-0.5299477675982455,0.5333988288898672,270,205,65,0.12841303988085387,0.2679463842462353,0.1981797120635446,0.06976667218269071,0.8443906379071668,0.008260739552143681,0.00012661770328973345,-0.10911251615101869
20,60,0.0025,0,-999.0,1.5,1,1,100,200,0.7540085988190173,0.15104302984204732,-0.5817356703908962,0.5852819953264534,316,227,89,0.10776104583815986,0.2554360417011418,0.18159854376965084,0.07383749793149098,1.1469519012605995,-0.043147288989738075,0.0001399819449986719,-0.11056070558707813
48,200,0.005,1,-999.0,2.5,1,1,100,200,0.40789815755682324,0.08941594034268219,-0.44946523104658986,0.45671851457679913,549,402,147,0.08307132219096475,0.17031275856362735,0.12669204037729603,0.04362071818633129,1.0907044571209439,-0.11381938813217518,0.0001622703721224988,-0.11248074945177279
48,200,0.0,1,-999.0,999.0,1,1,100,200,0.45763283281903044,0.09892516281497787,-0.4724931367918066,0.46907160528672814,575,419,156,0.09323183849081582,0.20198576865795134,0.14760880357438358,0.05437696508356776,1.2081003198966793,-0.11992389352725197,0.00015540788583749088,-0.11386782531658901
48,96,0.005,0,-999.0,1.5,1,1,100,200,0.8232487800488173,0.162253532781933,-0.6130196410467526,0.6026955131349013,288,215,73,0.12742015555187822,0.28740691709415855,0.20741353632301837,0.07999338077114017,1.132690987284485,-0.012647924973402613,0.00013212035219141465,-0.11412151208469822
12,60,0.0,0,-999.0,0.75,1,1,100,200,0.33903284061705485,0.07582407439451178,-0.4265815935455367,0.4091527772814676,369,263,106,0.0728777097468145,0.16349495283799437,0.11818633129240444,0.04530862154558994,0.4148675203875596,0.13821111376250195,0.00014981965278179033,-0.1170090835141832
48,60,0.0025,0,-999.0,1.5,1,1,100,200,0.6622556439047467,0.135664596786921,-0.5673371320879701,0.54909358765023,304,223,81,0.11487671686248552,0.2721495945722323,0.19351315571735891,0.07863643885487341,0.9211161066723461,0.007333954272490839,0.00012639360783855288,-0.12054928987455255
48,200,0.005,1,-999.0,999.0,1,1,100,200,0.296583812340379,0.06718277198745515,-0.42018181789843045,0.3884663908846694,528,392,136,0.09045176236968393,0.18345192785040543,0.13695184511004468,0.04650008274036075,0.8403199831506472,-0.08253465363551937,0.0001396630007265944,-0.12348481741752661
30,120,0.0025,0,-999.0,1.5,1,1,100,200,0.7252793058294833,0.14629401560412547,-0.6091960466494426,0.5688660094950359,308,223,85,0.12748634784047658,0.29865960615588283,0.2130729769981797,0.08558662915770313,1.0231425617648906,-0.005210935263505245,0.0001226861879431315,-0.12986070724584403
48,120,0.0,0,-999.0,1.5,1,1,100,200,0.7534328467371201,0.15094843145483217,-0.6322971510133077,0.571427324195257,325,238,87,0.13801092172761872,0.3226212146284958,0.23031606817805725,0.09230514645043852,1.2858943249925936,-0.09754929029776216,0.00012161409818991662,-0.13662877784205885
30,60,0.01,1,0.0,0.75,1,1,100,200,-0.025322844529688804,-0.006400465471377181,-0.2693444377920765,0.02763682844764539,340,255,85,0.00923382425947377,0.022141320536157538,0.015687572397815656,0.0064537481383418836,0.21108157326520782,-0.04602736630010007,0.0002758448973382897,-0.13969084294503317
30,200,0.01,1,-999.0,2.5,1,1,100,200,0.1880331344966235,0.04407760905592384,-0.40218621831462054,0.31690393099079356,484,362,122,0.07486347840476584,0.1444977660102598,0.10968062220751282,0.03481714380274698,0.7947642314798526,-0.15676874455775192,0.00014014695491022417,-0.14117030355184676
12,60,0.01,1,0.0,0.75,1,1,100,200,-0.056449543802756796,-0.014440986346610396,-0.2592656634088203,-0.031624295745794,363,272,91,0.010160516299851067,0.023465166308125104,0.016812841303988087,0.006652325004137018,0.16960410919796431,-0.03267947109922453,0.00023221940108391758,-0.14565503283831024
30,60,0.01,1,0.2,0.75,1,1,100,200,-0.09223431172120178,-0.023934329356909978,-0.23273773040565537,-0.14027903513757514,279,207,72,0.005891113685255668,0.01581995697501241,0.01085553533013404,0.004964421644878371,0.135654894316108,-0.08097649803290541,0.00015532564815209276,-0.1473171463166164
20,60,0.01,1,0.0,0.75,1,1,100,200,-0.06413358527024648,-0.01645643677278441,-0.25903023564199434,-0.049187657083515475,346,258,88,0.009399304980969718,0.02237299354625186,0.015886149263610788,0.006486844282641072,0.17442742496416064,-0.052586840528540346,0.00021755958421715293,-0.14843093744795735
30,200,0.0,0,-999.0,0.75,1,1,100,200,0.2689496011497945,0.06144267377535728,-0.46206077264997814,0.3732884186757252,410,285,125,0.10110872083402284,0.21595234155220916,0.158530531193116,0.05742181035909317,0.5221775677715126,0.023367663334110444,0.00011595644787103652,-0.15092329161584553
30,200,0.01,1,-999.0,999.0,1,1,100,200,0.10129277614239562,0.024448327432949224,-0.3829310586376907,0.2592797063546173,465,351,114,0.08178057256329638,0.1560483203706768,0.1189144464669866,0.03713387390369022,0.5979218509285165,-0.1303470515005768,0.00011840807125258159,-0.15405321656816529
20,60,0.0,0,-999.0,0.75,1,1,100,200,0.18483952107086243,0.043374278368696784,-0.43013081102097095,0.3196778604782636,359,252,107,0.07324176733410558,0.16531524077444978,0.11927850405427767,0.0460367367201721,0.4177441898389944,8.522400752575265e-05,0.00012343688952022293,-0.15570723411787551
30,60,0.01,1,0.0,1.5,1,1,100,200,0.15376291191065428,0.0364549522185631,-0.4163142718736641,0.30719972073460544,552,414,138,0.016415687572397815,0.038656296541452924,0.02753599205692537,0.011120304484527553,0.7194964244611275,-0.11567775342518205,0.00041764317637831694,-0.15634219768153867
12,60,0.0,1,0.0,0.75,1,1,100,200,-0.10273984038382,-0.02677454112383204,-0.2534325339063511,-0.10968568158718044,460,334,126,0.0115836505047162,0.029985106735065364,0.020784378619890784,0.009200728115174582,0.11775264332049162,0.010381510025247342,0.00018541426777899801,-0.15897509215636663
48,120,0.0025,0,-999.0,999.0,1,1,100,200,0.8984353119212931,0.17407098994035164,-0.7300187526576842,0.611700165713231,90,62,28,0.17481383418831706,0.38940923382425946,0.28211153400628824,0.1072976998179712,1.453068444793304,-0.19046752293966662,0.0001061996294618764,-0.16035337810282893
30,60,0.01,1,0.0,2.5,1,1,100,200,0.1161364378480989,0.027887712235478812,-0.40457844051834635,0.2545735095071594,635,481,154,0.020453417176898893,0.04600364057587291,0.0332285288763859,0.01277511169948701,0.8180692796113238,-0.15660729610845814,0.0003676135188721752,-0.1616728325483364
20,60,0.01,1,0.2,0.75,1,1,100,200,-0.10838352130907325,-0.028310639141136518,-0.25011504867156376,-0.17865945365395403,282,209,73,0.005891113685255668,0.01595234155220917,0.010921727618732417,0.00503061393347675,0.13136515103302315,-0.0925428535948033,0.000119995443588107,-0.1623011361596161
20,96,0.0025,0,-999.0,1.5,1,1,100,200,0.4553331815176207,0.09849087876559803,-0.573756327523717,0.46683392996017226,321,233,88,0.11719344696342876,0.27751116994870095,0.19735230845606486,0.08015886149263611,0.696503073521582,0.0072319114725627465,0.00010952121909108522,-0.16504558849825185
30,60,0.0,0,-999.0,0.75,1,1,100,200,0.11552899304346087,0.027747637840244366,-0.41745468795910323,0.2765026109304614,357,248,109,0.07446632467317557,0.16839318219427438,0.12142975343372497,0.046963428760549396,0.3538604700949215,-0.014973518619290194,0.00010991427584396966,-0.16715457559278418
20,200,0.01,1,-999.0,2.5,1,1,100,200,0.11287696407447112,0.027135419706359354,-0.415915695031405,0.2602445428964883,480,361,119,0.07261294059242099,0.14092338242594737,0.10676816150918418,0.0341552209167632,0.7209394293030555,-0.17787413874737035,0.00012707869702582137,-0.16781020066451874
12,60,0.01,1,0.2,0.75,1,1,100,200,-0.11607999094500954,-0.03041725745197077,-0.25664479831207576,-0.1947594543794303,295,220,75,0.006354459705444316,0.01661426443819295,0.011484362071818632,0.005129902366374318,0.13112163644140695,-0.09431304749293679,0.0001118543251563632,-0.16847762932698016
48,96,0.0025,0,-999.0,1.5,1,1,100,200,0.5921617722601082,0.1234817425405279,-0.6385858079941182,0.5207962453415835,306,225,81,0.12831375144795631,0.2984941254343869,0.21340393844117161,0.08509018699321529,0.9775645286724981,-0.06174648141002825,0.00011421494553666573,-0.16977134918945203
48,200,0.01,1,0.0,2.5,1,1,100,200,0.1302924423620868,0.03113596397904428,-0.42999378565130064,0.2689224881247992,811,604,207,0.025119973523084562,0.05768657951348668,0.04140327651828562,0.01628330299520106,0.9679426783245504,-0.13835408549276573,0.00035607062446897463,-0.17041480444036608
48,200,0.01,1,0.0,1.5,1,1,100,200,0.11676994875997715,0.028033736505854057,-0.42478520698458744,0.25689202532787725,721,531,190,0.02081747476418997,0.049677312593082903,0.03524739367863644,0.014429918914446466,0.78657543426887,-0.10351159784968056,0.00036525823025824696,-0.1715142657200458
12,200,0.01,1,-999.0,2.5,1,1,100,200,0.10011334384623338,0.024173557235523058,-0.4189639702555844,0.24980797794037027,478,359,119,0.07162005626344531,0.14012907496276683,0.10587456561310607,0.03425450934966076,0.6987064483622691,-0.17748952792095773,0.00012433267707507136,-0.17281802899525062
12,60,0.01,1,0.0,1.5,1,1,100,200,0.08261678626594904,0.020071241148517105,-0.4076091246808956,0.21471325413268758,580,434,146,0.017574052622869436,0.04027800761211319,0.028926030117491314,0.011351977494621877,0.6565178618940191,-0.1265148417367572,0.0003616723521365123,-0.17299765848529633
48,200,0.0025,1,-999.0,2.5,1,1,100,200,0.20697755736452872,0.048220857560914876,-0.47959937724378043,0.3314624119407321,578,417,161,0.08492470627171934,0.1793149098130068,0.13211980804236306,0.04719510177064372,0.8415030707830742,-0.12487671214465657,0.00012898599609802473,-0.17500571046393873
30,200,0.01,1,-999.0,1.5,1,1,100,200,0.08556434118723022,0.02076580129164185,-0.414999233852106,0.231534558722139,466,349,117,0.06228694357107397,0.12371338739036902,0.0930001654807215,0.030713221909647526,0.4488549705720988,-0.05409706195625941,0.00012829577334581716,-0.1751570876983042
20,200,0.01,1,-999.0,999.0,1,1,100,200,0.032491565288535806,0.008036800038477399,-0.3922266026478668,0.20678917334360114,461,350,111,0.0795962270395499,0.15254012907496275,0.11606817805725633,0.036471951017706436,0.533482546533036,-0.15211375923085302,0.00010597159933961814,-0.17773704261827594
48,120,0.0025,0,-999.0,2.5,1,1,100,200,0.7693021999377609,0.15354735108972606,-0.7205289346346915,0.5767568474008475,202,150,52,0.15995366539798114,0.3648849908985603,0.26241932814827074,0.1024656627502896,1.3682807680442926,-0.17349869901202153,0.00010677217902403765,-0.1778792738575773
12,96,0.0,0,-999.0,0.75,1,1,100,200,0.11472144044263533,0.0275613308046867,-0.44014737359901834,0.2772239695161831,385,272,113,0.07919907330795962,0.17703127585636275,0.12811517458216118,0.048916101274201554,0.30102017665640757,0.038735364505043,0.00010809593081529697,-0.1786511575190133
48,200,0.0025,1,-999.0,1.5,1,1,100,200,0.13150617571364331,0.03141304616185314,-0.4528657651214413,0.2733334336063494,553,402,151,0.06999834519278504,0.15472447459870925,0.11236140989574714,0.042363064702962104,0.4929767180710116,-0.0006529190177240185,0.00012534692281795787,-0.18135316471855004
30,200,0.0,1,-999.0,2.5,1,1,100,200,0.30595468673809845,0.06910843415822443,-0.5423763157438313,0.3907275818845742,582,415,167,0.08105245738871421,0.18047327486347842,0.1307628661260963,0.0497104087373821,1.3378007445498725,-0.25263644566234955,0.0001462701983347263,-0.1825433446194625
12,200,0.01,1,-999.0,999.0,1,1,100,200,0.02064988767850595,0.005130010622035552,-0.3953985087807713,0.19676183198526392,459,348,111,0.07860334271057422,0.15174582161178224,0.11517458216117822,0.036571239450604004,0.5136713389742098,-0.15171709706130487,0.00010332531388357788,-0.18273115216908692
12,60,0.01,1,0.0,2.5,1,1,100,200,0.07333680097812256,0.01787521202190323,-0.42375460855292646,0.2033597395540142,661,501,160,0.02171107066026808,0.04759225550223399,0.03465166308125103,0.012940592420982956,0.8059125645451082,-0.1728019112944954,0.0003385876667418835,-0.18383410527685928
48,200,0.0025,1,-999.0,999.0,1,1,100,200,0.12667043675326162,0.030307771141636852,-0.4586547970531536,0.2822483616026474,558,408,150,0.09227205030613933,0.1929505212642727,0.14261128578520602,0.05033923547906669,0.5937085192309799,-0.06548459000491624,0.00011190071663708366,-0.18490720930480758
20,60,0.01,1,0.0,1.5,1,1,100,200,0.06909910175466405,0.01686766043660648,-0.42486148837193227,0.19669915088213905,562,420,142,0.016746649015389706,0.038921065695846434,0.02783385735561807,0.011087208340228364,0.6697707514344786,-0.1519364764434814,0.00035487031562984786,-0.1857281262052527
30,200,0.0,1,-999.0,1.5,1,1,100,200,0.24907238800910103,0.057255620548300135,-0.5222779538720943,0.3559009065323407,559,400,159,0.06685421148436207,0.155551878206189,0.11120304484527553,0.044348833360913456,0.9390797926773315,-0.14806278172187892,0.00015045249872890936,-0.18608831106113
20,96,0.01,1,0.0,0.75,1,1,100,200,-0.11752573373118436,-0.030814507816643077,-0.29617371979501184,-0.15794612595844182,378,281,97,0.010160516299851067,0.024524242925699154,0.017342379612775113,0.0071818633129240445,0.13887890021607996,-0.06389042546651591,0.00014172832717400087,-0.1867986740120711
48,60,0.01,1,0.2,0.75,1,1,100,200,-0.125333663784309,-0.03296838563992133,-0.2864440742909172,-0.21586891085600426,286,211,75,0.00582492139665729,0.0161509184180043,0.010987919907330796,0.005162998510673506,0.159237607662424,-0.1294582741631508,8.478240253719051e-05,-0.18698386832818015
30,60,0.0,1,0.0,0.75,1,1,100,200,-0.1147414057153966,-0.030049885071847804,-0.30045262914579784,-0.13935972728922097,424,306,118,0.010392189309945392,0.027800761211318883,0.019096475260632136,0.008704285950686745,0.16725031291068504,-0.062438839120833256,0.00016040561137317178,-0.18724418600920778
20,200,0.0,0,-999.0,0.75,1,1,100,200,0.11277378653757575,0.02711157918578211,-0.45814052041092324,0.2836676732201059,412,290,122,0.09697170279662419,0.2100281317226543,0.15349991725963924,0.05652821446301506,0.30307119258944915,0.049363078399994986,9.817570208372177e-05,-0.1877752973586742
12,200,0.01,1,-999.0,1.5,1,1,100,200,0.05371561266528824,0.01318474229568789,-0.4239438740054554,0.201914995440858,459,345,114,0.05924209829554857,0.11954327320867118,0.08939268575210987,0.03015058745656131,0.4367381039002949,-0.07734080409144062,0.00012212441537420724,-0.18869144493499693
48,60,0.01,1,0.0,0.75,1,1,100,200,-0.11927045677790171,-0.03129455992181207,-0.2993545328142999,-0.16325698534201905,348,261,87,0.009333112692371338,0.022703954989243755,0.016018533840807547,0.006685421148436207,0.15929921331820918,-0.09586525019446013,0.00012775520119018911,-0.18913467559606298
20,200,0.01,1,-999.0,1.5,1,1,100,200,0.052220637115660384,0.012824690207809075,-0.42479934987678825,0.2012350803786276,462,348,114,0.06020188648022506,0.12030448452755255,0.09025318550388879,0.030051299023663745,0.43752610841682693,-0.07777224506135172,0.00012194782573722068,-0.18951323071165366
48,120,0.005,0,-999.0,1.5,1,1,100,200,0.45287334680178515,0.09802577461889417,-0.6219703961808223,0.46672417021194224,293,218,75,0.1316895581664736,0.2999503557835512,0.2158199569750124,0.0841303988085388,0.8206077781914898,-0.07604373257728514,0.00010345774833864125,-0.18962321496091986
12,60,0.005,1,0.0,0.75,1,1,100,200,-0.12522230946400525,-0.03293756656907554,-0.29901259272898206,-0.16458106876738637,416,304,112,0.010690054608638094,0.026774780738044016,0.018732417673341054,0.008042363064702962,0.17431473419026466,-0.08278947052706165,0.00014562075129582268,-0.1906729163719359
20,96,0.01,1,0.2,0.75,1,1,100,200,-0.15277585503434055,-0.04065480198938387,-0.27191736458918714,-0.2842357767661024,309,227,82,0.006354459705444316,0.01740857190137349,0.011881515803408902,0.005527056097964587,0.10842363571218261,-0.10791174030373485,3.971402111686496e-05,-0.19082527312228256
48,200,0.01,1,0.2,0.75,1,1,100,200,-0.14461148431836213,-0.0383487373559257,-0.2835644214810019,-0.24957613463322215,365,275,90,0.008108555353301341,0.02015555187820619,0.014132053615753764,0.006023498262452424,0.15086158584854648,-0.10788901873464363,9.996353219045229e-05,-0.19260975482808776
20,60,0.01,1,0.0,2.5,1,1,100,200,0.059948674778474764,0.014681808234620286,-0.4359995769011834,0.18675179150812302,644,487,157,0.02081747476418997,0.04616912129736886,0.03349329803077941,0.012675823266589442,0.8013113549014841,-0.18796668909402892,0.000332948667098802,-0.19398039064056527
30,200,0.0,1,-999.0,999.0,1,1,100,200,0.2201818235210482,0.05107995922123698,-0.5257857563306749,0.34156336365049106,559,404,155,0.08853218600033096,0.19437365546913785,0.1414529207347344,0.052920734734403445,1.0289197417602796,-0.20461875266607554,0.00012783571129497555,-0.19473475076157593
12,96,0.01,1,0.2,0.75,1,1,100,200,-0.14844076472259804,-0.03942827135497107,-0.28474125328988886,-0.2732001692570822,313,232,81,0.006619228859837829,0.017540956478570246,0.012080092669204038,0.005460863809366208,0.11652058404556276,-0.10806703967014686,5.287065761911109e-05,-0.19545890646276962
30,60,0.005,1,0.0,0.75,1,1,100,200,-0.12288518675972959,-0.03229140844485623,-0.3122353917824363,-0.16410618545517258,388,282,106,0.009597881846764852,0.025285454244580507,0.017441668045672678,0.007843786198907828,0.1961720565962688,-0.1096987303600423,0.00013782383350838343,-0.19661441360883303
12,60,0.0,1,0.2,0.75,1,1,100,200,-0.14153915774158055,-0.03748521686610895,-0.2950749535518973,-0.23447439250284902,377,269,108,0.007214959457223233,0.0216448783716697,0.014429918914446466,0.007214959457223233,0.14018511349904483,-0.09086138098987917,0.00010992085168888431,-0.19674641326720005
20,60,0.0,1,0.0,0.75,1,1,100,200,-0.15425821285526475,-0.04107528609297029,-0.29218139452921243,-0.2197011812559815,438,315,123,0.010656958464338905,0.028330299520105906,0.019493628992222407,0.008836670527883502,0.12328724081252185,-0.06269433827378867,0.00011279589965018006,-0.19815104242037557
30,60,0.005,1,0.0,1.5,1,1,100,200,0.061665044193288665,0.015092889143302202,-0.44523405648599057,0.18687348061841694,613,449,164,0.016812841303988087,0.04289260301174913,0.02985272215786861,0.013039880853880522,0.7421620751782478,-0.1719748835173287,0.00033818505868900544,-0.19818046506877224
48,200,0.01,1,-0.2,1.5,1,1,100,200,0.006216297570166951,0.001552591781577739,-0.41479264175581054,0.13034199539345234,808,612,196,0.03180539467152077,0.07059407579017045,0.05119973523084561,0.01939434055932484,0.5220293527819542,-0.009699112386301056,0.0002413717936790207,-0.1993266293266549
12,96,0.01,1,0.0,0.75,1,1,100,200,-0.14955693512953783,-0.039743622094785214,-0.29667857228564654,-0.22560061255039415,386,288,98,0.010557670031441337,0.024987588945887804,0.017772629488664572,0.007214959457223233,0.09846501024002996,-0.06092817002378248,9.597102949692123e-05,-0.19936293886512818
30,200,0.005,1,-999.0,2.5,1,1,100,200,0.14281479682235543,0.03398403234796166,-0.4958067772172685,0.2849192503932839,538,391,147,0.07939765017375476,0.16418997186827736,0.12179381102101605,0.04239616084726129,0.9092372302469713,-0.21662376570017128,0.00012276306209041142,-0.1996733937410084
12,60,0.01,0,-999.0,0.75,1,1,100,200,-0.026334572688993862,-0.006658761902938903,-0.4026957943098999,0.15521817867259596,305,229,76,0.06913784544100612,0.13281482707264602,0.10097633625682607,0.03183849081581996,-0.016222257460355438,0.15281396362514643,8.511113390469605e-05,-0.20024575012425905
48,60,0.01,1,0.0,1.5,1,1,100,200,0.04234643107472147,0.01043689048550478,-0.4378393751433406,0.16007926271817258,570,427,143,0.01664736058249214,0.0399470461691213,0.02829720337580672,0.01164984279331458,0.6087122691443567,-0.1383347259104567,0.0003278968213104366,-0.2004788339502569
48,200,0.005,0,-999.0,0.75,1,1,100,200,0.04319189923494471,0.010642005429610357,-0.45196565913597764,0.23699082546438363,380,270,110,0.09720337580671852,0.20139003806056593,0.14929670693364222,0.052093331126923714,0.18212212274218986,0.06664830323696669,8.728649788929486e-05,-0.20349128286515927
12,60,0.0025,1,0.0,0.75,1,1,100,200,-0.17762172531369758,-0.04777670404863665,-0.285476000607247,-0.27197782336541865,436,318,118,0.010789343041535662,0.028131722654310774,0.019460532847923217,0.008671189806387557,0.08198467248486652,-0.05474192906765085,7.89667097617506e-05,-0.20411359552053107
12,120,0.01,1,0.0,0.75,1,1,100,200,-0.16303965604170434,-0.04357761715602482,-0.2988492746741255,-0.24897027459178472,403,299,104,0.01082243918583485,0.0259142809862651,0.018368360086049976,0.007545920900215125,0.09943009096376909,-0.06874314013850502,8.470949781550051e-05,-0.2054507682226768
48,200,0.01,1,0.0,0.75,1,1,100,200,-0.16698975310360875,-0.04470964541912059,-0.2993347677910282,-0.2468040351993236,447,333,114,0.012609630977991063,0.028892933973192123,0.020751282475591593,0.00814165149760053,0.12065582507827388,-0.07046192902199377,9.841726329803076e-05,-0.20671723107460085
30,200,0.005,1,-999.0,1.5,1,1,100,200,0.0826200750432422,0.020072016903636802,-0.48022750254087876,0.23093084724258794,514,376,138,0.06589442329968559,0.14128744001323845,0.10359093165646202,0.03769650835677644,0.5717703721039369,-0.1093059062767795,0.00011920302042573108,-0.20849519200467317
30,60,0.01,1,0.2,1.5,1,1,100,200,-0.0321631785087958,-0.008150749212509911,-0.404567242066008,0.036765900881300766,460,342,118,0.011285785206023498,0.027900049644216447,0.019592917425119972,0.008307132219096475,0.4725719988056789,-0.17274707018369373,0.0002998081586062485,-0.20859607520144888
12,200,0.0,0,-999.0,0.75,1,1,100,200,0.0696263001170534,0.016993169531659413,-0.47725844248409544,0.25630194067638207,413,290,123,0.09442329968558663,0.20648684428264108,0.15045507198411384,0.056031772298527224,0.2344209333967069,0.065302713901076,9.332517679368797e-05,-0.2088209546765692
48,60,0.0,0,-999.0,0.75,1,1,100,200,0.02949913831697981,0.007304615243534762,-0.45548659644320244,0.22118272597729438,360,252,108,0.07784213139169287,0.17507860334271058,0.12646036736720173,0.04861823597550885,0.27930480565861115,-0.03651598739821038,9.252764447082114e-05,-0.20937954667920175
48,60,0.01,1,0.0,2.5,1,1,100,200,0.01696205195727618,0.004219592335090283,-0.4406140442951383,0.13240607615556974,653,495,158,0.02081747476418997,0.047228197914942906,0.03402283633956644,0.01320536157537647,0.6954990516248467,-0.1685429774669277,0.0002995165643935892,-0.20946712600470038
30,96,0.01,1,0.2,0.75,1,1,100,200,-0.1648401883780347,-0.04409312016466882,-0.3012272428022149,-0.30920546047481573,314,230,84,0.006387555849743505,0.01770643720006619,0.012046996524904848,0.0056594406751613435,0.13535374133160438,-0.13932403007478023,1.8421594515448222e-05,-0.21016701458951706
48,96,0.0,0,-999.0,0.75,1,1,100,200,0.08513893978158937,0.020665647315241342,-0.4890489020747538,0.263268318760324,376,264,112,0.08787026311434717,0.19033592586463677,0.13910309448949199,0.0512328313751448,0.3607684572120571,-0.03757056777288015,9.858309862977742e-05,-0.21069538778411936
30,60,0.0025,1,0.0,0.75,1,1,100,200,-0.17309958998788622,-0.046468569346429844,-0.30164350210150026,-0.26810228791525476,403,292,111,0.00963097799106404,0.02631143471785537,0.017971206354459705,0.008340228363395664,0.11615645447946554,-0.09372425861773404,6.901125564815222e-05,-0.21069543479294273
30,96,0.01,1,0.0,1.5,1,1,100,200,0.006364977789355519,0.0015896382219704464,-0.43714229711982544,0.11073658786100124,615,460,155,0.017971206354459705,0.04272712229025319,0.030349164322356445,0.01237795796789674,0.5856197900377202,-0.13675234407273262,0.00029846735264553063,-0.21144468094489222
12,120,0.01,1,0.2,0.75,1,1,100,200,-0.16244437658240585,-0.04340736801377798,-0.30672391352148387,-0.30177775967714476,327,241,86,0.006751613437034586,0.01820287936455403,0.012477246400794308,0.005725632963759722,0.1382597550621958,-0.13344290307781792,3.532821870329227e-05,-0.21185821275837716
30,120,0.0,0,-999.0,0.75,1,1,100,200,0.05616550654746466,0.01377395120021796,-0.4771240410206756,0.24402978635970773,378,263,115,0.08694357107396988,0.1908654641734238,0.13890451762369685,0.05196094654972696,0.27751403280969056,-0.0012231105677843468,9.353678011798424e-05,-0.21258657999213446
30,200,0.005,1,-999.0,999.0,1,1,100,200,0.05442607272792466,0.013355716306838517,-0.47669223561952023,0.22751023194831205,517,381,136,0.08684428264107232,0.17739533344365382,0.13211980804236306,0.04527552540129075,0.6837263868327073,-0.18896832258524987,0.00010264983328058766,-0.213614889905506
12,120,0.01,1,0.0,1.5,1,1,100,200,-0.004758100167920998,-0.0011932859528162032,-0.437823033579234,0.09621919147211198,637,475,162,0.018864802250537813,0.044348833360913456,0.031606817805725634,0.01274201555518782,0.5638516513583125,-0.12483390690857976,0.0002887495910022432,-0.2152938431688276
30,96,0.01,1,0.0,0.75,1,1,100,200,-0.17289316508022579,-0.04640898417350914,-0.3110522705185047,-0.2759599906527305,387,289,98,0.010325997021347013,0.024888300512990236,0.017607148767168623,0.0072811517458216115,0.11314946607744703,-0.0982936551175223,6.046644603515614e-05,-0.215733118965398
20,96,0.01,1,0.0,1.5,1,1,100,200,-0.010690507662799331,-0.0026870821042549453,-0.43488539503383805,0.08605107607740983,610,456,154,0.018037398643058082,0.04239616084726129,0.03021677974515969,0.012179381102101604,0.5556525119064635,-0.1371952556407262,0.0002851602066403292,-0.2158272258173035
20,120,0.01,1,0.2,0.75,1,1,100,200,-0.175774269085206,-0.0472416336900815,-0.30363816607410066,-0.33564882603721974,325,240,85,0.006685421148436207,0.01813668707595565,0.012411054112195929,0.005725632963759722,0.11473784151847721,-0.13011082483015024,4.289163036671837e-06,-0.21584315802899282
30,120,0.01,1,0.2,0.75,1,1,100,200,-0.17623222525833127,-0.0473741855787142,-0.3034015901123315,-0.3369583778332072,324,239,85,0.006652325004137018,0.018103590931656463,0.01237795796789674,0.005725632963759722,0.11356141181586699,-0.13011082483015024,2.3301998200621946e-06,-0.2159228995265403
48,120,0.01,1,0.2,0.75,1,1,100,200,-0.17767127801830285,-0.04779106817703471,-0.30340159011233236,-0.3406174524910777,325,240,85,0.006685421148436207,0.01813668707595565,0.012411054112195929,0.005725632963759722,0.11217220013638829,-0.13011082483015024,4.941597068129724e-08,-0.21652273585775478
48,96,0.01,1,0.2,0.75,1,1,100,200,-0.17252606833077067,-0.04630304812346053,-0.30854371250508184,-0.32800390196787166,319,236,83,0.006652325004137018,0.017905014065861327,0.012278669534999172,0.005626344530862155,0.12520029986104197,-0.1373953900858771,5.913151805683886e-06,-0.21697509947439503
30,60,0.0,1,0.2,0.75,1,1,100,200,-0.18370651824101725,-0.0495454111065019,-0.3013184209502351,-0.34172261754455807,351,250,101,0.006652325004137018,0.020354128744001325,0.013503226874069171,0.006850901869932153,0.10096484366579461,-0.11628826927137692,1.2433794538757593e-05,-0.21729075245884735
20,60,0.005,1,0.0,0.75,1,1,100,200,-0.16207920254564434,-0.04330297360591273,-0.32464889815854214,-0.24790925544739434,397,287,110,0.009730266423961608,0.02555022339897402,0.017640244911467814,0.007909978487506205,0.16052091189298112,-0.11939932707416867,8.322237940335561e-05,-0.21802288545755352
20,200,0.0,1,-999.0,1.5,1,1,100,200,0.14283656268305345,0.03398896233360871,-0.532416147382577,0.28136803852814024,552,398,154,0.06387555849743505,0.15038887969551548,0.10713221909647526,0.04325666059904021,0.8030706723909864,-0.16465355229067946,0.00013451211616774962,-0.2181507094312728
30,200,0.01,1,0.0,2.5,1,1,100,200,0.008952713611493524,0.0022337645062024958,-0.45435321123689876,0.12606350627002,787,588,199,0.024689723647195103,0.05626344530862155,0.04047658447790833,0.01578686083071322,0.8222208666510131,-0.17925657213917856,0.00029027768499491607,-0.21863966579874589
30,200,0.01,1,0.0,1.5,1,1,100,200,-0.00017146857851613184,-4.2928666174502084e-05,-0.447739632741034,0.10446887832722826,697,515,182,0.020453417176898893,0.04832037067681615,0.03438689392685752,0.01393347674995863,0.6591732878902026,-0.14606806365569236,0.00029045875247852703,-0.21868930112033008
20,120,0.01,1,0.0,0.75,1,1,100,200,-0.1887145470361261,-0.05100855801118831,-0.30553044287440256,-0.31088743100974614,399,296,103,0.010656958464338905,0.0256164156875724,0.01813668707595565,0.0074797286116167466,0.08614766812558838,-0.08809786724181023,4.179577150575866e-05,-0.2193181509988769
12,60,0.005,1,0.0,1.5,1,1,100,200,0.016434792852871194,0.004089225422879705,-0.45992647562410427,0.12635068186213974,648,475,173,0.01816978322025484,0.044779083236802915,0.03147443322852888,0.013304650008274035,0.7093961274237113,-0.17778876162033752,0.00030631874512825367,-0.21955647829606545
20,200,0.0,1,-999.0,2.5,1,1,100,200,0.1604228324653021,0.037949467362728306,-0.5455837334702993,0.29900322083607916,575,414,161,0.07797451596888963,0.1750124110541122,0.1264934635115009,0.04851894754261129,1.1060848737032436,-0.26543321770907824,0.0001270973285595085,-0.21989223833061738
30,60,0.0,1,0.0,1.5,1,1,100,200,0.011656558916694593,0.002905470478608896,-0.4583703531214842,0.12037309522745485,665,484,181,0.01783882177726295,0.046698659606155886,0.032268740691709416,0.014429918914446466,0.6397081220622329,-0.13958973771563965,0.00029713777597931504,-0.22026105132076046
12,200,0.0,1,-999.0,2.5,1,1,100,200,0.11593171453218964,0.027840510225932924,-0.523433089930804,0.26828673188512686,578,417,161,0.07655138176402448,0.17425119973523084,0.12540129074962766,0.04884990898560318,0.9716496254601343,-0.24429834519561477,0.00012022725252713111,-0.22046169814521271
12,200,0.0,1,-999.0,1.5,1,1,100,200,0.10012437300559363,0.024176127701375894,-0.518575704291997,0.24910792455284686,552,398,154,0.06291577031275856,0.14995862981962602,0.10643720006619228,0.043521429753433725,0.7089548253913474,-0.15158867492504668,0.0001262140121707917,-0.22265632821698023
48,200,0.01,1,-0.2,2.5,1,1,100,200,-0.06048000696002387,-0.015496597396573608,-0.4233191806804245,0.06618487211350764,907,693,214,0.03796127751116995,0.08118484196591097,0.05957305973854046,0.02161178222737051,0.5775389817867405,-0.06259400042351593,0.0002097996245998525,-0.22384694413111048
12,96,0.01,1,0.0,1.5,1,1,100,200,-0.019966555763053506,-0.0050363320011984625,-0.44697690800760326,0.07309271178220583,617,462,155,0.018434552374648354,0.0429918914446467,0.030713221909647526,0.012278669534999172,0.5470453348027431,-0.13751567706597334,0.0002770595769960774,-0.2248701504158898
30,60,0.005,1,0.0,2.5,1,1,100,200,0.017463235852738013,0.004343465083486153,-0.47301575259625583,0.13460713836101346,704,521,183,0.021016051629985107,0.05080258149925534,0.03590931656462022,0.014893264934635116,0.8548434897258603,-0.21995197072321926,0.0002973551389032218,-0.22543405429659108
12,120,0.0,0,-999.0,0.75,1,1,100,200,0.02881503747775449,0.007137005951444619,-0.48792714628502676,0.22168324577582274,391,274,117,0.08224391858348502,0.18484196591097138,0.1335429422472282,0.05129902366374317,0.2698688484426979,-0.014845743000924339,9.084647158122897e-05,-0.22574240490227762
48,200,0.0025,0,-999.0,0.75,1,1,100,200,-0.003373314050374665,-0.0008455544332690579,-0.47068468810272945,0.20816742678584377,401,281,120,0.09912295217607149,0.21138507363892106,0.15525401290749627,0.05613106073142479,0.15520766838421207,0.05378755901527432,7.895258927546633e-05,-0.2257795271453416
20,60,0.01,0,-999.0,0.75,1,1,100,200,-0.11927855321225911,-0.031296789277694304,-0.39776516424485964,0.07562168948803459,297,221,76,0.06970047989409234,0.13456892272050305,0.1021347013072977,0.032434221413205365,-0.04501209872423373,0.06991570317836882,5.939072746847724e-05,-0.2263982869257224
12,200,0.01,1,0.2,0.75,1,1,100,200,-0.1935826341294853,-0.052437323654820234,-0.3103909983386014,-0.3753534645737591,356,268,88,0.007777593910309449,0.019493628992222407,0.013635611451265928,0.0058580175409564785,0.11270400368490097,-0.13402775825565316,-5.448150582557509e-06,-0.22640049605280888
30,96,0.01,1,0.0,2.5,1,1,100,200,-0.017994644778948854,-0.0045355355001256425,-0.45294113353959775,0.08834038336107068,700,528,172,0.02207512824755916,0.05027304319046831,0.03617408571901373,0.014098957471454576,0.6994609880404294,-0.1799435691735337,0.0002753428012233938,-0.22658908310187098
20,96,0.0,0,-999.0,0.75,1,1,100,200,0.01731740467132381,0.004307426128250302,-0.4839515272692684,0.21323419315131115,378,264,114,0.07880191957636935,0.17908323680291247,0.12894257818964092,0.050140658613271556,0.23347436558520052,-0.0036119031294157278,9.022822231513019e-05,-0.22700662784881834
12,60,0.0,1,0.0,1.5,1,1,100,200,-0.011360442999995501,-0.0028561952434494886,-0.45866702734607157,0.09084742116079751,709,516,193,0.019195763693529704,0.049578024160185336,0.03438689392685752,0.015191130233327818,0.6100718065108237,-0.12463609663817687,0.0002812322844768961,-0.2276473378584454
48,96,0.01,1,0.0,0.75,1,1,100,200,-0.2017891572284659,-0.05486061432798328,-0.3124221288399638,-0.3428016595257422,390,292,98,0.010656958464338905,0.025219261955982127,0.017938110210160518,0.0072811517458216115,0.07719746755849677,-0.09940215789336748,1.485543388938808e-05,-0.22821176172425228
20,200,0.01,1,0.2,0.75,1,1,100,200,-0.19558255970155947,-0.05302616859675768,-0.3127157963855368,-0.3829469364779866,355,267,88,0.00774449776601026,0.01939434055932484,0.013569419162667549,0.00582492139665729,0.11435197837846434,-0.13788413314143122,-1.1105708430548932e-05,-0.22853141361342544
48,96,0.01,1,0.0,1.5,1,1,100,200,-0.05809381325569507,-0.014871224875590228,-0.429411323522238,0.016256008220942596,626,468,158,0.018235975508853218,0.043455237464835345,0.03084560648684428,0.012609630977991063,0.4676370755933972,-0.12227767914574861,0.0002470725010061771,-0.22876408622566208
20,200,0.0,1,-999.0,999.0,1,1,100,200,0.07671123415448,0.01867538363544341,-0.520597609545975,0.2498811885753801,553,403,150,0.08581830216779746,0.18881350322687407,0.13731590269733576,0.05149760052953831,0.8133089918741792,-0.21703944326412472,0.00010848472489371549,-0.2291293617087751
30,120,0.01,1,0.0,0.75,1,1,100,200,-0.209840033227504,-0.05725616182717885,-0.31086055094318366,-0.3612295233726753,395,293,102,0.010590766175740526,0.02548403111037564,0.018037398643058082,0.007446632467317558,0.06444862316790734,-0.09554923891006928,4.885367327150659e-06,-0.23074791346740445
20,60,0.0,1,0.2,0.75,1,1,100,200,-0.19428553562349182,-0.05264415645537146,-0.32218137311727746,-0.367388432594149,359,255,104,0.006685421148436207,0.020585801754095648,0.013635611451265928,0.006950190302829721,0.11098535165782186,-0.13214297669275776,-2.0497332172432104e-06,-0.23210426464371764
30,200,0.01,1,0.2,0.75,1,1,100,200,-0.20660674678620727,-0.056291904917480595,-0.3106817218817931,-0.4097196751122176,363,274,89,0.008009266920403773,0.019791494290915108,0.013900380605659441,0.005891113685255668,0.10032083674052128,-0.13540379103586608,-2.6870359407585448e-05,-0.23211874961398804
20,60,0.01,1,0.2,1.5,1,1,100,200,-0.05456764567976213,-0.013949259263642433,-0.43804554204035606,-2.169314932960888e-05,466,347,119,0.011484362071818632,0.02823101108720834,0.019857686579513485,0.008373324507694853,0.5003357140622631,-0.2044674873554303,0.00027313775347370905,-0.23297311494128695
12,60,0.005,1,0.2,0.75,1,1,100,200,-0.19888004705681395,-0.05399946014758672,-0.3191435827919482,-0.3896378762026516,341,248,93,0.006751613437034586,0.01926195598212808,0.013006784709581333,0.0062551712725467485,0.10978923981157673,-0.14390341236003268,-2.9873656400472103e-05,-0.2330531453536934
30,200,0.01,1,-0.2,1.5,1,1,100,200,-0.0779952335868972,-0.020123808401151355,-0.43047348903884886,0.0254302726457332,780,589,191,0.031110375641237795,0.06864140327651828,0.04987588945887804,0.018765513817640245,0.4342011976424407,-0.05040090698170541,0.00019836813617116696,-0.2340890392882891
12,200,0.0,1,-999.0,999.0,1,1,100,200,0.016065648192276072,0.003997922761619144,-0.4980997015509011,0.20702638388380473,557,407,150,0.08436207181863313,0.18801919576369353,0.13619063379116333,0.0518285619725302,0.6666486609073163,-0.19451219053690572,9.881303555077325e-05,-0.23470060881964117
20,96,0.01,1,0.0,2.5,1,1,100,200,-0.047193461865720154,-0.01202947733803239,-0.4507475803723324,0.04873614637291117,694,523,171,0.022008935958960783,0.049809697170279665,0.03590931656462022,0.013900380605659441,0.6448327553421251,-0.1803643203648374,0.0002555063807869521,-0.23496646020555303
12,120,0.0,1,-999.0,1.5,1,1,100,200,-0.0006810176294065329,-0.00017053132926569958,-0.4864112865781389,0.1628363974368425,517,378,139,0.055866291577031275,0.13152407744497766,0.09369518451100446,0.03782889293397319,0.3523471853319684,-0.0430061765420916,0.00011223959526498777,-0.23523435474649304
12,120,0.01,1,0.0,2.5,1,1,100,200,-0.034958029774673216,-0.008868556366787406,-0.4599304758688726,0.06747504451050998,723,545,178,0.023034916432235646,0.05202713883832533,0.03753102763528049,0.014496111203044846,0.6909334757641039,-0.18067464073588968,0.0002634759222576813,-0.2354600420756982
20,200,0.005,1,-999.0,2.5,1,1,100,200,0.035585879947702015,0.008792243557861124,-0.5089877548935016,0.20102929403244837,530,389,141,0.07691543935131558,0.15932483865629654,0.11812013900380605,0.04120469965249048,0.7613882728830659,-0.23361351225439964,0.0001044207216660156,-0.23565016918726725
30,60,0.005,1,0.2,0.75,1,1,100,200,-0.2115450038347516,-0.05776582360124338,-0.31329849336544124,-0.4279244851310002,323,233,90,0.00618897898394837,0.018434552374648354,0.012311765679298361,0.006122786695349992,0.08768412065929643,-0.14801839008967843,-7.709126356683602e-05,-0.23581129454051403
20,60,0.0025,1,0.0,0.75,1,1,100,200,-0.21740119718169537,-0.059522715071064325,-0.3172949996942819,-0.36761447728734525,415,300,115,0.009862651001158365,0.02674168459374483,0.018302167797451595,0.008439516796293232,0.07398860604766067,-0.10323603859189556,7.420070843927884e-06,-0.23655093878257252
12,60,0.005,1,0.0,2.5,1,1,100,200,0.004216327312267731,0.0010538627008829238,-0.4888172070513639,0.11908230184755407,737,547,190,0.022538474267747806,0.05272215786860831,0.03763031606817806,0.01509184180043025,0.8875952345640021,-0.23087674061590102,0.00029005755066235835,-0.23740062573242132
20,200,0.01,1,0.0,2.5,1,1,100,200,-0.026748877090363554,-0.006764592799285429,-0.46959121589374264,0.08035265628456037,775,581,194,0.024623531358596722,0.055535330134039385,0.040079430746318055,0.015455899387721331,0.799079198855021,-0.20291281063966338,0.00026883056936060105,-0.23754256793192874
20,200,0.01,1,0.0,1.5,1,1,100,200,-0.0355551441268489,-0.009022116416190662,-0.4631650824575174,0.054304906738330314,686,509,177,0.020420321032599702,0.04762535164653318,0.03402283633956644,0.013602515306966738,0.6389133386739874,-0.1706808925418073,0.0002655945327922031,-0.23788941230803284
12,60,0.01,1,0.2,1.5,1,1,100,200,-0.07586434280309662,-0.019557362701517977,-0.43347781182990164,-0.03501251734072484,478,356,122,0.011848419659109714,0.02899222240608969,0.020420321032599702,0.008571901373489989,0.4824531508479595,-0.20827002264498606,0.00024777840606830706,-0.23804689448350505
20,96,0.0,1,0.0,0.75,1,1,100,200,-0.20185026992862354,-0.0548787301108864,-0.336190968041567,-0.3184860540690326,469,337,132,0.011318881350322687,0.030580837332450768,0.02094985934138673,0.00963097799106404,0.08462571721778733,-0.06959507959260769,5.9632060382779825e-05,-0.23889851683512153
30,200,0.01,1,0.0,0.75,1,1,100,200,-0.2146667079118122,-0.058701130490481535,-0.3247498465956081,-0.3588107110929502,440,329,111,0.012477246400794308,0.02829720337580672,0.020387224888300512,0.007909978487506205,0.094089847134603,-0.1055219228813512,2.6200999278632165e-05,-0.2390165893429331
20,200,0.005,1,-999.0,1.5,1,1,100,200,0.004503428803283471,0.0011255024429617233,-0.49710952931897034,0.16071911680594234,507,374,133,0.06347840476584478,0.13675326824424955,0.10011583650504716,0.036637431739202385,0.495944942387212,-0.13471933875932096,0.00010334825913312165,-0.23939330637622633
20,120,0.01,1,0.0,1.5,1,1,100,200,-0.061330948962835974,-0.015719899894057088,-0.4487498197535983,0.012709093425304232,632,471,161,0.01846764851894754,0.043951679629323184,0.031209664074135363,0.01274201555518782,0.5068258198579694,-0.14548277283702993,0.0002447142631182921,-0.23945935509959101
12,200,0.005,1,-999.0,2.5,1,1,100,200,0.023630176885897525,0.005863956448801888,-0.5098544236127049,0.19029661908266943,529,388,141,0.07552540129074962,0.15806718517292737,0.11679629323183849,0.041270891941088864,0.737119137224632,-0.2322619001249434,0.00010220532773767607,-0.23954842440341712
48,96,0.01,1,0.0,2.5,1,1,100,200,-0.07382560806774197,-0.019016330258764702,-0.4436624745329124,0.012281562423368666,710,536,174,0.02237299354625186,0.050901869932152906,0.036637431739202385,0.014264438192950521,0.5800754879157779,-0.16395812489383899,0.00023697965945135012,-0.24023348940405248
30,120,0.0,1,-999.0,1.5,1,1,100,200,-0.002621800532163987,-0.0006569946242267477,-0.4956454188805144,0.16033521022185523,509,369,140,0.055866291577031275,0.13099453913619064,0.09343041535661095,0.037564123779579676,0.395882830585484,-0.07834901271545103,0.00011073430310831636,-0.24046294355339118
48,200,0.01,1,0.2,1.5,1,1,100,200,-0.06821485379115022,-0.017531962915040333,-0.44782201885307005,-0.014950618048378736,597,440,157,0.013966572894257819,0.03514810524573887,0.024557339069998345,0.010590766175740526,0.5820415449282375,-0.20609740439791913,0.0002719440714409265,-0.2421905032439943
12,120,0.01,1,-999.0,2.5,1,1,100,200,-0.12403574559797748,-0.03260934873256649,-0.4236120662463654,0.042012144369313505,452,342,110,0.06556346185669369,0.12606321363561146,0.09581333774615257,0.030249875889458877,0.2608382362398076,-0.12903217415786483,7.159055912142988e-05,-0.24231477463728351
48,60,0.01,1,0.2,1.5,1,1,100,200,-0.07871116982512105,-0.020314342960399023,-0.43990806377193536,-0.04190500578383156,474,351,123,0.01118649677312593,0.02859506867449942,0.019890782723812676,0.008704285950686745,0.45595762788558547,-0.19795155266360953,0.00024417362801823635,-0.24236362513555829
12,200,0.005,1,-999.0,1.5,1,1,100,200,0.0030737943020842096,0.0007686169735767745,-0.5026148098231066,0.15843825280907897,504,371,133,0.0625186165811683,0.1359258646367698,0.09922224060896906,0.03670362402780076,0.48895033443545977,-0.1331933151983412,0.00010275093346277591,-0.24261687529752257
30,60,0.0025,1,0.0,1.5,1,1,100,200,-0.049473364730549196,-0.012621830108398013,-0.46366993309153604,0.03190230335734349,634,463,171,0.016845937448287274,0.044448121793811024,0.03064702962104915,0.013801092172761873,0.5490449025797837,-0.15742985980631974,0.0002529651569722933,-0.24286168148629886
12,200,0.01,1,0.0,0.75,1,1,100,200,-0.22284294211427824,-0.061164125900664446,-0.32581555848462085,-0.37603013766983345,435,324,111,0.012245573390699984,0.027999338077114015,0.020122455733907,0.007876882343207017,0.07881857300624673,-0.10454646917195753,1.1502149272441842e-05,-0.24287341202646653
20,200,0.01,1,0.0,0.75,1,1,100,200,-0.22349920526277045,-0.06136265827672194,-0.32713623607266296,-0.37951754337987054,434,324,110,0.012212477246400795,0.02783385735561807,0.020023167301009434,0.007810690054608638,0.08119712567405935,-0.10771725843102342,9.590264444379395e-06,-0.24390665348204693
48,120,0.0025,0,-999.0,1.5,1,1,100,200,0.27036258455261675,0.061738436187893875,-0.6510189776191067,0.38870529954043487,312,229,83,0.13337746152573227,0.31176567929836174,0.222571570412047,0.08919410888631474,0.6947787150608455,-0.12384372544662003,8.733327663386534e-05,-0.2443357876446377
20,60,0.005,1,0.0,1.5,1,1,100,200,-0.026985349040353435,-0.006825012893904248,-0.48384759782932296,0.06398207127634273,627,458,169,0.017176898891279165,0.04325666059904021,0.03021677974515969,0.013039880853880522,0.6958389417762785,-0.21490873557805223,0.0002745649002067508,-0.2455497082447486
12,120,0.01,1,-999.0,1.5,1,1,100,200,-0.10340937776234327,-0.026956396583562747,-0.4412329545301842,0.038739246300072736,433,329,104,0.05417838821777263,0.10693364223068012,0.08055601522422638,0.026377627006453748,0.12125105180831297,-0.007022065244398301,7.913324282996202e-05,-0.2456359115336512
30,120,0.01,1,0.0,1.5,1,1,100,200,-0.08146929049121832,-0.021049410187944262,-0.4480756485297803,-0.018391887907199977,632,469,163,0.01826907165315241,0.04381929505212643,0.031044183352639417,0.01277511169948701,0.4717245653488167,-0.14387235930572162,0.00022887301988432576,-0.24600682884819441
20,200,0.005,1,-999.0,999.0,1,1,100,200,-0.042718889569441365,-0.010869998940348458,-0.48572093189122645,0.15038625827061206,510,379,131,0.08465993711732583,0.17236471951017707,0.12851232831375145,0.043852391196425616,0.5546471912222803,-0.2053416867044554,8.569349759266203e-05,-0.24621115197243107
12,200,0.01,1,0.0,1.5,1,1,100,200,-0.06578555733564961,-0.01689135230479788,-0.4622266181233583,0.01022888032229208,686,508,178,0.020254840311103757,0.04765844779083237,0.033956644050968064,0.013701803739864305,0.576335016027437,-0.164784943818166,0.00024332205284603888,-0.24749321735036242
48,200,0.0,1,0.2,0.75,1,1,100,200,-0.21091019245657383,-0.05757596487817296,-0.3417114117616977,-0.38215131968304783,463,339,124,0.009895747145457554,0.026112857852060235,0.018004302498758895,0.008108555353301341,0.15729260985314708,-0.1404966580953365,4.263319788455601e-05,-0.2475392367431742
30,60,0.01,1,-0.2,1.5,1,1,100,200,-0.11566051541406652,-0.03030208828133074,-0.4309459242430713,-0.040159505563168676,593,456,137,0.02435876220420321,0.05348336918748966,0.038921065695846434,0.014562303491643223,0.2887720587499605,-0.0769113287857981,0.00016376426277896883,-0.24778302568102484
20,60,0.005,1,0.2,0.75,1,1,100,200,-0.2251068155445638,-0.061849523694712305,-0.326235368034006,-0.46393540915263076,327,236,91,0.006155882839649181,0.018533840807545922,0.012344861823597552,0.00618897898394837,0.08476838266045283,-0.15874099099306027,-0.00010402728529510925,-0.24816397816934685
30,96,0.01,1,0.2,1.5,1,1,100,200,-0.09080506581578007,-0.023549834067790765,-0.4437815842071977,-0.059573678232135406,507,372,135,0.011947708092007282,0.03054774118815158,0.02124772464007943,0.00930001654807215,0.4818647729540242,-0.20937668556306532,0.00023395078018722526,-0.2484193100829964
48,60,0.0,1,0.2,0.75,1,1,100,200,-0.20783224719759108,-0.05665703630692576,-0.34461968632190354,-0.3975853093977495,352,251,101,0.006519940426940261,0.02048651332119808,0.013503226874069171,0.006983286447128909,0.11364306508937427,-0.15174566739744877,-3.419645939320628e-05,-0.248846144937765
12,60,0.0025,0,-999.0,0.75,1,1,100,200,-0.11075905415428777,-0.02895939232484024,-0.4489022422122161,0.08980470646016168,352,254,98,0.06966738374979314,0.15591593579348006,0.1127916597716366,0.043124276021843454,0.0036292772429720177,0.05657680960025102,6.137065029472072e-05,-0.2489202781079402
48,60,0.01,1,-0.2,1.5,1,1,100,200,-0.10983526893641149,-0.028706954260757755,-0.43793911689264486,-0.030024306753822005,619,476,143,0.024822108224391858,0.055535330134039385,0.04017871917921562,0.015356610954823763,0.3010515347248053,-0.06755410618921753,0.00017015102878182036,-0.24917772804477129
12,96,0.01,1,0.0,2.5,1,1,100,200,-0.06265827759354381,-0.016068517983107822,-0.46906032394183816,0.028235107893249126,702,531,171,0.02250537812344862,0.05043852391196425,0.036471951017706436,0.013966572894257819,0.6434661305596319,-0.1897618736367931,0.0002446385472309453,-0.24918692455936445
12,96,0.0,1,0.2,0.75,1,1,100,200,-0.2082412013520798,-0.05677897627225281,-0.3462940449699219,-0.3942600437019281,395,281,114,0.007545920900215125,0.022571570412046996,0.015058745656131061,0.007512824755915936,0.12528740901731772,-0.14271732042426277,5.635175206811838e-07,-0.24963900094231017
12,200,0.01,1,0.0,2.5,1,1,100,200,-0.06596415610709772,-0.016938406620513047,-0.4686667081332213,0.028381897802327274,775,580,195,0.024458050637100777,0.05556842627833857,0.040013238457719674,0.015555187820618897,0.7144004359481797,-0.19724601102721517,0.00024417059341249795,-0.24985266579700735
12,120,0.01,1,-999.0,999.0,1,1,100,200,-0.16479282395740058,-0.04407954878720366,-0.4142023516858432,0.0255301392462664,433,331,102,0.07238126758232666,0.1375144795631309,0.10494787357272878,0.03256660599040212,0.1546253715968735,-0.10174138718981518,5.950864629771082e-05,-0.24990421766781193
30,96,0.0,0,-999.0,0.75,1,1,100,200,-0.03304841620269938,-0.008377938216046044,-0.5030624116075805,0.18102805185751372,375,263,112,0.08237630316068179,0.1837828892933973,0.13307959622703955,0.05070329306635777,0.15300412040868228,0.011636404751030227,8.026870786138828e-05,-0.2508577414269606
48,120,0.01,1,0.0,0.75,1,1,100,200,-0.23685901402595755,-0.06543187779946003,-0.3322249908450272,-0.4218100323324773,402,296,106,0.010524573887142149,0.025814992553367534,0.01816978322025484,0.007645209333112692,0.056160541415154475,-0.11653395569888114,-3.448813471222361e-05,-0.2526348748385975
30,60,0.0,1,0.0,2.5,1,1,100,200,-0.04410528258905011,-0.011228814339278137,-0.4908221414435072,0.05733618926507881,763,557,206,0.021843455237464834,0.05513817640244911,0.038490815819956975,0.01664736058249214,0.7375116929489793,-0.1942374006509,0.00025619251727910337,-0.2537730755977778
20,200,0.01,1,-0.2,1.5,1,1,100,200,-0.11429145482564984,-0.029926490353192947,-0.44583018522019113,-0.022425193368755925,766,581,185,0.03097799106404104,0.06758232665894423,0.04928015886149264,0.018302167797451595,0.40803571517113735,-0.0773148140662876,0.00017831879785266982,-0.2539628426317263
48,96,0.0,1,-999.0,1.5,1,1,100,200,-0.02907119604673869,-0.0073584374899848815,-0.5071599410496088,0.1374090495772424,506,370,136,0.056627502895912625,0.12976998179712063,0.09319874234651664,0.036571239450604004,0.3602996896451305,-0.08070104071784812,0.00010479838607115525,-0.25406795553592715
12,60,0.0,1,0.0,2.5,1,1,100,200,-0.04033051080501715,-0.010252770008495782,-0.4950832585669055,0.0651157771840316,806,590,216,0.023398974019526723,0.05808373324507695,0.04074135363230184,0.017342379612775113,0.7642546587988834,-0.18599914601224532,0.00025944701201052885,-0.25453861043274695
12,96,0.0,1,0.0,0.75,1,1,100,200,-0.24246445608191125,-0.06715513529316564,-0.33508801137642497,-0.4054365025488563,487,353,134,0.012080092669204038,0.031606817805725634,0.021843455237464834,0.009763362568260797,0.03149994386950716,-0.06306177166126592,1.3415848370910214e-05,-0.2549709661088209
20,96,0.0,1,0.2,0.75,1,1,100,200,-0.2278501041578509,-0.06268208112783935,-0.3403355426517335,-0.44731036461805324,386,273,113,0.007148767168624855,0.022174416680456728,0.014661591924540791,0.007512824755915936,0.09065064090684172,-0.141271740776575,-4.4096119885308914e-05,-0.25521537068460876
48,200,0.01,0,-999.0,0.75,1,1,100,200,-0.06570279458683526,-0.016869549600851408,-0.4930393325786593,0.14674998185099616,342,249,93,0.09210656958464339,0.17603839152738707,0.13407248055601523,0.04196591097137183,-0.047806342749348585,0.1642404770343684,6.947028249068389e-05,-0.2560517167976312
12,200,0.005,1,-999.0,999.0,1,1,100,200,-0.07362154131658594,-0.018962224894160773,-0.4866286680744142,0.12327824092308576,509,378,131,0.08313751447956313,0.17097468144961112,0.12705609796458714,0.043918583485024,0.5010610262202855,-0.20394021390685346,7.94555509663285e-05,-0.25611264688521357
12,60,0.01,1,-0.2,1.5,1,1,100,200,-0.13447054566688132,-0.03550724569067354,-0.43505049121577477,-0.06290935395013166,628,483,145,0.026079761707761044,0.055866291577031275,0.04097302664239616,0.014893264934635116,0.2891751427769407,-0.08087940110263436,0.00015601875353806442,-0.2561779589960675
30,200,0.01,1,-0.2,2.5,1,1,100,200,-0.12583418283313563,-0.033106948544171844,-0.44510545231117227,-0.01438718643739016,878,669,209,0.03716697004798941,0.07913288101936125,0.058149925533675324,0.020982955485685916,0.5086758059460206,-0.10112179225373541,0.00017809676365750522,-0.2563790340216275
30,96,0.01,1,-0.2,1.5,1,1,100,200,-0.13043755013149438,-0.03438413470868906,-0.4409003444640309,-0.05384363385069861,669,515,154,0.02674168459374483,0.05937448287274533,0.04305808373324508,0.016316399139500247,0.303994946408942,-0.0681785502671266,0.0001620172818941136,-0.25752648863323946
30,120,0.0,1,0.2,0.75,1,1,100,200,-0.22769555027258603,-0.06263511685726897,-0.34783296953216813,-0.4378159644753133,401,289,112,0.007810690054608638,0.022968724143637265,0.015389707099122952,0.0075790170445143145,0.11399378075644417,-0.15276558099005666,-2.984208748264839e-05,-0.2584423998471187
30,120,0.0,1,-999.0,2.5,1,1,100,200,-0.026359645384792296,-0.006665165571887788,-0.5197684353986776,0.1550227419151285,538,390,148,0.06887307628661261,0.1539963594241271,0.11143471785536985,0.04256164156875724,0.6106554375919755,-0.208865444131079,9.913811291621026e-05,-0.25879824617547015
12,60,0.0,1,-999.0,2.5,1,1,100,200,-0.08084284255649865,-0.02088231035557131,-0.4866156387393634,0.10226187274664733,511,370,141,0.060565944067516135,0.13913619063379115,0.09985106735065365,0.03928512328313751,0.38864590453877157,-0.14535010094637624,9.018850504640689e-05,-0.25907703608792065
12,60,0.005,0,-999.0,0.75,1,1,100,200,-0.12236711584345938,-0.03214834912085873,-0.46292070735214197,0.07501413659651478,338,247,91,0.07009763362568261,0.15019030282972035,0.11014396822770148,0.04004633460201887,0.004942775889064777,0.03415509855650134,5.7736981229724444e-05,-0.25985799596710396
30,60,0.01,1,0.2,2.5,1,1,100,200,-0.14286089565308036,-0.037856425429355745,-0.43136334577251556,-0.12699523435992005,541,406,135,0.014132053615753764,0.03326162502068509,0.023696839318219427,0.009564785702465663,0.4259856440277874,-0.21215244439090952,0.00018293289820540037,-0.25988786003360953
12,60,0.0025,1,0.2,0.75,1,1,100,200,-0.24604084265188142,-0.06825960997321068,-0.3330224789794355,-0.5064231306758387,359,258,101,0.006685421148436207,0.020254840311103757,0.013470130729769983,0.006784709581333774,0.03868083497608099,-0.1313575345666803,-0.00011128195338587118,-0.26009200599672033
20,120,0.01,1,-999.0,1.5,1,1,100,200,-0.1515223200608916,-0.040299655720863026,-0.4379488601133765,-0.01681174203404306,432,326,106,0.05341717689889128,0.10637100777759391,0.0798940923382426,0.026476915439351316,0.10576510270785677,-0.047623632184754294,6.19332129618749e-05,-0.26011467287925344
12,96,0.01,1,0.2,1.5,1,1,100,200,-0.10735667317916342,-0.02803061006989327,-0.45607914353741996,-0.08951459002844181,509,376,133,0.012278669534999172,0.03054774118815158,0.021413205361575375,0.009134535826576204,0.4563118513158273,-0.2093593020639395,0.00021475963654664257,-0.26054591134002536
12,120,0.0,1,-999.0,2.5,1,1,100,200,-0.054509767736055204,-0.013934147788410622,-0.5066530207539385,0.13189373819789524,542,395,147,0.0682773456892272,0.1539963594241271,0.11113685255667714,0.042859506867449944,0.49742162854456606,-0.1719888544547694,9.348280879180142e-05,-0.2606659712554851
20,60,0.005,1,0.0,2.5,1,1,100,200,-0.039416201947159335,-0.0100167898794562,-0.5078792451678713,0.06110601751828276,716,529,187,0.021446301505874565,0.05110044679794804,0.0362733741519113,0.014827072646036736,0.8506633034170779,-0.25745265331026923,0.00026268963496141714,-0.2609011115874777
20,60,0.0,1,0.0,1.5,1,1,100,200,-0.06561200139425871,-0.016845633052652076,-0.489466177043853,0.011585482095661107,683,497,186,0.018368360086049976,0.04736058249213967,0.032864471289094824,0.014496111203044846,0.5938133217711585,-0.17502943157676398,0.00024452186059362917,-0.26099944746979553
20,96,0.01,1,-0.2,1.5,1,1,100,200,-0.16235345900008524,-0.04338137369060835,-0.4255339215369722,-0.10144238878565605,654,501,153,0.02674168459374483,0.05877875227535992,0.042760218434552376,0.016018533840807547,0.23420427323195003,-0.058709740352783646,0.00013784791853756607,-0.2612204538983773
48,120,0.0,1,0.2,0.75,1,1,100,200,-0.2343118152079381,-0.06465193754860754,-0.348311971859779,-0.45596942214392494,404,292,112,0.007976170776104585,0.023068012576534833,0.015522091676319709,0.007545920900215125,0.10730976685499471,-0.1536846078124091,-4.010088047735493e-05,-0.2616063945856933
48,60,0.0,1,0.0,0.75,1,1,100,200,-0.23109435194211458,-0.06366954075908826,-0.35718919405130956,-0.3901630626377628,430,314,116,0.010491477742842958,0.02823101108720834,0.01936124441502565,0.00886976667218269,0.06617787825433474,-0.10578891650907052,-3.059219576460108e-06,-0.2617722909166312
20,96,0.01,1,0.2,1.5,1,1,100,200,-0.12504925539246392,-0.03288967695162892,-0.4459501371841874,-0.12163102548275767,505,373,132,0.012113188813503227,0.030316068178057258,0.021214628495780243,0.009101439682277015,0.42480151613627837,-0.2094742567912713,0.00019224966337125143,-0.2619462968178605
30,120,0.0,1,-999.0,999.0,1,1,100,200,-0.09349949217395448,-0.024275066663610456,-0.48691506654732086,0.1154899805435468,518,380,138,0.0761873241767334,0.16713552871090517,0.12166142644381929,0.045474102267085884,0.3908894134791001,-0.1555268399661045,8.16222315941706e-05,-0.2619581009100935
20,120,0.01,1,0.0,2.5,1,1,100,200,-0.09687965714731983,-0.02518716166653534,-0.4717263166806869,-0.01877013859925388,716,539,177,0.022538474267747806,0.0515306966738375,0.03703458547079265,0.014496111203044846,0.6150099240119367,-0.20000598781249213,0.00022056737339276649,-0.26198882693684145
48,96,0.01,1,-999.0,2.5,1,1,100,200,-0.12860292249400418,-0.033874518402743914,-0.4601120600715862,0.038289286448237564,458,346,112,0.06566275028959126,0.12629488664570576,0.09597881846764852,0.030316068178057258,0.3449192069570617,-0.18529907157768422,7.119903399028827e-05,-0.26201608411612515
20,120,0.0,1,-999.0,1.5,1,1,100,200,-0.04227500831051678,-0.01075519939746683,-0.5151345927980564,0.12479815647326246,511,371,140,0.055800099288432894,0.1302002316730101,0.0930001654807215,0.0372000661922886,0.3658829970392683,-0.09464832059668693,0.00010128407581820356,-0.2620825879728319
48,120,0.01,1,0.0,1.5,1,1,100,200,-0.11390561357031292,-0.02982071450832613,-0.45866113590982427,-0.06785081032219663,644,475,169,0.018401456230349163,0.0448121793811021,0.031606817805725634,0.01320536157537647,0.46856142447569793,-0.16734390655499232,0.00020227549565872562,-0.2625438229793481
48,96,0.0,1,0.2,0.75,1,1,100,200,-0.22712093789988785,-0.062460571232469175,-0.3569026125062227,-0.4370110613795383,394,285,109,0.007810690054608638,0.022637762700645374,0.015224226377627006,0.007413536323018368,0.12101657256670695,-0.16039132314561155,-3.443152586331826e-05,-0.26276243055455745
12,200,0.01,1,-0.2,1.5,1,1,100,200,-0.13794107460961413,-0.036476865512883316,-0.44875195455465866,-0.05460989950665203,765,580,185,0.030680125765348336,0.06748303822604666,0.0490815819956975,0.018401456230349163,0.3691123614508627,-0.07688237357445415,0.00016505383663196335,-0.26358333776554527
30,60,0.0025,1,0.2,0.75,1,1,100,200,-0.2570609440439021,-0.07168776804005184,-0.32966218478760245,-0.5429883110231969,336,240,96,0.006089690551050802,0.019195763693529704,0.012642727122290254,0.006553036571239451,0.02380477927882718,-0.14154851458515516,-0.00016375328507100913,-0.2636682759850129
20,120,0.0,0,-999.0,0.75,1,1,100,200,-0.019021691915650396,-0.004796275425705265,-0.5370082067642212,0.1916590415717582,384,269,115,0.08492470627171934,0.18805229190799272,0.13648849908985602,0.05156379281813669,0.26878988201582077,-0.06313914950648258,8.20236378161887e-05,-0.263717426729228
30,200,0.0025,1,-999.0,2.5,1,1,100,200,-0.00900067788406056,-0.00226089599096424,-0.5401712766875093,0.16680826267865456,563,403,160,0.08029124606983286,0.1716366043355949,0.12596392520271388,0.04567267913288102,0.6909521705990656,-0.22334792984422847,9.294633837632466e-05,-0.26400612120078615
48,120,0.01,1,0.0,2.5,1,1,100,200,-0.11104089926144878,-0.0290364498353326,-0.4664528952579634,-0.03797058989774839,731,545,186,0.02243918583485024,0.05255667714711236,0.0374979314909813,0.015058745656131061,0.6010551361740006,-0.19970551834741523,0.00021151482173431798,-0.26416142695920175
48,96,0.01,1,0.2,1.5,1,1,100,200,-0.1348260344279968,-0.03560643041609968,-0.44357459721507797,-0.13852236079179486,518,382,136,0.012146284957802416,0.031077279496938608,0.02161178222737051,0.009465497269568095,0.4033612835287004,-0.2011884195550946,0.00018287787395015765,-0.2643198470632284
12,120,0.01,1,0.2,1.5,1,1,100,200,-0.11476793188896706,-0.030057161088171802,-0.4594601608287122,-0.10002126716686999,527,389,138,0.012543438689392686,0.03154062551712725,0.02204203210325997,0.009498593413867284,0.4723044165879642,-0.21742721991592018,0.00020987365276616348,-0.2647883048608714
12,120,0.0,1,0.2,0.75,1,1,100,200,-0.224536473470768,-0.061676708778358735,-0.36484276223995926,-0.42809477852229205,411,293,118,0.007777593910309449,0.023332781730928346,0.015555187820618897,0.007777593910309449,0.1434149456467817,-0.16703386219353744,-1.6194328438433925e-05,-0.265502828824453
48,96,0.0,1,-999.0,2.5,1,1,100,200,-0.03446026621704501,-0.008740600814306165,-0.5286423733613259,0.1486842755432472,538,393,145,0.0698328644712891,0.1524408406420652,0.11113685255667714,0.04130398808538805,0.5903441026188123,-0.20542759272975764,9.851560620040536e-05,-0.26562757371780676
12,120,0.01,1,-0.2,1.5,1,1,100,200,-0.1606940667564306,-0.042907306616908225,-0.4361621054450695,-0.09356585902423438,695,533,162,0.02816481879860996,0.061724309117987756,0.04494456395829886,0.016779745159688896,0.26099572769385393,-0.057759532492266064,0.00014501226519105743,-0.26566665229065467
20,96,0.005,1,0.0,0.75,1,1,100,200,-0.2214563936700792,-0.06074508092783326,-0.37313239295123446,-0.37634381665483424,433,313,120,0.010557670031441337,0.028032434221413206,0.01929505212642727,0.008737382094985934,0.11150021589317483,-0.13019547946258192,1.1705206743221508e-05,-0.2661284682361922
20,60,0.01,1,-0.2,1.5,1,1,100,200,-0.13280981063226094,-0.035044289080732205,-0.45614496847773933,-0.06265426742582181,605,462,143,0.024921396657289426,0.05411219592917425,0.03951679629323184,0.014595399635942414,0.3193340388891195,-0.11045786566367144,0.00015439031551241916,-0.266249486690893
48,96,0.01,1,-999.0,1.5,1,1,100,200,-0.16248214492594637,-0.04341816701483836,-0.443110907108746,-0.02789178101920555,433,328,105,0.0536488499089856,0.10706602680787689,0.08035743835843125,0.02670858844944564,0.1133907764007458,-0.06589709067194127,5.818445065304986e-05,-0.26636820962017166
12,60,0.0025,1,0.0,1.5,1,1,100,200,-0.09730613547741351,-0.025302423202715918,-0.47862342368732336,-0.03677426098955011,675,493,182,0.01820287936455403,0.04673175575045507,0.03246731755750455,0.014264438192950521,0.5008018056306758,-0.1569988044340097,0.00022017892183361985,-0.2664528480958551
30,96,0.0,1,0.2,0.75,1,1,100,200,-0.23040990502140535,-0.06346095437626509,-0.3613173601183667,-0.44812985435426034,385,275,110,0.0072811517458216115,0.022240608969055106,0.014760880357438359,0.0074797286116167466,0.11251504417431613,-0.1613588426744802,-4.857853466674451e-05,-0.26652612715316143
12,120,0.0,1,-999.0,999.0,1,1,100,200,-0.1104447660009179,-0.0288734863524982,-0.48638880404899965,0.10191485608934835,521,385,136,0.07572397815654476,0.1674002978652987,0.12156213801092172,0.04583815985437697,0.3079469914038353,-0.11743889986730971,7.82911751705174e-05,-0.26697214557253063
20,120,0.01,1,-999.0,2.5,1,1,100,200,-0.17307347154934494,-0.04646102956413123,-0.4424217579310561,-0.010777501788034907,453,341,112,0.0646698659606156,0.12550057918252525,0.09508522257157041,0.030415356610954822,0.24355382555015082,-0.16594510206160273,5.658157474536643e-05,-0.26821078361906103
20,120,0.01,1,-999.0,999.0,1,1,100,200,-0.210838695238189,-0.05755458873993646,-0.4192850678904857,-0.0224478049601945,435,330,105,0.07152076783054774,0.1368525566771471,0.10418666225384743,0.03266589442329969,0.13874803873817454,-0.13856837295006275,4.607538349682379e-05,-0.26831951293318906
30,120,0.01,1,0.0,2.5,1,1,100,200,-0.11625533155088219,-0.03046541026259275,-0.47108024538972326,-0.04711042591452536,716,537,179,0.022339897401952673,0.05139831209664074,0.03686910474929671,0.014529207347344034,0.5773885389583657,-0.1984983281173569,0.00020699983082955102,-0.26836105425318063
20,120,0.0,1,0.2,0.75,1,1,100,200,-0.24107597249956625,-0.06672739128145722,-0.35719727194249484,-0.4716629076900025,408,292,116,0.00774449776601026,0.0231673010094324,0.015455899387721331,0.00771140162171107,0.1114877378498278,-0.16264068157870282,-4.942587456658796e-05,-0.26890917263720476
30,60,0.0025,1,0.0,2.5,1,1,100,200,-0.09138950698088599,-0.023707005450636642,-0.4899230206897037,-0.009197076536202277,726,536,190,0.021181532351481052,0.052490484858513986,0.03683600860499752,0.015654476253516465,0.6458193822543021,-0.20624970873175807,0.00022433988126513747,-0.26912836962229864
48,96,0.0,1,-999.0,999.0,1,1,100,200,-0.09602072230957726,-0.024955146699109698,-0.4997548404741746,0.11377717098806038,517,381,136,0.07708092007281152,0.16531524077444978,0.12119808042363064,0.044117160350819126,0.38174290141726197,-0.1527249219177299,8.200780609351895e-05,-0.26914370838679397
30,200,0.01,0,-999.0,0.75,1,1,100,200,-0.08465531512259228,-0.021900580703436923,-0.5074304597394583,0.12934566098577188,338,246,92,0.09078272381267583,0.17233162336587787,0.13155717358927685,0.040774449776601024,0.0076853230754658775,0.07565711307501077,6.576899593638914e-05,-0.26914852752387747
12,60,0.0,1,-999.0,999.0,1,1,100,200,-0.14036617841323762,-0.03715614564473291,-0.47250541156467973,0.06857133296081144,490,360,130,0.06784709581333774,0.1523746483534668,0.11011087208340228,0.042263776270064536,0.20571706333879125,-0.08904516660777528,7.253177906394091e-05,-0.2699802847790322
48,96,0.01,1,-999.0,999.0,1,1,100,200,-0.19003051849068253,-0.051394155530005925,-0.43770942851190675,0.0009076998063738339,439,334,105,0.07248055601522423,0.13761376799602845,0.10504716200562635,0.03256660599040212,0.19893530058833964,-0.15855761045868,5.3053435173709874e-05,-0.2702034847956406
12,120,0.0,1,0.0,0.75,1,1,100,200,-0.2636964775665893,-0.0737703914586747,-0.34826185646387486,-0.4465596465610495,509,370,139,0.012510342545093497,0.032698990567598875,0.022604666556346187,0.01009432401125269,0.022097925903866278,-0.07077698478101824,-3.287279571512349e-06,-0.27022930201866463
48,200,0.005,1,0.2,0.75,1,1,100,200,-0.24267931455688208,-0.06722137829547536,-0.35859518279100566,-0.4810278671199025,421,312,109,0.008969055105080259,0.023465166308125104,0.016217110706602682,0.007248055601522423,0.12455420163913966,-0.1687315883239352,-4.3478674979944e-05,-0.27057036304697335
30,120,0.01,1,-999.0,1.5,1,1,100,200,-0.17091359779153426,-0.04583814140342557,-0.4462861858803927,-0.03921082972241101,436,328,108,0.053185503888796955,0.10752937282806553,0.08035743835843125,0.027171934469634288,0.12132349049955593,-0.08046397986612641,5.491248098661048e-05,-0.2709417758297425
48,96,0.01,0,-999.0,0.75,1,1,100,200,-0.11559986769256847,-0.030285440525301355,-0.4913140953566285,0.09692227194797427,315,228,87,0.08118484196591097,0.15598212808207843,0.11858348502399471,0.037398643058083735,0.05085456743447225,-0.0147993955133503,6.034616489285353e-05,-0.2710963746062169
30,200,0.005,0,-999.0,0.75,1,1,100,200,-0.13109296282739358,-0.034566388314998475,-0.48552500905321194,0.09642784431276166,373,266,107,0.09538308787026312,0.19692205858017542,0.14615257322521927,0.05076948535495615,0.07273538150307113,-0.023894216150989522,5.351178263461024e-05,-0.27250750062596635
30,200,0.0025,1,-999.0,999.0,1,1,100,200,-0.07320861523159827,-0.01885277080631176,-0.5207705400141449,0.12864254590904686,543,394,149,0.08770478239285123,0.1853384080754592,0.13652159523415522,0.048816812841303986,0.46615098681487743,-0.1706387684598799,7.81467212898222e-05,-0.2728059135179319
48,96,0.01,1,-0.2,1.5,1,1,100,200,-0.1779694083578578,-0.047877502637315716,-0.4382328309651601,-0.1220748524114586,690,530,160,0.027205030613933475,0.060896905510508026,0.04405096806222075,0.016845937448287274,0.23421398834045015,-0.059483146353149885,0.0001333587871758783,-0.2730976607404687
20,96,0.005,1,0.2,0.75,1,1,100,200,-0.25418313784236346,-0.07078887552062851,-0.3516288391879465,-0.5351270753646783,358,256,102,0.006685421148436207,0.020254840311103757,0.013470130729769983,0.006784709581333774,0.0774943361055771,-0.17210481729665683,-0.0001309330355738898,-0.2733596488828357
12,96,0.01,0,-999.0,0.75,1,1,100,200,-0.1542349311615916,-0.04106867776262613,-0.47030385531921803,0.048408479050701274,322,238,84,0.07502895912626178,0.14446466986596063,0.1097468144961112,0.034717855369849414,-0.0599328764399798,0.0568899724596601,5.077107519970723e-05,-0.2738001814697001
48,60,0.005,1,0.2,0.75,1,1,100,200,-0.2417213415336381,-0.06692613423903326,-0.36422405196850993,-0.5025071400827769,328,235,93,0.005990402118153235,0.018699321529041867,0.012344861823597552,0.006354459705444316,0.10093613255482392,-0.188462085323145,-0.00013932472715665254,-0.27416351722742704
30,60,0.01,0,-999.0,0.75,1,1,100,200,-0.1868276771813867,-0.05045649680504105,-0.4488833977896003,0.013850007975625555,302,221,81,0.07092503723316233,0.13698494125434388,0.1039549892437531,0.033029952010590766,-0.06379603985209858,0.010199109943409779,4.06334669418703e-05,-0.2742056953010599
48,60,0.005,1,0.0,1.5,1,1,100,200,-0.08128465070473545,-0.02100015016684642,-0.5052775587249944,-0.017032485373288664,632,463,169,0.016978322025484032,0.04431573721661426,0.03064702962104915,0.013668707595565117,0.5651437031007109,-0.19481044780771606,0.00022698067537512632,-0.274490553798008
30,200,0.0025,1,-999.0,1.5,1,1,100,200,-0.06678862819920639,-0.017155712671724666,-0.5244605327495887,0.09662165275358013,539,388,151,0.06609300016548073,0.1479066688730763,0.1069998345192785,0.040906834353797786,0.38194581742548617,-0.11577937729870491,8.408167199023736e-05,-0.27455489640884
12,96,0.005,1,0.2,0.75,1,1,100,200,-0.2477808655852336,-0.06879839192064974,-0.3605787982013282,-0.517176918048355,362,261,101,0.007016382591428099,0.020387224888300512,0.013701803739864305,0.006685421148436207,0.08929988577585934,-0.17239352845781886,-0.00011290958245809957,-0.2749466369237316
20,200,0.01,1,-0.2,2.5,1,1,100,200,-0.1588743781138403,-0.04238825195875828,-0.4600648458256471,-0.05664423127566706,862,659,203,0.036968393182194276,0.07800761211318881,0.05748800264769154,0.02051960946549727,0.48208969146084235,-0.12659814826703253,0.00016087111476255697,-0.27525288643536516
20,120,0.01,1,0.2,1.5,1,1,100,200,-0.1490228599684651,-0.039592691575709216,-0.45629449359833496,-0.16254136607481018,524,387,137,0.012311765679298361,0.03137514479563131,0.021843455237464834,0.009531689558166474,0.4139541562797566,-0.2178389685401635,0.00016764561128217428,-0.2758670066786172
20,60,0.0025,1,0.2,0.75,1,1,100,200,-0.27121934080406374,-0.0761485994976443,-0.34243699945783546,-0.5822629753999966,342,245,97,0.006089690551050802,0.01939434055932484,0.01274201555518782,0.006652325004137018,0.019738302098141425,-0.15200940564660725,-0.00018971705302248148,-0.27648024799656185
48,60,0.01,1,-0.2,2.5,1,1,100,200,-0.18196922460711606,-0.0490394151539425,-0.44583590027435127,-0.10354607241429142,708,548,160,0.03064702962104915,0.06513321198080424,0.047890120800926694,0.017243091179877545,0.30334732586726254,-0.10568982499688195,0.00013392707350738304,-0.2771346689118327
30,120,0.01,1,-999.0,2.5,1,1,100,200,-0.16654880821906948,-0.044583079103030165,-0.46560131628573254,-0.0024875694822844305,458,344,114,0.06496773125930828,0.12705609796458714,0.0960119146119477,0.031044183352639417,0.31576732301596566,-0.20351173155160895,5.893026445008835e-05,-0.27750811572001066
48,120,0.0,1,-999.0,1.5,1,1,100,200,-0.07326933407322833,-0.018868863222994747,-0.5273149382246005,0.09988640717777547,522,379,143,0.059142809862651004,0.1359258646367698,0.0975343372497104,0.03839152738705941,0.4167008142572244,-0.15071276284953794,9.185647110909361e-05,-0.27753201197640626
12,200,0.0,1,0.2,0.75,1,1,100,200,-0.2567844335607945,-0.07160128581803349,-0.3626760701721188,-0.5040359766160413,452,328,124,0.009101439682277015,0.02518616581168294,0.017143802746979978,0.008042363064702962,0.11237156099943757,-0.16239353863397887,-4.268829974728586e-05,-0.27814111973489497
30,120,0.01,1,-0.2,1.5,1,1,100,200,-0.1808120104651566,-0.0487028172669165,-0.44748733788232253,-0.1251371512306554,693,529,164,0.027138838325335098,0.06122786695349992,0.04418335263941751,0.01704451431408241,0.24397774831419516,-0.06869564115764681,0.0001319183001982526,-0.27870334376961053
30,120,0.01,1,0.2,1.5,1,1,100,200,-0.15236754039226452,-0.04053907676549273,-0.4595432912757945,-0.16878868388893095,525,386,139,0.012245573390699984,0.03137514479563131,0.021810359093165647,0.009564785702465663,0.40868709969567596,-0.21760898653232275,0.00016400603386228013,-0.27875015659783653
12,120,0.005,1,-999.0,1.5,1,1,100,200,-0.1392281036846117,-0.036837188246192865,-0.4847485797572202,0.0052959578495979055,476,354,122,0.05573390699983452,0.12013900380605659,0.08793645540294556,0.032202548403111035,0.16872115922429987,-0.06553054945468006,6.707517343518538e-05,-0.27894668023232305
20,120,0.01,1,-0.2,1.5,1,1,100,200,-0.18713904531184822,-0.05054753082288077,-0.44396442050159457,-0.13396828370341554,690,529,161,0.02753599205692537,0.06122786695349992,0.04438192950521264,0.016845937448287274,0.23932988119178455,-0.0738135807278475,0.00012709735201123012,-0.2792281552588488
48,60,0.005,1,0.0,0.75,1,1,100,200,-0.23862318920946268,-0.06597320454846267,-0.3844826013609425,-0.4217151029536038,397,289,108,0.009564785702465663,0.02584808869766672,0.01770643720006619,0.00814165149760053,0.09649165963506334,-0.1531171727597903,-3.979626598384432e-05,-0.2793002603766141
20,200,0.01,1,0.2,1.5,1,1,100,200,-0.1401002143929665,-0.03708157810199042,-0.47105084016501675,-0.1421684545315107,571,422,149,0.01353632301836836,0.033791163329472115,0.023663743173920237,0.010127420155551878,0.5034765889399879,-0.23901998150624948,0.000190268651668594,-0.2797154209110743
48,120,0.01,1,-999.0,2.5,1,1,100,200,-0.1730956604941679,-0.0464674349820946,-0.46622838340385386,-0.0031906711353641357,471,354,117,0.06721826907165315,0.13182194274367037,0.09952010590766176,0.0323018368360086,0.37462738565439957,-0.23867129021649724,5.821812687435474e-05,-0.27974116024078977
20,96,0.0025,1,0.0,0.75,1,1,100,200,-0.2660276424835959,-0.07450538876377089,-0.3634783449541723,-0.4763959272695775,448,323,125,0.010590766175740526,0.02905841469468807,0.019824590435214298,0.00923382425947377,0.03714857179882913,-0.11458877619428887,-4.6149374087261176e-05,-0.2800643576043359
12,60,0.01,1,-999.0,2.5,1,1,100,200,-0.2103663115354325,-0.05741339259419731,-0.4425589890015338,-0.06396255816529949,425,321,104,0.05881184841965911,0.11255998676154227,0.0856859175906007,0.026874069170941584,0.12644428445484723,-0.1329850027740016,4.2275226973485116e-05,-0.28189101500322916
48,200,0.005,1,0.0,1.5,1,1,100,200,-0.08198286485791795,-0.02118646566689175,-0.521622908192634,-0.00517618020079717,825,602,223,0.022737051133542942,0.056627502895912625,0.03968227701472778,0.01694522588118484,0.678193120765481,-0.17358131778564956,0.00023881479359701496,-0.28225672877324864
30,96,0.005,1,0.0,1.5,1,1,100,200,-0.09876750095547537,-0.025697686850659096,-0.5101945840444857,-0.03993943966380947,680,499,181,0.01846764851894754,0.047327486347840474,0.03289756743339401,0.014429918914446466,0.5593441501491623,-0.18793289211277053,0.00021762861458846444,-0.28279195085609243
20,60,0.01,1,0.2,2.5,1,1,100,200,-0.1569703788079464,-0.04184604865010866,-0.4670529513625101,-0.14956935620666115,547,412,135,0.014363726625848089,0.03355949031937779,0.02396160847261294,0.009597881846764852,0.4602328026688989,-0.241020615124664,0.0001685736631593776,-0.2828509921416968
48,120,0.0,1,-999.0,2.5,1,1,100,200,-0.06683937686076424,-0.01716909319424742,-0.5442268409753025,0.1246619636187143,549,399,150,0.07274532516961774,0.1597219923878868,0.11623365877875227,0.04348833360913454,0.6400926201032373,-0.25125889039868154,8.943701380116578e-05,-0.28304941550096296
48,120,0.0,0,-999.0,0.75,1,1,100,200,-0.06985047438287839,-0.01796398514736597,-0.5465947054622644,0.1579352594834838,384,267,117,0.09035247393678636,0.19645871255998676,0.14340559324838656,0.0530531193116002,0.21109245743508676,-0.0693618256421129,7.089521390402625e-05,-0.283364574904324
12,60,0.0025,1,0.0,2.5,1,1,100,200,-0.11044973050832252,-0.02887484314956501,-0.5059276014392136,-0.032897559029633164,765,566,199,0.022703954989243755,0.05480721495945722,0.038755584974350485,0.016051629985106734,0.6538227089452464,-0.21142913532031427,0.0002152316409377443,-0.28348352182065345
12,96,0.005,1,0.0,0.75,1,1,100,200,-0.2546420227319275,-0.07093203531814352,-0.3801765641723647,-0.4527008248125859,444,323,121,0.011120304484527553,0.02859506867449942,0.019857686579513485,0.008737382094985934,0.0668035958475448,-0.1275954551792804,-3.20757501433358e-05,-0.28365535864495517
30,96,0.0,1,-999.0,1.5,1,1,100,200,-0.11042485255210466,-0.028868044075246457,-0.515449292290101,0.057349917516403635,501,365,136,0.05331788846599371,0.12454079099784875,0.08892933973192123,0.03561145126592752,0.19198942265866803,-0.04119958324630535,8.383295759955471e-05,-0.28372519434447674
48,120,0.01,1,0.2,1.5,1,1,100,200,-0.17215161630638298,-0.046195025794149025,-0.4552647518212608,-0.20574982900393093,532,390,142,0.012311765679298361,0.03190468310441834,0.022108224391858347,0.009796458712559986,0.3873111029697842,-0.22137531972572067,0.00014050471311440873,-0.28411489315497596
20,120,0.0,1,-999.0,2.5,1,1,100,200,-0.09307928392025078,-0.024161857021656297,-0.53081303781866,0.09714694273605985,539,391,148,0.06824424954492801,0.15277180208505708,0.11050802581499256,0.042263776270064536,0.5113477114137817,-0.21426416078359511,8.442403102376214e-05,-0.2847110287941833
20,60,0.0,1,0.0,2.5,1,1,100,200,-0.09368518759620204,-0.024325107992105077,-0.5199486611531532,-0.008708853254248855,780,570,210,0.02247228197914943,0.05576700314413371,0.03911964256164157,0.01664736058249214,0.7259576427178458,-0.22434936853667353,0.00022734622089327366,-0.2847348812313941
20,96,0.005,1,0.0,1.5,1,1,100,200,-0.10774780250246385,-0.0281372454386003,-0.508105732561114,-0.05468219135326607,678,496,182,0.018434552374648354,0.04709581333774615,0.032765182856197256,0.0143306304815489,0.5555229726874786,-0.19485547330607111,0.00021061659958435133,-0.2849242212868206
48,200,0.01,1,0.2,2.5,1,1,100,200,-0.1511982268461064,-0.04020789899046506,-0.47739124887787243,-0.1271809338533138,683,510,173,0.01701141816978322,0.040906834353797786,0.0289591262617905,0.011947708092007282,0.5793940233009776,-0.2437516436940914,0.0002030730253362641,-0.28526257012206696
30,200,0.01,1,0.2,1.5,1,1,100,200,-0.1547460898203752,-0.0412137976130611,-0.47187099962223766,-0.16819691477393914,583,431,152,0.013767996028462685,0.034287605493959955,0.024027800761211318,0.010259804732748635,0.4877079795484607,-0.23950213822357924,0.00017696529366349392,-0.2855591431628769
30,60,0.01,1,-0.2,2.5,1,1,100,200,-0.1948971129152488,-0.05282422666160802,-0.45445778320137964,-0.12394269057482164,682,527,155,0.030051299023663745,0.06314744332285288,0.04659937117325832,0.016548072149594573,0.2940671474798291,-0.12496378717822731,0.00012231380077073486,-0.28625025279103894
12,96,0.01,1,-0.2,1.5,1,1,100,200,-0.1898784669064506,-0.051349578362857695,-0.4560238372135281,-0.14041051135349453,668,515,153,0.027569088201224556,0.05960615588283965,0.043587622042032106,0.016018533840807547,0.2145396541444129,-0.0684007941124134,0.00012190691756841405,-0.2863820225372965
20,120,0.0,1,-999.0,999.0,1,1,100,200,-0.14063614253408274,-0.037231852373086904,-0.5058390261459769,0.07463790577843181,520,382,138,0.07545920900215125,0.1658116829389376,0.12063544597054443,0.04517623696839318,0.3289536340357122,-0.1612895402272102,7.161929971280841e-05,-0.28641947015715374
48,200,0.005,1,0.0,2.5,1,1,100,200,-0.07457034885071412,-0.01921386342146647,-0.5374418405039141,0.02438558628568046,927,684,243,0.02746979976832699,0.06546417342379612,0.046466986596061556,0.018997186827734568,0.8751949073835743,-0.21540989167239566,0.0002444454976211964,-0.2867155043591395
48,60,0.01,1,0.2,2.5,1,1,100,200,-0.17238764014892327,-0.046263109941571345,-0.4634161800485973,-0.17708778466115394,554,416,138,0.014165149760052953,0.03389045176236968,0.024027800761211318,0.009862651001158365,0.4053916765107466,-0.2231105081123178,0.00015211072800857623,-0.2868255891989277
30,60,0.005,1,0.2,1.5,1,1,100,200,-0.16463268288411925,-0.04403366766902195,-0.4664128521718872,-0.19405939226308414,517,375,142,0.0115836505047162,0.03130895250703293,0.021446301505874565,0.009862651001158365,0.42577861273166673,-0.24121526845895291,0.00014396256457923832,-0.28694306336811976
30,120,0.01,1,-999.0,999.0,1,1,100,200,-0.23019240102910588,-0.06339469877758397,-0.4434264612244807,-0.042029667908011756,440,333,107,0.07188482541783882,0.13847426774780738,0.10517954658282311,0.03329472116498428,0.1661255609987733,-0.17736807647599062,4.0475189466789013e-05,-0.2872094127852249
12,200,0.01,1,-0.2,2.5,1,1,100,200,-0.19025657026869525,-0.05146043903066877,-0.46291431749942036,-0.09830525747300656,860,657,203,0.036637431739202385,0.07787522753599206,0.05725632963759722,0.02061889789839484,0.42469912691841505,-0.12618880569592628,0.00014453099285840777,-0.2878328606540293
30,200,0.0025,0,-999.0,0.75,1,1,100,200,-0.1485804458214396,-0.03946771837641805,-0.5061715819159645,0.08599007555954499,391,275,116,0.09654145292073474,0.20589111368525567,0.1512162833029952,0.05467483038226047,0.06883746378581002,-0.03137035441394331,5.0606513768154765e-05,-0.288254005556423
12,120,0.005,1,0.0,1.5,1,1,100,200,-0.11421349067436215,-0.02990511420901154,-0.510887896587503,-0.06065958989093339,714,523,191,0.019626013569419162,0.04954492801588615,0.03458547079265266,0.014959457223233493,0.5553058040603887,-0.1860547882170095,0.00020891541785460517,-0.2883820419973097
30,96,0.005,1,0.2,0.75,1,1,100,200,-0.26138300944783655,-0.07304269645318728,-0.37607758383707857,-0.5474229044119235,360,258,102,0.006718517292735396,0.020420321032599702,0.013569419162667549,0.006850901869932153,0.10218107542661858,-0.19765915737794826,-0.00014271368656984111,-0.28845263359232276
12,200,0.01,1,0.2,1.5,1,1,100,200,-0.16568794350040128,-0.04433612597757919,-0.46937531217451633,-0.18913467604370734,571,422,149,0.013370842296872415,0.03375806718517293,0.023564454741022672,0.010193612444150256,0.4471146263495793,-0.23290761909687452,0.00016087362286702222,-0.2884805158670227
48,120,0.005,1,0.2,0.75,1,1,100,200,-0.26371657918406266,-0.0737767218733999,-0.37447430972768503,-0.5521020985997851,373,269,104,0.007115671024325666,0.021016051629985107,0.014065861327155387,0.006950190302829721,0.09464898616634287,-0.1894378522815714,-0.00013313364861926343,-0.28861898166723166
30,96,0.01,1,-999.0,1.5,1,1,100,200,-0.20877483236089522,-0.05693816279967567,-0.4552033574446972,-0.09062326671705648,426,323,103,0.05149760052953831,0.10253185503888797,0.07701472778421314,0.02551712725467483,-0.0006327694087601143,-0.020278030614735765,3.961750205302895e-05,-0.2890710048578771
48,60,0.0025,1,0.0,0.75,1,1,100,200,-0.2776873837214585,-0.07820810502302511,-0.37106396002892916,-0.5110369662158103,410,300,110,0.009730266423961608,0.026807876882343207,0.01826907165315241,0.0085388052291908,0.020690970637780692,-0.13127251615830526,-9.418159305505435e-05,-0.2892919333482802
30,120,0.005,1,0.2,0.75,1,1,100,200,-0.26530308977853867,-0.0742767559974219,-0.37469356700009204,-0.556496525922259,372,268,104,0.0070825748800264765,0.020982955485685916,0.014032765182856198,0.006950190302829721,0.0917441403321464,-0.1894378522815714,-0.00013753466938236567,-0.28944836579358085
20,200,0.01,0,-999.0,0.75,1,1,100,200,-0.13886379186496367,-0.03673515283115536,-0.5140195483039065,0.08240601563663547,340,249,91,0.08846599371173258,0.16908820122455734,0.12877709746814497,0.04031110375641238,-0.04880551600338878,0.07312682930879943,5.480518515753787e-05,-0.2896246262012768
30,96,0.01,1,-0.2,2.5,1,1,100,200,-0.1986761842756919,-0.05393920067965807,-0.4594658087125989,-0.12092421306389246,759,586,173,0.032533509846102926,0.06927023001820289,0.050901869932152906,0.018368360086049976,0.3312501606334335,-0.12015868689179876,0.00013001926149303856,-0.28971831568915213
12,60,0.0,1,-999.0,1.5,1,1,100,200,-0.14690355478946926,-0.03899447149735258,-0.5034346179594564,0.017168732524062917,487,355,132,0.04918087042859507,0.11841800430249876,0.08379943736554692,0.034618566936951846,0.1903000160488637,-0.08563657513903167,7.343321366748339e-05,-0.28985334385087763
12,120,0.005,1,0.2,0.75,1,1,100,200,-0.2603870766252082,-0.07272995457811804,-0.38131210464191845,-0.5422586485269036,377,271,106,0.007148767168624855,0.021115340062882675,0.014132053615753764,0.006983286447128909,0.11051584313416618,-0.19579880322208099,-0.0001221968348602979,-0.2904989393254224
30,96,0.0,1,0.0,0.75,1,1,100,200,-0.2731255312536548,-0.07675412540302218,-0.38080257009209284,-0.48067486654021896,473,346,127,0.011716035081912957,0.03064702962104915,0.021181532351481052,0.009465497269568095,0.03258005738696612,-0.10819066757313822,-3.874170189899679e-05,-0.29118915377607957
30,96,0.01,1,-999.0,2.5,1,1,100,200,-0.23442047118827214,-0.0646851677500675,-0.44501568198255004,-0.08442292790997664,449,338,111,0.06288267416845937,0.12139665728942578,0.09213966572894258,0.029256991560483205,0.10372099373193389,-0.13173058547452554,3.595964218418887e-05,-0.2914141551368413
30,200,0.0,1,0.2,0.75,1,1,100,200,-0.2757364687139757,-0.07758545821967622,-0.3724496123032329,-0.5552500396758723,460,338,122,0.009664074135363231,0.02555022339897402,0.017607148767168623,0.007943074631805394,0.09286723967733579,-0.16585428847391115,-7.047449069780448e-05,-0.2915727663550863
12,60,0.01,1,-0.2,2.5,1,1,100,200,-0.19325557480493905,-0.052341130640979894,-0.46782830763716965,-0.11698913614678186,716,555,161,0.031871586960119144,0.06549726956809532,0.04868442826410723,0.016812841303988087,0.3340204033430023,-0.13485319584748245,0.00012892854481770836,-0.29210474126690383
12,200,0.01,0,-999.0,0.75,1,1,100,200,-0.15620436898453194,-0.04162817040347555,-0.5082349713951299,0.0660675331707587,341,250,91,0.08691047492967069,0.16687075955651168,0.12689061724309117,0.03998014231342049,-0.06933573879341337,0.07525126655111158,5.124699429104953e-05,-0.29244227944250256
12,120,0.005,1,0.0,0.75,1,1,100,200,-0.2679149112679997,-0.07510171220182182,-0.3872519565083987,-0.47561911615559616,463,336,127,0.011418169783220255,0.029621049147774286,0.02051960946549727,0.009101439682277015,0.06650137271647294,-0.1347044742142678,-3.891546561814821e-05,-0.292508646263801
48,96,0.005,1,0.2,0.75,1,1,100,200,-0.2634391453888528,-0.07368936368147538,-0.3827200748610179,-0.552182417084284,364,263,101,0.007016382591428099,0.020651994042694025,0.013834188317061062,0.006817805725632964,0.09885148486177164,-0.19586123726877447,-0.0001422248252611768,-0.2926585219661985
20,200,0.0,1,0.2,0.75,1,1,100,200,-0.2759246735024756,-0.07764547012704859,-0.3741464706080839,-0.558801929384081,450,329,121,0.009200728115174582,0.025020685090186994,0.017110706602680787,0.007909978487506205,0.09144635246941157,-0.1691510973966165,-7.935693641252204e-05,-0.2926588019002946
20,60,0.0025,1,0.0,1.5,1,1,100,200,-0.13695070901475337,-0.036199872546294976,-0.5032173484871306,-0.10193320976484792,651,475,176,0.017309283468475923,0.04497766010259805,0.031143471785536985,0.013834188317061062,0.49546184316028286,-0.2007944888696076,0.00018578505903288397,-0.2929052072781027
48,120,0.01,1,-999.0,999.0,1,1,100,200,-0.24602322018778466,-0.06825415811108704,-0.44407954847117537,-0.052556989215469384,453,343,110,0.07413536323018369,0.14324011252689062,0.10868773787853715,0.034552374648353465,0.20268498341487584,-0.21368170031767697,3.745769880017635e-05,-0.2929217818074482
30,60,0.005,1,-0.2,1.5,1,1,100,200,-0.16717554987588557,-0.04476299050986021,-0.4856446269870174,-0.10777589907878696,662,494,168,0.024921396657289426,0.05967234817143803,0.04229687241436373,0.0173754757570743,0.328792599181879,-0.12726239499934977,0.00013504056376266292,-0.29297409895730825
12,60,0.01,1,-999.0,999.0,1,1,100,200,-0.2574830231498826,-0.07181982526689523,-0.4340565712469793,-0.08442734668600446,406,310,96,0.06549726956809532,0.12387886811186496,0.09468806883998014,0.029190799271884827,0.017335800387105582,-0.10581807319825087,2.7842271597236978e-05,-0.2930694782246851
30,96,0.01,1,0.2,2.5,1,1,100,200,-0.18440269585845215,-0.04974840310137951,-0.4681504405381959,-0.1932188484016462,590,438,152,0.014860168790335925,0.03604170114181698,0.025450934966076453,0.010590766175740526,0.45397942978168326,-0.2465291914022909,0.00014780352165110107,-0.29348456579055976
48,60,0.0025,1,0.2,0.75,1,1,100,200,-0.27890316353880384,-0.07859676670634108,-0.3701727739265197,-0.5972850818562833,338,242,96,0.005990402118153235,0.01936124441502565,0.012675823266589442,0.006685421148436207,0.03627850474378613,-0.17599238924683258,-0.0002104799378886799,-0.2935474077624151
20,120,0.005,1,0.2,0.75,1,1,100,200,-0.2714877039619449,-0.0762337766392267,-0.3779858775921847,-0.5734086290652498,375,270,105,0.0070825748800264765,0.021049147774284297,0.014065861327155387,0.006983286447128909,0.08856911370168308,-0.192706495370642,-0.0001479881113852563,-0.29389714688858154
12,96,0.01,1,-999.0,2.5,1,1,100,200,-0.23185618531330443,-0.0639018745493839,-0.45254707207462197,-0.08299196961777429,446,338,108,0.06271719344696343,0.12096640741353633,0.09184180043024988,0.029124606983286446,0.1028582187902396,-0.12944794851747587,3.62056756393278e-05,-0.2943250090675836
48,200,0.0025,1,0.2,0.75,1,1,100,200,-0.28539112233291153,-0.0806791901427194,-0.3709155142397891,-0.5851669865547242,443,326,117,0.009266920403772961,0.02475591593579348,0.01701141816978322,0.00774449776601026,0.06622150246536962,-0.1635475543169217,-0.00010255096711930551,-0.29539529659035013
48,120,0.0,1,-999.0,999.0,1,1,100,200,-0.14297227326462936,-0.037887725301371855,-0.5237688279907433,0.07756021317071875,529,388,141,0.08009266920403774,0.17269568095316895,0.12639417507860334,0.046301505874565614,0.39853023175896696,-0.2015961335980534,7.068274994322513e-05,-0.2958941286382076
12,60,0.005,1,-0.2,1.5,1,1,100,200,-0.17220198021447664,-0.04620955269715854,-0.4884863011874836,-0.10994961416228713,704,527,177,0.026907165315240775,0.0625186165811683,0.044712890948204534,0.01780572563296376,0.3479004434321118,-0.12667386841801132,0.00013835586070167372,-0.2959501839990147
48,200,0.005,1,-0.2,1.5,1,1,100,200,-0.14337533845542672,-0.03800102211155132,-0.5114520295071843,-0.05096739414396254,922,688,234,0.03432070163825914,0.08032434221413205,0.0573225219261956,0.023001820287936455,0.4695494044950783,-0.0755866528745266,0.00017161362053804636,-0.2962754065723416
48,120,0.01,1,-0.2,1.5,1,1,100,200,-0.21432092583204543,-0.058597392153595274,-0.4585722576522294,-0.173645896313061,713,540,173,0.027635280489822937,0.06298196260135694,0.04530862154558994,0.017673341055767004,0.24990705877951758,-0.10209132437207014,0.00011217794531004423,-0.296565815795363
12,60,0.01,1,0.2,2.5,1,1,100,200,-0.1862357797263453,-0.05028351706989531,-0.4728277839047189,-0.19826606668694433,559,421,138,0.014727784213139168,0.03438689392685752,0.024557339069998345,0.009829554856859176,0.44651500529598676,-0.2559685185153301,0.0001372264390600861,-0.29661071235660197
12,96,0.01,1,-999.0,999.0,1,1,100,200,-0.2653688360356924,-0.07429749526857543,-0.43622441052022176,-0.08720835237207583,428,327,101,0.06956809531689558,0.13245076948535495,0.10100943240112527,0.031441337084229685,0.014040598793214176,-0.10262024763048094,2.7596906759626923e-05,-0.2967701181472901
12,120,0.005,1,-999.0,2.5,1,1,100,200,-0.17296250954989645,-0.046428999420479955,-0.5014976665448667,-0.0027435272628087426,500,369,131,0.06758232665894423,0.14065861327155385,0.10412046996524905,0.03653814330630482,0.30409018885220696,-0.18563642097010358,5.8090875444282504e-05,-0.29731500905605374
20,120,0.0,1,0.0,0.75,1,1,100,200,-0.2877665882438276,-0.08144518218374219,-0.3811730235548282,-0.5124637905904862,498,361,137,0.012311765679298361,0.03203706768161509,0.022174416680456728,0.009862651001158365,0.029119147711162308,-0.11218382272372729,-4.4583185864426595e-05,-0.2976548834906806
48,120,0.01,1,-999.0,1.5,1,1,100,200,-0.21596966658416805,-0.05909233996157237,-0.4692210626951696,-0.0869906913115691,450,338,112,0.055105080258149926,0.11176567929836174,0.08343537977825584,0.028330299520105906,0.147374543983386,-0.144207746800028,4.0107222427490205e-05,-0.29805240587473564
48,96,0.01,1,-0.2,2.5,1,1,100,200,-0.22863366059716506,-0.06292028881711587,-0.45515865232081787,-0.16299505216459667,781,603,178,0.03306304815488995,0.0707264603673672,0.05189475426112858,0.018831706106238622,0.2802485843188469,-0.10956794402928349,0.00011487437728220575,-0.2986493675857546
48,60,0.0,1,0.0,1.5,1,1,100,200,-0.1336874467059087,-0.035288861362972046,-0.5179191590988346,-0.09370494382681445,678,498,180,0.018070494787357273,0.047724640079430745,0.03289756743339401,0.014827072646036736,0.45400709434667363,-0.1636833749664114,0.00018808610459675938,-0.29893368810373006
30,120,0.005,1,-999.0,1.5,1,1,100,200,-0.17854918526097185,-0.048045659863431234,-0.498023688587528,-0.040490789459628536,476,350,126,0.05480721495945722,0.12080092669204037,0.0878040708257488,0.03299685586629158,0.1737938359672373,-0.11207215394965275,5.374184205439193e-05,-0.29908204363017665
12,96,0.0,1,-999.0,1.5,1,1,100,200,-0.1395845566825501,-0.03693705392384561,-0.5275912966277189,0.029347825377749936,507,371,136,0.05282144630150588,0.12642727122290254,0.0896243587622042,0.03680291246069833,0.22477384795901378,-0.09473969758559786,7.510517888414851e-05,-0.29926531096881753
20,60,0.0025,0,-999.0,0.75,1,1,100,200,-0.23678953427635896,-0.0654105775572672,-0.4669839125038374,-0.027832403598886644,342,243,99,0.06999834519278504,0.1579017044514314,0.11395002482210823,0.043951679629323184,-0.03873290244577465,-0.05793001226631622,2.842678883664274e-05,-0.30029415398913023
20,96,0.01,1,-0.2,2.5,1,1,100,200,-0.2415465056130408,-0.06687228057461292,-0.4486547349848765,-0.18484740677444036,744,572,172,0.032434221413205365,0.06857521098791991,0.050504716200562634,0.018070494787357273,0.23803149996327844,-0.11121807906291137,0.00010068635770226872,-0.30044201840577317
48,96,0.005,1,0.0,1.5,1,1,100,200,-0.16051669501182564,-0.04285667536347049,-0.5014559998979078,-0.13885467712904148,693,508,185,0.018765513817640245,0.048221082243918585,0.03349329803077941,0.014727784213139168,0.434574456761444,-0.17242065824335717,0.0001692083572551761,-0.30052740916887644
30,120,0.0,1,0.0,0.75,1,1,100,200,-0.2997093417329094,-0.08532552443178965,-0.3765769441634852,-0.5444396131284066,489,357,132,0.012311765679298361,0.0317061062386232,0.022008935958960783,0.00969717027966242,0.003779690874061936,-0.10905379064978338,-6.771585379277763e-05,-0.3008359771699526
12,96,0.01,1,-999.0,1.5,1,1,100,200,-0.23021209795798048,-0.06340069823579153,-0.46375165939382257,-0.11822038925489058,426,325,101,0.05172927353963263,0.10269733576038391,0.07721330465000828,0.02548403111037564,0.00645880267032406,-0.05353853299674738,3.06967725491386e-05,-0.30118754739544734
20,96,0.0,1,0.0,1.5,1,1,100,200,-0.14695261439276863,-0.03900830703627056,-0.5134796463616793,-0.11024252817528739,730,531,199,0.019427436703624026,0.05086877378785371,0.03514810524573887,0.015720668542114843,0.4499657769143517,-0.15243593945711675,0.0001848179929443559,-0.3012602566258746
12,120,0.005,1,-999.0,999.0,1,1,100,200,-0.22553713520915875,-0.06197997463302418,-0.4766099965829963,-0.029928392278296037,480,359,121,0.07486347840476584,0.15323514810524574,0.1140493132550058,0.039185834850239944,0.16602109069136572,-0.1555947312891064,4.390070223150518e-05,-0.3017813925384371
12,200,0.0025,1,-999.0,2.5,1,1,100,200,-0.14820815343002525,-0.039362590892403126,-0.5290783009322086,0.03622972583073463,557,403,154,0.0758894588780407,0.1649180870428595,0.12040377296045011,0.0445143140824094,0.45687041820181706,-0.22750831280120598,6.449849210809495e-05,-0.30209025506697074
48,60,0.005,1,0.0,2.5,1,1,100,200,-0.13359083739737077,-0.03526192999343536,-0.526689229794947,-0.07145605616100163,724,537,187,0.02128082078437862,0.0521264272712229,0.03670362402780076,0.01542280324342214,0.6215078865749353,-0.2325362164503446,0.00019451668760967945,-0.30217934769895893
20,96,0.0025,1,0.2,0.75,1,1,100,200,-0.2972376633004381,-0.08451839836214525,-0.37115583545384845,-0.6473496389989446,371,263,108,0.006586132715538639,0.021016051629985107,0.013801092172761873,0.007214959457223233,0.014213437520897987,-0.16581785206104593,-0.00020813872331602865,-0.3024637980390167
12,96,0.005,1,0.0,1.5,1,1,100,200,-0.13446785824784457,-0.035506495991668885,-0.5245493156319925,-0.0957134251658064,690,506,184,0.01906337911633295,0.04792321694522588,0.03349329803077941,0.014429918914446466,0.5336621387090184,-0.20306560602151325,0.0001905634067955202,-0.30256682506595545
30,60,0.0,1,0.2,1.5,1,1,100,200,-0.1768630285300612,-0.04755685721078706,-0.48993171162247495,-0.208594467466821,560,402,158,0.01237795796789674,0.034221413205361574,0.02329968558662916,0.010921727618732417,0.38907150633576193,-0.21588389949104259,0.00014078131688802833,-0.30295243639536557
20,60,0.01,1,-0.2,2.5,1,1,100,200,-0.1916971958261171,-0.05188318929010627,-0.49071068609064483,-0.11721884101511384,694,534,160,0.03064702962104915,0.06367698163163991,0.04716200562634453,0.016514976005295383,0.3509418546188645,-0.1534057758928471,0.0001271414694814096,-0.3030994743861844
12,96,0.0025,1,0.2,0.75,1,1,100,200,-0.29559673489416605,-0.08398372818715905,-0.37514103126678255,-0.6421904071881367,377,270,107,0.006950190302829721,0.02124772464007943,0.014098957471454576,0.007148767168624855,0.019579648399353777,-0.1657711879695547,-0.00019750685124726394,-0.30366376417995716
12,120,0.01,1,-0.2,2.5,1,1,100,200,-0.23487314087329192,-0.06482364554114561,-0.46119777285042596,-0.1685983055293315,787,607,180,0.03405593248386563,0.07178553698494125,0.052920734734403445,0.018864802250537813,0.29354065210996305,-0.12321929774482265,0.00011169429409205787,-0.3038524472428252
30,60,0.01,1,-0.2,0.75,1,1,100,200,-0.3056401419827792,-0.0872709729596115,-0.3811942069215084,-0.5239693628666553,388,299,89,0.014363726625848089,0.031044183352639417,0.022703954989243755,0.008340228363395664,-0.05807279694494072,-0.10496201723342691,-0.00012679332787675495,-0.30406654456369847
48,96,0.0,1,0.0,0.75,1,1,100,200,-0.3008542117927854,-0.08570010535947392,-0.3826861492481016,-0.5482321332440082,481,353,128,0.012311765679298361,0.031242760218434553,0.021777262948866456,0.009465497269568095,0.0035447130282397765,-0.11385465181914334,-7.481743278801944e-05,-0.3044547866457251
12,120,0.0,1,0.0,1.5,1,1,100,200,-0.15466218540256382,-0.041189972323380286,-0.515200263877163,-0.1161692502433839,777,568,209,0.02091676319708754,0.05407909978487506,0.0374979314909813,0.01658116829389376,0.4688511770030206,-0.15117511694927654,0.0001845512869438418,-0.304598566774131
12,200,0.005,1,0.2,0.75,1,1,100,200,-0.2886091405968818,-0.08171733148673122,-0.3845884402018729,-0.6129268595689789,412,304,108,0.008439516796293232,0.022670858844944564,0.015555187820618897,0.007115671024325666,0.08773678250919392,-0.19634157326646384,-0.00014390487866542935,-0.3046578945661166
12,96,0.0025,1,0.0,0.75,1,1,100,200,-0.3034822395262792,-0.08656169131581948,-0.3795329221781345,-0.5669476162778422,462,336,126,0.01121959291742512,0.02981962601356942,0.02051960946549727,0.00930001654807215,-0.01700080844626417,-0.10725762713815046,-9.481458477708146e-05,-0.3046755332187788
30,60,0.0025,0,-999.0,0.75,1,1,100,200,-0.25987168111776615,-0.07256823451748962,-0.459385971353525,-0.04836431159217286,343,240,103,0.0713221909647526,0.1607479728611617,0.11603508191295714,0.044712890948204534,-0.05545386216024806,-0.06978363592258252,2.2545043110546693e-05,-0.30467943577386075
48,120,0.0025,1,0.2,0.75,1,1,100,200,-0.29334645686983474,-0.08325202733325887,-0.3809993061062661,-0.6253764662527921,386,279,107,0.007314247890120801,0.021810359093165647,0.014562303491643223,0.007248055601522423,0.042578972547821614,-0.17787590648608242,-0.00017929792065320672,-0.3050205036990315
12,60,0.0,1,0.2,1.5,1,1,100,200,-0.16006584415867675,-0.04272801483443467,-0.5084419674333556,-0.17101408796415407,593,423,170,0.013039880853880522,0.036074797286116164,0.024557339069998345,0.011517458216117823,0.4878344022940686,-0.24056403142422123,0.00016915443722540839,-0.30549970294932016
20,120,0.005,1,-999.0,1.5,1,1,100,200,-0.18640447982454378,-0.050332809406157586,-0.5058963899461979,-0.05031992986272734,474,350,124,0.05530365712394506,0.11957636935297038,0.08744001323845772,0.03213635611451266,0.15595840910837833,-0.10788699035897853,5.122599104079248e-05,-0.3057970008723929
12,60,0.005,1,0.2,1.5,1,1,100,200,-0.1848990854215704,-0.04989322008577779,-0.4891064438918956,-0.22711838129287953,539,392,147,0.012278669534999172,0.03246731755750455,0.02237299354625186,0.01009432401125269,0.466507228047937,-0.27222219666261793,0.00012670814749422276,-0.3058023610963696
48,96,0.01,1,0.2,2.5,1,1,100,200,-0.21743946731457375,-0.05953422869379932,-0.4673404162188872,-0.2531556327625884,600,448,152,0.015058745656131061,0.03650504716200562,0.025781896409068344,0.010723150752937283,0.3831401828294756,-0.2362122827605998,0.00011288070022108656,-0.30586221844137235
48,96,0.005,1,-999.0,1.5,1,1,100,200,-0.18992800329077675,-0.051364100322287,-0.5044258441346952,-0.05271001111117938,472,350,122,0.055204368691047494,0.11994042694026145,0.08757239781565447,0.032368029124606984,0.1462693167717568,-0.10513796851657442,5.003747454091712e-05,-0.3062125229451935
20,200,0.0025,1,-999.0,2.5,1,1,100,200,-0.14052293752048073,-0.037200103831500186,-0.5433819162571796,0.04541168372898377,556,402,154,0.0774449776601026,0.16601025980473275,0.12172761873241768,0.044282641072315075,0.5043461008193919,-0.24551504223857612,6.619919546916963e-05,-0.30662047777364076
30,96,0.005,1,0.0,0.75,1,1,100,200,-0.2783374652202638,-0.07841586265344858,-0.4055238165225763,-0.5089438734638184,439,320,119,0.010756246897236471,0.02823101108720834,0.019493628992222407,0.008737382094985934,0.06421738024460844,-0.1553918054153427,-7.292484435118243e-05,-0.30662496458792765
20,200,0.005,1,0.2,0.75,1,1,100,200,-0.290373399195068,-0.08228798092040224,-0.3866631051044992,-0.6213091340654611,411,303,108,0.008406420651994043,0.022571570412046996,0.01548899553202052,0.0070825748800264765,0.08934777940045513,-0.19992045030685957,-0.00014937511192521173,-0.3066849901759249
30,200,0.005,1,0.2,0.75,1,1,100,200,-0.29615232527024604,-0.08416465374103399,-0.38287254649023117,-0.6353438873413481,419,311,108,0.008770478239285123,0.023001820287936455,0.015886149263610788,0.007115671024325666,0.0773341055577994,-0.1943698346282503,-0.00015226173024768938,-0.307368121353217
20,60,0.0025,1,0.0,2.5,1,1,100,200,-0.1501667340727041,-0.039916039185685315,-0.5257843442481314,-0.09338444771716051,741,547,194,0.02171107066026808,0.05295383087870263,0.037332450769485354,0.015621380109217277,0.6286118748695586,-0.2441032544329338,0.00018571056922069863,-0.30747743369560904
30,96,0.0025,1,0.2,0.75,1,1,100,200,-0.29760073121287633,-0.08463682463483879,-0.38191539665244945,-0.6404840110770325,370,265,105,0.006718517292735396,0.021082243918583484,0.013900380605659441,0.0071818633129240445,0.03745033251792096,-0.18533077902843853,-0.00020795390492144586,-0.30761872351491515
30,96,0.01,1,-999.0,999.0,1,1,100,200,-0.28353972964859686,-0.08008351311856243,-0.4444540923831405,-0.10696568885652993,431,327,104,0.06970047989409234,0.13271553863974847,0.1012080092669204,0.031507529372828066,-0.008882144186043717,-0.1032308109200496,2.1973410837934247e-05,-0.30765884375295915
12,96,0.0,1,-999.0,2.5,1,1,100,200,-0.1685418960433599,-0.045155563659529774,-0.5278162903091161,0.023979999505357376,533,388,145,0.06483534668211154,0.14803905345027304,0.10643720006619228,0.041601853384080754,0.3215359408363849,-0.17864706054860358,6.615422941973732e-05,-0.30786470883882
30,96,0.005,1,0.0,2.5,1,1,100,200,-0.13319084692111516,-0.03515045028475816,-0.5391272059642163,-0.06634193325239236,774,573,201,0.022770147277842132,0.055469137845441004,0.03911964256164157,0.016349495283799437,0.6752463857332618,-0.23799329026896943,0.00019961207716439832,-0.30803114992948594
12,120,0.01,0,-999.0,0.75,1,1,100,200,-0.22816894329558357,-0.06277898900726542,-0.49004966158650665,-0.01938592620447226,328,238,90,0.07724640079430746,0.1509184180043025,0.11408240939930499,0.03683600860499752,-0.08718441968599688,-0.003720228564048189,3.0569502673354796e-05,-0.3087731161107424
20,120,0.005,1,0.0,1.5,1,1,100,200,-0.15851804395494296,-0.04228670847916238,-0.5198731164469881,-0.13308267926186343,704,515,189,0.019129571404931326,0.048982293562799935,0.03405593248386563,0.014926361078934304,0.49112856884356937,-0.19751004472878042,0.00017263701577577701,-0.3088774006657496
48,60,0.0025,1,0.0,1.5,1,1,100,200,-0.16515815880358464,-0.044184243508343934,-0.5145657385155924,-0.14865379847954302,650,478,172,0.017143802746979978,0.0457388714214794,0.031441337084229685,0.01429753433724971,0.40022987815773026,-0.17474935654956691,0.0001581891249093129,-0.3088998026901173
30,120,0.0025,1,0.2,0.75,1,1,100,200,-0.30255886543003263,-0.08625869039113743,-0.3805443295525106,-0.6527692462941792,383,276,107,0.007115671024325666,0.02167797451596889,0.014396822770147278,0.0072811517458216115,0.02632999860418428,-0.1769831493647822,-0.00020285615127887401,-0.3091693174821017
20,60,0.005,0,-999.0,0.75,1,1,100,200,-0.23598519074172497,-0.06516409762583386,-0.48493287223205084,-0.033071303656986836,328,236,92,0.07029621049147775,0.1518451100446798,0.11107066026807877,0.040774449776601024,-0.03444975635983416,-0.06767140156085827,2.6725983805779544e-05,-0.3092840989247086
12,96,0.005,0,-999.0,0.75,1,1,100,200,-0.25270704204494954,-0.07032882052564471,-0.4757551755486231,-0.04275499560683573,354,255,99,0.07635280489822936,0.16326327982790004,0.1198080423630647,0.043455237464835345,-0.062047836957457525,-0.048958326314766376,2.4823742340553624e-05,-0.3103441580802981
30,96,0.0,1,-999.0,2.5,1,1,100,200,-0.16857050674868412,-0.045163789141409505,-0.5328126119201267,0.02364846461740812,531,385,146,0.06569584643389045,0.1466490153897071,0.10617243091179877,0.04047658447790833,0.2876752616975746,-0.15792050016419623,6.645740824422634e-05,-0.31038767187060246
20,60,0.0,1,-999.0,2.5,1,1,100,200,-0.16444331027606507,-0.04397942009623401,-0.5353156064953258,0.02063769056085717,504,364,140,0.058646367698163164,0.13489988416349497,0.09677312593082905,0.0381267582326659,0.37247658911983894,-0.2166775843941886,6.789613971879091e-05,-0.31060533881585406
12,96,0.0,1,0.0,1.5,1,1,100,200,-0.16279598766076542,-0.04350791734940507,-0.5232743957190207,-0.1327360670598476,749,547,202,0.020254840311103757,0.052358100281317224,0.036306470296210494,0.016051629985106734,0.46132006939416104,-0.16676038404147364,0.0001745868556467943,-0.3117819185619078
20,60,0.01,1,-999.0,2.5,1,1,100,200,-0.25333777285316417,-0.07052531706048448,-0.47076332882483773,-0.11912179714859614,420,317,103,0.05699156048320371,0.10994539136190634,0.08346847592255502,0.026476915439351316,0.10136886942992884,-0.16359612961004089,2.4964344676738638e-05,-0.31186307133033314
30,120,0.005,1,0.0,1.5,1,1,100,200,-0.17367933258317114,-0.04663597345410553,-0.5146130760459753,-0.15888617397205632,702,512,190,0.01893099453913619,0.0487837166970048,0.033857355618070496,0.014926361078934304,0.4541591437616668,-0.1927423637698058,0.0001601230850379369,-0.31188682017569597
20,200,0.005,0,-999.0,0.75,1,1,100,200,-0.2402165622697704,-0.066462930418272,-0.4909143447417589,-0.003917664364146271,375,270,105,0.09210656958464339,0.1920569253681946,0.142081747476419,0.04997517789177561,-0.06166033785346503,-0.023256953091783106,3.139260413361878e-05,-0.31211598600735874
20,120,0.005,1,0.0,0.75,1,1,100,200,-0.2914871724584901,-0.08264877874343102,-0.4050735202709721,-0.5400761217296145,456,330,126,0.01118649677312593,0.029256991560483205,0.020221744166804567,0.009035247393678636,0.050384774041463354,-0.15268829746125567,-8.125439358366634e-05,-0.3121893449653978
20,96,0.005,1,0.0,2.5,1,1,100,200,-0.14799041933005985,-0.03930112335806957,-0.5371617421532677,-0.08909861187958594,771,569,202,0.022670858844944564,0.05517127254674831,0.038921065695846434,0.01625020685090187,0.6583116427533049,-0.2444891245007953,0.00018912580812752071,-0.3123369250286827
20,96,0.01,1,0.2,2.5,1,1,100,200,-0.22460015569034875,-0.061695999905975074,-0.47457288114070606,-0.26785658959289804,586,437,149,0.014926361078934304,0.035710739698825086,0.025318550388879695,0.010392189309945392,0.37972643052237576,-0.2466221776207208,9.998591539752438e-05,-0.312375269955973
20,60,0.0,1,-999.0,999.0,1,1,100,200,-0.20886307929835957,-0.05696449534312642,-0.5115210572357405,0.0019711600260591176,485,355,130,0.06566275028959126,0.14774118815158033,0.10670196922058581,0.04103921893099454,0.20591959296512563,-0.16386567781065875,5.4892225013758964e-05,-0.31262646595969373
48,60,0.0,1,-999.0,1.5,1,1,100,200,-0.16220115627636789,-0.04333783342839315,-0.5386052834982087,-0.001301824838674155,483,353,130,0.049313255005791826,0.11596888962435876,0.0826410723150753,0.03332781730928347,0.1731362117247055,-0.09071576228661615,6.850777359945523e-05,-0.3127055664194312
20,200,0.0025,1,-999.0,1.5,1,1,100,200,-0.16660801961584537,-0.04460007188795512,-0.535416604103127,-0.009729956169173645,532,386,146,0.06334602018864802,0.14257818964090682,0.10296210491477743,0.0396160847261294,0.268984009355937,-0.14307188893421185,5.9288179135345364e-05,-0.31279487174797727
12,60,0.005,1,-999.0,2.5,1,1,100,200,-0.22506882674750672,-0.06183801004119016,-0.49491044329952716,-0.07328327308865389,471,347,124,0.060234982624524244,0.12583154062551713,0.09303326162502068,0.03279827900049644,0.20088672029271848,-0.1832991314578325,4.0794308942782147e-05,-0.3129573953453864
48,96,0.005,1,-999.0,2.5,1,1,100,200,-0.18430870320565806,-0.049720989069907295,-0.5251082486506604,-0.013822389998016096,503,371,132,0.06781399966903856,0.14069170941585304,0.1042528545424458,0.03643885487340725,0.352782317467065,-0.22455627093035502,5.5460596799209756e-05,-0.3129662328951383
20,60,0.01,1,-999.0,999.0,1,1,100,200,-0.29051130921938206,-0.08233263271712632,-0.44880267129694407,-0.12587357471941352,403,307,96,0.06374317392023829,0.12119808042363064,0.09247062717193447,0.028727453251696178,0.00469789148062727,-0.1361422986402695,1.5027162102865524e-05,-0.31302764710156905
30,96,0.0,1,0.0,1.5,1,1,100,200,-0.1596307039144238,-0.04260388677248128,-0.5280222333828992,-0.13006758243215263,727,535,192,0.019626013569419162,0.05080258149925534,0.03521429753433725,0.015588283964918088,0.43321445984302853,-0.1565399462524939,0.00017449804483015674,-0.31311838258553853
20,60,0.005,1,0.2,1.5,1,1,100,200,-0.1919795215845418,-0.05196610370947319,-0.49813899953815033,-0.24436253347745734,525,382,143,0.011782227370511336,0.03163991395002482,0.02171107066026808,0.009928843289756743,0.45042307055912545,-0.27563329485161614,0.00011253686203027098,-0.3132537301524212
48,96,0.0025,1,0.2,0.75,1,1,100,200,-0.30203995309527165,-0.08608854368449215,-0.38915905784563076,-0.6522138465881173,376,272,104,0.007115671024325666,0.021347013072976997,0.014231342048651332,0.007115671024325666,0.032800144159152556,-0.18439091532872287,-0.0002104054791708747,-0.3132787649367134
12,120,0.005,1,0.0,2.5,1,1,100,200,-0.14408013969994626,-0.038199229395645684,-0.5427967938752183,-0.07897598751950104,808,598,210,0.024027800761211318,0.05785206023498263,0.04093993049809697,0.01691212973688565,0.703383051574537,-0.2473039604409557,0.00019501412024961658,-0.31354642570922986
20,60,0.01,1,-0.2,0.75,1,1,100,200,-0.3199645443481117,-0.0920216408732566,-0.3878794650939489,-0.5525273614523722,397,304,93,0.01469468806883998,0.03157372166142644,0.023134204865133214,0.008439516796293232,-0.06367441781438232,-0.1142040690838394,-0.0001408498897051258,-0.3135877414928496
30,60,0.01,1,0.0,999.0,1,1,100,200,-0.24892027164953034,-0.06915170484489619,-0.4671668356489066,-0.22214697815213466,668,510,158,0.022902531855038887,0.0503061393347675,0.03660433559490319,0.013701803739864305,0.41691792583379694,-0.25965869789090845,9.790960972839501e-05,-0.3138424715769562
30,120,0.005,1,-999.0,2.5,1,1,100,200,-0.19047237574360454,-0.05152373102724683,-0.5225461896154513,-0.0213806094668109,504,369,135,0.06715207678305478,0.14181697832202547,0.10448452755254013,0.037332450769485354,0.3630827408703208,-0.23584926808500217,5.3143303082086415e-05,-0.31386585630831304
12,200,0.0025,1,-999.0,1.5,1,1,100,200,-0.17625319236650527,-0.047380255669117965,-0.5309270353361201,-0.022328828364766917,531,385,146,0.06228694357107397,0.14185007446632467,0.10206850901869932,0.03978156544762535,0.24027904854864968,-0.13381958862870325,5.630953783986134e-05,-0.31396021475541636
20,96,0.0,1,-999.0,1.5,1,1,100,200,-0.1999012600058918,-0.054301491964160675,-0.5156107152325933,-0.03744342066165634,499,362,137,0.05146450438523912,0.12328313751447956,0.08737382094985933,0.03590931656462022,0.10858612845275406,-0.07368708790894751,5.5631668041924374e-05,-0.3139790206135401
12,96,0.0025,0,-999.0,0.75,1,1,100,200,-0.2595915365975293,-0.07248036658588897,-0.4798854733430534,-0.04380819873877775,368,262,106,0.07602184345523746,0.16915439351315573,0.1225881184841966,0.046566275028959124,-0.07953746948520635,-0.033069122472767276,2.4899695798158537e-05,-0.31461351319435454
12,200,0.005,0,-999.0,0.75,1,1,100,200,-0.25912128008648827,-0.07233292563518157,-0.48263371264458454,-0.02398899511585889,375,270,105,0.09015389707099122,0.18917756081416515,0.1396657289425782,0.04951183187158696,-0.08449293185777162,-0.02380630367691483,2.711541226225383e-05,-0.3148492317132668
48,200,0.0,1,0.0,0.75,1,1,100,200,-0.3178547531359054,-0.09131724965517085,-0.3912197388583144,-0.5599911229054378,574,422,152,0.015555187820618897,0.03686910474929671,0.026212146284957803,0.010656958464338905,0.005160360832464406,-0.09569446070312537,-4.003758382249937e-05,-0.31492667522959994
12,120,0.0025,1,0.0,0.75,1,1,100,200,-0.31720391457790953,-0.09110028530648162,-0.38913507263003455,-0.5913883459531536,482,350,132,0.011517458216117823,0.03084560648684428,0.021181532351481052,0.009664074135363231,-0.01868264299971456,-0.11453237434080232,-0.00010082475674512122,-0.31523723891915656
20,200,0.0025,1,-999.0,999.0,1,1,100,200,-0.2017674054069697,-0.05485416663476039,-0.5219843839708191,0.009998209172144307,537,393,144,0.08522257157041205,0.17961277511169949,0.13241767334105578,0.04719510177064372,0.2939983097589114,-0.1930753572475905,5.183416879612611e-05,-0.31534644816156276
30,60,0.0,1,-999.0,2.5,1,1,100,200,-0.1961493867357632,-0.05319326100796318,-0.5230823388895729,-0.01335170660313746,505,365,140,0.05765348336918749,0.1332450769485355,0.09544928015886149,0.037795796789674006,0.27124443882347693,-0.18598377375203878,5.8760074840576085e-05,-0.3154020157829065
30,60,0.01,1,-999.0,2.5,1,1,100,200,-0.28230780660995625,-0.07968778666191534,-0.4568114444908189,-0.15826804313983134,424,320,104,0.056362733741519115,0.10891941088863147,0.0826410723150753,0.02627833857355618,0.030429292773640926,-0.138979520137813,1.3344053892286995e-05,-0.31600691106431633
48,200,0.005,1,0.0,0.75,1,1,100,200,-0.3075319831136205,-0.08789416350485624,-0.4008837521843108,-0.5546935487504887,518,382,136,0.014032765182856198,0.033360913453582657,0.023696839318219427,0.009664074135363231,0.034649148060613255,-0.13280449986114573,-5.9880677729220986e-05,-0.3160707170345361
12,96,0.01,1,0.2,2.5,1,1,100,200,-0.2171341666407619,-0.059442390306193915,-0.4880490040988882,-0.2532127456553807,591,441,150,0.015124937944729439,0.0359755088532186,0.02555022339897402,0.01042528545424458,0.418496383871503,-0.25830522398098543,0.00011058471897178632,-0.31612752963840707
12,200,0.0025,1,-999.0,999.0,1,1,100,200,-0.22476833232996252,-0.06174695103021788,-0.5081186922700989,-0.014662476494766246,539,395,144,0.08360086049975178,0.17845441006122786,0.13102763528048983,0.04742677478073804,0.228646451188401,-0.17381708898270842,4.65156025017362e-05,-0.31653942099000565
30,96,0.0025,1,0.0,0.75,1,1,100,200,-0.3153640271421909,-0.09048777563740051,-0.3925638860573366,-0.5959770087890995,452,331,121,0.010921727618732417,0.029190799271884827,0.02005626344530862,0.009134535826576204,-0.009352181326222175,-0.13360582112088382,-0.00012178129123896851,-0.3165685691055238
30,60,0.005,0,-999.0,0.75,1,1,100,200,-0.26931379424028545,-0.075544463681393,-0.4770395701063055,-0.06482676568277328,330,234,96,0.07128909482045341,0.1546251861658117,0.11295714049313255,0.041668045672679135,-0.053280172260873226,-0.08969705903911696,1.779920075304515e-05,-0.3173055870186844
20,60,0.005,1,-0.2,1.5,1,1,100,200,-0.19249205656333546,-0.05211668229841637,-0.516248527476448,-0.14301423098566482,678,502,176,0.025450934966076453,0.06046665563461857,0.04295879530034751,0.01750786033427106,0.3642435296667612,-0.16915971013800069,0.00012151783681261952,-0.31739165758592364
30,200,0.005,1,0.0,1.5,1,1,100,200,-0.15405573291397168,-0.0410178182769958,-0.5412034253403214,-0.11765975740658112,797,583,214,0.022306801257653483,0.05493959953665398,0.03862320039715373,0.016316399139500247,0.6158562428467367,-0.22008250378907968,0.00018740140817781085,-0.31750251881748554
48,60,0.005,1,-0.2,1.5,1,1,100,200,-0.19976509096671236,-0.054261202200443726,-0.5119991725553303,-0.15385623937301482,689,516,173,0.025318550388879695,0.06179050140658613,0.04355452589773291,0.018235975508853218,0.2910684664568701,-0.12517721846478724,0.00011707289227923025,-0.31795360044675963
48,120,0.01,1,-0.2,2.5,1,1,100,200,-0.2556320480454415,-0.07124112189750165,-0.47377333424734647,-0.19858886227407968,807,616,191,0.03342710574218104,0.07320867118980638,0.05331788846599371,0.019890782723812676,0.31122308305559665,-0.15005127216069514,0.00010176664178749355,-0.31805723213487885
48,96,0.005,1,0.0,2.5,1,1,100,200,-0.1836982508812931,-0.049543001283407606,-0.5231492471877917,-0.14255583801246813,787,583,204,0.0231673010094324,0.05632963759721992,0.039748469303326164,0.01658116829389376,0.5539937587898909,-0.22135576327891004,0.00016502958609982378,-0.31824541677792684
12,120,0.01,1,0.2,2.5,1,1,100,200,-0.21282964646998836,-0.05815038404350015,-0.49639268717993223,-0.24145023172736915,610,456,154,0.015455899387721331,0.03710077775939103,0.02627833857355618,0.01082243918583485,0.4530566190956302,-0.2650138842213423,0.00012168083501321564,-0.3184192392198347
12,60,0.005,1,-999.0,999.0,1,1,100,200,-0.2789202389445251,-0.0786022288857493,-0.46954217870205217,-0.1012184601322238,450,336,114,0.06731755750455072,0.13820949859341386,0.1027635280489823,0.035445970544431576,0.06642027226106739,-0.15317121969123149,2.4989980556528193e-05,-0.3184342412433866
12,60,0.01,1,-999.0,1.5,1,1,100,200,-0.2762722071887661,-0.07775631717280385,-0.4625816473711394,-0.188761620613956,407,310,97,0.04828727453251696,0.09521760714876717,0.07175244084064207,0.023465166308125104,-0.0467181931698325,-0.06941729826069243,6.573013841824401e-06,-0.31848522188907136
12,120,0.0025,1,0.2,0.75,1,1,100,200,-0.3074016143646665,-0.08785117787436536,-0.3954021556155748,-0.6653253900104121,392,280,112,0.0070825748800264765,0.021975839814661592,0.014529207347344034,0.007446632467317558,0.039437686232922875,-0.18936374703383074,-0.0002036275246196147,-0.31881852518267334
48,60,0.01,0,-999.0,0.75,1,1,100,200,-0.23087237357058454,-0.06360187722083599,-0.5087160104394025,-0.023405021276249334,306,224,82,0.07363892106569585,0.14320701638259142,0.10842296872414364,0.03478404765844779,-0.062451107533167516,-0.0439773997793067,2.8517344776816392e-05,-0.3191301335043497
12,60,0.01,1,-0.2,0.75,1,1,100,200,-0.31468828545940764,-0.09026312696351879,-0.40472369449920853,-0.5331354671464137,415,321,94,0.015720668542114843,0.0329306635776932,0.024325666059904022,0.008604997517789177,-0.08075144715163274,-0.08252583834086558,-0.00011725300435512716,-0.31928174757044375
20,120,0.0025,1,0.2,0.75,1,1,100,200,-0.314752035781495,-0.09028431350665644,-0.38943893776921246,-0.6872341252756358,389,278,111,0.007016382591428099,0.021843455237464834,0.014429918914446466,0.007413536323018368,0.023345210358630464,-0.1865759775169613,-0.00022336214583841552,-0.31936548865504444
30,120,0.01,0,-999.0,0.75,1,1,100,200,-0.22104273341105685,-0.06062017219752036,-0.5174306222238398,-0.002008016654783776,321,232,89,0.080489822935628,0.15621380109217275,0.11835181201390038,0.03786198907827238,-0.08137006878803588,-0.004377419923585535,3.345005674285396e-05,-0.3194358841421795
30,60,0.0,1,-0.2,1.5,1,1,100,200,-0.2139495170778265,-0.05848600365730949,-0.504821648149249,-0.17085612456906618,722,529,193,0.026046665563461857,0.06516630812510342,0.04560648684428264,0.019559821280820785,0.24914459653299725,-0.09706343316454147,0.00011148168482651806,-0.3194396339603873
12,60,0.0,1,-0.2,1.5,1,1,100,200,-0.22993068644146464,-0.06331499444211064,-0.4940343818528098,-0.18691849236781907,772,567,205,0.028065530365712396,0.06903855700810856,0.048552043686910476,0.02048651332119808,0.22268698897813355,-0.07339610761262916,0.00010932646372848443,-0.3196781099869065
20,120,0.01,1,-0.2,2.5,1,1,100,200,-0.26473313708242696,-0.07409702604671187,-0.469956745320265,-0.21466456385696736,780,601,179,0.03332781730928347,0.07118980638755584,0.052258811848419656,0.01893099453913619,0.26018573928990274,-0.13815803172136376,9.211079108810015e-05,-0.31980862689969275
30,120,0.005,1,0.0,0.75,1,1,100,200,-0.30893521979573224,-0.08835722803509594,-0.4061232148045366,-0.5870613443879598,450,326,124,0.011120304484527553,0.02905841469468807,0.02008935958960781,0.008969055105080259,0.02571024454297799,-0.15620924564271166,-0.00011390477559877848,-0.32077190265676225
12,96,0.0,1,-999.0,999.0,1,1,100,200,-0.21535137081192524,-0.05890663777672667,-0.5240989363630087,0.003022070256692169,513,378,135,0.07231507529372828,0.16147608803574384,0.11689558166473606,0.04458050637100778,0.1589880383067097,-0.12497460024529239,5.338598352439677e-05,-0.32080500244539645
48,60,0.01,1,-999.0,1.5,1,1,100,200,-0.263215349737312,-0.07361891300972212,-0.47752493528101336,-0.17182664236727196,412,314,98,0.04798940923382426,0.09498593413867285,0.07148767168624855,0.02349826245242429,-0.03342116641512649,-0.06332198753996254,1.3402600145653449e-05,-0.3209727127685924
30,120,0.01,1,-0.2,2.5,1,1,100,200,-0.2569309439929457,-0.07164710584154477,-0.47838882623036716,-0.20334700864471597,783,601,182,0.0329306635776932,0.07125599867615423,0.052093331126923714,0.019162667549230513,0.2807996496819878,-0.14174412212688559,9.7510122487616e-05,-0.32100886938896417
30,96,0.0025,1,0.0,1.5,1,1,100,200,-0.18801514935312436,-0.05080381577540005,-0.5234809749140236,-0.1808346296213232,698,514,184,0.018666225384742677,0.0487837166970048,0.03372497104087374,0.015058745656131061,0.3831680384257763,-0.1677004483177511,0.00014748507447219015,-0.321586034713478
30,96,0.005,1,0.2,1.5,1,1,100,200,-0.20489861209313898,-0.055783679885333504,-0.5054217938140178,-0.2629833484654981,566,407,159,0.012344861823597552,0.03418831706106239,0.02326658944232997,0.010921727618732417,0.45531025291660887,-0.27489149774807975,0.0001101191014453095,-0.32164374421561726
30,200,0.005,1,0.0,2.5,1,1,100,200,-0.14690828436696401,-0.038995805282677765,-0.557682297563506,-0.07769018232272826,898,664,234,0.026940261459539965,0.06367698163163991,0.04530862154558994,0.018368360086049976,0.8053081695771112,-0.2595574543412792,0.00020053540665200995,-0.32172146318056716
48,96,0.005,1,-999.0,999.0,1,1,100,200,-0.24584955534641595,-0.06820043652362862,-0.5029984156916465,-0.05069295975464406,484,360,124,0.07502895912626178,0.15287109051795467,0.11395002482210823,0.038921065695846434,0.19431340107841177,-0.19561264619073193,3.889086830673099e-05,-0.3222342923571841
30,60,0.0,1,-999.0,999.0,1,1,100,200,-0.2400029885477033,-0.0663972435221194,-0.5090784115351386,-0.03087841117833067,487,357,130,0.0646036736720172,0.1460201886480225,0.10531193116001986,0.04070825748800265,0.11588766991799249,-0.13110247833444788,4.621330336637874e-05,-0.32248036984860523
48,60,0.005,1,0.2,1.5,1,1,100,200,-0.21023474168994805,-0.0573740774591458,-0.5023200333532649,-0.28095969764538514,529,382,147,0.011418169783220255,0.03207016382591428,0.02174416680456727,0.010325997021347013,0.39882588449840695,-0.26441310575852184,8.937057862296301e-05,-0.32258207901804753
48,96,0.005,1,0.0,0.75,1,1,100,200,-0.30810719677343923,-0.08808389739235967,-0.4113150170212604,-0.5858994534673652,442,322,120,0.011087208340228364,0.02862816481879861,0.019857686579513485,0.008770478239285123,0.027264559905345598,-0.15984466189523017,-0.00011899411663051965,-0.32303637857635814
20,200,0.01,1,0.2,2.5,1,1,100,200,-0.21820893045364498,-0.059765812362257864,-0.502064728754597,-0.2467187725936962,656,491,165,0.016514976005295383,0.03948370014893265,0.027999338077114015,0.011484362071818632,0.49728489714290847,-0.2751127262267016,0.00012907103088005583,-0.32313411536924114
30,96,0.0,1,-999.0,999.0,1,1,100,200,-0.22792683681262282,-0.06270540048835815,-0.5202377664150883,-0.009769377476178481,512,376,136,0.07281151745821612,0.15958960781069007,0.11620056263445308,0.04338904517623697,0.10962710605891801,-0.10114716775950516,5.0431885940581326e-05,-0.32331275256971126
48,96,0.0,1,0.0,1.5,1,1,100,200,-0.20793426560550676,-0.05668745124207286,-0.5121997893103176,-0.21056209252191033,745,549,196,0.02015555187820619,0.05186165811682939,0.03600860499751779,0.0158530531193116,0.3389534794832536,-0.14136044919860413,0.00013890268023029466,-0.32331545052332716
20,96,0.01,0,-999.0,0.75,1,1,100,200,-0.24792927997119762,-0.06884439028549705,-0.5053027140155569,-0.040080156493022046,321,234,87,0.07506205527056098,0.14688068839980142,0.1109713718351812,0.03590931656462022,-0.1282605852894796,0.012963261512142887,2.4711722048369135e-05,-0.3234997551179266
30,60,0.01,1,-999.0,999.0,1,1,100,200,-0.31336823751421805,-0.08982475884595287,-0.45210858125858167,-0.15578171743487462,407,310,97,0.06318053946715207,0.12023829223895416,0.09170941585305312,0.028528876385901042,-0.05357705355524445,-0.1107176821042003,6.297267163176909e-06,-0.3236681353469874
48,96,0.0025,0,-999.0,0.75,1,1,100,200,-0.2390712246536012,-0.06611083128432582,-0.5147142023272977,-0.005852293543969566,360,254,106,0.08363395664405097,0.18212808207843786,0.1328810193612444,0.049247062717193445,-0.0009086452920956667,-0.08813328519438923,3.1273509406664403e-05,-0.32376054712517316
30,120,0.005,1,-999.0,999.0,1,1,100,200,-0.25496179792489937,-0.07103183568427374,-0.49943584016049014,-0.061383318410334925,485,359,126,0.07443322852887639,0.1542611285785206,0.1143471785536985,0.039913950024822106,0.19669304917081631,-0.20651536199735654,3.585700456886186e-05,-0.32381892168503557
20,200,0.0025,0,-999.0,0.75,1,1,100,200,-0.25668969025786115,-0.07157165917558306,-0.5037991596147979,-0.014287393939456163,394,281,113,0.09293397319212311,0.2002978652986927,0.1466159192454079,0.053681946053284794,-0.08066712937381992,-0.01536611581752334,2.9294378999850347e-05,-0.32418560867995483
30,200,0.005,1,-0.2,1.5,1,1,100,200,-0.19633400028673953,-0.05324770148106128,-0.5290952241194424,-0.12787754858469205,888,661,227,0.03362568260797617,0.078040708257488,0.05583319543273209,0.022207512824755915,0.4276617752002705,-0.12234216081868177,0.0001414278609397828,-0.3241891909700171
30,96,0.005,1,-0.2,1.5,1,1,100,200,-0.20841354546294144,-0.05683037914506839,-0.5188578385547438,-0.15914783575851216,744,558,186,0.02750289591262618,0.06609300016548073,0.04679794803905345,0.01929505212642727,0.3008424233483562,-0.11718112009889026,0.0001197429644215526,-0.32421669021036587
30,60,0.0,1,-999.0,1.5,1,1,100,200,-0.19166725593953227,-0.05187439771247215,-0.5412173819033789,-0.036400416817226354,476,346,130,0.04600364057587291,0.1124606983286447,0.0792321694522588,0.0332285288763859,0.17128717070880461,-0.12438191876061755,5.8217567191286236e-05,-0.3243031095050229
20,120,0.005,1,-999.0,2.5,1,1,100,200,-0.2212239839182344,-0.060674896425213065,-0.5217661922460959,-0.056833717269649905,501,368,133,0.06715207678305478,0.1402283633956644,0.10369022008935959,0.03653814330630482,0.2889436253473614,-0.223758925386764,4.394235106078028e-05,-0.3243996784117435
48,120,0.005,1,-999.0,2.5,1,1,100,200,-0.21167236210406548,-0.057803927579534564,-0.5295879452973757,-0.037467409620415504,515,378,137,0.07023001820287937,0.14767499586298197,0.10895250703293066,0.0387224888300513,0.3908159301365155,-0.2666760104912057,4.798686041101538e-05,-0.3244712707092432
20,96,0.01,1,-999.0,1.5,1,1,100,200,-0.300993972602114,-0.08574586407314799,-0.4570777843324606,-0.21774334169744167,424,321,103,0.05063710077775939,0.10114181697832203,0.0758894588780407,0.025252358100281317,-0.10330689530834536,-0.03632510347761897,-1.2152486765456334e-06,-0.3251719233242504
12,200,0.0,1,0.0,0.75,1,1,100,200,-0.3278383661543294,-0.09466501099825919,-0.4023244197154684,-0.5905529246206591,556,406,150,0.014595399635942414,0.03577693198742347,0.02518616581168294,0.010590766175740526,-0.011606715977658277,-0.10193453995300328,-6.391769834178633e-05,-0.3253548670870263
20,96,0.005,1,-0.2,1.5,1,1,100,200,-0.22989932206588914,-0.06330544388515436,-0.5053031130696515,-0.19429409071849316,731,545,186,0.027370511335429424,0.06556346185669369,0.046466986596061556,0.019096475260632136,0.25411365925778817,-0.11491508738406142,0.00010303088721820199,-0.32567170495590475
20,60,0.0,1,0.2,1.5,1,1,100,200,-0.19500303382047535,-0.05285542397755305,-0.5225419822516264,-0.24037573758950603,572,411,161,0.012675823266589442,0.034717855369849414,0.023696839318219427,0.011021016051629985,0.4393791407735843,-0.25551093511033285,0.00012400080798147424,-0.3261452019828416
48,96,0.005,0,-999.0,0.75,1,1,100,200,-0.2335151805679433,-0.06440841110339113,-0.5235278636840607,-0.005680444316538392,347,247,100,0.0826079761707761,0.17540956478570247,0.12900877047823928,0.04640079430746318,0.0290072975387885,-0.11395854909131764,3.130828300100653e-05,-0.3264563651612484
48,120,0.005,1,-999.0,1.5,1,1,100,200,-0.22603908924712945,-0.062132210130429466,-0.5201247442437651,-0.09050625593087022,488,359,129,0.05722323349329803,0.12579844448121794,0.09151083898725798,0.034287605493959955,0.19072662747783165,-0.17033777705717035,3.9113415025383455e-05,-0.3267198950488555
12,96,0.01,1,-0.2,2.5,1,1,100,200,-0.26889253338924357,-0.07541106629418948,-0.4805063038750117,-0.22369428798747598,758,587,171,0.03332781730928347,0.06940261459539963,0.05136521595234155,0.018037398643058082,0.22790876529697868,-0.1301309247699588,8.591788435637724e-05,-0.3268489326310691
20,96,0.0025,1,0.0,1.5,1,1,100,200,-0.20115154611353814,-0.05467166773820287,-0.5244522695529785,-0.20440481653791737,699,510,189,0.01846764851894754,0.048651332119808044,0.03355949031937779,0.01509184180043025,0.38309458460731816,-0.18071236822575998,0.00013683795303494616,-0.327118043341588
30,200,0.0,1,0.0,0.75,1,1,100,200,-0.3279040418411454,-0.09468715678162887,-0.405719521542391,-0.5953958019436537,564,416,148,0.015224226377627006,0.03600860499751779,0.0256164156875724,0.010392189309945392,0.02262247968374398,-0.1285998703874125,-6.0481732120955154e-05,-0.32731670765000703
48,120,0.0,1,0.0,0.75,1,1,100,200,-0.32955973352897205,-0.09524599128191935,-0.40315079925026964,-0.6170921536383955,498,362,136,0.012477246400794308,0.032202548403111035,0.022339897401952673,0.009862651001158365,-0.010669511808203191,-0.13066919965753465,-0.00010631076865763772,-0.32767599858897395
20,120,0.005,1,-999.0,999.0,1,1,100,200,-0.2705463307309718,-0.07593509279847677,-0.4955500255437282,-0.07978409603520711,483,359,124,0.07433394009597882,0.15257322521926195,0.11345358265762039,0.03911964256164157,0.1522585795834961,-0.19396090016337308,3.119369202544465e-05,-0.3276993103721012
30,96,0.005,1,-999.0,1.5,1,1,100,200,-0.25094186086655723,-0.06977955980701978,-0.5024230727361519,-0.13564363411049774,466,345,121,0.05295383087870263,0.11490981300678471,0.08393182194274366,0.03097799106404104,0.020342355527844802,-0.07320105093835072,2.7286304062865346e-05,-0.3277732778806206
30,200,0.01,1,0.2,2.5,1,1,100,200,-0.2315244525720176,-0.06380068589544186,-0.5011270244237273,-0.2702536041372766,668,500,168,0.016746649015389706,0.03998014231342049,0.028363395664405096,0.011616746649015389,0.4815812268200257,-0.2755720145915235,0.00011842176384242698,-0.32787687831416934
12,60,0.005,1,-0.2,0.75,1,1,100,200,-0.3419986939521159,-0.09947785918339769,-0.39942332815904,-0.576258551284694,473,357,116,0.01661426443819295,0.037729604501075625,0.027171934469634288,0.010557670031441337,-0.06995883372002232,-0.1036844835249986,-0.0001095812481236004,-0.3280024508271524
12,200,0.0025,0,-999.0,0.75,1,1,100,200,-0.27700630056942765,-0.07799058996990182,-0.4965327938073635,-0.03589623389479006,393,280,113,0.09045176236968393,0.19682277014727784,0.1436372662584809,0.053185503888796955,-0.11562620728464712,-0.004918033357979357,2.4743891562226234e-05,-0.32805179856832306
48,120,0.01,1,0.2,2.5,1,1,100,200,-0.24990832764614446,-0.06945841179475709,-0.4872042265017821,-0.31030160957421504,616,458,158,0.015191130233327818,0.0374979314909813,0.026344530862154557,0.011153400628826741,0.3762112657642487,-0.25830493829022494,8.051502036745764e-05,-0.3285756055243589
48,60,0.01,1,-0.2,0.75,1,1,100,200,-0.3213521509020145,-0.09248581149354407,-0.41770637181755776,-0.5561940230916095,405,313,92,0.014529207347344034,0.032003971537315906,0.02326658944232997,0.008737382094985934,-0.052401344296336805,-0.12302610246771928,-0.00013696836045768522,-0.32914869855690343
20,200,0.0,1,0.0,0.75,1,1,100,200,-0.3319182402241794,-0.09604383150512052,-0.40595217973538245,-0.605741271157661,553,406,147,0.014661591924540791,0.035379778255833196,0.025020685090186994,0.010359093165646201,-0.0012055589879693684,-0.11800534558889453,-7.23152225243117e-05,-0.32930698493069477
12,120,0.005,1,-0.2,1.5,1,1,100,200,-0.2293777409817298,-0.06314666343376962,-0.5138109134909463,-0.18628726461014775,780,584,196,0.029223895416184014,0.06913784544100612,0.04918087042859507,0.019956975012411053,0.2868153588436575,-0.1154089944247001,0.00011137149577173697,-0.32936648340975017
30,60,0.005,1,-0.2,0.75,1,1,100,200,-0.3501870853574022,-0.10229648211428699,-0.3948610065894984,-0.6102843682664514,440,329,111,0.015025649511831872,0.035545258977329144,0.025285454244580507,0.010259804732748635,-0.06105798036405796,-0.1375811437403356,-0.000145202191688082,-0.3302412038223588
20,120,0.01,1,0.2,2.5,1,1,100,200,-0.24731813479143028,-0.0686550205090406,-0.492859682895435,-0.3060979368298114,606,453,153,0.015191130233327818,0.036902200893595895,0.026046665563461857,0.01085553533013404,0.38734673730507097,-0.2654005952464521,8.024035929975923e-05,-0.33038975879824867
48,60,0.0,1,0.0,2.5,1,1,100,200,-0.19154939614241184,-0.05183979161788588,-0.5418845333622158,-0.15373625470587526,776,572,204,0.022141320536157538,0.056031772298527224,0.03908654641734238,0.01694522588118484,0.5039995626114444,-0.2075822786250301,0.00015724648056278747,-0.3304688710342875
48,200,0.005,1,-0.2,2.5,1,1,100,200,-0.20412155959992706,-0.05555275259864567,-0.5403869701413528,-0.10397642293150816,1033,778,255,0.04107231507529373,0.09204037729604501,0.06655634618566937,0.02548403111037564,0.5469813901256997,-0.13755611380049004,0.0001503141158097148,-0.3309450588158975
30,200,0.005,1,0.0,0.75,1,1,100,200,-0.32019518985598694,-0.0920987452610833,-0.41814599866193525,-0.5965432198035293,510,377,133,0.013767996028462685,0.032632798279000494,0.02320039715373159,0.009432401125268906,0.051326198472083195,-0.1655130783034915,-8.523280792822984e-05,-0.3309989055822274
12,96,0.005,1,0.0,2.5,1,1,100,200,-0.17505167649430353,-0.04703259706941587,-0.5558479965880472,-0.1285721378777524,783,580,203,0.023365877875227536,0.05599867615422803,0.03968227701472778,0.016316399139500247,0.6502622842308803,-0.2604925041942894,0.00017124300964768677,-0.3313852022573271
12,60,0.005,1,-0.2,2.5,1,1,100,200,-0.229864656908778,-0.06329488856844823,-0.5202485196794818,-0.16061011493114316,799,603,196,0.0329306635776932,0.07291080589111369,0.052920734734403445,0.019990071156710244,0.41746794350195926,-0.1897895437868934,0.000115834029634014,-0.3314496541547463
20,120,0.0025,1,0.0,0.75,1,1,100,200,-0.3351565673840162,-0.09714274621754504,-0.40519645052402353,-0.6455263517154392,473,342,131,0.011285785206023498,0.030349164322356445,0.02081747476418997,0.009531689558166474,-0.023462001128218724,-0.13748517767394508,-0.00013731883877877302,-0.3320172890653288
20,200,0.005,1,0.0,1.5,1,1,100,200,-0.17979570408677548,-0.04840749896627794,-0.5533341824100575,-0.16008435667798565,782,573,209,0.022108224391858347,0.054012907496276685,0.038060565944067516,0.01595234155220917,0.6036197076392535,-0.2437380265754162,0.00016687169650269877,-0.33307880800520595
48,200,0.0025,1,0.0,1.5,1,1,100,200,-0.196678872935397,-0.053349425690982444,-0.5421065131368394,-0.17823105377758636,863,631,232,0.023763031606817805,0.059308290584146946,0.041535661095482374,0.017772629488664572,0.47284485167782186,-0.16019757962126335,0.00016522065088486848,-0.3333142349482815
48,120,0.005,1,0.0,1.5,1,1,100,200,-0.21222241096720684,-0.057968548245723506,-0.5284804947777262,-0.22246592462249484,717,521,196,0.019328148270726462,0.05004137018037399,0.03468475922555023,0.015356610954823763,0.43614345175793745,-0.2148740937251037,0.000130036107254199,-0.33333209186571133
30,120,0.01,1,0.2,2.5,1,1,100,200,-0.250276475481781,-0.06957276768509668,-0.49647013771740345,-0.31178789246745087,607,452,155,0.015124937944729439,0.036902200893595895,0.026013569419162667,0.010888631474433228,0.3821787948122599,-0.26518459797828386,7.714590244410036e-05,-0.33339723116717096
12,120,0.0025,1,0.0,1.5,1,1,100,200,-0.21541764958448062,-0.05892653903933154,-0.5269511691632716,-0.22259902331055806,739,541,198,0.01972530200231673,0.05129902366374317,0.03551216283302995,0.01578686083071322,0.3636655955921755,-0.16738813976704325,0.0001325708898600622,-0.3335320747864952
12,200,0.01,1,0.2,2.5,1,1,100,200,-0.248475639480084,-0.06901378322934215,-0.5004874420363624,-0.3027502440933794,655,490,165,0.016316399139500247,0.039417507860334274,0.02786695349991726,0.011550554360417012,0.4271354173856132,-0.26929026884862717,9.570522769035694e-05,-0.33439501645219233
48,200,0.0,1,0.0,1.5,1,1,100,200,-0.184953509624325,-0.04990910185623865,-0.5538930940693485,-0.15462230705287783,901,656,245,0.024656627502895913,0.06185669369518451,0.04325666059904021,0.0186000330961443,0.5516726798149512,-0.1757084251937936,0.0001774178789780883,-0.33458676424355677
20,60,0.0,1,-999.0,1.5,1,1,100,200,-0.19887368834562025,-0.053997580412809,-0.5569809368749623,-0.04236818634032704,478,347,131,0.04709581333774615,0.11421479397650174,0.08065530365712395,0.03355949031937779,0.20761213479323892,-0.15744964454484467,5.56244685062356e-05,-0.3346064581673065
48,96,0.005,1,0.2,1.5,1,1,100,200,-0.23789460219006486,-0.06574952806007706,-0.5055379327271657,-0.32906184844470016,579,418,161,0.012609630977991063,0.03485023994704617,0.023729935462518618,0.011120304484527553,0.3815140192777309,-0.26308153922839306,7.390150510121119e-05,-0.33497158684589495
20,120,0.0,1,0.0,1.5,1,1,100,200,-0.2111334616054632,-0.05764272692362238,-0.5335298200685811,-0.21272510567604977,762,557,205,0.02048651332119808,0.05298692702300182,0.03673672017209995,0.01625020685090187,0.39554327487680707,-0.17250037703022925,0.00013950484923429686,-0.3350438922417154
12,200,0.0025,1,0.2,0.75,1,1,100,200,-0.33519054189170994,-0.09715429659381791,-0.40255302423374917,-0.7365445156750103,430,314,116,0.008439516796293232,0.023729935462518618,0.016084726129405924,0.007645209333112692,0.010890372264360293,-0.18456416338658976,-0.00021792609502412208,-0.335258034494443
30,120,0.005,1,-0.2,1.5,1,1,100,200,-0.23795011080104633,-0.06576656358177091,-0.5190002724429827,-0.20213025977686655,773,577,196,0.028131722654310774,0.06837663412212477,0.04825417838821777,0.020122455733907,0.2676952642193817,-0.11515880969315473,0.00010492247352552056,-0.33537321279210563
12,200,0.005,1,0.0,0.75,1,1,100,200,-0.3270087528601585,-0.09438540569733189,-0.42092380091021153,-0.6118137557778806,503,369,134,0.013403938441171603,0.032268740691709416,0.02283633956644051,0.009432401125268906,0.04021656866881296,-0.16797183766272505,-9.981036597620314e-05,-0.33543799394133167
48,96,0.0025,1,0.0,1.5,1,1,100,200,-0.23986195348655237,-0.06635387425750106,-0.5113465638841005,-0.27224460812033613,713,525,188,0.019030282972033758,0.049677312593082903,0.03435379778255833,0.015323514810524574,0.2815369780032764,-0.152721803464826,0.00010571343939859907,-0.33563938660556814
30,60,0.0025,1,0.2,1.5,1,1,100,200,-0.24821619651181404,-0.06893333419489578,-0.4984913702412359,-0.3548048737437243,536,386,150,0.011517458216117823,0.03250041370180374,0.022008935958960783,0.010491477742842958,0.28069079212604886,-0.23251710244972856,4.2442610481956875e-05,-0.3359192630027
48,60,0.0025,1,0.0,2.5,1,1,100,200,-0.21471279610189542,-0.058714960028359076,-0.5350235696235845,-0.19435370820225265,743,553,190,0.021578686083071324,0.053681946053284794,0.03763031606817806,0.016051629985106734,0.44765021233290625,-0.21341505304578434,0.0001350015863130982,-0.335944430250264
48,60,0.0,1,0.2,1.5,1,1,100,200,-0.22237327505106408,-0.06102211961637061,-0.5203664154638267,-0.2954342212063694,566,407,159,0.012179381102101604,0.03468475922555023,0.023432070163825914,0.01125268906172431,0.3472723487118561,-0.23395927925767768,8.783774713169013e-05,-0.33597703840860244
20,200,0.005,1,0.0,0.75,1,1,100,200,-0.327577054145303,-0.09457691288422088,-0.422058168467238,-0.6159585137524316,502,369,133,0.013370842296872415,0.03210325997021347,0.022737051133542942,0.009366208836670527,0.042510012586465695,-0.1709180385202267,-0.00010204176568408328,-0.33640392280546144
20,96,0.0,1,0.0,2.5,1,1,100,200,-0.19967578541642417,-0.05423478121994407,-0.5485309948965378,-0.16123911369354074,831,606,225,0.02349826245242429,0.05950686744994208,0.041502564951183187,0.018004302498758895,0.5339010456597746,-0.20938855273909984,0.00015909993547330277,-0.33656223435289
20,200,0.005,1,0.0,2.5,1,1,100,200,-0.1728614959686,-0.04639984377519035,-0.5693751402543901,-0.11633763855129849,882,653,229,0.02670858844944564,0.06271719344696343,0.044712890948204534,0.018004302498758895,0.7907503132967326,-0.28201567023706164,0.0001828935463546734,-0.3369042958299503
48,200,0.0025,1,0.0,2.5,1,1,100,200,-0.19204133664316203,-0.05198426067085271,-0.5565943150345591,-0.1373422253850651,968,716,252,0.028727453251696178,0.06837663412212477,0.048552043686910476,0.019824590435214298,0.6444490200511144,-0.202703561573365,0.0001791811729637568,-0.33714852945738555
48,120,0.005,1,0.0,0.75,1,1,100,200,-0.32938536174436195,-0.0951870880347111,-0.4203867724284397,-0.6358423223074794,456,328,128,0.011087208340228364,0.02942247228197915,0.020254840311103757,0.009167631970875393,0.022061991204809672,-0.1757865524138036,-0.00014221019779987298,-0.3371725903643049
12,120,0.0025,1,-999.0,1.5,1,1,100,200,-0.2748637978270325,-0.07730734675329687,-0.5044610305203875,-0.15686025496406147,497,364,133,0.05517127254674831,0.12480556015224227,0.08998841634949528,0.03481714380274698,-0.008943244075266144,-0.06185443557758186,2.250857019093425e-05,-0.3373808747616937
20,96,0.01,1,-0.2,0.75,1,1,100,200,-0.32874923038933,-0.09497229848963118,-0.4286208517525123,-0.5668277777449406,428,327,101,0.015588283964918088,0.03432070163825914,0.024954492801588617,0.009366208836670527,-0.07828493859733898,-0.09790894991097088,-0.00012617316383990593,-0.33762411325313435
20,96,0.005,1,0.2,1.5,1,1,100,200,-0.23986282641789203,-0.06635414267142081,-0.5093963794816355,-0.3348204473024232,567,409,158,0.012444150256495118,0.03402283633956644,0.023233493298030778,0.010789343041535662,0.3984519262076729,-0.2782318615994168,6.695469897444783e-05,-0.3377933547773597
12,120,0.0,1,0.0,2.5,1,1,100,200,-0.19745334777728962,-0.0535779854458891,-0.553424201691066,-0.15105033027586037,879,645,234,0.02515306966738375,0.06294886645705776,0.04405096806222075,0.018897898394837003,0.5963355883762151,-0.21969165690130876,0.00016620727256556336,-0.3378426028052151
20,96,0.01,1,-999.0,2.5,1,1,100,200,-0.3233193745104409,-0.09314509167970586,-0.4695004119794963,-0.1994554477965567,445,335,110,0.061724309117987756,0.11984113850736389,0.09078272381267583,0.02905841469468807,-0.015906036965354198,-0.14098279481226217,1.3232438821959944e-06,-0.3378680700592819
20,60,0.0,1,-0.2,1.5,1,1,100,200,-0.2328754523989749,-0.06421298735582004,-0.527666531364323,-0.19646701213484646,741,541,200,0.02674168459374483,0.0661922885983783,0.046466986596061556,0.01972530200231673,0.277638435123192,-0.13023033341061407,0.00010318933712692347,-0.33786960364472385
30,120,0.0,1,0.0,1.5,1,1,100,200,-0.22479553534872054,-0.06175519328860868,-0.5286041436371971,-0.2374484665642224,754,553,201,0.020321032599702134,0.052490484858513986,0.03640575872910806,0.016084726129405924,0.3480359361373633,-0.16153534279415893,0.00012703249436813637,-0.3379296884354184
30,60,0.005,1,-0.2,2.5,1,1,100,200,-0.2517448862749665,-0.07002931191293071,-0.5167788267461787,-0.19853437364842583,759,570,189,0.030779414198245904,0.07003144133708424,0.050405427767665066,0.019626013569419162,0.34132893128102704,-0.1846006238362572,9.611862452558954e-05,-0.33834544396844135
48,200,0.005,1,0.2,1.5,1,1,100,200,-0.22158294345543095,-0.06078330380223662,-0.5271968332967008,-0.2815769491511329,685,497,188,0.015158034089028629,0.04037729604501076,0.027767665067019692,0.012609630977991063,0.5263794236111183,-0.28165528721031063,0.00012767252659951826,-0.33846056790814366
48,200,0.01,1,0.0,999.0,1,1,100,200,-0.2644879784808478,-0.07401974939733891,-0.5065006723596757,-0.2269815209909542,844,633,211,0.02753599205692537,0.06195598212808208,0.04474598709250372,0.017209995035578355,0.4831221061888866,-0.24363578750463288,0.00012003024039065386,-0.33861916162672445
48,120,0.005,1,-999.0,999.0,1,1,100,200,-0.28502795878287057,-0.08056225281682072,-0.5076866763832946,-0.08745807489978363,497,368,129,0.07754426609300016,0.15995366539798114,0.11874896574549065,0.04120469965249048,0.20511193901508973,-0.2393045152179476,2.8827797680646197e-05,-0.33877849475345717
20,120,0.005,1,0.0,2.5,1,1,100,200,-0.19728341993353316,-0.05352782290105318,-0.5545609398471777,-0.16129217610184088,797,589,208,0.023465166308125104,0.05722323349329803,0.040344199900711565,0.016879033592586464,0.6114164846904073,-0.25789721178480884,0.0001563123567735913,-0.33887290162973405
20,200,0.005,1,-0.2,1.5,1,1,100,200,-0.22108740466591603,-0.06063365872114823,-0.5407804953503754,-0.16433565956520288,868,647,221,0.03326162502068509,0.07668376634122125,0.05497269568095317,0.02171107066026808,0.4120692328683031,-0.14854112228791694,0.00012605469746857902,-0.33924068937459606
48,60,0.0,1,-0.2,1.5,1,1,100,200,-0.24165542369291004,-0.06690582886717411,-0.5237636780978857,-0.21138856089112032,745,551,194,0.02660930001654807,0.06672182690716531,0.04666556346185669,0.02005626344530862,0.19670880794812318,-0.08020033049660169,9.74009436559924e-05,-0.339357095960673
12,200,0.005,1,0.0,1.5,1,1,100,200,-0.2011075029771403,-0.0546586203834275,-0.5500767968025707,-0.195535156059304,781,572,209,0.0219427436703624,0.05404600364057587,0.037994373655469135,0.016051629985106734,0.5423889951305501,-0.23452884172362842,0.00015035776618855666,-0.3394737765876781
48,120,0.005,1,0.0,2.5,1,1,100,200,-0.2102055039958861,-0.0573653414440195,-0.546528861793862,-0.1796460501000467,815,599,216,0.023763031606817805,0.05858017540956478,0.041171603508191296,0.01740857190137349,0.5927637132171495,-0.2546126641226456,0.0001491302875204093,-0.3396120748459528
12,60,0.01,1,0.0,999.0,1,1,100,200,-0.2899224782841844,-0.08214202946594573,-0.4871388468329445,-0.2847805497895111,695,531,164,0.024160185338408077,0.05189475426112858,0.03802746979976833,0.013867284461360251,0.3843604331663173,-0.27387454590413585,6.88779412528658e-05,-0.3399504803718935
48,96,0.005,1,-0.2,1.5,1,1,100,200,-0.2513384397046382,-0.0699028762594891,-0.5180510987930391,-0.2248085127967021,766,576,190,0.028032434221413206,0.0676816150918418,0.0478570246566275,0.019824590435214298,0.23679539501665525,-0.11209999259722181,9.528540876911909e-05,-0.3401688512958438
48,60,0.0025,0,-999.0,0.75,1,1,100,200,-0.3026607470961459,-0.08629210762158734,-0.4995242580219347,-0.08646560267525633,346,244,102,0.07443322852887639,0.1673672017209995,0.12090021512493794,0.046466986596061556,-0.08876273963952197,-0.09016135925315782,1.1897044407464388e-05,-0.3403775167663175
20,120,0.005,1,-0.2,1.5,1,1,100,200,-0.2488046041829418,-0.06911581976185022,-0.5206951875326684,-0.21833456448623018,773,578,195,0.028561972530200232,0.06854211484362072,0.048552043686910476,0.019990071156710244,0.26000786964499056,-0.1224407369509849,9.793033059598398e-05,-0.3403801417524959
30,60,0.01,1,-999.0,1.5,1,1,100,200,-0.30319663863875934,-0.08646794056082852,-0.4844108800422159,-0.23492893159959302,402,306,96,0.04557339069998345,0.09124606983286447,0.06840973026642397,0.02283633956644051,-0.07176723658851925,-0.08215707411029483,-9.229257605944606e-06,-0.3404198271619161
12,60,0.005,1,-999.0,1.5,1,1,100,200,-0.27968822549955374,-0.07884799717668123,-0.5052921249288346,-0.18266849760319162,448,334,114,0.049313255005791826,0.10716531524077445,0.07823928512328314,0.028926030117491314,0.02147124065388506,-0.11773172515166519,1.2723367287083614e-05,-0.3406274845212581
48,200,0.01,1,-0.2,999.0,1,1,100,200,-0.326539042563485,-0.09422721336616491,-0.46832337834931625,-0.24800867074044008,945,725,220,0.041866622538474264,0.08720834022836339,0.06453748138341883,0.022670858844944564,0.2544789457063734,-0.13879903567428342,8.482170800816714e-05,-0.34078933607784506
30,96,0.0,1,0.2,1.5,1,1,100,200,-0.22583174132499784,-0.06206931549450878,-0.5286602162921867,-0.2945542890492803,604,433,171,0.013172265431077279,0.03686910474929671,0.025020685090186994,0.011848419659109714,0.3867693166002961,-0.2448714842123073,9.745012706725152e-05,-0.34112713809306616
20,96,0.0,1,-999.0,2.5,1,1,100,200,-0.2545594251340396,-0.07090626220424812,-0.5341057015532338,-0.06677629521957898,528,382,146,0.06357769319874235,0.14525897732914114,0.10441833526394174,0.040840642065199405,0.1862963261609436,-0.1817193927205385,4.1569353465386946e-05,-0.341297927741844
30,120,0.0025,1,0.0,0.75,1,1,100,200,-0.3455463373072767,-0.10069578846726968,-0.4144916796342486,-0.676393158154033,464,338,126,0.011318881350322687,0.030051299023663745,0.020685090186993216,0.009366208836670527,-0.04640180019522211,-0.1344443465568379,-0.00016131729680045453,-0.3417612861920956
30,120,0.005,1,0.0,2.5,1,1,100,200,-0.21174625858340157,-0.05782603858424462,-0.5496809226416117,-0.18484257275810675,795,586,209,0.02326658944232997,0.0570246566275029,0.04014562303491643,0.016879033592586464,0.5714647714369279,-0.2534882976174301,0.00014555003416094497,-0.34190862854295584
48,96,0.0025,1,0.0,0.75,1,1,100,200,-0.3459340506925491,-0.10082919279322577,-0.4148385482147683,-0.678550538331995,457,335,122,0.011351977494621877,0.029621049147774286,0.02048651332119808,0.009134535826576204,-0.045152155901430735,-0.13910839078636184,-0.00016836543889104126,-0.34217599381720964
48,96,0.0,1,0.2,1.5,1,1,100,200,-0.24629261287700588,-0.06833751056719839,-0.5148147445434798,-0.3347320212631377,622,449,173,0.013635611451265928,0.037663412212477244,0.025649511831871585,0.012013900380605659,0.34194950635053334,-0.2334050420994982,7.9893161663696e-05,-0.34248148390209515
48,200,0.01,1,-0.2,0.75,1,1,100,200,-0.33808339337295634,-0.09813941171748841,-0.4333711159769551,-0.5545788088720724,527,405,122,0.01969220585801754,0.04100612278669535,0.030349164322356445,0.010656958464338905,-0.0712884859187285,-0.0723424963508017,-7.269224308508064e-05,-0.3425539101495696
30,60,0.005,1,0.2,2.5,1,1,100,200,-0.2632483328069075,-0.07362929504264548,-0.5042548224842511,-0.33902206453765754,605,444,161,0.014661591924540791,0.03716697004798941,0.0259142809862651,0.01125268906172431,0.3902735947013627,-0.28282063031292126,5.963918422834498e-05,-0.3427078095116539
12,120,0.005,1,0.2,1.5,1,1,100,200,-0.23637943917768212,-0.0652848852771084,-0.5245132778428063,-0.32199042242348386,595,429,166,0.013072976998179713,0.03557835512162833,0.024325666059904022,0.01125268906172431,0.4447027360347615,-0.2882392454430215,8.255820308147574e-05,-0.34364104531968576
30,96,0.0,1,0.0,2.5,1,1,100,200,-0.2029531768638726,-0.055205846295396155,-0.5604183725643206,-0.16566001592769045,828,610,218,0.023729935462518618,0.059473771305642895,0.041601853384080754,0.017871917921562137,0.5327510792329249,-0.2132167881529322,0.00015625208099467945,-0.34369803337394095
12,96,0.005,1,0.2,1.5,1,1,100,200,-0.23642976151504935,-0.0653003061201759,-0.5242874705321634,-0.32704213321150605,573,413,160,0.012708919410888631,0.03435379778255833,0.023531358596723482,0.01082243918583485,0.42276961898940413,-0.2852224632867786,7.370921210718222e-05,-0.3437961480468329
48,200,0.0,1,0.0,2.5,1,1,100,200,-0.1895483708130249,-0.05125282523216301,-0.5729089190570523,-0.12970819550166704,1012,741,271,0.02929008770478239,0.0713221909647526,0.0503061393347675,0.021016051629985107,0.7281753695507993,-0.22205793943572483,0.0001843981147644463,-0.3441926945357725
20,60,0.01,1,0.0,999.0,1,1,100,200,-0.286730604142861,-0.0811108839253114,-0.4980369272007761,-0.28248090443132395,677,516,161,0.02326658944232997,0.05047162005626345,0.03686910474929671,0.013602515306966738,0.40385758529153604,-0.2871863889998808,6.708406961158399e-05,-0.34425339274726563
30,200,0.0025,1,0.2,0.75,1,1,100,200,-0.3453314476928915,-0.10062187481879814,-0.4116663926260795,-0.7671562474083362,441,325,116,0.009002151249379448,0.024226377627006454,0.01661426443819295,0.007612113188813503,0.00686597353439411,-0.18934568825663323,-0.00022695684930145932,-0.3448128835022547
48,120,0.01,0,-999.0,0.75,1,1,100,200,-0.25901795047339427,-0.07230053778995316,-0.542106420259165,-0.03536148195524977,324,232,92,0.0823101108720834,0.16028462684097303,0.12129736885652821,0.038987257984444815,-0.08689747840221951,-0.04575158786440103,2.3824689563861013e-05,-0.34512182201729813
20,200,0.0025,1,0.2,0.75,1,1,100,200,-0.3456064038432981,-0.10071645226708814,-0.41191348856992505,-0.7720765703676761,430,315,115,0.00850570908489161,0.023663743173920237,0.016084726129405924,0.0075790170445143145,0.004893134784975439,-0.19254965170241423,-0.00024109158668513003,-0.34527702507043445
12,96,0.0,1,0.2,1.5,1,1,100,200,-0.22151191309799467,-0.060761849344610375,-0.5408680184109167,-0.284854348136839,622,443,179,0.013602515306966738,0.03763031606817806,0.0256164156875724,0.012013900380605659,0.4453588862248654,-0.2648505517060633,0.00010856827628143761,-0.3454385759569107
30,60,0.0025,1,-0.2,1.5,1,1,100,200,-0.2770524314019356,-0.07800531775548147,-0.5071634337626495,-0.2770540759577252,688,510,178,0.02505378123448618,0.061989078272381266,0.043521429753433725,0.01846764851894754,0.1480014729349317,-0.11161949482043276,6.238805199708299e-05,-0.3454397384346925
30,96,0.0025,1,0.0,2.5,1,1,100,200,-0.22103701656664687,-0.060618446289259276,-0.5510960039269,-0.19808348664731731,793,589,204,0.023101108720834023,0.057057752771802084,0.040079430746318055,0.016978322025484032,0.4828974219743083,-0.21900808845951403,0.00013842950461441964,-0.3460706225850751
30,120,0.005,1,0.2,1.5,1,1,100,200,-0.2515957423051849,-0.06998291086877362,-0.516887903914256,-0.35388185604548583,589,424,165,0.0128082078437862,0.035313585967234815,0.02406089690551051,0.01125268906172431,0.3927265437150236,-0.27855686154651316,6.132420652444735e-05,-0.3461209556281759
20,120,0.01,0,-999.0,0.75,1,1,100,200,-0.25889176125061375,-0.07226098937381875,-0.544163499304448,-0.04218701041910995,324,236,88,0.07933145788515637,0.1539301671355287,0.11663081251034255,0.03729935462518617,-0.10020027039313317,-0.03147890627400607,2.3070526474087285e-05,-0.34645208954699824
30,120,0.0025,0,-999.0,0.75,1,1,100,200,-0.29004036707506997,-0.082180180313696,-0.5232879993521,-0.05938853167596567,363,254,109,0.08287274532516961,0.18255833195432733,0.13271553863974847,0.04984279331457885,-0.09694128331480101,-0.057325350015271725,1.8437444805821533e-05,-0.3467936065735443
12,96,0.0025,1,0.0,1.5,1,1,100,200,-0.2318774723625745,-0.0639083688703238,-0.5401639239928451,-0.2564115289601712,714,523,191,0.019162667549230513,0.049677312593082903,0.03441999007115671,0.015257322521926195,0.34661179886743376,-0.18478907591269378,0.00011332388447206383,-0.3468109073147549
48,96,0.0,1,0.0,2.5,1,1,100,200,-0.24050152996990426,-0.06655059686011966,-0.5381707187045172,-0.22551113925244365,846,625,221,0.02435876220420321,0.060499751778917754,0.042429256991560485,0.018070494787357273,0.4438278006248775,-0.19691038245449977,0.0001321629361100116,-0.3469115131750004
12,120,0.0,1,0.2,1.5,1,1,100,200,-0.2268175221495281,-0.06236844418415721,-0.5401516081696442,-0.290752980820959,646,461,185,0.014032765182856198,0.038921065695846434,0.026476915439351316,0.012444150256495118,0.46279246180023925,-0.26985101078524487,0.00011036045678304205,-0.34698189731002727
20,96,0.0,1,-0.2,1.5,1,1,100,200,-0.2703478966411267,-0.07587216946783659,-0.5172685685040883,-0.24974153900828866,790,580,210,0.028495780241601855,0.07099122952176072,0.049743504881681284,0.02124772464007943,0.16760444888131865,-0.07229623556592635,8.55713202217759e-05,-0.3469935306702952
20,120,0.005,1,0.2,1.5,1,1,100,200,-0.25538142284586385,-0.071162847419863,-0.5158212951788024,-0.36161579721311343,590,426,164,0.012841303988085388,0.03534668211153401,0.024093993049809696,0.01125268906172431,0.39239742377282605,-0.28167733794923167,5.700744125516822e-05,-0.34715428486991984
30,120,0.0025,1,-999.0,1.5,1,1,100,200,-0.288991560221168,-0.08184093497774636,-0.5132981805183454,-0.17699734220303198,493,358,135,0.05493959953665398,0.12477246400794308,0.08985603177229853,0.03491643223564455,0.006107458623961781,-0.0957037093054599,1.65434255490613e-05,-0.3473398923470707
30,96,0.01,0,-999.0,0.75,1,1,100,200,-0.2723201811364333,-0.07649815052886166,-0.5366718601580414,-0.05718609515641645,317,231,86,0.0777428429587953,0.1512162833029952,0.11447956313089525,0.03673672017209995,-0.14769406168814359,0.00045533914730544467,1.8495676063327172e-05,-0.34769338536570316
20,60,0.005,1,-0.2,0.75,1,1,100,200,-0.36814076640785165,-0.10857100384935725,-0.41549323278125616,-0.648921827910355,452,336,116,0.015290418666225384,0.036140989574714545,0.025715704120469966,0.01042528545424458,-0.0662003462627353,-0.15171511914762026,-0.00016213592968569458,-0.34876371163550307
12,96,0.0,1,0.0,2.5,1,1,100,200,-0.2160095113372641,-0.0591043109079229,-0.5611394150977007,-0.18360567531961453,850,623,227,0.0243918583485024,0.060996193943405594,0.042694026145953995,0.018302167797451595,0.5603373266130172,-0.2313765858785113,0.00014999180293145926,-0.348854302222754
12,120,0.005,0,-999.0,0.75,1,1,100,200,-0.30162837261291675,-0.08595365755534268,-0.516936071675659,-0.08962920079455762,358,254,104,0.07893430415356611,0.17061062386232004,0.12477246400794308,0.04583815985437697,-0.07558096477600629,-0.0964007520810467,1.2247173885130314e-05,-0.34890315343290007
12,200,0.005,1,-0.2,1.5,1,1,100,200,-0.24328134488125497,-0.06740706530062779,-0.544042758055165,-0.1979007861106047,866,646,220,0.032963759721992385,0.0765182856197253,0.05474102267085885,0.021777262948866456,0.3673640081206435,-0.14661140370141434,0.00011337221320451639,-0.34932348363374055
12,96,0.005,1,-999.0,1.5,1,1,100,200,-0.26652597208153295,-0.07466273499991039,-0.5337478565770049,-0.15597011326503765,468,349,119,0.05295383087870263,0.11530696673837498,0.0841303988085388,0.031176567929836176,0.05130813346769747,-0.11833207937242407,2.1501821288042128e-05,-0.3493351689516647
12,200,0.005,1,0.0,2.5,1,1,100,200,-0.20806487159783715,-0.05672639333296969,-0.5696437061666351,-0.17027026687596356,879,650,229,0.02641072315075294,0.06261790501406586,0.0445143140824094,0.018103590931656463,0.6913684787126826,-0.27327260150449895,0.00015931888212956924,-0.3500617597600854
30,120,0.0025,1,0.0,1.5,1,1,100,200,-0.25681953558585946,-0.07161226309258062,-0.527779611540555,-0.3005404346214125,721,528,193,0.019162667549230513,0.05027304319046831,0.034717855369849414,0.015555187820618897,0.2882397544338786,-0.17262974672806863,9.278736167119778e-05,-0.3505290905939287
20,60,0.01,1,-999.0,1.5,1,1,100,200,-0.30924537958742215,-0.0884596750800305,-0.5002522787319066,-0.2409362151545082,401,305,96,0.0463346020188648,0.09247062717193447,0.06940261459539963,0.023068012576534833,-0.04876956062104676,-0.11256637700269656,-1.1842872432508462e-05,-0.3506326252037092
48,60,0.01,1,-999.0,2.5,1,1,100,200,-0.31899821174974197,-0.09169881055469176,-0.49831571838592803,-0.20092207744922264,437,331,106,0.05950686744994208,0.11318881350322688,0.08634784047658448,0.026840973026642397,0.03685589830835223,-0.1827650615751888,6.729222137662543e-07,-0.3509027736201169
48,200,0.0025,1,0.0,0.75,1,1,100,200,-0.35867470051703265,-0.10524634974243852,-0.42480947994609863,-0.676102549135601,547,404,143,0.01469468806883998,0.03514810524573887,0.024921396657289426,0.010226708588449446,-0.043614907184305274,-0.1184340243659533,-0.00011414192051262977,-0.3514562171722679
12,60,0.0025,1,-0.2,1.5,1,1,100,200,-0.28887227773910407,-0.0818023758267773,-0.5105896074352092,-0.2890200654267506,736,547,189,0.027006453748138343,0.06519940426940261,0.04610292900877048,0.019096475260632136,0.14718625090111437,-0.10427640651012726,6.466594076278867e-05,-0.3515481828157194
12,96,0.005,1,-999.0,2.5,1,1,100,200,-0.280217766954064,-0.07901757356892491,-0.5321093317487765,-0.13268741151643432,493,364,129,0.06440509680622207,0.13496607645209333,0.0996855866291577,0.03528048982293563,0.14312551672453777,-0.1942736525877924,2.412614359192335e-05,-0.3517066100191349
20,60,0.005,1,-0.2,2.5,1,1,100,200,-0.25269864956061594,-0.07032620678722457,-0.543419113743088,-0.19732747687697547,774,578,196,0.03134204865133212,0.0707264603673672,0.05103425450934966,0.01969220585801754,0.4121452113509232,-0.22065382919462873,9.870902091290596e-05,-0.35190213750261734
30,60,0.0,1,-0.2,0.75,1,1,100,200,-0.35766571703583083,-0.10489415071967634,-0.43411433845931136,-0.6097523434199377,482,354,128,0.01591924540790998,0.03908654641734238,0.02750289591262618,0.0115836505047162,-0.1009278819671916,-0.09080357886550916,-0.00012176052087276727,-0.3524389371203289
20,120,0.0025,1,0.0,1.5,1,1,100,200,-0.250111860695608,-0.06952162902903425,-0.5371729936729435,-0.28708068447600904,727,531,196,0.019228859837828894,0.0506040046334602,0.03491643223564455,0.015687572397815656,0.32099097240983765,-0.18341356964014155,0.00010025384069910997,-0.3524621600893064
30,96,0.005,1,-999.0,2.5,1,1,100,200,-0.29569574643895236,-0.0840159630242584,-0.5224310245127509,-0.1506143303656247,495,363,132,0.06480225053781234,0.13516465331788846,0.09998345192785041,0.03518120139003806,0.10547052509651267,-0.18392906781871254,1.930369242336945e-05,-0.3527621917989151
48,96,0.0025,1,0.0,2.5,1,1,100,200,-0.2627523730933713,-0.07347321928026052,-0.5320540707908843,-0.26762977136449484,808,601,207,0.023564454741022672,0.057918252523581,0.04074135363230184,0.017176898891279165,0.3853412610710545,-0.2028217098421098,0.00010910754015750241,-0.3528817432439274
30,120,0.005,0,-999.0,0.75,1,1,100,200,-0.2913905064489075,-0.0826174477301107,-0.5341078311507232,-0.06682474975320986,351,248,103,0.08224391858348502,0.17617077610458381,0.1292073473440344,0.046963428760549396,-0.06684978814767317,-0.09490711670152441,1.632992158322544e-05,-0.35301260079313285
48,200,0.0,1,-0.2,1.5,1,1,100,200,-0.24027660518427152,-0.06648139975536982,-0.5553787079029622,-0.17930284888226045,1010,743,267,0.036471951017706436,0.0877709746814496,0.06212146284957802,0.025649511831871585,0.37062870061290476,-0.08143638234449324,0.0001301560921400558,-0.3531358961509639
30,200,0.01,1,-0.2,0.75,1,1,100,200,-0.3582013671341041,-0.10508107478114836,-0.43545550920778175,-0.6113018305165895,516,397,119,0.019427436703624026,0.04027800761211319,0.02985272215786861,0.01042528545424458,-0.0693538084861286,-0.10733155962532448,-0.00010489102634621485,-0.3533739209108687
12,96,0.005,1,-0.2,1.5,1,1,100,200,-0.26201418676717303,-0.07324106184684487,-0.536099852259615,-0.24239003105320012,749,562,187,0.028462684097302664,0.06672182690716531,0.04759225550223399,0.019129571404931326,0.23525159517024474,-0.13108649422479768,8.522794951779676e-05,-0.35341048952931237
20,96,0.0025,1,0.0,2.5,1,1,100,200,-0.23914219416418558,-0.06613263714620321,-0.5520110105097169,-0.22883829280848297,793,584,209,0.02283633956644051,0.05685917590600695,0.03984775773622373,0.01701141816978322,0.47143489926729454,-0.23121788021204726,0.00012493343167557604,-0.3535800570414858
48,120,0.0025,1,0.0,0.75,1,1,100,200,-0.35901264993054804,-0.105364408316868,-0.42653934402217586,-0.7067586221026636,474,344,130,0.011550554360417012,0.03061393347674996,0.021082243918583484,0.009531689558166474,-0.03800146282669792,-0.15544375064183946,-0.00017464479438109774,-0.3539720114330891
30,96,0.0,1,-0.2,1.5,1,1,100,200,-0.2624518655296404,-0.07337868951230697,-0.538344201746598,-0.23535834356331625,802,595,207,0.028892933973192123,0.07112361409895747,0.050008274036074794,0.021115340062882675,0.1867007891883492,-0.0717931321594012,9.354550723108518e-05,-0.3543187075637718
12,120,0.0025,0,-999.0,0.75,1,1,100,200,-0.308268180574648,-0.08813701898180637,-0.5233429339315486,-0.09027052572368605,373,262,111,0.07870263114347179,0.17666721826907164,0.1276849247062717,0.048982293562799935,-0.09108841143148805,-0.0828670653036222,1.2755701337793468e-05,-0.35432201223376497
12,60,0.0025,1,-999.0,2.5,1,1,100,200,-0.32714089945504266,-0.09442992587338472,-0.5000184041768952,-0.19805084043973498,493,358,135,0.06010259804732749,0.1317226543107728,0.09591262617905014,0.035810028131722654,0.031178518112960907,-0.16503045384089343,6.92330558620476e-06,-0.3543416699838191
48,200,0.0025,1,-0.2,1.5,1,1,100,200,-0.2635052893289095,-0.07371018880709279,-0.5393820717254151,-0.2189506748830167,967,718,249,0.03547906668873076,0.08399801423134205,0.059738540460036405,0.024259473771305645,0.2771258652345008,-0.0646593129866283,0.00011438476824329679,-0.3543487584139512
12,96,0.005,1,-999.0,999.0,1,1,100,200,-0.3239240287752354,-0.09334801951818461,-0.5092416980679897,-0.14764367029577985,474,354,120,0.07171934469634288,0.14757570743008439,0.10964752606321364,0.03792818136687076,0.026234547686696752,-0.1649693770678725,1.307502466435379e-05,-0.35535105206696843
20,96,0.0,1,0.2,1.5,1,1,100,200,-0.25819470262588207,-0.07204261817324165,-0.531020658934179,-0.3611290559329194,610,436,174,0.01320536157537647,0.036902200893595895,0.02505378123448618,0.011848419659109714,0.3493461631978545,-0.2541362594304424,6.143813605392503e-05,-0.35560940043697714
12,120,0.0025,1,-999.0,2.5,1,1,100,200,-0.30304139788694684,-0.08641699363750377,-0.5247650701925133,-0.15029974180400563,522,380,142,0.0676816150918418,0.14618566936951846,0.10693364223068012,0.039252027138838325,0.11339014163331673,-0.18728398463635532,2.0212474678432685e-05,-0.3563145158239607
48,60,0.0025,1,-0.2,1.5,1,1,100,200,-0.2878986155784008,-0.0814878118274237,-0.5206737615664094,-0.29181529944208,712,532,180,0.025649511831871585,0.06384246235313586,0.04474598709250372,0.019096475260632136,0.12168333623786287,-0.09360174088381024,5.966529313469082e-05,-0.3564154575827324
30,120,0.0025,1,-999.0,2.5,1,1,100,200,-0.29503706229389126,-0.08380158140298732,-0.5313239505541992,-0.14036993074018125,523,379,144,0.06794638424623531,0.14658282310110873,0.10726460367367202,0.039318219427436706,0.17822041087397977,-0.22279398727389765,2.2837221318182773e-05,-0.35648205321709603
30,200,0.005,1,-0.2,2.5,1,1,100,200,-0.24960228658015227,-0.06936337983713015,-0.5582908497081753,-0.17031818331671775,997,749,248,0.04017871917921562,0.08955816647360583,0.06486844282641073,0.024689723647195103,0.5088691061309933,-0.18117729484247802,0.0001251754304421913,-0.3570247138570537
30,120,0.0,1,0.2,1.5,1,1,100,200,-0.26482751110032354,-0.07412677890943975,-0.5294760609044936,-0.3690691162492951,631,454,177,0.013801092172761873,0.038159854376965084,0.02598047327486348,0.012179381102101604,0.341601211317313,-0.2486885967083483,6.185285384164858e-05,-0.35731826517415133
48,60,0.005,0,-999.0,0.75,1,1,100,200,-0.32231161587310475,-0.09280717997248866,-0.5178161225142089,-0.11513796981624465,334,238,96,0.07396988250868773,0.16114512659275196,0.11755750455071984,0.043587622042032106,-0.0831893300937272,-0.1264340473107407,3.872794526446396e-06,-0.35747213972040537
12,120,0.0025,1,0.0,2.5,1,1,100,200,-0.24382062854202347,-0.06757349311859406,-0.5572867005327583,-0.2301574966068237,834,617,217,0.024259473771305645,0.059738540460036405,0.041999007115671026,0.01773953334436538,0.49040350664456356,-0.23004197258632808,0.0001282779638051556,-0.3577247182153144
48,96,0.0025,1,-999.0,1.5,1,1,100,200,-0.3014458262135504,-0.08589385120701598,-0.5245862794163527,-0.19234972908575118,490,359,131,0.055601522422637766,0.12391196425616416,0.08975674333940097,0.0341552209167632,-0.010105039316674058,-0.09834636897530147,1.1817092488563698e-05,-0.3578044773694799
12,60,0.0,1,-0.2,0.75,1,1,100,200,-0.36173345100807464,-0.10631659165759721,-0.4448780967750352,-0.6001570699119018,522,387,135,0.017640244911467814,0.041999007115671026,0.02981962601356942,0.012179381102101604,-0.1624201894886167,-0.01063830769950802,-0.00010026119993020238,-0.3587634935407099
12,60,0.0025,1,0.2,1.5,1,1,100,200,-0.27310234019534874,-0.07674675131583897,-0.5245523648536059,-0.3990913206772503,564,406,158,0.012212477246400795,0.03392354790666887,0.023068012576534833,0.01085553533013404,0.30979595056861275,-0.26418048945327177,2.316566299375827e-05,-0.35897749977650445
12,200,0.01,1,-0.2,0.75,1,1,100,200,-0.36437866686336795,-0.10724524455183893,-0.44149830121847344,-0.6221462932805649,512,393,119,0.019030282972033758,0.03981466159192454,0.02942247228197915,0.010392189309945392,-0.0811552821449949,-0.10635807937611919,-0.00011528016325115025,-0.3591017098251039
48,200,0.0,1,-999.0,0.75,1,1,100,200,-0.28321232489079706,-0.07997829226197717,-0.5386800684975359,-0.19983277053868617,435,318,117,0.04424954492801589,0.09475426112857852,0.0695019030282972,0.025252358100281317,-0.07259531824500542,-0.03926432500661392,7.337982074533709e-06,-0.3593099650376794
12,120,0.0025,1,-999.0,999.0,1,1,100,200,-0.34365067467117905,-0.10004438100684043,-0.5024099664122872,-0.16124399567755923,504,372,132,0.07506205527056098,0.15939103094489493,0.11722654310772795,0.04216448783716697,-0.028409161021121232,-0.1307970111130542,1.094973896306432e-05,-0.359311563996862
30,120,0.0025,1,-999.0,999.0,1,1,100,200,-0.3430263384002402,-0.09983014880048735,-0.5031171903680483,-0.1607125808872439,506,371,135,0.07519443984775774,0.15952341552209168,0.1173589276849247,0.04216448783716697,0.016497930005939354,-0.16757437194657687,1.1303500177784704e-05,-0.35942437302887364
20,120,0.0,1,0.2,1.5,1,1,100,200,-0.2688208090043871,-0.07538835963364499,-0.5308101015258118,-0.37674605233567066,638,458,180,0.013801092172761873,0.038424623531358594,0.026112857852060235,0.012311765679298361,0.3552426268628992,-0.25769676001448005,5.9856802421413946e-05,-0.3596307130133344
48,120,0.005,1,0.2,1.5,1,1,100,200,-0.2787086903551751,-0.0785345643408123,-0.5211937522568384,-0.4101671165180217,599,431,168,0.013072976998179713,0.03604170114181698,0.024557339069998345,0.011484362071818632,0.3555264815682164,-0.28202979923717475,3.0927472717129496e-05,-0.3596397962951326
20,96,0.01,1,-999.0,999.0,1,1,100,200,-0.3542229606312117,-0.10369552422754813,-0.49257701237999985,-0.19615401256874182,427,324,103,0.06857521098791991,0.13119311600198577,0.09988416349495284,0.03130895250703293,-0.09884474052097147,-0.11278671157277098,-4.854731225436795e-06,-0.35979173104598516
48,60,0.0,1,-999.0,2.5,1,1,100,200,-0.26559427161509797,-0.07436861816647056,-0.5626772647637072,-0.08483056239509815,515,375,140,0.06162502068509019,0.13721661426443818,0.0994208174747642,0.037795796789674006,0.2085520658029072,-0.21380643139504008,3.745487873383789e-05,-0.35994877866807906
48,60,0.0025,1,0.2,1.5,1,1,100,200,-0.2765406398392788,-0.07784196199207338,-0.5238718718418338,-0.412799131592869,545,393,152,0.011418169783220255,0.033129240443488334,0.022273705113354293,0.01085553533013404,0.2672666440316185,-0.2502422241868465,8.212879307626495e-06,-0.36041785449263375
48,96,0.0025,1,-999.0,2.5,1,1,100,200,-0.2944371726270262,-0.08360646620898404,-0.5401551703763522,-0.13855254181175206,523,382,141,0.06880688399801423,0.14539136190633792,0.10709912295217607,0.03829223895416184,0.1745570415669755,-0.21970650293945349,2.341581512704534e-05,-0.3606116784877477
20,60,0.005,1,-999.0,2.5,1,1,100,200,-0.29843313560765206,-0.08490851340602612,-0.5346891669466146,-0.16764128418545657,465,341,124,0.05798444481217938,0.1225881184841966,0.09028628164818799,0.0323018368360086,0.1562712866386664,-0.23438920816870568,1.3495157792448826e-05,-0.36063516108860627
30,96,0.01,1,-0.2,0.75,1,1,100,200,-0.3679041494999812,-0.10848744620710948,-0.43850502069139907,-0.6614296874480813,446,344,102,0.0158530531193116,0.03491643223564455,0.025384742677478075,0.009531689558166474,-0.09428885434681178,-0.12770151820314846,-0.0001719370795153188,-0.3608114409252131
20,200,0.01,1,-0.2,0.75,1,1,100,200,-0.36622817043789213,-0.10789627009606995,-0.4439114016913889,-0.6292601412386273,510,392,118,0.019030282972033758,0.03968227701472778,0.029356279993380772,0.010325997021347013,-0.08149241562264364,-0.10952245374711023,-0.00011922998005942514,-0.3613149780036957
48,200,0.0,1,0.2,1.5,1,1,100,200,-0.24827405862988994,-0.06895127449082739,-0.5528775472361851,-0.32141532146659246,747,537,210,0.016448783716697005,0.04431573721661426,0.030382260466655635,0.01393347674995863,0.5034495057764998,-0.2735257157894333,0.00011580838036068934,-0.36146081418224957
30,60,0.0,1,0.2,2.5,1,1,100,200,-0.28083078358505764,-0.07921399826837161,-0.5287728729789813,-0.3629994647821445,654,471,183,0.015257322521926195,0.0405427767665067,0.027900049644216447,0.012642727122290254,0.3523500417641714,-0.26244946623684684,5.715594214132707e-05,-0.3617504079969695
48,120,0.0,1,0.0,1.5,1,1,100,200,-0.2690216955175109,-0.0754519609312213,-0.5414024530295433,-0.31462587390654834,773,566,207,0.020982955485685916,0.053946715207678304,0.03746483534668211,0.016481879860996192,0.32087197698249414,-0.18540722143272936,9.38193308682404e-05,-0.3618844811413204
30,96,0.005,1,-999.0,999.0,1,1,100,200,-0.352848503462872,-0.10321833247354806,-0.4993151006844945,-0.1825560740793293,476,353,123,0.07188482541783882,0.14741022670858844,0.10964752606321364,0.03776270064537481,-0.031038554533259766,-0.15260207029628658,3.716630527536323e-06,-0.3620036865197618
48,120,0.005,1,-0.2,1.5,1,1,100,200,-0.28326023010213586,-0.07999368571739807,-0.5369562799783626,-0.2720423972394183,795,592,203,0.029025318550388878,0.07039549892437531,0.0497104087373821,0.020685090186993216,0.25830505733057074,-0.15228320054019873,7.884542316954982e-05,-0.36207394556855027
20,60,0.005,1,-999.0,999.0,1,1,100,200,-0.3400511692571355,-0.0988113528175183,-0.5090887339117847,-0.17867825377087737,446,331,115,0.06490153897070991,0.13466821115340064,0.09978487506205527,0.034883336091345356,0.03756333628402864,-0.20499925389753149,2.779783289947316e-06,-0.3622896324619545
20,60,0.0025,1,0.2,1.5,1,1,100,200,-0.2742006581437336,-0.07709617850823525,-0.5304059188246946,-0.4065208951408271,546,395,151,0.011749131226212146,0.0329306635776932,0.022339897401952673,0.010590766175740526,0.3011406327551107,-0.267033080066594,1.2254729377694352e-05,-0.3626251826776239
20,60,0.0,1,-0.2,0.75,1,1,100,200,-0.3761588343277854,-0.11141642943400754,-0.438168449080393,-0.647258664285492,498,365,133,0.016316399139500247,0.03988085388052292,0.028098626510011583,0.011782227370511336,-0.11516423549986399,-0.09556422831747846,-0.00013592261800991832,-0.3628635871884786
12,200,0.0,1,0.0,1.5,1,1,100,200,-0.2554983668854378,-0.07119936855798192,-0.5557567679637301,-0.27753269674327824,851,620,231,0.02320039715373159,0.059142809862651004,0.041171603508191296,0.017971206354459705,0.4442116745968927,-0.2110066934246101,0.00011992195696277323,-0.36295438737701086
48,60,0.01,1,-999.0,999.0,1,1,100,200,-0.3631305206827401,-0.10680669902711537,-0.49151709714320335,-0.21484207181103565,421,322,99,0.06625848088697667,0.12444150256495118,0.09534999172596392,0.02909151083898726,-0.06863655867132956,-0.15594042498946237,-1.0961837422660007e-05,-0.3633073511892688
12,60,0.005,1,0.2,2.5,1,1,100,200,-0.28180105982226555,-0.07952515391674231,-0.5313904779673055,-0.36835739108316695,627,462,165,0.01542280324342214,0.03839152738705941,0.026907165315240775,0.011484362071818632,0.44781067226859195,-0.32123669515201425,4.6807137859223895e-05,-0.36363826245455344
30,200,0.0025,1,0.0,0.75,1,1,100,200,-0.36996821174010786,-0.10921712966265296,-0.4370058318981699,-0.7188604166760216,537,397,140,0.01429753433724971,0.034287605493959955,0.02429256991560483,0.009995035578355122,-0.028501010159746376,-0.15168462340793543,-0.00014029562972325853,-0.363663066445539
20,60,0.005,1,0.2,2.5,1,1,100,200,-0.27960984041375836,-0.07882290366492495,-0.5330348504012272,-0.36848497397430446,612,451,161,0.014893264934635116,0.03746483534668211,0.026179050140658612,0.011285785206023498,0.42645890464866976,-0.3141394025734998,4.304381639126257e-05,-0.3637645775642538
30,200,0.01,1,-0.2,999.0,1,1,100,200,-0.36508701204760874,-0.1074944141643378,-0.48163399880178237,-0.3108218740388324,917,702,215,0.04113850736389211,0.08522257157041205,0.06318053946715207,0.02204203210325997,0.2162151206210523,-0.17419476761168728,5.769930043899393e-05,-0.3638525072671706
48,96,0.0025,1,-999.0,999.0,1,1,100,200,-0.3387948856303823,-0.09838219361150935,-0.5157313939042397,-0.1546364877984302,505,372,133,0.07598874731093827,0.15806718517292737,0.11702796624193282,0.04103921893099454,0.019530565309154424,-0.16512254326547593,1.2806945690625184e-05,-0.36397971495355075
30,96,0.0025,1,0.2,1.5,1,1,100,200,-0.2778515661953852,-0.0782605623814906,-0.5308664394984692,-0.4059222236057949,582,418,164,0.01237795796789674,0.03528048982293563,0.023829223895416186,0.011451265927519444,0.3072172804065658,-0.2609224795498659,2.5204378900014613e-05,-0.36398989331101494
30,120,0.0,1,-0.2,1.5,1,1,100,200,-0.28993381132190343,-0.08214569682628392,-0.5365576269189503,-0.276531154359515,836,619,217,0.02985272215786861,0.07373820949859342,0.05179546582823101,0.0219427436703624,0.15942011094463382,-0.06966684957727043,8.144916178919895e-05,-0.3642510680037348
30,200,0.0,1,-999.0,0.75,1,1,100,200,-0.290501295508236,-0.08232939031029418,-0.54309472786166,-0.21554529497888683,424,308,116,0.043024987588945886,0.09293397319212311,0.0679794803905345,0.024954492801588617,-0.014880735044626836,-0.10965925207218874,8.254659135720084e-07,-0.36465401899006855
48,60,0.005,1,-0.2,2.5,1,1,100,200,-0.29189197481826223,-0.08278001653740574,-0.5382571621138728,-0.2575800946323615,787,594,193,0.031275856362733744,0.07205030613933477,0.051663081251034255,0.020387224888300512,0.2692536989108305,-0.17303201777263066,7.51624151222908e-05,-0.3647876023259602
12,120,0.0,1,-0.2,1.5,1,1,100,200,-0.3020840838111667,-0.0861030100607526,-0.5292282913472404,-0.29077736033268475,851,629,222,0.030779414198245904,0.07552540129074962,0.05315240774449777,0.02237299354625186,0.162959762645843,-0.0815047189023933,7.627118303435334e-05,-0.365256023751007
30,60,0.005,1,-999.0,2.5,1,1,100,200,-0.3296351345366674,-0.09527146549735233,-0.5193486141534123,-0.2117522705582728,469,344,125,0.05725632963759722,0.1213304650008274,0.0892933973192123,0.03203706768161509,0.062057693153259263,-0.2019489740667777,1.3583310806907715e-06,-0.3655333861019721
20,96,0.0,1,-999.0,999.0,1,1,100,200,-0.29671205142762636,-0.08434703438751123,-0.554278050560391,-0.08195205259213528,509,373,136,0.07075955651166639,0.1582657620387225,0.11451265927519444,0.04375310276352805,0.03860643014335685,-0.126550591049856,3.078804963397971e-05,-0.36558366229731354
48,60,0.01,1,0.0,999.0,1,1,100,200,-0.33353287577586765,-0.09659125193754214,-0.5021438252411621,-0.3647211039924092,687,525,162,0.02320039715373159,0.05146450438523912,0.037332450769485354,0.014132053615753764,0.28752078475897846,-0.2701359973004436,2.5133870353854524e-05,-0.36589921975774364
20,120,0.0025,1,-999.0,1.5,1,1,100,200,-0.31571759776333186,-0.09060538557403364,-0.5299978256850173,-0.21437119409703423,494,359,135,0.05500579182525236,0.12384577196756578,0.08942578189640907,0.03441999007115671,-0.01932290040200657,-0.10668032127728178,6.473698721702664e-06,-0.366322858121394
12,60,0.0025,1,-999.0,999.0,1,1,100,200,-0.3703532524540567,-0.10935344681063552,-0.49353397117398856,-0.2107689855429031,474,349,125,0.06728446136025153,0.14472943902035412,0.10600695019030283,0.0387224888300513,-0.10628824896005151,-0.10699677201963509,-3.6829718878318684e-06,-0.36665888167477495
30,96,0.0025,1,-0.2,1.5,1,1,100,200,-0.3015898558802973,-0.08594103762314076,-0.5314327757170736,-0.3044593329511856,767,574,193,0.02786695349991726,0.06817805725632964,0.04802250537812345,0.02015555187820619,0.1205559174744062,-0.08531703477927466,6.171834715265243e-05,-0.36688039212923684
30,200,0.0,1,0.0,1.5,1,1,100,200,-0.24235185065920806,-0.06712042354775749,-0.5748382431407897,-0.255013617318653,869,634,235,0.02399470461691213,0.059804732748634785,0.04189971868277346,0.017905014065861327,0.5012982720483092,-0.22062095404280957,0.00013316539559648445,-0.367290225984085
30,96,0.005,1,-0.2,2.5,1,1,100,200,-0.2837456156321504,-0.08014969891334145,-0.5510809110580754,-0.23588972002978859,843,635,208,0.03349329803077941,0.07671686248552044,0.055105080258149926,0.02161178222737051,0.3289873802668506,-0.17842476528792262,8.939388226448463e-05,-0.3674846404438686
48,120,0.0025,1,0.0,1.5,1,1,100,200,-0.2830789929773846,-0.07993545257275747,-0.5406003068252144,-0.3464813029153223,741,542,199,0.019890782723812676,0.05179546582823101,0.03584312427602184,0.01595234155220917,0.29199833641251716,-0.19618575723552545,7.405382510454623e-05,-0.3675596711311308
12,60,0.0,1,-0.2,2.5,1,1,100,200,-0.30125547452581003,-0.08583150014580687,-0.5377259270906302,-0.2576659671281681,876,646,230,0.033956644050968064,0.08022505378123448,0.05709084891610127,0.023134204865133214,0.27158520887742865,-0.1483885245248382,8.312604265814997e-05,-0.36757776204753034
12,200,0.0025,1,0.0,0.75,1,1,100,200,-0.37440261354339543,-0.11079085277820466,-0.44096839759849193,-0.7288568677577606,525,385,140,0.013668707595565117,0.033791163329472115,0.023729935462518618,0.0100612278669535,-0.051349263184520155,-0.14252910273036168,-0.00015491038784785384,-0.3677178949653387
30,200,0.0025,1,0.0,1.5,1,1,100,200,-0.25585386582051006,-0.07131041581332431,-0.5646453540286109,-0.2848095568075661,831,608,223,0.022968724143637265,0.05725632963759722,0.04011252689061724,0.017143802746979978,0.4227449599879234,-0.20745184600779365,0.00011654444528562866,-0.3678735706680081
20,96,0.005,1,-999.0,1.5,1,1,100,200,-0.33751993845924344,-0.09794728325375623,-0.5156066138624101,-0.2589918068484862,465,344,121,0.05169617739533344,0.11338739036902201,0.08254178388217773,0.03084560648684428,-0.06639388208854635,-0.10461906716649527,-8.79274239162561e-06,-0.3687001805273856
20,96,0.005,0,-999.0,0.75,1,1,100,200,-0.3383838035809291,-0.09824189656130133,-0.5279777715689931,-0.13204761421295627,350,249,101,0.07585636273374152,0.16561310607314247,0.120734734403442,0.04487837166970048,-0.13279189343436149,-0.0911267104342024,9.018459654164177e-07,-0.3688331630564457
12,60,0.0,1,0.2,2.5,1,1,100,200,-0.26939245764068165,-0.07556937979448086,-0.5535662560529762,-0.3323734340700162,688,494,194,0.016018533840807547,0.04249544928015886,0.029256991560483205,0.013238457719675658,0.4621970297325022,-0.2951236855015408,8.182550749672479e-05,-0.36897117952446973
48,60,0.005,1,-999.0,1.5,1,1,100,200,-0.3108376826362067,-0.08898616291157846,-0.5371476227555894,-0.22858319485881393,451,335,116,0.048982293562799935,0.10650339235479067,0.0777428429587953,0.028760549395995365,-0.015460083632446775,-0.12290609845117073,-7.717770461302656e-07,-0.3689891340323138
20,200,0.0,1,0.0,1.5,1,1,100,200,-0.24757128457756905,-0.06873344764943135,-0.5741220602281196,-0.2649583356664697,850,621,229,0.02349826245242429,0.05877875227535992,0.04113850736389211,0.017640244911467814,0.4918056927338077,-0.2284316305920262,0.00012608476127497564,-0.36904239454681464
30,60,0.005,1,-999.0,999.0,1,1,100,200,-0.37525836990011385,-0.11109551377489202,-0.4944541611931308,-0.22704260320925151,451,335,116,0.06420651994042693,0.13344365381433063,0.09882508687737879,0.034618566936951846,-0.05535594956154588,-0.17131371734300715,-1.0541102408677277e-05,-0.36967472453191996
20,200,0.005,1,-0.2,2.5,1,1,100,200,-0.26860783174839853,-0.07532094467338513,-0.5692494384654085,-0.19792551783910783,974,732,242,0.03971537315902697,0.0881019361244415,0.06390865464173424,0.024193281482707264,0.49856744191834457,-0.2056199689061733,0.00011323466453202628,-0.3698419397980448
48,96,0.0,1,-0.2,1.5,1,1,100,200,-0.3065234163885454,-0.08756177337011184,-0.5340970630704218,-0.30628791279698403,826,617,209,0.02981962601356942,0.07277842131391693,0.05129902366374317,0.021479397650173756,0.12981169021892258,-0.07224305563565259,6.91299436908679e-05,-0.36992470054517196
48,120,0.0,1,0.2,1.5,1,1,100,200,-0.29433648423712466,-0.08357372931863527,-0.5310466561889717,-0.43114253430786326,644,464,180,0.014198245904352143,0.03895416184014562,0.026576203872248884,0.01237795796789674,0.3038346492971311,-0.2531163688703194,3.128337173008337e-05,-0.3706541841285143
30,200,0.0025,1,0.0,2.5,1,1,100,200,-0.25074605083737334,-0.06971869059683644,-0.5793628134197824,-0.23307728788882534,932,689,243,0.027734568922720502,0.0661260963097799,0.04693033261625021,0.019195763693529704,0.5870569840776734,-0.24756608801554014,0.0001375296390814127,-0.3710539617011689
48,96,0.01,1,-0.2,0.75,1,1,100,200,-0.38010448862309965,-0.11282672579506181,-0.4476290517627953,-0.6929406083331602,455,352,103,0.016382591428098628,0.03551216283302995,0.02594737713056429,0.009564785702465663,-0.1054342299182256,-0.12997262271313537,-0.00018297908956378458,-0.3712882820931175
30,96,0.0025,0,-999.0,0.75,1,1,100,200,-0.3358051853048133,-0.09736333451032064,-0.5370348141729933,-0.11251153418318344,359,253,106,0.0789674002978653,0.17607148767168626,0.12751944398477577,0.048552043686910476,-0.16799387854359749,-0.044690021432542526,5.52429708717741e-06,-0.37150631830597647
30,200,0.01,1,0.0,999.0,1,1,100,200,-0.33049050031379346,-0.09556060115986498,-0.5182679317602713,-0.33892150998689385,821,618,203,0.027138838325335098,0.060565944067516135,0.043852391196425616,0.01671355287109052,0.40110170054863503,-0.27954053280724345,6.436168558852584e-05,-0.3716406425393453
20,96,0.005,1,-0.2,0.75,1,1,100,200,-0.3860848361573692,-0.11497716811333814,-0.44515027116946804,-0.6837248632730858,487,362,125,0.016316399139500247,0.03928512328313751,0.027800761211318883,0.011484362071818632,-0.09307427499111498,-0.13639769532364865,-0.0001574229287071308,-0.37173854686172647
20,120,0.0,1,0.0,2.5,1,1,100,200,-0.26063836914983307,-0.07280883542373973,-0.5731988348623408,-0.255499261349764,863,633,230,0.024656627502895913,0.06179050140658613,0.04322356445474102,0.01856693695184511,0.49653159611015774,-0.23929555717825612,0.00012026763418477599,-0.37218321592239834
20,96,0.005,1,-0.2,2.5,1,1,100,200,-0.31129485706686033,-0.0891374940617854,-0.5384339732022297,-0.2815156391463134,830,622,208,0.03332781730928347,0.07615422803243423,0.05474102267085885,0.021413205361575375,0.26633888931732175,-0.17631593367825016,6.972068181523607e-05,-0.37243026262021595
48,120,0.0025,1,-999.0,2.5,1,1,100,200,-0.30008660801720466,-0.08544890843889918,-0.5611408533131077,-0.13732582970307783,534,388,146,0.07178553698494125,0.15280489822935628,0.11229521760714876,0.040509680622207514,0.24285207971670197,-0.26445290364687957,2.3182204670782258e-05,-0.3728856265806069
12,120,0.005,1,-0.2,2.5,1,1,100,200,-0.30015418235152724,-0.08547101372270227,-0.5493459976707471,-0.2559134172763112,880,663,217,0.035379778255833196,0.07999338077114017,0.05768657951348668,0.022306801257653483,0.3395653418728237,-0.18871054849179691,8.484702896993845e-05,-0.3729396834218914
48,120,0.0025,1,0.0,2.5,1,1,100,200,-0.28237323982445817,-0.07970879274090081,-0.5572169215986729,-0.2952745933269722,839,620,219,0.024458050637100777,0.06046665563461857,0.04246235313585967,0.018004302498758895,0.4306464541614956,-0.2368702240418712,9.94301011212996e-05,-0.37308098320658584
48,96,0.005,1,-0.2,2.5,1,1,100,200,-0.30793777274159273,-0.08802800069365024,-0.542893768117965,-0.2724038144794365,867,656,211,0.0341552209167632,0.07830547741188151,0.05623034916432235,0.02207512824755916,0.28871398856987973,-0.17148124537653486,7.837732132993296e-05,-0.37309507547660453
30,60,0.0,1,-0.2,2.5,1,1,100,200,-0.30796680694360934,-0.0880375789843697,-0.5424294412168646,-0.27742600886117863,826,607,219,0.031772298527221576,0.0762535164653318,0.054012907496276685,0.022240608969055106,0.25071441231800407,-0.16367082311978087,7.062065198749806e-05,-0.373123600035861
30,120,0.0,1,0.0,2.5,1,1,100,200,-0.2707764171938759,-0.07600806914509906,-0.5671090198677964,-0.27364020305325265,854,628,226,0.024458050637100777,0.061260963097799104,0.042859506867449944,0.018401456230349163,0.45016665945425394,-0.22921561269545898,0.00011119631866470802,-0.3732445892316599
20,60,0.0025,1,-0.2,1.5,1,1,100,200,-0.3071722379509655,-0.08777556181987622,-0.5385463788467899,-0.3248287889038469,707,521,186,0.025649511831871585,0.06291577031275856,0.044282641072315075,0.01863312924044349,0.16621366160950624,-0.15392541404943827,4.483585769532342e-05,-0.37329019068846353
48,120,0.0,1,0.0,2.5,1,1,100,200,-0.27660322046276675,-0.07786193208640768,-0.5630046590778134,-0.2807056463916689,877,644,233,0.025219261955982127,0.06301505874565613,0.044117160350819126,0.018897898394837003,0.4590002927128318,-0.2312113770805112,0.00011048376697748346,-0.3733995439448978
48,96,0.0025,1,0.2,1.5,1,1,100,200,-0.3043539487549758,-0.08684801510633,-0.5274635558763376,-0.4638665279169106,597,431,166,0.012708919410888631,0.03594241270891941,0.024325666059904022,0.011616746649015389,0.24974833355011072,-0.24969976788166837,-2.8652522173226794e-06,-0.37377311944034436
30,96,0.005,1,0.2,2.5,1,1,100,200,-0.29330247116283514,-0.08323774234806214,-0.5425128956889858,-0.38826161363464506,657,479,178,0.015522091676319709,0.04021181532351481,0.02786695349991726,0.012344861823597552,0.4312972920408733,-0.3141879071579733,4.4354936875213384e-05,-0.37390727087428727
12,96,0.0025,1,0.0,2.5,1,1,100,200,-0.26977567501077615,-0.07569079013911706,-0.5699242781735308,-0.2783798118026312,808,598,210,0.02359755088532186,0.057885156379281814,0.04074135363230184,0.017143802746979978,0.44598951630821104,-0.24353297639010085,0.00010395943601701782,-0.374571919816014
48,120,0.0025,0,-999.0,0.75,1,1,100,200,-0.3204498511988061,-0.0921839008841201,-0.5564170566672543,-0.08585073782379303,368,257,111,0.08591759060069502,0.18818467648518947,0.13705113354294224,0.05113354294224723,-0.07927213081027074,-0.11280233133271067,1.1813819229150616e-05,-0.37468496610893687
20,96,0.0025,0,-999.0,0.75,1,1,100,200,-0.34341619993659545,-0.09996390639515085,-0.5370228320670895,-0.13069831963307413,364,256,108,0.07569088201224557,0.17140493132550058,0.12354790666887308,0.0478570246566275,-0.14969516458847132,-0.07364622198998838,2.085089310957741e-06,-0.3750102384103493
30,96,0.0025,1,-999.0,1.5,1,1,100,200,-0.3493952103647022,-0.1020227423613741,-0.5191571474137062,-0.26999833787721594,484,353,131,0.05298692702300182,0.11884825417838822,0.08591759060069502,0.0329306635776932,-0.11947069887221518,-0.0587629978972386,-9.772306493744139e-06,-0.375101232962088
48,120,0.0025,1,-999.0,1.5,1,1,100,200,-0.3156337271733234,-0.09057748316594638,-0.5500390511100345,-0.2037660545651191,506,368,138,0.05818302167797452,0.1302002316730101,0.0941916266754923,0.03600860499751779,0.05779306829476272,-0.16671826247827992,9.377139299380523e-06,-0.37578531144921956
30,200,0.0,1,0.0,2.5,1,1,100,200,-0.2458058797119096,-0.06818692733581411,-0.5938715269087289,-0.22012569349641475,976,715,261,0.028429587953003474,0.06907165315240775,0.04875062055270561,0.020321032599702134,0.67053944115956,-0.26444505863704615,0.00014636474505666972,-0.3761289754649993
48,60,0.005,1,0.2,2.5,1,1,100,200,-0.3106455683818923,-0.08892259285487325,-0.5316287009477405,-0.43290912368017875,617,453,164,0.014595399635942414,0.03782889293397319,0.026212146284957803,0.011616746649015389,0.32726600477832335,-0.29287212953867614,6.031179370726451e-06,-0.37638239951275243
20,96,0.0,1,-0.2,0.75,1,1,100,200,-0.3835911762814159,-0.11407858530628157,-0.45927963730187127,-0.6567573311458423,529,387,142,0.017176898891279165,0.042859506867449944,0.030018202879364554,0.012841303988085388,-0.13158468208896268,-0.07521454763908864,-0.00012275724225790097,-0.3765562705145093
20,96,0.0025,1,-0.2,1.5,1,1,100,200,-0.3311445739801552,-0.09578188180073754,-0.5257468395581796,-0.3584513211579511,756,561,195,0.02753599205692537,0.06784709581333774,0.04769154393513156,0.02015555187820619,0.08348310258665115,-0.09902139001410715,3.781053548378102e-05,-0.3765778676377249
20,120,0.0,1,-0.2,1.5,1,1,100,200,-0.30948143115314164,-0.08853766698744026,-0.5454331998423831,-0.30764944028800945,840,621,219,0.0301836836008605,0.07433394009597882,0.052258811848419656,0.02207512824755916,0.16711310091110998,-0.09944194270080597,6.951638737079721e-05,-0.3766367389230323
30,60,0.005,1,-999.0,1.5,1,1,100,200,-0.33043163606148707,-0.09554069465649018,-0.5358689630057043,-0.2638188028098752,441,327,114,0.046136025153069665,0.10239947046169122,0.07426774780738044,0.028131722654310774,-0.025041827965070262,-0.14376135804907342,-1.2801598880453807e-05,-0.3766661162998361
20,200,0.0025,1,0.0,0.75,1,1,100,200,-0.3841576640707487,-0.11428247792108992,-0.4496854760995739,-0.7596537527436812,526,387,139,0.013734899884163494,0.03359258646367698,0.023663743173920237,0.009928843289756743,-0.052237316855464955,-0.154686219047936,-0.0001711823284092065,-0.3771079036080609
48,120,0.005,0,-999.0,0.75,1,1,100,200,-0.31945775512685415,-0.09185229096548653,-0.561380688015336,-0.09151242344588803,356,251,105,0.08436207181863313,0.1810690054608638,0.13271553863974847,0.04835346682111534,-0.059751465787427405,-0.1351591904982682,1.0095858666214392e-05,-0.3771182561454489
20,200,0.01,1,-0.2,999.0,1,1,100,200,-0.38414334486082535,-0.11427732236045418,-0.49152917215998293,-0.3415804889019331,901,692,209,0.04097302664239616,0.0841303988085388,0.06255171272546749,0.021578686083071324,0.20444603058918598,-0.19760006091690485,4.3278369536646686e-05,-0.3771209328855423
30,60,0.005,1,0.0,999.0,1,1,100,200,-0.3258686612322442,-0.09400158083702248,-0.532492377467712,-0.3415764163586463,740,552,188,0.02363064702962105,0.05533675326824425,0.03948370014893265,0.0158530531193116,0.4312516083670803,-0.31804192977537005,4.801573443116607e-05,-0.37732659038881083
20,200,0.005,1,0.2,1.5,1,1,100,200,-0.2873253430042342,-0.08130275369145767,-0.551082491245073,-0.4211934613758934,653,474,179,0.014595399635942414,0.038557008108555356,0.026576203872248884,0.01198080423630647,0.450406884738324,-0.31886362729006146,4.3063888937466725e-05,-0.3779036723827889
12,96,0.0,1,-0.2,1.5,1,1,100,200,-0.31790929884756347,-0.09133544012803241,-0.5413950932856708,-0.32285462488862104,815,602,213,0.02978652986927023,0.0728777097468145,0.051332119808042365,0.021545589938772133,0.1335117357270066,-0.09544418919368058,5.950095326089319e-05,-0.37817571801529887
30,120,0.0025,1,-0.2,1.5,1,1,100,200,-0.3288336466618369,-0.09500079283297158,-0.5315714870107504,-0.34835217862324835,797,594,203,0.028528876385901042,0.07049478735727288,0.04951183187158696,0.020982955485685916,0.09062512549910928,-0.08322173197070626,4.860160545092744e-05,-0.3782041452695092
20,200,0.0,1,0.0,2.5,1,1,100,200,-0.25174681493896167,-0.07002991199616315,-0.5935922071432622,-0.2303550069959399,957,702,255,0.027900049644216447,0.0680125765348337,0.04795631308952507,0.02005626344530862,0.658324993240258,-0.27181654464371463,0.00014003151627307994,-0.3783437659175913
48,60,0.0,1,-999.0,999.0,1,1,100,200,-0.31548076792218605,-0.09052660266181445,-0.5652904831833871,-0.1085345505741616,498,368,130,0.06854211484362072,0.14995862981962602,0.10925037233162337,0.04070825748800265,0.0463742437049548,-0.16080095054252508,2.3983112294024947e-05,-0.3785985717822161
30,96,0.01,1,0.0,999.0,1,1,100,200,-0.3519842625180738,-0.10291866938319738,-0.5131149935991948,-0.391088710891967,733,557,176,0.024491146781399967,0.05454244580506371,0.03951679629323184,0.015025649511831872,0.29881832897819405,-0.2801435879162236,2.2047670641229908e-05,-0.3790306017273931
48,60,0.005,1,-0.2,0.75,1,1,100,200,-0.3909590318879721,-0.11674150102684877,-0.4540557557748215,-0.7073799392058479,458,345,113,0.015058745656131061,0.03643885487340725,0.025748800264769153,0.010690054608638094,-0.09188115734315117,-0.15669994599576742,-0.00019139868356812914,-0.3791383758745519
30,60,0.01,1,-0.2,999.0,1,1,100,200,-0.40074969630008506,-0.12031770347616244,-0.4783553599096789,-0.39819452698009034,719,558,161,0.033956644050968064,0.06917094158530532,0.05156379281813669,0.017607148767168623,0.06800520483123274,-0.1960985627972308,-9.757278586221134e-06,-0.3794051097800064
30,120,0.0025,1,0.0,2.5,1,1,100,200,-0.2928786336196012,-0.08310012920876553,-0.5613756421507561,-0.3173491328018159,815,603,212,0.02363064702962105,0.058646367698163164,0.04113850736389211,0.01750786033427106,0.3892770427056902,-0.23488914994344523,8.66951623076538e-05,-0.3796554069242344
48,96,0.005,1,0.2,2.5,1,1,100,200,-0.31475312375714515,-0.09028467509323035,-0.5356718078356797,-0.43179523165485384,670,491,179,0.0158530531193116,0.04087373820949859,0.028363395664405096,0.012510342545093497,0.369995116822353,-0.30071682191116345,2.395046320189926e-05,-0.37971034059381287
12,120,0.01,1,-0.2,0.75,1,1,100,200,-0.3836448864411611,-0.11409791085857623,-0.4624180494493523,-0.691880740554803,463,355,108,0.01671355287109052,0.03637266258480887,0.026543107727949693,0.009829554856859176,-0.13142684199716315,-0.10548234795183598,-0.0001790372072009424,-0.37990097261099254
20,120,0.01,1,-0.2,0.75,1,1,100,200,-0.3870719636075701,-0.11533363253487638,-0.45921596996782876,-0.7066776811349675,458,352,106,0.016448783716697005,0.0359755088532186,0.026212146284957803,0.009763362568260797,-0.1265079836750852,-0.11767445046794967,-0.00018910611010693038,-0.38027550157553913
30,200,0.0,1,-0.2,1.5,1,1,100,200,-0.2838100653165939,-0.08017042036789745,-0.5757957044416713,-0.25077397030337856,973,713,260,0.03557835512162833,0.08509018699321529,0.06033427105742181,0.02475591593579348,0.3380336923794136,-0.12924040649589819,0.00010318529597609943,-0.380606971103902
30,200,0.0025,1,-0.2,1.5,1,1,100,200,-0.30417645343795296,-0.08678969275237847,-0.5590777306917158,-0.2890940969708835,928,687,241,0.0344530862154559,0.08131722654310773,0.057885156379281814,0.023432070163825914,0.24475566660451675,-0.11084383577294055,8.613153960350641e-05,-0.38078326294678055
12,96,0.01,1,-0.2,0.75,1,1,100,200,-0.3816662950701186,-0.11338682202095884,-0.46521373455605963,-0.6975993012986291,440,339,101,0.016349495283799437,0.03501572066854212,0.025682607976170776,0.009333112692371338,-0.14853715093464148,-0.09504726528912522,-0.00019511730917232684,-0.3808736543639201
20,120,0.0025,1,-999.0,999.0,1,1,100,200,-0.3756640992281344,-0.11124006831361688,-0.5191977717012604,-0.20329212783836312,506,371,135,0.0746979976832699,0.15816647360582492,0.11643223564454741,0.04173423796127751,-0.032824454145005455,-0.16858666941560863,5.196129181120851e-07,-0.38100356055616524
20,96,0.01,1,0.0,999.0,1,1,100,200,-0.3588295735491053,-0.10530044698821417,-0.5111627207939027,-0.40471715332400815,727,552,175,0.024458050637100777,0.05411219592917425,0.03928512328313751,0.014827072646036736,0.2819055039206739,-0.28051292889272916,1.36861887701528e-05,-0.3811176650513659
48,200,0.005,1,0.2,2.5,1,1,100,200,-0.29082669250298154,-0.08243477035010383,-0.5608393148650824,-0.36696326452824934,782,576,206,0.018666225384742677,0.04686414032765183,0.032765182856197256,0.014098957471454576,0.5440755331158349,-0.3208973137014759,8.761957800181403e-05,-0.3812025910090575
12,120,0.01,1,0.0,999.0,1,1,100,200,-0.350596005770505,-0.10243793792017386,-0.5193355416852646,-0.3823537190623531,756,574,182,0.02548403111037564,0.05632963759721992,0.040906834353797786,0.01542280324342214,0.31783424321146825,-0.28078533223048263,3.0566372117457086e-05,-0.3812233947159238
12,200,0.0,1,0.0,2.5,1,1,100,200,-0.2748917127262229,-0.07731623906623997,-0.5812618412098391,-0.2675811092153661,957,700,257,0.02750289591262618,0.0682773456892272,0.047890120800926694,0.020387224888300512,0.5715385443803063,-0.2553714032161677,0.0001243959077950489,-0.3813262151319278
20,120,0.0025,1,0.0,2.5,1,1,100,200,-0.28649641495166733,-0.08103536464269967,-0.5701007338802617,-0.30507585564701717,821,606,215,0.023696839318219427,0.058977329141155055,0.041337084229687245,0.017640244911467814,0.4245969550884887,-0.24486149289690184,9.313577309739178e-05,-0.38133952436518137
12,200,0.005,1,-0.2,2.5,1,1,100,200,-0.2954847537330284,-0.08394727497105758,-0.5712724985151645,-0.23845128676756902,970,729,241,0.03921893099453914,0.08773787853715043,0.06347840476584478,0.024259473771305645,0.43735624394381034,-0.2038196119530964,9.871602943076597e-05,-0.3815060885670183
20,60,0.0,1,0.2,2.5,1,1,100,200,-0.29149131634413494,-0.08265012191525467,-0.5597744644713696,-0.3807870466480336,666,481,185,0.015621380109217277,0.04103921893099454,0.028330299520105906,0.012708919410888631,0.40917037751975505,-0.2984834814570544,4.9925189880458796e-05,-0.38157670648334113
12,60,0.0025,1,-0.2,0.75,1,1,100,200,-0.3993117768559016,-0.1197897485593783,-0.4528955244431412,-0.7106244374200132,493,371,122,0.01691212973688565,0.03954989243753103,0.02823101108720834,0.011318881350322687,-0.1694080466804384,-0.07457386527551157,-0.0001712479988818121,-0.38176873265194955
48,60,0.0,1,-0.2,0.75,1,1,100,200,-0.3884915862078878,-0.11584703180535971,-0.46377015859704485,-0.6812652542262618,498,370,128,0.016117822273705115,0.039748469303326164,0.027933145788515638,0.011815323514810525,-0.13399877016303852,-0.09416249527981524,-0.00015329964101842405,-0.38179537381519524
48,60,0.01,1,-0.2,999.0,1,1,100,200,-0.407031325127158,-0.12263530259439626,-0.4781294080071523,-0.40649381864105266,746,580,166,0.03448618235975509,0.07109051795465829,0.05278835015720668,0.018302167797451595,0.04809139117953043,-0.17839144888452563,-7.6190633135378785e-06,-0.38202469753002505
48,120,0.0025,1,-999.0,999.0,1,1,100,200,-0.3565794033395019,-0.10451542189338481,-0.5388146125013074,-0.16866441276209984,517,379,138,0.07906668873076286,0.16558000992884328,0.12232334932980307,0.04325666059904021,0.05879754580884011,-0.21299909402665895,9.327600849806123e-06,-0.38235594878214346
20,120,0.0025,1,-999.0,2.5,1,1,100,200,-0.341738646125085,-0.09938877687201508,-0.5460569150350232,-0.20201756877390983,522,378,144,0.06754923051464505,0.14532516961773953,0.10643720006619228,0.03888796955154725,0.10095577212752205,-0.22373913318613836,7.0457021846772795e-06,-0.3825181128282222
20,60,0.0,1,-0.2,2.5,1,1,100,200,-0.30675730765159115,-0.08763882387934929,-0.563033552007417,-0.2717176865523802,845,620,225,0.032533509846102926,0.07721330465000828,0.0548734072480556,0.022339897401952673,0.3078868407315827,-0.19118269172440683,7.528012600625213e-05,-0.38274148421067683
30,60,0.0025,1,-0.2,0.75,1,1,100,200,-0.40372330509634147,-0.12141253104522365,-0.4488517413382279,-0.7387314281267782,455,339,116,0.015290418666225384,0.037067681615091844,0.026179050140658612,0.010888631474433228,-0.14879640348574696,-0.12048937778294899,-0.0002081052299359144,-0.38277497312067654
12,120,0.0025,1,-0.2,1.5,1,1,100,200,-0.33819874896393876,-0.09817876111472001,-0.5344036646930421,-0.36099706394309267,810,604,206,0.02942247228197915,0.0716531524077445,0.05053781234486182,0.021115340062882675,0.09627149017698367,-0.09480381271575644,4.4953288034885603e-05,-0.3834304466583957
12,200,0.005,1,0.2,1.5,1,1,100,200,-0.3047049765002774,-0.08696339052229762,-0.5471679144649768,-0.4587211695964912,652,474,178,0.014429918914446466,0.03852391196425616,0.026476915439351316,0.012046996524904848,0.39603438623728593,-0.3099375222874148,2.1479924970850468e-05,-0.3834834062346106
48,200,0.0025,1,0.2,1.5,1,1,100,200,-0.29735070744993064,-0.08455526642785627,-0.5552665431346966,-0.4278120255799821,717,519,198,0.015720668542114843,0.04232996855866292,0.029025318550388878,0.013304650008274035,0.3860364676258752,-0.2743996814902945,5.555588101098255e-05,-0.3835791392742037
30,200,0.005,1,0.2,1.5,1,1,100,200,-0.2991006360273526,-0.08512655375172629,-0.5526286093831309,-0.445329551718106,668,486,182,0.014926361078934304,0.03921893099453914,0.02707264603673672,0.012146284957802416,0.43586188505934476,-0.3182366808606787,3.481634880296383e-05,-0.38370733602919704
20,200,0.01,1,0.0,999.0,1,1,100,200,-0.34895766557567987,-0.10187159656175115,-0.5279336464912022,-0.3722111007951556,809,611,198,0.02710574218103591,0.05987092503723316,0.04348833360913454,0.016382591428098628,0.3944961265485081,-0.3003062927357334,4.615896996364193e-05,-0.38444897484711005
20,96,0.0025,1,0.2,1.5,1,1,100,200,-0.3159191126829225,-0.09067243685659276,-0.5388907876017432,-0.49132113562699886,586,420,166,0.01237795796789674,0.03521429753433725,0.023796127751116995,0.011418169783220255,0.25614488051109974,-0.269958027365528,-2.4135819598633013e-05,-0.3846838874388143
48,96,0.0025,1,-0.2,1.5,1,1,100,200,-0.343272109821793,-0.09991446358323697,-0.5322016299409771,-0.3763664436353341,791,594,197,0.028495780241601855,0.06973357603839153,0.04911467813999669,0.02061889789839484,0.07295567182136997,-0.09090325374058383,3.701651017161395e-05,-0.3848336007354922
12,200,0.0025,1,0.0,1.5,1,1,100,200,-0.29844634730141484,-0.08491282752326368,-0.5635204656070939,-0.3646294472700264,810,592,218,0.022141320536157538,0.05616415687572398,0.03915273870594076,0.01701141816978322,0.3403571289524405,-0.21517358134152087,7.767512845694101e-05,-0.38490453269031194
20,200,0.0025,1,0.0,1.5,1,1,100,200,-0.28660663320010105,-0.08107090454459898,-0.5744531532448593,-0.34265574186652265,812,595,217,0.02247228197914943,0.056031772298527224,0.039252027138838325,0.016779745159688896,0.3892000309810624,-0.229217336647487,8.827105043330386e-05,-0.38543026826035476
30,96,0.005,0,-999.0,0.75,1,1,100,200,-0.35076290846660774,-0.10249569292956962,-0.553873988719864,-0.13647165359878408,347,247,100,0.07843786198907828,0.1698494125434387,0.12414363726625847,0.045705775277180206,-0.15818421374429004,-0.08260748102663751,-1.193745840192583e-06,-0.38625626996944085
30,120,0.005,1,-0.2,2.5,1,1,100,200,-0.3172736460747839,-0.09112352366729981,-0.5617618378757099,-0.2854524031975064,872,655,217,0.03418831706106239,0.07919907330795962,0.056693695184511006,0.02250537812344862,0.31386835692431525,-0.19629890113985526,7.320482243794903e-05,-0.38627706276503004
20,120,0.005,0,-999.0,0.75,1,1,100,200,-0.33112891748101225,-0.09577658313246307,-0.5701216763010177,-0.11247758915399339,354,252,102,0.08105245738871421,0.17378785371504218,0.12742015555187822,0.04636769816316399,-0.08591069499833737,-0.12653976134196576,5.436841926797816e-06,-0.3864613007406716
12,60,0.0025,1,-0.2,2.5,1,1,100,200,-0.34184815019420467,-0.0994262855077438,-0.5422682250612456,-0.33054731954656136,834,625,209,0.0332285288763859,0.07585636273374152,0.05454244580506371,0.02131391692867781,0.20277424118911935,-0.1695985919427042,5.127376012897728e-05,-0.38708776401569467
30,120,0.01,1,-0.2,0.75,1,1,100,200,-0.39652904150808554,-0.11877070815857982,-0.46385080602892914,-0.7362792355184571,456,350,106,0.016217110706602682,0.03574383584312427,0.02598047327486348,0.009763362568260797,-0.13257346842525985,-0.1260882507504133,-0.00020613161981239815,-0.3875100729489672
20,96,0.005,1,-999.0,2.5,1,1,100,200,-0.3760959983058507,-0.1113940240975908,-0.5268142638248399,-0.2615700780977096,493,362,131,0.06321363561145127,0.13344365381433063,0.09832864471289095,0.035115009101439686,0.006765338133243759,-0.2070060417792975,-1.1173001898071592e-05,-0.3878796599148962
20,60,0.005,1,-999.0,1.5,1,1,100,200,-0.3376158445894174,-0.09797997694634053,-0.5533929590106537,-0.27154274004224627,440,326,114,0.04699652490484858,0.10385570081085553,0.07542611285785206,0.028429587953003474,0.00958163946443813,-0.18240698635008457,-1.56999820136486e-05,-0.3882535934537797
30,120,0.0025,1,0.2,1.5,1,1,100,200,-0.3214610237015252,-0.09252226080985593,-0.5417426507612133,-0.49773467527175874,606,436,170,0.012874400132384577,0.03643885487340725,0.024656627502895913,0.011782227370511336,0.24942396878430761,-0.26465845558556433,-2.0630101182449982e-05,-0.38828031995405055
20,200,0.0025,1,0.0,2.5,1,1,100,200,-0.28242464454821214,-0.07972529624900726,-0.5892481818554813,-0.2870227528243351,913,676,237,0.027205030613933475,0.06486844282641073,0.0460367367201721,0.018831706106238622,0.5480959919460247,-0.2682299343519301,0.00011306637436250445,-0.3887005248179647
12,200,0.01,1,-0.2,999.0,1,1,100,200,-0.4071208067149591,-0.12266844939269417,-0.4942125929553669,-0.3798879296123254,899,690,209,0.04064206519940427,0.08399801423134205,0.06232003971537316,0.02167797451596889,0.15780658760900934,-0.19722399524510825,2.794398111215234e-05,-0.3887691423509939
20,120,0.005,1,-0.2,2.5,1,1,100,200,-0.3271883804412463,-0.09444592381408223,-0.5590582392253447,-0.30074708523366506,873,657,216,0.03465166308125103,0.07933145788515637,0.05699156048320371,0.022339897401952673,0.29360196887415824,-0.1951596063064701,6.731619059777602e-05,-0.3890123976884378
48,200,0.0025,1,-0.2,2.5,1,1,100,200,-0.3201003184129668,-0.09206702753052243,-0.5678062486506293,-0.26527788795524193,1083,812,271,0.04252854542445805,0.09607810690054609,0.06930332616250207,0.026774780738044016,0.34211224353777814,-0.1292664595854881,9.918797827798976e-05,-0.3892340462535992
30,60,0.0025,1,0.2,2.5,1,1,100,200,-0.33866902899976936,-0.09833923340835071,-0.5335046852503218,-0.48763678659039406,625,456,169,0.014727784213139168,0.038490815819956975,0.02660930001654807,0.011881515803408902,0.24621196469322038,-0.27459939844487935,-2.5465687870182856e-05,-0.3894734153630313
30,60,0.0025,1,-0.2,2.5,1,1,100,200,-0.35306092875687245,-0.10329203381004404,-0.5371082520916248,-0.35754029017003713,787,588,199,0.031143471785536985,0.0725798444481218,0.05186165811682939,0.020718186331292403,0.1553545851414595,-0.1699854508745402,3.363816468504474e-05,-0.3897231743643583
20,96,0.005,1,0.2,2.5,1,1,100,200,-0.32934000741303526,-0.09517176910397718,-0.5461894056224432,-0.46468934630237513,656,479,177,0.015555187820618897,0.03998014231342049,0.027767665067019692,0.012212477246400795,0.36391330489273743,-0.31734724388706304,4.34239328557012e-07,-0.39150093923031754
30,96,0.01,1,-0.2,999.0,1,1,100,200,-0.4151185169369651,-0.1256463203401298,-0.490965043496711,-0.41122827146556457,796,617,179,0.03640575872910806,0.07526063213635611,0.05583319543273209,0.019427436703624026,0.0774054633282828,-0.19168408603665377,-6.104218149779716e-07,-0.3916902556617635
20,200,0.0,1,-0.2,1.5,1,1,100,200,-0.31003324979807567,-0.08872006697171086,-0.5772082401545013,-0.2934635770502937,949,696,253,0.03481714380274698,0.0835346682111534,0.05917590600695019,0.02435876220420321,0.294546958650006,-0.14328845259976464,8.550865943463114e-05,-0.3919973659014762
12,60,0.005,1,0.0,999.0,1,1,100,200,-0.3458850727247471,-0.10081233719530858,-0.5465104443098499,-0.3711295951754744,774,579,195,0.02515306966738375,0.05725632963759722,0.04120469965249048,0.016051629985106734,0.4326357428906824,-0.3275929249885351,3.9985884111230783e-05,-0.39262403910900723
20,120,0.0025,1,-0.2,1.5,1,1,100,200,-0.3505995722921136,-0.1024391719629626,-0.5418336784242623,-0.38574534291081375,800,596,204,0.028793645540294555,0.07089194108886315,0.04984279331457885,0.021049147774284297,0.08459552793615543,-0.10668217960547532,3.387586094991873e-05,-0.39264327832063445
48,96,0.0,1,0.2,2.5,1,1,100,200,-0.33097810932943794,-0.09572554951198786,-0.5485198242507632,-0.4532702067935227,720,523,197,0.01671355287109052,0.04418335263941751,0.030448452755254013,0.013734899884163494,0.3247185959845582,-0.2760612751698759,2.4995492869878974e-05,-0.39264897197704557
48,60,0.0,1,-0.2,2.5,1,1,100,200,-0.34003647415004723,-0.09880632928160338,-0.555156817738335,-0.3272728987608811,849,630,219,0.03240112526890617,0.07767665067019693,0.055038887969551545,0.022637762700645374,0.1706548389118745,-0.1380239841821912,5.448057194364851e-05,-0.39274838308881493
12,120,0.0025,1,0.2,1.5,1,1,100,200,-0.31704230562211333,-0.09104643517404953,-0.5550844751893853,-0.48643800699656764,616,442,174,0.013039880853880522,0.03686910474929671,0.024954492801588617,0.011914611947708093,0.2904168402983349,-0.2797886977836199,-9.847305617762885e-06,-0.3929105731185706
12,96,0.01,1,0.0,999.0,1,1,100,200,-0.3673191918905073,-0.10828097796500658,-0.527461150116044,-0.4184123930431755,736,561,175,0.024987588945887804,0.054774118815158035,0.03988085388052292,0.014893264934635116,0.2853759927856834,-0.2887622258025765,8.586134291008645e-06,-0.3929321726751874
48,60,0.0,1,0.2,2.5,1,1,100,200,-0.32759480863819834,-0.09458289777932039,-0.5511527977127552,-0.4569775009107653,660,478,182,0.015158034089028629,0.040906834353797786,0.028032434221413206,0.012874400132384577,0.2763390145625453,-0.26714503700687076,4.862003231013473e-06,-0.39300817168123625
48,96,0.01,1,0.0,999.0,1,1,100,200,-0.39242404835180267,-0.11727386750672475,-0.5048569427260015,-0.468286095790616,743,565,178,0.02475591593579348,0.05513817640244911,0.0399470461691213,0.015191130233327818,0.2004695674957333,-0.2661113528989967,-1.4016958435313056e-05,-0.39311664365925625
12,96,0.0025,1,0.2,1.5,1,1,100,200,-0.3170873123037863,-0.09106143100545994,-0.5548731860546103,-0.4929537444544775,594,426,168,0.012675823266589442,0.035644547410226705,0.024160185338408077,0.011484362071818632,0.27082605328754505,-0.27673609816873546,-2.155042210168891e-05,-0.39314571125548897
30,96,0.0025,1,-999.0,2.5,1,1,100,200,-0.3845348579160409,-0.1144183170706059,-0.5327592773611723,-0.267422565450448,515,373,142,0.06549726956809532,0.1398974019526725,0.10269733576038391,0.0372000661922886,-0.03795177202275546,-0.17231437401007277,-1.0356780643057057e-05,-0.3941690840237145
20,120,0.0025,1,0.2,1.5,1,1,100,200,-0.3310649692705474,-0.0957549419446011,-0.5449294462926757,-0.5190566266162352,610,438,172,0.0128082078437862,0.036571239450604004,0.024689723647195103,0.011881515803408902,0.2491287131605564,-0.27344300019441636,-3.157239929052651e-05,-0.39417249642175073
48,120,0.005,1,-0.2,2.5,1,1,100,200,-0.3309359075595881,-0.09571126993766377,-0.566727491558692,-0.303685924186769,899,675,224,0.03524739367863644,0.08158199569750124,0.05841469468806884,0.0231673010094324,0.3262227763166108,-0.2091111912261403,6.901784791572965e-05,-0.3942593119263482
12,200,0.0,1,0.2,1.5,1,1,100,200,-0.31267555300063543,-0.08959498140749844,-0.5634369053883359,-0.45924174880789087,710,508,202,0.015323514810524574,0.042263776270064536,0.028793645540294555,0.013470130729769983,0.40393593586414633,-0.3017232236608639,3.585143782872842e-05,-0.3942755215420609
48,120,0.0,1,-0.2,1.5,1,1,100,200,-0.3405910070153293,-0.09899595500389591,-0.5545640167556485,-0.3600618199516407,857,636,221,0.031110375641237795,0.07572397815654476,0.05341717689889128,0.022306801257653483,0.14213536173018237,-0.11370354427713714,5.201559704807425e-05,-0.39428105437930216
48,120,0.0025,1,0.2,1.5,1,1,100,200,-0.3343916053197369,-0.0968827977120863,-0.5432723005239327,-0.5259960986066522,619,446,173,0.013304650008274035,0.03726625848088698,0.025285454244580507,0.01198080423630647,0.2409219989139615,-0.2689921111185867,-3.1311011543545795e-05,-0.3948187529043853
12,200,0.0025,1,0.0,2.5,1,1,100,200,-0.30634358845047527,-0.08750254612125863,-0.5820066320448254,-0.3286846993604279,909,671,238,0.02674168459374483,0.06486844282641073,0.045805063710077774,0.01906337911633295,0.46677768521398466,-0.25489699339358785,9.470935179177784e-05,-0.3949400971116927
20,60,0.01,1,-0.2,999.0,1,1,100,200,-0.398367949422467,-0.1194437221736645,-0.5130201977491327,-0.39080860498803893,731,565,166,0.034552374648353465,0.06970047989409234,0.0521264272712229,0.017574052622869436,0.11494440993046884,-0.2222284020765164,-4.343426796549046e-06,-0.39549425129763277
48,120,0.01,1,-0.2,0.75,1,1,100,200,-0.4112980753020904,-0.12422003245390023,-0.4656447337953147,-0.7710813201415083,467,356,111,0.01628330299520106,0.0362733741519113,0.02627833857355618,0.009995035578355122,-0.1289621628315596,-0.14632697829582475,-0.00022010792632815555,-0.395596465358633
12,200,0.01,1,0.0,999.0,1,1,100,200,-0.3751901621998063,-0.11107121942848819,-0.5271108301646696,-0.41993128361053284,809,610,199,0.026940261459539965,0.05990402118153235,0.04342214132053616,0.016481879860996192,0.32886021293799805,-0.2953319008723557,2.340679978824521e-05,-0.39562319869134965
48,200,0.0,1,-0.2,2.5,1,1,100,200,-0.3098684609777581,-0.08866558567364002,-0.5894849612322048,-0.24492008693315157,1131,837,294,0.04315737216614265,0.10034750951514149,0.07175244084064207,0.02859506867449942,0.4332726535807587,-0.1522691094265839,0.0001086020860914916,-0.3956540706364
12,60,0.0025,1,-999.0,1.5,1,1,100,200,-0.3852507548895513,-0.11467630539989482,-0.5295261263311546,-0.33576325705581794,469,344,125,0.04861823597550885,0.11209664074135363,0.08035743835843125,0.03173920238292239,-0.12882413759249267,-0.10780518466662703,-3.0799233899963824e-05,-0.396227531418263
20,120,0.0025,0,-999.0,0.75,1,1,100,200,-0.3517506329186473,-0.10283771313345036,-0.5747039210822189,-0.129282752146959,368,259,109,0.08118484196591097,0.179877544266093,0.13053119311600198,0.04934635115009101,-0.12408953898028174,-0.1103635731329522,2.0299257583585015e-06,-0.39665381128190774
12,120,0.005,1,0.2,2.5,1,1,100,200,-0.3205465301694952,-0.09221623540869062,-0.5649722035987446,-0.43926773681505604,685,501,184,0.01625020685090187,0.041668045672679135,0.0289591262617905,0.012708919410888631,0.4426102634921183,-0.3365720533056832,2.3523347127499686e-05,-0.3966657240488157
30,120,0.0,1,-999.0,0.75,1,1,100,200,-0.3355827792490187,-0.09728767830943164,-0.5681601235525988,-0.30770121561971303,382,276,106,0.03468475922555023,0.07810690054608638,0.0563958298858183,0.02171107066026808,-0.08132725873705904,-0.12451030108534988,-4.054686586315769e-05,-0.3967528008667167
12,200,0.0,1,-0.2,1.5,1,1,100,200,-0.3392298073075498,-0.098530698026978,-0.5627708355459133,-0.34066904343023746,947,695,252,0.03448618235975509,0.08373324507694853,0.05910971371835181,0.024623531358596722,0.2188427476331396,-0.12945218430955718,6.809804434919166e-05,-0.39694956797144654
30,60,0.01,1,0.2,999.0,1,1,100,200,-0.41682174605898026,-0.12628443962831537,-0.4814220197738396,-0.605851293786633,578,436,142,0.016117822273705115,0.036571239450604004,0.026344530862154557,0.010226708588449446,0.0850972464271984,-0.28241202339755045,-0.00015158698682463952,-0.39728801420456683
12,60,0.01,1,-0.2,999.0,1,1,100,200,-0.40967137516375274,-0.12361484116421673,-0.5067926978408164,-0.4073439777965955,754,587,167,0.03577693198742347,0.07152076783054774,0.0536488499089856,0.017871917921562137,0.08292211197136434,-0.2051840266052497,-7.101398596340211e-06,-0.3973783889744547
30,96,0.0,1,0.2,2.5,1,1,100,200,-0.3207151138086055,-0.09227262688201876,-0.5679669232789808,-0.4330258513713971,702,506,196,0.016184014562303492,0.04338904517623697,0.02978652986927023,0.013602515306966738,0.35769500339378735,-0.28923633629078793,3.0044001440526256e-05,-0.397907381090079
30,60,0.0,1,-999.0,0.75,1,1,100,200,-0.3480460478111099,-0.10155693108303421,-0.5591806485438149,-0.3451603053796194,352,256,96,0.02750289591262618,0.06662253847426775,0.047062717193446964,0.019559821280820785,-0.12274994218592328,-0.11376589085509792,-6.784688543561936e-05,-0.3984052706239226
48,96,0.0,1,-999.0,0.75,1,1,100,200,-0.33842347960951324,-0.09825543463315756,-0.5700064448916417,-0.3083070077683859,381,278,103,0.035644547410226705,0.07747807380440179,0.05656131060731425,0.02091676319708754,-0.05704782819668974,-0.15112409321381293,-4.2171572516148544e-05,-0.3986740074673977
12,96,0.005,1,-0.2,2.5,1,1,100,200,-0.33652169825745104,-0.09760720101407994,-0.5702777623991935,-0.319265802615923,847,639,208,0.03448618235975509,0.07731259308290585,0.05589938772133046,0.021413205361575375,0.2673338189923835,-0.20033993212723333,5.695126550998244e-05,-0.39870937234447285
12,120,0.01,1,-0.2,999.0,1,1,100,200,-0.4305044609132358,-0.13146207250884934,-0.4925960786907364,-0.4320568752968656,824,638,186,0.03796127751116995,0.07780903524739367,0.057885156379281814,0.019923878868111866,0.06757068348785689,-0.1944958890539621,-4.892607498975243e-06,-0.3993629556190608
48,200,0.01,1,-999.0,0.75,1,1,100,200,-0.3874937909495949,-0.11548609107311758,-0.5215467019334821,-0.47147327157609836,354,269,85,0.038821777262948866,0.07390369022008936,0.056362733741519115,0.017540956478570246,-0.2363405131988897,-0.04258529952473311,-9.555233646416532e-05,-0.39983310561866353
20,96,0.01,1,-0.2,999.0,1,1,100,200,-0.4354715476187262,-0.13336472671697597,-0.4890485782559719,-0.4499675941110682,781,603,178,0.03633956644050968,0.07459870925037233,0.055469137845441004,0.019129571404931326,0.02175848315197615,-0.18347029170701146,-2.0028975579708725e-05,-0.40038739555051533
12,96,0.005,1,0.2,2.5,1,1,100,200,-0.329916559122472,-0.09536656371163987,-0.5646486411489309,-0.46452513806799345,662,483,179,0.01581995697501241,0.04031110375641238,0.028065530365712396,0.012245573390699984,0.40214856645968466,-0.33453950790080544,2.433339831125297e-06,-0.400917141189505
20,200,0.0,1,0.2,1.5,1,1,100,200,-0.31665031859372605,-0.09091585984989192,-0.573572891502939,-0.46914934951834764,709,510,199,0.015621380109217277,0.04216448783716697,0.028892933973192123,0.013271553863974847,0.4081044962736817,-0.30816264583750985,3.078974682915915e-05,-0.4011597730772788
48,120,0.0025,1,-0.2,1.5,1,1,100,200,-0.35915616446977183,-0.10541455751546147,-0.5527518493431576,-0.39888434034344783,822,613,209,0.02985272215786861,0.07274532516961774,0.05129902366374317,0.021446301505874565,0.11310716830589351,-0.13152983762255543,3.23526976619129e-05,-0.4017346992042127
48,120,0.005,1,0.2,2.5,1,1,100,200,-0.3442067405385041,-0.10023531584636247,-0.5561305497502127,-0.4879945577353117,693,507,186,0.016382591428098628,0.04232996855866292,0.029356279993380772,0.012973688565282145,0.3664025117241445,-0.3212513667333522,-1.2579450281900212e-06,-0.4027003186082344
48,60,0.0025,1,-0.2,2.5,1,1,100,200,-0.37239816311403173,-0.11007846192698734,-0.5465758438762884,-0.3880478501036136,812,612,200,0.03183849081581996,0.07433394009597882,0.05308621545589939,0.02124772464007943,0.09942140309762815,-0.1431837907555159,2.5447301435629254e-05,-0.4027687763703122
30,120,0.005,1,0.2,2.5,1,1,100,200,-0.3409807022463809,-0.0991292850790807,-0.560231283121136,-0.4830612260911083,679,496,183,0.015985437696508356,0.04140327651828562,0.028694357107396987,0.012708919410888631,0.37630963525353467,-0.32754716112605653,-3.2902406214087626e-06,-0.4033979879442041
20,200,0.0025,1,-0.2,1.5,1,1,100,200,-0.3479865243514122,-0.10153639668968217,-0.5679130126991379,-0.36463715565905047,903,670,233,0.03372497104087374,0.07953003475095151,0.056627502895912625,0.022902531855038887,0.18338844563681778,-0.13450962396352562,5.564782560639229e-05,-0.4037247608222036
20,96,0.0,1,-0.2,2.5,1,1,100,200,-0.36280535791552326,-0.10669255645150677,-0.5585269670684335,-0.3570826661399154,897,660,237,0.03435379778255833,0.08234320701638259,0.05834850239947046,0.02399470461691213,0.16595968536792527,-0.14410918136362294,4.8310029356038796e-05,-0.4038101732927193
20,120,0.005,1,0.2,2.5,1,1,100,200,-0.3443142435855533,-0.10027224287712966,-0.55926036734651,-0.4900849997679051,680,498,182,0.016018533840807547,0.041436372662584806,0.028727453251696178,0.012708919410888631,0.37598439484676516,-0.3304557385368079,-6.920984120166154e-06,-0.4044066765387799
12,60,0.0,1,-999.0,0.75,1,1,100,200,-0.3515735196611446,-0.10277635524011486,-0.5693198860086031,-0.3403132562946258,366,268,98,0.030117491312262122,0.07115671024325666,0.05063710077775939,0.02051960946549727,-0.1913513982077174,-0.03706567486308099,-6.079524574981161e-05,-0.40445196105914766
30,200,0.005,1,-0.2,0.75,1,1,100,200,-0.4229978964611525,-0.1286101348574451,-0.4771434276651323,-0.7480796153816092,592,450,142,0.021380109217276188,0.04640079430746318,0.03389045176236968,0.012510342545093497,-0.09582550660208689,-0.14195817072221062,-0.00013700463644023093,-0.4045858294590917
20,60,0.0025,1,-0.2,0.75,1,1,100,200,-0.4269335580977234,-0.13010190237876684,-0.4698800056247052,-0.794279632644559,470,349,121,0.015621380109217277,0.037795796789674006,0.02670858844944564,0.011087208340228364,-0.16237552120956034,-0.13455326611479967,-0.00023146930488292803,-0.4047558868233474
12,120,0.0,1,0.2,2.5,1,1,100,200,-0.32084384589116766,-0.09231569501646808,-0.5826147834449543,-0.4263795694743752,743,534,209,0.01704451431408241,0.04550719841138507,0.031275856362733744,0.014231342048651332,0.4540420665675562,-0.32271194261992586,4.4610727798563794e-05,-0.404942065212664
30,96,0.0,1,-0.2,2.5,1,1,100,200,-0.34593512053851516,-0.1008295609875679,-0.576251705937971,-0.32677446180155684,908,674,234,0.0347509515141486,0.08247559159357935,0.05861327155386398,0.023862320039715373,0.20277947225996118,-0.1436450228649967,6.123508204052759e-05,-0.40529413704663125
12,200,0.0025,1,-0.2,1.5,1,1,100,200,-0.3588411807929406,-0.10530450180023465,-0.5616036773990402,-0.38382072137131235,900,668,232,0.03329472116498428,0.07943074631805394,0.056362733741519115,0.023068012576534833,0.14895393815172553,-0.12472526301809683,4.810937121232567e-05,-0.4052973765683203
20,120,0.01,1,0.0,999.0,1,1,100,200,-0.3922648174757555,-0.11721595865314072,-0.529833896398572,-0.4633436791652707,749,568,181,0.024987588945887804,0.05583319543273209,0.040410392189309946,0.01542280324342214,0.2586629879259681,-0.2977546451023839,-1.1106570286085208e-05,-0.4053000908106903
12,60,0.01,0,0.0,0.75,1,1,100,200,-0.40935468303094613,-0.12349716565980795,-0.5106607135215051,-0.5300237837074792,699,545,154,0.02396160847261294,0.047790832368029126,0.035876220420321035,0.011914611947708093,-0.021060947383695794,-0.14415524901957621,-5.598992830401263e-05,-0.4053287116059345
20,200,0.0,1,-999.0,0.75,1,1,100,200,-0.351312346877536,-0.10268589926449578,-0.5743608683082195,-0.31249103447916743,424,309,115,0.04047658447790833,0.08972364719510177,0.06510011583650505,0.024623531358596722,-0.10073767361279662,-0.10825088345527123,-3.301995436952526e-05,-0.40549088514256393
48,200,0.005,1,-0.2,0.75,1,1,100,200,-0.4255924461403512,-0.12959270897924158,-0.47758308429333984,-0.7448121805831227,605,460,145,0.02174416680456727,0.047228197914942906,0.03448618235975509,0.01274201555518782,-0.12819142425349583,-0.10832633330205199,-0.00013226263118528136,-0.40562486015506766
30,60,0.0,1,0.0,999.0,1,1,100,200,-0.3758269486469802,-0.1112981086297058,-0.5467724727297556,-0.4213898904161641,803,589,214,0.0243918583485024,0.05987092503723316,0.04213139169286778,0.01773953334436538,0.3175500146827539,-0.2921345015133978,2.1136953620762084e-05,-0.4057538395153918
20,96,0.005,1,-999.0,999.0,1,1,100,200,-0.4145604501839756,-0.1254375421691979,-0.534862571222184,-0.26732869882907717,474,352,122,0.07032930663577693,0.1457223233493298,0.10802581499255337,0.03769650835677644,-0.09883104348566074,-0.1765649137047084,-1.956392702509749e-05,-0.4062352627217437
12,96,0.0025,1,-0.2,1.5,1,1,100,200,-0.366484020841392,-0.10798644157424586,-0.5553284292686476,-0.4188017895323635,778,581,197,0.02862816481879861,0.0692040377296045,0.048916101274201554,0.020287936455402944,0.05138949097734913,-0.11084649566839144,1.7014438425261007e-05,-0.4065907456851878
12,96,0.0025,1,-999.0,1.5,1,1,100,200,-0.3857815295700231,-0.11486772650159605,-0.5510368301398602,-0.3249136765348291,489,359,130,0.052424292569915605,0.12000661922885984,0.08621545589938773,0.033791163329472115,-0.11381525991781727,-0.1148636816884584,-2.4703451823977562e-05,-0.4066318253982676
12,96,0.0025,1,-999.0,2.5,1,1,100,200,-0.3970385711060317,-0.11895703455743856,-0.5473431283333786,-0.28695817869222734,515,375,140,0.06453748138341883,0.1405262286943571,0.10253185503888797,0.037994373655469135,-0.02984687593721902,-0.1959037420086852,-1.5333327064830806e-05,-0.4069765076587392
12,200,0.005,1,-0.2,0.75,1,1,100,200,-0.4261815348710518,-0.1298162643148233,-0.48002831535677914,-0.751660015532265,584,441,143,0.020784378619890784,0.045805063710077774,0.03329472116498428,0.012510342545093497,-0.10175818108003265,-0.14448633302589575,-0.00014521085956154773,-0.4074134227698261
12,96,0.0,1,0.2,2.5,1,1,100,200,-0.3255692026542971,-0.09390084539081911,-0.5839606668346017,-0.44137423618605753,718,514,204,0.016548072149594573,0.04408406420651994,0.030316068178057258,0.013767996028462685,0.41794335410123695,-0.31887123378410975,3.046982260081256e-05,-0.4079498906174228
20,60,0.0025,1,-0.2,2.5,1,1,100,200,-0.36139164211245234,-0.10619680381393737,-0.5667352801672036,-0.3683600438406384,805,599,206,0.031772298527221576,0.07340724805560152,0.052589773291411554,0.02081747476418997,0.20353946345576923,-0.20636372980199258,3.2086499569312225e-05,-0.4079824460895711
48,200,0.0,1,0.2,2.5,1,1,100,200,-0.3239085119025731,-0.09334281020453805,-0.5876640668630014,-0.4192916403706863,852,618,234,0.019857686579513485,0.05136521595234155,0.03561145126592752,0.015753764686414033,0.51473334332592,-0.3165212762080297,7.382213457777514e-05,-0.40813942565457306
48,96,0.01,1,-0.2,999.0,1,1,100,200,-0.4422515368833201,-0.13598217967162474,-0.49850078905720463,-0.45892243352828693,819,635,184,0.03693529703789508,0.07671686248552044,0.05682607976170776,0.019890782723812676,0.026949016240866985,-0.18195430196204299,-1.593569320834201e-05,-0.4081786958766414
20,60,0.005,1,0.0,999.0,1,1,100,200,-0.36355475169846874,-0.1069556834398826,-0.5634210980236433,-0.40729674471228916,752,560,192,0.02406089690551051,0.05563461856693695,0.03984775773622373,0.01578686083071322,0.4280260540759169,-0.3508269534781814,1.7510390322957885e-05,-0.40903106968731867
20,200,0.005,1,-0.2,0.75,1,1,100,200,-0.4278512071225258,-0.13045083034390104,-0.4815413065659516,-0.7588553159406335,582,440,142,0.020784378619890784,0.04567267913288102,0.0332285288763859,0.012444150256495118,-0.10208775514439539,-0.147515695748624,-0.00014872937632847758,-0.4091642494239085
30,96,0.0025,1,-0.2,2.5,1,1,100,200,-0.3705810263059872,-0.10943411570827499,-0.5629205318829642,-0.37351358903762594,868,653,215,0.03408902862816482,0.07903359258646368,0.05656131060731425,0.02247228197914943,0.14136474602851234,-0.14877118178245796,3.862433626691761e-05,-0.4095700611016384
48,60,0.0025,1,-999.0,1.5,1,1,100,200,-0.39471000488996755,-0.1181064776423153,-0.547700951914512,-0.35417345599562594,468,343,125,0.04904848585139831,0.11034254509349661,0.07969551547244746,0.03064702962104915,-0.14307388463186776,-0.10737213396049616,-3.6506693200855616e-05,-0.40966562639935256
30,200,0.0,1,0.2,1.5,1,1,100,200,-0.33117349304232246,-0.09579166919597237,-0.5780263689598768,-0.49956761262207583,728,525,203,0.016084726129405924,0.04289260301174913,0.029488664570577527,0.013403938441171603,0.3934644615515799,-0.3092191251795492,2.124810507627076e-05,-0.4097832343070146
48,96,0.0,1,-0.2,2.5,1,1,100,200,-0.3717204358400755,-0.10983798041404036,-0.5652830178621634,-0.3685683214301329,934,699,235,0.035810028131722654,0.0841303988085388,0.05997021347013073,0.024160185338408077,0.16792070633613276,-0.14176579493851738,4.959836261846946e-05,-0.4109079054166287
20,60,0.0025,1,0.2,2.5,1,1,100,200,-0.3545773180880357,-0.10381867547615176,-0.5625389672223214,-0.518741299382898,634,465,169,0.014992553367532682,0.03888796955154725,0.026940261459539965,0.011947708092007282,0.27699223307804854,-0.30599636064663027,-4.14873536153193e-05,-0.41102522405645736
30,96,0.005,1,-0.2,0.75,1,1,100,200,-0.428916859450193,-0.1308565621453106,-0.48163702072132286,-0.7940159352259825,503,378,125,0.01658116829389376,0.03968227701472778,0.028131722654310774,0.011550554360417012,-0.12713788222507838,-0.1585930959969376,-0.00020902960652316362,-0.41137586926727115
30,200,0.0025,1,-0.2,2.5,1,1,100,200,-0.3522462011126348,-0.10300946115729548,-0.5861015840866255,-0.32194033420456675,1038,776,262,0.04123779579678968,0.09306635776931987,0.06715207678305478,0.0259142809862651,0.3122678507575012,-0.17044977758185842,7.623393037627223e-05,-0.41215726991083657
12,200,0.0,1,-999.0,0.75,1,1,100,200,-0.3525614753834002,-0.103118776369583,-0.5873037294060957,-0.31277845840278196,426,310,116,0.040244911467814,0.0899553202051961,0.06510011583650505,0.02485520436869105,-0.11853246240232851,-0.09109169155721941,-3.2989225692697535e-05,-0.4124095639927699
48,60,0.0025,1,0.2,2.5,1,1,100,200,-0.37014448559251145,-0.10927952868331448,-0.5513789038841951,-0.5555324822881238,634,465,169,0.014727784213139168,0.039020354128744,0.026874069170941584,0.012146284957802416,0.1999461750599012,-0.279249503324446,-6.239763932209749e-05,-0.4127456047398182
12,60,0.0,1,0.0,999.0,1,1,100,200,-0.38629780314856155,-0.11505403686357885,-0.5522799052009312,-0.43192924232664787,847,623,224,0.02598047327486348,0.06284957802416019,0.04441502564951183,0.018434552374648354,0.3108677727594431,-0.28489716357892336,2.433230053243084e-05,-0.4127904515803768
20,96,0.0,1,0.2,2.5,1,1,100,200,-0.3538908548881573,-0.10358015218414929,-0.5701305201835787,-0.5046292747664481,706,507,199,0.0161509184180043,0.04335594903193778,0.02975343372497104,0.013602515306966738,0.3100453746383589,-0.2979567930604735,-6.9552060392953014e-06,-0.41387687601426104
48,60,0.005,1,-999.0,2.5,1,1,100,200,-0.3929773895733667,-0.11747519434522247,-0.5638047033688918,-0.2954168846354385,482,355,127,0.060896905510508026,0.12603011749131227,0.09346351150091015,0.03256660599040212,0.0160208072996173,-0.239685258311222,-2.1883649181989676e-05,-0.4141483902614403
12,60,0.0025,1,0.2,2.5,1,1,100,200,-0.3611647092272007,-0.10611730112199624,-0.5633845357690339,-0.5274046953790218,653,477,176,0.01548899553202052,0.03998014231342049,0.027734568922720502,0.012245573390699984,0.29041873619394676,-0.31373658215460654,-4.001743749114811e-05,-0.41417980377546426
30,60,0.0025,1,-999.0,2.5,1,1,100,200,-0.4250619503458587,-0.12939153631422473,-0.5347224273888743,-0.34875407213025267,490,354,136,0.05758729108058911,0.12629488664570576,0.09194108886314745,0.03435379778255833,-0.07904561572658753,-0.2023512496230475,-3.5552217896936796e-05,-0.41419045361517454
30,96,0.0025,1,0.2,2.5,1,1,100,200,-0.35979393481667965,-0.10563751956111567,-0.565533673610072,-0.5213075185043328,674,491,183,0.015687572397815656,0.041436372662584806,0.028561972530200232,0.012874400132384577,0.28298474283940345,-0.30097592360556247,-2.8015472735608002e-05,-0.4144697322913683
20,60,0.0025,1,-999.0,2.5,1,1,100,200,-0.4058928530958926,-0.12221390369332641,-0.5534299711502335,-0.3156240259275775,487,352,135,0.05811682938937614,0.12808207843786198,0.09309945391361907,0.034982624524242924,-0.008486119092176447,-0.2355604800827341,-2.653347040418942e-05,-0.41471009056482205
20,60,0.01,0,0.0,0.75,1,1,100,200,-0.4335277405983794,-0.13261865795540373,-0.5080984554221413,-0.566975894760314,693,540,153,0.024524242925699154,0.04875062055270561,0.036637431739202385,0.012113188813503227,-0.0416563668082387,-0.164054322795127,-8.286766441550931e-05,-0.4150166804044901
48,200,0.0,1,-0.2,0.75,1,1,100,200,-0.4341686791127134,-0.1328644495339828,-0.4904824889704338,-0.7424961309283085,667,502,165,0.02359755088532186,0.0521264272712229,0.03786198907827238,0.014264438192950521,-0.16081840690869897,-0.05875113528118803,-0.00010752580920794255,-0.4152305005656151
30,96,0.0,1,-0.2,0.75,1,1,100,200,-0.4313954322465522,-0.13180244304637068,-0.4890010299491133,-0.7795801611803274,545,405,140,0.01770643720006619,0.04305808373324508,0.030382260466655635,0.012675823266589442,-0.1737510023818729,-0.0961960375106955,-0.000177852320157121,-0.4152819660799437
30,200,0.0,1,-0.2,0.75,1,1,100,200,-0.43279345967976335,-0.13233732688178224,-0.49111289344737596,-0.749512455336467,654,491,163,0.0231673010094324,0.051166639086546416,0.03716697004798941,0.013999669038557008,-0.12858975128823402,-0.09724816984529239,-0.00011313576149613395,-0.4153693963722936
12,200,0.01,1,-999.0,0.75,1,1,100,200,-0.40792842828332954,-0.12296778766452732,-0.5322484125556255,-0.5298057909950284,346,262,84,0.03617408571901373,0.07032930663577693,0.053251696177395336,0.0170776104583816,-0.21327668046095594,-0.10524543999983571,-0.00012035259748847264,-0.4155822834920915
20,60,0.01,1,0.2,999.0,1,1,100,200,-0.42642152246462617,-0.12990738736722007,-0.5094674410805813,-0.624407727985852,584,442,142,0.016349495283799437,0.03686910474929671,0.02660930001654807,0.010259804732748635,0.1111574649820406,-0.30870575506881726,-0.00016195465771458274,-0.4158614943068033
48,120,0.01,1,0.0,999.0,1,1,100,200,-0.4202975316476446,-0.12759099907214944,-0.52514052612241,-0.5168928364892397,765,575,190,0.02485520436869105,0.05682607976170776,0.040840642065199405,0.015985437696508356,0.20979663195250398,-0.29749088902055876,-3.341721977461166e-05,-0.41600590395781645
12,96,0.005,1,-0.2,0.75,1,1,100,200,-0.43358761821612235,-0.13264161141130593,-0.48808275972215565,-0.8065208155910562,503,378,125,0.017342379612775113,0.04017871917921562,0.028760549395995365,0.011418169783220255,-0.15904710999248672,-0.13380943543364698,-0.00021317219962454327,-0.41700903205193657
48,96,0.0025,1,0.2,2.5,1,1,100,200,-0.37611779204238993,-0.11140179486256474,-0.5557339570019895,-0.5576456209141757,689,505,184,0.016084726129405924,0.042098295548568594,0.02909151083898726,0.013006784709581333,0.23676088129295025,-0.2880184731874823,-4.200674764781333e-05,-0.41715105440926825
48,96,0.0025,1,-0.2,2.5,1,1,100,200,-0.3953480971239244,-0.11833930967427442,-0.5566491015468973,-0.4160078572006853,894,676,218,0.03485023994704617,0.08058911136852556,0.057719675657785866,0.0228694357107397,0.11464152551771156,-0.15170210861207867,2.6933334290375313e-05,-0.4174642533077573
12,120,0.0,1,-0.2,2.5,1,1,100,200,-0.38108019336285903,-0.11317650959238923,-0.5722871217199812,-0.3764558822289123,959,711,248,0.03683600860499752,0.08714214793976502,0.061989078272381266,0.02515306966738375,0.19725622188105696,-0.16489023680687132,4.8155269245002726e-05,-0.41814286456382543
48,60,0.0,1,-999.0,0.75,1,1,100,200,-0.3633265098846119,-0.10687551863584366,-0.5860126012132686,-0.36601488206307603,358,260,98,0.02938937613767996,0.06857521098791991,0.048982293562799935,0.019592917425119972,-0.13123099687838247,-0.12346229340328063,-7.493672963876797e-05,-0.41818256334563175
12,120,0.005,1,-0.2,0.75,1,1,100,200,-0.4365208618196802,-0.13376827342580655,-0.4885390513414086,-0.8030959521067247,528,396,132,0.01773953334436538,0.04163494952837994,0.029687241436372663,0.011947708092007282,-0.14314383822127552,-0.14364796568347105,-0.00019881091500593905,-0.4181925967018471
30,120,0.01,1,0.0,999.0,1,1,100,200,-0.4202856297685532,-0.1275865151081952,-0.5292588898610289,-0.5205773941984537,750,567,183,0.024789012080092668,0.05570081085553533,0.040244911467814,0.015455899387721331,0.1989709316277517,-0.29643120142462476,-3.914221678015018e-05,-0.4182448297486323
20,120,0.01,1,-0.2,999.0,1,1,100,200,-0.4527297094918262,-0.1400746541323451,-0.5090045353061511,-0.47493251437074596,817,632,185,0.037233162336587786,0.07721330465000828,0.05722323349329803,0.019990071156710244,0.04004257525336796,-0.2082202007313081,-2.384789219256788e-05,-0.41832354750395795
48,120,0.0,1,0.2,2.5,1,1,100,200,-0.3659930321134621,-0.1078134224089563,-0.5687802037473214,-0.5225254475473593,744,540,204,0.017342379612775113,0.0457388714214794,0.03154062551712725,0.014198245904352143,0.3089838413420336,-0.29731983344689783,-5.266550744188468e-06,-0.418329796659985
48,60,0.0025,1,-0.2,0.75,1,1,100,200,-0.43283471850841027,-0.13235312747355654,-0.4915931157890009,-0.8111629557431517,472,355,117,0.015455899387721331,0.03782889293397319,0.02664239616084726,0.01118649677312593,-0.17915537489333233,-0.1250810785225166,-0.00023948390359864835,-0.4187078331552146
20,200,0.005,1,0.2,2.5,1,1,100,200,-0.3498300547023945,-0.10217303083152762,-0.5838384132250527,-0.4927736293146531,748,551,197,0.018004302498758895,0.04494456395829886,0.03147443322852888,0.013470130729769983,0.4677666824699751,-0.3560730214793465,1.3859332094530532e-05,-0.41873091890978664
30,96,0.0025,1,-999.0,999.0,1,1,100,200,-0.4273570552816024,-0.1302628813684893,-0.5493926291784565,-0.2795170507537058,498,365,133,0.0725467483038226,0.15263941750786034,0.11259308290584147,0.04004633460201887,-0.1713415173373316,-0.11350823878884952,-1.9977048182053408e-05,-0.41893504849540286
30,200,0.0,1,-0.2,2.5,1,1,100,200,-0.34394502976741037,-0.10014543781097751,-0.6081607274024252,-0.30314015677977624,1088,802,286,0.041999007115671026,0.09733576038391527,0.06966738374979314,0.027668376634122124,0.40365146079453273,-0.19462855014693214,8.653771672943607e-05,-0.41938280935117894
20,60,0.0025,1,-999.0,999.0,1,1,100,200,-0.43852816130954786,-0.13454181572767288,-0.5386983904830127,-0.3102496360036157,470,344,126,0.06510011583650505,0.14075790170445143,0.10292900877047824,0.03782889293397319,-0.13251837689566492,-0.18124790974791283,-3.18058618021448e-05,-0.41940349276936
30,120,0.0,1,0.2,2.5,1,1,100,200,-0.3609178921253452,-0.10603085631088915,-0.575578707761776,-0.5126631863244674,728,527,201,0.016812841303988087,0.04474598709250372,0.030779414198245904,0.013966572894257819,0.31976763658126983,-0.30308163355789774,-5.578883930705999e-06,-0.4194533695080005
20,96,0.0025,1,-0.2,0.75,1,1,100,200,-0.436663543308216,-0.13382318956949502,-0.490862746768849,-0.8088072817508866,502,372,130,0.01658116829389376,0.04080754592090022,0.028694357107396987,0.012113188813503227,-0.17782097003371689,-0.1192824753065378,-0.00021410520683746013,-0.41969492704146383
30,60,0.0025,1,0.0,999.0,1,1,100,200,-0.4067022512111055,-0.12251343549436733,-0.5459721506632786,-0.486361782960988,766,568,198,0.023729935462518618,0.05722323349329803,0.04047658447790833,0.016746649015389706,0.24802000473097463,-0.3026873597057521,-1.8957161943620323e-05,-0.41981759997405604
48,200,0.005,1,-999.0,0.75,1,1,100,200,-0.42059171765630354,-0.12770185388719923,-0.5328413023911776,-0.5150904588162661,398,295,103,0.04223068012576535,0.08532186000330962,0.06377627006453748,0.021545589938772133,-0.24087743843588927,-0.0686369265760598,-9.336151325650434e-05,-0.41987702802360133
12,96,0.01,1,-0.2,999.0,1,1,100,200,-0.45417169112378764,-0.14064243781209773,-0.5107794191873545,-0.481166170516087,796,619,177,0.03726625848088698,0.07545920900215125,0.056362733741519115,0.019096475260632136,0.016992655435003723,-0.2008456455754647,-3.072655697527168e-05,-0.42009045593157934
20,120,0.0,1,0.2,2.5,1,1,100,200,-0.36438924786896953,-0.10724896502601355,-0.5759604768116383,-0.519584661052774,735,531,204,0.016812841303988087,0.04501075624689724,0.030911798775442662,0.014098957471454576,0.3331870481041219,-0.31143762872640834,-6.886208781230849e-06,-0.4212084364844714
12,96,0.0025,1,-999.0,999.0,1,1,100,200,-0.43044381952825683,-0.13143892068696605,-0.5514892262908078,-0.28476878549575296,498,367,131,0.0719510177064372,0.15376468641403276,0.11285785206023498,0.040906834353797786,-0.14997781709117441,-0.14044696289876535,-2.111682604583926e-05,-0.42142197310715757
20,120,0.005,1,-0.2,0.75,1,1,100,200,-0.43959145717858594,-0.1349524126406092,-0.49132618134995576,-0.817333453422553,520,390,130,0.0173754757570743,0.04113850736389211,0.029256991560483205,0.011881515803408902,-0.13948731448934015,-0.15531987821461468,-0.00020936339732639307,-0.4214821759867147
20,96,0.0025,1,-0.2,2.5,1,1,100,200,-0.4042302786340436,-0.12159959746981008,-0.5576166911034903,-0.43634330721016856,857,640,217,0.03372497104087374,0.07866953499917259,0.056197253020023166,0.02247228197914943,0.0907618616101924,-0.16152482709404847,1.2974968342890873e-05,-0.4222251083820637
30,120,0.0,1,-0.2,2.5,1,1,100,200,-0.376518433169037,-0.11154468355300085,-0.5846099277250415,-0.37441832489245025,942,699,243,0.03577693198742347,0.08528876385901042,0.06053284792321695,0.02475591593579348,0.19213770912964923,-0.1622758244666963,4.786893772711676e-05,-0.4225705636601441
48,96,0.005,1,-0.2,0.75,1,1,100,200,-0.4405736210172395,-0.1353321992250055,-0.4922176756655716,-0.8261285731487891,512,388,124,0.017176898891279165,0.04027800761211319,0.028727453251696178,0.011550554360417012,-0.13028861970198757,-0.16904983262018525,-0.00021913799581668673,-0.42274746571523075
48,200,0.01,1,0.2,999.0,1,1,100,200,-0.4299624625708317,-0.13125521252581573,-0.5248911171305932,-0.6068759332393246,720,540,180,0.018997186827734568,0.044216448783716694,0.031606817805725634,0.012609630977991063,0.18629080201749315,-0.3111932328190832,-8.486745452187393e-05,-0.4240445677530786
30,200,0.01,1,-999.0,0.75,1,1,100,200,-0.4222450481137706,-0.12832564600375995,-0.536257725667901,-0.5528043454646597,347,263,84,0.03819295052126427,0.07241436372662585,0.05530365712394506,0.017110706602680787,-0.2310784284804237,-0.10622013229206806,-0.00012704067425280886,-0.42409472611094345
30,200,0.005,1,0.2,2.5,1,1,100,200,-0.3605726025754723,-0.10590996466104863,-0.5852717165939957,-0.5147011878451002,763,563,200,0.018335263941750786,0.04560648684428264,0.03197087539301671,0.013635611451265928,0.453047594916002,-0.35548032413393793,7.190795140592065e-06,-0.4242808823503015
48,200,0.0025,1,0.2,2.5,1,1,100,200,-0.3614994675559853,-0.10623458633894911,-0.5864205216054653,-0.5034603653444938,816,600,216,0.019427436703624026,0.04901538970709912,0.034221413205361574,0.014793976501737548,0.3999022504134331,-0.3140380701552252,2.551588066629456e-05,-0.42461786540890645
48,60,0.01,1,0.2,999.0,1,1,100,200,-0.45107117951085873,-0.1394229891324017,-0.5033735590958757,-0.6847617757080626,591,446,145,0.016084726129405924,0.03713387390369022,0.02660930001654807,0.010524573887142149,0.04253330533656485,-0.29239285625962363,-0.000197198379858393,-0.42534785746574266
20,60,0.0,1,-999.0,0.75,1,1,100,200,-0.3842442023968925,-0.11431363752975376,-0.5828714102048487,-0.40366728426183995,358,260,98,0.028131722654310774,0.06804567267913288,0.04808869766672183,0.019956975012411053,-0.14665896698897385,-0.1369339490902235,-9.195797934748492e-05,-0.42593270684527007
20,96,0.0025,1,-999.0,1.5,1,1,100,200,-0.43628546490881925,-0.13367769517224826,-0.5445158531864295,-0.4129664621702502,484,352,132,0.051265927519443984,0.1173920238292239,0.08432897567433394,0.03306304815488995,-0.1975340870093194,-0.10513362899560563,-5.070299182286831e-05,-0.4265839448739755
30,120,0.005,1,-0.2,0.75,1,1,100,200,-0.44460693951840735,-0.13689707837725096,-0.49587865398237563,-0.8364708889059439,517,388,129,0.017110706602680787,0.04080754592090022,0.0289591262617905,0.011848419659109714,-0.1437357920008947,-0.15998728975034138,-0.00022003422434341388,-0.42665994981373595
30,96,0.0,1,-999.0,0.75,1,1,100,200,-0.37500234729228943,-0.11100433343611193,-0.5937809847551052,-0.37640261172808814,379,276,103,0.03259970213470131,0.07476418997186828,0.053681946053284794,0.021082243918583484,-0.1535831933957421,-0.1074891714936057,-7.06227976028037e-05,-0.42671495640006896
30,60,0.01,1,-999.0,0.75,1,1,100,200,-0.43620660513595066,-0.13364735710243902,-0.5203855178443124,-0.6603775967824845,293,224,69,0.026377627006453748,0.052920734734403445,0.039649180870428596,0.013271553863974847,-0.26538805591618364,-0.1114087114717065,-0.00021615055271963435,-0.42685899586371945
12,120,0.0025,1,-0.2,2.5,1,1,100,200,-0.4013833963710324,-0.12055067803282693,-0.5711002069649577,-0.4207718308380629,912,685,227,0.035810028131722654,0.08274036074797286,0.05927519443984776,0.023465166308125104,0.13778588642300038,-0.16981281331077547,2.6700353472164196e-05,-0.4271393730572089
30,120,0.01,1,-0.2,999.0,1,1,100,200,-0.4627377489678093,-0.14403872580297694,-0.5169209549114829,-0.49498317039257633,822,634,188,0.03686910474929671,0.07731259308290585,0.05709084891610127,0.020221744166804567,0.027856372932568707,-0.2115147652175492,-3.0824617518429256e-05,-0.42724836177834724
48,120,0.0,1,-999.0,0.75,1,1,100,200,-0.376922143082543,-0.11168873636871102,-0.5950287615299611,-0.36817095357314567,387,279,108,0.03617408571901373,0.08019195763693529,0.05818302167797452,0.022008935958960783,-0.07446341053355665,-0.18303072583991997,-6.357855453080755e-05,-0.42761166481234886
48,96,0.01,1,-999.0,0.75,1,1,100,200,-0.42760499332851465,-0.13035716855857682,-0.5359220184375819,-0.5996011334337864,319,241,78,0.032434221413205365,0.06255171272546749,0.04749296706933642,0.015058745656131061,-0.20966992384211003,-0.15047801958679208,-0.00016367265440708534,-0.4282982344490571
30,120,0.0025,1,-0.2,2.5,1,1,100,200,-0.4011007185671819,-0.12044673106029846,-0.5733719561919419,-0.4238593591112331,898,674,224,0.03481714380274698,0.08154889955320205,0.05818302167797452,0.023365877875227536,0.12695672489112653,-0.16729045901363382,2.3919452164148696e-05,-0.42832567711183106
12,120,0.0,1,-999.0,0.75,1,1,100,200,-0.3777932778890558,-0.11199981549488225,-0.5963919953506408,-0.37199746312056753,392,286,106,0.03441999007115671,0.07943074631805394,0.05692536819460533,0.02250537812344862,-0.16556954940249158,-0.09283233792267565,-6.41294556783747e-05,-0.42879568632623105
30,120,0.0,1,-0.2,0.75,1,1,100,200,-0.4458092236416187,-0.1373651980307632,-0.5019545533203871,-0.8157453364354301,564,420,144,0.01856693695184511,0.0445143140824094,0.03154062551712725,0.012973688565282145,-0.18565780558775935,-0.09769362189324426,-0.00018374180707613492,-0.42912974151272826
20,200,0.0,1,-0.2,2.5,1,1,100,200,-0.3650328420072697,-0.10747535179257395,-0.6098540965674756,-0.3377513574805509,1062,783,279,0.04113850736389211,0.09568095316895582,0.06840973026642397,0.027271222902531856,0.36297133494248857,-0.2076216832030312,7.217779648174451e-05,-0.4292899679503393
48,60,0.005,1,-999.0,999.0,1,1,100,200,-0.442291669329657,-0.13599774386426478,-0.5554324689860635,-0.3163175020176822,465,347,118,0.06781399966903856,0.1381102101605163,0.10296210491477743,0.03514810524573887,-0.10864039275357407,-0.21049860664911102,-3.46896192928791e-05,-0.4295298534581806
30,60,0.0025,1,-999.0,1.5,1,1,100,200,-0.42859272562785733,-0.13073309283368628,-0.5563792641652388,-0.4189616717610217,461,336,125,0.04577196756577859,0.10653648849908985,0.07615422803243423,0.030382260466655635,-0.160300547570285,-0.14305725252957113,-5.773964399963063e-05,-0.42987080850435677
12,200,0.005,1,0.2,2.5,1,1,100,200,-0.3764777036814806,-0.11153015423540191,-0.5835064774056371,-0.5516820503137606,744,548,196,0.017673341055767004,0.04474598709250372,0.031209664074135363,0.01353632301836836,0.38662484036600264,-0.3476345353632043,-1.863351847764476e-05,-0.4308674954539085
48,96,0.0,1,-0.2,0.75,1,1,100,200,-0.44755929593146204,-0.13804796626385152,-0.5035273249587823,-0.8221374480450335,558,420,138,0.018732417673341054,0.0438854873407248,0.03130895250703293,0.012576534833691875,-0.1743138295897424,-0.11555848035288119,-0.00019115999552190538,-0.43091850114549435
30,60,0.005,1,-0.2,999.0,1,1,100,200,-0.4435938690143433,-0.13650322005742022,-0.5429988962005301,-0.46235271748436196,799,604,195,0.03481714380274698,0.07638590104252854,0.055601522422637766,0.020784378619890784,0.10439305362192308,-0.24870192586567752,-2.1536331833354176e-05,-0.4311203040319034
12,60,0.0,0,0.0,0.75,1,1,100,200,-0.4385437319776344,-0.13454782421023237,-0.5384974162183302,-0.551037673554423,864,642,222,0.026245242429256993,0.05993711732583154,0.04309117987754427,0.016845937448287274,0.021137288972576718,-0.15297947443269544,-2.1438624501569923e-05,-0.43134841599711865
12,60,0.005,1,-0.2,999.0,1,1,100,200,-0.43948884641088837,-0.13491276354205517,-0.5482880108372414,-0.447387543369036,842,640,202,0.03703458547079265,0.07933145788515637,0.05818302167797452,0.021148436207181865,0.14400577347184873,-0.2534829272739556,-7.538032067293403e-06,-0.43142614612912766
20,96,0.0,1,-999.0,0.75,1,1,100,200,-0.38226094390754184,-0.11360035422309067,-0.5967441681657337,-0.39075531883274117,375,271,104,0.030812510342545094,0.07370511335429422,0.052258811848419656,0.021446301505874565,-0.16117587572786773,-0.11164872964447992,-7.808222354717027e-05,-0.43151020424759456
30,200,0.005,1,-999.0,0.75,1,1,100,200,-0.43237268481700397,-0.13217623499099318,-0.544014415501819,-0.5499258211185737,389,287,102,0.04140327651828562,0.08376634122124772,0.06258480886976667,0.021181532351481052,-0.19851986146606704,-0.13967622844262617,-0.0001061107130484301,-0.4316797337978313
20,200,0.0025,1,0.2,1.5,1,1,100,200,-0.37231800071180277,-0.11005000733409576,-0.5829946906636732,-0.6052491170663642,678,490,188,0.014727784213139168,0.040079430746318055,0.02740360747972861,0.012675823266589442,0.27679450888426405,-0.3099487991964591,-5.186630767873249e-05,-0.43180980851925055
48,120,0.01,1,-0.2,999.0,1,1,100,200,-0.4686930509687356,-0.14642389332347294,-0.5222756612923876,-0.5023522986727162,846,649,197,0.03736554691378455,0.079265265596558,0.05831540625517127,0.02094985934138673,0.03879176246657101,-0.2191465977673177,-2.911005221022964e-05,-0.4326793389033025
12,96,0.0,1,-0.2,2.5,1,1,100,200,-0.4011868950480981,-0.12047841618844757,-0.5836045652323275,-0.4176954057256047,921,682,239,0.035710739698825086,0.08422968724143637,0.05997021347013073,0.024259473771305645,0.1501020267195179,-0.1747271625466642,2.8511386628071754e-05,-0.43316546909089154
20,200,0.0025,1,-0.2,2.5,1,1,100,200,-0.39021252024163744,-0.11647059828203232,-0.5947989568126502,-0.3867462367888335,1011,757,254,0.040410392189309946,0.0911798775442661,0.06579513486678802,0.025384742677478075,0.25210970723971093,-0.19252909350749903,5.0849534886902905e-05,-0.43320738852779905
48,120,0.0025,1,-0.2,2.5,1,1,100,200,-0.4035783888901924,-0.12135908082500901,-0.5814040542735766,-0.4234671507390229,927,697,230,0.036306470296210494,0.084163494952838,0.060234982624524244,0.02392851232831375,0.170252727322167,-0.1897490616960359,2.7936614322935927e-05,-0.43323446549874844
30,96,0.01,1,0.2,999.0,1,1,100,200,-0.4558373407735704,-0.14129969265713316,-0.5152479568801525,-0.6863157503914538,627,468,159,0.016812841303988087,0.039318219427436706,0.028065530365712396,0.01125268906172431,0.0849624642069442,-0.3137230811706504,-0.00017688898775760126,-0.4332394586167821
20,60,0.0,1,0.0,999.0,1,1,100,200,-0.4082012677330029,-0.12306898252651166,-0.572698463587675,-0.4797371674326783,820,602,218,0.025020685090186994,0.060499751778917754,0.042760218434552376,0.01773953334436538,0.30878861232013466,-0.3185879794671984,-3.0096293664450162e-06,-0.43340507269198303
20,200,0.01,1,-999.0,0.75,1,1,100,200,-0.4361028252935196,-0.1336074369033825,-0.5409870708807059,-0.5903192923030823,348,264,84,0.03640575872910806,0.0704285950686745,0.05341717689889128,0.01701141816978322,-0.24692295426132826,-0.10885854644354387,-0.00014265164412560603,-0.43361693695888953
48,120,0.0,1,-0.2,2.5,1,1,100,200,-0.39611089340601713,-0.11861788652141003,-0.5895558870045394,-0.40482279516465286,967,720,247,0.0372000661922886,0.08763859010425286,0.062419328148270725,0.025219261955982127,0.19485200266915514,-0.18025840097529156,3.9809923090178586e-05,-0.4336369697819124
12,200,0.0025,1,0.2,1.5,1,1,100,200,-0.38429929885987757,-0.1143334776667394,-0.5752865567794176,-0.6338445493358077,677,488,189,0.014429918914446466,0.04004633460201887,0.027238126758232666,0.0128082078437862,0.23809562276936047,-0.30231255711745164,-6.819283988145343e-05,-0.4336689835232386
20,200,0.0,1,-0.2,0.75,1,1,100,200,-0.45197308363314415,-0.13977717941952283,-0.5083204935799359,-0.7993293374372311,642,479,163,0.022273705113354293,0.05027304319046831,0.0362733741519113,0.013999669038557008,-0.16728607136242502,-0.09270304617609759,-0.00014160962209806428,-0.43390389308135235
20,120,0.0,1,-0.2,2.5,1,1,100,200,-0.39607030571316004,-0.11860305705944107,-0.5901064348256144,-0.4073778319632568,948,703,245,0.03617408571901373,0.08588449445639583,0.06102929008770478,0.02485520436869105,0.18499113499624498,-0.1811990312306505,3.660838925545741e-05,-0.43402516607041114
30,200,0.0025,1,0.2,1.5,1,1,100,200,-0.37574170189382994,-0.11126772486120695,-0.5847878805554867,-0.6112239845103664,698,506,192,0.015257322521926195,0.04093993049809697,0.028098626510011583,0.012841303988085388,0.2852061844678315,-0.3113505637222459,-4.682164032310129e-05,-0.4342228643644686
20,120,0.0,1,-999.0,0.75,1,1,100,200,-0.3850684185601002,-0.1146105753522414,-0.6003234566189273,-0.3891300118892206,387,281,106,0.03432070163825914,0.07813999669038557,0.05623034916432235,0.021909647526063215,-0.11752731685865114,-0.15436582598970738,-7.198684154859941e-05,-0.43422880425616606
30,60,0.0025,1,-999.0,999.0,1,1,100,200,-0.45744339075749474,-0.1419348595936023,-0.5524515894797595,-0.34177111404016036,474,347,127,0.06450438523911964,0.13890451762369685,0.10170445143140824,0.0372000661922886,-0.19503386267003764,-0.14567920071848361,-4.0319813461602106e-05,-0.43524921003549005
48,120,0.0025,1,0.2,2.5,1,1,100,200,-0.3957844789282524,-0.11849864612455352,-0.5756705989899513,-0.5953171504993428,713,522,191,0.016746649015389706,0.04368691047492967,0.03021677974515969,0.013470130729769983,0.2489123690683317,-0.3089259067323008,-5.464135209152863e-05,-0.4360998031444963
20,96,0.0025,1,0.2,2.5,1,1,100,200,-0.397994950186791,-0.11930708523319478,-0.5729650520822844,-0.6100878962967294,676,491,185,0.015621380109217277,0.04130398808538805,0.028462684097302664,0.012841303988085388,0.22258315617848456,-0.3095218004477017,-7.697663283057468e-05,-0.43629400608917346
12,60,0.01,1,0.2,999.0,1,1,100,200,-0.45568588823296285,-0.1412398681574636,-0.5217124817104988,-0.6893825892237042,597,452,145,0.01671355287109052,0.03769650835677644,0.027205030613933475,0.010491477742842958,0.08266636162434216,-0.3223206170712327,-0.00019798172203634452,-0.43656523847389817
20,120,0.0,1,-0.2,0.75,1,1,100,200,-0.45409214352932625,-0.14061108647209752,-0.5093983266765446,-0.8329652524291222,570,423,147,0.018732417673341054,0.04507694853549561,0.03190468310441834,0.013172265431077279,-0.180226500656962,-0.11441479823646206,-0.00018977571083057823,-0.43695851243182593
12,60,0.0025,1,0.0,999.0,1,1,100,200,-0.42896012065895284,-0.1308730452125728,-0.5602180893587726,-0.5233923992909977,806,599,207,0.025252358100281317,0.05953996359424127,0.04239616084726129,0.017143802746979978,0.23352091482468462,-0.3072375056010115,-2.7173238320897605e-05,-0.437151709856509
12,200,0.0025,1,-0.2,2.5,1,1,100,200,-0.4061764712062197,-0.12231882665450255,-0.5883828686235899,-0.41541638181440727,1007,753,254,0.039748469303326164,0.09091510838987257,0.06533178884659938,0.025583319543273208,0.20414184650675704,-0.1839782981918806,4.0532048233109365e-05,-0.4372810800570179
12,200,0.0,1,-0.2,2.5,1,1,100,200,-0.3999985104467718,-0.12004177535466687,-0.5975186455047967,-0.39594824148724317,1060,781,279,0.04060896905510508,0.0957471454575542,0.06817805725632964,0.027569088201224556,0.2670761031575364,-0.19539399983347072,5.236158553164167e-05,-0.43859851018142737
48,200,0.005,1,-0.2,999.0,1,1,100,200,-0.4330930129007817,-0.13245206417485378,-0.5750820275904173,-0.40419788364738124,1079,818,261,0.04534171768988913,0.09862651001158365,0.07198411385073639,0.02664239616084726,0.22376922952181744,-0.2053557438330721,4.186415733014684e-05,-0.4402029721524315
20,120,0.0025,1,-0.2,2.5,1,1,100,200,-0.420686714293253,-0.1277376594170877,-0.5801350023206602,-0.45873908399215846,902,677,225,0.035115009101439686,0.08191295714049314,0.05851398312096641,0.023398974019526723,0.11017124732225181,-0.1807068803971883,1.135841983232833e-05,-0.44074211477702574
12,200,0.005,1,-999.0,0.75,1,1,100,200,-0.440214918070887,-0.13519343680327844,-0.5548907789187487,-0.574671957602972,386,285,101,0.039020354128744,0.08085388052291909,0.05993711732583154,0.02091676319708754,-0.20867411188613016,-0.14196353819612983,-0.00011708655638726541,-0.4413724241428014
12,60,0.01,1,-999.0,0.75,1,1,100,200,-0.44781900238555805,-0.13814942551326148,-0.5396070496386002,-0.6715577760849183,300,230,70,0.028363395664405096,0.056031772298527224,0.04219758398146616,0.013834188317061062,-0.2981667000450924,-0.08587002414691769,-0.00021256988857801826,-0.44153083913680746
48,120,0.005,1,-0.2,0.75,1,1,100,200,-0.46114009205845263,-0.14340221946011367,-0.5108855305630358,-0.8784867298577256,525,393,132,0.017276187324176732,0.04130398808538805,0.02929008770478239,0.012013900380605659,-0.140685931922941,-0.18462993619951806,-0.00023789056838686444,-0.44276932123451784
12,120,0.01,1,-999.0,0.75,1,1,100,200,-0.4437987694952613,-0.13658283721740716,-0.549051369444745,-0.6385028373127037,324,245,79,0.03210325997021347,0.06334602018864802,0.047724640079430745,0.015621380109217277,-0.26094885535849266,-0.11502550961501345,-0.00017555307072372777,-0.4430336638054148
48,60,0.01,1,-999.0,0.75,1,1,100,200,-0.442676114374145,-0.13614688216435922,-0.5479450016297214,-0.6643678414489442,300,228,72,0.027800761211318883,0.05493959953665398,0.04137018037398643,0.013569419162667549,-0.24455484168584518,-0.1428335227772245,-0.00021177903228747962,-0.4433377750516671
30,120,0.01,1,-999.0,0.75,1,1,100,200,-0.44399679310129236,-0.13665980316027293,-0.5492119201034991,-0.6458418986260673,320,240,80,0.03183849081581996,0.062816481879861,0.047327486347840474,0.01548899553202052,-0.23744711322947765,-0.14431913224679527,-0.00017900376086770893,-0.4435578581433258
30,120,0.0025,1,0.2,2.5,1,1,100,200,-0.40403750297704744,-0.12152845178619176,-0.5823604707474315,-0.6169857565009632,697,509,188,0.016184014562303492,0.04266093000165481,0.02942247228197915,0.013238457719675658,0.2321386521392108,-0.3145925399700532,-7.319178980886071e-05,-0.44355797498495564
12,120,0.0025,1,0.2,2.5,1,1,100,200,-0.39388063569550535,-0.11780412584031785,-0.5924584323600881,-0.5920493767670217,707,515,192,0.016349495283799437,0.04309117987754427,0.02972033758067185,0.013370842296872415,0.2858786791447212,-0.32869534832268943,-5.544203457759482e-05,-0.443635810858713
20,60,0.005,1,-0.2,999.0,1,1,100,200,-0.4443030920185096,-0.13677889301272483,-0.5681936542885118,-0.46006887453372813,814,612,202,0.035379778255833196,0.07708092007281152,0.05623034916432235,0.02085057090848916,0.16270015933524218,-0.2819208668459219,-1.8098619869750468e-05,-0.4438791638836671
12,96,0.0,1,-0.2,0.75,1,1,100,200,-0.4560931441006786,-0.14140076458292006,-0.521230114174473,-0.8387946019335556,551,408,143,0.018434552374648354,0.04424954492801589,0.03134204865133212,0.012907496276683767,-0.2306583618576713,-0.06871341515869334,-0.0002031978817584956,-0.4439555517668343
20,96,0.01,1,0.2,999.0,1,1,100,200,-0.4724353083211815,-0.14793298327956483,-0.5192044701053411,-0.728841344995406,623,467,156,0.01691212973688565,0.039020354128744,0.027966241932814828,0.011054112195929174,0.04989650972495374,-0.3138077749567262,-0.00020650244310748534,-0.44397728558200567
48,200,0.005,1,0.0,999.0,1,1,100,200,-0.4068292214273663,-0.12256045081557121,-0.5996388777257121,-0.4585330481781053,966,718,248,0.0301836836008605,0.07009763362568261,0.050140658613271556,0.019956975012411053,0.4019008008786069,-0.31407101087287914,3.5664883429601834e-05,-0.44530654208733256
20,200,0.0,1,0.2,2.5,1,1,100,200,-0.3845622941672865,-0.114428200146376,-0.6082768210086337,-0.553155061079529,811,588,223,0.018864802250537813,0.04904848585139831,0.033956644050968064,0.01509184180043025,0.41848841451517393,-0.34910825865167716,-9.664590703071648e-07,-0.4462243637046693
12,200,0.0,1,0.2,2.5,1,1,100,200,-0.391514564065092,-0.11694326053345983,-0.6024245019677288,-0.5682578998164125,809,583,226,0.018401456230349163,0.048982293562799935,0.03369187489657455,0.015290418666225384,0.3881419729276179,-0.34304994640730846,-9.272186294139983e-06,-0.44656840650814483
20,60,0.0025,1,-999.0,1.5,1,1,100,200,-0.4392679676103415,-0.13482743379173612,-0.5809320274570791,-0.4334347646831754,461,336,125,0.046466986596061556,0.10848916101274202,0.07747807380440179,0.031011087208340227,-0.14013875175559143,-0.17878494574301418,-6.190740691959096e-05,-0.44696518575443445
12,200,0.0,1,-0.2,0.75,1,1,100,200,-0.46573573504264776,-0.14523696276161469,-0.5206680871925211,-0.8296507564345864,645,480,165,0.022240608969055106,0.05070329306635777,0.036471951017706436,0.014231342048651332,-0.20192997519249267,-0.07570601961652057,-0.00015539460693853518,-0.4470535441796046
12,96,0.01,1,0.2,999.0,1,1,100,200,-0.4657367397279222,-0.14523736515875207,-0.5333844189108012,-0.7109193801245679,629,472,157,0.017143802746979978,0.039318219427436706,0.02823101108720834,0.011087208340228364,0.08322057560334328,-0.3244489371187814,-0.0001915862819010947,-0.4474755436203811
12,96,0.0025,1,0.2,2.5,1,1,100,200,-0.4022393478732632,-0.12086565518190195,-0.592155313457991,-0.6183285854214282,684,497,187,0.01591924540790998,0.04173423796127751,0.028826741684593746,0.012907496276683767,0.24981292053153314,-0.32663867104245226,-7.838034507473425e-05,-0.44785974118196886
12,120,0.01,1,0.2,999.0,1,1,100,200,-0.4644269174073673,-0.14471323538328285,-0.5373336635767654,-0.7011518254575841,647,486,161,0.017441668045672678,0.040410392189309946,0.028926030117491314,0.011484362071818632,0.10569678095073365,-0.3305593247100317,-0.00017604174208668254,-0.44843765844454475
48,120,0.0,1,-0.2,0.75,1,1,100,200,-0.4660750260023143,-0.14537288804054604,-0.5201672176584279,-0.8687358996188861,572,427,145,0.01906337911633295,0.04507694853549561,0.03207016382591428,0.013006784709581333,-0.18151156757079512,-0.1316256767210784,-0.0002054778756361966,-0.4488932918507043
20,120,0.0025,1,0.2,2.5,1,1,100,200,-0.4124726726320168,-0.12465780502394208,-0.5852648034063515,-0.6363894098665288,701,511,190,0.016117822273705115,0.04279331457885156,0.029455568426278337,0.013337746152573226,0.23184748126736943,-0.322780561514066,-8.238049255821791e-05,-0.44910967722044426
30,200,0.0025,1,-0.2,0.75,1,1,100,200,-0.46928640300843927,-0.146662633770268,-0.5190882485303909,-0.862014678211587,618,469,149,0.022273705113354293,0.04868442826410723,0.03547906668873076,0.01320536157537647,-0.17273429171027355,-0.12613217877340588,-0.00017744109011110242,-0.4493074919460428
30,96,0.0025,1,-0.2,0.75,1,1,100,200,-0.4681826886472208,-0.14621870436773976,-0.517277982187675,-0.8952962490316255,517,388,129,0.016978322025484032,0.04107231507529373,0.029025318550388878,0.012046996524904848,-0.21102377334383104,-0.1270452106832497,-0.00025272091009348756,-0.4496225079131585
12,120,0.0,1,-0.2,0.75,1,1,100,200,-0.46820880081611926,-0.14622919906796972,-0.5220848187365952,-0.8613787364236958,580,431,149,0.019096475260632136,0.04590435214297534,0.03250041370180374,0.013403938441171603,-0.22797146950326763,-0.07937091282087994,-0.0002006404614497537,-0.4503405452574521
48,200,0.0025,1,-0.2,0.75,1,1,100,200,-0.47203712548310073,-0.14777203265149763,-0.5198239740069048,-0.8576195451839519,633,481,152,0.022770147277842132,0.049644216448783716,0.036207181863312926,0.013437034585470792,-0.20209950435547785,-0.09188002522171002,-0.00017148426041528082,-0.45056499691414764
12,96,0.0025,1,-0.2,2.5,1,1,100,200,-0.4327210909623139,-0.1323096144444068,-0.5881903463838356,-0.48553391760037046,878,660,218,0.034883336091345356,0.08002647691543935,0.057454906503392356,0.022571570412046996,0.07545932145709022,-0.18171308548278886,-2.563026682232519e-06,-0.45068148351634313
30,60,0.01,0,0.0,0.75,1,1,100,200,-0.47117934454244903,-0.1474256154778425,-0.5441101813946345,-0.6392922057986614,706,552,154,0.025252358100281317,0.050074466324673175,0.037663412212477244,0.012411054112195929,-0.04345063638520752,-0.2130533075036034,-0.00012018823940094953,-0.45144531646509284
12,60,0.005,1,-999.0,0.75,1,1,100,200,-0.4603585811951033,-0.14309138076985317,-0.5500621969713718,-0.674831389133803,335,249,86,0.02978652986927023,0.0643389045176237,0.047062717193446964,0.017276187324176732,-0.28485136516086684,-0.10778097541275544,-0.000185324080376897,-0.45186404871222924
20,60,0.01,1,-999.0,0.75,1,1,100,200,-0.4618330737720987,-0.1436781293268189,-0.5452300959734608,-0.7159711205734144,294,225,69,0.02670858844944564,0.05397981135197749,0.040344199900711565,0.013635611451265928,-0.2828707034192083,-0.13068576015231215,-0.0002393996474465976,-0.45209173334222
12,96,0.0,1,-999.0,0.75,1,1,100,200,-0.4097585664783604,-0.12364724775724045,-0.6154068014742783,-0.4341542584182683,385,282,103,0.032434221413205365,0.07612113188813503,0.054277676650670195,0.021843455237464834,-0.20422754909178453,-0.10078532119395833,-9.232882404318899e-05,-0.453058361415293
30,96,0.01,1,-999.0,0.75,1,1,100,200,-0.4544366702912489,-0.14074689625613113,-0.5576762097594274,-0.6745973832298099,317,240,77,0.030713221909647526,0.060499751778917754,0.04560648684428264,0.014893264934635116,-0.2649448230200985,-0.13028267643868485,-0.00019749591618294907,-0.45331487029733536
48,60,0.0025,1,-999.0,2.5,1,1,100,200,-0.4654988716729864,-0.14514210993329602,-0.5765368084949031,-0.40683148552754855,501,365,136,0.061591924540790995,0.13063048154889956,0.09611120304484527,0.03451927850405428,-0.11136217386410474,-0.22724503315074762,-5.039170400671189e-05,-0.453752088457125
30,200,0.0,1,0.2,2.5,1,1,100,200,-0.3970390738448427,-0.11895721845884,-0.6119797723961864,-0.5795242245928629,829,602,227,0.019328148270726462,0.04977660102598047,0.034552374648353465,0.015224226377627006,0.4044432388559618,-0.35010221145648157,-8.391546292351809e-06,-0.45392331588657636
20,60,0.0025,1,0.0,999.0,1,1,100,200,-0.4450821695386564,-0.13708202238942013,-0.5778929004128897,-0.5619109831410831,781,579,202,0.024259473771305645,0.05768657951348668,0.04097302664239616,0.01671355287109052,0.2349716024097619,-0.33594184312170083,-5.2463037254107794e-05,-0.4541240217529191
48,96,0.01,1,0.2,999.0,1,1,100,200,-0.4809526162155623,-0.1513978008710577,-0.5306653088389814,-0.7489103802932993,637,478,159,0.016978322025484032,0.039748469303326164,0.028363395664405096,0.011385073638921066,0.026026929467166227,-0.30432622572028334,-0.00021025025423650326,-0.4541759743052134
48,60,0.005,1,0.0,999.0,1,1,100,200,-0.4416939644119693,-0.13576602834590656,-0.5806702113601699,-0.5622305560141766,760,568,192,0.023763031606817805,0.05652821446301506,0.04014562303491643,0.016382591428098628,0.21688987650308222,-0.32904372403573057,-5.726099402286796e-05,-0.4542126618267004
20,200,0.01,1,0.2,999.0,1,1,100,200,-0.47124281748693264,-0.14745123476183997,-0.5425445940549092,-0.7099360136169275,694,522,172,0.018533840807545922,0.04282641072315075,0.030680125765348336,0.012146284957802416,0.13315864355349838,-0.33975756052235406,-0.00015672749426232194,-0.45422033247014093
20,96,0.0025,1,-999.0,2.5,1,1,100,200,-0.46646469832449056,-0.14552907679554172,-0.5786928587319103,-0.3972582154566758,513,371,142,0.06347840476584478,0.13827569088201225,0.1008770478239285,0.037398643058083735,-0.12874901142106254,-0.20851211949867476,-4.5275313152911794e-05,-0.4547384169343307
20,120,0.01,1,-999.0,0.75,1,1,100,200,-0.45704017832067345,-0.14177526318651867,-0.559787043601782,-0.6744983023935373,322,243,79,0.03183849081581996,0.06261790501406586,0.047228197914942906,0.015389707099122952,-0.2568549104840102,-0.14171212190777982,-0.0001913830149004549,-0.4553937001070865
20,96,0.005,1,0.0,999.0,1,1,100,200,-0.4365234470921653,-0.13376926836891467,-0.5893987066806299,-0.5424573042045986,808,601,207,0.025318550388879695,0.059738540460036405,0.04252854542445805,0.017209995035578355,0.27790229082053974,-0.3394935704576427,-3.4467213718890554e-05,-0.45559148691945955
20,60,0.01,0,0.2,0.75,1,1,100,200,-0.47370627150529887,-0.14844733296683288,-0.5367883350040608,-0.7903937736297685,571,439,132,0.016514976005295383,0.03405593248386563,0.025285454244580507,0.008770478239285123,-0.09405219364971795,-0.22705765609915252,-0.0002733282223250736,-0.4563611891503517
12,120,0.005,1,0.0,999.0,1,1,100,200,-0.4339373835820034,-0.1327757266500097,-0.5943977738185091,-0.5279925440318824,845,630,215,0.026675492305146452,0.062419328148270725,0.044547410226708585,0.017871917921562137,0.3126345179232328,-0.3419544446778243,-1.940687206513511e-05,-0.45637424076085836
30,96,0.005,1,0.0,999.0,1,1,100,200,-0.43825054705178734,-0.13443470959506243,-0.5914389222668943,-0.5446797365501022,811,605,206,0.025351646533178885,0.05997021347013073,0.04266093000165481,0.017309283468475923,0.265021734436365,-0.33381457838154915,-3.49964261937406e-05,-0.4573881575560147
12,60,0.005,0,0.0,0.75,1,1,100,200,-0.47280553442886586,-0.14808271515884686,-0.5559213922698191,-0.6542223696137436,793,597,196,0.024557339069998345,0.05421148436207182,0.03938441171603508,0.014827072646036736,0.011374292500279548,-0.2250034700918584,-8.79672860295714e-05,-0.4587545297744436
20,200,0.005,1,-999.0,0.75,1,1,100,200,-0.4668529258592409,-0.145684771514201,-0.5636186201061888,-0.6334269960506211,388,287,101,0.039252027138838325,0.08095316895581665,0.06010259804732749,0.02085057090848916,-0.24251722653080832,-0.14542837336732672,-0.0001364905504048956,-0.45916543136982646
30,60,0.005,1,-999.0,0.75,1,1,100,200,-0.4723746907429195,-0.14790847499899007,-0.551153415813624,-0.7213074836090915,325,239,86,0.027370511335429424,0.06059904021181532,0.04398477577362237,0.01661426443819295,-0.2665355230940517,-0.15367525869127596,-0.00021357966279360495,-0.45955055708625664
20,120,0.01,1,0.2,999.0,1,1,100,200,-0.4878921126112291,-0.15425241911694354,-0.5369401625410202,-0.7602715527184057,643,483,160,0.017176898891279165,0.04021181532351481,0.028694357107396987,0.011517458216117823,0.05569514727888669,-0.3309115491728265,-0.0002155417140069321,-0.4607360780233739
30,200,0.005,1,-0.2,999.0,1,1,100,200,-0.46291676500922574,-0.14411013413992835,-0.5896691320032053,-0.46251444437725137,1044,790,254,0.04448121793811021,0.09617739533344366,0.07032930663577693,0.02584808869766672,0.19996404293034997,-0.24554771633922956,1.7533160823129255e-05,-0.46207042236039353
30,200,0.01,1,0.2,999.0,1,1,100,200,-0.48390787756877307,-0.15260995239513564,-0.5464695499054295,-0.7400216361827999,705,530,175,0.018732417673341054,0.0432897567433394,0.031011087208340227,0.012278669534999172,0.11282311816337454,-0.3401758899390567,-0.00016921077051620345,-0.46284580915699036
30,60,0.0,1,-0.2,999.0,1,1,100,200,-0.489216167563968,-0.15480036990631052,-0.562358151349024,-0.5381402923163223,872,644,228,0.03577693198742347,0.0829058414694688,0.05934138672844613,0.023564454741022672,0.012224068152500989,-0.21952278166865846,-3.777829224887181e-05,-0.46288646019663865
12,200,0.0025,1,-0.2,0.75,1,1,100,200,-0.4833400055694873,-0.15237662674957986,-0.5318230694590488,-0.8985459981696933,606,457,149,0.02131391692867781,0.0478570246566275,0.03458547079265266,0.013271553863974847,-0.20800730755231323,-0.11670088101849874,-0.00020289233325901474,-0.4632154613875889
20,96,0.005,1,-0.2,999.0,1,1,100,200,-0.489494873853102,-0.15491584616374499,-0.5634790125139676,-0.5376460573044305,871,657,214,0.03743173920238292,0.08257488002647692,0.06000330961442992,0.022571570412046996,0.039872487930503686,-0.24106852321359784,-3.820870593865074e-05,-0.4635376552859503
48,60,0.005,1,-0.2,999.0,1,1,100,200,-0.4890839813238389,-0.1547456177515698,-0.5638963447002108,-0.5465639514173568,828,629,199,0.03521429753433725,0.07830547741188151,0.05675988747310938,0.021545589938772133,0.014522780373640298,-0.2380427670410591,-5.042643715878856e-05,-0.46402198767254305
20,96,0.01,1,-999.0,0.75,1,1,100,200,-0.46708827916507967,-0.14577919895650981,-0.5660455630154386,-0.7102180411654346,315,238,77,0.02938937613767996,0.05917590600695019,0.044282641072315075,0.014893264934635116,-0.29281118519443206,-0.11785825158807106,-0.00021613091610138505,-0.46431288252250086
12,200,0.01,1,0.2,999.0,1,1,100,200,-0.4917134271065229,-0.15583674791096425,-0.5410955335491598,-0.7610090281115417,693,521,172,0.018335263941750786,0.042760218434552376,0.03054774118815158,0.012212477246400795,0.08006888790349587,-0.3344543449712727,-0.00018792739259762854,-0.4644349660911212
30,96,0.005,1,-0.2,999.0,1,1,100,200,-0.4797382787929898,-0.1509012188812473,-0.5757476835880111,-0.5159529125008057,884,670,214,0.03753102763528049,0.08307132219096475,0.06030117491312262,0.022770147277842132,0.06939660167034845,-0.24301157243994742,-2.7498132973757585e-05,-0.4645727063002931
30,120,0.0025,1,-0.2,0.75,1,1,100,200,-0.4837047048033608,-0.15252645124092612,-0.531367066539495,-0.9399144928119111,532,399,133,0.017540956478570246,0.04223068012576535,0.029885818302167796,0.012344861823597552,-0.22700292299554115,-0.12849167862697475,-0.0002629810781332663,-0.46520570915126913
12,120,0.005,1,-0.2,999.0,1,1,100,200,-0.4835323148530388,-0.1524556207071034,-0.5756848615030764,-0.5156660297483164,923,700,223,0.03954989243753103,0.08648022505378124,0.06301505874565613,0.023465166308125104,0.09623193644855843,-0.2524887554473624,-2.0709008606882898e-05,-0.4660813529460574
48,200,0.0025,1,-999.0,0.75,1,1,100,200,-0.472899038615724,-0.14812054386191298,-0.5750150521966982,-0.6165282724376449,417,307,110,0.04338904517623697,0.08992222406089691,0.06665563461856694,0.02326658944232997,-0.3092218080577479,-0.05999917526609988,-0.00011905980947928967,-0.46645448358214436
12,60,0.01,0,0.2,0.75,1,1,100,200,-0.4843834406008669,-0.15280549851642933,-0.5448646420502816,-0.8249000644940951,570,440,130,0.016018533840807547,0.033360913453582657,0.024689723647195103,0.008671189806387557,-0.13248528208285482,-0.20958552287230414,-0.0003006973717755741,-0.4664828227662749
48,96,0.005,1,-999.0,0.75,1,1,100,200,-0.47135991851725645,-0.1474985057470063,-0.5713969913642063,-0.6744731325829854,354,260,94,0.0341552209167632,0.07095813337746153,0.05255667714711236,0.018401456230349163,-0.22126747486473786,-0.1896714857836519,-0.00017072625678949964,-0.4669206580582587
48,96,0.0025,1,-0.2,0.75,1,1,100,200,-0.4864512692051579,-0.15365734163398115,-0.5338600788611783,-0.9499504384068786,528,400,128,0.01770643720006619,0.041668045672679135,0.029687241436372663,0.01198080423630647,-0.2150240504360975,-0.14806251872664422,-0.00027249819434980646,-0.46808490298491423
20,60,0.0,0,0.0,0.75,1,1,100,200,-0.4834275436850608,-0.1524125816257892,-0.5681542522598166,-0.6349484773674867,858,633,225,0.02660930001654807,0.06076452093331127,0.04368691047492967,0.0170776104583816,0.007863234275709674,-0.2127936851616905,-6.632044590724208e-05,-0.4682371316240718
12,96,0.0025,1,-0.2,0.75,1,1,100,200,-0.4860173475761681,-0.1534783744921332,-0.5354681687027628,-0.9467056956288284,521,391,130,0.017640244911467814,0.041866622538474264,0.02975343372497104,0.012113188813503227,-0.24891462431097788,-0.11198324375613211,-0.00027315319715931404,-0.46854774362495605
48,96,0.005,1,0.0,999.0,1,1,100,200,-0.47478837267022655,-0.14888598595223157,-0.5775339629333628,-0.6234117126885211,824,615,209,0.025715704120469966,0.06079761707761046,0.04325666059904021,0.017540956478570246,0.16501898677494653,-0.31926919736190873,-6.767324689999074e-05,-0.468823553053339
12,96,0.01,1,-999.0,0.75,1,1,100,200,-0.471854208957848,-0.14769812593937093,-0.5707216418312453,-0.7169018753105546,318,243,75,0.030448452755254013,0.060499751778917754,0.045474102267085884,0.015025649511831872,-0.2967836996354323,-0.11948859487946362,-0.0002149939641037767,-0.4689040406205213
12,120,0.0025,1,-0.2,0.75,1,1,100,200,-0.48847126082213843,-0.1544919646794325,-0.5356935927549484,-0.9411607749399744,547,410,137,0.018070494787357273,0.04335594903193778,0.030713221909647526,0.012642727122290254,-0.23401681072146652,-0.12206968440332422,-0.00025644328681739066,-0.4693967998039054
20,120,0.0025,1,-0.2,0.75,1,1,100,200,-0.48815419508720714,-0.15436079572173478,-0.5354057972882009,-0.9468547182633434,537,402,135,0.01770643720006619,0.04272712229025319,0.03021677974515969,0.012510342545093497,-0.22274905458881689,-0.13857966567679203,-0.0002641583556963443,-0.4694064302790024
12,120,0.005,1,-999.0,0.75,1,1,100,200,-0.4743819356127028,-0.14872114857087482,-0.5738471378147444,-0.6827463103370477,360,264,96,0.033791163329472115,0.07244745987092503,0.053119311600198574,0.019328148270726462,-0.25993613387182135,-0.1496579829171979,-0.0001685818204222533,-0.4697820329950994
48,96,0.005,1,-0.2,999.0,1,1,100,200,-0.5000378896849392,-0.1593192582839572,-0.5659918699578173,-0.554472586039952,909,692,217,0.038226046665563465,0.08462684097302664,0.06142644381929505,0.02320039715373159,0.02645021384202928,-0.23257594482451904,-3.7448916524520684e-05,-0.47003882256486346
20,200,0.005,1,-0.2,999.0,1,1,100,200,-0.4722857944611367,-0.14787253717890425,-0.5966128769396448,-0.48006047769980403,1021,773,248,0.04405096806222075,0.09475426112857852,0.06940261459539963,0.025351646533178885,0.20141028150291596,-0.268068869147983,7.597411352145585e-06,-0.47018199953371687
20,200,0.0025,1,0.2,2.5,1,1,100,200,-0.4288403772095183,-0.13082742373516887,-0.6129627466327643,-0.66392408621227,774,568,206,0.01826907165315241,0.04659937117325832,0.032434221413205365,0.014165149760052953,0.28939989301786406,-0.3476451962326852,-6.835228161185913e-05,-0.4705050013621645
30,120,0.005,1,-999.0,0.75,1,1,100,200,-0.47481643419985287,-0.14889737030593175,-0.5741994141710475,-0.691325467611945,356,259,97,0.03355949031937779,0.07155386397484693,0.05255667714711236,0.018997186827734568,-0.23723811715061227,-0.17729166778751582,-0.00017269893930325615,-0.47056335077205275
30,200,0.005,1,0.0,999.0,1,1,100,200,-0.4470446399760182,-0.13784701174907743,-0.612851231109939,-0.5432263571830014,938,699,239,0.029654145292073473,0.0683104418335264,0.048982293562799935,0.019328148270726462,0.36551799531268303,-0.3526670786954009,-4.983109344674213e-06,-0.471433945163197
12,96,0.005,1,0.0,999.0,1,1,100,200,-0.4527622189962891,-0.14008744246220806,-0.6059759885023824,-0.5736045917314532,821,613,208,0.026046665563461857,0.06059904021181532,0.04332285288763859,0.017276187324176732,0.27620262252949845,-0.35348454732475376,-4.598677218485352e-05,-0.47175566629997195
20,200,0.0025,1,-0.2,0.75,1,1,100,200,-0.49194107989863023,-0.15593141491676887,-0.5396170241336531,-0.9274315514519772,605,457,148,0.021413205361575375,0.04769154393513156,0.034552374648353465,0.01313916928677809,-0.21038632982232064,-0.12922418666871016,-0.0002158765961475194,-0.4721115045561943
30,200,0.0025,1,0.2,2.5,1,1,100,200,-0.4313870631020861,-0.13179924399056198,-0.6142412423461187,-0.668007378025628,793,583,210,0.018798609961939435,0.047459870925037236,0.033129240443488334,0.0143306304815489,0.2985444402893589,-0.3489703845970875,-6.335305647854173e-05,-0.4723202340649027
20,60,0.0,1,-0.2,999.0,1,1,100,200,-0.4883234463911921,-0.15443080679768428,-0.5834852923129192,-0.531528796524072,891,657,234,0.03653814330630482,0.08386562965414529,0.06020188648022506,0.023663743173920237,0.05849466958235605,-0.24519734531324233,-3.224785725731381e-05,-0.4727498927803475
48,120,0.0025,1,-0.2,0.75,1,1,100,200,-0.492761979029117,-0.1562730414353508,-0.5395882086437548,-0.9603627684788314,542,407,135,0.018070494787357273,0.04289260301174913,0.030481548899553203,0.012411054112195929,-0.20477603348338724,-0.16353923086755262,-0.0002681362537684428,-0.4740852841811698
20,96,0.0025,1,-999.0,999.0,1,1,100,200,-0.4956515039105408,-0.15747885709553444,-0.5957410715510634,-0.38584798024867556,496,363,133,0.07059407579017045,0.15108389872579844,0.11083898725798444,0.040244911467814,-0.237553918030457,-0.15227779348745485,-4.850942165947476e-05,-0.4746417918834999
12,60,0.0,1,-0.2,999.0,1,1,100,200,-0.49714395720347615,-0.15810369596236207,-0.5788374339141881,-0.542432712889299,925,686,239,0.038060565944067516,0.08697666721826908,0.0625186165811683,0.024458050637100777,0.004917977958288633,-0.2052610696217515,-3.0372700866043658e-05,-0.47464404856392106
30,200,0.0025,1,-999.0,0.75,1,1,100,200,-0.4810114263985764,-0.15142187236559257,-0.5830868216670846,-0.6469570979490483,406,297,109,0.04219758398146616,0.08800264769154394,0.06510011583650505,0.022902531855038887,-0.2677312828684568,-0.13169731775053917,-0.0001306790236134086,-0.47531313809658726
30,120,0.01,1,0.2,999.0,1,1,100,200,-0.5027558805167114,-0.16046573121565644,-0.5503803264592835,-0.7997674492212549,645,483,162,0.017110706602680787,0.04021181532351481,0.0286612609630978,0.011550554360417012,0.025778142225539646,-0.3307148143584403,-0.00023911144492724657,-0.4756442669063609
48,200,0.01,0,-0.2,1.5,1,1,100,200,-0.4838000308562309,-0.15256562584230748,-0.619422420577354,-0.2807571001308371,1524,1166,358,0.07274532516961774,0.15442660930001656,0.11358596723481715,0.040840642065199405,0.15726196606433884,-0.04412423653611597,8.055146165758127e-05,-0.47631469113752634
30,60,0.005,1,0.2,999.0,1,1,100,200,-0.5056533306425466,-0.16169308686617012,-0.5483417426362905,-0.8096501717981285,645,476,169,0.016779745159688896,0.040675161343703456,0.028727453251696178,0.011947708092007282,0.04913570979237614,-0.34942864068757307,-0.00024146103795328778,-0.4763464667742218
48,200,0.005,0,-0.2,1.5,1,1,100,200,-0.4589093413030657,-0.142515851069139,-0.6489550271604905,-0.21125008251094832,1734,1292,442,0.07655138176402448,0.1743835843124276,0.12546748303822605,0.048916101274201554,0.48743393170009996,-0.13454870742155833,0.00010598151514804404,-0.47755586877493167
48,120,0.01,1,0.2,999.0,1,1,100,200,-0.5054400185669481,-0.16160254455443412,-0.5528073863813592,-0.8056031536889717,654,489,165,0.017143802746979978,0.040774449776601024,0.0289591262617905,0.011815323514810525,0.01533751636180658,-0.32444867690568246,-0.00023638829860654748,-0.4782863954295623
12,200,0.0025,1,0.2,2.5,1,1,100,200,-0.44927503439786554,-0.13871891547014903,-0.6089045117609457,-0.7147056008179883,770,563,207,0.01780572563296376,0.04640079430746318,0.03210325997021347,0.01429753433724971,0.22720325764516858,-0.34042610988493205,-9.614118558286768e-05,-0.4789064513915213
20,120,0.005,1,-0.2,999.0,1,1,100,200,-0.5012760043389326,-0.1598409252356925,-0.5829841850091033,-0.5530519038085793,914,692,222,0.038755584974350485,0.08575210987919907,0.06225384742677478,0.02349826245242429,0.062259959883365745,-0.2584308310213467,-3.6434234392482715e-05,-0.4789856129306731
20,120,0.005,1,0.0,999.0,1,1,100,200,-0.4691233740092907,-0.14659701768084432,-0.6048341918738276,-0.6055215042243383,834,621,213,0.026112857852060235,0.06179050140658613,0.043951679629323184,0.01783882177726295,0.2417646744811428,-0.3512156093404105,-5.743009001051697e-05,-0.479290188828975
30,60,0.0025,1,-0.2,999.0,1,1,100,200,-0.5221961492895147,-0.1688058268314917,-0.5602450246403206,-0.6124464796468645,833,624,209,0.035115009101439686,0.07919907330795962,0.05715704120469965,0.02204203210325997,-0.0638951169155817,-0.22579847490690153,-7.645083078526368e-05,-0.4795506631339952
48,200,0.005,0,0.2,0.75,1,1,100,200,-0.4902325674575969,-0.15522172270228196,-0.5867203224345799,-0.6281626579266294,859,650,209,0.023663743173920237,0.051265927519443984,0.03746483534668211,0.013801092172761873,0.15393289439840774,-0.32149905171597504,-8.506435470966024e-05,-0.4799900168159034
12,200,0.005,1,-0.2,999.0,1,1,100,200,-0.4913208233559686,-0.15567356244211827,-0.5985074220572228,-0.5169476132373579,1016,769,247,0.043521429753433725,0.09435710739698826,0.06893926857521099,0.025417838821777262,0.1525701133200803,-0.2664100443424453,-6.236674010824263e-06,-0.48077465413259757
48,60,0.0025,1,-999.0,999.0,1,1,100,200,-0.5027375162247781,-0.16045796924706135,-0.6001050086189286,-0.407810908475565,486,359,127,0.06847592255502234,0.14320701638259142,0.10584146946880689,0.03736554691378455,-0.23388396845939252,-0.17234165963975168,-5.694396299715593e-05,-0.4809010189803039
20,200,0.005,1,0.0,999.0,1,1,100,200,-0.4595307732148025,-0.14276249565682242,-0.6200372303337266,-0.5702779274056687,922,688,234,0.029455568426278337,0.0673837497931491,0.04841965910971372,0.01896409068343538,0.36546163232727324,-0.3723012050544863,-2.035261719168665e-05,-0.48129500719396917
12,96,0.01,0,0.0,0.75,1,1,100,200,-0.5030554262396245,-0.1605923694700898,-0.5715215385012018,-0.7136036319843966,752,584,168,0.026510011583650506,0.05272215786860831,0.0396160847261294,0.013106073142478901,-0.10205196548708317,-0.19389370779721782,-0.00013875872853692372,-0.48203332031991053
20,96,0.0,1,0.0,999.0,1,1,100,200,-0.48035525902871024,-0.15115341341438315,-0.5996731160268971,-0.622413797915573,872,639,233,0.026112857852060235,0.0643058083733245,0.045209333112692374,0.019096475260632136,0.15717634190115426,-0.3054448460667756,-5.540953556606308e-05,-0.48211066132361036
48,120,0.01,1,-999.0,0.75,1,1,100,200,-0.48661755303930965,-0.15372595397688749,-0.5837673512553354,-0.7307724353194469,326,243,83,0.032533509846102926,0.06437200066192289,0.04845275525401291,0.01591924540790998,-0.25442543252607663,-0.18949138692213385,-0.00021241722722557208,-0.4821482513705275
12,120,0.0,1,0.0,999.0,1,1,100,200,-0.4783897683916517,-0.15035078637863464,-0.6036149790863644,-0.6054014728890956,919,677,242,0.027767665067019692,0.06774780738044017,0.04775773622372993,0.019990071156710244,0.2048817651473005,-0.31449616213633946,-3.766300887452734e-05,-0.4824283495662716
48,60,0.0,1,0.0,999.0,1,1,100,200,-0.48658099882678074,-0.1537108694816921,-0.5927697893018097,-0.6471085449682008,816,604,212,0.024557339069998345,0.060632136356114516,0.04259473771305643,0.018037398643058082,0.10920183498590141,-0.3038580274092798,-8.207937970687567e-05,-0.482451191381007
20,60,0.005,0,0.0,0.75,1,1,100,200,-0.5055847771730806,-0.16166398550962158,-0.5706698647021653,-0.7151217965232015,787,589,198,0.024789012080092668,0.05523746483534668,0.040013238457719674,0.015224226377627006,-0.013309476033379286,-0.2572400243795483,-0.00012443224361252184,-0.4827550076868643
20,60,0.005,1,-999.0,0.75,1,1,100,200,-0.49633478223717176,-0.15776474995779133,-0.574385248181325,-0.7748302004173291,327,241,86,0.027767665067019692,0.06179050140658613,0.044779083236802915,0.01701141816978322,-0.2785985118771819,-0.17777660088801772,-0.0002331716070282428,-0.48369888406932027
30,120,0.005,1,-0.2,999.0,1,1,100,200,-0.5090994793411708,-0.1631599119398195,-0.5858417251545882,-0.5703275485675652,916,693,223,0.038325335098461026,0.0856528214463015,0.061989078272381266,0.023663743173920237,0.048126365837310114,-0.2594805620356374,-4.238242509394661e-05,-0.48459715194549186
20,60,0.01,0,-0.2,2.5,1,1,100,200,-0.43403456358895964,-0.13281300071497348,-0.68007248622229,-0.24642431552587143,1337,1034,303,0.06662253847426775,0.13374151911302334,0.10018202879364554,0.03355949031937779,0.24994995766695616,-0.11631852614703087,8.58254353362531e-05,-0.48517045960241206
30,60,0.0,0,0.0,0.75,1,1,100,200,-0.507526618152732,-0.16248948199932833,-0.5821450211232331,-0.6801495907658235,865,642,223,0.027238126758232666,0.06205527056097965,0.04464669865960615,0.01740857190137349,0.009572912610226858,-0.24816176289722125,-8.730042816440825e-05,-0.48756947209923607
48,60,0.0025,1,0.0,999.0,1,1,100,200,-0.5012912725457039,-0.15984736439555747,-0.5866709083157953,-0.6881220074449852,783,585,198,0.02399470461691213,0.058282310110872086,0.04113850736389211,0.017143802746979978,0.0676441083196131,-0.3089821418522206,-0.00011221757082109607,-0.4875889189257044
12,60,0.0025,1,-0.2,999.0,1,1,100,200,-0.5242406169292694,-0.1696976232899794,-0.5762275161991725,-0.6076162376923989,883,664,219,0.03726625848088698,0.08254178388217773,0.05990402118153235,0.022637762700645374,-0.04474365066764319,-0.22543762969600767,-6.389496463084578e-05,-0.48819219327418556
20,120,0.005,1,-999.0,0.75,1,1,100,200,-0.4947659898573117,-0.15710877774420617,-0.5903738206817146,-0.7372072209085473,358,262,96,0.03355949031937779,0.07148767168624855,0.05252358100281317,0.01896409068343538,-0.25703835763112415,-0.18663713838035978,-0.00019008824516087523,-0.4891560491304908
12,60,0.01,0,0.0,1.5,1,1,100,200,-0.3908261540974016,-0.11669326260001323,-0.7111274863833118,-0.3392343763378523,1066,821,245,0.03683600860499752,0.07721330465000828,0.0570246566275029,0.02018864802250538,0.4944872165286154,-0.3053182454079496,8.052457009561688e-05,-0.48921872460856175
48,120,0.005,1,0.0,999.0,1,1,100,200,-0.4948582433825741,-0.1571473101906209,-0.5982471380149187,-0.65985816669511,853,632,221,0.026344530862154557,0.0630812510342545,0.044712890948204534,0.018368360086049976,0.18759360353743415,-0.34834408899656044,-7.695248450354436e-05,-0.4892637875328357
12,96,0.005,1,-0.2,999.0,1,1,100,200,-0.5088824381924337,-0.16306730276039572,-0.5953932510964881,-0.5724651392988799,891,677,214,0.03868939268575211,0.0838325335098461,0.061260963097799104,0.022571570412046996,0.04079388385083749,-0.26320391391336084,-4.8404524896164835e-05,-0.48938718527358377
30,120,0.005,1,0.0,999.0,1,1,100,200,-0.49254715874745636,-0.15618360151355193,-0.6007947313222464,-0.6596384856452164,834,620,214,0.0259142809862651,0.061591924540790995,0.04375310276352805,0.01783882177726295,0.179964192845516,-0.34736111002174697,-8.211656510812417e-05,-0.48956289145693593
48,60,0.005,1,-999.0,0.75,1,1,100,200,-0.49411734965824483,-0.15683800255918434,-0.589669873167221,-0.7635188613495526,333,244,89,0.0289591262617905,0.06265100115836506,0.045805063710077774,0.016845937448287274,-0.27492000926919946,-0.17587710506976229,-0.00022553989870055456,-0.48984888221027245
12,60,0.0,0,-0.2,0.75,1,1,100,200,-0.5263451932102226,-0.17061864504724822,-0.5826355592869225,-0.5943070087267167,977,727,250,0.038490815819956975,0.08575210987919907,0.06212146284957802,0.02363064702962105,-0.1039573194533121,-0.13833359121082134,-4.279775980003464e-05,-0.4916517751270453
12,96,0.0,1,0.0,999.0,1,1,100,200,-0.488901547210676,-0.1546700701334891,-0.6104630775259184,-0.6354046675985474,891,656,235,0.02703954989243753,0.0658282310110872,0.04643389045176237,0.01939434055932484,0.1818813878967811,-0.32476141654490653,-5.6936364035373404e-05,-0.49167184227637567
30,96,0.005,1,-999.0,0.75,1,1,100,200,-0.497284494662957,-0.15816260575051466,-0.5924157368639602,-0.7510107049087131,352,258,94,0.03210325997021347,0.06877378785371505,0.05043852391196425,0.018335263941750786,-0.28559850555184674,-0.16085913679503094,-0.0002021204246657228,-0.49192100942793043
12,60,0.01,0,-0.2,2.5,1,1,100,200,-0.4249627835379485,-0.12935394608065376,-0.7008858226483325,-0.2444599230938314,1331,1035,296,0.06519940426940261,0.13059738540460036,0.0978983948370015,0.032698990567598875,0.27625312737147545,-0.12329316702840787,8.90965243504829e-05,-0.4920198535595116
12,200,0.005,1,0.0,999.0,1,1,100,200,-0.48216974053927186,-0.1518963972221008,-0.6202742000430814,-0.6194791242595354,918,684,234,0.029124606983286446,0.06725136521595235,0.04818798609961939,0.01906337911633295,0.2899431805137418,-0.3646575651029472,-4.251355181987914e-05,-0.4930074534566183
48,120,0.005,1,-0.2,999.0,1,1,100,200,-0.5228666211569075,-0.16909797077775668,-0.5886212480344677,-0.5938320248066391,942,712,230,0.03938441171603508,0.08796955154724474,0.06367698163163991,0.02429256991560483,0.043266257253114615,-0.2674310708899046,-4.645204374566308e-05,-0.49310019603532246
48,200,0.0025,1,0.0,999.0,1,1,100,200,-0.48961883225875535,-0.154967220981721,-0.6149274907360881,-0.6198111091609007,1011,751,260,0.03137514479563131,0.07320867118980638,0.05229190799271885,0.02091676319708754,0.20815300902199074,-0.2995720559822834,-2.2698382589150077e-05,-0.49342152180781007
48,200,0.0025,1,-0.2,999.0,1,1,100,200,-0.5189901622409733,-0.16741311853579244,-0.5975799364572325,-0.5570901171945395,1135,854,281,0.04673175575045507,0.10292900877047824,0.07483038226046665,0.028098626510011583,0.04477824827920074,-0.18781756819935813,-2.877214192246009e-06,-0.4940575926241357
30,96,0.0,1,0.0,999.0,1,1,100,200,-0.4928782783276058,-0.15632147422462517,-0.6104966433778194,-0.6497966876991068,869,643,226,0.02627833857355618,0.06420651994042693,0.04524242925699156,0.01896409068343538,0.13308276043279021,-0.30880796539215183,-6.877048696795615e-05,-0.4940596302984902
30,96,0.0025,1,0.0,999.0,1,1,100,200,-0.5024861775684586,-0.1603517584403651,-0.6007130682968884,-0.6788361437829098,834,622,212,0.0256164156875724,0.061757405262286943,0.04368691047492967,0.018070494787357273,0.10042656073958733,-0.3138956446685489,-9.203271922552083e-05,-0.49465009977795477
48,60,0.0,1,-0.2,999.0,1,1,100,200,-0.527351873921962,-0.17106028186028055,-0.5869936465004515,-0.613961911218216,896,668,228,0.036306470296210494,0.08422968724143637,0.06026807876882343,0.02396160847261294,-0.0802445689006348,-0.19558869678156365,-6.26025016040347e-05,-0.4952552006714171
20,60,0.005,1,0.2,999.0,1,1,100,200,-0.5166315980171261,-0.16639297427503263,-0.5745623451664026,-0.8346410221509716,652,483,169,0.01701141816978322,0.04097302664239616,0.02899222240608969,0.01198080423630647,0.07644206228321448,-0.37783868300439516,-0.00025444654230865336,-0.4954061979657825
20,96,0.0025,1,0.0,999.0,1,1,100,200,-0.5040886677266392,-0.16102963019472238,-0.6012376843592673,-0.6838776551956688,834,617,217,0.025417838821777262,0.06162502068509019,0.043521429753433725,0.018103590931656463,0.11430276389707661,-0.32462199301520334,-9.4131343572517e-05,-0.49584235513413943
20,96,0.0,1,-0.2,999.0,1,1,100,200,-0.5329676680701179,-0.17353698771702109,-0.5859718734962581,-0.6144830403820352,944,698,246,0.03845771967565779,0.08909482045341717,0.06377627006453748,0.025318550388879695,-0.06247284380461848,-0.20126751069892435,-5.33538678552193e-05,-0.4972470764842519
30,60,0.0,1,0.2,999.0,1,1,100,200,-0.5244340676346562,-0.16978215513943584,-0.5721613349188729,-0.8425532262006876,698,504,194,0.017309283468475923,0.04424954492801589,0.030779414198245904,0.013470130729769983,0.0028850804282165576,-0.3276951497118301,-0.0002289727336195873,-0.49799048390890666
20,60,0.0025,1,-0.2,999.0,1,1,100,200,-0.5283488877735468,-0.17149837333789741,-0.5909004042420964,-0.6212667872647619,851,635,216,0.03574383584312427,0.08002647691543935,0.057885156379281814,0.022141320536157538,-0.024854202151447513,-0.25973055363440045,-7.673592935430299e-05,-0.4980119148221837
12,60,0.01,0,0.0,2.5,1,1,100,200,-0.39768698241630174,-0.11919431841925232,-0.7275438887629073,-0.3034462229603365,1211,940,271,0.04408406420651994,0.09048485851398312,0.06728446136025153,0.02320039715373159,0.7381954561974193,-0.3650278005865438,9.986274313199992e-05,-0.4981385739487228
48,200,0.01,0,-0.2,2.5,1,1,100,200,-0.49564816486853347,-0.1574774607084738,-0.6572255994231195,-0.24649600091539667,1719,1319,400,0.08571901373489989,0.17838821777262948,0.13205361575376467,0.0463346020188648,0.3086457443669339,-0.08949787122988706,9.169569204469584e-05,-0.4984150604658034
48,96,0.0,1,0.0,999.0,1,1,100,200,-0.5197637359546186,-0.1677485271446515,-0.5906245623376116,-0.7119122709107676,886,657,229,0.026874069170941584,0.06519940426940261,0.0460367367201721,0.019162667549230513,0.06020017111340081,-0.2944827261621712,-9.103483835673411e-05,-0.49865642185899567
12,96,0.005,1,-999.0,0.75,1,1,100,200,-0.5050492922968406,-0.16143677302062853,-0.5977026972836031,-0.7696140390824624,354,262,92,0.03210325997021347,0.06936951845110045,0.05073638921065696,0.01863312924044349,-0.2989978169370332,-0.15718564043841887,-0.000207250608818306,-0.4987688236165532
12,120,0.0025,1,0.0,999.0,1,1,100,200,-0.5071379741903076,-0.16232407040762276,-0.6059336622059207,-0.6800495989948818,875,650,225,0.026840973026642397,0.06450438523911964,0.04567267913288102,0.018831706106238622,0.12866749837381475,-0.3235889537076885,-8.125524509100074e-05,-0.4992933814603272
48,120,0.005,1,-999.0,0.75,1,1,100,200,-0.5068457894773397,-0.16219977742236524,-0.6001677024591607,-0.7523121404749228,361,262,99,0.034287605493959955,0.07340724805560152,0.053847426774780736,0.019559821280820785,-0.24494817783282485,-0.21762359670063247,-0.000194043930030921,-0.4998992356756917
12,60,0.005,1,0.2,999.0,1,1,100,200,-0.5262423499776607,-0.17057356673699198,-0.57344606197937,-0.8550025317486043,668,495,173,0.017540956478570246,0.04189971868277346,0.02972033758067185,0.012179381102101604,0.07463594026579146,-0.3842768147680802,-0.00025763223385584055,-0.5000467243141071
20,96,0.005,1,-999.0,0.75,1,1,100,200,-0.5066126966709105,-0.1621006612318262,-0.5982306242090891,-0.7794747160141894,349,255,94,0.030812510342545094,0.06774780738044017,0.04928015886149264,0.01846764851894754,-0.29724883684602565,-0.1640318415805645,-0.0002154975907486577,-0.5001897091370803
12,60,0.0025,1,-999.0,0.75,1,1,100,200,-0.5116103087150303,-0.16423349442155077,-0.592794442640741,-0.7925603052324383,349,258,91,0.02972033758067185,0.06718517292735396,0.04845275525401291,0.018732417673341054,-0.3660538309876813,-0.08268721550035818,-0.00022232993954296419,-0.5002587310035432
12,60,0.0025,0,0.0,0.75,1,1,100,200,-0.5244535722725423,-0.16979067948072168,-0.5844836891705772,-0.7699936294424392,826,614,212,0.02435876220420321,0.05659440675161344,0.04047658447790833,0.016117822273705115,-0.10155766314126158,-0.19996093846819785,-0.00013386473911858166,-0.5005322055381323
48,200,0.0,1,0.0,999.0,1,1,100,200,-0.4894857360811864,-0.15491205936535724,-0.6301402752266867,-0.6116180117159721,1054,775,279,0.03197087539301671,0.0761873241767334,0.05407909978487506,0.022108224391858347,0.2654570720694511,-0.3165749503143179,-1.1439358187720432e-05,-0.5005630975644992
48,200,0.0,1,-0.2,999.0,1,1,100,200,-0.5134357121012508,-0.1650166022919144,-0.617257579416568,-0.5394697950734596,1182,879,303,0.04742677478073804,0.10726460367367202,0.07734568922720503,0.029918914446466986,0.11078873304227299,-0.20888250026573696,8.777291785294725e-06,-0.5006188817538714
30,96,0.0,1,-0.2,999.0,1,1,100,200,-0.5302319668020792,-0.17232770250336027,-0.5965463613906221,-0.6068243180221103,955,712,243,0.03878868111864968,0.08916101274201556,0.06397484693033262,0.02518616581168294,-0.05229291348885212,-0.20083434975717396,-4.8887699902930623e-05,-0.5009420990997768
30,60,0.01,0,-0.2,2.5,1,1,100,200,-0.46056334330620297,-0.14317279035543062,-0.6910438594954803,-0.27804902877606713,1354,1044,310,0.0682773456892272,0.13705113354294224,0.10266423961608473,0.03438689392685752,0.31221309263322516,-0.19085383241025755,7.51530540454102e-05,-0.5025971715419741
12,60,0.01,0,-0.2,1.5,1,1,100,200,-0.4526014766712172,-0.1400242164797747,-0.6919341724883984,-0.33249947557821086,1178,915,263,0.05454244580506371,0.11179877544266092,0.08317061062386231,0.02862816481879861,0.10502254712922365,-0.10711422720436603,5.705053096624795e-05,-0.5026162765028844
30,60,0.01,0,0.2,0.75,1,1,100,200,-0.5242425560557658,-0.16969847049916453,-0.574608200691328,-0.9131002721349233,583,448,135,0.017110706602680787,0.034982624524242924,0.026046665563461857,0.008935958960781068,-0.12775662922858233,-0.269909972995492,-0.0003535944920857616,-0.5026575844515747
48,96,0.0025,1,0.0,999.0,1,1,100,200,-0.5325166477184115,-0.17333725445184645,-0.5840312470876278,-0.7514989945467714,849,634,215,0.026046665563461857,0.06258480886976667,0.04431573721661426,0.01826907165315241,0.020636649387566486,-0.29967584968432115,-0.0001198731196515312,-0.5029278277229989
12,96,0.01,0,-0.2,1.5,1,1,100,200,-0.47653936282405773,-0.14959722480352677,-0.6737704647589239,-0.34746607489831005,1256,974,282,0.06016879033592586,0.1225881184841966,0.09137845441006123,0.031209664074135363,0.08556225163697762,-0.09627886741261871,5.415414545465432e-05,-0.5038557609279042
48,200,0.01,0,0.2,0.75,1,1,100,200,-0.5276183083795937,-0.1711772862393539,-0.5818881245045142,-0.8517716541612506,749,580,169,0.02237299354625186,0.044547410226708585,0.033460201886480224,0.011087208340228364,-0.07601734891578071,-0.2564448293640158,-0.00021347918337017701,-0.5047099311996736
20,60,0.01,0,-0.2,1.5,1,1,100,200,-0.4762313127796577,-0.1494719680726988,-0.6765563803979322,-0.3569694209145293,1178,910,268,0.055535330134039385,0.1143140824093993,0.08492470627171934,0.02938937613767996,0.06404264886869604,-0.11275427281485317,4.5186383394901585e-05,-0.5055986293173914
48,200,0.0,0,0.2,0.75,1,1,100,200,-0.5236764667052504,-0.1694512545076271,-0.6038668423389071,-0.6850456214332183,940,705,235,0.02584808869766672,0.056693695184511006,0.041270891941088864,0.01542280324342214,0.08849935014153876,-0.3001159177041003,-9.013571299771757e-05,-0.5056369567487415
30,60,0.005,0,0.0,0.75,1,1,100,200,-0.5282464220410221,-0.17145331753613136,-0.5933070108691807,-0.7583678622814868,798,599,199,0.025318550388879695,0.05675988747310938,0.04103921893099454,0.015720668542114843,-0.015625051897811937,-0.28569862893563924,-0.00014372317004624272,-0.506025216084796
12,200,0.0025,1,-999.0,0.75,1,1,100,200,-0.5112417353666343,-0.16407564081042325,-0.6113672595234854,-0.7275049589272722,406,298,108,0.03945060400463346,0.08459374482872746,0.06202217441668045,0.022571570412046996,-0.31507060015133637,-0.12575706057375302,-0.000160267670981484,-0.5061345185185295
30,96,0.0025,1,-0.2,999.0,1,1,100,200,-0.545913634325784,-0.1793327233137102,-0.5918139575241423,-0.6469883431687521,915,690,225,0.038060565944067516,0.0856528214463015,0.06185669369518451,0.023796127751116995,-0.0962189294228113,-0.20601072600282477,-7.249725181751073e-05,-0.507589119234219
12,96,0.01,0,0.2,0.75,1,1,100,200,-0.5246723965424394,-0.16988633279493726,-0.5849387226096657,-0.91870526701899,620,476,144,0.017871917921562137,0.03660433559490319,0.027238126758232666,0.009366208836670527,-0.12260300855818285,-0.2613106236797358,-0.000322586379993891,-0.5082909574507196
30,60,0.0025,1,-999.0,0.75,1,1,100,200,-0.523242549017368,-0.16926190807203523,-0.5944262915282315,-0.8434937380235812,338,247,91,0.027304319046831043,0.06298196260135694,0.04514314082409399,0.01783882177726295,-0.34341138408651684,-0.1401587758301419,-0.00025451406040303957,-0.50864974073733
12,60,0.0,0,0.2,0.75,1,1,100,200,-0.5297228541984492,-0.17210323814255402,-0.586752503338934,-0.8969606703340832,707,521,186,0.017640244911467814,0.04239616084726129,0.030018202879364554,0.01237795796789674,-0.11377174614422803,-0.24426458406734586,-0.0002489380283268109,-0.5103275233287252
30,96,0.005,1,0.2,999.0,1,1,100,200,-0.5361928533672405,-0.17496948337776064,-0.5834998436080852,-0.8777658286604417,698,512,186,0.017607148767168623,0.04368691047492967,0.03064702962104915,0.013039880853880522,0.056992302788657634,-0.3778826827271802,-0.00025124598982779675,-0.5106076966148253
12,60,0.0,1,0.2,999.0,1,1,100,200,-0.526843472621475,-0.17083715514665487,-0.596579281855915,-0.8365597480703055,733,528,205,0.018103590931656463,0.04623531358596723,0.03216945225881185,0.014065861327155387,0.062493271725988286,-0.35747892056608366,-0.00020875526487264395,-0.5109547834781276
48,96,0.0025,1,-999.0,0.75,1,1,100,200,-0.5190731260660887,-0.1674490708941514,-0.610081202084163,-0.7840900128131499,366,268,98,0.034618566936951846,0.07353963263279828,0.05407909978487506,0.019460532847923217,-0.3010688384041188,-0.17369494822099552,-0.00020394391458732528,-0.5116941725768904
48,200,0.005,0,-0.2,2.5,1,1,100,200,-0.4834572867858923,-0.15242479916677865,-0.6987889627727913,-0.198104290821165,1949,1455,494,0.0899553202051961,0.20102598047327486,0.14549065033923547,0.055535330134039385,0.7157688950159145,-0.2024534137454368,0.00010942668110557734,-0.5117244950942326
30,120,0.0025,1,-999.0,0.75,1,1,100,200,-0.5198432334585659,-0.16778301887604552,-0.6107055783979352,-0.7955340428176937,367,266,101,0.03375806718517293,0.07400297865298693,0.05388052291907993,0.020122455733907,-0.320455497125674,-0.15105781025947107,-0.00020394854866941792,-0.5129125102158978
12,60,0.01,0,-0.2,0.75,1,1,100,200,-0.548676142293733,-0.1805854601702256,-0.5950775556101229,-0.6966694955850007,797,627,170,0.03561145126592752,0.06923713387390369,0.052424292569915605,0.016812841303988087,-0.20120879254618518,-0.1582858117314433,-0.0001266455438253811,-0.512957712754537
20,120,0.0,1,0.0,999.0,1,1,100,200,-0.5194564821347512,-0.1676152585799182,-0.6211671357702628,-0.7046510178177079,903,665,238,0.027271222902531856,0.06658944232996857,0.04693033261625021,0.019659109713718353,0.12955173351366245,-0.3317182628556228,-8.383833924596527e-05,-0.513431377355935
48,60,0.0025,1,-0.2,999.0,1,1,100,200,-0.5502426592436059,-0.1812983972504959,-0.597467692431076,-0.6707227614090244,859,649,210,0.035710739698825086,0.08085388052291909,0.058282310110872086,0.022571570412046996,-0.1352344162979069,-0.20079905030520184,-9.390313502677353e-05,-0.5135683815364851
12,96,0.0025,1,0.0,999.0,1,1,100,200,-0.5226083855508641,-0.16898541365277298,-0.6171825764478931,-0.7243036744873406,850,632,218,0.026212146284957803,0.06268409730266424,0.044448121793811024,0.018235975508853218,0.09891084480779844,-0.33544085169892845,-0.0001079947481732209,-0.5137918856010866
48,96,0.0,1,-0.2,999.0,1,1,100,200,-0.5507499173026688,-0.1815296542829734,-0.6009465697025714,-0.6491248261899404,981,737,244,0.03988085388052292,0.09078272381267583,0.06533178884659938,0.025450934966076453,-0.08865478751985623,-0.1948441258367326,-5.9308982564329015e-05,-0.5144591804437562
20,60,0.01,0,0.0,1.5,1,1,100,200,-0.4584814701885216,-0.14234615363278058,-0.7014331713745978,-0.44074669192984905,1072,824,248,0.037729604501075625,0.07903359258646368,0.058381598543769654,0.020651994042694025,0.3831806832663538,-0.33077144409239234,3.3114458860049446e-05,-0.515100073916572
48,200,0.005,1,0.2,999.0,1,1,100,200,-0.529786099191939,-0.17213111252718816,-0.6030523947924119,-0.8336171387173777,824,610,214,0.02088366705278835,0.05047162005626345,0.0356776435545259,0.014793976501737548,0.1525690080935842,-0.38396895335860093,-0.0001642830116686839,-0.515338166859263
30,200,0.0025,1,-0.2,999.0,1,1,100,200,-0.5395270592965036,-0.17645827358888533,-0.6178664458214779,-0.606419824644644,1091,819,272,0.045474102267085884,0.09995035578355121,0.07271222902531856,0.027238126758232666,0.026975302250082267,-0.22623157869445176,-2.5505300351784324e-05,-0.5157124877318564
20,60,0.0,1,0.2,999.0,1,1,100,200,-0.5314835715418899,-0.17288030298640944,-0.6003084401234128,-0.8567030338383992,710,514,196,0.017673341055767004,0.04474598709250372,0.031209664074135363,0.01353632301836836,0.045022297298382696,-0.36054150002805685,-0.00023242998411297707,-0.5158696747400358
48,96,0.01,0,0.2,0.75,1,1,100,200,-0.5333675233084763,-0.17371418359534618,-0.5969868705794217,-0.8914109222597483,666,509,157,0.01939434055932484,0.04004633460201887,0.02972033758067185,0.010325997021347013,-0.054732128438135796,-0.3112267150365252,-0.00028495439419310353,-0.5167781649980444
12,120,0.0,1,-0.2,999.0,1,1,100,200,-0.547916716625089,-0.18024050564419558,-0.610271698559601,-0.6321068860676112,1007,750,257,0.04100612278669535,0.09395995366539799,0.06748303822604666,0.026476915439351316,-0.040126810185751816,-0.2206607601450793,-4.929941518785387e-05,-0.5169816992273766
30,200,0.0025,1,0.0,999.0,1,1,100,200,-0.5213781184595966,-0.16844980310835944,-0.6305914594851147,-0.6989017705304811,976,725,251,0.030382260466655635,0.07095813337746153,0.05067019692205858,0.020287936455402944,0.1796936928563715,-0.33898395555296623,-6.238488602644777e-05,-0.5186906213774408
20,200,0.0025,1,-999.0,0.75,1,1,100,200,-0.5305442190314018,-0.1724654626735851,-0.6157500032643581,-0.7764345742223332,406,298,108,0.039748469303326164,0.08462684097302664,0.0621876551381764,0.02243918583485024,-0.3323258857441167,-0.1385819253383508,-0.0001760469029763866,-0.5191621930168808
30,60,0.01,0,-0.2,1.5,1,1,100,200,-0.49844582674209703,-0.15864988025347937,-0.682575225070708,-0.3889362277810459,1186,916,270,0.056958464338904516,0.11679629323183849,0.08687737878537151,0.029918914446466986,0.09661210612100213,-0.17231354938267474,3.370188446216667e-05,-0.5193843041778856
20,120,0.0025,1,0.0,999.0,1,1,100,200,-0.5349531663745679,-0.1744179841475091,-0.6173396425541462,-0.7508145193833122,862,639,223,0.02627833857355618,0.06374317392023829,0.04501075624689724,0.018732417673341054,0.07883286259210887,-0.33660795848707237,-0.00011627219610130543,-0.5206285313937478
30,200,0.0,1,-0.2,999.0,1,1,100,200,-0.5352347919653511,-0.17454317401655128,-0.6340049776404837,-0.590364524230085,1140,845,295,0.046301505874565614,0.104285950686745,0.07529372828065531,0.02899222240608969,0.0936142471627599,-0.24841308149789842,-1.2958387703448939e-05,-0.5210638890482974
30,120,0.0,1,-0.2,999.0,1,1,100,200,-0.5562751727683009,-0.1840613643826875,-0.6087960841189501,-0.658245171382721,991,739,252,0.039913950024822106,0.0920734734403442,0.06599371173258316,0.026079761707761044,-0.06829928319690903,-0.21822094418835003,-6.077374509153453e-05,-0.5213716650112986
20,96,0.0025,1,-0.2,999.0,1,1,100,200,-0.5613791620993867,-0.18642113345124545,-0.6022344956272256,-0.6843599935362188,904,677,227,0.03776270064537481,0.08535495614760881,0.06155882839649181,0.023796127751116995,-0.1185839945801308,-0.21790677247711,-8.861534714177991e-05,-0.5217563809416692
30,120,0.0,1,0.0,999.0,1,1,100,200,-0.5386454625559043,-0.17606383901359646,-0.6160404766921916,-0.7535782442614639,896,662,234,0.02707264603673672,0.06605990402118153,0.046566275028959124,0.019493628992222407,0.06652448925451782,-0.3228629934105076,-0.0001069707511782751,-0.5217629895727655
12,96,0.01,0,-0.2,2.5,1,1,100,200,-0.4989612612364258,-0.15886641853396388,-0.6934570852670864,-0.3272505162675159,1423,1102,321,0.07162005626344531,0.14304153566109548,0.1073307959622704,0.035710739698825086,0.17244787970044584,-0.12932603233312567,6.404008983889657e-05,-0.5219574869808828
48,120,0.0025,1,0.0,999.0,1,1,100,200,-0.5476579584961176,-0.1801230689576292,-0.6063991298212718,-0.7791350090698931,881,654,227,0.026973357603839152,0.06516630812510342,0.04606983286447129,0.019096475260632136,0.04828525287025931,-0.3295875984999307,-0.00012259797057681944,-0.5222793843217597
48,60,0.005,1,0.2,999.0,1,1,100,200,-0.549691260851641,-0.18104723849021798,-0.5899992651303301,-0.9302883443771058,656,484,172,0.01658116829389376,0.04120469965249048,0.028892933973192123,0.012311765679298361,-0.025393097310509316,-0.35854660725328846,-0.000308710451438594,-0.5225612882742383
20,200,0.0,1,0.0,999.0,1,1,100,200,-0.5195084542316636,-0.16763779651719768,-0.6412144345776505,-0.6868713846294128,1000,737,263,0.03061393347674996,0.07291080589111369,0.05176236968393182,0.021148436207181865,0.23851950080965456,-0.36028807364370175,-5.265220230498641e-05,-0.5225885830374936
12,120,0.0025,1,-0.2,999.0,1,1,100,200,-0.5612333683726944,-0.18635344258573305,-0.605354117179726,-0.6718292697783731,961,724,237,0.039913950024822106,0.08949197418500744,0.06470296210491477,0.024789012080092668,-0.08373745469784055,-0.22563744608482084,-7.250720957308652e-05,-0.5226219646645147
12,120,0.0025,1,-999.0,0.75,1,1,100,200,-0.5305934302328315,-0.17248718005217756,-0.6194214643896928,-0.8140896389970229,374,273,101,0.03372497104087374,0.07516134370345855,0.054443157372166144,0.020718186331292403,-0.3477212996784568,-0.13234046328174143,-0.00020847628555787165,-0.5229023941968751
20,96,0.005,1,0.2,999.0,1,1,100,200,-0.5508220129332342,-0.18156253829407287,-0.5905756014011643,-0.9213079986820769,697,512,185,0.01770643720006619,0.043521429753433725,0.03061393347674996,0.012907496276683767,0.027876512306604262,-0.3807485961614544,-0.0002772122213595163,-0.5229157389287589
20,120,0.0,1,-0.2,999.0,1,1,100,200,-0.5569054069941504,-0.18435164098138113,-0.6122435764332139,-0.6575009329092716,994,740,254,0.04027800761211319,0.09263610789343042,0.0664570577527718,0.026179050140658612,-0.04669151910702052,-0.23588041630211287,-6.013761885893639e-05,-0.5233484758434517
48,120,0.0,1,0.0,999.0,1,1,100,200,-0.5453049966542209,-0.17905748788183262,-0.612637902809837,-0.7654114922157986,918,677,241,0.027767665067019692,0.06774780738044017,0.04775773622372993,0.019990071156710244,0.06551756398879949,-0.32461627998949305,-0.00010552384988980744,-0.5236470138975411
30,200,0.0,1,0.0,999.0,1,1,100,200,-0.5195790546969326,-0.1676684156591759,-0.6443375725540397,-0.6859988860810857,1019,750,269,0.031110375641237795,0.07393678636438855,0.05252358100281317,0.021413205361575375,0.2376320606798663,-0.35381219523868146,-4.7622383987148406e-05,-0.52413714624025
48,60,0.01,0,-0.2,1.5,1,1,100,200,-0.5460184414989411,-0.17938014665729596,-0.6458579356955261,-0.450803291074429,1242,958,284,0.0588449445639583,0.12318384908158199,0.09101439682277014,0.03216945225881185,-0.06869491756919943,-0.09278429796569354,1.5598747955244224e-05,-0.5248492790587804
20,60,0.01,0,0.0,2.5,1,1,100,200,-0.4720643317770896,-0.1477830268887722,-0.7134126948580292,-0.41072898328435836,1225,948,277,0.045209333112692374,0.09273539632632798,0.06897236471951018,0.023763031606817805,0.5708457426478584,-0.3798177118609456,5.516695147790339e-05,-0.5250258234820047
12,200,0.0,1,0.0,999.0,1,1,100,200,-0.534043762940279,-0.17401411844665982,-0.6303289215755712,-0.7199426811373475,999,734,265,0.0301836836008605,0.07314247890120801,0.051663081251034255,0.021479397650173756,0.17394059992946254,-0.3458409545496929,-6.648256705006237e-05,-0.5251757132913127
48,120,0.01,0,0.2,0.75,1,1,100,200,-0.5475206295069183,-0.1800607630174086,-0.5993968808489758,-0.9265542769478722,685,523,162,0.019923878868111866,0.04097302664239616,0.030448452755254013,0.010524573887142149,-0.09261662889908906,-0.29758944913036367,-0.000295080026205992,-0.5260869172892901
12,120,0.005,1,0.2,999.0,1,1,100,200,-0.5449325362218935,-0.1788891916709684,-0.6051653272415083,-0.8944833957444788,726,534,192,0.018401456230349163,0.045209333112692374,0.03180539467152077,0.013403938441171603,0.08718435470692198,-0.39818790203754306,-0.00024556569411649984,-0.5261960250789465
30,120,0.0025,1,0.0,999.0,1,1,100,200,-0.55136539529939,-0.1818105113701135,-0.6098565048475253,-0.794542579310176,858,638,220,0.026212146284957803,0.0634122124772464,0.0448121793811021,0.0186000330961443,0.025141215629782998,-0.3278472173934436,-0.0001369519641732028,-0.5264658927593849
20,200,0.0,1,-0.2,999.0,1,1,100,200,-0.5465357770378438,-0.17961435191562758,-0.6326393338766372,-0.6145489665910812,1114,826,288,0.045474102267085884,0.10266423961608473,0.0740691709415853,0.02859506867449942,0.07050816716434793,-0.2605385036706148,-2.5331796835790082e-05,-0.5266614671835003
12,60,0.005,0,0.0,1.5,1,1,100,200,-0.4496933930918561,-0.13888275457778576,-0.7328773069617889,-0.42740036213564814,1186,887,299,0.037663412212477244,0.08558662915770313,0.06162502068509019,0.02396160847261294,0.5781829701942223,-0.36897232341518005,5.8438671232286955e-05,-0.5266914261654626
12,96,0.0,0,0.0,0.75,1,1,100,200,-0.5505684745126067,-0.18144691272464364,-0.6125742981414082,-0.7794973429960887,926,686,240,0.028760549395995365,0.06549726956809532,0.047128909482045345,0.018368360086049976,-0.0800570736186772,-0.22369697238171538,-0.00011298525280787026,-0.5267089289451522
48,96,0.005,1,0.2,999.0,1,1,100,200,-0.5531925070686143,-0.1826459704990605,-0.5959206531232208,-0.9259401613555354,710,523,187,0.017871917921562137,0.044282641072315075,0.031077279496938608,0.01320536157537647,0.00464658498087922,-0.3656627240796594,-0.00027129113652547317,-0.5269033051284477
12,60,0.005,0,-0.2,1.5,1,1,100,200,-0.48539658617159187,-0.15322254375317967,-0.7117946620177718,-0.37293973820403276,1312,985,327,0.05576700314413371,0.1240774449776601,0.08992222406089691,0.0341552209167632,0.2476851587670439,-0.20505683067990998,5.4542926997646695e-05,-0.5277668616722672
48,96,0.0025,1,-0.2,999.0,1,1,100,200,-0.5661481817085134,-0.18864470976007908,-0.6091434684083195,-0.6911102108064883,942,714,228,0.03885487340724805,0.08717524408406421,0.06301505874565613,0.024160185338408077,-0.12635014434826075,-0.20455918999883804,-8.323364566388272e-05,-0.5277719545045633
48,60,0.0025,1,-999.0,0.75,1,1,100,200,-0.5343420044016088,-0.1741465021926154,-0.6222967831264751,-0.8611247676019025,344,251,93,0.02909151083898726,0.06503392354790667,0.047062717193446964,0.017971206354459705,-0.34963045633842715,-0.14959814111049619,-0.0002558971712477401,-0.5283511321359481
30,96,0.01,0,0.2,0.75,1,1,100,200,-0.5411483712993066,-0.1771851439994987,-0.6105928528301108,-0.9213013717958595,651,495,156,0.0186000330961443,0.03911964256164157,0.028859837828892933,0.010259804732748635,-0.07872547083564385,-0.31026634157142585,-0.00031323179337310243,-0.5285466390043471
12,96,0.005,1,0.2,999.0,1,1,100,200,-0.5498441393247575,-0.18111685063556726,-0.6033647022751913,-0.9164985721206417,704,517,187,0.018004302498758895,0.0438854873407248,0.03094489491974185,0.012940592420982956,0.060433327372556356,-0.3963441292203018,-0.00027040251400115267,-0.528624130379195
48,120,0.0025,1,-999.0,0.75,1,1,100,200,-0.5371916062359552,-0.17541460263969466,-0.6247710362165495,-0.8212511435734473,372,269,103,0.03521429753433725,0.07631970875393017,0.05576700314413371,0.020552705609796457,-0.2990318613181393,-0.204753211877018,-0.0002110617040995912,-0.5288626779266418
12,96,0.0,1,-0.2,999.0,1,1,100,200,-0.5612740513655656,-0.18637232967882644,-0.6184469001180632,-0.66864258497829,970,722,248,0.039913950024822106,0.09108058911136853,0.06549726956809532,0.025583319543273208,-0.07466649553496418,-0.22984075368179535,-6.9277359722073e-05,-0.5290279089867725
12,60,0.005,0,-0.2,2.5,1,1,100,200,-0.4704600744808992,-0.14713546085518503,-0.734596242826923,-0.2984736903701539,1477,1109,368,0.06622538474267747,0.144530862154559,0.10537812344861823,0.03915273870594076,0.475176975037364,-0.24861716759913666,8.001193069660044e-05,-0.5293572667871542
20,60,0.0,0,-0.2,0.75,1,1,100,200,-0.5600799904888578,-0.18581853188800412,-0.6213933414173813,-0.6571032158686798,969,715,254,0.038821777262948866,0.08687737878537151,0.06284957802416019,0.024027800761211318,-0.09225092438936389,-0.21317853602868875,-7.063600244895089e-05,-0.5293703633901288
30,96,0.0025,1,-999.0,0.75,1,1,100,200,-0.5372573176539323,-0.17544391381942714,-0.6248243127508745,-0.8468607376733959,363,265,98,0.03223564454741023,0.07115671024325666,0.05169617739533344,0.019460532847923217,-0.3592086668022634,-0.1341012920165806,-0.00023064983986838673,-0.5301991070785341
30,60,0.01,0,0.0,1.5,1,1,100,200,-0.48388464178812696,-0.15260040156764854,-0.7074748204861869,-0.48175479168278323,1087,839,248,0.038987257984444815,0.08101936124441503,0.06000330961442992,0.021016051629985107,0.4314322729395541,-0.3790250824209064,1.6620973527483986e-05,-0.5304255513948811
20,200,0.0025,1,0.0,999.0,1,1,100,200,-0.5379069792090979,-0.17573386935909263,-0.6363553959076755,-0.7403290842101332,957,712,245,0.029885818302167796,0.06973357603839153,0.049809697170279665,0.019923878868111866,0.16004011726794376,-0.35713722290413874,-8.487577581080357e-05,-0.5309280215234371
20,200,0.0025,1,-0.2,999.0,1,1,100,200,-0.5630104674646144,-0.1871796881762703,-0.6228706352433084,-0.6584872836165861,1064,800,264,0.04467979480390535,0.09809697170279662,0.07138838325335098,0.02670858844944564,-0.012178946442198857,-0.24682620571713998,-4.831689930011938e-05,-0.5315393699787538
30,96,0.01,0,-0.2,1.5,1,1,100,200,-0.5442688030639599,-0.17858953970084546,-0.6649970232874939,-0.4272110770916263,1308,1011,297,0.06245242429256991,0.13023332781730929,0.0963428760549396,0.03389045176236968,-0.05036783237308129,-0.07689104573820549,2.715481117783753e-05,-0.5324486051991737
48,200,0.005,0,0.0,0.75,1,1,100,200,-0.5511540249140625,-0.18171402554447091,-0.6389841249239272,-0.6509807210397461,1034,775,259,0.034122124772464006,0.0731755750455072,0.0536488499089856,0.019526725136521594,0.026713198653907755,-0.2671461276668903,-6.313586608428754e-05,-0.5337551240584218
12,60,0.005,0,0.2,0.75,1,1,100,200,-0.5552703679319521,-0.18359920462891632,-0.5993372953232323,-1.0103431065869883,650,487,163,0.01664736058249214,0.038226046665563465,0.0274367036240278,0.010789343041535662,-0.14239906604941188,-0.28221921729210764,-0.0003535174564540407,-0.5337850076198819
30,60,0.0025,1,0.2,999.0,1,1,100,200,-0.5626808369334616,-0.18702623950920894,-0.5977493601181141,-0.959189532463557,669,489,180,0.016779745159688896,0.04219758398146616,0.029488664570577527,0.012708919410888631,-0.07582552753016203,-0.3387702665752883,-0.00031825032860042076,-0.5338603961914439
30,120,0.0025,1,-0.2,999.0,1,1,100,200,-0.5722946635945874,-0.1915377232345683,-0.614680825842806,-0.7021356421109444,948,714,234,0.03888796955154725,0.08826741684593745,0.06357769319874235,0.024689723647195103,-0.11531253014381981,-0.2232847035386456,-8.60704146833872e-05,-0.5339849182615185
48,200,0.01,0,0.0,0.75,1,1,100,200,-0.560595906889079,-0.18605767218231217,-0.6181923234533393,-0.7803254603002344,898,690,208,0.03213635611451266,0.06384246235313586,0.04798940923382426,0.0158530531193116,-0.1473528364999298,-0.19250148064321848,-0.0001319977643344396,-0.5341701069239936
20,96,0.01,0,0.0,0.75,1,1,100,200,-0.5558517103836158,-0.1838664974062325,-0.6188397046912255,-0.8201964158346265,768,591,177,0.026874069170941584,0.054277676650670195,0.04057587291080589,0.013701803739864305,-0.15517768659032916,-0.2280780236358576,-0.00019508752285731824,-0.5342961705435766
20,120,0.005,1,0.2,999.0,1,1,100,200,-0.5608510847970427,-0.18617603140343797,-0.6028468419975503,-0.941241923528484,721,531,190,0.01816978322025484,0.04497766010259805,0.03157372166142644,0.013403938441171603,0.03697356400129914,-0.3926396398016857,-0.00027499904658948406,-0.5346615485786373
12,200,0.0025,1,-0.2,999.0,1,1,100,200,-0.5741516031477367,-0.19241787135465616,-0.6169975911172176,-0.6843922065143356,1059,795,264,0.04398477577362237,0.09779910640410393,0.07089194108886315,0.026907165315240775,-0.04982975212929108,-0.23885039519540152,-5.812449576493377e-05,-0.5351362772389817
20,120,0.0025,1,-0.2,999.0,1,1,100,200,-0.5734948090328207,-0.1921062372689213,-0.616607149748235,-0.7029199496983612,949,714,235,0.03915273870594076,0.08859837828892934,0.06387555849743505,0.02472281979149429,-0.10289977988204779,-0.23579895874945256,-8.639088193675361e-05,-0.5355558096279569
20,60,0.0025,0,0.0,0.75,1,1,100,200,-0.558850924339807,-0.18524967451526053,-0.6169240274262178,-0.8415110963151027,819,605,214,0.024623531358596722,0.05752109879199073,0.04107231507529373,0.016448783716697005,-0.12254772295845773,-0.2427314260507868,-0.00017486217314358437,-0.5357872430441245
48,60,0.01,0,0.2,0.75,1,1,100,200,-0.5556828969823007,-0.18378885245845222,-0.6073154118671094,-0.9769602775446442,609,463,146,0.01740857190137349,0.03673672017209995,0.02707264603673672,0.009664074135363231,-0.13108673108509206,-0.30658641965979083,-0.00038306976631191647,-0.5362945722692392
20,60,0.0,0,0.2,0.75,1,1,100,200,-0.5559308313501345,-0.1839028963456606,-0.6081484365020465,-0.9677126399642169,706,518,188,0.01813668707595565,0.043024987588945886,0.030580837332450768,0.012444150256495118,-0.09997824110115228,-0.2976688935979378,-0.0002891808341414611,-0.5363627465948947
48,96,0.01,0,0.0,0.75,1,1,100,200,-0.5598922374757279,-0.18573155579771117,-0.6206795037480046,-0.8062353221542541,799,615,184,0.028396491808704287,0.05719013734899884,0.04279331457885156,0.014396822770147278,-0.12439568415301805,-0.2504593858601777,-0.0001785735655854512,-0.5363830737794262
12,200,0.0025,1,0.0,999.0,1,1,100,200,-0.5529960267661388,-0.18255600579831477,-0.6299443457367804,-0.7780927986341737,952,706,246,0.02938937613767996,0.06970047989409234,0.04954492801588615,0.02015555187820619,0.09932802394233287,-0.345424183721886,-0.0001019044098835454,-0.5364328185984136
20,60,0.0025,1,-999.0,0.75,1,1,100,200,-0.5504157799760933,-0.18137730034987853,-0.6200855856654119,-0.9104812528465362,341,250,91,0.027734568922720502,0.06447128909482046,0.04610292900877048,0.018368360086049976,-0.3613831924743842,-0.16509619127676256,-0.0002772976222825759,-0.5369441558249113
48,200,0.0,0,-0.2,1.5,1,1,100,200,-0.5226102451635206,-0.1689862240387563,-0.7087580233075461,-0.28157610637430314,1897,1389,508,0.08075459209002152,0.19017044514314083,0.13546251861658118,0.054707926526559654,0.46336432101146596,-0.1579560432169217,9.193798017169843e-05,-0.5374440410112445
48,120,0.0,1,-0.2,999.0,1,1,100,200,-0.5737419851863057,-0.19222347456637523,-0.6216701594953314,-0.6931090365446394,1015,759,256,0.041337084229687245,0.09435710739698826,0.06784709581333774,0.026510011583650506,-0.07916672144236092,-0.2309561191359747,-6.86593497634992e-05,-0.5377140061412728
12,200,0.0,1,-0.2,999.0,1,1,100,200,-0.5712055281101515,-0.19102282924694636,-0.62680213426754,-0.6672285327679398,1111,823,288,0.04491146781399967,0.10269733576038391,0.07380440178719179,0.028892933973192123,-0.004608688274242101,-0.2491274127189519,-4.3687025398989454e-05,-0.5377853230191134
30,96,0.0,1,0.2,999.0,1,1,100,200,-0.5623116129128465,-0.18685446231390168,-0.6095264255747578,-0.9345663917447113,747,540,207,0.018235975508853218,0.04709581333774615,0.03266589442329969,0.014429918914446466,-0.018444414923147634,-0.3521123819378281,-0.00025466242983993704,-0.5383459946885162
20,60,0.01,0,-0.2,0.75,1,1,100,200,-0.5741030640201935,-0.19239482830117427,-0.6202546536785528,-0.7430931129106543,789,618,171,0.036140989574714545,0.0704285950686745,0.05328479232169452,0.017143802746979978,-0.21695682336055755,-0.19296786927781384,-0.00015182380465249542,-0.5396768107859833
48,120,0.0025,1,-0.2,999.0,1,1,100,200,-0.5775556557781338,-0.1940388162863813,-0.6213024487325765,-0.7085213207020638,976,736,240,0.04037729604501076,0.09081581995697502,0.06559655800099289,0.025219261955982127,-0.09410224161507252,-0.2402354535925897,-8.242645299596581e-05,-0.5401161066877728
30,60,0.01,0,0.0,2.5,1,1,100,200,-0.4940361597761057,-0.15680412813212885,-0.7229944860584709,-0.4407748374805249,1248,966,282,0.046698659606155886,0.0954161840145623,0.0710574218103591,0.02435876220420321,0.6610889694691426,-0.4314166799017083,4.4192394650458126e-05,-0.5403401130353905
12,96,0.0,1,0.2,999.0,1,1,100,200,-0.5547377668161108,-0.18335455221844343,-0.6233313974638327,-0.9091906912620827,763,548,215,0.018699321529041867,0.047890120800926694,0.03329472116498428,0.014595399635942414,0.050357049461849046,-0.3791256975148618,-0.00023266627950949625,-0.540479785513464
48,60,0.0,1,0.2,999.0,1,1,100,200,-0.5671194998739448,-0.18909983494314175,-0.6068143793169691,-0.9634066080985848,703,510,193,0.0170776104583816,0.04448121793811021,0.030779414198245904,0.013701803739864305,-0.0789817977456353,-0.33197533779257304,-0.0002958711819254085,-0.5406773550065556
20,60,0.005,0,-0.2,1.5,1,1,100,200,-0.5179874446607043,-0.1669789582430764,-0.706920480902951,-0.4136864831213603,1314,978,336,0.05632963759721992,0.12675823266589442,0.09154393513155717,0.03521429753433725,0.20363328122856061,-0.22737813520562633,3.8531772992999424e-05,-0.5411235228506199
12,120,0.0,1,0.2,999.0,1,1,100,200,-0.5529767120125069,-0.18254716352986577,-0.6276213653461622,-0.8963871908660999,787,567,220,0.019162667549230513,0.04928015886149264,0.034221413205361574,0.015058745656131061,0.07329692380708575,-0.38262664702362115,-0.0002145434856603895,-0.5411772057462518
48,200,0.0025,0,0.2,0.75,1,1,100,200,-0.5548884891067232,-0.18342376482651201,-0.6392357257569352,-0.7705066806785791,900,674,226,0.024160185338408077,0.05388052291907993,0.039020354128744,0.014860168790335925,0.0173864757109099,-0.3141217120323103,-0.0001503185065046888,-0.5415669617389086
30,120,0.01,0,0.2,0.75,1,1,100,200,-0.561305592764463,-0.18638697368742896,-0.6133216214258634,-0.9742896892787207,675,516,159,0.019559821280820785,0.040410392189309946,0.029985106735065364,0.01042528545424458,-0.11479329386956794,-0.3054101289864959,-0.0003294508598903406,-0.5417622688642967
20,60,0.005,0,-0.2,2.5,1,1,100,200,-0.5034306173328094,-0.16075106889469348,-0.7288095952790772,-0.3362138725915141,1486,1106,380,0.06705278835015721,0.14774118815158033,0.10739698825086877,0.040344199900711565,0.41039748245579855,-0.25971336034156134,6.669513732784496e-05,-0.5419665601638077
30,60,0.0,0,-0.2,0.75,1,1,100,200,-0.5737047000393429,-0.1922057867091692,-0.6320023742189214,-0.6810930468553389,967,714,253,0.03951679629323184,0.08849908985603178,0.06400794307463181,0.024491146781399967,-0.09563382029807166,-0.23546015091182904,-8.067530222421078e-05,-0.5422616261613968
12,96,0.01,0,0.0,1.5,1,1,100,200,-0.502505686387481,-0.1603600010461118,-0.7135194436638936,-0.5121769068513187,1150,885,265,0.04093993049809697,0.08522257157041205,0.0630812510342545,0.022141320536157538,0.334622597271792,-0.33746103493007507,1.4475771036684431e-05,-0.5427285682206245
12,60,0.005,0,-0.2,0.75,1,1,100,200,-0.5786546304622513,-0.19456421761404097,-0.6219739017727266,-0.7504494457862968,896,681,215,0.03660433559490319,0.07823928512328314,0.05742181035909317,0.02081747476418997,-0.14298951758917722,-0.23040067762588223,-0.00011820942263791003,-0.5430736407897191
20,120,0.0025,1,-999.0,0.75,1,1,100,200,-0.55104941022311,-0.18166628389238437,-0.6360064621519429,-0.8755614600968582,371,270,101,0.03355949031937779,0.07400297865298693,0.05378123448618236,0.020221744166804567,-0.3448713454898016,-0.17500042544331207,-0.0002328369036631331,-0.5434475879731987
20,60,0.005,0,0.2,0.75,1,1,100,200,-0.5647669383497349,-0.18799882181350258,-0.6082329897284554,-1.0326914749651939,652,485,167,0.01691212973688565,0.039020354128744,0.027966241932814828,0.011054112195929174,-0.12181817518573967,-0.3133224615254965,-0.000363005584706832,-0.54374989042599
12,96,0.0025,1,-0.2,999.0,1,1,100,200,-0.5829391455610201,-0.19662243537220914,-0.6215647511041686,-0.7297802020179845,928,700,228,0.039020354128744,0.08681118649677312,0.06291577031275856,0.023895416184014563,-0.13086239792530496,-0.2367375031552712,-0.0001012072764646789,-0.5438938210251927
48,60,0.01,0,0.0,0.75,1,1,100,200,-0.5649103190649631,-0.18806579702451232,-0.6278553998625844,-0.8395885614699977,735,568,167,0.02588118484196591,0.052689061724309115,0.03928512328313751,0.013403938441171603,-0.16723110549136866,-0.24543366656694532,-0.00022370669391606892,-0.5439729250293044
30,120,0.005,1,0.2,999.0,1,1,100,200,-0.5700503914790933,-0.19047780313186624,-0.6111664201035805,-0.9697119720497649,721,530,191,0.018103590931656463,0.04491146781399967,0.031507529372828066,0.013403938441171603,0.01085971481194381,-0.39000119642230735,-0.00029114810624256105,-0.5445466117861447
30,200,0.01,0,0.2,0.75,1,1,100,200,-0.5668245250225754,-0.18896153933336968,-0.6147174101170862,-0.9723329026983412,741,573,168,0.021975839814661592,0.04362071818633129,0.03279827900049644,0.01082243918583485,-0.11011544524951378,-0.2948580752751446,-0.000287783126460986,-0.5449368895268298
20,120,0.01,0,0.2,0.75,1,1,100,200,-0.5631724876418696,-0.1872551431571542,-0.6167605235884117,-0.9884058337608983,668,511,157,0.019328148270726462,0.03984775773622373,0.029587953003475095,0.010259804732748635,-0.12528205719570817,-0.3025186798915468,-0.0003415163384566708,-0.545055696639405
20,60,0.01,0,0.2,1.5,1,1,100,200,-0.5310883171178531,-0.1727056733594312,-0.6737750877340705,-0.7094971909545191,890,676,214,0.0259142809862651,0.0555022339897402,0.04070825748800265,0.014793976501737548,0.1065322608600463,-0.338642399679268,-0.00011575750650327556,-0.5450680767741924
48,200,0.0025,0,-0.2,1.5,1,1,100,200,-0.5519033409405769,-0.1820562252769683,-0.6934353940892586,-0.33124598236932634,1829,1345,484,0.07780903524739367,0.18305477411881516,0.13043190468310442,0.05262286943571074,0.32246454367051025,-0.1546586858656367,7.68243931238414e-05,-0.5453362214400639
20,60,0.0025,1,0.2,999.0,1,1,100,200,-0.5732005312695324,-0.19196672576335683,-0.6083693566661574,-0.9857604954033264,678,498,180,0.01704451431408241,0.04259473771305643,0.02981962601356942,0.01277511169948701,-0.05299928359819128,-0.36738976992626904,-0.00033014779679138616,-0.5454394288666019
30,96,0.01,0,0.0,0.75,1,1,100,200,-0.5683735451292093,-0.1896885696478412,-0.6279893812414902,-0.8359356437413039,786,605,181,0.02753599205692537,0.055866291577031275,0.04170114181697832,0.014165149760052953,-0.13957559306866874,-0.25678280461930614,-0.00019909339779706906,-0.5454800424556515
12,120,0.01,0,0.0,0.75,1,1,100,200,-0.5672768539909572,-0.1891736375311147,-0.627044164041932,-0.8565557703317598,791,606,185,0.02740360747972861,0.055535330134039385,0.041469468806884,0.014065861327155387,-0.15607166328862687,-0.23842798109471752,-0.00020005624878486808,-0.5455235080686687
48,96,0.0,1,0.2,999.0,1,1,100,200,-0.5712953887685689,-0.19106527416844044,-0.6132238330150757,-0.9596392957935389,763,555,208,0.018699321529041867,0.04782392851232831,0.03326162502068509,0.014562303491643223,-0.04850466555310662,-0.3401028217938765,-0.00025946972208915195,-0.5456591554656552
12,120,0.01,0,-0.2,1.5,1,1,100,200,-0.5586062087500097,-0.18513655293648157,-0.6741347913935881,-0.470902710797469,1318,1014,304,0.06195598212808208,0.12894257818964092,0.09544928015886149,0.03349329803077941,-0.06153076644171607,-0.09076149756031382,1.7764997667507396e-05,-0.5457490841731492
48,200,0.0,1,0.2,999.0,1,1,100,200,-0.5594522426638096,-0.1855278382758483,-0.6313491842251504,-0.8946915166241804,897,652,245,0.02204203210325997,0.055204368691047494,0.03862320039715373,0.01658116829389376,0.10744793775780037,-0.3769836234412255,-0.00016532693708350667,-0.5459370062196325
30,60,0.005,0,-0.2,1.5,1,1,100,200,-0.525776552128041,-0.1703694897379464,-0.7089299319299235,-0.42275935115193325,1321,983,338,0.05728942578189641,0.12963759721992388,0.09346351150091015,0.03617408571901373,0.23999593951358844,-0.259566596865761,3.501627170396717e-05,-0.5459724232605048
48,60,0.01,0,-0.2,2.5,1,1,100,200,-0.5705041011898806,-0.1906917451384248,-0.6685923858683553,-0.4279030884919242,1413,1090,323,0.07079265265596558,0.1442660930001655,0.10752937282806553,0.03673672017209995,-0.03667000730781278,-0.09616381664791118,2.924671253377213e-05,-0.5463830924971986
20,96,0.0025,1,-999.0,0.75,1,1,100,200,-0.5552684867479429,-0.1835983401132366,-0.6378514378700036,-0.9013259324013311,361,262,99,0.03064702962104915,0.07003144133708424,0.05033923547906669,0.01969220585801754,-0.37217174755957083,-0.15147077058776193,-0.000253967862634098,-0.547590355668305
20,96,0.0,1,0.2,999.0,1,1,100,200,-0.575154364105013,-0.19289435468110483,-0.613321467464389,-0.9739717528084864,751,541,210,0.01826907165315241,0.047128909482045345,0.032698990567598875,0.014429918914446466,-0.0334791700074164,-0.3600614038890101,-0.00027416174212276833,-0.5482536760537237
30,60,0.0025,0,0.0,0.75,1,1,100,200,-0.5712195549060735,-0.19102945424606188,-0.6303536230704416,-0.861544528279285,828,615,213,0.025252358100281317,0.05887804070825749,0.0420651994042694,0.016812841303988087,-0.11217323046319194,-0.2692823204914807,-0.00018283509107971732,-0.549283492195247
12,60,0.005,0,0.0,2.5,1,1,100,200,-0.4669243900340727,-0.14571344075914783,-0.7673121619245626,-0.40343420226753424,1344,1010,334,0.0448121793811021,0.10021512493794472,0.07251365215952342,0.027701472778421315,0.8738472504379493,-0.44284824308555026,7.363326469143892e-05,-0.5495412318348059
48,120,0.005,1,0.2,999.0,1,1,100,200,-0.5749344642072328,-0.19278979242554362,-0.615583429552409,-0.9816142897146931,734,540,194,0.018434552374648354,0.04577196756577859,0.03210325997021347,0.013668707595565117,-0.003434820476250988,-0.3842901237267836,-0.0002889451978989015,-0.5496622216874828
20,200,0.005,1,0.2,999.0,1,1,100,200,-0.5694640698160064,-0.1902015798979131,-0.6243259895281894,-0.9535568628463036,791,586,205,0.020221744166804567,0.048552043686910476,0.03438689392685752,0.014165149760052953,0.09474268273877873,-0.41587771843338384,-0.00024306099426602137,-0.550042417804323
20,120,0.01,0,-0.2,1.5,1,1,100,200,-0.5742500502910837,-0.1924646133632102,-0.6675714859331036,-0.4775217965669658,1333,1030,303,0.06351150091014397,0.13241767334105578,0.09796458712559987,0.0344530862154559,-0.11968061834833454,-0.058014967258182004,1.3219973361529715e-05,-0.5501264461581103
20,200,0.01,0,0.2,0.75,1,1,100,200,-0.5721473814955408,-0.19146803749062624,-0.6189698312571306,-0.9919992135171948,728,562,166,0.021446301505874565,0.04282641072315075,0.03213635611451266,0.010690054608638094,-0.1217015497340419,-0.29890833627220337,-0.00030809640818854286,-0.5505529137950512
12,96,0.005,0,0.0,0.75,1,1,100,200,-0.5723168868709297,-0.19154823962180056,-0.63124056082173,-0.8708759838517366,853,640,213,0.026940261459539965,0.05977163660433559,0.04335594903193778,0.016415687572397815,-0.09740145373075437,-0.27406056083193564,-0.00017529123487524656,-0.5507123192252523
12,96,0.005,0,-0.2,1.5,1,1,100,200,-0.5262783559571268,-0.17058934806587156,-0.71915532653968,-0.415617374767717,1398,1049,349,0.061260963097799104,0.13612444150256495,0.09869270230018203,0.03743173920238292,0.1978170870779863,-0.20424296846691703,4.355936519752875e-05,-0.5509478800740973
12,60,0.01,0,0.2,1.5,1,1,100,200,-0.5222610257539196,-0.16883408194495408,-0.696561577426112,-0.7015761709618225,871,663,208,0.024921396657289426,0.05397981135197749,0.03945060400463346,0.014529207347344034,0.10746395314275836,-0.33312625429262865,-0.00011534426951380877,-0.5521936792061012
30,60,0.005,0,-0.2,2.5,1,1,100,200,-0.5188913549003047,-0.16737030645738482,-0.7348688161161613,-0.3542245045100692,1504,1117,387,0.0683104418335264,0.1515141486016879,0.10991229521760715,0.041601853384080754,0.4658382960533649,-0.3036489703571734,6.097948196279115e-05,-0.552515939740969
12,96,0.0025,1,-999.0,0.75,1,1,100,200,-0.5606127465242576,-0.1860654813254924,-0.6428648263954616,-0.9085944275878102,368,271,97,0.03207016382591428,0.07211649842793315,0.052093331126923714,0.020023167301009434,-0.3858280315176078,-0.14002142424359576,-0.0002499794933374736,-0.5529276159026136
20,96,0.01,0,0.2,0.75,1,1,100,200,-0.5718707465350101,-0.191337197720986,-0.6203595743175202,-1.0335200022615672,636,484,152,0.018235975508853218,0.03796127751116995,0.028098626510011583,0.009862651001158365,-0.16722237020359998,-0.29337981983023065,-0.00039206459355663545,-0.5531929849928244
12,200,0.01,0,0.2,0.75,1,1,100,200,-0.5751279888017552,-0.1928818111008681,-0.6216242530269749,-1.0035833346902696,724,559,165,0.02128082078437862,0.04259473771305643,0.031937779248717525,0.010656958464338905,-0.13735771025260912,-0.2925735449258904,-0.00031702279754281974,-0.553873104348869
20,96,0.01,0,-0.2,1.5,1,1,100,200,-0.5797676686712856,-0.19509739064139542,-0.6685863166854153,-0.5105082236194767,1273,979,294,0.06069832864471289,0.12596392520271388,0.09333112692371338,0.032632798279000494,-0.12600268853424423,-0.09118197130329697,-6.760299064221922e-07,-0.5549159601650769
20,120,0.0,1,0.2,999.0,1,1,100,200,-0.5816384691814422,-0.19599594066532555,-0.6222003123606135,-0.9826396978809251,779,564,215,0.01893099453913619,0.0487837166970048,0.033857355618070496,0.014926361078934304,-0.015911856685527415,-0.3723496889478022,-0.0002646948743648705,-0.5562280817396785
30,200,0.01,0,0.0,0.75,1,1,100,200,-0.5823183891592592,-0.1963232541987956,-0.6358510593024127,-0.8451367129263546,885,681,204,0.03167301009432401,0.06245242429256991,0.047062717193446964,0.015389707099122952,-0.14062197256501674,-0.24336839561081847,-0.0001662125015346636,-0.5565056194963197
30,96,0.01,0,-0.2,2.5,1,1,100,200,-0.5709265074560621,-0.1908910786855691,-0.6905029831729772,-0.40844289755315427,1480,1141,339,0.07453251696177396,0.15197749462187654,0.11325500579182525,0.0387224888300513,-0.007211753538032273,-0.0939892591859045,3.780363672109611e-05,-0.5565647151497154
12,60,0.0025,0,-0.2,0.75,1,1,100,200,-0.5923897648917951,-0.20121904621927877,-0.6342969024567588,-0.7642730684650172,934,701,233,0.036471951017706436,0.08148270726460367,0.058977329141155055,0.02250537812344862,-0.1969797749232114,-0.190186819999564,-0.00011711882350524342,-0.5565811508709091
30,200,0.005,1,0.2,999.0,1,1,100,200,-0.5795587155920362,-0.1949972162634116,-0.6282556153828658,-0.9821773553467114,805,597,208,0.02051960946549727,0.04918087042859507,0.03485023994704617,0.0143306304815489,0.07559621856191301,-0.41534006783443855,-0.0002510609670325603,-0.5582338917221801
30,200,0.01,0,-0.2,1.5,1,1,100,200,-0.5949746164510921,-0.20249017064909547,-0.6651480556462982,-0.4742101483034876,1492,1139,353,0.07082574880026477,0.1499917259639252,0.11040873738209499,0.039582988581830215,-0.043002715259751856,-0.10744241948398725,2.3538246144506914e-05,-0.558774705887419
12,60,0.0025,1,0.2,999.0,1,1,100,200,-0.5846927268508861,-0.19746940278517577,-0.6240076444971001,-1.0141094346310475,698,511,187,0.017540956478570246,0.04368691047492967,0.03061393347674996,0.013072976998179713,-0.05873718036812503,-0.37444527083624235,-0.0003342590203840853,-0.5601786967652782
48,200,0.01,0,0.0,1.5,1,1,100,200,-0.5522485729681765,-0.18221403116824186,-0.7044930003063883,-0.515369366221926,1405,1061,344,0.04904848585139831,0.10663577693198742,0.07784213139169287,0.028793645540294555,0.3225762903079301,-0.31642775984749405,3.064525475765622e-05,-0.5602289996325323
12,120,0.01,0,0.2,0.75,1,1,100,200,-0.5792767299521036,-0.19486208843316644,-0.625318972825847,-1.0575850484433398,654,498,156,0.01856693695184511,0.03868939268575211,0.02862816481879861,0.0100612278669535,-0.14989817472221767,-0.31360296999870096,-0.00039195346456534676,-0.5604008272682569
48,200,0.0025,1,0.2,999.0,1,1,100,200,-0.5827719403462628,-0.19654181593377829,-0.631584515985987,-0.9720267009585535,862,635,227,0.021578686083071324,0.05282144630150588,0.0372000661922886,0.015621380109217277,0.026896714566495117,-0.37472008840580817,-0.00021881832732958725,-0.5609354089746994
30,96,0.0025,1,0.2,999.0,1,1,100,200,-0.5859118435967108,-0.1980598086996741,-0.624557008890198,-1.0134723577932443,719,525,194,0.01770643720006619,0.045110044679794806,0.0314082409399305,0.013701803739864305,-0.0689047234626049,-0.3628134541095678,-0.00031770614906863456,-0.5610119310344354
12,200,0.005,1,0.2,999.0,1,1,100,200,-0.5871098721533874,-0.19864127263311293,-0.6271531591600356,-1.0077736786783837,787,583,204,0.019890782723812676,0.04835346682111534,0.034122124772464006,0.014231342048651332,0.03422254764633448,-0.4082229564377714,-0.00027418478340479217,-0.5626065361470498
20,60,0.005,0,0.0,1.5,1,1,100,200,-0.5204428412173796,-0.1680433098329378,-0.7364649231523827,-0.5447959007423203,1193,887,306,0.03819295052126427,0.0875062055270561,0.06284957802416019,0.024656627502895913,0.4556182850640591,-0.40170645085503065,8.674123206759252e-06,-0.5635155664462451
12,96,0.0,0,0.2,0.75,1,1,100,200,-0.58103332012693,-0.19570495710138291,-0.6356804886464146,-1.026722402095048,760,559,201,0.019559821280820785,0.0460367367201721,0.03279827900049644,0.013238457719675658,-0.10422159685231047,-0.3160063458825795,-0.0002909438618577527,-0.5648813215293427
48,200,0.0,0,0.0,0.75,1,1,100,200,-0.5893692427616024,-0.19974131039590148,-0.6598587426690958,-0.7175501086833194,1140,849,291,0.03743173920238292,0.08072149594572232,0.05907661757405262,0.0216448783716697,-0.041997485306994986,-0.24233471745394364,-6.937573875224867e-05,-0.5655481871646154
30,120,0.01,0,0.0,0.75,1,1,100,200,-0.5881611118579502,-0.199152535251802,-0.6450439080421881,-0.8829493745072127,807,619,188,0.028495780241601855,0.0576203872248883,0.04305808373324508,0.014562303491643223,-0.18085685068752833,-0.24725271677221017,-0.00021319558658277832,-0.5658219579982567
30,120,0.0,1,0.2,999.0,1,1,100,200,-0.5902485225122103,-0.20017063897094123,-0.6303233001765354,-1.0108758699148697,773,561,212,0.018897898394837003,0.048485851398312095,0.03369187489657455,0.014793976501737548,-0.05057437226234296,-0.364732887354408,-0.00028276512553090233,-0.5658760825549524
48,200,0.01,0,0.2,1.5,1,1,100,200,-0.5590428380143513,-0.1853384209371154,-0.6954618737191416,-0.6588064289277203,1202,904,298,0.03458547079265266,0.07509515141486017,0.05484031110375641,0.020254840311103757,0.24447476720453198,-0.35362200431115254,-2.988883467816633e-05,-0.5660096792430722
30,200,0.01,0,-0.2,2.5,1,1,100,200,-0.6013204368707092,-0.20563678093980364,-0.6791333930584694,-0.42031958686419024,1682,1289,393,0.08376634122124772,0.17358927684924708,0.1286778090352474,0.04491146781399967,0.06943166531160161,-0.13542248904762422,4.373187310649741e-05,-0.566219456812248
30,60,0.01,0,-0.2,0.75,1,1,100,200,-0.5999799840529565,-0.20496899845958827,-0.6437443936211151,-0.7990930729467829,795,621,174,0.03686910474929671,0.0719510177064372,0.05441006122786695,0.017540956478570246,-0.22569421989388494,-0.23114498664135674,-0.00017501945108746819,-0.566795848917485
12,60,0.0,0,-0.2,1.5,1,1,100,200,-0.5154452187843037,-0.1658812424540027,-0.7635071085399417,-0.3964133681231123,1427,1049,378,0.05801754095647857,0.13559490319377793,0.09680622207512825,0.03878868111864968,0.23137754630993856,-0.19666209562499581,5.2915454124812866e-05,-0.5674554651301292
48,120,0.01,0,0.0,0.75,1,1,100,200,-0.5906819649679396,-0.20038253141263696,-0.647216583314206,-0.88156638309223,824,629,195,0.028760549395995365,0.05861327155386398,0.04368691047492967,0.014926361078934304,-0.16341101585099982,-0.26120693055634214,-0.00020731906585355568,-0.5680691422243513
20,120,0.01,0,-0.2,2.5,1,1,100,200,-0.5872119644312186,-0.19869088164230198,-0.6968791115924176,-0.4353638057823876,1503,1160,343,0.07549230514645044,0.15412874400132384,0.11481052457388714,0.039318219427436706,-0.03975678512063774,-0.0884095278143503,3.1575118519413706e-05,-0.5688986277276301
48,200,0.005,0,0.2,1.5,1,1,100,200,-0.5561929130281359,-0.18402349956594788,-0.7126779918599944,-0.5721818247555966,1363,1005,358,0.03633956644050968,0.08538805229190799,0.06086380936620884,0.024524242925699154,0.5108331104915349,-0.4194946260759216,1.750100382949387e-05,-0.5689715867337249
12,120,0.01,0,-0.2,2.5,1,1,100,200,-0.5867574434702387,-0.19847008998111149,-0.6959132818619569,-0.45681718821572165,1487,1144,343,0.07367201720999504,0.15012411054112196,0.11189806387555849,0.038226046665563465,-0.029677817315513666,-0.10408299796306542,2.7695624620840614e-05,-0.569267590322876
48,60,0.0025,1,0.2,999.0,1,1,100,200,-0.5945120983797392,-0.202262277309869,-0.6298675629916768,-1.0563768537574911,677,497,180,0.01664736058249214,0.04259473771305643,0.029621049147774286,0.012973688565282145,-0.13410758713314253,-0.3430090107992675,-0.0003708058440264449,-0.5700149014935819
48,60,0.005,0,-0.2,1.5,1,1,100,200,-0.5871273565003137,-0.1986497680307906,-0.692295195717469,-0.5133638476097229,1382,1028,354,0.0588449445639583,0.13635611451265928,0.09760052953830879,0.038755584974350485,0.01138038200756153,-0.18515666224284322,9.734721369952927e-06,-0.5704655582700112
20,200,0.01,0,0.0,0.75,1,1,100,200,-0.5960724926832341,-0.2030319018458857,-0.6473963774644338,-0.8841021772522507,872,671,201,0.031143471785536985,0.06152573225219262,0.0463346020188648,0.015191130233327818,-0.16910133488673895,-0.24810860217081543,-0.00019039058542968335,-0.5709351994407151
30,96,0.005,0,-0.2,1.5,1,1,100,200,-0.57702260366298,-0.193784341988822,-0.707216695677318,-0.4723842237272622,1452,1084,368,0.06304815488995533,0.14400132384577197,0.10352473936786365,0.04047658447790833,0.04409320767370173,-0.1625583943013873,2.5661163806603095e-05,-0.5710119010138441
12,200,0.01,0,-0.2,1.5,1,1,100,200,-0.6002866627759609,-0.2051216305172887,-0.6826361305298865,-0.5031270605906802,1452,1112,340,0.06897236471951018,0.14469634287605493,0.10683435379778256,0.03786198907827238,-0.07862423001103869,-0.10321466633657261,1.4237208376197966e-05,-0.571596048811766
30,60,0.005,0,0.0,1.5,1,1,100,200,-0.5327199835388747,-0.17342728333425161,-0.7400530086914139,-0.5632078590974112,1208,900,308,0.038987257984444815,0.08988912791659771,0.06443819295052126,0.025450934966076453,0.506562097660959,-0.43249506988131514,2.5168539802585686e-06,-0.5716141806348292
20,96,0.0,0,0.0,0.75,1,1,100,200,-0.5948170096151837,-0.20241249221705793,-0.652356015767173,-0.8730313278921396,933,684,249,0.028826741684593746,0.06662253847426775,0.047724640079430745,0.018897898394837003,-0.1313166155363692,-0.25622987013341425,-0.0001583727698255278,-0.5722420664952513
48,120,0.0,1,0.2,999.0,1,1,100,200,-0.596143181395862,-0.2030668199779443,-0.6356414458390081,-1.0276244792028573,788,573,215,0.01936124441502565,0.049412543438689394,0.03438689392685752,0.015025649511831872,-0.0649171764438341,-0.35948079141834877,-0.00028199399786086986,-0.5722687668575912
30,60,0.0,0,0.2,0.75,1,1,100,200,-0.5926726633036077,-0.2013578691068587,-0.6358746364820567,-1.0633384395546102,714,525,189,0.0186000330961443,0.044017871917921565,0.03130895250703293,0.012708919410888631,-0.14208068882028313,-0.32145443273230656,-0.00034270978464497114,-0.5724621093256176
12,60,0.01,0,-0.2,999.0,1,1,100,200,-0.5645378094841202,-0.18789182672611549,-0.7288490649358659,-0.4072899501209577,1392,1087,305,0.07208340228363395,0.14072480556015224,0.1064041039218931,0.03432070163825914,0.10827909840239602,-0.21178288267067336,3.239600243473682e-05,-0.5726808567000963
12,200,0.01,0,0.0,0.75,1,1,100,200,-0.5981624930302808,-0.20406624064504308,-0.6492208179398167,-0.8918266891269238,867,666,201,0.030911798775442662,0.06122786695349992,0.04606983286447129,0.015158034089028629,-0.1817844913389156,-0.2423013664015552,-0.00019567722692415552,-0.5732679840712976
12,60,0.01,0,0.0,999.0,1,1,100,200,-0.5324101906327573,-0.1732901312647972,-0.7521792954007249,-0.4836474052813049,1267,990,277,0.04832037067681615,0.09710408737382095,0.07271222902531856,0.0243918583485024,0.5458493809425031,-0.42997720955031593,2.405777268007322e-05,-0.5735621492292249
12,96,0.01,0,0.2,1.5,1,1,100,200,-0.5619946400487061,-0.18670708100115563,-0.6973814073277648,-0.7730953057052147,957,726,231,0.027966241932814828,0.059473771305642895,0.04372000661922886,0.015753764686414033,0.10539062649194153,-0.3605221193684147,-0.0001257886390144029,-0.5740525499502986
48,200,0.005,0,0.0,1.5,1,1,100,200,-0.5562807059551498,-0.1840639115417586,-0.736214895061307,-0.46265417562489924,1597,1178,419,0.0515306966738375,0.1207016382591428,0.08611616746649016,0.03458547079265266,0.5678493288557624,-0.37127944935197643,5.869448480430379e-05,-0.5753040678536571
48,96,0.0025,1,0.2,999.0,1,1,100,200,-0.5990916100489057,-0.2045273548876907,-0.6365067612857276,-1.0551432256435571,733,538,195,0.018037398643058082,0.045705775277180206,0.031871586960119144,0.013834188317061062,-0.10872712422129538,-0.3510022542464244,-0.0003319486605162483,-0.5755378968127324
12,96,0.005,0,0.2,0.75,1,1,100,200,-0.5938908142997912,-0.20195646277822543,-0.6374709409205237,-1.1089391537368818,705,525,180,0.018368360086049976,0.041932814827072645,0.03015058745656131,0.011782227370511336,-0.13246179526407198,-0.3339891669706283,-0.0003698127835249938,-0.5761388909253313
20,120,0.01,0,0.0,0.75,1,1,100,200,-0.597902278098915,-0.20393724108962086,-0.6534396336513046,-0.9169951801796041,804,617,187,0.02823101108720834,0.056958464338904516,0.04259473771305643,0.014363726625848089,-0.1930931901264179,-0.2550308735540211,-0.0002311938192169679,-0.5765068169242534
12,120,0.0025,1,0.2,999.0,1,1,100,200,-0.5999231840269651,-0.20494073907531163,-0.638772206048008,-1.0482836954318047,752,549,203,0.018434552374648354,0.04683104418335264,0.032632798279000494,0.014198245904352143,-0.047675782934261,-0.3880807447309127,-0.0003177853820891739,-0.5767410268709059
12,60,0.0,0,0.0,1.5,1,1,100,200,-0.5104528231336165,-0.16373806299206328,-0.7746985728007669,-0.5130911751062749,1294,954,340,0.03954989243753103,0.09435710739698826,0.06695349991725964,0.02740360747972861,0.4973435351892579,-0.37550078198176895,3.462972307705223e-05,-0.5767419081477605
20,60,0.01,0,-0.2,999.0,1,1,100,200,-0.5837221750960098,-0.19700030257969625,-0.71787138255539,-0.42576122218400864,1396,1083,313,0.07353963263279828,0.14403441999007116,0.10878702631143472,0.03524739367863644,0.084185791432833,-0.228221060498629,2.3981851928308687e-05,-0.5772240549665917
48,200,0.0,0,-0.2,0.75,1,1,100,200,-0.6156049705114517,-0.21285970726414838,-0.6653078903778309,-0.6352595931152966,1279,956,323,0.05484031110375641,0.11567102432566606,0.08525566771471124,0.030415356610954822,-0.13114773835006188,-0.16166923730738791,-3.2910024399057436e-05,-0.5772766321088286
20,96,0.0025,1,0.2,999.0,1,1,100,200,-0.6026388897749166,-0.20629524754571182,-0.6368838193925549,-1.0682287083654145,721,525,196,0.01770643720006619,0.045043852391196425,0.03137514479563131,0.013668707595565117,-0.09455256869191031,-0.3706033399383014,-0.0003479409437242541,-0.57814859266026
12,60,0.0025,0,0.2,0.75,1,1,100,200,-0.5968445770330841,-0.2034135371837965,-0.6367920405485479,-1.1313906360848622,677,499,178,0.016382591428098628,0.0399470461691213,0.02816481879860996,0.011782227370511336,-0.2237790070387139,-0.27132718315933446,-0.00040705856220911283,-0.5783790892623135
30,60,0.01,0,0.2,1.5,1,1,100,200,-0.5782455306244553,-0.19436851395757637,-0.6863782893269117,-0.8186864325300928,906,689,217,0.026940261459539965,0.056792983617408574,0.041866622538474264,0.014926361078934304,0.07310931620877636,-0.3816984590172636,-0.00016913019951490801,-0.5784919802475369
48,96,0.005,0,0.2,0.75,1,1,100,200,-0.5950156967840683,-0.20251042131001495,-0.6477371683687843,-1.0542366012233781,754,560,194,0.019857686579513485,0.04560648684428264,0.03273208671189806,0.012874400132384577,-0.0609755346493982,-0.37117290152901283,-0.0003188448906512239,-0.579090835555576
30,96,0.01,0,0.2,1.5,1,1,100,200,-0.574793656233898,-0.19272285962235647,-0.6965492901612733,-0.7680117418113579,1012,763,249,0.02938937613767996,0.06380936620883668,0.04659937117325832,0.017209995035578355,0.12753413531598312,-0.37442699303532767,-0.00011373473549302802,-0.579398091793561
20,60,0.005,0,-0.2,0.75,1,1,100,200,-0.6123555175420456,-0.21119917219405648,-0.6543619458028369,-0.821175575871228,887,669,218,0.03676981631639914,0.07953003475095151,0.058149925533675324,0.021380109217276188,-0.16644655428898625,-0.2753005580693122,-0.00015123317303250436,-0.5794389238890363
12,96,0.0025,1,0.2,999.0,1,1,100,200,-0.604241265821704,-0.20709772065687382,-0.6398550485526664,-1.071131510749502,730,532,198,0.018037398643058082,0.04550719841138507,0.031772298527221576,0.013734899884163494,-0.07110847036359491,-0.38620600659747994,-0.0003438380444062333,-0.5805818204706821
12,96,0.005,0,-0.2,2.5,1,1,100,200,-0.5608181955440228,-0.186160773480623,-0.748780154120237,-0.4137897704816305,1580,1183,397,0.07251365215952342,0.15829885818302167,0.11540625517127255,0.04289260301174913,0.31232103791226984,-0.2624649059452929,4.842922215051659e-05,-0.581240339064823
30,96,0.0,0,0.2,0.75,1,1,100,200,-0.5940106324270051,-0.20201541351886987,-0.6560369764539364,-1.0245559728548328,787,579,208,0.020453417176898893,0.04845275525401291,0.0344530862154559,0.013999669038557008,-0.07773882716617186,-0.3474732029421199,-0.0002846207364847737,-0.5812617003885797
12,96,0.0,0,-0.2,0.75,1,1,100,200,-0.6115199809542156,-0.21077388374961958,-0.6650168721109389,-0.7626854123308808,1033,766,267,0.04196591097137183,0.09319874234651664,0.06758232665894423,0.0256164156875724,-0.1971090206939724,-0.1888871071112903,-9.697430043822654e-05,-0.5814165904216331
20,200,0.0,1,0.2,999.0,1,1,100,200,-0.5994921293137858,-0.20472637691238527,-0.6524855448369972,-1.022480980672676,857,623,234,0.021049147774284297,0.05288763859010425,0.036968393182194276,0.01591924540790998,0.036261960027616835,-0.4066878746758339,-0.0002456571417956854,-0.5820931983645177
48,60,0.0,0,0.0,0.75,1,1,100,200,-0.6037564498258905,-0.20685466725160906,-0.661156626357611,-0.8956966329959783,897,663,234,0.027900049644216447,0.06470296210491477,0.046301505874565614,0.018401456230349163,-0.14857589872291643,-0.2711367501630846,-0.00018346591138890727,-0.5822178120802135
30,60,0.005,0,0.2,0.75,1,1,100,200,-0.600171984820953,-0.205064545752781,-0.6424994270589571,-1.1270399750897124,664,493,171,0.017342379612775113,0.04017871917921562,0.028760549395995365,0.011418169783220255,-0.15541933626734383,-0.34013679326836355,-0.0004153643582364555,-0.5826662580367452
20,60,0.0,0,-0.2,1.5,1,1,100,200,-0.5411983390134993,-0.17720757620578031,-0.7690972066237712,-0.4281524584078205,1428,1042,386,0.05887804070825749,0.13804401787191792,0.09846102929008771,0.039582988581830215,0.1965429545758035,-0.21682197164065498,4.0666917533258125e-05,-0.583163802438057
12,200,0.0,1,0.2,999.0,1,1,100,200,-0.6040164520629706,-0.20698498675819366,-0.6490664643687808,-1.0361676163233766,855,618,237,0.020585801754095648,0.05282144630150588,0.03670362402780076,0.016117822273705115,0.014092682705654447,-0.40116549685899805,-0.00025366582453799325,-0.5833265997587528
12,96,0.01,0,-0.2,0.75,1,1,100,200,-0.6119771523027213,-0.21100649909349323,-0.6636063265904715,-0.825757460510702,846,662,184,0.03888796955154725,0.07569088201224557,0.05728942578189641,0.018401456230349163,-0.27133291438791174,-0.18701851717416595,-0.00016805068016752077,-0.5840975354142641
12,60,0.0,0,-0.2,2.5,1,1,100,200,-0.5235519917518499,-0.16939692478882162,-0.7947467221193448,-0.3556910638786381,1608,1181,427,0.0682773456892272,0.15783551216283304,0.11305642892603011,0.044779083236802915,0.4693363693237076,-0.27530648829869275,6.821657375350472e-05,-0.5845548390424259
48,96,0.01,0,-0.2,1.5,1,1,100,200,-0.6190175878287185,-0.21461499049885469,-0.6853147643674224,-0.551302745580184,1354,1045,309,0.06453748138341883,0.13556180704947873,0.10004964421644878,0.03551216283302995,-0.14214758306041642,-0.12585547645095418,-1.002945628108279e-05,-0.5848375099615751
30,96,0.0,0,0.0,0.75,1,1,100,200,-0.6083422466377739,-0.20916265206678053,-0.6625123675702305,-0.8943078714755482,952,704,248,0.029918914446466986,0.06824424954492801,0.0490815819956975,0.019162667549230513,-0.12174987126753489,-0.2820992981554601,-0.0001648410296006182,-0.5851342294256732
30,60,0.0,0,-0.2,1.5,1,1,100,200,-0.5446990319470073,-0.1787837354413495,-0.7699095776988977,-0.4303499072181963,1431,1047,384,0.060135694191626676,0.14075790170445143,0.10044679794803905,0.04031110375641238,0.23896927450432948,-0.24828459655122725,3.8969278225082566e-05,-0.5852560196517083
20,60,0.01,0,0.2,2.5,1,1,100,200,-0.5831184952465328,-0.19670893731030825,-0.7020612711089141,-0.7574970250952783,1030,789,241,0.031242760218434553,0.06559655800099289,0.04841965910971372,0.017176898891279165,0.14974437148338948,-0.39308352350575915,-0.00011204863568217187,-0.5856144241195294
12,96,0.01,0,0.0,2.5,1,1,100,200,-0.5675364744381234,-0.18929544930024278,-0.737729725099674,-0.5732108011587971,1311,1013,298,0.04871752440840642,0.09975177891775608,0.07423465166308126,0.02551712725467483,0.39350728513623334,-0.4021510544468708,1.587088521473728e-06,-0.5868208519080196
20,120,0.005,0,-0.2,1.5,1,1,100,200,-0.604542524326593,-0.20724886342088533,-0.7072760112523571,-0.520788009287721,1491,1115,376,0.06480225053781234,0.1472116498427933,0.10600695019030283,0.04120469965249048,-0.019710452929937117,-0.14965938485494212,1.477090892678611e-05,-0.5869262695114499
30,120,0.01,0,-0.2,1.5,1,1,100,200,-0.6164477807264945,-0.21329211786533642,-0.692721231046699,-0.5489720916286778,1358,1045,313,0.06453748138341883,0.13542942247228199,0.09998345192785041,0.035445970544431576,-0.15849403872817858,-0.10106766524223398,-8.279077977178783e-06,-0.5871013379701198
12,120,0.005,0,-0.2,1.5,1,1,100,200,-0.5960071827578111,-0.20299964474669208,-0.7156853641534704,-0.5269676718991939,1470,1098,372,0.06344530862154558,0.14320701638259142,0.10332616250206851,0.03988085388052292,0.04219201657150884,-0.1914401464206592,1.482991814219874e-05,-0.587190710418387
48,120,0.005,0,0.2,0.75,1,1,100,200,-0.6066281799746681,-0.20829762062857327,-0.6496771914430164,-1.0852399224868348,781,580,201,0.020585801754095648,0.04686414032765183,0.03372497104087374,0.01313916928677809,-0.09482978066851955,-0.35774514559919224,-0.0003206833244433004,-0.5873982124744233
30,96,0.005,0,0.2,0.75,1,1,100,200,-0.6047501388720886,-0.20735307483121324,-0.6519363310698283,-1.0944242057342615,737,544,193,0.01893099453913619,0.044547410226708585,0.03173920238292239,0.0128082078437862,-0.0925705061539922,-0.3702961125003277,-0.00035166582688574334,-0.5880424506528404
48,200,0.005,0,-0.2,0.75,1,1,100,200,-0.6199401658483562,-0.21509154249576656,-0.6815113452955792,-0.671869447547805,1162,881,281,0.05073638921065696,0.1054774118815158,0.07810690054608638,0.027370511335429424,-0.14858849754571568,-0.2022194276512066,-6.135038876970057e-05,-0.5894406875209465
20,60,0.0025,0,0.2,0.75,1,1,100,200,-0.6070319991331343,-0.2085011596744859,-0.646277104390321,-1.1584402470882915,676,496,180,0.016680456726791328,0.04064206519940427,0.0286612609630978,0.01198080423630647,-0.2043009621388866,-0.3074731763852172,-0.0004206149036568956,-0.589561724224061
20,120,0.0025,1,0.2,999.0,1,1,100,200,-0.6121950951026796,-0.21111746384353636,-0.6483873513158374,-1.0891538144373676,746,545,201,0.01820287936455403,0.04653317888465994,0.032368029124606984,0.014165149760052953,-0.08769139175507235,-0.38268919570773297,-0.00034423809638259485,-0.5897688302233234
12,96,0.0,0,-0.2,1.5,1,1,100,200,-0.5551905900344363,-0.18356254435783603,-0.7705512991284376,-0.43957302869884607,1511,1113,398,0.06397484693033262,0.14750951514148603,0.10574218103590932,0.0417673341055767,0.18890455147130236,-0.20343996659772567,4.210707130597588e-05,-0.5908168453569971
30,120,0.0,0,0.2,0.75,1,1,100,200,-0.6109292561843673,-0.21047361821063804,-0.6548928277491732,-1.0691746092381456,822,610,212,0.021876551381764024,0.05027304319046831,0.036074797286116164,0.014198245904352143,-0.10644827254262978,-0.34317670492297636,-0.00028996737718390924,-0.591378762547132
48,60,0.0,0,0.2,0.75,1,1,100,200,-0.6092441924000105,-0.2096189736584041,-0.6547289863440752,-1.088111870166284,739,541,198,0.01893099453913619,0.0457388714214794,0.0323349329803078,0.013403938441171603,-0.13799832602722706,-0.3439917900386342,-0.0003480402062599736,-0.5913890603387558
48,96,0.0,0,0.2,0.75,1,1,100,200,-0.6115756777918289,-0.21080221211868344,-0.6541640594397711,-1.0762741395167197,810,601,209,0.02174416680456727,0.049809697170279665,0.03577693198742347,0.014032765182856198,-0.1052168561483896,-0.34908860483831805,-0.00029821428609109893,-0.591697948814405
48,120,0.0025,1,0.2,999.0,1,1,100,200,-0.6140331691041244,-0.21205517692689269,-0.6500538853383936,-1.0937262952707165,758,556,202,0.018732417673341054,0.047327486347840474,0.033029952010590766,0.01429753433724971,-0.10486264643863896,-0.37006016056715085,-0.00033744827706533943,-0.5917684343596253
20,96,0.01,0,-0.2,2.5,1,1,100,200,-0.6234213723312768,-0.21689758615339028,-0.6974497307039635,-0.5257425483008649,1442,1108,334,0.07221578686083072,0.14688068839980142,0.10954823763031607,0.037332450769485354,-0.14758519062042497,-0.09132346920556123,2.2821791932484307e-06,-0.5919095789204153
30,200,0.0,1,0.2,999.0,1,1,100,200,-0.6103741825287128,-0.21019178542738837,-0.6581940862443356,-1.0549815875559936,874,636,238,0.021479397650173756,0.053582657620387227,0.03753102763528049,0.016051629985106734,0.018268608934171926,-0.40759389976975924,-0.00025407212292310197,-0.5920379079273559
12,120,0.0,0,0.0,0.75,1,1,100,200,-0.6143588017393511,-0.21222165079252842,-0.6676967739025025,-0.9312718456802934,976,718,258,0.029952010590766177,0.06874069170941585,0.04934635115009101,0.01939434055932484,-0.14345192963325593,-0.2664657589106747,-0.00016726923952934772,-0.5926336300277943
48,60,0.0,0,-0.2,0.75,1,1,100,200,-0.6195126178406603,-0.21487058750810373,-0.6789479677849721,-0.7675910508213506,1007,746,261,0.04060896905510508,0.09204037729604501,0.06632467317557504,0.025715704120469966,-0.19477410494547875,-0.21811211674550224,-0.00010871998937115151,-0.5927241239416573
30,60,0.005,0,-0.2,0.75,1,1,100,200,-0.6253520732328453,-0.21790463171843222,-0.6663406354478665,-0.8464039534174347,890,670,220,0.03726625848088698,0.08128413039880854,0.05927519443984776,0.022008935958960783,-0.17613726538657348,-0.2902950237564689,-0.00016027356871417493,-0.5933951471132372
20,120,0.01,0,0.2,1.5,1,1,100,200,-0.5970160683795864,-0.20349837838625617,-0.698323540494266,-0.8222730976680699,1034,784,250,0.03015058745656131,0.06496773125930828,0.047559159357934803,0.01740857190137349,0.05431719904614174,-0.3589338628774307,-0.00013313358045170064,-0.5937738035167927
20,96,0.0,0,-0.2,0.75,1,1,100,200,-0.6223994206915598,-0.21636610621005248,-0.6787574616113226,-0.773875649951312,1036,759,277,0.04156875723978157,0.0945225881184842,0.06804567267913288,0.026476915439351316,-0.2067588252416397,-0.2008133798485252,-0.00010335494593310051,-0.5944386195132794
48,200,0.0,0,-0.2,2.5,1,1,100,200,-0.5864377197884575,-0.19831488754867066,-0.7599259771935338,-0.3237803452711779,2132,1563,569,0.09395995366539799,0.21899718682773456,0.15647857024656628,0.0625186165811683,0.6192939613907105,-0.2585673291285744,8.297198745510167e-05,-0.5944668934089965
20,96,0.005,0,-0.2,1.5,1,1,100,200,-0.6162778553792644,-0.21320487900293816,-0.7058977993839038,-0.5682208781457593,1417,1053,364,0.061260963097799104,0.13950024822108226,0.10038060565944068,0.03911964256164157,-0.032879500585723975,-0.19404486860049153,-3.3627521564415116e-06,-0.594564822602178
48,200,0.0025,0,-0.2,2.5,1,1,100,200,-0.6024696412932964,-0.20621062930138523,-0.7418210304143094,-0.35549226092496594,2055,1515,540,0.09111368525566771,0.2109879199073308,0.15105080258149925,0.05993711732583154,0.47813514745381624,-0.24874369150998066,7.290531427796092e-05,-0.5948957575547882
30,120,0.0025,1,0.2,999.0,1,1,100,200,-0.6168158661791685,-0.21348119058402804,-0.6525768846008733,-1.10628285432878,743,544,199,0.018235975508853218,0.04636769816316399,0.0323018368360086,0.014065861327155387,-0.1106658341486938,-0.3752255083448913,-0.0003552735622104827,-0.5950837756009036
12,200,0.01,0,-0.2,2.5,1,1,100,200,-0.630079417535305,-0.22038692408106508,-0.7010840187695131,-0.49272491549594183,1626,1247,379,0.0813834188317061,0.16716862485520437,0.12427602184345524,0.04289260301174913,-0.0650332031854175,-0.10775931703163477,2.2275721340791006e-05,-0.5955651792406187
20,60,0.005,0,0.0,2.5,1,1,100,200,-0.551654014449328,-0.18194231456998733,-0.7742929815125498,-0.5442134571319319,1358,1014,344,0.045474102267085884,0.1024656627502896,0.07396988250868773,0.028495780241601855,0.6510396059870047,-0.46443092327139635,2.0389442196545386e-05,-0.5962994781828588
20,96,0.005,0,0.0,0.75,1,1,100,200,-0.6162178822106961,-0.21317409597889203,-0.6706448977274149,-0.9675305562939547,869,644,225,0.02703954989243753,0.061393347674995866,0.044216448783716694,0.017176898891279165,-0.14802903615436236,-0.30432229614356643,-0.00022182335846989988,-0.5968730726572972
12,60,0.0,0,0.0,2.5,1,1,100,200,-0.5294241906424477,-0.1719716441333753,-0.8032329638461296,-0.48986557622298854,1467,1083,384,0.04640079430746318,0.11034254509349661,0.07837166970047989,0.03197087539301671,0.8090654622554747,-0.45823619921423064,5.134806350920235e-05,-0.5980814048675895
30,96,0.01,0,0.0,1.5,1,1,100,200,-0.5934706838427712,-0.2017498607722712,-0.726326326701011,-0.6669417296539603,1202,921,281,0.042760218434552376,0.09094820453417177,0.06685421148436207,0.024093993049809696,0.1692606335377369,-0.3657553691749219,-4.5866569073363496e-05,-0.5982601106054747
48,60,0.01,0,0.2,1.5,1,1,100,200,-0.6024494651255801,-0.2062005437341532,-0.6988731362699595,-0.8556005651554675,954,719,235,0.027602184345523747,0.06016879033592586,0.0438854873407248,0.01628330299520106,0.02153519921268221,-0.3728819788000898,-0.00017560304888455963,-0.5984171401269064
20,120,0.0,0,0.2,0.75,1,1,100,200,-0.6134519549826553,-0.21175830309037424,-0.6647415674932886,-1.0861341259044865,816,602,214,0.021347013072976997,0.049677312593082903,0.03551216283302995,0.014165149760052953,-0.10817633287126516,-0.3481300682883611,-0.0003005858176054806,-0.5984357931322428
20,60,0.0,0,-0.2,2.5,1,1,100,200,-0.5478134072567341,-0.18019361292150404,-0.7983911804999824,-0.3836176717515649,1615,1178,437,0.06943571073969883,0.16078106900546085,0.11510838987257985,0.04567267913288102,0.4150328189312076,-0.2833094708765933,5.84765468052306e-05,-0.5985700867590735
48,96,0.01,0,-0.2,2.5,1,1,100,200,-0.6299403119996523,-0.22031354221375443,-0.7064689317611323,-0.5008878999254063,1529,1180,349,0.07704782392851232,0.1576700314413371,0.1173589276849247,0.04031110375641238,-0.07646067098433107,-0.13916969568497017,1.2384427457783657e-05,-0.5985924030905909
48,200,0.01,0,0.0,2.5,1,1,100,200,-0.5963163391944871,-0.20315237416832166,-0.7384782782277832,-0.5347137399945354,1582,1201,381,0.05768657951348668,0.12334932980307795,0.09051795465828232,0.03283137514479563,0.4393627569960512,-0.381294814616455,3.108490153587701e-05,-0.59912720028194
20,60,0.0025,0,-0.2,0.75,1,1,100,200,-0.6313335197128108,-0.22104943202637184,-0.67128342937784,-0.8507950336278092,926,689,237,0.03673672017209995,0.08280655303657124,0.05977163660433559,0.023034916432235646,-0.22240714928046745,-0.24662704573417238,-0.00015543040109815132,-0.5992308983966823
12,96,0.0025,0,0.0,0.75,1,1,100,200,-0.6181905053901676,-0.2141885010213196,-0.6707939809099506,-0.9936003706843081,885,656,229,0.02674168459374483,0.062088366705278834,0.04441502564951183,0.017673341055767004,-0.20079321155407648,-0.25627748725500343,-0.00021976079190925236,-0.5992655100105103
20,200,0.01,0,-0.2,1.5,1,1,100,200,-0.6345230257655607,-0.2227420065269896,-0.6974617793224538,-0.557967108939822,1466,1122,344,0.07026311434717855,0.14711236140989575,0.10868773787853715,0.038424623531358594,-0.12370127443886547,-0.13178895406624902,-2.9746040264656723e-06,-0.5993712516352077
30,200,0.0,0,0.2,0.75,1,1,100,200,-0.6200643712491798,-0.21515576624480104,-0.6621457405734033,-1.076888292586712,918,688,230,0.025119973523084562,0.055038887969551545,0.040079430746318055,0.014959457223233493,-0.09095904422779588,-0.3385186705602947,-0.0002484035116690627,-0.6000730511608383
48,60,0.0,0,-0.2,1.5,1,1,100,200,-0.5975065407177753,-0.20374117722705065,-0.7444435284793827,-0.5076515346322276,1492,1095,397,0.06205527056097965,0.1471785536984941,0.10461691212973688,0.04256164156875724,0.010049086446901612,-0.1596096564762911,1.8759499612946627e-05,-0.6013455181983534
30,120,0.005,0,0.2,0.75,1,1,100,200,-0.6187852969578902,-0.21449513843247814,-0.6605038830073584,-1.134023767275769,768,571,197,0.02015555187820619,0.04616912129736886,0.03316233658778752,0.013006784709581333,-0.11693258533162743,-0.366149889667047,-0.0003534465654831076,-0.6014482682999458
12,60,0.0025,0,-0.2,1.5,1,1,100,200,-0.5770287458374886,-0.19378727283831554,-0.7634895690502506,-0.518569765165775,1377,1018,359,0.055469137845441004,0.12960450107562468,0.09253681946053285,0.037067681615091844,0.04815407682162354,-0.19652521188137062,1.2481140434081349e-05,-0.6014605456217296
12,60,0.01,0,0.2,2.5,1,1,100,200,-0.5843219979483707,-0.19729012016977165,-0.7313462731905618,-0.7730324953911497,1005,772,233,0.030117491312262122,0.06380936620883668,0.046963428760549396,0.016845937448287274,0.14301209912569757,-0.3988348891148136,-0.0001248789608432059,-0.6016148815346101
48,60,0.01,0,0.0,1.5,1,1,100,200,-0.6082442162335084,-0.20911310300581432,-0.7140977448709898,-0.7169971569166326,1138,871,267,0.040244911467814,0.08591759060069502,0.0630812510342545,0.02283633956644051,0.0819387878383464,-0.36028271483838337,-7.718793530116993e-05,-0.6020118332871408
48,200,0.0025,0,0.0,0.75,1,1,100,200,-0.6199186165293605,-0.2150804014415606,-0.6934876479291052,-0.8068084787205276,1088,810,278,0.034982624524242924,0.07688234320701638,0.055932483865629656,0.02094985934138673,-0.11802779685634412,-0.257801998235608,-0.00011898631619035954,-0.6021646493421395
30,60,0.0,0,-0.2,2.5,1,1,100,200,-0.5540674951739395,-0.18304697188662722,-0.8004312199386125,-0.3880754615199143,1629,1188,441,0.07092503723316233,0.1643885487340725,0.1176567929836174,0.04673175575045507,0.48255161301986815,-0.32067026186167835,5.660024032339724e-05,-0.6026663549319292
30,60,0.0025,0,-0.2,0.75,1,1,100,200,-0.635378156788954,-0.223197680272045,-0.6752698098253802,-0.852572436016739,925,689,236,0.03746483534668211,0.0844613602515307,0.06096309779910641,0.02349826245242429,-0.21747287609399713,-0.259960821952121,-0.00015596822872254216,-0.603461206985572
30,200,0.005,0,0.2,0.75,1,1,100,200,-0.621462084197358,-0.2158795787877842,-0.6633141140390667,-1.1211318484032022,847,639,208,0.023034916432235646,0.05004137018037399,0.03653814330630482,0.013503226874069171,-0.10269866195046018,-0.35562188719140664,-0.0003027491269525435,-0.6035932282274776
48,96,0.005,0,0.0,0.75,1,1,100,200,-0.6247779765584257,-0.21760477965070724,-0.6766032861583844,-0.9656559941589428,902,670,232,0.028727453251696178,0.06447128909482046,0.04659937117325832,0.017871917921562137,-0.13742717520769865,-0.31701943762526585,-0.00021174595731602327,-0.6041892224378466
30,96,0.005,0,0.0,0.75,1,1,100,200,-0.624898472778451,-0.21766768658288393,-0.6767071395549122,-0.9744673252519496,884,656,228,0.027668376634122124,0.06288267416845937,0.04527552540129075,0.017607148767168623,-0.14164962708326678,-0.3200289877350645,-0.00022283117924730184,-0.6047446226229375
12,60,0.005,0,-0.2,999.0,1,1,100,200,-0.5981643405968036,-0.20406715678583398,-0.7570058832666933,-0.45433861581375645,1543,1167,376,0.07337415191130234,0.15512162833029952,0.11424789012080093,0.04087373820949859,0.2824982134423262,-0.3221498594575145,2.993457234267647e-05,-0.6052870292098684
12,96,0.005,0,0.0,1.5,1,1,100,200,-0.573411181429183,-0.19206658367062013,-0.7624432815091383,-0.6419632570193877,1278,955,323,0.041469468806884,0.09455568426278338,0.0680125765348337,0.026543107727949693,0.36144563786686446,-0.40626487988407756,-1.639126282919204e-05,-0.6053863872761587
48,60,0.005,0,0.0,0.75,1,1,100,200,-0.6244154582382988,-0.21741561257746034,-0.6787518407439039,-0.9889822869942524,830,616,214,0.025682607976170776,0.05937448287274533,0.04252854542445805,0.016845937448287274,-0.1760271185798109,-0.3096456368952827,-0.0002519457489673763,-0.606240647299125
20,120,0.005,0,0.2,0.75,1,1,100,200,-0.6230930063777158,-0.21672669717548032,-0.6643401742350917,-1.1580143975433725,761,565,196,0.019824590435214298,0.04557339069998345,0.032698990567598875,0.012874400132384577,-0.1300611467978312,-0.36607796990960473,-0.00036969810425740025,-0.6067975041701947
30,60,0.005,0,0.0,2.5,1,1,100,200,-0.5649608754776712,-0.1880894166035333,-0.7817950338051123,-0.5612987429853827,1383,1032,351,0.04653317888465994,0.10557670031441337,0.07605493959953666,0.029521760714876718,0.7309004100985546,-0.4980667414570593,1.5519471236370748e-05,-0.6070518706553586
30,200,0.0,0,0.0,0.75,1,1,100,200,-0.6322530305606979,-0.22153625879492633,-0.678294986768175,-0.9295913168353305,1113,830,283,0.036471951017706436,0.07830547741188151,0.057388714214793975,0.02091676319708754,-0.10578440277455747,-0.28244997769785896,-0.0001333486022662104,-0.6071633180207803
12,120,0.01,0,0.0,1.5,1,1,100,200,-0.602141320615103,-0.206046557575577,-0.7319803365556068,-0.7034966895563985,1208,922,286,0.042429256991560485,0.08988912791659771,0.0661591924540791,0.023729935462518618,0.1507543996856595,-0.3674051381082343,-5.532318198222656e-05,-0.6072115603312003
30,96,0.0,0,-0.2,1.5,1,1,100,200,-0.5928934682916815,-0.20146627196537303,-0.7644318967677286,-0.47773204295167454,1563,1153,410,0.06632467317557504,0.15482376303160683,0.11057421810359093,0.04424954492801589,0.029189972157668054,-0.13563227839521308,3.051428693920368e-05,-0.6075688224968211
12,60,0.0025,0,-0.2,2.5,1,1,100,200,-0.5694290103697062,-0.19018507190574974,-0.790565805174045,-0.44244614268384935,1548,1145,403,0.06576203872248883,0.1508853218600033,0.10832368029124607,0.04256164156875724,0.27651319670563534,-0.26844421447649447,4.098925830860286e-05,-0.6075902816269647
20,200,0.0025,1,0.2,999.0,1,1,100,200,-0.6272572794826756,-0.21890220038905106,-0.6661153353660647,-1.1240419295282877,821,604,217,0.020420321032599702,0.050405427767665066,0.03541287440013238,0.014992553367532682,-0.05490968594070189,-0.40535423865289655,-0.00031782903382903164,-0.6081619645484978
20,60,0.01,0,0.0,999.0,1,1,100,200,-0.600381227933624,-0.20516871270548742,-0.7476279880932242,-0.601480132453976,1281,997,284,0.04947873572728777,0.09945391361906337,0.07446632467317557,0.024987588945887804,0.41629812117057563,-0.464540803192075,-2.4011684042365595e-05,-0.6090567133747983
30,60,0.01,0,-0.2,999.0,1,1,100,200,-0.6364690386993221,-0.2237801429574866,-0.7191105590331399,-0.5159926902137816,1411,1092,319,0.07522753599205692,0.14737713056428925,0.1113023332781731,0.036074797286116164,0.0412938737224422,-0.2929673446536256,-4.340043303625164e-06,-0.6091350569847457
48,60,0.005,0,0.2,0.75,1,1,100,200,-0.6234991970982335,-0.21693810427469795,-0.6672510202397198,-1.1745158285338224,690,507,183,0.017441668045672678,0.041866622538474264,0.029654145292073473,0.012212477246400795,-0.16017717156373834,-0.36693646620043385,-0.000432795880770392,-0.6092894058212489
20,96,0.01,0,-0.2,0.75,1,1,100,200,-0.6343561172780353,-0.22265315923363294,-0.6872516819925685,-0.8636422975774878,856,661,195,0.03895416184014562,0.07754426609300016,0.05824921396657289,0.01929505212642727,-0.2974628679868576,-0.20142896871523341,-0.0001848429108275394,-0.6094611151087915
12,200,0.0,0,0.2,0.75,1,1,100,200,-0.6287410381423795,-0.21968174946433805,-0.669443297712039,-1.1130372711812728,888,660,228,0.02359755088532186,0.053251696177395336,0.038424623531358594,0.014827072646036736,-0.1287792024411667,-0.335609086192749,-0.00028108247423123137,-0.6100552618794212
30,60,0.0025,0,-0.2,1.5,1,1,100,200,-0.5999464730080889,-0.20495232554189013,-0.7559710683294829,-0.5434731937742753,1381,1016,365,0.057554194936289924,0.13513155717358927,0.0963428760549396,0.03878868111864968,0.054468369506981196,-0.24309760128760738,1.2965988519003003e-06,-0.6101115193953454
30,120,0.0,0,0.0,0.75,1,1,100,200,-0.6321369097035028,-0.22147472934151835,-0.6830159946108778,-0.954118690336975,988,732,256,0.03157372166142644,0.07082574880026477,0.05119973523084561,0.019626013569419162,-0.1674240761706035,-0.27580171124668673,-0.0001788843946134106,-0.610688661163806
12,120,0.005,0,0.0,0.75,1,1,100,200,-0.6295893081206998,-0.22012847021479776,-0.680750081173694,-1.0145479880365553,900,668,232,0.027966241932814828,0.06291577031275856,0.0454410061227867,0.01747476418997187,-0.15308882681771674,-0.31399537633488406,-0.00022756821815701346,-0.6112309102034725
30,60,0.01,0,0.2,2.5,1,1,100,200,-0.6203102893286435,-0.2152829712598202,-0.7085346137874924,-0.843144270220031,1051,803,248,0.032434221413205365,0.06731755750455072,0.04987588945887804,0.017441668045672678,0.13343868852641072,-0.43335687975364257,-0.00014869648439837065,-0.611707491664568
20,120,0.01,0,0.0,1.5,1,1,100,200,-0.6163729275044584,-0.2132536850086153,-0.7266582381338611,-0.7169038612316011,1224,937,287,0.04365381433063048,0.09263610789343042,0.06814496111203044,0.024491146781399967,0.09827460069607685,-0.35575211746379376,-6.142866921948318e-05,-0.6124279971371259
48,96,0.0,0,0.0,0.75,1,1,100,200,-0.633955121534616,-0.22243982882078606,-0.6845827298557963,-0.9633188324572711,975,723,252,0.03137514479563131,0.07016382591428098,0.05076948535495615,0.01939434055932484,-0.17244880499234982,-0.2797040517100118,-0.00018632550472414195,-0.6128971353715478
30,200,0.0025,1,0.2,999.0,1,1,100,200,-0.6315318011577392,-0.22115433331518008,-0.6698880004327115,-1.1360774792933424,839,618,221,0.02091676319708754,0.0512328313751448,0.036074797286116164,0.015158034089028629,-0.05538051324730331,-0.40656219732711585,-0.0003141188308422746,-0.6129022074962029
20,96,0.01,0,0.0,1.5,1,1,100,200,-0.6155788820703479,-0.21284633372373263,-0.7273594955438076,-0.7329482275654972,1179,902,277,0.04173423796127751,0.08800264769154394,0.06486844282641073,0.023134204865133214,0.11175591430925591,-0.3764397658817976,-7.455933322389195e-05,-0.6131734928739113
12,60,0.0025,0,0.0,1.5,1,1,100,200,-0.5732429738225067,-0.19198684252155307,-0.7764863103877282,-0.659707477623486,1244,917,327,0.037398643058083735,0.08982293562799934,0.06361078934304154,0.026212146284957803,0.2708782313052911,-0.37443064967325135,-2.566454153340483e-05,-0.6132153715965915
48,200,0.0,0,0.2,1.5,1,1,100,200,-0.6156698520018062,-0.21289296997257467,-0.7328212003322563,-0.683325819986621,1482,1081,401,0.038755584974350485,0.09362899222240609,0.0661922885983783,0.0274367036240278,0.37712598233944794,-0.41466260513125763,-1.1546200388859329e-05,-0.6134698611380338
30,96,0.005,0,-0.2,2.5,1,1,100,200,-0.626063243072622,-0.21827655544248648,-0.7418850979987198,-0.49474824528280353,1640,1221,419,0.07502895912626178,0.16756577858679464,0.12129736885652821,0.04626840973026643,0.0739713415810963,-0.209292242120516,2.450703667558373e-05,-0.6139565167059866
30,200,0.005,0,0.0,0.75,1,1,100,200,-0.6369449398608982,-0.2240346549530312,-0.682329147896872,-0.9779965579716037,1016,762,254,0.033360913453582657,0.0713552871090518,0.052358100281317224,0.018997186827734568,-0.1259740054515197,-0.3095616348635347,-0.00017802035483239538,-0.6140990568000474
48,200,0.01,0,-0.2,0.75,1,1,100,200,-0.644735514107416,-0.22823705509144965,-0.6901617766713106,-0.8230930397752235,1019,790,229,0.04762535164653318,0.09223895416184015,0.06993215290418667,0.022306801257653483,-0.32095926790551643,-0.1290678062361783,-0.00012982018931229056,-0.6144725954158662
12,120,0.0,0,0.2,0.75,1,1,100,200,-0.6311521990536612,-0.2209535408999428,-0.6715901156515467,-1.164466074199181,800,587,213,0.02048651332119808,0.04841965910971372,0.0344530862154559,0.013966572894257819,-0.1345142326438502,-0.36415903460626264,-0.0003475607246305167,-0.6149719024356752
48,200,0.01,0,0.2,2.5,1,1,100,200,-0.6206179642162535,-0.21544220796590796,-0.7277444570592507,-0.723246420384497,1360,1031,329,0.04074135363230184,0.08727453251696178,0.06400794307463181,0.02326658944232997,0.2750594681643841,-0.4125912323621729,-4.318025344179508e-05,-0.6154767575147583
12,60,0.005,0,0.2,1.5,1,1,100,200,-0.6015166746254378,-0.2057346832171708,-0.7308035189917547,-0.8877740702823493,975,723,252,0.025781896409068344,0.06026807876882343,0.043024987588945886,0.017243091179877545,0.09494765986999631,-0.40736363015776866,-0.00017239082541942893,-0.6155251462271656
30,200,0.005,0,-0.2,1.5,1,1,100,200,-0.6464286891873741,-0.22915951229506504,-0.7177993620627372,-0.5588075494341037,1692,1259,433,0.07433394009597882,0.16898891279165978,0.12166142644381929,0.047327486347840474,0.03111122775870978,-0.20076127502919128,1.5633156489907568e-05,-0.6159995707981388
30,96,0.0,0,-0.2,0.75,1,1,100,200,-0.6441315044787292,-0.22790878271105952,-0.6959412120077718,-0.8028908444878652,1066,789,277,0.04322356445474102,0.09710408737382095,0.07016382591428098,0.026940261459539965,-0.23404044033413118,-0.20819078927576795,-0.00011291250201871792,-0.6160239309393386
48,96,0.01,0,0.2,1.5,1,1,100,200,-0.6272538533379222,-0.2189004030277445,-0.7051702915839937,-0.8924794379427136,1054,793,261,0.030349164322356445,0.06609300016548073,0.048221082243918585,0.017871917921562137,0.033167742131331,-0.38881490597928037,-0.0001635499882973874,-0.616109520716877
48,60,0.005,0,-0.2,2.5,1,1,100,200,-0.6403201680582741,-0.22584694156873386,-0.7262062395474116,-0.5457615443614781,1569,1167,402,0.07062717193446963,0.1591924540790998,0.11490981300678471,0.044282641072315075,0.0094177664587205,-0.21902997045404093,7.402004601640679e-06,-0.6162381385605136
20,96,0.0,0,0.2,0.75,1,1,100,200,-0.630955636297498,-0.22084962892640614,-0.6745412304773681,-1.1658717892252028,771,563,208,0.019791494290915108,0.04719510177064372,0.03349329803077941,0.013701803739864305,-0.172493635513016,-0.3442026973563025,-0.0003665753904025194,-0.6164138336263504
48,96,0.01,0,-0.2,0.75,1,1,100,200,-0.6430744717915636,-0.22733530114054556,-0.6933931154474734,-0.8481270787814765,902,702,200,0.04156875723978157,0.08221082243918583,0.0618897898394837,0.020321032599702134,-0.2896346398133143,-0.21111875780856904,-0.00017062955930938035,-0.6164382128033561
48,60,0.01,0,-0.2,0.75,1,1,100,200,-0.6399483959592227,-0.22564669997948583,-0.694552772222183,-0.8780018746371583,831,647,184,0.037795796789674006,0.07545920900215125,0.056627502895912625,0.018831706106238622,-0.2925043449090884,-0.22885604663962789,-0.00020207329302661837,-0.6168231798224353
30,200,0.01,0,-0.2,0.75,1,1,100,200,-0.6467444777348903,-0.229331923008663,-0.6917915018765121,-0.8364321222525289,1002,778,224,0.04673175575045507,0.09022008935958961,0.06847592255502234,0.02174416680456727,-0.2944361259520857,-0.17360330340034347,-0.00013875241590657436,-0.6170492800595455
30,120,0.005,0,-0.2,1.5,1,1,100,200,-0.6429030594365025,-0.22724242324812516,-0.7219681036822323,-0.5890454092515086,1515,1130,385,0.0658613271553864,0.1502564951183187,0.10805891113685255,0.04219758398146616,-0.057978538228133814,-0.19130329412904568,-4.239663497032923e-06,-0.6176787455518168
20,200,0.01,0,-0.2,2.5,1,1,100,200,-0.6516960886158543,-0.2320505798893554,-0.7193218895803968,-0.5211755547984578,1650,1266,384,0.08313751447956313,0.17024656627502896,0.12669204037729603,0.04355452589773291,-0.04546207420857584,-0.1671865821142794,1.4212956209308047e-05,-0.6177703024194767
30,200,0.0,0,-0.2,0.75,1,1,100,200,-0.6502003920155093,-0.2312263376830106,-0.6945658085319604,-0.7874820273151466,1248,934,314,0.05338408075459209,0.11242760218434553,0.0829058414694688,0.029521760714876718,-0.17958626513169673,-0.20410839243621615,-7.294886756766135e-05,-0.6178833433147481
48,120,0.0,0,0.2,0.75,1,1,100,200,-0.6339993862805061,-0.2224633691355835,-0.6772914102456449,-1.144028709345249,838,622,216,0.022571570412046996,0.051166639086546416,0.03686910474929671,0.01429753433724971,-0.16285885502061492,-0.3351892684906609,-0.00031908896037371933,-0.6183105097256684
48,60,0.0025,0,-0.2,1.5,1,1,100,200,-0.6396368366828612,-0.2254790091901071,-0.726447791023402,-0.6043630241778254,1442,1063,379,0.05934138672844613,0.14168459374482872,0.10051299023663743,0.041171603508191296,-0.12543216852651173,-0.15247694570846537,-1.3574771333030644e-05,-0.6189210559106993
20,120,0.005,0,-0.2,2.5,1,1,100,200,-0.6326039470758673,-0.2217222889815793,-0.7440016252428279,-0.5057344095640015,1678,1253,425,0.07681615091841801,0.17087539301671356,0.12384577196756578,0.04702962104914778,0.07415980889370322,-0.2083562606736653,2.448225769858609e-05,-0.6190098220811933
20,60,0.0,0,0.0,1.5,1,1,100,200,-0.5822798321071913,-0.19630468215174435,-0.7818741024139675,-0.6457464476965358,1300,954,346,0.040344199900711565,0.09594572232334933,0.06814496111203044,0.027800761211318883,0.35183806953867247,-0.40799853571905653,-1.769204460367263e-05,-0.6195290557435549
12,200,0.005,0,0.2,0.75,1,1,100,200,-0.6353840575466361,-0.22320082739114877,-0.6752861427727883,-1.1769365362773494,825,621,204,0.022141320536157538,0.04868442826410723,0.03541287440013238,0.013271553863974847,-0.1432731685421541,-0.35703910397127125,-0.0003448362587391202,-0.6196907255914104
12,96,0.01,0,-0.2,999.0,1,1,100,200,-0.6531187907552833,-0.23283706260960402,-0.7199076493181013,-0.5419963716713835,1484,1154,330,0.07880191957636935,0.15359920569253682,0.11620056263445308,0.037398643058083735,-0.042277219754968676,-0.23920429712447444,-5.444112231845808e-06,-0.6198907058522238
30,120,0.01,0,-0.2,2.5,1,1,100,200,-0.6501425849184912,-0.23119453466237738,-0.7230757656163229,-0.5438808161349545,1530,1178,352,0.07684924706271719,0.15753764686414032,0.11719344696342876,0.040344199900711565,-0.1276108069485824,-0.13801606628308816,3.0578304433653885e-07,-0.6199264582772865
20,120,0.0,0,0.0,0.75,1,1,100,200,-0.6402367911741743,-0.22580202013497652,-0.6899955827769022,-0.985074543239552,984,725,259,0.03094489491974185,0.07006453748138342,0.050504716200562634,0.019559821280820785,-0.1688772371207643,-0.2919272315347662,-0.0001929049697397021,-0.6200535386854052
20,60,0.0025,0,-0.2,1.5,1,1,100,200,-0.610347289383281,-0.21017813836372934,-0.7633861397085242,-0.5693509062283358,1379,1011,368,0.05623034916432235,0.13241767334105578,0.09432401125268906,0.0380936620883667,-0.007850338045246819,-0.21725294058910294,-6.13088695263623e-06,-0.6203387535294083
30,60,0.0025,0,-0.2,2.5,1,1,100,200,-0.5980142734555809,-0.20399275425480146,-0.7859962642073508,-0.4737001056167373,1569,1153,416,0.06844282641072315,0.15780241601853384,0.1131226212146285,0.04467979480390535,0.2839863970169487,-0.31381781978750567,2.9586818825872064e-05,-0.6206758916393137
12,120,0.005,0,-0.2,2.5,1,1,100,200,-0.6337761172919651,-0.2223446548172514,-0.7438995414637359,-0.5318213274715753,1655,1235,420,0.07512824755915935,0.16627502895912627,0.1207016382591428,0.04557339069998345,0.09328150981993022,-0.2335510775522187,1.93212824598253e-05,-0.6208854919226982
48,200,0.0025,0,-0.2,0.75,1,1,100,200,-0.6519840404389017,-0.23220956763592215,-0.7043530060326124,-0.7305767841478114,1222,918,304,0.05202713883832533,0.11054112195929175,0.08128413039880854,0.029256991560483205,-0.20761077307775866,-0.1911580161461507,-7.403895698756783e-05,-0.620914909859619
20,200,0.005,0,0.2,0.75,1,1,100,200,-0.6367465885849078,-0.22392854628916425,-0.6764995639579732,-1.1786781831382003,831,625,206,0.022339897401952673,0.04901538970709912,0.0356776435545259,0.013337746152573226,-0.13787969367606234,-0.36153615116749627,-0.0003427551301098307,-0.6211122374250608
12,96,0.0025,0,-0.2,1.5,1,1,100,200,-0.6099379016870592,-0.2099704796268641,-0.7680522897264237,-0.5549657412359424,1459,1081,378,0.061260963097799104,0.14155220916763198,0.10140658613271554,0.04014562303491643,0.002916121084063139,-0.1931994310643309,5.437997726544863e-06,-0.6217449115518731
12,200,0.0025,1,0.2,999.0,1,1,100,200,-0.640593078109353,-0.22599403347049685,-0.6746225946322888,-1.1707463435876697,817,599,218,0.019956975012411053,0.05020685090186993,0.03508191295714049,0.015124937944729439,-0.10049789947795496,-0.39877377189968455,-0.0003444980541854304,-0.6218426479660247
12,96,0.0025,0,0.2,0.75,1,1,100,200,-0.6349098563713176,-0.22294803787603368,-0.6740881740443995,-1.2381829392208095,729,536,193,0.01813668707595565,0.04355452589773291,0.03084560648684428,0.012708919410888631,-0.21733667394009004,-0.32831592581939084,-0.00042660524046209824,-0.6219012718592738
30,96,0.0025,0,0.2,0.75,1,1,100,200,-0.6370861630962442,-0.224110229273754,-0.6768019768164186,-1.192393481203813,758,556,202,0.018997186827734568,0.04606983286447129,0.032533509846102926,0.01353632301836836,-0.17112895627228641,-0.36033096092631844,-0.0003926707173882313,-0.622130891742154
12,96,0.01,0,0.2,2.5,1,1,100,200,-0.6279750383883077,-0.21927901129893113,-0.7202452827331027,-0.8547772776626852,1102,841,261,0.033526394175078605,0.0701307297699818,0.0518285619725302,0.018302167797451595,0.11772092053869665,-0.4224430632343271,-0.00013926172016083202,-0.6221405165486168
48,96,0.0025,0,0.2,0.75,1,1,100,200,-0.638081460250052,-0.22464347959136277,-0.6776883526992874,-1.1851619994176457,777,574,203,0.020122455733907,0.0472612940592421,0.03369187489657455,0.013569419162667549,-0.16343906928030916,-0.3619145320276409,-0.00037710954483329755,-0.6227457559118887
30,96,0.0025,0,-0.2,1.5,1,1,100,200,-0.6325555832779094,-0.2216966421328812,-0.7458021651692653,-0.5654990687204107,1511,1119,392,0.06364388548734072,0.1493628992222406,0.10650339235479067,0.042859506867449944,-0.10254190166890853,-0.12829606254889403,1.8303886924393803e-06,-0.6228726781535343
30,200,0.01,0,0.0,1.5,1,1,100,200,-0.6370481562613552,-0.22408988809629027,-0.72678059108026,-0.713098455409527,1373,1037,336,0.04795631308952507,0.10362402780076121,0.07579017044514313,0.02783385735561807,0.15020112223718396,-0.3729633262000419,-4.284283703114672e-05,-0.6231351064068966
20,60,0.005,0,-0.2,999.0,1,1,100,200,-0.6317164026901976,-0.22125203525864812,-0.7537559593710038,-0.501780750243333,1550,1161,389,0.07423465166308126,0.1584974350488168,0.11636604335594904,0.04213139169286778,0.23244269886368518,-0.35124900591580943,1.3833611856904111e-05,-0.6232190524563166
20,200,0.0,0,0.2,0.75,1,1,100,200,-0.6405962532443426,-0.22599574528395405,-0.6799987891927328,-1.1510432270079396,897,670,227,0.024160185338408077,0.05374813834188317,0.03895416184014562,0.014793976501737548,-0.14371844966064118,-0.3426513123690387,-0.0002955100870065212,-0.6235473012307174
12,96,0.005,0,-0.2,0.75,1,1,100,200,-0.6490054320689582,-0.23056972069924286,-0.6957077327950822,-0.9050114433294836,951,720,231,0.03988085388052292,0.08561972530200232,0.06275028959126262,0.0228694357107397,-0.23794204754408999,-0.2589098075455555,-0.0001649235985031913,-0.6236741592632582
48,200,0.005,0,0.0,2.5,1,1,100,200,-0.6094993770863137,-0.20974822258402404,-0.7781539638893158,-0.5028978324097577,1798,1331,467,0.06053284792321695,0.13950024822108226,0.10001654807214959,0.03948370014893265,0.7369441885412176,-0.44773560472186114,5.216872779549465e-05,-0.6239700961491699
20,60,0.005,0,0.2,1.5,1,1,100,200,-0.6222169793066,-0.21627133853711045,-0.7224272656491841,-0.9311575198238058,995,735,260,0.026510011583650506,0.06192288598378289,0.044216448783716694,0.01770643720006619,0.07275541109779637,-0.42076171485045744,-0.00018925292799828168,-0.6240428473528928
20,96,0.01,0,0.2,1.5,1,1,100,200,-0.6308949882635329,-0.2208175760053187,-0.7131906968575092,-0.9348787663658076,986,745,241,0.028727453251696178,0.06169121297368856,0.045209333112692374,0.016481879860996192,0.0012901332806003474,-0.3963979171919638,-0.0002024527888102017,-0.6241568627523637
30,60,0.0025,0,0.2,0.75,1,1,100,200,-0.6373052190487442,-0.22422749869249525,-0.6757015840054745,-1.2438502745345341,686,503,183,0.017176898891279165,0.041668045672679135,0.02942247228197915,0.012245573390699984,-0.23156777411184404,-0.33482487931705496,-0.00046791776080782547,-0.6242708044219593
20,96,0.005,0,0.2,0.75,1,1,100,200,-0.636898172296849,-0.22400963257703788,-0.6780221596173099,-1.2275332166644937,722,532,190,0.01856693695184511,0.04338904517623697,0.03097799106404104,0.012411054112195929,-0.18303504058325792,-0.36225873108134365,-0.0004335099550769092,-0.6243973732189175
48,200,0.005,0,-0.2,999.0,1,1,100,200,-0.6557368459292969,-0.23429068922367458,-0.7402175342512409,-0.41246004017288906,2018,1516,502,0.09826245242429257,0.2131060731424789,0.15568426278338574,0.05742181035909317,0.32092274338882465,-0.2853249124824905,5.144439489442705e-05,-0.6250224583579395
20,60,0.0025,0,-0.2,2.5,1,1,100,200,-0.6024134525526845,-0.20618254289329363,-0.7892120391748915,-0.4886789126024092,1556,1142,414,0.06682111534006288,0.15419493628992223,0.11050802581499256,0.04368691047492967,0.197527761421461,-0.2770442826315779,2.562595635523614e-05,-0.6252225081108599
30,60,0.0,0,0.0,1.5,1,1,100,200,-0.5901502949155926,-0.2001226428382772,-0.7846103961850489,-0.6570868395542228,1310,966,344,0.04130398808538805,0.09803077941419824,0.06966738374979314,0.028363395664405096,0.4018700626656755,-0.43707454096174414,-2.1304545300788686e-05,-0.6252821829085128
12,60,0.005,0,0.0,999.0,1,1,100,200,-0.5923865436441877,-0.20121746591623868,-0.7902068894733659,-0.5884707112704158,1403,1063,340,0.049247062717193445,0.10709912295217607,0.07817309283468477,0.028926030117491314,0.6497618197432042,-0.5016195096759651,2.130968077044323e-06,-0.6257444462164425
12,60,0.0025,0,0.0,2.5,1,1,100,200,-0.5798548222309876,-0.1951391840409723,-0.8018037020853804,-0.6042390675115676,1406,1041,365,0.044348833360913456,0.10504716200562635,0.0746979976832699,0.030349164322356445,0.5538264031385762,-0.45376155902638027,6.630416797910313e-06,-0.6262529884592408
12,120,0.01,0,0.2,1.5,1,1,100,200,-0.6294540847217414,-0.22005720675319418,-0.7200433091032307,-0.9305818648986255,1011,763,248,0.029025318550388878,0.06284957802416019,0.04593744828727453,0.01691212973688565,0.020036827205663243,-0.39769434420940775,-0.00019006221036068445,-0.6266079545497408
30,120,0.005,0,0.0,0.75,1,1,100,200,-0.6448756305905867,-0.22831326659000895,-0.6939250712985858,-1.0282028934301057,915,679,236,0.029025318550388878,0.06516630812510342,0.04709581333774615,0.018070494787357273,-0.18184351913817887,-0.3140641286198961,-0.0002342295808984507,-0.6266859469108071
12,200,0.005,0,-0.2,1.5,1,1,100,200,-0.6532831120477041,-0.23292805660646,-0.728695459329889,-0.5953148205949921,1632,1217,415,0.0719510177064372,0.16177395333443653,0.11686248552043686,0.04491146781399967,-0.004447527164596621,-0.2122584318004811,3.7026470053362633e-06,-0.627041527301154
12,120,0.01,0,-0.2,0.75,1,1,100,200,-0.6508138735087976,-0.23156409228137376,-0.7000414318644371,-0.9139823919771628,891,687,204,0.039913950024822106,0.0795631308952507,0.059738540460036405,0.019824590435214298,-0.3052333561788019,-0.21522601432160227,-0.00019245752030367733,-0.6272839278124505
12,200,0.0,0,0.0,0.75,1,1,100,200,-0.6504250097322846,-0.231349950264352,-0.695270280114141,-0.9871997567391271,1075,795,280,0.0344530862154559,0.07602184345523746,0.05523746483534668,0.020784378619890784,-0.19025506806294223,-0.2609330570943331,-0.0001679993117723231,-0.6283450781583789
12,200,0.01,0,-0.2,0.75,1,1,100,200,-0.6570252967892549,-0.23500912231839532,-0.700382357182757,-0.8666151047632829,982,761,221,0.04530862154558994,0.08833360913453582,0.06682111534006288,0.021512493794472943,-0.32274314707279717,-0.1724378889389392,-0.00015674005762189954,-0.6285310561479379
30,120,0.01,0,0.2,1.5,1,1,100,200,-0.6460644353917439,-0.22896078437752632,-0.7051366836496248,-0.9458259364879259,1058,797,261,0.03061393347674996,0.06642396160847261,0.04851894754261129,0.017905014065861327,-0.035300543477073676,-0.37722466239485375,-0.00018745246163075826,-0.628820423026735
12,120,0.005,0,0.2,0.75,1,1,100,200,-0.6414903172576552,-0.22647821454167238,-0.6807241582656238,-1.2448892159574185,744,551,193,0.019162667549230513,0.04424954492801589,0.0317061062386232,0.012543438689392686,-0.15999170557559772,-0.38082235870152026,-0.0004263979607386235,-0.6290847544723552
48,120,0.005,0,0.0,0.75,1,1,100,200,-0.6475516484503747,-0.22977313878658134,-0.6962314801124907,-1.0271938480175364,934,690,244,0.02942247228197915,0.06635776931987424,0.047890120800926694,0.01846764851894754,-0.16642179328159779,-0.32544809099805994,-0.0002282055214400579,-0.6292485712437035
48,200,0.005,0,0.2,2.5,1,1,100,200,-0.6258345754329517,-0.2181569102921762,-0.7572831236747921,-0.6561046482908395,1546,1146,400,0.04295879530034751,0.09928843289756743,0.07112361409895747,0.02816481879860996,0.5770537204726685,-0.4862006455156981,-2.6255107125782533e-06,-0.6296037045441143
30,120,0.0,0,-0.2,1.5,1,1,100,200,-0.6399512784348578,-0.2256482519243369,-0.753353615727925,-0.5594036002502871,1632,1204,428,0.06943571073969883,0.16150918418004304,0.11547244745987092,0.0460367367201721,-0.020447526036652452,-0.16860675757523969,1.2292404582286134e-05,-0.6302952398008138
12,120,0.0,0,-0.2,1.5,1,1,100,200,-0.6249272273956881,-0.2176827006184121,-0.7698835768762601,-0.5558936902983566,1588,1167,421,0.06635776931987424,0.154856859175906,0.11060731424789012,0.04424954492801589,0.025075969013292898,-0.19039060119778795,1.3657159724672533e-05,-0.63041917357146
12,120,0.0,0,-0.2,0.75,1,1,100,200,-0.656027972656608,-0.2344528433863763,-0.7061057130554285,-0.8630024417422596,1089,802,287,0.04348833360913454,0.09769981797120636,0.07059407579017045,0.02710574218103591,-0.24312720318436654,-0.21651134313653297,-0.00012265836831551233,-0.6306558220012035
30,200,0.01,0,0.2,1.5,1,1,100,200,-0.6470438532660365,-0.22949547944812299,-0.7141054218011351,-0.8984242574090151,1176,884,292,0.03365877875227536,0.07297699817971207,0.05331788846599371,0.019659109713718353,0.05675898535998325,-0.3985856057930828,-0.0001398778145716415,-0.6314694032191412
20,120,0.0,0,-0.2,1.5,1,1,100,200,-0.628677322666539,-0.21964822616563595,-0.769802883815888,-0.5425595084152702,1608,1187,421,0.06811186496773126,0.15859672348171439,0.11335429422472282,0.04524242925699156,-0.030853392915212385,-0.1437076201401739,1.5749191657131644e-05,-0.6316776434943435
20,200,0.01,0,-0.2,0.75,1,1,100,200,-0.6602302060222045,-0.23680497884140828,-0.7031821186253073,-0.8736469501865952,986,765,221,0.04583815985437697,0.08892933973192123,0.0673837497931491,0.021545589938772133,-0.32253590939105126,-0.17878057992389496,-0.00015824826737019737,-0.6320783856633917
20,96,0.0,0,-0.2,1.5,1,1,100,200,-0.6333757090865907,-0.2221318896661254,-0.763415455461861,-0.5758304387594838,1525,1116,409,0.06394175078603342,0.15038887969551548,0.10716531524077445,0.04322356445474102,-0.05174650357509036,-0.1710484637355797,1.8285432647447675e-06,-0.6326311393350301
30,96,0.01,0,0.2,2.5,1,1,100,200,-0.6384111110918147,-0.22482033895587228,-0.7319273672800855,-0.8373485130911688,1161,881,280,0.035313585967234815,0.07522753599205692,0.055270560979645875,0.019956975012411053,0.13158039579433156,-0.42891512697046896,-0.0001241369919320199,-0.6326514482504735
12,96,0.0,0,-0.2,2.5,1,1,100,200,-0.6054825753884485,-0.20772104689974247,-0.8063288874735297,-0.4672356635084741,1708,1255,453,0.07506205527056098,0.17143802746979978,0.12325004137018038,0.04818798609961939,0.3145813269073454,-0.2948865957283324,3.9470167216119294e-05,-0.634247273811931
48,200,0.0025,0,0.2,1.5,1,1,100,200,-0.6429209282521355,-0.2272521037079961,-0.7386591764389493,-0.7584243665110096,1430,1044,386,0.037067681615091844,0.08988912791659771,0.06347840476584478,0.02641072315075294,0.29835259650744916,-0.4379787256369041,-4.9936545504041926e-05,-0.6345029102530212
30,96,0.01,0,-0.2,0.75,1,1,100,200,-0.6593155495637293,-0.23629116482441392,-0.7073445587149076,-0.9013088024165699,884,686,198,0.04004633460201887,0.08002647691543935,0.06003640575872911,0.019990071156710244,-0.3190857107940366,-0.22148671081157156,-0.00019911698814444953,-0.6350288843026962
48,96,0.005,0,-0.2,1.5,1,1,100,200,-0.6643648341459085,-0.2391406553139952,-0.730574104197131,-0.6331758860766205,1507,1127,380,0.06546417342379612,0.14992553367532682,0.10769485354956147,0.04223068012576535,-0.08302359682234772,-0.22226431369403776,-1.8494842772627624e-05,-0.6360865017163917
20,120,0.005,0,0.0,0.75,1,1,100,200,-0.653462741757899,-0.23302756473510655,-0.7013261388250334,-1.0627224909828525,913,677,236,0.028694357107396987,0.06450438523911964,0.04659937117325832,0.017905014065861327,-0.19083476797865817,-0.3238894191683851,-0.0002503379350021923,-0.6368267586967659
20,96,0.0025,0,0.0,0.75,1,1,100,200,-0.6526912766786798,-0.2326004751817219,-0.7019457270480401,-1.071579353991717,896,657,239,0.026874069170941584,0.0634122124772464,0.04514314082409399,0.01826907165315241,-0.236072646813966,-0.2883340029288791,-0.00025893638768813136,-0.6371523064053278
48,200,0.01,0,-0.2,999.0,1,1,100,200,-0.6734300382063696,-0.24433814808159904,-0.7370142185859425,-0.48691621335803653,1778,1369,409,0.09326493463511501,0.18944232996855867,0.14135363230183684,0.04808869766672183,-0.021298083464180495,-0.18808578481191862,2.2125020475317055e-05,-0.6371910680424722
20,120,0.01,0,0.2,2.5,1,1,100,200,-0.6461829048168372,-0.22902540155319018,-0.7310317431256069,-0.8593746715415335,1181,902,279,0.03600860499751779,0.07638590104252854,0.056197253020023166,0.02018864802250538,0.1068606632237763,-0.42296668879244315,-0.0001274493335932994,-0.6375100066930702
48,120,0.0025,0,0.2,0.75,1,1,100,200,-0.651484737262384,-0.23193394849272164,-0.6896248296094155,-1.223714604097575,805,595,210,0.020982955485685916,0.048651332119808044,0.03481714380274698,0.013834188317061062,-0.2001398763748904,-0.3482890760841366,-0.0003816721822011276,-0.6379320935023082
48,60,0.0025,0,0.0,0.75,1,1,100,200,-0.6533822401161563,-0.2329829650616707,-0.7035279545695328,-1.0705467763044134,860,635,225,0.02584808869766672,0.06152573225219262,0.04368691047492967,0.01783882177726295,-0.2515029105161446,-0.2880425732749824,-0.0002773269456200463,-0.6382742811616577
20,200,0.0,0,0.0,0.75,1,1,100,200,-0.659275764662083,-0.23626883888636507,-0.7027365499163878,-1.0135588973351821,1088,809,279,0.03518120139003806,0.07661757405262287,0.05589938772133046,0.020718186331292403,-0.1889869903646464,-0.2760801477381135,-0.0001748750923783354,-0.6383150587113181
30,120,0.0,0,-0.2,0.75,1,1,100,200,-0.6646108503796369,-0.23928030982694115,-0.7134390382325475,-0.8498719992730787,1105,823,282,0.04567267913288102,0.10074466324673176,0.07320867118980638,0.02753599205692537,-0.2742641383668971,-0.19688426914481005,-0.0001211275755430559,-0.6384934289068689
30,96,0.0025,0,0.0,0.75,1,1,100,200,-0.6557693162503082,-0.23430876971607772,-0.703314131438671,-1.0613959264714945,914,675,239,0.02786695349991726,0.06506701969220585,0.046466986596061556,0.0186000330961443,-0.2246470511596611,-0.29875084737269275,-0.0002505327084512836,-0.639035631758988
12,200,0.005,0,0.0,0.75,1,1,100,200,-0.6581727944058171,-0.23565066602858864,-0.701958163754733,-1.0490954807270718,989,739,250,0.03213635611451266,0.0695349991725964,0.050835677643554525,0.018699321529041867,-0.1848397538649017,-0.31233651829098774,-0.00021821539290450855,-0.6390845219423087
30,60,0.01,0,0.0,999.0,1,1,100,200,-0.6392446427492661,-0.22526807279595507,-0.7602159487794944,-0.678804413294192,1305,1017,288,0.05103425450934966,0.10220089359589608,0.07661757405262287,0.025583319543273208,0.41073145500467656,-0.5088473896103773,-5.143697948682802e-05,-0.6393162678504118
48,96,0.0,0,-0.2,0.75,1,1,100,200,-0.6653427049996518,-0.2396962117458289,-0.7140643445789896,-0.8546471820291774,1094,817,277,0.04563958298858183,0.10004964421644878,0.0728446136025153,0.027205030613933475,-0.26283626403935,-0.21538821834639366,-0.00012477241871734426,-0.6394607431367826
12,200,0.01,0,0.2,1.5,1,1,100,200,-0.6580593890293169,-0.23558719144724805,-0.712413789065666,-0.9691416803844971,1129,854,275,0.032434221413205365,0.07009763362568261,0.051265927519443984,0.018831706106238622,-0.03983861354509277,-0.3736357069191013,-0.00017586045774546942,-0.6402511699993059
12,96,0.0025,0,-0.2,0.75,1,1,100,200,-0.6647082431008344,-0.23933561736904907,-0.709321174161271,-0.9285553639571918,988,739,249,0.03981466159192454,0.08886314744332285,0.0643389045176237,0.024524242925699154,-0.2898866600475142,-0.22609022421051106,-0.0001671151326002293,-0.6404239726475442
30,120,0.01,0,0.0,1.5,1,1,100,200,-0.655595850962639,-0.23421219363199952,-0.7330499052401573,-0.8045255584056153,1244,947,297,0.04408406420651994,0.09432401125268906,0.0692040377296045,0.025119973523084562,0.024119636001671108,-0.37350673777170207,-9.346214326733678e-05,-0.640963424172359
12,200,0.01,0,0.0,1.5,1,1,100,200,-0.6579593703964035,-0.23553122270992244,-0.7313778246282621,-0.7948963243263805,1328,1009,319,0.04683104418335264,0.10004964421644878,0.07344034419990071,0.02660930001654807,0.06541903383146863,-0.3762638735852005,-7.48237846326403e-05,-0.6409649512403724
20,200,0.01,0,0.2,1.5,1,1,100,200,-0.6577355347736015,-0.23540601251522697,-0.7169874067748032,-0.9469546612448444,1149,867,282,0.03309614429918915,0.07128909482045341,0.05219261955982128,0.019096475260632136,0.006614108539531038,-0.39596323217725726,-0.00016563021066878794,-0.6412474489648708
20,200,0.005,0,0.0,0.75,1,1,100,200,-0.6605164655167339,-0.2369659999413768,-0.7037534161207338,-1.0543432170160343,998,747,251,0.03246731755750455,0.06999834519278504,0.0512328313751448,0.018765513817640245,-0.1821135009211402,-0.3162571174166251,-0.00021769933776156851,-0.6415598688525455
48,96,0.01,0,0.0,1.5,1,1,100,200,-0.6558428196666763,-0.23434970344544637,-0.7350355213708907,-0.802599745563095,1242,947,295,0.043786198907827235,0.09409233824259473,0.06893926857521099,0.02515306966738375,0.0411216779135517,-0.3847952704700701,-9.400369051221528e-05,-0.6419974514090464
48,60,0.0025,0,0.2,0.75,1,1,100,200,-0.6523517381636846,-0.2324127291659499,-0.6927507098261068,-1.265604725581879,711,519,192,0.01747476418997187,0.04335594903193778,0.030415356610954822,0.012940592420982956,-0.2285565295634595,-0.35691814775660324,-0.0004695681517599974,-0.6420683203580972
48,200,0.0,0,0.0,1.5,1,1,100,200,-0.6416563021288055,-0.22656788522509563,-0.7698516222349056,-0.612733911053291,1749,1279,470,0.05500579182525236,0.1323183849081582,0.09366208836670528,0.038656296541452924,0.41267489301310545,-0.3919688256877517,2.1382114782430132e-05,-0.6421303918952129
48,60,0.01,0,0.2,2.5,1,1,100,200,-0.6615976181265355,-0.23757506850959154,-0.717993169174738,-0.9224540473722064,1102,838,264,0.033526394175078605,0.07118980638755584,0.052358100281317224,0.018831706106238622,0.009000171118369815,-0.41803311277480204,-0.0001781226877818323,-0.6426943554655709
30,200,0.005,0,-0.2,2.5,1,1,100,200,-0.6650109750200386,-0.2395076102148005,-0.7553290137540261,-0.5245907918162658,1901,1418,483,0.08773787853715043,0.19503557835512164,0.14138672844613603,0.0536488499089856,0.16271988951667304,-0.2544863220347099,2.966266466152366e-05,-0.6434016566826268
30,120,0.0025,0,0.2,0.75,1,1,100,200,-0.6558784408340863,-0.2343695430746383,-0.6935377041389293,-1.252008323959133,790,584,206,0.020287936455402944,0.04775773622372993,0.03402283633956644,0.013734899884163494,-0.2065938242304005,-0.3561191235402078,-0.00040381970517592756,-0.6437388113420596
30,60,0.0025,0,0.0,1.5,1,1,100,200,-0.6280466020488222,-0.21931661084227072,-0.7729858695465406,-0.7633460615049127,1260,929,331,0.03905345027304319,0.09379447294390203,0.06642396160847261,0.027370511335429424,0.23156275323853204,-0.4328395577737165,-6.72742351949526e-05,-0.6439768486907866
48,60,0.01,0,0.0,2.5,1,1,100,200,-0.6592913876456052,-0.2362776057420357,-0.7409048611629458,-0.7555062635114878,1302,1002,300,0.04851894754261129,0.1009432401125269,0.0747310938275691,0.026212146284957803,0.1074000046121577,-0.4099687642447546,-7.489770055849394e-05,-0.644505349499083
30,96,0.01,0,0.0,2.5,1,1,100,200,-0.6497348255446298,-0.23097031451923178,-0.7563990480762102,-0.7135019683883975,1367,1051,316,0.05106735065364885,0.10647029621049148,0.07876882343207016,0.027701472778421315,0.2051057165492669,-0.424180556028405,-5.0176600185749856e-05,-0.6448449369767567
48,200,0.0025,0,0.0,1.5,1,1,100,200,-0.6535090675327335,-0.23305323375037013,-0.7604555385078383,-0.6506154472839341,1682,1230,452,0.05262286943571074,0.1271553863974847,0.08988912791659771,0.03726625848088698,0.30918947925545304,-0.3865132804892957,3.354558942790318e-06,-0.6458117753684859
20,120,0.0025,0,0.2,0.75,1,1,100,200,-0.6585368675721437,-0.23585454964273933,-0.6959052034711368,-1.2723490048785726,784,576,208,0.01975839814661592,0.04716200562634453,0.033460201886480224,0.013701803739864305,-0.20911761372227555,-0.36097488302534364,-0.0004173199821609042,-0.6474246016222364
48,96,0.0025,0,0.0,0.75,1,1,100,200,-0.6636434200091708,-0.23873157657570954,-0.710100671462915,-1.07706220550076,934,691,243,0.029157703127585637,0.06682111534006288,0.04798940923382426,0.018831706106238622,-0.23731144662318504,-0.29641115814284835,-0.0002495870609674472,-0.6476350225822051
20,96,0.005,0,-0.2,0.75,1,1,100,200,-0.669337862788919,-0.24197869879740674,-0.7171728227157459,-0.9416253344295553,960,716,244,0.03948370014893265,0.08740691709415853,0.06344530862154558,0.02396160847261294,-0.2682550282271913,-0.26963793872951614,-0.00018033539589929496,-0.6476463768767574
30,96,0.005,0,0.2,1.5,1,1,100,200,-0.644321692795935,-0.22801210281997764,-0.7459005951245671,-0.9379566249885232,1123,825,298,0.029918914446466986,0.0710243256660599,0.05047162005626345,0.020552705609796457,0.11614639420877837,-0.4412036588173057,-0.00015760351036686108,-0.6478602316316873
12,200,0.0,0,-0.2,0.75,1,1,100,200,-0.6761133485319453,-0.2458973380198528,-0.7181895359470444,-0.8592258687534097,1206,895,311,0.05037233162336588,0.10895250703293066,0.07966241932814827,0.02929008770478239,-0.2926684812345661,-0.1630199563035527,-0.00010523509838977047,-0.6479533994310455
30,200,0.0,0,-0.2,1.5,1,1,100,200,-0.6542895194272803,-0.23348606779474745,-0.7742202933902378,-0.5507535250997871,1845,1349,496,0.07833857355618071,0.18345192785040543,0.13089525070329305,0.05255667714711236,0.11166326115854286,-0.2175147768664989,2.6678906158073325e-05,-0.6481338907448557
20,120,0.0025,0,-0.2,1.5,1,1,100,200,-0.6663801758777919,-0.24028696072356126,-0.752755390304269,-0.6347418761108302,1552,1150,402,0.06513321198080424,0.15270560979645872,0.10891941088863147,0.043786198907827235,-0.16595855133776072,-0.13071734464461993,-1.4280298353966055e-05,-0.6484017496812372
12,120,0.01,0,0.0,2.5,1,1,100,200,-0.655524979276561,-0.23417274660527865,-0.7537848171910351,-0.751159905969904,1370,1051,319,0.05047162005626345,0.10501406586132715,0.0777428429587953,0.027271222902531856,0.18440567458055557,-0.4229368085194396,-5.840107371735619e-05,-0.6486231504992914
12,96,0.0,0,0.0,1.5,1,1,100,200,-0.6207540554186173,-0.21551267265885166,-0.795717062080599,-0.7194968396791429,1386,1024,362,0.04372000661922886,0.10309448949197418,0.07340724805560152,0.029687241436372663,0.3019947967029515,-0.41742339629885206,-3.2056944368127514e-05,-0.6493460456831084
20,200,0.0,0,-0.2,0.75,1,1,100,200,-0.6776197791664202,-0.24677692750326652,-0.7192650494488042,-0.8631230681262652,1219,908,311,0.05146450438523912,0.11004467979480391,0.08075459209002152,0.02929008770478239,-0.2741353780390361,-0.18288827365483995,-0.00010361125657691329,-0.6495656056339819
30,96,0.005,0,0.0,1.5,1,1,100,200,-0.6388844158092613,-0.22507448084209358,-0.7739746984051161,-0.7581257621973896,1329,986,343,0.04295879530034751,0.10041370180373986,0.07168624855204368,0.028727453251696178,0.1986754596290763,-0.4143940625038878,-5.779995282802306e-05,-0.6499681181545212
48,120,0.01,0,0.2,1.5,1,1,100,200,-0.6684502775285004,-0.24146983042597536,-0.7185832213843515,-0.9856083824145587,1098,823,275,0.031441337084229685,0.06864140327651828,0.05004137018037399,0.0186000330961443,-0.08086467758254046,-0.3753215706142963,-0.00020031745641736895,-0.650041860238879
20,96,0.005,0,-0.2,2.5,1,1,100,200,-0.6753751033908111,-0.24546740357046126,-0.747255055083089,-0.6204030442465999,1603,1190,413,0.07271222902531856,0.16227039549892439,0.11749131226212146,0.044779083236802915,-0.06646291182173758,-0.22478114746468092,-1.0173525997060218e-05,-0.6501150833243358
12,96,0.005,0,0.2,1.5,1,1,100,200,-0.64484111256851,-0.22829448961746557,-0.74563330079799,-0.9819434300769703,1068,789,279,0.02862816481879861,0.066490153897071,0.047559159357934803,0.01893099453913619,0.08476547838907766,-0.44145511104628254,-0.0001871943468470213,-0.6502083115203091
20,200,0.01,0,0.0,1.5,1,1,100,200,-0.6695339841618893,-0.24209127675697084,-0.7355178271521192,-0.8072992214247549,1347,1022,325,0.04752606321363561,0.1015389707099123,0.07453251696177396,0.027006453748138343,0.06728462153207326,-0.39268076671051355,-7.989984384998833e-05,-0.6502151514042682
20,60,0.0025,0,0.0,1.5,1,1,100,200,-0.633176916024232,-0.2220263215819217,-0.7780089498668485,-0.7840826793610383,1250,917,333,0.038060565944067516,0.09167631970875394,0.06486844282641073,0.026807876882343207,0.15704255264257538,-0.4076078992698884,-7.65191406736346e-05,-0.6502349304833979
20,120,0.01,0,0.0,2.5,1,1,100,200,-0.6555601510406852,-0.23419232237234733,-0.7595827229021648,-0.7271992173502868,1387,1067,320,0.05186165811682939,0.10812510342545094,0.07999338077114017,0.028131722654310774,0.19512688328715444,-0.42328942018056337,-5.143049566636635e-05,-0.6503436446909441
30,120,0.0025,0,-0.2,1.5,1,1,100,200,-0.6751096999668964,-0.24531301875242217,-0.7461456400548552,-0.6477780073806888,1575,1165,410,0.06639086546417343,0.15568426278338574,0.11103756412377958,0.04464669865960615,-0.14817138987599754,-0.16155040860807357,-1.647339633870763e-05,-0.6507747391488842
30,60,0.005,0,0.2,1.5,1,1,100,200,-0.6552487602257234,-0.23401906172100062,-0.7328748082286953,-1.020442537938646,1012,746,266,0.027205030613933475,0.06354459705444315,0.045374813834188316,0.01816978322025484,0.04195725962252794,-0.45113707442076023,-0.00022656941520398052,-0.6514785927322806
20,60,0.0,0,0.0,2.5,1,1,100,200,-0.6124664446160833,-0.21125568577524168,-0.8168062774889002,-0.6441069166052911,1480,1087,393,0.047327486347840474,0.11226212146284958,0.07979480390534503,0.03246731755750455,0.5602373101760547,-0.47931275204485113,-3.0872418797736323e-06,-0.6518641703499564
30,200,0.0025,0,0.2,0.75,1,1,100,200,-0.6646919851852586,-0.23932638395930406,-0.7017644169189062,-1.2592333918742709,882,659,223,0.023398974019526723,0.05232500413701804,0.03786198907827238,0.014463015058745657,-0.19656177772766548,-0.351271154465571,-0.00035391985240032373,-0.6531702620124707
30,60,0.005,0,-0.2,999.0,1,1,100,200,-0.6725872154503449,-0.24385039193228952,-0.761083835633606,-0.5775146904545823,1566,1171,395,0.07549230514645044,0.16233658778752275,0.1189144464669866,0.04342214132053616,0.1718422103014663,-0.388545540503187,-7.934130126014025e-06,-0.6532680442718216
48,120,0.0,0,0.0,0.75,1,1,100,200,-0.6701428929620512,-0.24244112318906375,-0.7157653764320779,-1.0679607665410742,1011,748,263,0.03240112526890617,0.07231507529372828,0.052358100281317224,0.019956975012411053,-0.2315808228448687,-0.2882648513377003,-0.00021942643016115233,-0.6537218497321564
48,120,0.01,0,-0.2,1.5,1,1,100,200,-0.6832630830684734,-0.2500996428093072,-0.7397027778067337,-0.675467263367179,1400,1069,331,0.06592751944398477,0.14092338242594737,0.10342545093496608,0.0374979314909813,-0.24314815948943047,-0.15711179243473994,-4.566294212155116e-05,-0.653724394881033
12,60,0.0,0,0.2,1.5,1,1,100,200,-0.6331638548103122,-0.22201938698975243,-0.7704065499295756,-0.9392383962120464,1062,774,288,0.027238126758232666,0.066490153897071,0.04686414032765183,0.019626013569419162,0.058252567743396044,-0.41040901842069133,-0.0001717907752132809,-0.6541845817651426
12,96,0.0025,0,-0.2,2.5,1,1,100,200,-0.6418316092852216,-0.2266626259407245,-0.8002463997351367,-0.5492603398393008,1646,1218,428,0.07238126758232666,0.16452093331126924,0.11845110044679795,0.04606983286447129,0.13181452834684304,-0.27918181318422575,1.3982342316062822e-05,-0.6542488428002579
48,60,0.0025,0,-0.2,0.75,1,1,100,200,-0.6750590009582107,-0.24528353796275137,-0.7243386052588503,-0.937669533493228,965,720,245,0.038424623531358594,0.08800264769154394,0.06321363561145127,0.024789012080092668,-0.30325991849735034,-0.24432821297962426,-0.00018283583760620172,-0.6543363172668379
12,120,0.0025,0,-0.2,1.5,1,1,100,200,-0.6655483532756106,-0.23981320125548855,-0.763456992312374,-0.6580769223790075,1532,1131,401,0.06344530862154558,0.14863478404765845,0.10604004633460203,0.04259473771305643,-0.12221486509637147,-0.18021893111071918,-1.9111735402094087e-05,-0.6544455435306259
48,60,0.005,0,-0.2,0.75,1,1,100,200,-0.6744066554028278,-0.2449045151019399,-0.7237851925279843,-0.9571789636111975,929,699,230,0.03796127751116995,0.08482541783882178,0.061393347674995866,0.023432070163825914,-0.2723220907510737,-0.28794004220422786,-0.0001979289820617273,-0.654656059546492
20,120,0.0,0,-0.2,0.75,1,1,100,200,-0.6789260392335372,-0.2475421372027543,-0.7256701264788423,-0.8948124468278031,1097,813,284,0.044712890948204534,0.09958629819626014,0.07214959457223233,0.0274367036240278,-0.27736082482238866,-0.23095158783068426,-0.00013879806578672173,-0.6551178227835657
30,120,0.01,0,-0.2,0.75,1,1,100,200,-0.6784335859318258,-0.24725338350082393,-0.7237673727372235,-0.9501500280527178,907,704,203,0.041469468806884,0.08250868773787853,0.061989078272381266,0.02051960946549727,-0.36125693822783433,-0.20759667533268022,-0.0002109402308502392,-0.6566445712720715
30,200,0.005,0,-0.2,0.75,1,1,100,200,-0.6831577404296532,-0.2500372133076937,-0.7218508679735001,-0.9170048205694896,1138,865,273,0.04954492801588615,0.10289591262617905,0.0762204203210326,0.026675492305146452,-0.26052204455535544,-0.24300461957346453,-0.00013283604359495507,-0.6568128883229182
12,120,0.0025,0,0.0,0.75,1,1,100,200,-0.6699571674444509,-0.2423343639622505,-0.7155423700974128,-1.1361335851016627,933,685,248,0.027767665067019692,0.06523250041370181,0.04650008274036075,0.018732417673341054,-0.25117252802515655,-0.2971905713628149,-0.0002687606783112363,-0.65691222826604
30,200,0.01,0,0.0,2.5,1,1,100,200,-0.6736115566608616,-0.24444331943980424,-0.7542601289085284,-0.7204209856942374,1546,1175,371,0.05656131060731425,0.12010590766175741,0.08833360913453582,0.031772298527221576,0.2236707622429044,-0.422085249300176,-3.361836087831605e-05,-0.6575944331787803
20,96,0.0025,0,-0.2,1.5,1,1,100,200,-0.6789291933146356,-0.24754398769166486,-0.7530428415334244,-0.690504270336009,1475,1085,390,0.061393347674995866,0.1447956313089525,0.10309448949197418,0.04170114181697832,-0.18511909104512758,-0.17609155173571867,-3.55469016422966e-05,-0.6585906219751775
30,60,0.0,0,0.0,2.5,1,1,100,200,-0.6200412061896496,-0.21514378693273994,-0.822343111256571,-0.6513766667182053,1499,1103,396,0.04851894754261129,0.11504219758398146,0.08178057256329638,0.03326162502068509,0.643771342478278,-0.5108070237406663,-4.843165115095994e-06,-0.6588841758969357
48,120,0.01,0,-0.2,0.75,1,1,100,200,-0.680744136636865,-0.2486110764800571,-0.7257521866473648,-0.9497523871110021,930,718,212,0.04216448783716697,0.08419659109713719,0.06318053946715207,0.021016051629985107,-0.34432181480215496,-0.22474319844185953,-0.00020430697176144542,-0.6589747891592896
48,60,0.005,0,0.0,1.5,1,1,100,200,-0.6576786625428489,-0.2353742088469346,-0.7649943109789386,-0.8248128979900661,1263,933,330,0.03998014231342049,0.09505212642727122,0.06751613437034586,0.02753599205692537,0.09752717146926981,-0.4133970511683115,-9.313501628413026e-05,-0.6591120092359072
20,200,0.005,0,-0.2,1.5,1,1,100,200,-0.6870349694706624,-0.2523453139794535,-0.7484021780565075,-0.6574511793674507,1655,1233,422,0.07334105576700314,0.16481879860996193,0.11907992718848254,0.0457388714214794,-0.05845665579943604,-0.23945650759282833,-1.3176880847918474e-05,-0.6594189619760797
20,120,0.005,0,0.2,1.5,1,1,100,200,-0.6643777686271021,-0.23914799583932134,-0.7419729137466979,-0.9951699179019177,1157,854,303,0.03094489491974185,0.07271222902531856,0.0518285619725302,0.02088366705278835,0.047331586289071526,-0.4284309454973372,-0.00017230671598920805,-0.6598929486077661
48,96,0.0,0,-0.2,1.5,1,1,100,200,-0.6839828051939877,-0.2505265907215304,-0.7540596693116333,-0.6551872928696858,1620,1200,420,0.06913784544100612,0.16101274201555518,0.11507529372828065,0.04593744828727453,-0.10406192404733183,-0.20695245664243977,-1.5630565956547284e-05,-0.6603157900208313
48,120,0.01,0,-0.2,2.5,1,1,100,200,-0.689818254278997,-0.2540154454172868,-0.7524053489697431,-0.6097196438363509,1582,1212,370,0.07870263114347179,0.16382591428098628,0.12126427271222903,0.04256164156875724,-0.17534168131466343,-0.17023514306779575,-1.6484650661990043e-05,-0.6607041020939759
20,96,0.0025,0,-0.2,0.75,1,1,100,200,-0.6820366478039781,-0.24937377910829894,-0.7280345486788127,-0.9581114166875543,994,734,260,0.03954989243753103,0.09045176236968393,0.06500082740360748,0.025450934966076453,-0.31362677090371827,-0.2384208120382466,-0.00018047175121348102,-0.661296624282083
12,96,0.005,0,0.0,2.5,1,1,100,200,-0.6396556358953984,-0.2254891244229602,-0.800807962816858,-0.7163404612605961,1453,1088,365,0.04914777428429588,0.11044183352639418,0.07979480390534503,0.03064702962104915,0.44006641101722166,-0.482477710625719,-3.0069004276919625e-05,-0.661710128894419
48,96,0.01,0,0.2,2.5,1,1,100,200,-0.680358473919106,-0.24838394781713324,-0.7334125711103292,-0.9432009017492853,1203,912,291,0.03633956644050968,0.07757736223729936,0.056958464338904516,0.02061889789839484,0.04197871732576397,-0.4401163223216027,-0.00016254887885726774,-0.6622502784597621
12,60,0.0,0,-0.2,999.0,1,1,100,200,-0.6454262814912821,-0.22861299258730694,-0.8155871516601038,-0.517483260069509,1679,1242,437,0.07562468972364719,0.16915439351315573,0.12238954161840146,0.04676485189475426,0.23695945583213462,-0.33620729907481406,1.9488835865750713e-05,-0.6622807314208342
12,200,0.005,0,-0.2,2.5,1,1,100,200,-0.6898179830586361,-0.25401528212311675,-0.7564312354179804,-0.6013340792005373,1823,1360,463,0.08452755254012907,0.18633129240443488,0.13542942247228199,0.050901869932152906,0.02380362357501853,-0.246022525261276,7.770556535515045e-06,-0.6622976037921338
48,96,0.005,0,-0.2,0.75,1,1,100,200,-0.6844506629782624,-0.250804520736574,-0.728936174354134,-0.9454421938670394,1009,762,247,0.04232996855866292,0.0923713387390369,0.06735065364884991,0.025020685090186994,-0.27519246742207404,-0.27889097046191647,-0.00017486325631406373,-0.662544717606993
30,200,0.0025,0,0.0,0.75,1,1,100,200,-0.6794841874856752,-0.24786981331305202,-0.7195507170869868,-1.1027985095558772,1063,791,272,0.033956644050968064,0.07453251696177396,0.05424458050637101,0.020287936455402944,-0.22343405106801661,-0.2976455153548565,-0.00021439496819601934,-0.6627850973343393
30,96,0.0,0,-0.2,2.5,1,1,100,200,-0.6568742296380425,-0.2349247835118624,-0.8033174581286145,-0.5314879318675558,1767,1299,468,0.07817309283468477,0.1801754095647857,0.12917425119973522,0.051001158365050474,0.06524672728737668,-0.22053205518221553,2.1403308931249927e-05,-0.6631579091695474
20,120,0.01,0,-0.2,0.75,1,1,100,200,-0.6844787254636073,-0.25082120101969285,-0.728960280646692,-0.9742683017221621,901,699,202,0.04093993049809697,0.0813834188317061,0.061161674664901536,0.020221744166804567,-0.36592080475568856,-0.21912101257780114,-0.00022335076887145528,-0.664014756429147
12,120,0.005,0,-0.2,0.75,1,1,100,200,-0.6841491484177811,-0.2506253712320339,-0.7286771667104375,-0.9905941614559846,1003,751,252,0.041105411219592915,0.08988912791659771,0.06549726956809532,0.0243918583485024,-0.2714234508909147,-0.28408738639861564,-0.00018465406565436627,-0.6644936626600518
12,120,0.01,0,0.2,2.5,1,1,100,200,-0.6777164641334079,-0.24683348601059163,-0.7383635344497376,-0.9731947430367714,1157,880,277,0.034717855369849414,0.07390369022008936,0.05431077279496939,0.019592917425119972,0.040477096018559644,-0.44753116566699824,-0.00018137460309230468,-0.6646749903872989
20,96,0.0025,0,0.2,0.75,1,1,100,200,-0.6713933669663277,-0.24316109946958575,-0.7086105164799458,-1.3444391248034173,743,541,202,0.018368360086049976,0.04484527552540129,0.031606817805725634,0.013238457719675658,-0.25880843418135235,-0.3571248992369017,-0.0004841630656776629,-0.6646883139497296
12,120,0.005,0,0.0,1.5,1,1,100,200,-0.6568607799418759,-0.23491727607268154,-0.7773781210055853,-0.8221190398418711,1347,1001,346,0.04325666059904021,0.09985106735065365,0.07155386397484693,0.02829720337580672,0.17614963957831775,-0.42775993383626376,-7.391005907648676e-05,-0.6647122885675678
48,60,0.0,0,-0.2,2.5,1,1,100,200,-0.6693638929069654,-0.24199363777331706,-0.787930373492087,-0.5801778271334453,1695,1242,453,0.07367201720999504,0.17183518120139005,0.12275359920569254,0.0490815819956975,-0.0028037442182966554,-0.2260261991365069,5.680035810468944e-06,-0.6649677158760329
12,200,0.0025,0,0.2,0.75,1,1,100,200,-0.6750996151305713,-0.2453071542813695,-0.71065539132576,-1.3085319936910405,853,634,219,0.02207512824755916,0.0506040046334602,0.03633956644050968,0.014264438192950521,-0.2373981717518665,-0.3472824314686125,-0.00039680161763203515,-0.6660614496288015
20,96,0.01,0,0.0,2.5,1,1,100,200,-0.6817390518872407,-0.24919796397158767,-0.7521386663846142,-0.8168061200165582,1342,1031,311,0.049578024160185336,0.10286281648187987,0.0762204203210326,0.02664239616084726,0.07882073505979803,-0.42281034085970703,-8.929078280817799e-05,-0.6661076031647227
20,96,0.005,0,0.0,1.5,1,1,100,200,-0.6625323565498867,-0.23810283139760569,-0.7725243646172565,-0.835157573111012,1308,969,339,0.04189971868277346,0.09743504881681284,0.06966738374979314,0.027767665067019692,0.14666548220324294,-0.4338975667944548,-8.778738360472775e-05,-0.6661228923617846
30,120,0.0025,0,0.0,0.75,1,1,100,200,-0.6796006243470258,-0.24793822465782522,-0.7238538818891815,-1.1324848597551949,946,699,247,0.02929008770478239,0.06741684593744829,0.04835346682111534,0.01906337911633295,-0.2730595128384782,-0.29259933161009877,-0.000268416568059951,-0.6664894085901757
48,60,0.005,0,0.2,1.5,1,1,100,200,-0.6734867741810011,-0.24437101606042644,-0.7408169459339315,-1.047142481117978,1061,776,285,0.027734568922720502,0.06705278835015721,0.047393678636438855,0.019659109713718353,-0.010039247127616613,-0.4392960178596055,-0.00022643394347734292,-0.6671366130832911
30,120,0.005,0,-0.2,2.5,1,1,100,200,-0.6917741148232054,-0.25519580802052855,-0.7628957015879283,-0.6192937655753297,1704,1271,433,0.07820618897898395,0.17431739202382923,0.1262617905014066,0.048055601522422636,-0.031183300406978365,-0.2539998299732448,-5.687524999893479e-06,-0.6676083470932592
48,96,0.005,0,-0.2,2.5,1,1,100,200,-0.6925237539227056,-0.25564970413175125,-0.7629749182089014,-0.61771465419536,1699,1270,429,0.078040708257488,0.17401952672513651,0.12603011749131227,0.04798940923382426,-0.023910637325818218,-0.2632037331689343,-6.275912748804615e-06,-0.66802289594597
30,200,0.0025,0,-0.2,1.5,1,1,100,200,-0.6928484098761132,-0.255846536289006,-0.7599491474549814,-0.647840448454619,1777,1305,472,0.07519443984775774,0.1765348336918749,0.12586463676981632,0.05067019692205858,-0.05271219194274279,-0.2114341467168409,-2.132195273692167e-06,-0.6682131324392278
20,120,0.005,0,0.0,1.5,1,1,100,200,-0.6648903831516851,-0.2394390836979352,-0.7754980150342796,-0.8216254112150319,1365,1014,351,0.04431573721661426,0.10282972033758067,0.07357272877709747,0.029256991560483205,0.12252195976282243,-0.40915691711142244,-7.430282600662445e-05,-0.6682693617758266
12,60,0.005,0,0.2,2.5,1,1,100,200,-0.6576763117776504,-0.23537289435465392,-0.7713431458577813,-0.9556652815676803,1123,836,287,0.031011087208340227,0.07125599867615423,0.05113354294224723,0.020122455733907,0.1524047918202538,-0.4791061460829994,-0.00017264273456226337,-0.6688277313619286
12,200,0.0,0,-0.2,1.5,1,1,100,200,-0.6807376651111524,-0.2486072635027503,-0.7784418718525373,-0.6257199920738957,1770,1296,474,0.07516134370345855,0.17544266093000166,0.1253020023167301,0.050140658613271556,-0.043132435904532085,-0.19138351939072618,3.897777611930209e-06,-0.6691141990327137
12,200,0.005,0,-0.2,0.75,1,1,100,200,-0.6931742925805673,-0.25604426911342504,-0.7315940843672692,-0.9503959688662521,1107,837,270,0.047459870925037236,0.10001654807214959,0.07373820949859342,0.02627833857355618,-0.2984087039922215,-0.2392365084526744,-0.0001527131991944203,-0.6693611097403722
30,96,0.0025,0,-0.2,2.5,1,1,100,200,-0.6805468805687931,-0.24849488061953384,-0.7842477216863667,-0.5914731548908365,1706,1261,445,0.07555849743504882,0.17378785371504218,0.12467317557504551,0.04911467813999669,-0.054927421668452214,-0.20660801567432874,1.588181549308328e-06,-0.6701923992072589
30,96,0.005,0,-0.2,0.75,1,1,100,200,-0.6906331091999327,-0.2545065306934092,-0.7342470317322953,-0.9729643827196138,986,740,246,0.0405427767665067,0.08985603177229853,0.06519940426940261,0.024656627502895913,-0.29750712101795074,-0.278904757004547,-0.00019207600139913995,-0.6702782656955376
30,60,0.0025,0,0.0,2.5,1,1,100,200,-0.6480554407201202,-0.23004890587131432,-0.8093771476769379,-0.7319036523710233,1439,1062,377,0.04640079430746318,0.11007777593910309,0.07823928512328314,0.03183849081581996,0.4570126166001023,-0.5039060075631149,-3.882274736909501e-05,-0.6713326623283346
12,120,0.0025,0,0.2,0.75,1,1,100,200,-0.6777015734352344,-0.2468247744621589,-0.7129726019001705,-1.370334223490773,768,562,206,0.01893099453913619,0.045871255998676155,0.03240112526890617,0.013470130729769983,-0.24217321837458827,-0.37554805399004454,-0.0004783216257067054,-0.6718277865867828
30,96,0.0025,0,-0.2,0.75,1,1,100,200,-0.692984380906409,-0.25592901903975407,-0.736266825878928,-0.9593528675309949,1022,761,261,0.04103921893099454,0.09306635776931987,0.06705278835015721,0.026013569419162667,-0.33114623561766576,-0.23473953994959607,-0.00017992987231668046,-0.6720300753557679
12,96,0.005,0,-0.2,999.0,1,1,100,200,-0.6946303196002002,-0.25692965718119654,-0.7685623389686839,-0.6173975311908424,1648,1243,405,0.08002647691543935,0.16945225881184842,0.12473936786364388,0.044712890948204534,0.07511637677692451,-0.3523824865650559,-1.2193331602876268e-05,-0.6720807032250806
20,200,0.0025,0,0.2,0.75,1,1,100,200,-0.6810640199641702,-0.24879962173827608,-0.7159670759617939,-1.3286353423881783,863,643,220,0.022538474267747806,0.05113354294224723,0.03683600860499752,0.01429753433724971,-0.2382595270186758,-0.3553241244138915,-0.0004011998126150243,-0.673214926838582
48,96,0.0025,0,-0.2,1.5,1,1,100,200,-0.6987966702968851,-0.25948075934513193,-0.7573551735806502,-0.7015088220871959,1567,1163,404,0.06609300016548073,0.15538639748469305,0.11073969882508687,0.04464669865960615,-0.1707321595063157,-0.20472053725649897,-3.317635733678354e-05,-0.6732337872398167
20,60,0.0025,0,0.0,2.5,1,1,100,200,-0.6514507261144897,-0.23191518485217277,-0.8092099861177451,-0.7516759631310621,1419,1045,374,0.04514314082409399,0.10723150752937283,0.0761873241767334,0.031044183352639417,0.3513910654428727,-0.47556443914401547,-4.719361155089179e-05,-0.6741039760675984
20,96,0.01,0,0.2,2.5,1,1,100,200,-0.691987204047178,-0.25532474633712177,-0.7358339908614829,-1.0177722840825765,1133,862,271,0.03432070163825914,0.0725798444481218,0.05345027304319047,0.019129571404931326,-0.03378423067912806,-0.43819708369246957,-0.00021079101016245678,-0.6741303559719921
20,120,0.0,0,-0.2,2.5,1,1,100,200,-0.6704393346513722,-0.24261161797633457,-0.8100364560076445,-0.5572191547226041,1811,1334,477,0.07999338077114017,0.18404765844779084,0.1320205196094655,0.05202713883832533,0.07075516894863698,-0.23862749215600332,1.7900831735728936e-05,-0.675490803716287
20,200,0.0,0,-0.2,1.5,1,1,100,200,-0.6923904386205852,-0.2555689229577488,-0.7756720656358644,-0.643367454617546,1798,1316,482,0.07681615091841801,0.1786860830713222,0.1277511169948701,0.05093496607645209,-0.02088958792014084,-0.22785912940484476,4.4854143543246663e-07,-0.6755733285065583
20,120,0.0025,0,0.0,0.75,1,1,100,200,-0.686972176576319,-0.2523077632808164,-0.7302072823239417,-1.1663312271746724,943,693,250,0.028694357107396987,0.06668873076286613,0.04769154393513156,0.018997186827734568,-0.27469923534368523,-0.3083508239942626,-0.0002842894447105149,-0.6757279658015208
30,200,0.0025,0,-0.2,0.75,1,1,100,200,-0.7001910961473974,-0.2603404890685296,-0.7368040914318033,-0.9460278796118747,1191,896,295,0.05053781234486182,0.10739698825086877,0.0789674002978653,0.028429587953003474,-0.2944479494622593,-0.22909207672634702,-0.0001343098622379348,-0.676043928765025
30,200,0.01,0,0.2,2.5,1,1,100,200,-0.6945911587986691,-0.25690580271822305,-0.7443974790499012,-0.9393073913906278,1331,1009,322,0.039748469303326164,0.08502399470461691,0.06238623200397154,0.022637762700645374,0.08326312024715432,-0.45141629294426433,-0.00013635794060101646,-0.6760699118127049
20,60,0.005,0,0.2,2.5,1,1,100,200,-0.6754163954426313,-0.24549143160711595,-0.762036946726139,-0.9954505579547652,1148,851,297,0.031772298527221576,0.07307628661260963,0.052424292569915605,0.020651994042694025,0.11202187556189003,-0.4817245674202739,-0.00018531277639790487,-0.6762824328679237
48,120,0.0025,0,0.0,0.75,1,1,100,200,-0.6885220970720263,-0.25323628460894687,-0.7315431292724499,-1.151174645391359,969,714,255,0.030117491312262122,0.06897236471951018,0.04954492801588615,0.019427436703624026,-0.2722711962876849,-0.30509413799861507,-0.00026937828865741245,-0.6765665815147398
12,120,0.0,0,-0.2,2.5,1,1,100,200,-0.6747182706742584,-0.24508549730761997,-0.8044083794616976,-0.5891934624061645,1788,1312,476,0.07787522753599206,0.17967896740029787,0.12877709746814497,0.050901869932152906,0.08525350178093882,-0.2670322974437308,1.1256192025951238e-05,-0.6767493601587771
48,96,0.0025,0,-0.2,0.75,1,1,100,200,-0.6973900625103184,-0.2586165365335248,-0.7400514033443879,-0.964026179443326,1047,785,262,0.04309117987754427,0.095714049313255,0.06940261459539963,0.02631143471785537,-0.32449501001221703,-0.2437512969924993,-0.00017483405145801777,-0.6768435471778851
48,60,0.0025,0,-0.2,2.5,1,1,100,200,-0.6974043019613636,-0.25862527017880055,-0.7713207687050336,-0.6545691493419235,1636,1207,429,0.07109051795465829,0.16541452920734734,0.11825252358100281,0.04716200562634453,-0.12413862535177222,-0.21698676289637864,-1.8972769038566465e-05,-0.6770141119984135
12,60,0.0,0,0.0,999.0,1,1,100,200,-0.6490318703304572,-0.23058423008296303,-0.8245066164334107,-0.685630384832084,1532,1139,393,0.050901869932152906,0.1176898891279166,0.08429587953003476,0.033394009597881844,0.5487170041104354,-0.5124171934241779,-1.8691726239137883e-05,-0.6771190575412726
12,96,0.01,0,0.0,999.0,1,1,100,200,-0.6886282606206731,-0.2533000113657047,-0.7709894357708228,-0.7939273635266488,1369,1065,304,0.05315240774449777,0.10663577693198742,0.0798940923382426,0.02674168459374483,0.1956781692541567,-0.4835672102088008,-8.413978324117938e-05,-0.6784910974274485
48,120,0.01,0,0.0,1.5,1,1,100,200,-0.6959061966331044,-0.2577081041578799,-0.7528744308957067,-0.8898373602305887,1291,975,316,0.04484527552540129,0.09773291411550554,0.07128909482045341,0.026443819295052125,-0.0626386346222999,-0.3812606786363393,-0.00012163556775637856,-0.6786371876172628
20,60,0.005,0,0.0,999.0,1,1,100,200,-0.6657317913662524,-0.2399176013140234,-0.8043792522692625,-0.7376680427269882,1417,1066,351,0.04994208174747642,0.1094489491974185,0.07969551547244746,0.02975343372497104,0.47365943108884756,-0.5392423690621342,-5.3593490673328716e-05,-0.6789906295850041
20,200,0.005,0,-0.2,0.75,1,1,100,200,-0.7017328558006015,-0.26129455362120546,-0.7388621732961858,-0.9745651186423511,1116,845,271,0.04812179381102102,0.1009432401125269,0.07453251696177396,0.02641072315075294,-0.30903259754962564,-0.24569882901282902,-0.00015891670949410794,-0.6794538962014159
20,60,0.0,0,-0.2,999.0,1,1,100,200,-0.6698423727961182,-0.24226839992213156,-0.819457269659871,-0.5528744054169529,1684,1236,448,0.07678305477411881,0.17223233493298032,0.12450769485354957,0.047724640079430745,0.2019136583566441,-0.3623013942654564,7.649253156712989e-06,-0.6796407550229147
12,120,0.0025,0,-0.2,0.75,1,1,100,200,-0.6981570702517244,-0.25908741345759867,-0.7407102798758609,-1.0121136027509767,1041,771,270,0.04107231507529373,0.09316564620221744,0.06711898063875558,0.026046665563461857,-0.3204701548407296,-0.25238280587396433,-0.00018566822543946438,-0.680048233533078
12,96,0.0025,0,0.0,1.5,1,1,100,200,-0.6678501693158054,-0.24112635611589672,-0.7935720838133073,-0.8609199539961725,1333,985,348,0.04140327651828562,0.09859341386728446,0.06999834519278504,0.02859506867449942,0.09570681652309898,-0.4095687539877291,-8.900901009428008e-05,-0.6809583957223591
20,60,0.0,0,0.2,1.5,1,1,100,200,-0.6705855060139168,-0.24269572895956926,-0.7738439325825863,-1.0391409646851328,1077,785,292,0.02826410723150753,0.06784709581333774,0.048055601522422636,0.019791494290915108,-0.00777921754102473,-0.4310678849270395,-0.00021569836143983795,-0.681574743485119
20,120,0.0025,0,-0.2,2.5,1,1,100,200,-0.6934530308571629,-0.25621352151124444,-0.7918279119463489,-0.6184991627364083,1745,1292,453,0.07704782392851232,0.1771967565778587,0.1271222902531855,0.050074466324673175,-0.059500613508609246,-0.21989114513383412,-2.3065445901818195e-06,-0.6830524356212393
48,96,0.005,0,0.2,1.5,1,1,100,200,-0.691841879362405,-0.25523680446738095,-0.7499735258183626,-1.0703477843998221,1172,860,312,0.031110375641237795,0.07373820949859342,0.052424292569915605,0.02131391692867781,0.01981525286579866,-0.45698437625277855,-0.00020364092466343097,-0.6837409565965533
48,96,0.01,0,0.0,2.5,1,1,100,200,-0.7007180562565648,-0.26066616548686206,-0.7630873790909454,-0.8308166078694255,1406,1077,329,0.05229190799271885,0.1097468144961112,0.08101936124441503,0.028727453251696178,0.07940207045951153,-0.43987798495893216,-8.85953531261496e-05,-0.683750685425806
20,200,0.01,0,0.0,2.5,1,1,100,200,-0.7030805162923848,-0.2621315395356092,-0.763735306439915,-0.8079632099626158,1518,1158,360,0.05616415687572398,0.11778917756081417,0.08697666721826908,0.030812510342545094,0.14594151317899073,-0.4464100582550181,-6.601064306549488e-05,-0.6843973532536975
12,60,0.0025,0,-0.2,999.0,1,1,100,200,-0.6799535718109215,-0.24814570944220782,-0.8123632318200483,-0.6016518076267874,1619,1205,414,0.07291080589111369,0.16200562634453086,0.11745821611782227,0.044547410226708585,0.07386924292880481,-0.3302528353920414,-8.188062475126464e-06,-0.6844099157335712
20,200,0.01,0,0.2,2.5,1,1,100,200,-0.702993448830728,-0.2620773789517622,-0.7466387732474893,-0.9811428901842306,1303,991,312,0.03921893099453914,0.08317061062386231,0.06119477080920073,0.021975839814661592,0.04190327283081019,-0.4530441889154988,-0.00015771924416744962,-0.6844539100847183
20,60,0.01,0,0.2,999.0,1,1,100,200,-0.7105917566701748,-0.2668494177546208,-0.7333363429484057,-1.044991306847001,1086,835,251,0.03418831706106239,0.07039549892437531,0.05229190799271885,0.018103590931656463,-0.07786135236997282,-0.45974903426352753,-0.0002539266290629415,-0.6857671545711737
12,200,0.01,0,0.0,2.5,1,1,100,200,-0.7083186862461699,-0.2654120909881582,-0.7575404270744575,-0.8417012510088927,1496,1143,353,0.055369849412543436,0.11606817805725633,0.08571901373489989,0.030349164322356445,0.07527131050596125,-0.4267764009773629,-7.721450697909817e-05,-0.6862673670758316
30,120,0.005,0,-0.2,0.75,1,1,100,200,-0.7045211234695938,-0.263029406702854,-0.7461771416608716,-1.0088109704888084,1019,768,251,0.04256164156875724,0.09306635776931987,0.06781399966903856,0.025252358100281317,-0.3274809350307165,-0.2686079863041806,-0.00019521255088686054,-0.6865585260577303
12,200,0.0025,0,0.0,0.75,1,1,100,200,-0.6984947933609946,-0.2592950309273122,-0.7371152326275605,-1.175255872172996,1026,759,267,0.032202548403111035,0.0722488830051299,0.05222571570412047,0.020023167301009434,-0.29012158515920394,-0.2904881855800484,-0.00025811474430932055,-0.6866154408497422
30,200,0.0,0,-0.2,2.5,1,1,100,200,-0.691402568849109,-0.25497114874081084,-0.8086271185875977,-0.5562896801378493,2069,1516,553,0.09161012742015555,0.2112857852060235,0.15144795631308952,0.05983782889293397,0.24591613294009318,-0.3029025476334901,3.0082364622360524e-05,-0.6870991920415022
48,120,0.0,0,-0.2,0.75,1,1,100,200,-0.7067224860999333,-0.26440777924976,-0.749419781340273,-0.9693694491358219,1128,841,287,0.047228197914942906,0.10309448949197418,0.07516134370345855,0.027933145788515638,-0.32928200995849133,-0.23132606518516863,-0.00015737280112940096,-0.6875861423766876
20,200,0.005,0,-0.2,2.5,1,1,100,200,-0.7128480864407533,-0.2682845531140522,-0.7752742994488694,-0.6389665941480128,1856,1385,471,0.08661260963097799,0.19026973357603838,0.1384411716035082,0.0518285619725302,0.0351665713604663,-0.2981770836160652,-1.3518542482849395e-06,-0.6878700325458876
12,120,0.01,0,-0.2,999.0,1,1,100,200,-0.7163674411262633,-0.270540003841377,-0.768472552228845,-0.66590990650766,1545,1193,352,0.08082078437861989,0.16078106900546085,0.12080092669204037,0.03998014231342049,-0.23116080841284825,-0.201091654156763,-3.8303860898892893e-05,-0.6880717752811825
48,200,0.0,0,0.2,2.5,1,1,100,200,-0.6983335270903919,-0.2591958697061917,-0.7774819979858549,-0.8150552984811007,1686,1230,456,0.04524242925699156,0.10891941088863147,0.07708092007281152,0.03183849081581996,0.36858853862127017,-0.48803679204009487,-4.417270265313655e-05,-0.6886896336231741
12,96,0.0,0,0.2,1.5,1,1,100,200,-0.6764318918009823,-0.2460830761001096,-0.783483158900149,-1.0406612966152107,1150,840,310,0.030415356610954822,0.07244745987092503,0.05143140824093993,0.021016051629985107,0.043213117863963646,-0.44871719325686943,-0.00019193472985897805,-0.6898577203809446
12,120,0.0025,0,-0.2,2.5,1,1,100,200,-0.6997114660744645,-0.26004443679554845,-0.7948658215198886,-0.6593821091655415,1722,1271,451,0.0749958629819626,0.17249710408737381,0.12374648353466822,0.04875062055270561,-0.05150827116785206,-0.25092334314774023,-1.135056207323591e-05,-0.6904464530137697
30,120,0.01,0,0.2,2.5,1,1,100,200,-0.7066354210182895,-0.26435311681331497,-0.7503492100629197,-1.0245898898325883,1206,916,290,0.036571239450604004,0.07794141982459044,0.05725632963759722,0.020685090186993216,-0.0434156177994095,-0.4394305136601021,-0.00019747983160820447,-0.6907572163364042
48,200,0.01,0,0.0,999.0,1,1,100,200,-0.711547245887036,-0.2674561277581404,-0.774153749668537,-0.7424915386973486,1641,1254,387,0.06232003971537316,0.13056428926030117,0.09644216448783717,0.034122124772464006,0.20165456583896657,-0.4545903901643702,-4.1997546620082136e-05,-0.6916575795272765
20,96,0.005,0,0.2,1.5,1,1,100,200,-0.6968315167204238,-0.2582742000545819,-0.7549652593144742,-1.123853709915872,1097,806,291,0.029157703127585637,0.06880688399801423,0.048982293562799935,0.019824590435214298,-0.015480474750217077,-0.4669968039084157,-0.00024751876584104196,-0.6919495152076126
12,200,0.0025,0,-0.2,0.75,1,1,100,200,-0.7131905080814561,-0.2685030880399849,-0.7491039295957003,-0.9915884566344018,1151,861,290,0.047790832368029126,0.10385570081085553,0.07582326658944233,0.028032434221413206,-0.362751958369263,-0.19964255350957294,-0.00015979795972632412,-0.6926344756695552
30,96,0.01,0,-0.2,999.0,1,1,100,200,-0.721369693302049,-0.273782183791646,-0.7725558587574265,-0.6531561846546731,1537,1189,348,0.08168128413039881,0.16263445308621546,0.12215786860830713,0.04047658447790833,-0.25611705285733455,-0.19209085148028227,-3.9374809576368664e-05,-0.6927179224030928
30,120,0.01,0,0.0,2.5,1,1,100,200,-0.7109177429881803,-0.26705624132651906,-0.765204502725783,-0.8618796281793103,1409,1079,330,0.05252358100281317,0.11004467979480391,0.08128413039880854,0.028760549395995365,0.04288661008267147,-0.4391828016720771,-9.856240919323941e-05,-0.692752474098376
12,60,0.01,0,0.2,999.0,1,1,100,200,-0.7064904273392842,-0.26426211180668935,-0.7526170784616716,-1.0496833373267094,1062,820,242,0.03306304815488995,0.06854211484362072,0.05080258149925534,0.01773953334436538,-0.10277899085138398,-0.4435951878127361,-0.00026184377358476444,-0.6930548179038606
12,200,0.01,0,0.2,2.5,1,1,100,200,-0.7100786765953634,-0.2665242451315182,-0.7509627116370311,-1.0239735399021677,1280,976,304,0.038490815819956975,0.08178057256329638,0.060135694191626676,0.0216448783716697,-0.038320690721489026,-0.4281687770013405,-0.00017686024354506688,-0.6932042779451421
30,120,0.005,0,0.2,1.5,1,1,100,200,-0.7045092999970195,-0.26302202430941,-0.7496160068681521,-1.112491811145333,1181,868,313,0.03154062551712725,0.07430084395167963,0.052920734734403445,0.021380109217276188,-0.03553894506426514,-0.4469375832737479,-0.0002186972317256646,-0.6934546183007527
30,200,0.005,0,0.0,1.5,1,1,100,200,-0.6966575671733475,-0.25816768176386173,-0.7859921336511163,-0.8474960590302236,1557,1147,410,0.05017375475757074,0.11696177395333443,0.08356776435545259,0.033394009597881844,0.15161524775147361,-0.42613654860665084,-6.070021726687606e-05,-0.6935385515409311
48,60,0.01,0,-0.2,999.0,1,1,100,200,-0.7222550422832951,-0.27436055394844405,-0.7716145660109952,-0.6802405274960442,1471,1138,333,0.07764355452589773,0.1545589938772133,0.11610127420155551,0.03845771967565779,-0.2653261121043057,-0.21103987666574686,-5.222284997844107e-05,-0.6941798633287438
30,120,0.0025,0,-0.2,0.75,1,1,100,200,-0.711714024606656,-0.2675621821504469,-0.7523560020511576,-1.0102910899071142,1056,790,266,0.043124276021843454,0.0963428760549396,0.06973357603839153,0.02660930001654807,-0.3701726875287914,-0.22381211869735917,-0.00018887412928664135,-0.6942547376713814
20,200,0.0025,0,0.0,0.75,1,1,100,200,-0.7049691980176184,-0.2633093408838577,-0.742544605706793,-1.1965104231453019,1042,774,268,0.03283137514479563,0.07294390203541287,0.05288763859010425,0.02005626344530862,-0.28782876359394316,-0.30239924579471156,-0.00026169272540236453,-0.6944071648945194
30,120,0.005,0,0.0,1.5,1,1,100,200,-0.6993772001427336,-0.2598383202699601,-0.7793552024495239,-0.9076309659208445,1385,1024,361,0.0448121793811021,0.10465000827403607,0.0747310938275691,0.029918914446466986,0.04819367274031183,-0.4266701910484897,-0.00010310916276134544,-0.6948974697907644
12,200,0.0025,0,-0.2,1.5,1,1,100,200,-0.7178802117785502,-0.2715159446706127,-0.774446482521281,-0.7312508096238417,1706,1257,449,0.07228197914942909,0.16839318219427438,0.12033758067185173,0.048055601522422636,-0.1779635324882768,-0.19445779012640474,-2.8057339661770392e-05,-0.6953017264124454
30,96,0.0,0,0.2,1.5,1,1,100,200,-0.6873681169712109,-0.2525446336196636,-0.782283167152797,-1.0357067753012856,1199,877,322,0.03190468310441834,0.07665067019692205,0.054277676650670195,0.02237299354625186,0.013341184840397924,-0.4380441118931585,-0.0001820544484892232,-0.6954715559611264
20,120,0.005,0,-0.2,0.75,1,1,100,200,-0.7117093894163683,-0.2675592340170667,-0.7523520203206813,-1.0378417547166936,1013,762,251,0.041999007115671026,0.09197418500744663,0.06698659606155882,0.024987588945887804,-0.33346514760496404,-0.28215149412100327,-0.00020794329213897155,-0.695627331913242
12,120,0.005,0,0.2,1.5,1,1,100,200,-0.697261364585752,-0.2585376147365822,-0.7626036451396911,-1.1245295067374848,1131,833,298,0.029952010590766177,0.07039549892437531,0.05017375475757074,0.020221744166804567,0.003934374515085937,-0.4690941965295884,-0.00023452377290875408,-0.696065912643302
30,120,0.0,0,-0.2,2.5,1,1,100,200,-0.7074932688454734,-0.2648922343732093,-0.8035727912612523,-0.6315602888478427,1837,1354,483,0.08164818798609962,0.18735727287770976,0.1345027304319047,0.052854542445805064,0.0007765223509663688,-0.2675162477196108,-3.5960685997088263e-07,-0.6982566444462276
20,120,0.01,0,-0.2,999.0,1,1,100,200,-0.7256972073359418,-0.2766224296776921,-0.7773500458319409,-0.6623095047513912,1561,1209,352,0.08277345689227206,0.1649180870428595,0.12384577196756578,0.04107231507529373,-0.2633640918298217,-0.1871152857189854,-3.939420627582987e-05,-0.6984129278312321
12,60,0.0025,0,0.2,1.5,1,1,100,200,-0.6895681377974856,-0.2538649027447296,-0.7752747718837503,-1.1400378927183477,1020,745,275,0.025649511831871585,0.06324673175575045,0.044448121793811024,0.018798609961939435,-0.10313091254355955,-0.42352190247057053,-0.0002809603844419666,-0.6985041833225222
48,120,0.005,0,-0.2,0.75,1,1,100,200,-0.7157013323731078,-0.2701115110466058,-0.7557811871819615,-1.037435487772803,1043,784,259,0.043455237464835345,0.09508522257157041,0.06927023001820289,0.025814992553367534,-0.32128686807150053,-0.2942842913527036,-0.00019964071563707272,-0.6998738790262267
30,60,0.005,0,0.2,2.5,1,1,100,200,-0.7011586379604562,-0.26093878769956835,-0.7716149342963408,-1.0661774695443027,1171,864,307,0.03266589442329969,0.07516134370345855,0.05391361906337912,0.02124772464007943,0.09445962550746234,-0.5095621586549223,-0.00021028079968445255,-0.7000551283249539
30,96,0.0,0,0.0,1.5,1,1,100,200,-0.686009483104224,-0.25173276987806315,-0.8116596520406366,-0.8524163242885654,1430,1057,373,0.045540294555684264,0.10835677643554525,0.07694853549561476,0.0314082409399305,0.10519915514504774,-0.41913635189828136,-7.785541296187018e-05,-0.7001834121128098
20,96,0.0,0,-0.2,2.5,1,1,100,200,-0.7032728334304221,-0.2622512132127348,-0.8105648982034337,-0.6567148836114675,1726,1261,465,0.07522753599205692,0.17491312262121464,0.12507032930663578,0.04984279331457885,-0.07622474906763621,-0.23848080464233568,-1.1937738533378773e-05,-0.700369406495025
48,120,0.01,0,0.2,2.5,1,1,100,200,-0.7161090503232039,-0.27037369737503125,-0.757055737921429,-1.0295942998546967,1250,946,304,0.0374979314909813,0.08039053450273043,0.05894423299685587,0.021446301505874565,-0.06999517062426974,-0.42961476325275216,-0.00019330011271368377,-0.7003812813284807
30,200,0.0025,0,-0.2,2.5,1,1,100,200,-0.7192218574448388,-0.27238477479559875,-0.7946505640785462,-0.6303180392968282,1992,1468,524,0.08856528214463015,0.20347509515141485,0.1460201886480225,0.057454906503392356,0.0723940029610779,-0.2909540194906387,8.441308157983154e-06,-0.7012259587997133
30,60,0.0,0,-0.2,999.0,1,1,100,200,-0.7012397476389814,-0.2609890094103693,-0.819120143583549,-0.6143901961102877,1696,1245,451,0.07827238126758233,0.1759060069501903,0.1270891941088863,0.048816812841303986,0.15205825704566034,-0.39434933495572777,-9.358797386817036e-06,-0.7012685910076581
48,96,0.005,0,0.0,1.5,1,1,100,200,-0.7059125868687857,-0.26389976577651986,-0.7834692960512148,-0.9246551056469363,1378,1019,359,0.044282641072315075,0.10412046996524905,0.07420155551878206,0.029918914446466986,0.042050566097541875,-0.43779931096185953,-0.00011148751332051614,-0.7018671690844741
48,200,0.0025,0,0.0,2.5,1,1,100,200,-0.7090544588291459,-0.2658764188495414,-0.8010567493818107,-0.7108816271142058,1893,1387,506,0.06152573225219262,0.14691378454410062,0.10421975839814662,0.042694026145953995,0.40623665588659463,-0.4670350900544371,-4.961601760990408e-06,-0.701948874896157
30,60,0.0,0,0.2,1.5,1,1,100,200,-0.6965065304844242,-0.2580752313336183,-0.7768147778273542,-1.1147930260596208,1090,796,294,0.02905841469468807,0.06930332616250207,0.04918087042859507,0.020122455733907,-0.04425386103932227,-0.45228266892073765,-0.0002461848348610869,-0.7022222715502765
30,60,0.005,0,0.0,999.0,1,1,100,200,-0.6940284905842129,-0.2565633111450848,-0.8113757352202744,-0.8009839150246286,1443,1086,357,0.05103425450934966,0.11265927519443984,0.08184676485189475,0.030812510342545094,0.45526482799446644,-0.5673260120078092,-7.311487576705784e-05,-0.7023003745064534
48,200,0.0025,0,0.2,2.5,1,1,100,200,-0.7136236912768988,-0.26877982777546805,-0.780980764401269,-0.8683253628880119,1623,1188,435,0.04365381433063048,0.1045507198411385,0.0741022670858845,0.030448452755254013,0.30301584701012185,-0.5053610669008273,-7.359029508019637e-05,-0.7026864781205031
48,200,0.0,0,0.0,2.5,1,1,100,200,-0.7051324285184526,-0.26341139819758497,-0.8099954938642449,-0.689672520073537,1970,1440,530,0.06377627006453748,0.15280489822935628,0.10829058414694688,0.0445143140824094,0.5042023847180825,-0.4752039181537445,7.688534592882491e-06,-0.7028927711333842
48,200,0.0,0,-0.2,999.0,1,1,100,200,-0.7302133025603137,-0.27962249395318817,-0.7930245530442664,-0.5406357095525791,2206,1625,581,0.10223398974019526,0.23203706768161508,0.16713552871090517,0.06490153897070991,0.20837121112240786,-0.32741129379142686,2.8108630325562794e-05,-0.7031665559529503
12,60,0.0025,0,0.0,999.0,1,1,100,200,-0.6869161049918795,-0.2522742367564108,-0.8246393470529848,-0.7968891117250376,1469,1095,374,0.04875062055270561,0.11229521760714876,0.08052291907992719,0.031772298527221576,0.3277280778325662,-0.5083900553650371,-6.439907487729488e-05,-0.7044383658691551
48,120,0.005,0,-0.2,1.5,1,1,100,200,-0.7248766535339161,-0.2760813136235091,-0.7813518651922446,-0.7633324758554987,1566,1164,402,0.06794638424623531,0.15677643554525897,0.11236140989574714,0.04441502564951183,-0.20914882646277255,-0.23867462898659764,-5.151997621306556e-05,-0.7049238700124063
12,96,0.0,0,0.0,2.5,1,1,100,200,-0.6821075793560637,-0.24941570259331047,-0.8322724410915956,-0.7919342469506717,1576,1163,413,0.05110044679794804,0.12033758067185173,0.08571901373489989,0.034618566936951846,0.4013527238973664,-0.5010668644407851,-4.200820393503143e-05,-0.7051486354866419
20,200,0.0025,0,-0.2,0.75,1,1,100,200,-0.7234064602763742,-0.2751148096454126,-0.7578377731224195,-1.0226339580973112,1165,874,291,0.048816812841303986,0.10508025814992554,0.07694853549561476,0.028131722654310774,-0.3687923247132384,-0.2152893224744895,-0.00016696634351446338,-0.7051653941114879
20,120,0.0,0,0.2,1.5,1,1,100,200,-0.7031179888757937,-0.2621548531368262,-0.7796515638832324,-1.0831725348359016,1241,910,331,0.032963759721992385,0.07863643885487341,0.055800099288432894,0.02283633956644051,-0.03178968047933084,-0.42962393255235753,-0.00018994088930925434,-0.7061392618202375
30,200,0.005,0,0.2,1.5,1,1,100,200,-0.7139848739332424,-0.2690108098663829,-0.7657014916316905,-1.0858788995026563,1329,977,352,0.03521429753433725,0.08267416845937449,0.05894423299685587,0.023729935462518618,0.038608264965083405,-0.46469896656362775,-0.00017505885968925977,-0.7061555006573611
12,60,0.0,0,0.2,2.5,1,1,100,200,-0.6873043966085252,-0.2525064978958771,-0.8066153913567359,-1.0078826612231755,1227,893,334,0.03223564454741023,0.07857024656627502,0.05540294555684263,0.0231673010094324,0.1270924307889838,-0.48752989184075846,-0.00016909072768694813,-0.7062083266354038
20,60,0.0025,0,-0.2,999.0,1,1,100,200,-0.7111631665916117,-0.2672120668960748,-0.8124894932948528,-0.6566524105684329,1625,1199,426,0.07400297865298693,0.16548072149594573,0.11974185007446632,0.0457388714214794,0.01256812888968728,-0.3570446217785548,-2.5985685770495114e-05,-0.7062894340719228
12,96,0.005,0,0.2,2.5,1,1,100,200,-0.7045938107835812,-0.2630747964038904,-0.7816756606280824,-1.0653473599099317,1228,909,319,0.034221413205361574,0.07830547741188151,0.05626344530862155,0.02204203210325997,0.10995390740317323,-0.5081438068366873,-0.0001935586782608572,-0.7071799947134282
12,120,0.0,0,0.0,1.5,1,1,100,200,-0.6962902805164284,-0.25794292350382975,-0.8090378460895216,-0.8971898520386216,1459,1074,385,0.04557339069998345,0.10852225715704121,0.07704782392851232,0.03147443322852888,0.12173906193631878,-0.4383524061593729,-8.491532408062674e-05,-0.7073213391505216
48,60,0.0,0,0.0,1.5,1,1,100,200,-0.6998506793742335,-0.26013032984695983,-0.8040481670424181,-0.9111193209804629,1363,1002,361,0.04249544928015886,0.10299520105907661,0.07274532516961774,0.030249875889458877,0.020721295329292122,-0.41859883704248246,-0.00010899673783033039,-0.7077103794171921
20,120,0.0025,0,-0.2,0.75,1,1,100,200,-0.7226230979562669,-0.274601399693842,-0.761727136163834,-1.0520147160695545,1049,782,267,0.042263776270064536,0.09521760714876717,0.06874069170941585,0.026476915439351316,-0.37381155058198623,-0.2514692216681029,-0.0002061952652693363,-0.7080657035792367
30,200,0.01,0,-0.2,999.0,1,1,100,200,-0.7384344175132422,-0.2851818782204546,-0.7832808631659154,-0.6459199296949398,1742,1340,402,0.09137845441006123,0.1847095813337746,0.13804401787191792,0.04666556346185669,-0.1892021725485451,-0.2290377484099233,-2.227967626041652e-05,-0.7091183062881593
30,96,0.0025,0,0.0,1.5,1,1,100,200,-0.7076337474297879,-0.2649806315500074,-0.7956864556997918,-0.9336768542867228,1381,1019,362,0.04325666059904021,0.104285950686745,0.07377130564289261,0.03051464504385239,-0.010903472671158654,-0.4102826586329953,-0.00011304034383667719,-0.7095077021142394
30,120,0.0025,0,-0.2,2.5,1,1,100,200,-0.7297024529702798,-0.2792812542277574,-0.7913339416341756,-0.6974966708526092,1771,1311,460,0.07870263114347179,0.18063875558497436,0.12967069336422307,0.05096806222075128,-0.12094004248622348,-0.25443151117150187,-2.206080467990591e-05,-0.7098230585874756
20,200,0.0025,0,-0.2,1.5,1,1,100,200,-0.7319917727397369,-0.28081427657893754,-0.7837786480352608,-0.7572251837445767,1733,1276,457,0.07390369022008936,0.17173589276849247,0.12281979149429091,0.048916101274201554,-0.1717676394432095,-0.23014983016695179,-3.3738437165114704e-05,-0.7105648597837967
20,60,0.0025,0,0.2,1.5,1,1,100,200,-0.7094540771195212,-0.26612897704719995,-0.7716452465927495,-1.1930140948001502,1036,756,280,0.026476915439351316,0.06480225053781234,0.04563958298858183,0.019162667549230513,-0.1349715013552909,-0.43609600500493595,-0.00030226987136627403,-0.7116023050835822
48,200,0.005,0,0.0,999.0,1,1,100,200,-0.7199868061288972,-0.27288153830575534,-0.807984573549387,-0.6986139953619018,1865,1392,473,0.06572894257818965,0.14741022670858844,0.10656958464338905,0.040840642065199405,0.4640760293576347,-0.5141764685689012,-1.2118635067743957e-05,-0.711804524848544
48,120,0.01,0,0.0,2.5,1,1,100,200,-0.7310622710448296,-0.28019066488289057,-0.7741396740220217,-0.897121231950655,1459,1109,350,0.053350984610292904,0.11378454410061228,0.08356776435545259,0.03021677974515969,-0.01904967461506668,-0.4312757155116399,-0.00010658456856814842,-0.7121165634914342
12,200,0.005,0,0.0,1.5,1,1,100,200,-0.7184314031719862,-0.2718725124949747,-0.7871708088725273,-0.9469354015134007,1494,1108,386,0.048816812841303986,0.11203044845275525,0.08042363064702962,0.031606817805725634,0.06708566798968785,-0.4429630052162129,-9.793424190711054e-05,-0.7128046870069084
48,60,0.0,0,0.2,1.5,1,1,100,200,-0.709962740819884,-0.266450828758949,-0.7795426253308386,-1.1322549455630957,1137,827,310,0.029687241436372663,0.07271222902531856,0.05119973523084561,0.021512493794472943,-0.09099408392260822,-0.43656315914032207,-0.0002420023831529539,-0.7128348887025231
30,96,0.0025,0,0.2,1.5,1,1,100,200,-0.7136957383157239,-0.26882588556633225,-0.7739009013093803,-1.142845694564336,1160,847,313,0.0301836836008605,0.07367201720999504,0.051927850405427765,0.02174416680456727,-0.07273580505799138,-0.4484586022415967,-0.0002392582414339182,-0.7129186209492392
20,96,0.0,0,0.0,1.5,1,1,100,200,-0.7036252575749584,-0.26247066807824226,-0.8090578764573326,-0.9188259863053649,1408,1033,375,0.04405096806222075,0.10541121959291742,0.0747310938275691,0.030680125765348336,0.05353283577872747,-0.43113018493067246,-0.00010308013881974976,-0.7129409056221768
48,120,0.0025,0,-0.2,0.75,1,1,100,200,-0.7274071911449707,-0.27775399348862717,-0.7658367775093554,-1.0529908052368613,1082,809,273,0.044547410226708585,0.09869270230018203,0.07162005626344531,0.02707264603673672,-0.3676246904001996,-0.25945481534623305,-0.00019799131255052486,-0.713321922505148
30,96,0.005,0,0.0,2.5,1,1,100,200,-0.7064801556737423,-0.2642556660937976,-0.8146906557069401,-0.8446489635837794,1510,1123,387,0.051265927519443984,0.1173920238292239,0.08432897567433394,0.03306304815488995,0.2162434847776329,-0.48643989872398496,-7.342429714834118e-05,-0.7138334421264565
30,96,0.005,0,0.2,2.5,1,1,100,200,-0.7112753335725108,-0.2672833175612891,-0.7907876620544431,-1.0357501123003336,1290,951,339,0.03594241270891941,0.08366705278835015,0.059804732748634785,0.023862320039715373,0.10659037441676622,-0.5026215160797916,-0.00017327691200385464,-0.7144646542035272
20,120,0.005,0,0.2,2.5,1,1,100,200,-0.7139888466153438,-0.2690133516756603,-0.7875895561854727,-1.0451325119414703,1322,980,342,0.036968393182194276,0.08542114843620718,0.06119477080920073,0.024226377627006454,0.10444952484706627,-0.49837688553413706,-0.0001672158460086272,-0.7150647553654702
48,200,0.0025,0,-0.2,999.0,1,1,100,200,-0.7412431416717302,-0.28711124355600925,-0.7993502522580596,-0.5737412261721442,2130,1577,553,0.09918914446466987,0.22382922389541618,0.16150918418004304,0.06232003971537316,0.10169820662365536,-0.3188365785984658,1.6424981579189953e-05,-0.7154734309936462
20,96,0.0025,0,-0.2,2.5,1,1,100,200,-0.7309715729466862,-0.28012990121756565,-0.7976552698765356,-0.7390060712754443,1666,1225,441,0.07271222902531856,0.16836008604997518,0.12053615753764686,0.04782392851232831,-0.1897739616502081,-0.23607670814574222,-3.8815389310202945e-05,-0.7159078397196057
20,200,0.0,0,-0.2,2.5,1,1,100,200,-0.7274190854090621,-0.2777618830047369,-0.812599543638615,-0.6488532622899225,2014,1476,538,0.08988912791659771,0.20585801754095648,0.1478735727287771,0.05798444481217938,0.09673340922592244,-0.3194840880714449,5.4669199046380355e-06,-0.7165043179385405
12,200,0.0,0,-0.2,2.5,1,1,100,200,-0.7270796681229477,-0.2775368473936838,-0.8125354376599533,-0.6595245137495482,1977,1447,530,0.08753930167135529,0.2017871917921562,0.14466324673175576,0.057123945060400465,-0.006894876743245404,-0.2613339741930796,1.6256143180149107e-06,-0.7167807919111379
20,120,0.0,0,0.0,1.5,1,1,100,200,-0.7083800768596535,-0.2654507994878812,-0.8118881896405976,-0.9121921346135626,1473,1087,386,0.04693033261625021,0.11113685255667714,0.07903359258646368,0.03210325997021347,0.04745538187794951,-0.41840651128687467,-9.104614248670163e-05,-0.7170045010388582
12,120,0.005,0,0.0,2.5,1,1,100,200,-0.7113932228329392,-0.2673582254997833,-0.8113980669850016,-0.8839010020310658,1524,1136,388,0.05136521595234155,0.11649842793314578,0.08393182194274366,0.03256660599040212,0.22656177936920474,-0.49576585248688587,-7.921907349091263e-05,-0.7172523090938374
48,60,0.0025,0,0.0,1.5,1,1,100,200,-0.7212605204749177,-0.2737109601356187,-0.7875485860521264,-0.9972132152465081,1315,965,350,0.04017871917921562,0.09889127916597716,0.0695349991725964,0.029356279993380772,-0.0884658987671254,-0.40973695081887684,-0.00014813865524917311,-0.7173459139240074
20,120,0.005,0,0.0,2.5,1,1,100,200,-0.7110736582899423,-0.26715522434721617,-0.8159532584563943,-0.8565589512042139,1544,1151,393,0.05262286943571074,0.11987423465166308,0.08624855204368691,0.03362568260797617,0.22408893770199723,-0.48910300014916375,-7.145232361384348e-05,-0.7179598011356241
48,96,0.0,0,-0.2,2.5,1,1,100,200,-0.7372089928314067,-0.2843449749277268,-0.7986330286593709,-0.7029626258399585,1828,1352,476,0.08164818798609962,0.18696011914611949,0.13430415356610956,0.05265596558000993,-0.08630329618805332,-0.28244884631759926,-1.9911239557059258e-05,-0.7188096205494101
30,60,0.0025,0,-0.2,999.0,1,1,100,200,-0.7320328478558791,-0.28084187165620955,-0.8073237068695417,-0.7004415399479224,1636,1209,427,0.07562468972364719,0.16915439351315573,0.12238954161840146,0.04676485189475426,-0.006753719021463933,-0.3885424072607422,-3.812421408623235e-05,-0.7195258020883766
48,120,0.005,0,0.2,1.5,1,1,100,200,-0.7260568791432057,-0.27685999863887767,-0.7699601444056254,-1.1575910174059767,1230,901,329,0.03266589442329969,0.07714711236140989,0.05490650339235479,0.022240608969055106,-0.10606213185040902,-0.4330941146395282,-0.00022987450015381677,-0.7197196217119892
30,120,0.0,0,0.2,1.5,1,1,100,200,-0.7250150338401962,-0.2761724839385764,-0.7720739461778905,-1.154013355309359,1261,923,338,0.03362568260797617,0.08015886149263611,0.05689227205030614,0.02326658944232997,-0.0673891329710915,-0.4460129297927782,-0.00021331948207919824,-0.7199101247929895
30,60,0.01,0,0.2,999.0,1,1,100,200,-0.7376786223079634,-0.28466536173486356,-0.7578102926344564,-1.1281039748824238,1107,850,257,0.03541287440013238,0.07214959457223233,0.05378123448618236,0.018368360086049976,-0.09575892013339582,-0.49534850683601206,-0.00028682208185907356,-0.7199757067962129
48,200,0.01,0,0.2,999.0,1,1,100,200,-0.7401570211541839,-0.28636331400707493,-0.7707968513146387,-0.9946373042861644,1420,1082,338,0.044017871917921565,0.09253681946053285,0.0682773456892272,0.024259473771305645,-0.009856533119344979,-0.466125650579323,-0.00015809460403870158,-0.7214936048787024
48,96,0.0,0,0.2,1.5,1,1,100,200,-0.7294036040998331,-0.2790818518361886,-0.7713795636744076,-1.176192520146735,1253,917,336,0.03329472116498428,0.07962932318384908,0.05646202217441668,0.0231673010094324,-0.06672723762217148,-0.45741603642760775,-0.00022356481855345548,-0.7235812596807292
48,60,0.005,0,0.0,2.5,1,1,100,200,-0.7245714789247191,-0.2758803741852075,-0.8038382343728369,-0.9198233031831328,1443,1071,372,0.04818798609961939,0.11146781399966904,0.07982790004964421,0.03163991395002482,0.08453432824184093,-0.47737830064623366,-0.00010832974543754672,-0.7237906565307826
12,200,0.01,0,-0.2,999.0,1,1,100,200,-0.7513005518134674,-0.2941513264919037,-0.7908480140461626,-0.7037252713937776,1687,1299,388,0.08886314744332285,0.17815654476253517,0.13350984610292901,0.04464669865960615,-0.2732540366022854,-0.204369906471634,-4.0350979487569745e-05,-0.7247615970846739
12,96,0.0,0,-0.2,999.0,1,1,100,200,-0.7307074973762391,-0.2799530698138184,-0.8238776010941556,-0.6750591983642221,1780,1317,463,0.08277345689227206,0.18331954327320868,0.13304650008274035,0.05027304319046831,0.04337991277344311,-0.3713621261464445,-1.9086477795961717e-05,-0.7256448302791074
48,96,0.0025,0,-0.2,2.5,1,1,100,200,-0.7434982560368151,-0.2886717193236382,-0.8015676634143245,-0.7296710437593515,1766,1311,455,0.07870263114347179,0.18044017871917922,0.1295714049313255,0.05086877378785371,-0.1457681492402637,-0.27373938712961565,-3.1748575448499386e-05,-0.7259391032187681
30,120,0.0,0,0.0,1.5,1,1,100,200,-0.7241062527968939,-0.27557437120216777,-0.8056005386186287,-0.9546172226787492,1491,1099,392,0.047559159357934803,0.11289094820453417,0.08022505378123448,0.03266589442329969,0.02668993429546962,-0.43356502874596725,-0.00010272858337820726,-0.7261055016454195
12,200,0.005,0,0.2,1.5,1,1,100,200,-0.732029630738201,-0.28083971021833043,-0.7718543487797689,-1.196782506442445,1269,939,330,0.03402283633956644,0.0789674002978653,0.05649511831871587,0.02247228197914943,-0.07175620838017649,-0.4554302877359766,-0.00022703265095351627,-0.7266060099303371
20,200,0.005,0,0.0,1.5,1,1,100,200,-0.7323112818221162,-0.2810290127628684,-0.79428671586663,-0.9707409768746156,1521,1125,396,0.04954492801588615,0.11388383253350985,0.081714380274698,0.03216945225881185,0.05995185212735077,-0.459609779069274,-0.00010535016255185477,-0.7267094195399142
30,60,0.0025,0,0.2,1.5,1,1,100,200,-0.7272445763153237,-0.27764615625237166,-0.7733499033424467,-1.2480355820689144,1050,766,284,0.027337415191130233,0.06625848088697667,0.04679794803905345,0.019460532847923217,-0.14220515288546165,-0.46240950023742367,-0.00032260308310290994,-0.7267228870270407
12,96,0.0025,0,0.2,1.5,1,1,100,200,-0.721486712360244,-0.2738585495124859,-0.7856998855914976,-1.2201614811552663,1108,810,298,0.02862816481879861,0.06927023001820289,0.04894919741850075,0.020321032599702134,-0.11435884963240528,-0.4526722783910966,-0.00028429992498132294,-0.727716566365998
12,120,0.005,0,-0.2,999.0,1,1,100,200,-0.7480886139861758,-0.29188016958045704,-0.8001543788400475,-0.7322638814408439,1721,1293,428,0.0826410723150753,0.17756081416514977,0.13010094324011254,0.047459870925037236,-0.1326071122757848,-0.3131912791446233,-3.882169592769058e-05,-0.728570553072523
12,96,0.0025,0,0.0,2.5,1,1,100,200,-0.7148476736375742,-0.26956347049245133,-0.8278651320210895,-0.9031371505425054,1512,1119,393,0.04888300512990237,0.11507529372828065,0.08197914942909151,0.03309614429918915,0.19343371421615108,-0.4910356612459832,-8.6226311038451e-05,-0.7286528940301213
20,96,0.01,0,-0.2,999.0,1,1,100,200,-0.7510392545487774,-0.29396574459197056,-0.7940845811898487,-0.7554566983085124,1501,1158,343,0.07946384246235313,0.1576369352970379,0.11855038887969552,0.03908654641734238,-0.3491035467399084,-0.18971370955896738,-7.093763473722136e-05,-0.7287808701023205
48,120,0.005,0,-0.2,2.5,1,1,100,200,-0.7458447474819526,-0.2903063824154234,-0.8038123817620779,-0.7313931302191815,1765,1315,450,0.08095316895581665,0.18183021677974515,0.1313916928677809,0.05043852391196425,-0.14783562917935178,-0.27899803943589097,-3.279898516883531e-05,-0.7287822298074215
30,200,0.0,0,0.0,1.5,1,1,100,200,-0.7257892241532696,-0.2766831860122472,-0.8153268417696117,-0.9038547018549107,1698,1241,457,0.053350984610292904,0.12748634784047658,0.09041866622538475,0.037067681615091844,0.1468256235308365,-0.4410211773598326,-6.11074009714122e-05,-0.7295393419897985
12,96,0.01,0,0.2,999.0,1,1,100,200,-0.7428628750845474,-0.28823101629566406,-0.7693952784613398,-1.1363594076377812,1161,891,270,0.036637431739202385,0.07509515141486017,0.055866291577031275,0.019228859837828894,-0.10657308483051953,-0.4856286785952745,-0.0002714150826724895,-0.729746625908223
20,60,0.0,0,0.2,2.5,1,1,100,200,-0.7191659894644187,-0.27234853347634813,-0.8061971157843179,-1.1001888930339523,1247,907,340,0.03329472116498428,0.08009266920403774,0.056693695184511006,0.023398974019526723,0.04082914023085227,-0.49659145043622044,-0.00020486678870042027,-0.7304565360202048
20,120,0.0025,0,0.2,1.5,1,1,100,200,-0.7327318618902762,-0.2813119700208434,-0.778005080131263,-1.2094556136268566,1197,876,321,0.031110375641237795,0.07545920900215125,0.05328479232169452,0.022174416680456728,-0.13127755587415557,-0.44016970478624784,-0.0002553210051886192,-0.7307872907678178
30,200,0.0,0,0.2,1.5,1,1,100,200,-0.7325996538455752,-0.2812229873310377,-0.7873703353902287,-1.1183022950182906,1437,1047,390,0.0374979314909813,0.09012080092669204,0.06380936620883668,0.02631143471785537,0.021447699015646693,-0.46288849874624816,-0.00016282935694547266,-0.7308232697770665
20,120,0.0025,0,0.0,1.5,1,1,100,200,-0.7322417536065753,-0.2809822677766035,-0.7989955325191422,-1.0074050629610047,1419,1045,374,0.04441502564951183,0.10676816150918418,0.07559159357934801,0.031176567929836176,-0.07797350827436755,-0.40951557177248543,-0.00013137446092190033,-0.7308502871842248
20,120,0.01,0,0.0,999.0,1,1,100,200,-0.748521866560758,-0.292185250610666,-0.7857236662839406,-0.9208639356169952,1446,1120,326,0.05632963759721992,0.11517458216117822,0.08575210987919907,0.02942247228197915,0.019475316237025364,-0.49161005959177906,-0.00012332807479815478,-0.7310902805334861
30,96,0.005,0,-0.2,999.0,1,1,100,200,-0.7513166163982185,-0.2941627408563088,-0.8027152084926822,-0.715384168102792,1705,1278,427,0.0826079761707761,0.17891775608141652,0.1307628661260963,0.048154889955320204,-0.17660766351732937,-0.29145313163822517,-3.975747736528914e-05,-0.7312895535077896
12,120,0.01,0,0.0,999.0,1,1,100,200,-0.7486197280838977,-0.29225421575362565,-0.7834964741552433,-0.947125681796343,1426,1101,325,0.05484031110375641,0.11196425616415688,0.08340228363395664,0.028561972530200232,0.008319562166913874,-0.49129922045051966,-0.000132578388864292,-0.7313587369210645
30,96,0.01,0,0.0,999.0,1,1,100,200,-0.7498543201247332,-0.2931259930344837,-0.7845597776825384,-0.9261674337035998,1424,1102,322,0.05543604170114182,0.11342048651332119,0.0844282641072315,0.02899222240608969,0.00452940119032097,-0.49239562607249376,-0.00013010000263661574,-0.7317142535609329
20,96,0.0025,0,0.0,1.5,1,1,100,200,-0.7319195484161416,-0.28076576253427843,-0.7990029477819969,-1.029156861106272,1358,996,362,0.04183352639417508,0.1012080092669204,0.07152076783054774,0.029687241436372663,-0.06546939128891127,-0.434241203340586,-0.00015017842694687485,-0.7317250794805905
20,120,0.005,0,-0.2,999.0,1,1,100,200,-0.7514231150353896,-0.2942384252820309,-0.803910851597702,-0.7136125836277106,1744,1311,433,0.08452755254012907,0.1823597550885322,0.13344365381433063,0.048916101274201554,-0.16174167975937703,-0.29061440618447676,-3.533768921416968e-05,-0.7318744802622674
48,200,0.005,0,0.2,999.0,1,1,100,200,-0.7453338697094751,-0.28994952330049717,-0.79231241726417,-0.9188113914391113,1614,1204,410,0.046698659606155886,0.10508025814992554,0.0758894588780407,0.029190799271884827,0.22684841804315692,-0.5349213797414476,-0.00010652293669453678,-0.7320463015045378
48,60,0.0025,0,0.2,1.5,1,1,100,200,-0.7350897580606074,-0.2829045234312608,-0.774483627165075,-1.245247326757598,1099,798,301,0.027933145788515638,0.06970047989409234,0.048816812841303986,0.02088366705278835,-0.16999230545028188,-0.4470050953585839,-0.0003061628351767497,-0.7324087033516782
12,200,0.0025,0,-0.2,2.5,1,1,100,200,-0.7503204148366246,-0.2934559533085662,-0.8052818741223048,-0.7341531189354593,1903,1403,500,0.08469303326162501,0.19377792487175244,0.13923547906668873,0.05454244580506371,-0.1292275978336802,-0.257300862449958,-2.1185795869349402e-05,-0.7328045463164916
12,120,0.0,0,0.2,1.5,1,1,100,200,-0.7238772285783892,-0.27542387234431487,-0.7976995606710591,-1.1773326589258708,1216,886,330,0.031772298527221576,0.07645209333112693,0.05411219592917425,0.022339897401952673,-0.03176766529701747,-0.47611046721278516,-0.00023388522523398394,-0.733140285626138
20,60,0.0,0,0.0,999.0,1,1,100,200,-0.717102286521831,-0.27101358944497433,-0.8404747732289367,-0.8442563349767,1545,1142,403,0.0518285619725302,0.11967565778586794,0.08575210987919907,0.03392354790666887,0.3593176931588582,-0.5493028042965629,-7.428473627651967e-05,-0.7334637928082778
30,200,0.005,0,0.0,2.5,1,1,100,200,-0.7336914712457786,-0.28195882650316306,-0.8176053407967963,-0.8627420904633519,1752,1297,455,0.05920900215124938,0.1353963263279828,0.09730266423961609,0.0380936620883667,0.2507087272567059,-0.48859378292539923,-5.244314393520656e-05,-0.7338986014247288
48,96,0.01,0,-0.2,999.0,1,1,100,200,-0.7560791783253336,-0.29757133120107215,-0.8008192847717325,-0.7270471783676693,1587,1229,358,0.08426278338573556,0.16839318219427438,0.12632798279000496,0.0420651994042694,-0.29724976320423524,-0.2323792126854871,-5.748775709154374e-05,-0.734333332505322
12,120,0.0025,0,0.0,1.5,1,1,100,200,-0.732003085719521,-0.28082187654664226,-0.8044347969214164,-1.0319432254205843,1403,1032,371,0.04315737216614265,0.10385570081085553,0.07350653648849909,0.030349164322356445,-0.05003259029290075,-0.4309441974440853,-0.00013949941565316855,-0.7346364362783796
48,120,0.0,0,-0.2,1.5,1,1,100,200,-0.7502150823154092,-0.2933813453844638,-0.8018529282397676,-0.808430148306348,1681,1241,440,0.07231507529372828,0.16849247062717193,0.12040377296045011,0.04808869766672183,-0.2557635712876818,-0.22201524608498813,-5.3327330781150185e-05,-0.7347293169196649
20,200,0.005,0,0.2,1.5,1,1,100,200,-0.7359767936781685,-0.28350638973265563,-0.783901003966303,-1.1869729365727968,1293,953,340,0.03465166308125103,0.08032434221413205,0.05748800264769154,0.02283633956644051,-0.03817742932111334,-0.4759306807569814,-0.00022238206092031605,-0.734805538544447
48,60,0.005,0,0.2,2.5,1,1,100,200,-0.739819878220561,-0.2861316257240072,-0.7815852044127694,-1.1612178708093857,1227,903,324,0.03369187489657455,0.0792321694522588,0.05646202217441668,0.022770147277842132,-0.05270119275447682,-0.4926666418919037,-0.00024194377225660068,-0.7349851214708611
20,96,0.005,0,0.0,2.5,1,1,100,200,-0.7347418083007538,-0.28266884708033047,-0.8122280098689695,-0.953375542931665,1487,1105,382,0.04977660102598047,0.11378454410061228,0.08178057256329638,0.032003971537315906,0.10244282043416364,-0.4938357944733348,-0.00011081967458229474,-0.7364516291613984
48,120,0.005,0,0.0,1.5,1,1,100,200,-0.7440460708396144,-0.28905234353337805,-0.7943426813085281,-1.0193331630889824,1440,1059,381,0.046136025153069665,0.10888631474433229,0.07751116994870097,0.03137514479563131,-0.08942322484910936,-0.42241559619484303,-0.00013697093408197216,-0.7371903423420912
48,96,0.0025,0,0.2,1.5,1,1,100,200,-0.7416181998109259,-0.2873700645557823,-0.7802780363690918,-1.237748186986797,1211,884,327,0.0314082409399305,0.07648518947542611,0.053946715207678304,0.022538474267747806,-0.11090094498261549,-0.4674715151073997,-0.0002630190596280348,-0.7393964920896681
30,120,0.0025,0,0.0,1.5,1,1,100,200,-0.7450945928360574,-0.28978256777381006,-0.794801975681019,-1.0442916653918792,1438,1057,381,0.045043852391196425,0.10858844944563958,0.07681615091841801,0.031772298527221576,-0.090096969230681,-0.4249312615845976,-0.00014072168355614814,-0.7393981388839135
20,200,0.0025,0,-0.2,2.5,1,1,100,200,-0.7567938750865515,-0.29808713866688075,-0.8089905186095052,-0.7382649557066537,1940,1432,508,0.08707595565116664,0.19801423134204865,0.14254509349660766,0.055469137845441004,-0.06291610913221768,-0.31519482296298884,-2.0788990577072667e-05,-0.739495645756966
20,120,0.01,0,0.2,999.0,1,1,100,200,-0.7501937930609999,-0.29336626888912753,-0.7810697923409486,-1.1123073821456675,1241,953,288,0.03911964256164157,0.08148270726460367,0.06030117491312262,0.021181532351481052,-0.11396510170299345,-0.4755555235346204,-0.0002408167163455701,-0.7395165341668852
48,120,0.0025,0,-0.2,1.5,1,1,100,200,-0.7542598509625826,-0.29626338904257576,-0.804010033787323,-0.831559225191852,1629,1204,425,0.06917094158530532,0.1628330299520106,0.11600198576865794,0.04683104418335264,-0.28828484097555174,-0.22018565588396588,-6.479702245841394e-05,-0.7398463671958299
30,96,0.01,0,0.2,999.0,1,1,100,200,-0.7504405312699223,-0.293541061604755,-0.7815712920580509,-1.1129936115955257,1220,931,289,0.03835843124276022,0.08025814992553368,0.059308290584146946,0.02094985934138673,-0.11496458192820369,-0.48096184148103593,-0.00024919985751052263,-0.7399763882135567
12,120,0.005,0,0.2,2.5,1,1,100,200,-0.7412121929764672,-0.2870898989715698,-0.7928756729000715,-1.1667007898141923,1293,956,337,0.035810028131722654,0.08274036074797286,0.05927519443984776,0.023465166308125104,0.040558040219024205,-0.5251908278269655,-0.00022064106248052395,-0.7418627749123152
20,96,0.0,0,0.2,1.5,1,1,100,200,-0.7362592940623472,-0.2836983885034987,-0.7957206252086508,-1.2276522117986888,1174,855,319,0.030878702631143472,0.07443322852887639,0.05265596558000993,0.021777262948866456,-0.10803178472116715,-0.4681092957555706,-0.00027024117108144903,-0.7429413116977586
48,96,0.005,0,0.2,2.5,1,1,100,200,-0.746450716749548,-0.2907303628647998,-0.7901865624579437,-1.1435832718711327,1341,989,352,0.037332450769485354,0.0865795134866788,0.06195598212808208,0.024623531358596722,0.02230738323675796,-0.5149928256320813,-0.00020597607055969065,-0.7430028076873284
12,60,0.0025,0,0.2,2.5,1,1,100,200,-0.7296253057386772,-0.27922976308431846,-0.8103048445045363,-1.1725502364318308,1174,859,315,0.030746318053946717,0.0746979976832699,0.05272215786860831,0.021975839814661592,-0.035378187902195046,-0.4957991445339899,-0.0002558019210597716,-0.7430096971581781
30,200,0.01,0,0.0,999.0,1,1,100,200,-0.7621762238645844,-0.3020086187662039,-0.7919161822109608,-0.9059410056873689,1606,1229,377,0.06122786695349992,0.12735396326327983,0.09429091510838987,0.03306304815488995,0.042264975219078016,-0.4905485421104926,-9.960771114711094e-05,-0.7432637601560528
12,96,0.0,0,0.2,2.5,1,1,100,200,-0.7329543750337536,-0.28146180713390057,-0.8138760486607574,-1.1236528768835599,1327,966,361,0.03577693198742347,0.08535495614760881,0.060565944067516135,0.024789012080092668,0.08019119947838371,-0.5199225754132978,-0.0001940865138861518,-0.7445824753084572
48,96,0.0,0,0.0,1.5,1,1,100,200,-0.7449299238367947,-0.2896677381543088,-0.8074578567828942,-1.02378744119029,1483,1094,389,0.04702962104914778,0.11236140989574714,0.07969551547244746,0.03266589442329969,-0.03293769788544865,-0.4462484557543164,-0.00012756019802324665,-0.7445860386052703
12,96,0.0025,0,-0.2,999.0,1,1,100,200,-0.7560576029989814,-0.29755577758902263,-0.8190417432048771,-0.7559395247579336,1719,1280,439,0.0798940923382426,0.176203872248883,0.1280489822935628,0.048154889955320204,-0.10276934818574512,-0.35767822886837064,-4.553013474121602e-05,-0.7448736254293579
30,200,0.0025,0,0.0,1.5,1,1,100,200,-0.7505839495452866,-0.29364272061391794,-0.8037842201147349,-1.003930353010687,1634,1192,442,0.05076948535495615,0.12245573390699983,0.08661260963097799,0.03584312427602184,0.002487883179626227,-0.43668334514965723,-9.961503478597391e-05,-0.7457313483218198
30,60,0.0,0,0.2,2.5,1,1,100,200,-0.738050919098924,-0.28491965271650277,-0.808597609775809,-1.1553142073592115,1265,919,346,0.03425450934966076,0.08197914942909151,0.05811682938937614,0.023862320039715373,0.018928010726034783,-0.5160134049614722,-0.00022349259868923127,-0.7469841679723679
48,96,0.0025,0,0.0,1.5,1,1,100,200,-0.7513680998664625,-0.2941993251137184,-0.7996474854940556,-1.063398045593429,1431,1053,378,0.04458050637100778,0.10812510342545094,0.07635280489822936,0.031772298527221576,-0.09533537191463892,-0.43780801308941286,-0.00014977709811639213,-0.7471929701404176
12,200,0.0,0,0.0,1.5,1,1,100,200,-0.7471855671297147,-0.29124553833345346,-0.8126279419858734,-1.0010101973518473,1622,1190,432,0.0512328313751448,0.12199238788681119,0.08661260963097799,0.035379778255833196,0.012197910694258018,-0.43786926093379286,-9.865421055072388e-05,-0.7476100191939826
20,200,0.01,0,-0.2,999.0,1,1,100,200,-0.7688286903374261,-0.30694850735731694,-0.8082213564881316,-0.7351122719231129,1710,1317,393,0.09071653152407745,0.18133377461525732,0.1360251530696674,0.04530862154558994,-0.26789784796590554,-0.2573624693287102,-4.911124405548016e-05,-0.7478147991975385
12,96,0.005,0,0.0,999.0,1,1,100,200,-0.7445461893304972,-0.2894003617612031,-0.8269319918651455,-0.9390167703486165,1515,1144,371,0.05378123448618236,0.1176567929836174,0.08571901373489989,0.031937779248717525,0.22159952454509413,-0.5538880339022956,-0.00010961924901969426,-0.7498171962112068
48,60,0.005,0,-0.2,999.0,1,1,100,200,-0.7662775473601315,-0.3050416744549532,-0.813223130613381,-0.7847809384296606,1633,1222,411,0.0777097468144961,0.16998179712063544,0.12384577196756578,0.046136025153069665,-0.22791083345780172,-0.3149486906985308,-6.381799157046913e-05,-0.7508922866831268
30,120,0.0025,0,0.2,1.5,1,1,100,200,-0.7507542537991311,-0.29376349411000324,-0.7882636191145042,-1.2734528391136466,1220,891,329,0.031772298527221576,0.07704782392851232,0.05441006122786695,0.022637762700645374,-0.1562027161559003,-0.45627973741582695,-0.0002745495438695243,-0.7515679456229376
12,200,0.0,0,0.2,1.5,1,1,100,200,-0.7528281256150084,-0.2952391945545545,-0.7918271149997873,-1.2311857900745167,1367,998,369,0.03577693198742347,0.08588449445639583,0.060830713221909645,0.02505378123448618,-0.10566775181684362,-0.4524614857285406,-0.0002175420793482148,-0.752712041558174
48,60,0.01,0,0.0,999.0,1,1,100,200,-0.766214389943822,-0.30499466625396066,-0.7954373543022755,-1.0018968066484855,1359,1052,307,0.052755254012907496,0.10769485354956147,0.08022505378123448,0.02746979976832699,-0.0939660036470622,-0.49084480045449963,-0.00016998370361632182,-0.7528081837375227
30,60,0.0,0,0.0,999.0,1,1,100,200,-0.7383459212290064,-0.2851213413652226,-0.845700714903485,-0.897224330787762,1565,1160,405,0.0530531193116002,0.1225550223398974,0.0878040708257488,0.0347509515141486,0.34896919221654876,-0.5757265094756914,-8.992905415005721e-05,-0.7528329153563532
20,60,0.0025,0,0.2,2.5,1,1,100,200,-0.7469118092898314,-0.29105348615207227,-0.8027061340228524,-1.221805839775032,1195,873,322,0.031606817805725634,0.07641899718682774,0.054012907496276685,0.02240608969055105,-0.08365427208490117,-0.49792526356259514,-0.00027266189557232013,-0.75349684515225
20,200,0.0,0,0.2,1.5,1,1,100,200,-0.7519620386292909,-0.29462179042906933,-0.7982798553218534,-1.2126482874760731,1393,1017,376,0.03667052788350157,0.08744001323845772,0.06205527056097965,0.025384742677478075,-0.058738015751810035,-0.4711050894925909,-0.00020629528732718123,-0.7543941324637996
30,200,0.005,0,0.2,2.5,1,1,100,200,-0.7562881643010354,-0.2977220422001374,-0.801438472569219,-1.1238631540017816,1507,1115,392,0.04180043024987589,0.0963428760549396,0.06907165315240775,0.027271222902531856,0.08773072807558724,-0.5239221750228555,-0.00016565993997892187,-0.7546344361848359
20,60,0.0025,0,0.0,999.0,1,1,100,200,-0.7467510721247321,-0.2909407950911984,-0.8339815574727012,-0.9518597793579749,1482,1098,384,0.049578024160185336,0.11457885156379281,0.08207843786198908,0.03250041370180374,0.17068555477365321,-0.5460583343778926,-0.00012037896571604837,-0.7555245627954478
20,200,0.0,0,0.0,1.5,1,1,100,200,-0.7540252231582354,-0.29609524051413016,-0.8178063090686188,-1.0107062092644712,1653,1212,441,0.052258811848419656,0.12394506040046335,0.0881019361244415,0.03584312427602184,0.042140427832272565,-0.4604912574016443,-9.919669742936901e-05,-0.7555337055116631
20,96,0.01,0,0.0,999.0,1,1,100,200,-0.7683662647420814,-0.30660170423892974,-0.7978623637730132,-1.0108642369710592,1400,1083,317,0.054012907496276685,0.10987919907330795,0.08194605328479232,0.027933145788515638,-0.08309064622183115,-0.4911877349181828,-0.00016335290139127381,-0.7560760979739893
20,96,0.005,0,0.2,2.5,1,1,100,200,-0.7569794540904211,-0.2982212596461983,-0.7937981597430321,-1.228655200153748,1261,930,331,0.03485023994704617,0.08092007281151746,0.057885156379281814,0.023034916432235646,-0.05602545372021073,-0.5163024835736554,-0.00025792689062043234,-0.7565530995254017
48,96,0.005,0,0.0,2.5,1,1,100,200,-0.7574988319642603,-0.2985970311039139,-0.8189667323469905,-0.9857416718894205,1560,1158,402,0.052920734734403445,0.12136356114512659,0.08714214793976502,0.034221413205361574,0.0701326576696848,-0.5055633804286127,-0.00011473565236497239,-0.7573674808718801
30,120,0.01,0,-0.2,999.0,1,1,100,200,-0.774011175322579,-0.31087122240838294,-0.8158494753261091,-0.7819798766302353,1589,1228,361,0.08409730266423962,0.1682938937613768,0.1261955982128082,0.042098295548568594,-0.34913357504668474,-0.2313504966826908,-7.274260861780794e-05,-0.7578949539029493
30,200,0.005,0,-0.2,999.0,1,1,100,200,-0.7758868650035982,-0.3123075877450323,-0.8186341719079011,-0.7287357746575426,1972,1481,491,0.09607810690054609,0.20714876716862485,0.15161343703458546,0.055535330134039385,-0.10054268058617921,-0.3319511835070609,-2.454227538924409e-05,-0.75806146243186
12,60,0.005,0,0.2,999.0,1,1,100,200,-0.7616239310436324,-0.30160318358358373,-0.7899149583368091,-1.2319096368122902,1183,886,297,0.03408902862816482,0.0761873241767334,0.05513817640244911,0.021049147774284297,-0.10291922542456677,-0.5198460201315782,-0.000297824006297249,-0.7581561445926027
20,120,0.0,0,0.2,2.5,1,1,100,200,-0.7489622773854263,-0.29249577633293,-0.8186824659222469,-1.1312099963802296,1423,1042,381,0.038755584974350485,0.09243753102763529,0.06559655800099289,0.026840973026642397,0.03321305481634251,-0.5049752635377651,-0.00018003702191920001,-0.7583975091130649
12,120,0.0,0,0.0,2.5,1,1,100,200,-0.7465187629813638,-0.2907780204120217,-0.8415861037989822,-0.9575397234409847,1651,1215,436,0.05338408075459209,0.1265265596558001,0.0899553202051961,0.036571239450604004,0.19035003381683735,-0.5137373847921947,-8.728115525676299e-05,-0.7594480584835621
30,120,0.005,0,0.0,2.5,1,1,100,200,-0.7601059648466313,-0.3004924686241758,-0.8209187955015077,-0.9969512453073299,1567,1164,403,0.05338408075459209,0.121959291742512,0.08767168624855204,0.034287605493959955,0.0595185204590849,-0.5042465795040585,-0.0001163655713506133,-0.7607994286402961
30,96,0.0,0,0.2,2.5,1,1,100,200,-0.7496159658769705,-0.2929574340989731,-0.8229673498363296,-1.1346633318985322,1384,1010,374,0.037729604501075625,0.09041866622538475,0.06407413536323019,0.026344530862154557,0.011395766788660167,-0.5053563475730668,-0.00019222920124395448,-0.7611742756120645
30,96,0.0,0,0.0,2.5,1,1,100,200,-0.7472601063611215,-0.2912978576167674,-0.8482452228144539,-0.9367690978934884,1626,1200,426,0.05354956147608803,0.12669204037729603,0.09012080092669204,0.036571239450604004,0.13875558984552372,-0.49948973354727966,-8.917781982493845e-05,-0.7622589239186688
30,96,0.0,0,-0.2,999.0,1,1,100,200,-0.7765202385481953,-0.31279464761024334,-0.8254943786550011,-0.7588163542026729,1837,1358,479,0.08588449445639583,0.19232169452258813,0.13910309448949199,0.05321860003309614,-0.20877072188177692,-0.2921600184460502,-4.138483435124766e-05,-0.7634826546478776
30,60,0.0025,0,0.2,2.5,1,1,100,200,-0.760292723672871,-0.3006288376639684,-0.8026470329616454,-1.2609876587927569,1215,885,330,0.03266589442329969,0.07833857355618071,0.0555022339897402,0.02283633956644051,-0.07923330889456248,-0.5219960391799217,-0.00028349781073228075,-0.765001737084429
20,120,0.0,0,0.0,2.5,1,1,100,200,-0.7505012348430613,-0.2935840847008272,-0.8489948753518151,-0.945039648232124,1667,1230,437,0.05493959953665398,0.12953830878702632,0.09223895416184015,0.03729935462518617,0.1622770362634376,-0.5058785352270975,-8.509156888837025e-05,-0.765333504788341
30,120,0.005,0,0.2,2.5,1,1,100,200,-0.7646485808217129,-0.3038322632810657,-0.8018548443658701,-1.2130664161813338,1348,996,352,0.03769650835677644,0.08714214793976502,0.062419328148270725,0.02472281979149429,-0.04847210316929074,-0.5146187677818947,-0.0002315244216375952,-0.7654130062730675
30,60,0.0025,0,0.0,999.0,1,1,100,200,-0.7587715239692125,-0.2995203848713609,-0.8344583958372198,-0.9799023012507575,1503,1117,386,0.05086877378785371,0.11752440840642066,0.08419659109713719,0.03332781730928347,0.1889205798195086,-0.5697413086165058,-0.00012700644868813443,-0.7657446978525086
12,200,0.005,0,0.0,2.5,1,1,100,200,-0.7676208525206323,-0.3060437620380505,-0.8206096879327932,-1.0073858969891296,1679,1250,429,0.05758729108058911,0.12973688565282146,0.09366208836670528,0.036074797286116164,0.08821590656536338,-0.5055032064561618,-0.00010194689138306801,-0.7667179008539036
20,200,0.005,0,0.0,2.5,1,1,100,200,-0.7658404475326951,-0.3047165349927966,-0.827077686506448,-0.9793324559064779,1712,1272,440,0.05858017540956478,0.13198742346516631,0.09528379943736555,0.03670362402780076,0.15857995656466595,-0.5241885212728247,-9.23361032282733e-05,-0.7672220010413445
30,96,0.0025,0,0.0,2.5,1,1,100,200,-0.7598530374375658,-0.3003079109049279,-0.8343912596927895,-0.9956907738983175,1567,1158,409,0.05139831209664074,0.12189309945391362,0.08664570577527718,0.03524739367863644,0.02806486300631006,-0.48854031815629473,-0.00011609808055185727,-0.7672880794462384
20,96,0.0025,0,0.2,1.5,1,1,100,200,-0.7606695932039438,-0.3009042659606115,-0.7995847626167809,-1.3486567376231544,1134,825,309,0.029190799271884827,0.07142147939765017,0.0503061393347675,0.021115340062882675,-0.1916732900556105,-0.4779435060957521,-0.0003375382379607139,-0.7681294841501597
12,120,0.0025,0,0.2,1.5,1,1,100,200,-0.7614036597515024,-0.3014416800375892,-0.7993384063675301,-1.3509709892760837,1171,854,317,0.029918914446466986,0.07314247890120801,0.0515306966738375,0.02161178222737051,-0.17624141801332538,-0.47975629255738783,-0.0003225375752340655,-0.7686594326851584
20,200,0.01,0,0.0,999.0,1,1,100,200,-0.7811340749609509,-0.31637424384600854,-0.8082608342337818,-0.9813971946835274,1578,1212,366,0.06079761707761046,0.1250041370180374,0.09290087704782393,0.03210325997021347,-0.01259579854811288,-0.5119916863976406,-0.0001283284947854019,-0.7695745206970758
48,60,0.01,0,0.2,999.0,1,1,100,200,-0.7744603773241173,-0.31121439600442835,-0.7943814745318226,-1.230449277737187,1160,886,274,0.036471951017706436,0.07605493959953666,0.05626344530862155,0.019791494290915108,-0.2218853586435633,-0.48223456376389295,-0.0003224483770487071,-0.7699275971571989
48,120,0.0,0,0.2,1.5,1,1,100,200,-0.7655419349524162,-0.3044947459054226,-0.8026592827785779,-1.284813621449674,1315,961,354,0.03508191295714049,0.08333609134535827,0.05920900215124938,0.024127089194108886,-0.20152472678221833,-0.4332079662342029,-0.00025559188513727494,-0.7700650683671952
12,200,0.01,0,0.0,999.0,1,1,100,200,-0.7819958084506843,-0.31704906719648207,-0.805687063159327,-1.006910680511086,1556,1197,359,0.05990402118153235,0.12318384908158199,0.09154393513155717,0.03163991395002482,-0.06056365586386703,-0.49468395145629895,-0.00013637511022658006,-0.7702381328016998
30,200,0.0025,0,0.2,1.5,1,1,100,200,-0.7646487151382999,-0.3038323627441092,-0.8067132508640972,-1.2634039291719075,1388,1011,377,0.0356776435545259,0.08651332119808042,0.06109548237630316,0.025417838821777262,-0.08895995979458848,-0.48280436053812725,-0.00022950373853712858,-0.7703591846347531
20,120,0.0,0,-0.2,999.0,1,1,100,200,-0.781626722996102,-0.316759792060628,-0.8302282501258771,-0.7711669246861604,1882,1394,488,0.087837166970048,0.19632632798279,0.142081747476419,0.05424458050637101,-0.19045912873530235,-0.3085926041077133,-4.0385177966466224e-05,-0.7704322633578745
12,120,0.0,0,-0.2,999.0,1,1,100,200,-0.7807887109538117,-0.31610434839746226,-0.8302592174852028,-0.7951697553341632,1859,1372,487,0.08555353301340393,0.19172596392520272,0.13863974846930333,0.05308621545589939,-0.16582979107432472,-0.33413541944624414,-4.5202722886796015e-05,-0.7709924449067719
48,96,0.01,0,0.2,999.0,1,1,100,200,-0.7746044426995222,-0.3113245650957176,-0.8005623197296565,-1.190644426784961,1263,963,300,0.03945060400463346,0.08267416845937449,0.061062386232003975,0.02161178222737051,-0.16694348225671918,-0.49114219834712247,-0.0002726294621356161,-0.7711379462997939
30,96,0.0025,0,0.2,2.5,1,1,100,200,-0.7657113359614344,-0.30462058158946026,-0.8149998672334859,-1.2134943025454297,1334,975,359,0.03610789343041536,0.08681118649677312,0.06145953996359424,0.025351646533178885,-0.06539790880997864,-0.5114923268710909,-0.00023646848706340744,-0.7727952303334747
20,120,0.0025,0,0.0,2.5,1,1,100,200,-0.7653731445289192,-0.3043694315527282,-0.8370855930485962,-1.0133460022470002,1602,1183,419,0.05252358100281317,0.124408406420652,0.08846599371173258,0.03594241270891941,0.03534061163497215,-0.49504654639587864,-0.00011516255911188185,-0.7735795281893764
20,96,0.005,0,-0.2,999.0,1,1,100,200,-0.7839605205135527,-0.3185951431829478,-0.8263432966609726,-0.8370361739513811,1668,1247,421,0.08025814992553368,0.17358927684924708,0.12692371338739036,0.04666556346185669,-0.2837767879908596,-0.30533261526108946,-7.399355144776764e-05,-0.7736186002110031
12,96,0.0025,0,0.2,2.5,1,1,100,200,-0.7651363668627912,-0.30419375556922446,-0.8126735081373709,-1.268697391029482,1274,931,343,0.03408902862816482,0.08154889955320205,0.05781896409068343,0.023729935462518618,-0.07393130614618582,-0.5203909811325428,-0.00026768655019276163,-0.7739653791893841
12,120,0.01,0,0.2,999.0,1,1,100,200,-0.774452406409993,-0.3112083020595451,-0.8025878573232299,-1.2311426054342935,1215,929,286,0.03776270064537481,0.07893430415356611,0.05834850239947046,0.020585801754095648,-0.17523226755590282,-0.49788127832885,-0.0002991945251505741,-0.7740593609928748
48,60,0.0,0,0.0,2.5,1,1,100,200,-0.7647790309249938,-0.30392888320237543,-0.8386927597003461,-1.0175556213896586,1557,1145,412,0.050405427767665066,0.12076783054774119,0.08558662915770313,0.03518120139003806,0.006900976602710163,-0.4910535613994973,-0.0001246534385175131,-0.7741530441220315
30,200,0.0,0,0.0,2.5,1,1,100,200,-0.7661028434469875,-0.3049116652062972,-0.8451613108133422,-0.9356535432412726,1907,1396,511,0.06212146284957802,0.1473109382756909,0.10471620056263445,0.04259473771305643,0.24028791061436894,-0.5105528774810401,-5.755553303878948e-05,-0.774274997775032
48,120,0.005,0,0.2,2.5,1,1,100,200,-0.7728162847707374,-0.30996085318857347,-0.8076582050264822,-1.2152436738630088,1403,1035,368,0.03905345027304319,0.09035247393678636,0.06470296210491477,0.025649511831871585,-0.09201756004281159,-0.4952997535515872,-0.0002236859181850159,-0.774552139394965
48,96,0.01,0,0.0,999.0,1,1,100,200,-0.7825087841958733,-0.31745172843411384,-0.81213537629233,-1.0211724700504283,1464,1129,335,0.056693695184511006,0.11673010094324011,0.08671189806387555,0.030018202879364554,-0.083983889721721,-0.5062334421934525,-0.00015881500741835632,-0.7745780400828003
20,120,0.0025,0,0.2,2.5,1,1,100,200,-0.7690848705306524,-0.3071408575064253,-0.813881946811313,-1.2273388569215955,1368,1003,365,0.03700148932649346,0.08863147443322852,0.062816481879861,0.025814992553367534,-0.063820687241255,-0.5110943419537748,-0.00023069890294606492,-0.7754487737581616
20,60,0.005,0,0.2,999.0,1,1,100,200,-0.777778885661012,-0.3137656182968137,-0.7971243101652483,-1.2787717973971353,1207,899,308,0.03485023994704617,0.0780738044017872,0.05646202217441668,0.02161178222737051,-0.11552380299219411,-0.5405254752518895,-0.00031351055141023906,-0.7762663632492947
20,200,0.005,0,0.2,2.5,1,1,100,200,-0.7745442594870806,-0.3112785356147667,-0.8096284168383208,-1.21458192840732,1469,1089,380,0.04123779579678968,0.09379447294390203,0.06751613437034586,0.02627833857355618,0.015878999800468474,-0.5373118403657301,-0.0002059234685053582,-0.776821840454293
12,120,0.0,0,0.2,2.5,1,1,100,200,-0.7657923700756755,-0.3046808000556559,-0.8232242976304156,-1.2206264295359344,1395,1015,380,0.037398643058083735,0.08988912791659771,0.06364388548734072,0.026245242429256993,0.015544768564625722,-0.5366617837181396,-0.0002178067257792538,-0.7773242703476604
48,120,0.0025,0,0.2,1.5,1,1,100,200,-0.7712080907652719,-0.30874124372583245,-0.8073857846978753,-1.3228012502488176,1273,928,345,0.0332285288763859,0.08022505378123448,0.05672679132881019,0.02349826245242429,-0.2226106200689455,-0.4437120828208486,-0.0002852999611301464,-0.778574198587211
12,200,0.005,0,-0.2,999.0,1,1,100,200,-0.7912530011863146,-0.32442760760253864,-0.8289466895299906,-0.8028914314618028,1893,1422,471,0.09256991560483203,0.1981466159192454,0.14535826576203872,0.05278835015720668,-0.2037089909251606,-0.3243668432264625,-4.6811835678071884e-05,-0.7790455239406241
12,120,0.0025,0,0.0,2.5,1,1,100,200,-0.7709129306320481,-0.30851810101047883,-0.8361993152360785,-1.062679194556974,1584,1168,416,0.05106735065364885,0.12109879199073308,0.08608307132219097,0.03501572066854212,0.02013412838338957,-0.5041040652055772,-0.0001297497321166028,-0.7797517183563668
48,120,0.005,0,0.0,2.5,1,1,100,200,-0.7830923735006297,-0.31791068456080585,-0.8198910493062198,-1.0500249597392766,1627,1203,424,0.05490650339235479,0.12665894423299687,0.09078272381267583,0.035876220420321035,-0.04567578180267884,-0.48717901082164905,-0.00012811138422100121,-0.7803574572008797
48,60,0.0025,0,0.0,2.5,1,1,100,200,-0.7778634915698648,-0.3138310344145898,-0.8246759695053614,-1.083906772925503,1500,1105,395,0.04825417838821777,0.11596888962435876,0.08211153400628826,0.033857355618070496,-0.09561829896135865,-0.4799195920455902,-0.00015587836408007016,-0.7803643578135456
48,60,0.0,0,-0.2,999.0,1,1,100,200,-0.7887021501811768,-0.32237033417808914,-0.8337957529110771,-0.8228296222044592,1764,1299,465,0.08088697666721827,0.18335263941750787,0.13211980804236306,0.0512328313751448,-0.2582200010698792,-0.3117226378787117,-6.275967601778888e-05,-0.7804096917438507
20,96,0.0,0,0.0,2.5,1,1,100,200,-0.7688314136212095,-0.3069505512652069,-0.8456646731021263,-1.0335346608235187,1602,1175,427,0.05162998510673507,0.12311765679298362,0.08737382094985933,0.03574383584312427,0.030678953005679244,-0.5002390872686993,-0.00012103124850927205,-0.7814596208574459
12,200,0.005,0,0.2,2.5,1,1,100,200,-0.7777491974274634,-0.31374266819079744,-0.811029393087416,-1.2516991950209928,1439,1070,369,0.04037729604501076,0.0920734734403442,0.06622538474267747,0.02584808869766672,-0.05834629015407622,-0.5152641496505754,-0.00022218982612801368,-0.781842324485555
48,96,0.005,0,-0.2,999.0,1,1,100,200,-0.7911669210438353,-0.3243578771559349,-0.8342711400150714,-0.8146830230033935,1765,1328,437,0.08575210987919907,0.1854376965083568,0.13559490319377793,0.04984279331457885,-0.23937804581867994,-0.3362704344207954,-6.25222406124575e-05,-0.7822275983136403
48,60,0.0,0,0.2,2.5,1,1,100,200,-0.7757297410350673,-0.312186920277606,-0.8140112769043697,-1.2630824975758457,1320,960,360,0.035445970544431576,0.08601687903359259,0.06073142478901208,0.025285454244580507,-0.13917289661998578,-0.4958476537700869,-0.0002588423308550412,-0.7823466836085831
48,120,0.0025,0,-0.2,2.5,1,1,100,200,-0.788763583837666,-0.32241966132144606,-0.8363633103867627,-0.8418737538890925,1834,1359,475,0.08221082243918583,0.18884659937117326,0.13552871090517954,0.05331788846599371,-0.25749098859233743,-0.2881070419959436,-5.653031403215816e-05,-0.7826950042092821
12,200,0.0025,0,0.0,1.5,1,1,100,200,-0.7809384141411497,-0.3162212994421759,-0.8187125088728635,-1.1489780557051468,1561,1145,416,0.048916101274201554,0.11689558166473606,0.0829058414694688,0.03398974019526725,-0.1404166316152463,-0.44367338612554474,-0.00015409525354908213,-0.7830264566638651
30,96,0.0025,0,-0.2,999.0,1,1,100,200,-0.7921886857818068,-0.3251869664078383,-0.8345543253940322,-0.8181167348706988,1776,1319,457,0.08307132219096475,0.18573556180704948,0.1344034419990071,0.051332119808042365,-0.29852990464996143,-0.2798715428739369,-6.234863493326068e-05,-0.7833699658483894
48,120,0.0,0,-0.2,2.5,1,1,100,200,-0.7903339482851628,-0.3236842262852505,-0.8384511994931995,-0.8365467261189098,1895,1400,495,0.08525566771471124,0.19539963594241272,0.14032765182856197,0.05507198411385074,-0.23131295087520687,-0.2963195551449136,-4.985699790127696e-05,-0.7847371623377958
20,96,0.01,0,0.2,999.0,1,1,100,200,-0.7832172148280082,-0.3180089845449524,-0.8068806726188837,-1.2677328393718317,1192,912,280,0.037398643058083735,0.07764355452589773,0.05752109879199073,0.020122455733907,-0.22936910810212396,-0.48939787253695133,-0.0003259420237388655,-0.7848359628229858
30,200,0.0,0,0.2,2.5,1,1,100,200,-0.7794439750114951,-0.315056489780684,-0.8222540025674201,-1.1798918769575666,1632,1191,441,0.043918583485024,0.10494787357272878,0.07443322852887639,0.03051464504385239,0.05606524820594161,-0.5276095629574997,-0.00016127059457098718,-0.7851780849122724
30,200,0.0025,0,0.0,2.5,1,1,100,200,-0.7829012051561617,-0.317760240891496,-0.8345004818831742,-1.0124005383409154,1833,1343,490,0.05967234817143803,0.14155220916763198,0.100612278669535,0.04093993049809697,0.09369472220590147,-0.5035314642360751,-8.751335812772852e-05,-0.785630508750129
20,200,0.0025,0,0.0,1.5,1,1,100,200,-0.7822520525634428,-0.31725011758508603,-0.8267906059731995,-1.1378140090534867,1593,1167,426,0.04987588945887804,0.1189144464669866,0.08439516796293232,0.03451927850405428,-0.0956848229678029,-0.4658831084478763,-0.00014749663542576336,-0.7875361210243601
30,200,0.0,0,-0.2,999.0,1,1,100,200,-0.7983729211498498,-0.3302713418407288,-0.8391910837057018,-0.7692815742886324,2145,1580,565,0.09995035578355121,0.22432566605990403,0.1621380109217276,0.0621876551381764,-0.06577751864219705,-0.36904867023340393,-2.318735122800539e-05,-0.7883309624080114
48,200,0.0,0,0.0,999.0,1,1,100,200,-0.7935392829071306,-0.326287582173855,-0.8352169264220479,-0.8903004640561238,2043,1502,541,0.0689061724309118,0.1613106073142479,0.11510838987257985,0.046202217441668046,0.23409676507846977,-0.5354699918771575,-5.3112305242242495e-05,-0.7884110685876852
30,120,0.005,0,-0.2,999.0,1,1,100,200,-0.7958022083848191,-0.3281438230061732,-0.8382897769497,-0.8333506692194871,1772,1331,441,0.0859506867449942,0.18583485023994706,0.13589276849247062,0.04994208174747642,-0.25896167282646876,-0.3315152418798283,-6.612132609122177e-05,-0.7889562449419976
20,120,0.0025,0,-0.2,999.0,1,1,100,200,-0.7973236356112536,-0.3294005121422515,-0.8395516284830831,-0.8322800732860525,1817,1352,465,0.08469303326162501,0.18927684924706273,0.13698494125434388,0.05229190799271885,-0.28979955199592344,-0.29192807950709987,-6.17579708059716e-05,-0.7907903300480956
30,120,0.01,0,0.0,999.0,1,1,100,200,-0.7941260361084557,-0.32676741579397606,-0.8223517674277926,-1.0672812076749447,1468,1132,336,0.056958464338904516,0.117061062386232,0.08700976336256826,0.030051299023663745,-0.13225335643681024,-0.5056206145427313,-0.00017357447621930763,-0.7913073598916195
30,200,0.01,0,0.2,999.0,1,1,100,200,-0.7908220854483524,-0.32407875402798025,-0.8148886359472087,-1.2021875225261043,1391,1060,331,0.043024987588945886,0.09028628164818799,0.06665563461856694,0.02363064702962105,-0.15879539095569095,-0.5014123284456324,-0.00024870591421195283,-0.7916324481278898
48,200,0.0025,0,0.0,999.0,1,1,100,200,-0.7966659313497874,-0.32885638784206705,-0.8350386279900176,-0.9135679322391079,1965,1448,517,0.06655634618566937,0.15532020519609466,0.11093827569088201,0.04438192950521264,0.15099166944571052,-0.5282392485187564,-6.792684251272941e-05,-0.7920540984490312
48,120,0.0,0,0.0,1.5,1,1,100,200,-0.7866916805805281,-0.32076196148374736,-0.8282095564025578,-1.1486600903566162,1551,1141,410,0.049412543438689394,0.1176567929836174,0.0835346682111534,0.034122124772464006,-0.18684593096725444,-0.430210355303966,-0.00016026685960682685,-0.7922997442028571
48,120,0.0025,0,0.0,1.5,1,1,100,200,-0.7863312868841625,-0.3204748493983406,-0.8278812081796106,-1.1642947530484378,1498,1098,400,0.046897236471951015,0.11342048651332119,0.08015886149263611,0.03326162502068509,-0.21832718718249577,-0.42179233720864073,-0.00017479865501646773,-0.7926301911405679
12,120,0.0025,0,-0.2,999.0,1,1,100,200,-0.7980778537783123,-0.33002611496936685,-0.8392428928847643,-0.8648092768710326,1794,1331,463,0.08247559159357935,0.18434552374648353,0.13341055767003143,0.05093496607645209,-0.27183323511385615,-0.3198375154349312,-6.89159001870479e-05,-0.7928880252553007
12,96,0.0,0,0.0,999.0,1,1,100,200,-0.779966684353342,-0.31546323006016297,-0.853993072199736,-1.0241461196911419,1643,1221,422,0.055800099288432894,0.12801588614926362,0.09190799271884825,0.03610789343041536,0.156491782554933,-0.5672789405510048,-0.0001197503883036194,-0.7936670721445881
20,120,0.005,0,0.0,999.0,1,1,100,200,-0.7899193964237348,-0.32334971282871006,-0.836400934229292,-1.0443839715929228,1609,1210,399,0.05742181035909317,0.12738705940757902,0.09240443488333609,0.034982624524242924,0.04519756640136463,-0.5505671073723983,-0.00013535663212642333,-0.7937693785230022
30,96,0.005,0,0.0,999.0,1,1,100,200,-0.7900217501047655,-0.3234322588298927,-0.8360479652183874,-1.0465838849507036,1573,1180,393,0.05596558000992884,0.12480556015224227,0.09038557008108555,0.03441999007115671,0.020726913442184802,-0.5482243937192992,-0.0001432139183734218,-0.7937854356866216
20,96,0.0025,0,0.0,2.5,1,1,100,200,-0.7858409509205818,-0.3200847996049828,-0.8359669180464638,-1.1168785363840248,1541,1133,408,0.04951183187158696,0.11815323514810525,0.0838325335098461,0.03432070163825914,-0.07480220805999771,-0.49972428151643244,-0.00015768577773834982,-0.793912185447416
20,200,0.0,0,0.0,2.5,1,1,100,200,-0.785703827662721,-0.31997584134152146,-0.8494846562880558,-1.0185556481678946,1858,1364,494,0.06096309779910641,0.14337249710408737,0.10216779745159689,0.04120469965249048,0.1627757828439762,-0.5332558235052299,-8.62035272984174e-05,-0.795645951893944
30,120,0.0,0,0.0,2.5,1,1,100,200,-0.7863055127750243,-0.32045433005012103,-0.8449363104802219,-1.060870460406411,1688,1245,443,0.055866291577031275,0.13159026973357604,0.09372828065530366,0.03786198907827238,0.03291666662945425,-0.5187572021929977,-0.00011932766365057416,-0.7959660083105525
12,120,0.005,0,0.0,999.0,1,1,100,200,-0.7926304786556692,-0.32554639636906335,-0.8326679615995288,-1.0829116893126927,1584,1190,394,0.055932483865629656,0.1237795796789674,0.08985603177229853,0.03392354790666887,0.032353462839807445,-0.5564283768654008,-0.00014853783900985884,-0.7960259616344625
48,120,0.01,0,-0.2,999.0,1,1,100,200,-0.8034607514288119,-0.3345427092512169,-0.8384933422324923,-0.8516597734571799,1640,1261,379,0.08608307132219097,0.1747145457554195,0.13039880853880523,0.04431573721661426,-0.3967801704008571,-0.260080936310627,-8.937238770997904e-05,-0.796372369040322
30,120,0.0,0,0.2,2.5,1,1,100,200,-0.7882045095801486,-0.32197115760896655,-0.8212721690201431,-1.2777745393416697,1446,1058,388,0.0396160847261294,0.09415853053119312,0.06688730762866126,0.027271222902531856,-0.09212740056552848,-0.5191991405600305,-0.00023158311605999874,-0.7964959690861216
20,200,0.01,0,0.2,999.0,1,1,100,200,-0.7944160422809401,-0.3270049550069105,-0.8178386990965895,-1.2348973965303198,1364,1043,321,0.04246235313585967,0.08839980142313421,0.06543107727949694,0.022968724143637265,-0.1819096695326592,-0.5028918635674219,-0.0002671246912866677,-0.7976691743817212
20,200,0.0,0,0.2,2.5,1,1,100,200,-0.7898350909259033,-0.32328174493239936,-0.8259816738939905,-1.243440945500052,1586,1159,427,0.043024987588945886,0.10200231673010095,0.07251365215952342,0.029488664570577527,0.006041842081771387,-0.5382298961032125,-0.0001905955881604644,-0.7984446291543972
20,200,0.0025,0,0.2,1.5,1,1,100,200,-0.7843892012719953,-0.3189338814731587,-0.8230762471704187,-1.3742599843219618,1346,983,363,0.03494952837994374,0.08386562965414529,0.059407579017044514,0.024458050637100777,-0.17044615413191533,-0.49045891435217326,-0.0002813987116267988,-0.7991850042744661
12,60,0.0,0,0.2,999.0,1,1,100,200,-0.78815720353666,-0.3219332482306041,-0.8271381973052133,-1.2996782593265592,1292,944,348,0.03534668211153401,0.08386562965414529,0.05960615588283965,0.024259473771305645,-0.151707447470127,-0.523467589396001,-0.00029202422310819825,-0.8004862598495387
48,200,0.0,0,0.2,999.0,1,1,100,200,-0.8000248287952549,-0.3316492134559659,-0.8300120400461786,-1.0867300333899812,1759,1287,472,0.04888300512990237,0.11520767830547742,0.08204534171768989,0.03316233658778752,0.03041316516632575,-0.5324748308173999,-0.00014343186940566822,-0.8009917351485543
48,60,0.0025,0,0.2,2.5,1,1,100,200,-0.79142755368357,-0.32456907254194456,-0.8184275689996477,-1.3508286388105675,1272,927,345,0.0338242594737713,0.08240939930498097,0.05811682938937614,0.02429256991560483,-0.20859906459099953,-0.5021015869689438,-0.00031041716299783973,-0.8013242889822968
12,200,0.01,0,0.2,999.0,1,1,100,200,-0.7965207476812372,-0.32873645398243445,-0.8184496351978776,-1.269429724961801,1341,1028,313,0.04163494952837994,0.08691047492967069,0.06427271222902532,0.022637762700645374,-0.2343665300423221,-0.4802835112855066,-0.00028225258560053923,-0.8014327578294633
12,200,0.0,0,0.0,2.5,1,1,100,200,-0.79295451563131,-0.32581038862361844,-0.8453534295263769,-1.0615053350062984,1822,1338,484,0.05970544431573722,0.14105576700314412,0.10038060565944068,0.040675161343703456,0.05035768361292248,-0.5096911154655113,-0.00010115857435194831,-0.8015623701371218
48,96,0.0,0,0.2,2.5,1,1,100,200,-0.7923606827582075,-0.32532683003724616,-0.8246002824911213,-1.3000958493397317,1440,1053,387,0.039417507860334274,0.09369518451100446,0.06655634618566937,0.027138838325335098,-0.10973304583894383,-0.5207528210470869,-0.00024107674568312243,-0.8026317637497933
20,96,0.0,0,0.2,2.5,1,1,100,200,-0.7902224738609143,-0.32359422576102126,-0.8253213963801926,-1.3279427377501842,1355,985,370,0.03633956644050968,0.08763859010425286,0.061989078272381266,0.025649511831871585,-0.13454630635269305,-0.5226650672759534,-0.00027278313173986784,-0.8026520608386268
30,60,0.005,0,0.2,999.0,1,1,100,200,-0.796386749870357,-0.32862581749126596,-0.8140186470327149,-1.3479733236433047,1230,913,317,0.03577693198742347,0.08019195763693529,0.05798444481217938,0.022207512824755915,-0.13410778948614088,-0.564989134279086,-0.00033543145755891645,-0.8030338071897887
30,120,0.0025,0,0.0,2.5,1,1,100,200,-0.7985241025605706,-0.33039709110290916,-0.8348245706309144,-1.1279373397234072,1625,1199,426,0.05348336918748966,0.12655965580009929,0.09002151249379448,0.03653814330630482,-0.07655091783991297,-0.5082292916778863,-0.00014923443292619228,-0.8042062434045367
20,96,0.0,0,-0.2,999.0,1,1,100,200,-0.8067250882784374,-0.33732705055673096,-0.8468887760575786,-0.8806513714657593,1797,1321,476,0.082938937613768,0.18699321529041868,0.13496607645209333,0.05202713883832533,-0.31371464571491214,-0.30819781303865357,-7.423487539659088e-05,-0.8048040071588082
20,200,0.005,0,-0.2,999.0,1,1,100,200,-0.8093575934046909,-0.33959826005832094,-0.8464051492045543,-0.8434109261414324,1926,1447,479,0.09478735727287771,0.20221744166804567,0.1485023994704617,0.05371504219758398,-0.20572743645822145,-0.37110212389726593,-5.637525402241079e-05,-0.8049713809676697
30,120,0.01,0,0.2,999.0,1,1,100,200,-0.7980933638194505,-0.3300389984825939,-0.8215285983083706,-1.2901027583776434,1267,968,299,0.03968227701472778,0.08303822604666557,0.06136025153069667,0.02167797451596889,-0.25317840526627067,-0.4905188919323097,-0.00031446377075364777,-0.8053084355556612
48,60,0.0025,0,-0.2,999.0,1,1,100,200,-0.8075912630920801,-0.3380717740895145,-0.8456925712699559,-0.8984042838990501,1705,1263,442,0.07813999669038557,0.17676650670196922,0.12745325169617738,0.049313255005791826,-0.351422676911727,-0.3040281654086655,-8.931897758481651e-05,-0.805838273919445
12,200,0.0025,0,0.2,1.5,1,1,100,200,-0.7913672861400466,-0.32452021907395556,-0.8219209567804351,-1.4251608072424289,1319,965,354,0.034122124772464006,0.0823101108720834,0.058216117822273705,0.024093993049809696,-0.23936054272213814,-0.46949143962156514,-0.00030662751172520097,-0.8067387378262946
12,120,0.0025,0,0.2,2.5,1,1,100,200,-0.7932180193889227,-0.3260252930290344,-0.8271768416671909,-1.360158644699763,1339,978,361,0.035644547410226705,0.0859506867449942,0.06079761707761046,0.02515306966738375,-0.1274762370050262,-0.537013532856813,-0.0002881140389800569,-0.8076216460976179
12,200,0.0,0,0.2,2.5,1,1,100,200,-0.7965871108106581,-0.32879126751829113,-0.8292271515301148,-1.2882687646583173,1554,1135,419,0.04189971868277346,0.10008274036074798,0.07099122952176072,0.02909151083898726,-0.08190723259404975,-0.5180265619711053,-0.0002114654407153513,-0.8078182815162644
30,120,0.0,0,-0.2,999.0,1,1,100,200,-0.8099828680322069,-0.3401411715580447,-0.8515361291728863,-0.8533554930969249,1909,1415,494,0.08949197418500744,0.1997021347013073,0.14459705444315737,0.055105080258149926,-0.25801998308927976,-0.3346681701321409,-5.976323073457888e-05,-0.8085770107993342
12,96,0.005,0,0.2,999.0,1,1,100,200,-0.7990081971255842,-0.33080022644862705,-0.8216705271734985,-1.3460273742974196,1291,962,329,0.0374979314909813,0.08350157206685421,0.060499751778917754,0.023001820287936455,-0.12131894123343534,-0.5637310779051019,-0.00031407551303498627,-0.8089368587502473
30,200,0.005,0,0.0,999.0,1,1,100,200,-0.8070844423165768,-0.33763571322830976,-0.8406693778511898,-1.0429604509310664,1821,1360,461,0.06440509680622207,0.143306304815489,0.10385570081085553,0.03945060400463346,0.06608973780121574,-0.5501191521682788,-0.00011017385195928791,-0.810118424700458
48,96,0.0025,0,0.2,2.5,1,1,100,200,-0.797418584494835,-0.3294791734537178,-0.8288349677357226,-1.33733616852872,1387,1015,372,0.03763031606817806,0.08992222406089691,0.06377627006453748,0.026145953996359425,-0.14351525715473268,-0.5266978094326913,-0.00027109469320120243,-0.810763465748015
20,120,0.005,0,0.2,999.0,1,1,100,200,-0.800994837130585,-0.3324622871726862,-0.8274526967355035,-1.2981615144098013,1389,1037,352,0.040344199900711565,0.0908489161012742,0.06559655800099289,0.025252358100281317,-0.12209619879671196,-0.5459430146623336,-0.00027008633419912145,-0.811096711260928
48,96,0.0,0,0.0,2.5,1,1,100,200,-0.8031139724557258,-0.33424896352160904,-0.8417938195898267,-1.126485362757241,1680,1239,441,0.055469137845441004,0.13106073142478902,0.09326493463511501,0.037795796789674006,-0.04670722690552909,-0.5214942146539663,-0.00014147238841136022,-0.8114701414543845
48,96,0.0025,0,0.0,2.5,1,1,100,200,-0.8041584562478197,-0.33513489267657703,-0.8392796051390269,-1.1472721350461914,1618,1194,424,0.05315240774449777,0.12609630977991065,0.0896243587622042,0.036471951017706436,-0.10039612363867678,-0.5110261804058851,-0.000157850551274734,-0.8121383019984001
48,120,0.01,0,0.0,999.0,1,1,100,200,-0.8109981895859534,-0.34102561175711577,-0.8342942207439499,-1.1055528395955616,1518,1162,356,0.057885156379281814,0.12090021512493794,0.08939268575210987,0.031507529372828066,-0.19455274084019591,-0.4986502498527575,-0.0001820508647955843,-0.8134503641088688
30,96,0.005,0,0.2,999.0,1,1,100,200,-0.8024720112698249,-0.33370620010683993,-0.8289568544976187,-1.3053356243018184,1356,1007,349,0.039252027138838325,0.0890286281648188,0.06414032765182856,0.024888300512990236,-0.13556145716816992,-0.5497851505086535,-0.0002845410886465885,-0.8134514085707402
30,200,0.0025,0,0.2,2.5,1,1,100,200,-0.8016539153701867,-0.3330164318956582,-0.8319496909133646,-1.29458569965698,1572,1150,422,0.04219758398146616,0.10071156710243256,0.07145457554194937,0.029256991560483205,-0.04880424789936477,-0.542285616837842,-0.00021428307919687983,-0.8137205623351895
30,200,0.0025,0,-0.2,999.0,1,1,100,200,-0.8169533409211969,-0.3462860823588112,-0.8513416362701147,-0.8425871780439754,2069,1532,537,0.09670693364223068,0.21631639913950024,0.15651166639086547,0.059804732748634785,-0.19686286622451077,-0.3585510498338168,-4.5753628234599393e-05,-0.8140862593960674
20,200,0.0025,0,0.0,2.5,1,1,100,200,-0.8064155367091399,-0.3370615098253914,-0.8424958448397755,-1.119541929703803,1788,1315,473,0.058712559986761545,0.13761376799602845,0.098163163991395,0.03945060400463346,0.017844455948233362,-0.534900955485117,-0.00012429593421331032,-0.8142865287304693
20,96,0.005,0,0.0,999.0,1,1,100,200,-0.8099130920357983,-0.3400805203459182,-0.8358885256351256,-1.1504203260073766,1549,1161,388,0.05441006122786695,0.12113188813503227,0.0877709746814496,0.033360913453582657,-0.07365135745183382,-0.554730516912765,-0.00018013339274624917,-0.8155457994638499
12,96,0.0025,0,0.0,999.0,1,1,100,200,-0.8029968296389202,-0.33414982310970476,-0.8497505333028768,-1.133558410572392,1578,1176,402,0.05348336918748966,0.12265431077279497,0.08806883998014231,0.03458547079265266,-0.017428378930387844,-0.5585789513848447,-0.00016531309704816355,-0.8157030102897628
48,120,0.01,0,0.2,999.0,1,1,100,200,-0.8071903764479169,-0.3377267862836565,-0.828613512725068,-1.2991458981138881,1311,998,313,0.04070825748800265,0.08558662915770313,0.06314744332285288,0.02243918583485024,-0.2835052270168844,-0.4815977153147506,-0.0003116131947818732,-0.8169908375518848
48,200,0.0025,0,0.2,999.0,1,1,100,200,-0.8096245966300833,-0.3398299292338244,-0.8422408686320836,-1.1372090275447135,1697,1246,451,0.0472612940592421,0.11080589111368526,0.07903359258646368,0.031772298527221576,-0.01569403448647988,-0.5482953710618942,-0.00017415516753070684,-0.817810814927102
30,120,0.0025,0,0.2,2.5,1,1,100,200,-0.8038512204241536,-0.33487392886718514,-0.8344393076557097,-1.3682732965241788,1394,1021,373,0.03786198907827238,0.09041866622538475,0.06414032765182856,0.02627833857355618,-0.170492378681938,-0.5251634021158409,-0.00028019086338254177,-0.8205072475212489
12,200,0.0,0,-0.2,999.0,1,1,100,200,-0.8201222773214447,-0.3491378364127662,-0.8561317143109598,-0.8665427444325469,2052,1511,541,0.095714049313255,0.21439682277014727,0.15505543604170113,0.05934138672844613,-0.2516754411952312,-0.3292125102028055,-5.126553873328503e-05,-0.8205308307898733
48,60,0.005,0,0.0,999.0,1,1,100,200,-0.8140636474310137,-0.3437177057652613,-0.8390413829738174,-1.1679413663260407,1503,1124,379,0.05255667714711236,0.11848419659109714,0.08552043686910475,0.032963759721992385,-0.123880913723036,-0.5499558827202247,-0.00019673532617953872,-0.8216354655684719
20,200,0.0,0,-0.2,999.0,1,1,100,200,-0.8224601366472406,-0.3512659344868747,-0.8603858390717599,-0.8606719783156304,2088,1539,549,0.09813006784709581,0.21866622538474267,0.15839814661591925,0.06026807876882343,-0.18432633373193297,-0.38156185682382626,-4.834810811275214e-05,-0.8244924529385362
20,96,0.0025,0,0.2,2.5,1,1,100,200,-0.8054954470843496,-0.33627410957874226,-0.8345433212187401,-1.419653766037499,1304,950,354,0.0347509515141486,0.08399801423134205,0.05937448287274533,0.024623531358596722,-0.2079744223216623,-0.528565479253168,-0.0003258868312222951,-0.8245284584899872
12,200,0.0025,0,0.0,2.5,1,1,100,200,-0.8162557394024803,-0.34566328204683794,-0.8442059299579405,-1.1796171226819965,1750,1288,462,0.05748800264769154,0.13519774946218766,0.0963428760549396,0.03885487340724805,-0.09733727320192331,-0.5115827680668474,-0.0001452948479662595,-0.8267471031599081
20,60,0.0,0,0.2,999.0,1,1,100,200,-0.8122263613870432,-0.3421002373345313,-0.8318150230469652,-1.3923107414214821,1311,956,355,0.03637266258480887,0.08542114843620718,0.060896905510508026,0.024524242925699154,-0.1965259744609794,-0.5497911716735955,-0.00032818331412384733,-0.8276232859290881
48,96,0.0,0,-0.2,999.0,1,1,100,200,-0.8248980991521495,-0.35350764943641944,-0.8618710483028913,-0.9039158846193331,1898,1411,487,0.08942578189640907,0.19923878868111866,0.14433228528876385,0.05490650339235479,-0.30985971198720996,-0.34445574765303955,-7.417793310306887e-05,-0.8296389678188317
30,120,0.0025,0,-0.2,999.0,1,1,100,200,-0.8247972344844317,-0.35341444152514234,-0.8607591129022396,-0.9189134866852284,1844,1372,472,0.08634784047658448,0.19278504054277676,0.13956644050968062,0.05321860003309614,-0.34905031185425495,-0.3231176585027573,-8.252646628070943e-05,-0.8297396723105236
20,96,0.0025,0,-0.2,999.0,1,1,100,200,-0.8249776383233903,-0.35358117908361975,-0.8588140895119274,-0.9608160467744248,1737,1284,453,0.08022505378123448,0.1802416018533841,0.13023332781730929,0.050008274036074794,-0.3984988491452376,-0.30635675340875246,-0.00010191391435675468,-0.8310290261783047
20,200,0.0025,0,0.2,2.5,1,1,100,200,-0.8133351022162367,-0.3430748982085723,-0.8419813064765239,-1.3723713558062645,1528,1120,408,0.04140327651828562,0.09779910640410393,0.06960119146119477,0.02819791494290915,-0.10461889271430302,-0.5523498931844768,-0.00025028213532738406,-0.8326841192371475
12,60,0.0025,0,0.2,999.0,1,1,100,200,-0.8161270177479424,-0.34554855652357375,-0.8317522569104355,-1.4542529822577084,1239,910,329,0.0338242594737713,0.07996028462684097,0.05689227205030614,0.023068012576534833,-0.2712087465937958,-0.5311569489450949,-0.00037752430274175166,-0.834137334091677
48,96,0.005,0,0.0,999.0,1,1,100,200,-0.8233216420282023,-0.3520554400304434,-0.8490170144800089,-1.1639840151058025,1624,1216,408,0.05768657951348668,0.12884328975674333,0.09326493463511501,0.03557835512162833,-0.08488318655441451,-0.5650472008646341,-0.00017504112832172913,-0.834763148025738
48,96,0.0025,0,-0.2,999.0,1,1,100,200,-0.8294653469882701,-0.3577710148595674,-0.86418401665084,-0.9319217432287552,1837,1370,467,0.0862816481879861,0.19252027138838326,0.13940095978818468,0.053119311600198574,-0.3555564103501614,-0.3368267904294082,-8.748478471581871e-05,-0.8364591103464252
12,120,0.0,0,0.0,999.0,1,1,100,200,-0.8225306126868013,-0.3513304125339938,-0.8594677285598278,-1.1684027864205868,1717,1271,446,0.05798444481217938,0.13430415356610956,0.09614429918914447,0.038159854376965084,-0.02531914666914148,-0.5702696081893779,-0.00015597950328643463,-0.839484416134937
48,120,0.0,0,0.2,2.5,1,1,100,200,-0.8184838058462535,-0.3476587007981876,-0.8459645495607482,-1.3896886331482563,1505,1101,404,0.04137018037398643,0.09776601025980473,0.06956809531689558,0.02819791494290915,-0.22785183976327095,-0.500997107957984,-0.00026316024262609475,-0.8401254072359745
48,120,0.0025,0,0.2,2.5,1,1,100,200,-0.8190156757961279,-0.34813774702679035,-0.8463818913544369,-1.4056465720724765,1452,1063,389,0.0396160847261294,0.09402614595399636,0.06682111534006288,0.027205030613933475,-0.24083602163000928,-0.5071871629606127,-0.0002849341840053762,-0.8416110213076327
20,120,0.0,0,0.0,999.0,1,1,100,200,-0.8232976991558603,-0.35203345922423945,-0.8658378667807104,-1.144544881775138,1738,1291,447,0.059738540460036405,0.13758067185172929,0.09865960615588285,0.038921065695846434,-0.034518783538281195,-0.5634895327689053,-0.00014871841919291442,-0.8421796367033516
48,120,0.005,0,-0.2,999.0,1,1,100,200,-0.8335066862113384,-0.36161544434716375,-0.8676922088475718,-0.9417274565874617,1830,1372,458,0.08892933973192123,0.19351315571735891,0.1412212477246401,0.05229190799271885,-0.35982982952799114,-0.3504984490146804,-9.121661191744894e-05,-0.8425479216003228
48,96,0.005,0,0.2,999.0,1,1,100,200,-0.8224981336365627,-0.35130069528857955,-0.8446160508738714,-1.3839167418489986,1407,1045,362,0.04070825748800265,0.09200728115174582,0.06635776931987424,0.025649511831871585,-0.18280723126568,-0.5609833576047776,-0.0003032453699947161,-0.8428045578179651
12,200,0.005,0,0.0,999.0,1,1,100,200,-0.8304990011607378,-0.3587477493377691,-0.8503461513186652,-1.1811529632546547,1746,1311,435,0.062485520436869106,0.13734899884163496,0.09991725963925202,0.03743173920238292,-0.06693654599045629,-0.5649942661977501,-0.0001583706506877931,-0.8429784731598344
30,96,0.0,0,0.0,999.0,1,1,100,200,-0.823890001118343,-0.3525778802139393,-0.8658020653376636,-1.1500000858074695,1695,1259,436,0.05824921396657289,0.13463511500910144,0.09644216448783717,0.03819295052126427,-0.07024889683646918,-0.5578456192676262,-0.000158304598210785,-0.8429789171731445
30,120,0.005,0,0.0,999.0,1,1,100,200,-0.8286143942020188,-0.3569702463802469,-0.8536896069367652,-1.1905713904882762,1633,1224,409,0.058216117822273705,0.12950521264272713,0.09386066523250042,0.035644547410226705,-0.11066118499893551,-0.5638888193342879,-0.00018099836051151382,-0.8433436193730433
12,200,0.0025,0,-0.2,999.0,1,1,100,200,-0.835802521980165,-0.3638306721295501,-0.8649740893650375,-0.9405236048379497,1979,1467,512,0.0926692040377296,0.20618897898394836,0.149429091510839,0.05675988747310938,-0.34465007013170046,-0.3258833028325272,-7.50859646148074e-05,-0.8433438970539664
48,120,0.0025,0,0.0,2.5,1,1,100,200,-0.8268593190146174,-0.35532804244021843,-0.8558666166279592,-1.2162598664022413,1689,1243,446,0.055601522422637766,0.13192123117656793,0.09376137679960285,0.038159854376965084,-0.20633604983019727,-0.4922898122558167,-0.00017066627835423775,-0.84407434407431
12,120,0.005,0,0.2,999.0,1,1,100,200,-0.8217169969232728,-0.3505872061607972,-0.8456214441715937,-1.4252310706706401,1355,1008,347,0.039020354128744,0.08800264769154394,0.06351150091014397,0.024491146781399967,-0.18310523186157335,-0.5702143399888462,-0.00032864970253453156,-0.8446594817801261
20,200,0.005,0,0.0,999.0,1,1,100,200,-0.8316686052599136,-0.3598583471255091,-0.8538022832824224,-1.1611103626007655,1780,1334,446,0.06361078934304154,0.13973192123117656,0.10167135528710905,0.038060565944067516,-0.020470642087697333,-0.5814316206746051,-0.00015135316539816265,-0.8448150068967586
12,96,0.0,0,0.2,999.0,1,1,100,200,-0.8230519900762415,-0.3518080143942136,-0.844389259154613,-1.4182481581353694,1394,1019,375,0.03908654641734238,0.09091510838987257,0.06500082740360748,0.0259142809862651,-0.172811257360572,-0.5704437699681969,-0.0003127698379243224,-0.8449150518782886
30,60,0.0,0,0.2,999.0,1,1,100,200,-0.8256955857156205,-0.3542460186358567,-0.8418051934636902,-1.4468527885152014,1329,969,360,0.03736554691378455,0.08734072480556015,0.06235313585967235,0.024987588945887804,-0.21760301377586533,-0.5669459830783363,-0.0003446974676557565,-0.8474912547934619
48,120,0.0,0,0.0,2.5,1,1,100,200,-0.8306156074876959,-0.35885821459448886,-0.8590248051907441,-1.2176312457143377,1752,1290,462,0.05798444481217938,0.1368856528214463,0.09743504881681284,0.03945060400463346,-0.1815491103336373,-0.502929632068515,-0.000161040726714315,-0.8492521794755777
30,96,0.0025,0,0.0,999.0,1,1,100,200,-0.8328098931646335,-0.36094764780888877,-0.8571794465514535,-1.208594802485405,1634,1215,419,0.05599867615422803,0.12973688565282146,0.09286778090352474,0.03686910474929671,-0.1621899705594988,-0.548172826707555,-0.00018675725092685562,-0.8499671112088858
12,200,0.0025,0,0.2,2.5,1,1,100,200,-0.8245667447061897,-0.3532015993920615,-0.8504564010890958,-1.447025415659783,1495,1097,398,0.040344199900711565,0.09587953003475096,0.06811186496773126,0.027767665067019692,-0.21145887956003162,-0.5301016851576782,-0.00028362731774703235,-0.8507810707195986
30,200,0.0,0,0.0,999.0,1,1,100,200,-0.8347584719291524,-0.36282041943883203,-0.8646403259958954,-1.127196418378408,1981,1460,521,0.06728446136025153,0.1557835512162833,0.11153400628826741,0.04424954492801589,0.029023440622914398,-0.5675158488124417,-0.00011492160034200802,-0.8515004033557001
20,120,0.0025,0,0.0,999.0,1,1,100,200,-0.834140805992444,-0.3622249991318821,-0.8591147046961474,-1.212714987985243,1672,1243,429,0.05722323349329803,0.1323514810524574,0.09478735727287771,0.037564123779579676,-0.1419981064385356,-0.5539204756790034,-0.00018015976728847277,-0.852418100879218
20,200,0.0025,0,-0.2,999.0,1,1,100,200,-0.8419418467736852,-0.36987072044808256,-0.872205125118126,-0.9484832251806872,2015,1495,520,0.09511831871586961,0.2106238623200397,0.15287109051795467,0.05775277180208506,-0.3039063607207556,-0.37797140074164226,-7.53541667276053e-05,-0.8533974442661799
48,60,0.005,0,0.2,999.0,1,1,100,200,-0.8294367774036242,-0.3577440816041304,-0.8461611047868279,-1.4679200825151524,1288,953,335,0.03673672017209995,0.08426278338573556,0.060499751778917754,0.023763031606817805,-0.2774322166108165,-0.550466160213439,-0.0003739434063312537,-0.8542206381233021
20,120,0.0,0,0.2,999.0,1,1,100,200,-0.8302994739809033,-0.35855886232250256,-0.8523803537165074,-1.3992972374676496,1495,1099,396,0.042098295548568594,0.09829554856859175,0.07019692205858018,0.028098626510011583,-0.20554628147358445,-0.5488396785450127,-0.0002823950934226267,-0.8547139010541388
20,60,0.0025,0,0.2,999.0,1,1,100,200,-0.8307780087996252,-0.3590121580715566,-0.8451160287116996,-1.5093841464535471,1259,922,337,0.03468475922555023,0.08174747641899718,0.058216117822273705,0.023531358596723482,-0.2926216586997862,-0.5509840287384027,-0.0003971011425000486,-0.8570393797500838
20,96,0.005,0,0.2,999.0,1,1,100,200,-0.8316298583727699,-0.3598214625110334,-0.8516090571629282,-1.478459844400761,1324,983,341,0.0380936620883667,0.08621545589938773,0.062154558993877215,0.02406089690551051,-0.2543530506622793,-0.562168827970129,-0.00036342955816931846,-0.8595489833125356
30,96,0.0,0,0.2,999.0,1,1,100,200,-0.8335772860230849,-0.36168322302447165,-0.855556344209595,-1.4184341960244817,1455,1066,389,0.04100612278669535,0.09621049147774284,0.06860830713221909,0.027602184345523747,-0.23573422292468282,-0.5491869945137005,-0.0003022390124281446,-0.8603831049304933
20,96,0.0,0,0.0,999.0,1,1,100,200,-0.838743876280038,-0.36670294356957767,-0.8633305421279303,-1.2431611001231222,1671,1234,437,0.056296541452920734,0.13096144299189144,0.09362899222240609,0.037332450769485354,-0.15788282452088098,-0.5583406041859162,-0.00018995072258597978,-0.8605262696396989
30,200,0.005,0,0.2,999.0,1,1,100,200,-0.8356678297430447,-0.3637000700019821,-0.8557465991381589,-1.3871502511550873,1576,1174,402,0.04550719841138507,0.10210160516299852,0.07380440178719179,0.02829720337580672,-0.161271399029714,-0.5690659864719085,-0.00026627373569363695,-0.860930882128816
12,120,0.0025,0,0.0,999.0,1,1,100,200,-0.8399092515304636,-0.3678518159463535,-0.8632440056939142,-1.2717165138342277,1649,1223,426,0.05556842627833857,0.12877709746814497,0.09217276187324176,0.03660433559490319,-0.16667224223471133,-0.5617562450993029,-0.00019954562306182742,-0.8630596444850219
30,200,0.0025,0,0.0,999.0,1,1,100,200,-0.846912511099589,-0.37489121362123234,-0.8661090690298759,-1.2034031416187179,1906,1406,500,0.06473605824921397,0.14992553367532682,0.1073307959622704,0.04259473771305643,-0.09474757133921419,-0.5613116036393215,-0.00014601318094826688,-0.8681159052171061
48,60,0.0,0,0.0,999.0,1,1,100,200,-0.8446794200987344,-0.37262084545060625,-0.8652316949207975,-1.2724464750937359,1623,1200,423,0.054774118815158035,0.12824755915935793,0.09151083898725798,0.03673672017209995,-0.2056467169979449,-0.5597154788184331,-0.0002098355242800493,-0.8688590166656919
30,120,0.005,0,0.2,999.0,1,1,100,200,-0.8390893793062227,-0.36704290302026665,-0.8592837931267134,-1.4714532498571793,1416,1054,362,0.041105411219592915,0.09260301174913123,0.06685421148436207,0.025748800264769153,-0.25642240043381803,-0.5606447695794258,-0.0003347350645038107,-0.8702574620764824
48,120,0.005,0,0.0,999.0,1,1,100,200,-0.8478338283080312,-0.3758351485282647,-0.8680947558526071,-1.2494591584139,1693,1263,430,0.05987092503723316,0.13433724971040872,0.09710408737382095,0.037233162336587786,-0.2134197493816825,-0.5488745860048792,-0.00019389968636095462,-0.8723554843752632
30,60,0.0025,0,0.2,999.0,1,1,100,200,-0.8404955793080886,-0.36843221290388073,-0.8539367106729177,-1.5489065832889848,1279,935,344,0.03577693198742347,0.08370014893264935,0.059738540460036405,0.02396160847261294,-0.2929774463427126,-0.5722990317094991,-0.00040613079011214877,-0.8728458974047888
20,200,0.0,0,0.0,999.0,1,1,100,200,-0.8497620187895332,-0.37782462700386377,-0.8701774897825001,-1.213458108950653,1931,1427,504,0.06596061558828396,0.15167962932318385,0.1088201224557339,0.042859506867449944,-0.04313074856998278,-0.5875765742493307,-0.00014541976500170758,-0.8735862773426465
20,120,0.0025,0,0.2,999.0,1,1,100,200,-0.8434614492847388,-0.37139283990684624,-0.8639275741713655,-1.4899406034177105,1441,1061,380,0.04031110375641238,0.09445639582988581,0.0673837497931491,0.02707264603673672,-0.27776309430585877,-0.5544165420466328,-0.00033299490998572005,-0.8778536571634145
30,96,0.0025,0,0.2,999.0,1,1,100,200,-0.8436790461222572,-0.371611702697494,-0.8642939481625749,-1.4918797095468455,1405,1031,374,0.03935131557173589,0.09256991560483203,0.06596061558828396,0.02660930001654807,-0.29105918118109286,-0.5547792613008541,-0.0003467576899042753,-0.8783526622561237
12,120,0.0,0,0.2,999.0,1,1,100,200,-0.843182602037561,-0.37111270351079517,-0.8654076474754283,-1.495589097652651,1462,1067,395,0.04060896905510508,0.09554856859175906,0.06807876882343207,0.02746979976832699,-0.2287830979041524,-0.5775587058432419,-0.0003254343567791141,-0.878595982131142
30,120,0.0,0,0.0,999.0,1,1,100,200,-0.8511117944202514,-0.37922872471540336,-0.8725998417452352,-1.266762490851028,1759,1306,453,0.0606652325004137,0.13969882508687737,0.10018202879364554,0.03951679629323184,-0.1561035603347789,-0.5747653355207445,-0.0001838745944180572,-0.8788667701305724
12,200,0.0,0,0.0,999.0,1,1,100,200,-0.852898921477141,-0.38110253221272905,-0.8707810284180776,-1.2484797683154583,1895,1401,494,0.0646036736720172,0.14919741850074467,0.10690054608638094,0.04229687241436373,-0.12384270482474369,-0.5668575936605551,-0.00015788175178600721,-0.8789170348375408
12,96,0.0025,0,0.2,999.0,1,1,100,200,-0.8439367280050883,-0.3718711793126852,-0.8611805005695368,-1.5551855171894398,1342,985,357,0.03736554691378455,0.08707595565116664,0.06222075128247559,0.02485520436869105,-0.28847673806649277,-0.5708628827707989,-0.00038574499084207537,-0.8802207054569255
20,96,0.0025,0,0.0,999.0,1,1,100,200,-0.8507387446248001,-0.37883971039570885,-0.8708070494483383,-1.3247678404808092,1608,1190,418,0.05407909978487506,0.12589773291411552,0.08998841634949528,0.03590931656462022,-0.24547685993156942,-0.5578856490429354,-0.00022771445138625472,-0.8804816271439185
48,120,0.005,0,0.2,999.0,1,1,100,200,-0.847477651411266,-0.3754697210589528,-0.8658709886265648,-1.481810601459538,1471,1093,378,0.04259473771305643,0.09594572232334933,0.06927023001820289,0.026675492305146452,-0.3032601990121,-0.5431576699858413,-0.0003294117179116134,-0.8824957454452121
20,200,0.005,0,0.2,999.0,1,1,100,200,-0.8477334626459931,-0.37573211135438245,-0.8664517910824583,-1.4743168128060105,1537,1147,390,0.0448121793811021,0.0994208174747642,0.07211649842793315,0.027304319046831043,-0.21580866226494733,-0.5811859843446952,-0.00030684798731558965,-0.8826738475359122
12,200,0.005,0,0.2,999.0,1,1,100,200,-0.847803980906677,-0.3758045013337751,-0.865585232483659,-1.5040927266574846,1507,1128,379,0.043852391196425616,0.09760052953830879,0.0707264603673672,0.026874069170941584,-0.2629650867323128,-0.5612289534761294,-0.0003198875478444379,-0.8838017539084788
48,60,0.0025,0,0.0,999.0,1,1,100,200,-0.8540055930201228,-0.3822714524011992,-0.8732957656192535,-1.3415609564097999,1564,1158,406,0.05255667714711236,0.12338242594737713,0.08796955154724474,0.03541287440013238,-0.29057317743450795,-0.5500835922503415,-0.00024413976478962412,-0.8859973830313159
30,200,0.0,0,0.2,999.0,1,1,100,200,-0.8553345506489587,-0.3836839726964213,-0.8725953058436646,-1.45824129873233,1705,1249,456,0.047559159357934803,0.11116994870097634,0.07936455402945557,0.03180539467152077,-0.2118935400360551,-0.5693657492808721,-0.0002607729360572117,-0.8928936905548701
48,120,0.0025,0,-0.2,999.0,1,1,100,200,-0.8649227297050056,-0.3941744028800567,-0.8922765419028951,-1.0590461502784791,1905,1417,488,0.09002151249379448,0.20122455733907,0.14562303491643225,0.055601522422637766,-0.4599876883551247,-0.35144388400807736,-0.00011455656716912203,-0.8932649813454282
48,120,0.0,0,-0.2,999.0,1,1,100,200,-0.8656308272025421,-0.39497101784931554,-0.8934161556122354,-1.0513041686773552,1965,1458,507,0.09326493463511501,0.20797617077610459,0.15062055270560978,0.05735561807049479,-0.4402711766226882,-0.35860878143325237,-0.00010607327781760894,-0.894244304089301
48,96,0.0,0,0.0,999.0,1,1,100,200,-0.8601068340404145,-0.38883793618798046,-0.8801742952409787,-1.3136704449221486,1749,1298,451,0.06020188648022506,0.13910309448949199,0.09965249048485851,0.03945060400463346,-0.20653021736815957,-0.5771838082351812,-0.00020061350262967333,-0.8946086060545773
30,120,0.0025,0,0.0,999.0,1,1,100,200,-0.8598871062680258,-0.38859776315138495,-0.8800821256114716,-1.33379846727732,1695,1259,436,0.05818302167797452,0.13456892272050305,0.09637597219923878,0.03819295052126427,-0.2473247274321494,-0.5654626872193845,-0.0002151375124453691,-0.8953287493209867
48,96,0.0025,0,0.0,999.0,1,1,100,200,-0.8611088887280891,-0.38993682968265997,-0.8810062658653977,-1.3362052640379924,1686,1252,434,0.057785867946384246,0.13403938441171603,0.09591262617905014,0.0381267582326659,-0.25299031107100833,-0.5679340676644657,-0.00021894994457517076,-0.8972502258172584
48,60,0.0,0,0.2,999.0,1,1,100,200,-0.8565606271438382,-0.3849957963111278,-0.8703244866923215,-1.5793029943828198,1386,1010,376,0.03845771967565779,0.09141155055436041,0.0649346351150091,0.026476915439351316,-0.36240700679708915,-0.5500480020792096,-0.00038647811128203073,-0.8991231893764295
20,200,0.0025,0,0.0,999.0,1,1,100,200,-0.8645360139868865,-0.3937406657674356,-0.882048272812467,-1.312690568502483,1860,1377,483,0.06361078934304154,0.14582161178222738,0.10471620056263445,0.041105411219592915,-0.16437993223130898,-0.5890302420209409,-0.0001843477936754881,-0.9003993305987933
48,96,0.0,0,0.2,999.0,1,1,100,200,-0.8585997903866287,-0.3871963094308407,-0.8759313310602129,-1.5519951086310602,1510,1108,402,0.04272712229025319,0.09958629819626014,0.07115671024325666,0.028429587953003474,-0.3112567573218643,-0.5631150979479379,-0.0003363263019360004,-0.9027617303925002
30,120,0.0,0,0.2,999.0,1,1,100,200,-0.8591410256275761,-0.3877843622788776,-0.8765324671184059,-1.5518891438841764,1518,1115,403,0.04295879530034751,0.10008274036074798,0.07152076783054774,0.028561972530200232,-0.31336843918671387,-0.5616987525270012,-0.0003343808601176972,-0.9036450530322895
20,96,0.0,0,0.2,999.0,1,1,100,200,-0.8588850964126586,-0.387506084109694,-0.8752236320613876,-1.5930882596455191,1424,1039,385,0.039582988581830215,0.09333112692371338,0.0664570577527718,0.026874069170941584,-0.33903810273016777,-0.5647974208898223,-0.0003775253554177756,-0.9047723131226638
20,200,0.0,0,0.2,999.0,1,1,100,200,-0.8619287353783868,-0.3908403357224266,-0.8796745849998149,-1.5200193903539145,1658,1216,442,0.04653317888465994,0.10809200728115174,0.07731259308290585,0.030779414198245904,-0.2483940974708747,-0.579047315307536,-0.0002911600411383169,-0.9066785977400298
48,96,0.0025,0,0.2,999.0,1,1,100,200,-0.861654581844151,-0.3905377603027169,-0.8785848173343713,-1.5861979121182985,1458,1071,387,0.040906834353797786,0.09578024160185339,0.06834353797782558,0.0274367036240278,-0.3351883086620898,-0.5685345887297512,-0.0003672313900100139,-0.9091400645758175
12,200,0.0025,0,0.0,999.0,1,1,100,200,-0.8696977536562209,-0.39960831451813694,-0.884661973188571,-1.3640390441959027,1822,1350,472,0.06228694357107397,0.14324011252689062,0.1027635280489823,0.04047658447790833,-0.248824872620526,-0.5685286932174755,-0.00020252110185643745,-0.9101412533222175
12,120,0.0025,0,0.2,999.0,1,1,100,200,-0.8611548823322867,-0.3899874105933354,-0.8794651499483278,-1.627206770427964,1407,1031,376,0.038821777262948866,0.09157703127585637,0.06519940426940261,0.026377627006453748,-0.3351913693141788,-0.5778794075599099,-0.0003949706779186356,-0.9110803240888975
12,200,0.0,0,0.2,999.0,1,1,100,200,-0.8646677659190256,-0.3938883332596723,-0.8819857698620961,-1.5576558005468883,1627,1193,434,0.04534171768988913,0.10604004633460203,0.07569088201224557,0.030349164322356445,-0.30487794897722176,-0.5607344942236627,-0.00030922437935233755,-0.9127640082180648
48,60,0.0025,0,0.2,999.0,1,1,100,200,-0.866600676198523,-0.3960672282419624,-0.8793744313482096,-1.6648027850882239,1338,977,361,0.03683600860499752,0.0878040708257488,0.06232003971537316,0.02548403111037564,-0.4138292239524741,-0.555629588198428,-0.0004401281799221024,-0.9189945831704783
30,200,0.0025,0,0.2,999.0,1,1,100,200,-0.8695349322539546,-0.3994205878905298,-0.8851839240150108,-1.5670504613461178,1646,1209,437,0.045805063710077774,0.10690054608638094,0.07635280489822936,0.03054774118815158,-0.2877934600556685,-0.5827445371874236,-0.00031371406581810735,-0.9203650729653411
30,120,0.0025,0,0.2,999.0,1,1,100,200,-0.8691787961560462,-0.3990105884723777,-0.885305514618352,-1.6372759258703504,1467,1079,388,0.041171603508191296,0.09630977991064041,0.06874069170941585,0.027569088201224556,-0.37055012308190816,-0.5671358128584059,-0.0003829831547529662,-0.9235271420750713
20,96,0.0025,0,0.2,999.0,1,1,100,200,-0.868657993015655,-0.398412521018811,-0.8839484483782516,-1.6782189032468635,1373,1004,369,0.03796127751116995,0.0896574549065034,0.06380936620883668,0.02584808869766672,-0.3928000204873836,-0.5701770282352175,-0.00043026147391581743,-0.92429769037028
48,120,0.0025,0,0.0,999.0,1,1,100,200,-0.8817659617748176,-0.414040150001147,-0.8972477225194155,-1.4255954353876503,1759,1303,456,0.06043355949031938,0.14006288267416847,0.10024822108224392,0.03981466159192454,-0.36478646009168325,-0.5513782807307982,-0.00023668940096500528,-0.9339437830302373
20,200,0.0025,0,0.2,999.0,1,1,100,200,-0.8770211370888371,-0.40823986774883614,-0.891864310091126,-1.6421577069673237,1601,1178,423,0.04487837166970048,0.10385570081085553,0.074367036240278,0.029488664570577527,-0.32884321625056046,-0.5919191981536722,-0.00035047246249344133,-0.9362799081427654
48,120,0.0,0,0.0,999.0,1,1,100,200,-0.8841145888246615,-0.4169759986649094,-0.8993111102156632,-1.4240957431436196,1823,1351,472,0.06291577031275856,0.1451265927519444,0.10402118153235149,0.041105411219592915,-0.34339393084345005,-0.5607798140707043,-0.00022464525047323673,-0.937836340929922
48,120,0.0,0,0.2,999.0,1,1,100,200,-0.8814581807128272,-0.4136586637924916,-0.895511218124093,-1.6660936638779087,1577,1158,419,0.04484527552540129,0.10382260466655635,0.07433394009597882,0.029488664570577527,-0.42656012110414776,-0.5451056590676552,-0.0003656379400043045,-0.9447189560484335
48,120,0.0025,0,0.2,999.0,1,1,100,200,-0.8814717453436123,-0.4136754611305371,-0.8955000422218653,-1.68017819043704,1525,1121,404,0.04305808373324508,0.10004964421644878,0.07155386397484693,0.028495780241601855,-0.4343278943407003,-0.5507485542004507,-0.00038895622348663597,-0.9454343917633218
12,200,0.0025,0,0.2,999.0,1,1,100,200,-0.8829532328577668,-0.4155187521840872,-0.89636460638637,-1.7082185394981584,1569,1156,413,0.04375310276352805,0.10180373986430581,0.07277842131391693,0.029025318550388878,-0.40098076990070763,-0.5717396340827273,-0.0003802462756825837,-0.9491119823521801
