ema_fast,ema_slow,trend_threshold,use_macd,volume_filter,funding_z_cap,allow_short,total_return,annual_return,max_drawdown,sharpe,trades,long_trades,short_trades,exposure,abs_exposure,long_exposure,short_exposure,long_total_return,short_total_return,avg_bar_return_when_in_position,score
48,200,0.0,0,-999.0,999.0,1,9.372880566225644,0.7960689028970092,-0.610673118370022,1.2967276150833273,88,50,38,0.15535330134039385,0.6196260135694192,0.3874896574549065,0.23213635611451267,11.120922423144982,-0.10615906452548685,0.0001748128117917232,0.5555687244661645
48,200,0.0,0,-999.0,2.5,1,8.407567665355868,0.7526812830454286,-0.6049514193487443,1.2796550623677956,265,169,96,0.14108886314744332,0.5834519278504054,0.36227039549892437,0.22118153235148105,10.402524311143484,-0.05850601017640178,0.00018118769510677593,0.5141883264894462
48,200,0.005,0,-999.0,999.0,1,6.191371740378877,0.6386890986164979,-0.5809010485932377,1.1771416829938506,78,45,33,0.1576038391527387,0.5627668376634122,0.3601853384080755,0.20258149925533675,7.262226391091049,-0.09543627547623501,0.0001657184754703896,0.40709565846957163
48,200,0.005,0,-999.0,2.5,1,5.637267433345095,0.606123828511449,-0.5644837246782057,1.1642627625263438,239,153,86,0.14333940095978817,0.5285785206023498,0.335958960781069,0.19261955982128082,6.578750831660462,-0.013525971279473858,0.0001721567092892052,0.3820951042986633
48,200,0.0,0,-999.0,1.5,1,5.143826464077177,0.5753604330575681,-0.5035640840734489,1.1324309037683982,443,279,164,0.11745821611782227,0.5044845275525401,0.3109713718351812,0.19351315571735891,6.570186960704392,0.01236102808267181,0.00018040255350107855,0.3801999362092636
48,200,0.0025,0,-999.0,999.0,1,5.043327884189788,0.5688693666370492,-0.6052372797677079,1.0981712659240301,84,48,36,0.15525401290749627,0.5934469634287606,0.37435048816812844,0.21909647526063214,6.015228335144123,-0.1020294889581067,0.0001487715940573822,0.3211592900493968
48,200,0.01,0,-999.0,2.5,1,4.786901918394102,0.5519324749702184,-0.5815251491872797,1.1248229142317479,215,143,72,0.14403441999007116,0.4615588283964918,0.30279662419328146,0.15876220420321033,4.517033017953467,0.16798931793603367,0.0001824626751731549,0.3174110460881659
48,200,0.01,0,-999.0,999.0,1,4.809615119372854,0.553455131825507,-0.594267184412123,1.1047500679744064,74,48,26,0.15657785867946383,0.4914446466986596,0.3240112526890617,0.1674333940095979,4.721667794000012,0.05365307171922695,0.00017141792468554134,0.31155904301816584
48,200,0.0025,0,-999.0,2.5,1,4.5294074102802915,0.5343490326666127,-0.6010354513507226,1.0777385517188567,254,162,92,0.14095647857024657,0.557835512162833,0.3493959953665398,0.20843951679629324,5.653124712840409,-0.05679755703577105,0.0001539173803161226,0.28771823457719425
30,200,0.0,0,-999.0,999.0,1,4.716913263566447,0.5472121971969792,-0.639137801138506,1.0765185620813933,104,60,44,0.15164653317888466,0.5988416349495284,0.3752440840642065,0.22359755088532185,6.41187270668047,-0.18750141757948346,0.00014442162519719403,0.28146922473179586
20,60,0.0,0,-999.0,999.0,1,4.603480978739286,0.5394690863926075,-0.653298474981866,1.1142078835861147,202,120,82,0.1173589276849247,0.45262286943571073,0.28499089856031773,0.16763197087539303,5.564319655607226,-0.055628454507930414,0.00018166894844042538,0.2685302430809802
12,60,0.0,0,-999.0,999.0,1,4.575455192991718,0.537537911570565,-0.649708811213242,1.1166352997259603,242,146,96,0.1158696011914612,0.4436538143306305,0.27976170776104586,0.16389210656958464,5.206083949482601,0.013970822382507908,0.00018548674273454805,0.26851527095024197
48,200,0.005,0,-999.0,1.5,1,3.291200502364152,0.43999666677044424,-0.44603837025754756,0.9977370259671703,394,255,139,0.12040377296045011,0.45685917590600694,0.2886314744332285,0.16822770147277843,3.923437089762319,0.06089064925967236,0.00016571940880374792,0.266864332940029
30,200,0.0,0,-999.0,2.5,1,4.155222473058573,0.5076687755959346,-0.6429963561316733,1.048942265002125,276,174,102,0.13721661426443818,0.5626344530862154,0.3499255336753268,0.21270891941088862,5.882945695435681,-0.14015395992150892,0.00014858954079050347,0.23861771078020422
30,60,0.0,0,-999.0,999.0,1,3.9616394440318112,0.49329183837345814,-0.619613245043364,1.0541881252216458,177,110,67,0.11818633129240444,0.4636438854873407,0.29091510838987256,0.17272877709746814,4.552845870518941,-0.02376526491628339,0.00016848668213361763,0.2361946221128584
20,200,0.0,0,-999.0,999.0,1,4.0511926908380484,0.4999940538608383,-0.642509498465562,1.027627778123355,127,76,51,0.14863478404765845,0.5828561972530201,0.36574549065033923,0.21711070660268078,5.938078926862035,-0.22421871861205622,0.00014114862338739483,0.230120693534225
48,200,0.0025,0,-999.0,1.5,1,2.7451951857857777,0.3917625432902567,-0.4945662057093284,0.9284288050377097,422,269,153,0.11752440840642066,0.48191295714049315,0.29971868277345687,0.18219427436703625,3.4216863081760494,0.0455104511739679,0.0001499029012195512,0.19090088068747801
30,60,0.0,0,-999.0,2.5,1,3.3584343320039975,0.44561193662263143,-0.611546187828789,1.0132626885096185,313,195,118,0.10653648849908985,0.4329306635776932,0.26973357603839154,0.16319708753930168,3.8598777433760336,0.04879171175721164,0.0001708502592192742,0.19050197713371786
12,60,0.0,0,-999.0,2.5,1,3.599186385625373,0.46520149666654165,-0.6558331345030692,1.0473777434812368,376,228,148,0.1048816812841304,0.4136687075955651,0.25927519443984776,0.15439351315571737,4.166857195887322,0.07429197817031996,0.00018390406242892366,0.18965381658906888
20,120,0.0,0,-999.0,999.0,1,3.607546068912403,0.4658677592524636,-0.6586447231739376,1.003398144503804,155,100,55,0.13622372993546253,0.5134535826576204,0.32483865629654146,0.18861492636107893,3.761331456408822,0.04570096849265326,0.0001507387530158525,0.186715304890685
48,200,0.01,0,-999.0,1.5,1,2.4315668601849834,0.36162221948445517,-0.4483015653483241,0.9064168302376268,349,236,113,0.12159523415522092,0.3992056925368195,0.2604004633460202,0.13880522919079927,2.5441061577546655,0.15289321312552517,0.00016499144973258997,0.18279227832217446
12,200,0.0,0,-999.0,999.0,1,3.451994164630487,0.4533188501638088,-0.6450908572071028,0.977347993448146,150,94,56,0.14522588118484198,0.5694522588118485,0.3573390699983452,0.21211318881350322,4.360739917743226,-0.10482059741200989,0.0001367618549930844,0.1796408212326647
20,200,0.0,0,-999.0,2.5,1,3.536855709731875,0.4602049355368174,-0.6619054627096754,0.9961579109717398,298,189,109,0.13420486513321198,0.5471785536984941,0.34069170941585303,0.20648684428264108,5.320884867161937,-0.16688846431683635,0.0001448328644244073,0.1790600997305667
12,120,0.0,0,-999.0,999.0,1,3.474229731309917,0.4551326026459783,-0.65862723111579,0.9959350818269154,180,118,62,0.13102763528048983,0.5021016051629985,0.31656462022174414,0.18553698494125434,3.316651882184434,0.13414225508305933,0.00015145342718621749,0.17561574117942907
30,200,0.005,0,-999.0,999.0,1,3.1595950991849735,0.4288114227370341,-0.619191182154698,0.9562308990071617,91,53,38,0.15409564785702465,0.546814496111203,0.35045507198411385,0.1963594241270892,4.576772378336447,-0.2193911335672507,0.00013475999602629665,0.16702737661004316
20,60,0.0,0,-999.0,2.5,1,3.3401903857413444,0.4440946854824088,-0.6557631985530941,1.0143748512469088,337,204,133,0.10630481548899554,0.422571570412047,0.2644381929505213,0.15813337746152573,3.997048704100407,0.027997643686675122,0.00017492113685586993,0.16693182876820722
12,96,0.0,0,-999.0,999.0,1,3.3374503320576636,0.44386639716379195,-0.6693651648064306,0.9873767380821519,199,125,74,0.12646036736720173,0.48032434221413206,0.3033923547906669,0.17693198742346516,3.929976210730069,-0.028119655974107594,0.0001553004564390413,0.15855265166468424
30,200,0.01,0,-999.0,999.0,1,2.862056354735035,0.40250931599647943,-0.5897059368765014,0.9300383060706963,84,54,30,0.1533675326824425,0.4787026311434718,0.31603508191295715,0.16266754923051466,3.4566396551889635,-0.09623396416099861,0.00014621975465230221,0.15415826286176354
30,200,0.01,0,-999.0,2.5,1,2.77301970415944,0.39434389639655154,-0.5763910556047265,0.9337715260186634,223,147,76,0.14075790170445143,0.4487506205527056,0.2947542611285785,0.1539963594241271,3.2104427687262698,0.0018374207849565227,0.00015440544152619292,0.15283694489512148
20,200,0.01,0,-999.0,999.0,1,2.7323149833539535,0.39056274313332917,-0.5842132750276645,0.9171877278278591,96,62,34,0.1508853218600033,0.46907165315240773,0.30997848750620555,0.1590931656462022,3.6114001154813744,-0.15082572215063106,0.0001463198662350214,0.14431549201088986
20,60,0.01,0,-999.0,999.0,1,3.191130726826091,0.43151556668173696,-0.6762923281549181,1.008739349886687,151,95,56,0.12384577196756578,0.3691543935131557,0.24650008274036075,0.12265431077279497,3.044310275948944,0.11759428889767731,0.00018688897021899338,0.14380637009861225
12,200,0.0,0,-999.0,2.5,1,3.052361074930321,0.41949966914854775,-0.6577402872812541,0.9494615941958764,316,202,114,0.13122621214628497,0.534204865133212,0.33271553863974845,0.20148932649346352,3.9038323204494807,-0.03214964902641104,0.00014087350072310704,0.1381026052177145
30,200,0.005,0,-999.0,2.5,1,2.7729866090993434,0.394340834571576,-0.6135253404126597,0.9262314163238404,248,157,91,0.13976501737547575,0.5126261790501406,0.3261955982128082,0.18643058083733244,4.059205453180895,-0.15575415709013019,0.00013807098201316172,0.13388973518143815
12,60,0.005,0,-999.0,999.0,1,2.947925817683065,0.4102516672470016,-0.6532103839473697,0.9747264026092956,218,134,84,0.11901373489988416,0.40417011418169785,0.261591924540791,0.14257818964090682,3.809873823409432,-0.08465410791213779,0.00016943929453499642,0.13238279540378148
20,120,0.0,0,-999.0,2.5,1,3.016851997272509,0.4163755119334023,-0.6691790006077498,0.9569642669994662,308,200,108,0.12275359920569254,0.4802581499255337,0.3015058745656131,0.17875227535992058,3.314633960940582,0.08602531543193259,0.00015237344669798733,0.12963422497950067
20,60,0.005,0,-999.0,999.0,1,2.9733330691141218,0.4125182693645002,-0.666876642666719,0.9735644613437842,180,108,72,0.12003971537315902,0.4131391692867781,0.26658944232996856,0.14654972695680954,4.013298432273085,-0.13278318128308142,0.00016585326771018826,0.12775817109832993
30,200,0.0025,0,-999.0,999.0,1,2.823394476748546,0.39898121407460674,-0.6390956125696333,0.9159962990537748,98,57,41,0.1509184180043025,0.5740195267251366,0.36246897236471953,0.211550554360417,4.042188030999717,-0.2036282920952407,0.0001248301878954423,0.12523322274247883
12,60,0.01,0,-999.0,999.0,1,2.9264021702053724,0.4083229531553296,-0.6648640966234258,0.980858282310461,185,119,66,0.12205858017540956,0.3600860499751779,0.24107231507529372,0.11901373489988416,2.8536500515160474,0.117647350929863,0.00018585972812599388,0.12493381895913977
12,200,0.01,0,-999.0,999.0,1,2.6238980582690354,0.38033856858593285,-0.606817938382525,0.9073297941872613,109,73,36,0.1472447459870925,0.45980473274863476,0.3035247393678636,0.15627999338077114,2.9165670352320556,-0.022885683466816742,0.00014628905625917033,0.12229608910403345
30,200,0.0,0,-999.0,1.5,1,2.309904358898078,0.3493729572153952,-0.5474051286474086,0.8709517866292499,446,279,167,0.11418169783220254,0.48611616746649017,0.30014893264934633,0.1859672348171438,3.6439271508396773,-0.10915543253314408,0.0001405850833827693,0.11921798222315336
12,60,0.0025,0,-999.0,999.0,1,2.712314828779799,0.38869354751434293,-0.6343670869641227,0.9385410801518923,230,141,89,0.11447956313089525,0.4243918583485024,0.26943571073969885,0.15495614760880358,3.339290708013963,-0.040196323155344715,0.000158479644744642,0.1184370580398762
12,120,0.0,0,-999.0,2.5,1,2.899810485511339,0.4059291209679152,-0.6703313600551405,0.948802647504464,330,213,117,0.1179877544266093,0.4693364223068013,0.29366208836670527,0.175674333940096,2.7821950763983363,0.2161190395552124,0.00015298400456691328,0.11820357331556819
20,200,0.01,0,-999.0,2.5,1,2.4878859611177107,0.36718254667433414,-0.5882572798991156,0.8995255908675658,234,154,80,0.1383749793149098,0.4392189309945391,0.2887969551547245,0.15042197583981465,3.165329621542311,-0.05867831431861692,0.00015130578014357421,0.11803018626815465
12,96,0.0,0,-999.0,2.5,1,2.83774871774925,0.40029422305399853,-0.6763899770703352,0.94673650359637,340,213,127,0.1140162171107066,0.4484196591097137,0.2812179381102102,0.16720172099950356,3.3146895395462463,0.05432743851492683,0.00015774253663554066,0.10943605969864942
20,200,0.005,0,-999.0,999.0,1,2.5320908083437734,0.3714998862441248,-0.6165520868774146,0.8867556069337381,111,67,44,0.15167962932318385,0.5327486347840477,0.3422141320536157,0.1905345027304319,4.260129633205549,-0.2901856338985226,0.00012787462836185025,0.1075616231521044
20,60,0.0025,0,-999.0,999.0,1,2.621082222810524,0.3800699856706331,-0.6456726068991976,0.9228190548299393,191,115,76,0.11606817805725633,0.4335263941750786,0.2747972861161675,0.15872910805891113,3.4375344592466712,-0.10219474507436288,0.00015279831821489958,0.10337463496253127
30,60,0.01,0,-999.0,999.0,1,2.640310807178772,0.38190096043298394,-0.6571230570728698,0.9350581058839571,137,89,48,0.12516961773953333,0.3784213139169287,0.25179546582823104,0.12662584808869767,2.5919723159828107,0.08533072045158341,0.0001702356379693638,0.10009233719074691
12,200,0.01,0,-999.0,2.5,1,2.3639657838217953,0.35485695392112127,-0.6036679639187059,0.8860883714737788,243,161,82,0.1350984610292901,0.43031606817805723,0.2827072646036737,0.14760880357438358,2.5070740476980684,0.08314502633296561,0.00015066444458515586,0.09732739053545725
20,120,0.01,0,-999.0,999.0,1,2.603103865339104,0.3783514542386548,-0.6683123550643097,0.914339664776621,114,79,35,0.1387059407579017,0.4198245904352143,0.279265265596558,0.1405593248386563,2.241765920009196,0.17667385955779613,0.00015646785308546377,0.08991225994533097
30,200,0.0025,0,-999.0,2.5,1,2.4801456303013962,0.3664223599919121,-0.643829885188642,0.8856233686589328,264,167,97,0.1365877875227536,0.5382425947377131,0.3374151911302333,0.20082740360747972,3.7181005442274584,-0.15827265866891538,0.00012816208022658468,0.0887885858305377
20,120,0.005,0,-999.0,999.0,1,2.60465885142469,0.37850034727477766,-0.6749831123238589,0.908297013185533,135,89,46,0.13877213304650007,0.4719841138507364,0.30537812344861825,0.16660599040211815,2.883358548558983,-0.006932230154595875,0.0001418792312871696,0.08642364177212487
48,200,0.0,0,-999.0,0.75,1,1.5423798599402394,0.26313272228989826,-0.4323862693268705,0.7687081047520051,565,337,228,0.08015886149263611,0.3138176402449115,0.19698825086877378,0.11682938937613768,1.501902464644282,0.3473230396962932,0.00017889700702899706,0.08537499286406325
30,60,0.005,0,-999.0,999.0,1,2.4268469163501822,0.36115312540246336,-0.6512300071744972,0.8983357550591743,163,102,61,0.12129736885652821,0.4234651663081251,0.27238126758232667,0.15108389872579844,3.190999386956312,-0.11288288358962628,0.00015036888527850188,0.08045490956817347
12,200,0.005,0,-999.0,999.0,1,2.3563303001979907,0.3540864352276363,-0.6349756637008345,0.8669344945162256,129,80,49,0.1481383418831706,0.5206023498262452,0.33437034585470793,0.1862320039715373,3.458253291843903,-0.19699369702687364,0.00012696059790993743,0.07994532810303032
30,60,0.01,0,-999.0,2.5,1,2.302496235800049,0.3486162561489792,-0.6333172224512846,0.9045725606319496,251,162,89,0.1140493132550058,0.35187820618897897,0.23296375972199238,0.1189144464669866,2.089212676170874,0.21202648774716226,0.00017345571796990864,0.07718627295493434
30,60,0.0025,0,-999.0,999.0,1,2.2631155206557447,0.3445722206186681,-0.6232654402382021,0.8703568980841179,171,107,64,0.11792156213801092,0.44325666059904023,0.28058911136852555,0.16266754923051466,2.8742508602536905,-0.08254203554667261,0.00014166197920196277,0.07645734540377297
20,200,0.0025,0,-999.0,999.0,1,2.2913901790401043,0.3474794431047812,-0.6347984213942933,0.8529601361492374,121,73,48,0.14843620718186332,0.5586298196260135,0.35353301340393845,0.20509680622207513,3.721653110414376,-0.25942903883090507,0.0001191816889926666,0.07272823921509639
20,200,0.0,0,-999.0,1.5,1,1.89893032884528,0.3053225887324402,-0.564739876493612,0.810045997442019,456,285,171,0.11196425616415688,0.4725136521595234,0.29223895416184015,0.18027469799768328,3.1548078295045023,-0.12354274267438559,0.0001348919286642723,0.06345495035773517
12,60,0.01,0,-999.0,2.5,1,2.28702078695138,0.3470314050058805,-0.6584307805533502,0.9098353232727355,296,189,107,0.11153400628826741,0.33420486513321196,0.2228694357107397,0.11133542942247228,2.1455751965173393,0.21169701065445157,0.00018214695596280937,0.06330778089284214
20,200,0.005,0,-999.0,2.5,1,2.162229436778057,0.33404258194624115,-0.6268759474663543,0.8473296913665735,266,169,97,0.1374482872745325,0.4991229521760715,0.318285619725302,0.1808373324507695,3.642782416413274,-0.22198018605409942,0.00012975414558918707,0.06297109278139265
20,60,0.01,0,-999.0,2.5,1,2.3104611356526195,0.34942977773540385,-0.6655006009726714,0.9089779052883957,265,169,96,0.1131226212146285,0.34307463180539466,0.2280986265100116,0.11497600529538309,2.036135394643592,0.24487506652427005,0.00017791916885484508,0.06212837251348794
30,96,0.0,0,-999.0,999.0,1,2.2799051833417603,0.3463008134563279,-0.655420201209567,0.8534648821810478,150,98,52,0.1320205196094655,0.5039549892437531,0.3179877544266093,0.1859672348171438,2.3521748646383385,0.05466578176105075,0.00013068333726701643,0.06126395696059679
12,60,0.005,0,-999.0,2.5,1,2.2233787725771474,0.34045436705581444,-0.650598877330532,0.8909367728659723,340,209,131,0.10835677643554525,0.3762369683931822,0.24229687241436373,0.13394009597881848,2.8808423897856574,-0.015458874699237679,0.0001641461479460853,0.05970176703384705
20,120,0.01,0,-999.0,2.5,1,2.2788830082845966,0.3461957644934399,-0.6649722626243801,0.8841113971859513,240,163,77,0.12659275194439848,0.3918252523581003,0.25920900215124937,0.1326162502068509,1.9089914282254314,0.2709013781278877,0.0001595419294356657,0.05791520304054742
30,120,0.0,0,-999.0,999.0,1,2.3523188964462025,0.35368110625039173,-0.6885507770168493,0.8604817767314685,138,87,51,0.14002978652986928,0.5251365215952342,0.33258315406255173,0.19255336753268243,2.951698405391429,-0.09105972636021831,0.00012762087399506436,0.05242980657854051
12,200,0.0,0,-999.0,1.5,1,1.7945599487340393,0.29339539232307454,-0.566489090616952,0.7945123535170657,467,294,173,0.11030944894919742,0.4617905014065861,0.28604997517789177,0.17574052622869435,2.6448650198138495,-0.03157698365874784,0.0001348395898805023,0.04987646469045185
12,120,0.005,0,-999.0,999.0,1,2.2263940631193146,0.3407681667888067,-0.6686830240468413,0.8611620305040933,157,103,54,0.13433724971040872,0.46053284792321697,0.2974350488168128,0.1630977991064041,2.409183012940014,0.023688293176350683,0.00013645804135437427,0.04948475629059074
20,120,0.0025,0,-999.0,999.0,1,2.1520913729146307,0.33297059666173134,-0.6549540532258074,0.84299665886056,148,96,52,0.13546251861658118,0.49230514645043855,0.3138838325335098,0.17842131391692867,2.343522397753119,0.015173775500936237,0.00012868460655028168,0.04764340299185567
12,60,0.0025,0,-999.0,2.5,1,2.0667622212044914,0.32384400068351993,-0.6416413151454332,0.8596223696379137,358,219,139,0.10349164322356445,0.39500248221082246,0.24924706271719343,0.145755419493629,2.6452421507324684,0.006263858407933531,0.00015441137167126906,0.04600446159269901
20,96,0.0,0,-999.0,999.0,1,2.1146724837486244,0.3289914569164252,-0.6515203004610748,0.833522136923557,174,113,61,0.12642727122290254,0.4906172430911799,0.3085222571570412,0.18209498593413867,2.1282339718210586,0.08619106781303687,0.0001298983768207298,0.044907413532065635
30,200,0.005,0,-999.0,1.5,1,1.5082738155725468,0.2588691827639207,-0.5049049379850014,0.7492290305892054,397,255,142,0.11719344696342876,0.4424623531358597,0.2798279000496442,0.16263445308621546,2.4627894254494707,-0.11655833924795722,0.00012756271416909185,0.043878165300880276
30,60,0.005,0,-999.0,2.5,1,2.007360396228395,0.3173775053489525,-0.6333670995279752,0.8486142513531065,287,180,107,0.10977991064041039,0.3946053284792322,0.2521926195598213,0.14241270891941088,2.588018060019883,-0.032462738291757054,0.0001503368794287803,0.043124668152620206
12,200,0.005,0,-999.0,2.5,1,2.0287260864520977,0.3197143151115216,-0.6384412635173244,0.8300925482104851,281,179,102,0.1344365381433063,0.4875062055270561,0.3109713718351812,0.1765348336918749,2.9603065666918043,-0.11983351665888875,0.00012919672923660148,0.04199831076338363
12,200,0.0025,0,-999.0,999.0,1,2.01765210948991,0.3185046795722699,-0.6402691980609604,0.8168580248141503,142,90,52,0.14443157372166143,0.5456230349164323,0.3450273043190468,0.2005957305973854,2.7482404256854864,-0.1356605213967811,0.00011630052147449497,0.039212981782497235
12,96,0.005,0,-999.0,999.0,1,2.2064538513353007,0.3386889033245377,-0.6860732550408627,0.8625448722400636,178,113,65,0.12967069336422307,0.4399801423134205,0.28482541783882176,0.15515472447459872,2.88360838055117,-0.097491212288497,0.00014149719171041735,0.03877951941610955
12,96,0.01,0,-999.0,999.0,1,2.2189232657008686,0.33999028168654544,-0.6930222499886207,0.8704108257550522,152,100,52,0.1313585967234817,0.3920238292238954,0.2616912129736886,0.13033261625020684,2.2429686878227892,0.07098281809062779,0.0001557885595546004,0.03699969797998769
30,60,0.0025,0,-999.0,2.5,1,1.8776238340697162,0.3029141979697547,-0.6147503750617689,0.8218218728693546,301,188,113,0.10620552705609797,0.4130729769981797,0.25963925202713883,0.15343372497104088,2.4297141956332995,-0.02466511902165991,0.00014204191519405339,0.03663010408233801
20,60,0.005,0,-999.0,2.5,1,2.0505526076420555,0.322088801027935,-0.6595252173160424,0.8584496647900726,303,185,118,0.10921727618732417,0.3850405427767665,0.24712890948204533,0.13791163329472117,2.7039227386935645,-0.04164002328096572,0.00015517726028969997,0.03524867560941745
20,120,0.005,0,-999.0,2.5,1,2.126346087880184,0.33023666086283554,-0.6771193864258875,0.8541840883664039,275,181,94,0.12540129074962766,0.4407413536323018,0.28307132219096476,0.1576700314413371,2.430902773346926,0.04558433276951135,0.00014155589034904424,0.03438617206821197
30,200,0.01,0,-999.0,1.5,1,1.3220906718039047,0.234795904668595,-0.476610563698993,0.7143668511609494,354,237,117,0.11868277345689227,0.3874234651663081,0.2530531193116002,0.13437034585470792,1.8890109344345256,-0.040556653457142655,0.00013481922409731294,0.03220896537714598
30,96,0.0,0,-999.0,2.5,1,2.0557979330126916,0.3226575357695176,-0.6642270520721466,0.8307143851531423,300,195,105,0.11868277345689227,0.47122290253185506,0.29495283799437366,0.1762700645374814,2.1486532615989615,0.12761348003227457,0.00013539338221577968,0.032079728991101425
12,120,0.01,0,-999.0,999.0,1,2.1124980904306647,0.32875913161195425,-0.6783999003564846,0.8494475376321815,137,94,43,0.13496607645209333,0.4097302664239616,0.2723481714380275,0.13738209498593415,1.7990716763768297,0.1908352610248918,0.0001474514849420887,0.03203155831532104
20,96,0.0,0,-999.0,2.5,1,1.9755139037020064,0.3138711784582653,-0.6478946943546741,0.8220043418827029,318,204,114,0.11365215952341552,0.4582492139665729,0.2859506867449942,0.17229852722157868,1.9979457201269075,0.16361231826131428,0.00013618798170262345,0.031024048375063402
12,120,0.0025,0,-999.0,999.0,1,1.9906928701360096,0.31554588681713724,-0.6568247918727295,0.8222877473992166,169,111,58,0.13029952010590767,0.4810524573887142,0.30567598874731094,0.17537646864140327,2.045051442582748,0.06876997014421637,0.00012710833154001735,0.028247878250733348
20,200,0.0025,0,-999.0,2.5,1,1.977316990562291,0.3140704493033615,-0.655114976301153,0.8167281482551506,285,181,104,0.13403938441171603,0.5234486182359755,0.3287440013238458,0.19470461691212973,3.3366190109077154,-0.20827155754828064,0.0001216540604381059,0.027349368565542508
30,120,0.0,0,-999.0,2.5,1,2.116754564795895,0.3292138050954452,-0.6996417169179531,0.8369506834918984,295,190,105,0.12603011749131227,0.49127916597716365,0.30865464173423796,0.1826245242429257,2.7102313816168455,-0.026410086676469602,0.00013228673653238734,0.021240480811063563
48,60,0.0,0,-999.0,999.0,1,2.02940468095722,0.31978833164330456,-0.6795297985308801,0.8213982692460685,157,101,56,0.1250041370180374,0.48396491808704284,0.30448452755254013,0.17948039053450274,2.4109672868899907,-0.03931639182225177,0.00012895000926975626,0.02109334584016792
12,200,0.01,0,-999.0,1.5,1,1.2838845750018222,0.2296781484875987,-0.49580401176860567,0.7090426533263475,365,246,119,0.11481052457388714,0.3720999503557835,0.24345523746483536,0.1286447128909482,1.6731148077600482,0.02549867579883136,0.00013725056144639955,0.017228275269613257
20,60,0.0025,0,-999.0,2.5,1,1.8156944991200024,0.29583723896195235,-0.6477110380769293,0.8127213328229195,320,195,125,0.10494787357272878,0.4040046334602019,0.25447625351646536,0.14952837994373655,2.41685120903318,-0.032916530864508964,0.00014347322454731512,0.012617786564633672
20,120,0.0,0,-999.0,1.5,1,1.5146081910010993,0.25966430463918644,-0.5779066010128402,0.7496586954488734,437,277,160,0.10398808538805229,0.41356941916266754,0.2587787522753599,0.15479066688730764,2.1669374619365525,-0.012020543843063392,0.00013726488628933815,0.008193938905210016
12,96,0.0025,0,-999.0,999.0,1,1.873833281554647,0.302484331285811,-0.6713706229450014,0.8068426672398566,190,120,70,0.1256660599040212,0.4600033096144299,0.2928346847592255,0.16716862485520437,2.4511838335377045,-0.08428195941448413,0.0001292139173785499,0.0071411531753031235
12,96,0.01,0,-999.0,2.5,1,1.9022263898234226,0.3056939744883971,-0.6826890760032218,0.8330583053370066,267,174,93,0.11984113850736389,0.3648187986099619,0.24232996855866293,0.12248883005129903,1.7805568239411955,0.1928678253803089,0.00015753569698789802,0.006002351753636503
20,200,0.01,0,-999.0,1.5,1,1.1575611012164897,0.21228637807528639,-0.48114190898229303,0.6778785881000982,359,240,119,0.117061062386232,0.3792487175244084,0.2481548899553202,0.1310938275690882,1.8230659617133824,-0.08542898609075977,0.00013069222205708996,0.005609352989144778
12,200,0.0025,0,-999.0,2.5,1,1.7535475376250402,0.28861711749036956,-0.6535949112737989,0.7827888933269849,301,193,108,0.13043190468310442,0.5109713718351812,0.32070163825914283,0.19026973357603838,2.461426964647395,-0.07526973557600403,0.00011899042953447362,0.0009591065198193693
48,96,0.0,0,-999.0,999.0,1,1.9692821285925453,0.31318176664452446,-0.7056335891073917,0.8068118981614936,133,84,49,0.1417507860334271,0.5253350984610293,0.3335429422472282,0.19179215621380108,3.026240612133579,-0.21179434793664154,0.00011998671591529027,0.0007055669989032842
30,96,0.01,0,-999.0,999.0,1,1.755128357813931,0.28880228095107485,-0.6590760347646991,0.7876972290867327,115,79,36,0.13645540294555683,0.4139334767499586,0.2751944398477577,0.1387390369022009,1.4267049540318535,0.20254970996870658,0.00013693798939970123,-0.001350874976938067
30,200,0.0025,0,-999.0,1.5,1,1.3274770820960078,0.23551233359438184,-0.5468731564948213,0.7102459373413196,425,269,156,0.11361906337911633,0.4646367698163164,0.28912791659771636,0.17550885321860002,2.1745381712350604,-0.09319163679610076,0.00011829995336035454,-0.0024119477859628133
12,120,0.01,0,-999.0,2.5,1,1.786149836267798,0.2924198522869279,-0.6730768183167145,0.8073547572746976,260,174,86,0.12311765679298362,0.3819956975012411,0.2525566771471124,0.12943902035412874,1.4227537824855157,0.30968722183018516,0.00014836366520833375,-0.0037508190076944656
12,120,0.005,0,-999.0,2.5,1,1.7795946893565433,0.2916579489639517,-0.6718999547160709,0.8007944242219893,294,190,104,0.12156213801092172,0.42981962601356943,0.27569088201224556,0.15412874400132384,1.8923473492866036,0.11323866147620265,0.00013500754838764213,-0.004252307182984277
12,120,0.0,0,-999.0,1.5,1,1.549403517547284,0.2640054074373921,-0.6131705695999399,0.7593999851185129,457,291,166,0.09995035578355121,0.40469965249048484,0.252325004137018,0.1523746483534668,1.7819648898401552,0.15172300719890308,0.00014068702923136076,-0.004609878106652199
30,200,0.0,0,-999.0,0.75,1,0.9329120448813644,0.17937280199745542,-0.43198743546592233,0.6295646548849756,552,330,222,0.07893430415356611,0.30537812344861825,0.19215621380109218,0.11322190964752607,1.0223474638739507,0.25965487260720144,0.0001481393574568088,-0.005142682991256961
20,120,0.0025,0,-999.0,2.5,1,1.7509740389846495,0.2883155098135879,-0.6660884651270595,0.7888280705344345,294,191,103,0.121959291742512,0.45967234817143804,0.29081581995697503,0.168856528214463,2.054487322803772,0.043290900333656124,0.0001284745715454261,-0.005287319223220156
12,96,0.005,0,-999.0,2.5,1,1.8070207132729066,0.29483675385301034,-0.6825224094816509,0.8098545832610603,306,193,113,0.11752440840642066,0.4100943240112527,0.26380936620883666,0.14628495780241602,2.291117520853256,-0.006046883400472769,0.0001410876451327185,-0.005931721724762085
12,200,0.005,0,-999.0,1.5,1,1.236152940233175,0.22319345951449732,-0.5324739569316276,0.6947287580298723,414,266,148,0.11421479397650174,0.421347013072977,0.2677809035247394,0.15356610954823763,2.0345302822267066,-0.09357585050656547,0.00012355957723347445,-0.008307081049822855
48,60,0.0,0,-999.0,2.5,1,1.7584428595603896,0.2891902543064422,-0.6771748094571448,0.786124903642329,300,192,108,0.11295714049313255,0.4527221578686083,0.28283964918087046,0.16988250868773788,2.055069353466738,0.04906737764945479,0.00013155808932016397,-0.01009090524001377
48,120,0.0,0,-999.0,999.0,1,1.7681370871883044,0.29032299334721245,-0.6804606453410247,0.7737390328394123,119,73,46,0.14648353466821115,0.5478073804401787,0.34714545755419496,0.20066192288598378,2.5930366005609087,-0.18233965314450928,0.00011232991649675055,-0.011220377681329274
30,96,0.01,0,-999.0,2.5,1,1.6308349688334407,0.2739939562511411,-0.6556429326390704,0.7747607470200782,240,162,78,0.1243753102763528,0.38609961939434057,0.2552374648353467,0.1308621545589939,1.2461043662730913,0.32066310349610694,0.0001426901270901961,-0.015089472717390175
20,200,0.005,0,-999.0,1.5,1,1.1323449493356388,0.2087237764428269,-0.5173842216221197,0.6693554666949953,406,260,146,0.11573721661426443,0.4307463180539467,0.2732417673341056,0.15750455071984115,2.178841955956595,-0.1781882373929623,0.00011804692758701984,-0.01650056103348318
48,96,0.01,0,-999.0,999.0,1,1.7551291195089145,0.2888023701501685,-0.6991715650186536,0.7845022607158196,101,67,34,0.1435379778255833,0.43147443322852885,0.2875062055270561,0.14396822770147277,2.06564297992732,-0.05472594733828551,0.0001327267328391227,-0.021558299323367308
12,120,0.0025,0,-999.0,2.5,1,1.6095678201370789,0.2714078990765285,-0.6690726126222897,0.7665328458789695,312,201,111,0.11722654310772795,0.4488499089856032,0.28303822604666556,0.1658116829389376,1.6897386332163227,0.1340322090608692,0.0001266004685789609,-0.024801764940667846
48,120,0.01,0,-999.0,2.5,1,1.5197450791799092,0.2603080102104256,-0.6478406856606015,0.7462395756296947,228,152,76,0.13480059573059738,0.4189640906834354,0.2768823432070164,0.142081747476419,1.8205960058195898,0.0012388013353654692,0.0001317079256513312,-0.02630035383839041
48,120,0.01,0,-999.0,999.0,1,1.5249251234092047,0.2609561282520083,-0.6496750689374196,0.7412583014134226,94,62,32,0.14711236140989575,0.4480886976667218,0.2976005295383088,0.15048816812841304,1.9011140361434662,-0.08777777562270939,0.00012322381655349338,-0.026818491146030334
30,96,0.0,0,-999.0,1.5,1,1.2003671756725862,0.21826330370777347,-0.5596725895975734,0.6833481667828705,426,272,154,0.09985106735065365,0.4051299023663743,0.252490484858514,0.15263941750786034,1.5441426192298469,0.07024094707237372,0.00012829422742020467,-0.027405582751869696
48,120,0.0,0,-999.0,2.5,1,1.6038623251457027,0.2707114316684305,-0.690135324340585,0.7512307642505804,282,183,99,0.1322521926195598,0.5137183518120139,0.3229852722157869,0.19073307959622704,2.467865265387202,-0.13541710717696798,0.00011672072057439818,-0.03679469228933299
12,96,0.0025,0,-999.0,2.5,1,1.5455119495876062,0.2635221054957333,-0.6767000908555396,0.7573179972602998,324,203,121,0.11318881350322688,0.4286612609630978,0.27092503723316236,0.15773622372993545,2.0450285565213995,-0.01699195725727154,0.0001294774608733804,-0.03696204006902152
48,96,0.01,0,-999.0,2.5,1,1.6205689533291054,0.2727475867431919,-0.6975963569720933,0.7690087638535898,229,153,76,0.1314247890120801,0.4030779414198246,0.26725136521595233,0.13582657620387226,1.8064733552288694,0.04706543243415551,0.00013788906131166894,-0.037600153550175285
48,96,0.0,0,-999.0,2.5,1,1.6537459285019604,0.2767624222547487,-0.7146134488258368,0.7625407996150735,289,189,100,0.12785040542776765,0.492040377296045,0.30994539136190635,0.18209498593413867,2.6694450299466586,-0.16433887069693354,0.00012130101696991707,-0.04241726217741604
20,96,0.01,0,-999.0,999.0,1,1.4184968918523202,0.2474347113307045,-0.6593979710297155,0.7280222988984907,133,90,43,0.13215290418666226,0.4018864802250538,0.26701969220585803,0.13486678801919577,1.1178949699931677,0.22047509119970554,0.00012900596324987162,-0.04586315923922874
30,96,0.005,0,-999.0,999.0,1,1.4674266787177928,0.25370537073938126,-0.6737154431376835,0.7327789158498599,135,88,47,0.1345027304319047,0.4634122124772464,0.2989574714545755,0.16445474102267085,1.7408987045941489,-0.03689535098750962,0.00011701278429769964,-0.04651340503696749
12,60,0.0,0,-999.0,1.5,1,1.4387638070908997,0.2500434779987588,-0.6682484260425736,0.7446878368751849,480,295,185,0.08992222406089691,0.35654476253516465,0.22323349329803077,0.13331126923713388,1.9683940265846256,0.044491558071339865,0.0001522458110934493,-0.04684634317876875
20,96,0.01,0,-999.0,2.5,1,1.3328947975671768,0.23623167361957376,-0.6423832075602722,0.7175006991629553,253,168,85,0.12023829223895416,0.37421810359093166,0.2472281979149429,0.12698990567598875,0.9752825112832217,0.3403491001843295,0.00013499276525748413,-0.04908489520241459
48,60,0.01,0,-999.0,999.0,1,1.5744854231846928,0.26710718371477626,-0.7105103313048102,0.7586153632234546,124,84,40,0.13046500082740362,0.3972199238788681,0.26384246235313585,0.13337746152573227,1.49671174010198,0.0971222567350487,0.00013517029479720587,-0.05021721377645612
20,120,0.01,0,-999.0,1.5,1,1.078822134286669,0.2010559781626673,-0.5716191013617185,0.6645457288448303,347,236,111,0.10805891113685255,0.3375475757074301,0.22280324342214133,0.11474433228528877,1.168869343821484,0.1401260758423526,0.00013735768709308995,-0.05152628607595042
30,96,0.0025,0,-999.0,999.0,1,1.3148867324262947,0.23383578220829837,-0.6438787480425099,0.7019349363494531,142,93,49,0.13185503888796954,0.48333609134535827,0.3075955651166639,0.17574052622869435,1.4568449057781452,0.011566931977361694,0.00010929319720856526,-0.053006844995483915
30,120,0.01,0,-999.0,999.0,1,1.4707090033497003,0.25412267350274376,-0.6906585814936418,0.7340940326434016,107,72,35,0.14231342048651333,0.4301174913122621,0.28621545589938774,0.1439020354128744,1.559527558628631,0.01836239371797177,0.00012454038636002492,-0.05450191561190706
20,200,0.0,0,-999.0,0.75,1,0.725264213991444,0.14629150536494118,-0.45910838699278955,0.5642478224229249,550,333,217,0.07575707430084395,0.2978322025484031,0.18679463842462354,0.11103756412377958,0.7037713459076698,0.33323023602571866,0.00013872749353955726,-0.05505029701030735
30,120,0.0,0,-999.0,1.5,1,1.0987894382630206,0.20393365892815085,-0.5879302214945226,0.6584643589144616,428,269,159,0.10554360417011419,0.42240608969055105,0.26397484693033263,0.15843124276021844,1.885139838509629,-0.09891810431190351,0.00012065941503501586,-0.05710823387338735
30,120,0.01,0,-999.0,2.5,1,1.435774869908946,0.24965976482982266,-0.688707239805549,0.7337417317259686,235,157,78,0.13000165480721496,0.4015224226377627,0.2657620387224888,0.13576038391527387,1.4298319115468763,0.1274655410652905,0.00013216449614630632,-0.05800676848665343
20,200,0.0025,0,-999.0,1.5,1,0.9834088162680392,0.18701165483041082,-0.5540411484513424,0.6322238058377961,435,275,160,0.11203044845275525,0.45166308125103427,0.28184676485189475,0.1698163163991395,1.8488932918224412,-0.13459633683683414,0.00010950488938963366,-0.05839772910337059
48,120,0.005,0,-999.0,999.0,1,1.331269069927722,0.23601594840672435,-0.667117676173802,0.7034494770133995,108,66,42,0.14764189971868277,0.503756412377958,0.3256991560483204,0.1780572563296376,2.2814609394482477,-0.25013526540549547,0.00010667388302337131,-0.06237041582950668
20,120,0.005,0,-999.0,1.5,1,1.0449539753052184,0.19612717115434508,-0.5827176351537668,0.6529785869361348,390,254,136,0.10706602680787689,0.3794472943902035,0.24325666059904022,0.13619063379116333,1.5724567884460932,-0.03385112482524788,0.0001246678366524187,-0.0625827170757316
12,96,0.0,0,-999.0,1.5,1,1.3389709183437657,0.23703694542936082,-0.6794341915162121,0.7178267900847594,455,286,169,0.09650835677643554,0.38636438854873406,0.2414363726625848,0.14492801588614926,1.9405126181290995,-0.0013151124217166688,0.00013844649793955897,-0.06678881082450724
48,60,0.01,0,-999.0,2.5,1,1.3737544452739523,0.2416168843492006,-0.6963136374936723,0.7263926844469142,243,162,81,0.11927850405427767,0.3703458547079265,0.2448121793811021,0.1255336753268244,1.1777493074370446,0.23085780069307238,0.00013750655897998526,-0.07022030017528982
12,200,0.0025,0,-999.0,1.5,1,0.9347642700034842,0.17965562308451344,-0.5623113954499362,0.6203362114272132,445,283,162,0.11001158365050472,0.44156875723978156,0.27579017044514315,0.16577858679463842,1.5080789254352647,-0.036300691262596274,0.00010952504821225974,-0.07048326406909403
30,96,0.005,0,-999.0,2.5,1,1.2803142502490923,0.2291966281955926,-0.6750381600414218,0.7004806966159332,273,178,95,0.12123117656792984,0.4325997021347013,0.2769154393513156,0.15568426278338574,1.5039410454437796,0.0439185718390509,0.0001195805408168479,-0.07329841699432163
48,96,0.005,0,-999.0,999.0,1,1.3916639074172767,0.2439554241262345,-0.7162289931828635,0.7165998828172689,120,76,44,0.14317392023829223,0.48340228363395665,0.31328810193612444,0.1701141816978322,2.3785340853038286,-0.24831474652672658,0.00011124343054773046,-0.07832907832433379
48,60,0.0,0,-999.0,1.5,1,1.0461089614738524,0.1962962594759694,-0.6190766090007154,0.6482731277226219,419,264,155,0.09442329968558663,0.3883170610623862,0.24137018037398644,0.1469468806883998,1.5130290658204126,0.0040115144204180275,0.0001253661780126621,-0.08082838863825718
12,200,0.0,0,-999.0,0.75,1,0.6346653413679464,0.13091601929185148,-0.47694756409479233,0.5330651122243666,549,333,216,0.07367201720999504,0.29349660764520935,0.18358431242760218,0.10991229521760715,0.5957765841455771,0.3480326627804522,0.0001343954219341086,-0.08090450714432636
30,96,0.0025,0,-999.0,2.5,1,1.1547426983476488,0.21188974138771255,-0.6541780113549966,0.6715186583451739,287,187,100,0.11848419659109714,0.4511666390865464,0.28482541783882176,0.16634122124772463,1.3241258637324953,0.0702189033458156,0.00011228017770464515,-0.08162333137252709
30,96,0.01,0,-999.0,1.5,1,0.8596478759706061,0.16801928561699953,-0.5610599269032853,0.6045506368011827,342,234,108,0.10544431573721662,0.3320867118980639,0.21876551381764026,0.11332119808042362,0.7657825422754199,0.24961557149399605,0.00012782325869077664,-0.082283145994584
30,120,0.005,0,-999.0,999.0,1,1.3420065781149488,0.23743867584243517,-0.7109647873316322,0.7072450106438571,125,80,45,0.14194936289922225,0.4829720337580672,0.3124606983286447,0.17051133542942248,1.9677840080082687,-0.15994830295171925,0.00010972497386095796,-0.08268146729118805
48,120,0.005,0,-999.0,2.5,1,1.1957658861480622,0.21762503847242876,-0.6713245391382756,0.6785904850839047,256,166,90,0.13344365381433063,0.47148767168624856,0.3024656627502896,0.16902200893595895,2.0655816066360857,-0.18590188792716444,0.00011025892256825351,-0.08410770684251381
20,96,0.005,0,-999.0,999.0,1,1.1784414643440688,0.21521285900341436,-0.6725973753386651,0.6756805353937402,158,104,54,0.12967069336422307,0.45043852391196426,0.2900546086380937,0.16038391527387058,1.4251087210610258,-0.02785168986536113,0.00011029075935797505,-0.08730180189623121
48,200,0.005,0,-999.0,0.75,1,0.48838725715743725,0.10468428436622701,-0.43270218467765964,0.47907147754640117,511,312,199,0.07903359258646368,0.284163494952838,0.18159854376965084,0.10256495118318716,0.5689888989585152,0.22424647071543524,0.00012436969567207733,-0.08771323409528275
30,120,0.0025,0,-999.0,999.0,1,1.227930780577657,0.22206596637146792,-0.6885462353245618,0.6836133931211618,133,84,49,0.1390699983451928,0.5035909316564621,0.3213304650008274,0.1822604666556346,1.7833592249816919,-0.14449955747311471,0.00010332812399992883,-0.0880264816347549
30,60,0.0,0,-999.0,1.5,1,1.133836198997591,0.20893534010775539,-0.6628564313937699,0.6717477830428145,422,260,162,0.08992222406089691,0.3720337580671852,0.23097799106404104,0.14105576700314412,1.793096332921146,-0.05651670286490251,0.00013303025904180205,-0.08890548643698885
48,60,0.005,0,-999.0,999.0,1,1.2765590110913498,0.22868955874690822,-0.7079402477636418,0.6968503675175328,143,93,50,0.12758563627337416,0.443918583485024,0.2857521098791991,0.15816647360582492,1.740535701406281,-0.10771566366165697,0.00011434858605638896,-0.09043804675903605
20,60,0.0,0,-999.0,1.5,1,1.1598642847815719,0.21261021913164546,-0.6771289573005439,0.6788316440384687,445,271,174,0.09068343537977826,0.36359424127089196,0.2271388383253351,0.13645540294555683,1.7719143996490465,-0.02657759865393261,0.00013765148426702627,-0.09201267731670304
12,120,0.005,0,-999.0,1.5,1,0.9368127059362916,0.17996816784586422,-0.6111811084918592,0.625678000345001,406,264,142,0.10392189309945392,0.3705444315737217,0.23723316233658778,0.13331126923713388,1.202607144612665,0.07729441791637881,0.00012176645632490459,-0.09433848638281535
20,96,0.0025,0,-999.0,999.0,1,1.0508555862534705,0.19699040820461677,-0.6493662352672007,0.6465043359110735,168,110,58,0.12612940592420982,0.47006453748138344,0.29809697170279664,0.1719675657785868,1.1918753854476578,0.01767493970035794,0.00010305807390181682,-0.09536749263342992
48,200,0.0025,0,-999.0,0.75,1,0.43596956858189384,0.09481354747209281,-0.4323862693268701,0.45828703221399714,538,326,212,0.0780738044017872,0.2984941254343869,0.18828396491808705,0.11021016051629985,0.44376015790824264,0.3010303076883587,0.00011702357700170291,-0.09846523558064238
20,96,0.005,0,-999.0,2.5,1,1.0584945507380903,0.19810500955656773,-0.6611122680748455,0.6514847835772238,290,188,102,0.117061062386232,0.4200231673010094,0.2685421148436207,0.15148105245738872,1.253157620833723,0.05620105239273365,0.00011386726153076955,-0.0998768853019938
12,120,0.01,0,-999.0,1.5,1,0.896741762617181,0.17380870304036855,-0.614017978789327,0.6164880405040386,362,246,116,0.10498096971702797,0.32943902035412875,0.21720999503557836,0.11222902531855039,0.8474189942917347,0.2304664075811944,0.00013031828024782767,-0.102375884329093
48,60,0.0025,0,-999.0,999.0,1,1.0886595361477518,0.20247631831789326,-0.6771930090432199,0.6551487766961523,151,98,53,0.12477246400794308,0.4635445970544432,0.2941585305311931,0.16938606652325003,1.4334580057053965,-0.07436188212955652,0.0001049378476494946,-0.10336274736890907
20,96,0.0,0,-999.0,1.5,1,0.9354060694242832,0.17975357376218004,-0.6309944685847365,0.6194996289261424,439,276,163,0.09584643389045176,0.39437365546913783,0.2451100446797948,0.14926361078934305,1.3126391269634796,0.04235513015822989,0.00011991772973042417,-0.1047686790838811
30,96,0.005,0,-999.0,1.5,1,0.743803048698015,0.14936275417149947,-0.5656349070537763,0.5688315639160012,384,251,133,0.1027304319046831,0.37180208505709084,0.23726625848088698,0.13453582657620386,1.0768630562516557,0.017407571145813927,0.00011229407994351309,-0.10501312115958861
20,120,0.0025,0,-999.0,1.5,1,0.7588719684257197,0.1518411737171892,-0.5727232282681622,0.5728839775011556,417,266,151,0.10339235479066688,0.39563130895250703,0.24951183187158696,0.14611947708092007,1.1936308101207134,-0.012257513368162831,0.00010941813832735391,-0.10587624154183414
48,120,0.0025,0,-999.0,999.0,1,1.055956761069428,0.19773506511460726,-0.6752897969533747,0.6471116123474343,114,70,44,0.14555684262783386,0.526162502068509,0.33585967234817143,0.19030282972033757,1.7524125722395123,-0.20920954242468892,9.554521892142002e-05,-0.10755425274470835
30,120,0.005,0,-999.0,2.5,1,1.178977067505997,0.21528764917112175,-0.7143132394445342,0.676857953523887,268,174,94,0.1280489822935628,0.45100115836505045,0.28952507032930663,0.16147608803574384,1.714260948884133,-0.08206680488592644,0.00011260697704515614,-0.10802607287495097
20,96,0.0025,0,-999.0,2.5,1,0.9593904748163546,0.18339671157651893,-0.646587725898526,0.6260625201361572,306,197,109,0.11332119808042362,0.43825914280986267,0.27579017044514315,0.16246897236471952,1.116610332258419,0.07880699486579901,0.00010730620837516647,-0.1085940253659362
12,96,0.01,0,-999.0,1.5,1,0.8437638866243349,0.165513701664308,-0.6147793119274485,0.6021938931533389,360,242,118,0.10223398974019526,0.3143802746979977,0.20830713221909647,0.1060731424789012,0.9782128552923512,0.11589887832028611,0.0001317756274782835,-0.1117662596417493
12,60,0.005,0,-999.0,1.5,1,0.850656897772984,0.16660300367934777,-0.6209452066141931,0.6047869089392091,429,272,157,0.09369518451100446,0.3246400794307463,0.2091676319708754,0.11547244745987092,1.293598723671582,-2.7779903902458436e-05,0.0001307420786504416,-0.1136302541807883
30,120,0.0025,0,-999.0,2.5,1,1.0840573319652536,0.20181247025189286,-0.7003736505946805,0.6545914923786103,284,183,101,0.12510342545093497,0.47023001820287935,0.2976667218269072,0.1725632963759722,1.6332265591013542,-0.08776511882213112,0.00010656701819527989,-0.11564478042651687
48,200,0.01,1,-999.0,2.5,1,0.2352713815236933,0.05431902167882563,-0.3769607677553415,0.35483100289834424,665,433,232,0.06887307628661261,0.19980142313420488,0.13433724971040872,0.06546417342379612,1.3294603290915044,-0.26048652967750663,0.00013856048490027838,-0.1164198120539279
48,96,0.005,0,-999.0,2.5,1,1.1402517369364524,0.2098442506867073,-0.7198152026434586,0.6679401345544863,261,171,90,0.129306635776932,0.45192785040542777,0.29061724309117987,0.1613106073142479,1.9803964247064223,-0.18176052460502878,0.00011118673120605677,-0.11666634390729765
48,60,0.005,0,-999.0,2.5,1,1.0639367902926051,0.1988971967663462,-0.6981750693161274,0.6528978879911144,274,177,97,0.11557173589276849,0.41449611120304486,0.26503392354790667,0.1494621876551382,1.3953631162370863,-0.011814998175348368,0.00011483905220522658,-0.11754544349216176
48,96,0.0025,0,-999.0,999.0,1,1.0888591363823776,0.20250508496881015,-0.7059566746208485,0.654326849999163,128,81,47,0.140857190137349,0.5038557008108555,0.32235644547410225,0.18149925533675326,1.9662686582475208,-0.24924113531490089,9.919489908692007e-05,-0.11775690984165597
30,96,0.0025,0,-999.0,1.5,1,0.5985803561900149,0.12461387639921906,-0.5428249689941809,0.5229266697780273,406,261,145,0.0997186827734569,0.38765513817640246,0.24368691047492966,0.14396822770147277,0.8521231307388015,0.05742224878722979,0.00010253505375706768,-0.12065227460897002
12,60,0.01,0,-999.0,1.5,1,0.8151760833606447,0.1609631144142123,-0.6247314583120194,0.5960870776296959,379,251,128,0.09564785702465663,0.28793645540294555,0.19179215621380108,0.09614429918914447,0.9064011450528489,0.15086360566893742,0.00013983751659396714,-0.1215982608603126
48,200,0.005,1,-999.0,2.5,1,0.27632527437251553,0.06298382323470131,-0.4081144290706633,0.37906535234983135,750,471,279,0.07016382591428098,0.2302167797451597,0.15019030282972035,0.08002647691543935,1.4783803277261995,-0.25063298008255697,0.0001339089431008114,-0.12212012368313878
48,120,0.0,0,-999.0,1.5,1,0.7078060417234602,0.1433765825698028,-0.5894206476689734,0.556908398392472,431,275,156,0.10994539136190634,0.4415025649511832,0.27572397815654476,0.16577858679463842,1.6759400959636093,-0.20827196253554703,0.00010230382226621842,-0.12348832134506031
12,96,0.005,0,-999.0,1.5,1,0.8118508500080677,0.16043032554038605,-0.6310705027428032,0.5906396285434996,406,262,144,0.10044679794803905,0.35343372497104086,0.22694026145953997,0.1264934635115009,1.3073486782555386,-0.037960191528785714,0.00011985224944676486,-0.12557294440384056
12,60,0.0,0,-999.0,0.75,1,0.4692542928183383,0.10111202699789268,-0.5011391324540615,0.4703071202956486,498,306,192,0.058646367698163164,0.22948866457057754,0.14406751613437035,0.08542114843620718,0.3339760075774192,0.4129126698735257,0.00014253523613356778,-0.12594218321435563
12,120,0.0025,0,-999.0,1.5,1,0.7404064498764451,0.14880189194040883,-0.6099033062372519,0.5675480984733943,433,277,156,0.09948700976336257,0.3869601191461195,0.24322356445474103,0.14373655469137844,0.9336205762684144,0.11770628896900925,0.00011000284880319965,-0.1277723562545474
48,120,0.0025,0,-999.0,2.5,1,0.9521217545887166,0.18229616855345254,-0.6858929326270885,0.6231650812230028,271,176,95,0.1314247890120801,0.49250372331623365,0.31196425616415685,0.18053946715207678,1.676799675017104,-0.16487276059936085,9.93091836610574e-05,-0.12949204369894157
48,200,0.0,1,-999.0,2.5,1,0.34418575772705906,0.07685900834004888,-0.45683134045891105,0.4134847493955125,827,507,320,0.06698659606155882,0.2568922720503061,0.16193943405593247,0.09495283799437365,1.8386643837133398,-0.28390454188059744,0.00013695662830560067,-0.13088242441963102
48,200,0.01,0,-999.0,0.75,1,0.31975154421332275,0.07192484586203274,-0.4469367653567409,0.4060291576866142,457,288,169,0.07857024656627502,0.24782392851232832,0.16319708753930168,0.08462684097302664,0.10948402905258092,0.49496914866911546,0.0001173717260650649,-0.13124207893200698
48,60,0.0025,0,-999.0,2.5,1,0.9073774075844483,0.1754529880907485,-0.6747019432702315,0.6128063430552501,289,186,103,0.11265927519443984,0.43283137514479564,0.27274532516961775,0.1600860499751779,1.203489869481913,0.00022296755633943732,0.00010584114984594851,-0.13125766639160474
30,200,0.005,0,-999.0,0.75,1,0.281097873786625,0.0639775051614031,-0.4323035727946726,0.3888904319222888,500,307,193,0.0780738044017872,0.27764355452589773,0.17785867946384246,0.09978487506205527,0.44951507292738335,0.13490719038999366,0.00010541814261854001,-0.13272975963981876
48,120,0.0,0,-999.0,0.75,1,0.321702242173616,0.07232126686055951,-0.4536105365010482,0.4085757134385054,509,308,201,0.07324176733410558,0.27737878537150423,0.1753102763528049,0.10206850901869932,0.5759348027531987,0.08180993876324671,0.00011328139022829715,-0.13405521571803933
30,200,0.01,0,-999.0,0.75,1,0.2962595451178325,0.06711595038125884,-0.44294780413876467,0.39428770668509466,451,285,166,0.07764355452589773,0.24279331457885156,0.16021843455237464,0.08257488002647692,0.19967091860107722,0.3539035699251194,0.00011616680248898797,-0.13464356635386876
30,200,0.0025,0,-999.0,0.75,1,0.27111012609695373,0.06189481011495723,-0.43198743546592355,0.38511077385199,524,319,205,0.07655138176402448,0.29074962766837664,0.18365050471620056,0.10709912295217607,0.3599384799500811,0.21472375905354668,0.00010221015605297127,-0.13484336892540505
48,200,0.005,1,-999.0,1.5,1,0.16351743206228186,0.03864172169822866,-0.3820798906449693,0.3079079618462324,721,457,264,0.05841469468806884,0.19900711567102433,0.1287109051795466,0.07029621049147775,1.108003888330448,-0.2084036166914739,0.00012905645922085338,-0.13700282553194437
48,60,0.01,0,-999.0,1.5,1,0.6894548272643648,0.1402883699542874,-0.6126323093383792,0.5528417483304225,338,229,109,0.10041370180373986,0.31785536984941254,0.2091345358265762,0.10872083402283635,0.7044295676514765,0.17376632896460742,0.0001210371702771416,-0.13838569729838107
48,120,0.01,0,-999.0,1.5,1,0.5194059475579986,0.1104032269641082,-0.5523212504293771,0.49677948724124904,348,235,113,0.11342048651332119,0.3603839152738706,0.2369022008935959,0.12348171438027469,1.0119181722225545,-0.10122776698410907,0.00010361946487879697,-0.14091842388851789
48,200,0.0,1,-999.0,1.5,1,0.24215497061995928,0.05578677947850941,-0.42980556024692995,0.35739724137118284,797,490,307,0.05464173423796128,0.22210822439185834,0.1383749793149098,0.08373324507694853,1.422813952272489,-0.2362251604190806,0.0001370782075099483,-0.14124613857639642
30,60,0.01,0,-999.0,1.5,1,0.655376678388147,0.13448621748698253,-0.6099950274055652,0.5419947132989001,340,225,115,0.09697170279662419,0.3020354128744001,0.19950355783551216,0.10253185503888797,0.8001810418041357,0.09000671711625641,0.00012313314912792793,-0.14341156055085508
20,96,0.01,0,-999.0,1.5,1,0.5789359705739718,0.12113809409009257,-0.583649422414193,0.5152041391306768,351,236,115,0.10230018202879365,0.32232334932980305,0.21231176567929835,0.11001158365050472,0.5726715438352554,0.19664197503260183,0.00011331105672147662,-0.14492641016047011
48,200,0.0025,1,-999.0,2.5,1,0.16798637088743118,0.03963898059118942,-0.40155841624555066,0.31998209768246916,788,488,300,0.06840973026642397,0.2435545258977329,0.15598212808207843,0.08757239781565447,1.1824344939384885,-0.20630914554683877,0.00011816906620865149,-0.14514112264746246
48,96,0.0,0,-999.0,1.5,1,0.6915806440290566,0.1406473945004023,-0.6332506504733392,0.5514743401670732,424,272,152,0.10653648849908985,0.4225384742677478,0.2645374813834188,0.15800099288432898,1.7201610882302814,-0.2312386535407409,0.00010379712634713835,-0.14840421372791363
48,60,0.005,0,-999.0,1.5,1,0.5946728053236148,0.12392505467342585,-0.6027175173159522,0.5207842307770492,378,245,133,0.0972364719510177,0.35532020519609464,0.22627833857355617,0.12904186662253847,0.9848047565089979,-0.02936492637451582,0.00010676047844428089,-0.1513944924456978
30,120,0.01,0,-999.0,1.5,1,0.5618889140483447,0.11809550005771019,-0.5904696320450369,0.5101092149838169,346,233,113,0.10991229521760715,0.34555684262783387,0.2277345689227205,0.11782227370511335,0.8209007971407845,0.019801370384072703,0.00010784428073989997,-0.1516338552156174
20,60,0.01,0,-999.0,1.5,1,0.6971983457224353,0.14159453065022864,-0.6455854492788444,0.556479042710055,350,231,119,0.0966407413536323,0.2948866457057753,0.1957636935297038,0.09912295217607149,0.7507456359112834,0.15486199197933126,0.0001287137071005561,-0.1533742418536908
48,96,0.0025,0,-999.0,2.5,1,0.8894675592951968,0.1726801168330594,-0.7156255114926746,0.6078601717868886,278,182,96,0.12702300182028795,0.4710243256660599,0.2990236637431739,0.172000661922886,1.7240364048866055,-0.20290779467043862,9.963712767027234e-05,-0.15473963032393348
30,60,0.005,0,-999.0,1.5,1,0.5984815059102564,0.12459646667595892,-0.6113416906872191,0.5219128547420727,381,241,140,0.09343041535661095,0.338937613767996,0.2161840145623035,0.12275359920569254,1.1503214734225158,-0.10058937636802745,0.00011038379470466715,-0.154978735930547
48,200,0.005,1,-999.0,999.0,1,0.07683526995263579,0.01870476011799993,-0.38397988043627207,0.2726134605157567,736,464,272,0.07708092007281152,0.24693033261625022,0.16200562634453086,0.08492470627171934,1.175639095426864,-0.2848078233657595,0.00010591832952107655,-0.15965450707434828
20,200,0.01,0,-999.0,0.75,1,0.20572312981360863,0.04794802049278357,-0.45520606841399003,0.34831421731974094,449,286,163,0.07575707430084395,0.23865629654145293,0.15720668542114843,0.08144961112030448,0.12711250804574137,0.33907165439629683,0.00010762207072075181,-0.1622393028482244
20,60,0.005,0,-999.0,1.5,1,0.6281861298455962,0.1297921783990903,-0.6388934793367742,0.532165523499094,395,248,147,0.09395995366539799,0.3314578851563793,0.21270891941088862,0.11874896574549065,1.127193650015931,-0.06740811201365249,0.00011472761515487008,-0.1630462850943421
20,60,0.0,0,-999.0,0.75,1,0.2875422282030169,0.06531486181446855,-0.5002009377703023,0.38683172451228165,480,291,189,0.05934138672844613,0.23250041370180374,0.14592090021512494,0.0865795134866788,0.339831729330603,0.22170954059869907,0.00012123638334137527,-0.1654440208450685
48,120,0.005,0,-999.0,1.5,1,0.4228261774648674,0.09229626070042651,-0.5646059545782639,0.4647520368544524,387,252,135,0.11169948700976336,0.40532847923216947,0.2585139831209664,0.14681449611120304,1.2939088914932828,-0.24728134362218057,9.034329848161717e-05,-0.16676911474598283
48,200,0.0,1,-999.0,999.0,1,0.1574716873254125,0.03728801304530904,-0.44140231217645864,0.325417905456609,810,499,311,0.07400297865298693,0.27436703624027803,0.17418500744663246,0.10018202879364554,1.4691761988432308,-0.29710323138223727,0.00011353575306099705,-0.16714224777008982
12,120,0.0,0,-999.0,0.75,1,0.2514336611383903,0.057755615993645426,-0.4873853921515031,0.37191132178945185,520,317,203,0.0661922885983783,0.25940757901704453,0.1627999338077114,0.09660764520933311,0.2599055804360928,0.2882929695988026,0.00011060280024897494,-0.16734151399263353
48,96,0.01,0,-999.0,1.5,1,0.547090672385051,0.11543402775979228,-0.6169609883490444,0.5052445942654674,340,231,109,0.11073969882508687,0.3467813999669039,0.22876054939599536,0.11802085057090848,0.9485650146272768,-0.0588704874160485,0.00010678301259043614,-0.16778423670145656
30,120,0.005,0,-999.0,1.5,1,0.5094539528690445,0.10857798278405406,-0.6041067318457132,0.49301740315362935,387,250,137,0.10812510342545094,0.38798609961939434,0.24805560152242265,0.1399304980969717,1.1419509446170117,-0.1448006797797856,9.687006733152275e-05,-0.16882451298112106
30,120,0.0025,0,-999.0,1.5,1,0.45956574075522627,0.09928979107656533,-0.5881261119357463,0.4764234156930672,409,259,150,0.10481548899553202,0.40413701803739865,0.25447625351646536,0.1496607645209333,1.0420031449640956,-0.12299375361933407,9.229248653712999e-05,-0.17095209410665446
30,60,0.0,0,-999.0,0.75,1,0.21322789934602748,0.0495771428432803,-0.4777887018538246,0.3500991941534532,476,286,190,0.05970544431573722,0.23716697004798942,0.14843620718186332,0.08873076286612609,0.29903362425579494,0.1849770304648708,0.00011103367540420323,-0.17181224837595935
12,60,0.0025,0,-999.0,1.5,1,0.646799058417121,0.1330117019111745,-0.6644528149065547,0.5382492669892075,457,284,173,0.08886314744332285,0.3406586132715539,0.21476088035743837,0.12589773291411552,1.0337257994883116,0.017675498102526666,0.000116184288319639,-0.17230224219264248
30,120,0.0,0,-999.0,0.75,1,0.20090445106989874,0.04689797851313049,-0.47723242834836477,0.349891920319767,503,304,199,0.07092503723316233,0.2676485189475426,0.16928677809035247,0.09836174085719014,0.38525927530954296,0.11488421177744024,0.00010339092761027173,-0.17422363964506354
20,96,0.0,0,-999.0,0.75,1,0.1893743362577358,0.04437255986046962,-0.47163533381494915,0.34020920716828323,502,305,197,0.06351150091014397,0.25196094654972695,0.15773622372993545,0.0942247228197915,0.24164810282913685,0.23127542079610452,0.0001055820522332619,-0.1744346466885908
48,60,0.0025,0,-999.0,1.5,1,0.4638611695099035,0.10009879657370502,-0.5978625973370384,0.4751308534077479,401,255,146,0.09405924209829555,0.3709415853053119,0.23250041370180374,0.1384411716035082,0.7961213718918796,-0.003993826788950883,9.702461644662885e-05,-0.17507595942442677
12,200,0.01,0,-999.0,0.75,1,0.16009213469205363,0.03787540926638444,-0.46520653376951804,0.32357349472902475,449,287,162,0.07426774780738044,0.23610789343041536,0.1551878206188979,0.08092007281151746,0.09042935373819438,0.3317369277782898,0.00010308995173710547,-0.17854918288192334
48,200,0.01,1,-999.0,999.0,1,0.015612585121878464,0.0038858300846125182,-0.3895461449537059,0.22843450466676754,655,426,229,0.07519443984775774,0.21413205361575377,0.14466324673175576,0.06946880688399801,1.007016391459096,-0.2978269336245276,0.00010364456270409983,-0.17946551715890205
48,60,0.0,0,-999.0,0.75,1,0.16227582041961996,0.038364142214196484,-0.4717743121597555,0.3256590562590335,480,291,189,0.06301505874565613,0.24683104418335264,0.15492305146450439,0.09190799271884825,0.3005793395958327,0.13613279014488544,0.00010294858753640778,-0.1812400610527296
20,96,0.005,0,-999.0,1.5,1,0.44011206202295083,0.09560335745350579,-0.6023591294931823,0.4655391882656707,396,256,140,0.09965249048485851,0.36144299189144463,0.23054774118815158,0.13089525070329305,0.8074705966690807,-0.028736967971183858,9.673932832657404e-05,-0.1822992478798018
30,96,0.0,0,-999.0,0.75,1,0.1332063775561252,0.03180080941472285,-0.4613655846343224,0.3137987484826299,497,303,194,0.06652325004137018,0.25834850239947044,0.16243587622042033,0.09591262617905014,0.2387663175010697,0.17292107593269956,9.845785052179325e-05,-0.18319204547830686
20,120,0.0,0,-999.0,0.75,1,0.15801147155652484,0.037409091873068956,-0.47396322614140096,0.3273642368724525,510,311,199,0.06927023001820289,0.26394175078603344,0.16660599040211815,0.09733576038391527,0.35850828382428634,0.10007769494040852,0.00010022797287236003,-0.1832043093540089
20,200,0.0025,0,-999.0,0.75,1,0.12224033719008909,0.029292084890176318,-0.45891718284196314,0.308878082086887,523,323,200,0.07380440178719179,0.2838325335098461,0.17881846764851894,0.10501406586132715,0.16423628711775518,0.25210615912548073,8.968526890834247e-05,-0.1847226024264609
48,200,0.0025,1,-999.0,1.5,1,0.06240082059194396,0.0152689595091422,-0.4257015546975623,0.24263888719901952,759,473,286,0.056197253020023166,0.21035909316564622,0.13327817309283468,0.07708092007281152,0.8272129114597193,-0.15012468452823158,0.00011194341052765199,-0.185449873479688
20,200,0.005,0,-999.0,0.75,1,0.12233813533177207,0.029314539427361952,-0.4623519537184282,0.3070376773221729,498,309,189,0.07559159357934801,0.27152076783054774,0.17355618070494788,0.09796458712559987,0.26197558430493695,0.1408778201142009,9.112429954446285e-05,-0.1865095535657435
48,200,0.0025,1,-999.0,999.0,1,0.006702274575411504,0.001673666776226268,-0.3999704775554328,0.23173287945649737,774,482,292,0.07535992056925368,0.26083071322190965,0.16809531689558166,0.09273539632632798,0.8965716244268918,-0.2182897658109182,9.519025373484516e-05,-0.18672492802866525
12,96,0.0,0,-999.0,0.75,1,0.14051655224463921,0.03346308145846777,-0.4812904690426878,0.3130312501327145,507,313,194,0.0646036736720172,0.24782392851232832,0.15621380109217275,0.09161012742015555,0.21518737518683562,0.20942663115719817,0.00010121347806885117,-0.19153059055624042
48,96,0.0,0,-999.0,0.75,1,0.16327740510880795,0.03858807766784578,-0.4933502004751369,0.33103430247076654,499,306,193,0.07218269071653152,0.2670527883501572,0.16961773953334436,0.09743504881681284,0.5184203947802974,-0.01672536585536255,9.954476943247574e-05,-0.19153530744618436
12,96,0.0025,0,-999.0,1.5,1,0.5726349040728935,0.12001634882313827,-0.6806438788723861,0.5132527382494769,433,274,159,0.0960119146119477,0.36938606652325007,0.23269899056759888,0.13668707595565116,1.01528183084926,-0.030962931590047482,0.00010464302244156694,-0.19464295370058093
48,120,0.0025,0,-999.0,1.5,1,0.32820121345011377,0.07363883158078122,-0.5840467138743413,0.4315109639299379,412,265,147,0.10925037233162337,0.4231342048651332,0.2661922885983783,0.1569419162667549,1.0598345992076545,-0.20764726594068994,8.328708158210812e-05,-0.1968089771598925
48,120,0.01,0,-999.0,0.75,1,0.05390784776750812,0.013231012685253507,-0.45510346497604626,0.2611124358084599,424,269,155,0.0728446136025153,0.22541783882177727,0.14913122621214628,0.07628661260963097,0.053554998656615505,0.23662744826604243,9.114005682944829e-05,-0.20126509801234663
30,60,0.0025,0,-999.0,1.5,1,0.4542353153038037,0.0982833677218038,-0.650395564050263,0.4702992308989042,404,251,153,0.08969055105080258,0.35479066688730765,0.2222406089690551,0.13255005791825253,0.9363887763264767,-0.08083907219861308,9.919594446064221e-05,-0.2033994527583825
12,200,0.0025,0,-999.0,0.75,1,0.07427532738961085,0.018097951736453233,-0.4767626660589569,0.2817613763314993,521,322,199,0.07158696011914611,0.2798279000496442,0.17570743008439516,0.10412046996524905,0.10741590868258255,0.2588293173088916,8.542670815549445e-05,-0.20619531247645026
12,200,0.005,0,-999.0,0.75,1,0.07707609991310926,0.018761790739928674,-0.47967157329200605,0.28113619051645844,497,309,188,0.07390369022008936,0.26811186496773126,0.1710077775939103,0.09710408737382095,0.21747241953096075,0.13432218441828758,8.686381657199376e-05,-0.20701718638025143
30,200,0.005,1,-999.0,2.5,1,0.030276060891496925,0.007494865257865024,-0.4546756530605215,0.22873589343304632,736,459,277,0.06788019195763693,0.22177726294886646,0.1448287274532517,0.07694853549561476,1.2666387960756005,-0.34320229186924045,0.00010386784673776615,-0.2084061666007434
48,200,0.01,1,-999.0,1.5,1,0.008525088544304005,0.002127407694362704,-0.4486800404842233,0.19578414645116704,641,420,221,0.057951348667880195,0.17272877709746814,0.11534006288267416,0.057388714214793975,0.9097856431825717,-0.27234038369777047,0.0001103441710811878,-0.21242340522519057
30,200,0.0,1,-999.0,2.5,1,0.14007084400823122,0.0333619601705033,-0.5255239923777673,0.3056849272297421,805,491,314,0.06404103921893099,0.24646698659606156,0.15525401290749627,0.09121297368856528,1.6073318189110237,-0.34599242428930854,0.0001172205030721476,-0.2141157896568932
48,96,0.005,0,-999.0,1.5,1,0.3562929335168248,0.07927901361023881,-0.6355587414030115,0.437592221180184,382,251,131,0.10855535330134039,0.3883501572066854,0.24845275525401292,0.1398974019526725,1.1673274604933215,-0.24246979190817108,8.786335300879507e-05,-0.21662074603225773
48,200,0.01,1,0.0,0.75,1,-0.21336678037729762,-0.05831131568676373,-0.2962369661586848,-0.21164645436236068,623,405,218,0.009664074135363231,0.042098295548568594,0.02588118484196591,0.016217110706602682,0.19476545077850416,-0.10090374170796002,0.00012030756338579164,-0.21701212148422416
20,60,0.0025,0,-999.0,1.5,1,0.4295199897092763,0.09358046062578063,-0.6732814450516609,0.46041812788683656,422,260,162,0.0896243587622042,0.34777428429587953,0.21869932152904187,0.12907496276683766,0.8524468573924655,-0.04697668123575793,9.978746778571943e-05,-0.22003935550570797
48,200,0.0,1,0.2,0.75,1,-0.20467941741495876,-0.055718521688492006,-0.3100246244831927,-0.2285876711646223,656,405,251,0.006089690551050802,0.03905345027304319,0.022571570412046996,0.016481879860996192,0.29723757130115125,-0.1488484044548838,0.00014344481728151517,-0.22216021748831946
20,96,0.0025,0,-999.0,1.5,1,0.3033050684272869,0.0685650056290783,-0.6244676852737704,0.4133585594083531,421,267,154,0.0957471454575542,0.3770643720006619,0.23640575872910805,0.14065861327155385,0.5995817223455628,0.005730224766965053,8.645055321789067e-05,-0.22300090903738923
30,200,0.005,1,-999.0,1.5,1,-0.04551696046204767,-0.011594574858943774,-0.4519965644048677,0.1555164830633336,706,444,262,0.05659440675161344,0.19103094489491973,0.12381267582326659,0.06721826907165315,0.9582658607078509,-0.30618952195292237,9.663169533495428e-05,-0.22981703290821093
30,200,0.0,1,-999.0,1.5,1,0.05076812237053829,0.012474496946922375,-0.5117272723298271,0.2389152304287403,777,475,302,0.052589773291411554,0.21264272712229026,0.1326162502068509,0.08002647691543935,1.2507083225461435,-0.3114217934279786,0.00011357967852235949,-0.23144337769655415
48,200,0.01,1,0.2,0.75,1,-0.21022835404658546,-0.0573721688560227,-0.3224374611424735,-0.2605896813742741,510,334,176,0.006288267416845937,0.030051299023663745,0.01816978322025484,0.011881515803408902,0.252909217726734,-0.18650531119002656,9.110860566618894e-05,-0.23162038349597316
48,120,0.0025,0,-999.0,0.75,1,-0.03586068488611194,-0.009100719977865102,-0.46786422543629314,0.21294095832385315,484,297,187,0.07109051795465829,0.2647029621049148,0.16789674002978652,0.09680622207512825,0.16053520557261125,0.05829567491529253,7.341680850102336e-05,-0.232385784779819
30,200,0.01,1,-999.0,2.5,1,-0.06886321468774237,-0.017703148699046878,-0.4463413316179792,0.1499816187113112,653,422,231,0.06721826907165315,0.19265265596558,0.12993546251861657,0.06271719344696343,0.9943918730882386,-0.35280433777553744,9.185256394437034e-05,-0.2333747335724709
48,120,0.005,0,-999.0,0.75,1,-0.054060334846851577,-0.013816827994524883,-0.4629909029771292,0.19808783086311102,466,289,177,0.07218269071653152,0.2539467152076783,0.1630647029621049,0.0908820122455734,0.23224079161877365,-0.030866121574147476,7.171865125913185e-05,-0.23540788793993392
48,96,0.01,0,-999.0,0.75,1,-0.017355869897720866,-0.004373470659638334,-0.48353415665522725,0.21257327765083472,415,267,148,0.07181863312924044,0.21869932152904187,0.14525897732914114,0.07344034419990071,0.004897154707467877,0.20340909431016918,8.091865988390551e-05,-0.23551188510471022
30,200,0.005,1,-999.0,999.0,1,-0.11877683838347441,-0.031158670945751754,-0.4276368542199104,0.13691792953805976,722,452,270,0.07483038226046665,0.23859010425285454,0.1567102432566606,0.08187986099619395,0.993481206678192,-0.36570209970776346,7.889536789231665e-05,-0.23813120157880396
48,96,0.0025,0,-999.0,1.5,1,0.2523065625871477,0.05794027229779153,-0.6339253087058012,0.39800272159268024,405,262,143,0.10587456561310607,0.40433559490319376,0.25510508025814993,0.14923051464504386,1.013768075115049,-0.23850364132259017,7.990061990743557e-05,-0.23912224597547507
30,200,0.0,1,-999.0,999.0,1,-0.0023875121614168604,-0.0005982318710604506,-0.5043910964942464,0.23081287374914408,788,483,305,0.07115671024325666,0.26410723150752935,0.16763197087539303,0.09647526063213635,1.2776124224614738,-0.35041367717684824,9.616918517412487e-05,-0.24125313643072643
12,200,0.005,1,-999.0,2.5,1,-0.0599472680071339,-0.015356874269680798,-0.47482875156396964,0.1617500982536394,723,456,267,0.06476915439351316,0.21356941916266756,0.13916928677809035,0.0744001323845772,1.0241461389885402,-0.3332744947760906,9.152536359356677e-05,-0.24468374513898364
12,200,0.0,1,-999.0,2.5,1,-0.0008706849305897268,-0.00021804078898879364,-0.5139628472448518,0.21783181537307952,797,494,303,0.06073142478901208,0.23806056594406752,0.1493959953665398,0.08866457057752772,1.1441118675106532,-0.3058011449289748,0.00010157196059673972,-0.2463078736427607
12,200,0.01,1,-999.0,2.5,1,-0.10307637492197985,-0.026865935761723803,-0.45364000641356916,0.1197102071196534,639,417,222,0.06427271222902532,0.1865960615588284,0.12543438689392686,0.061161674664901536,0.849764630936404,-0.3325314915878048,8.579270245261917e-05,-0.24770042861252572
30,200,0.0025,1,-999.0,2.5,1,-0.04588856004752484,-0.011690922357577072,-0.4928877624356367,0.17821036891128159,769,473,296,0.06526559655800099,0.23346020188648023,0.1493628992222406,0.08409730266423962,1.0069992426702306,-0.3016391525671156,9.119638569669888e-05,-0.24922428512983133
48,200,0.005,1,0.2,0.75,1,-0.25216014358675165,-0.07015854155703394,-0.3254677815413266,-0.3284956805447676,592,375,217,0.006288267416845937,0.03494952837994374,0.02061889789839484,0.0143306304815489,0.271500759197556,-0.2091842710214148,6.890153687194326e-05,-0.24931721635493562
20,200,0.005,1,-999.0,2.5,1,-0.07124618071146682,-0.018333088538563747,-0.47770306521428085,0.15457963956222115,726,457,269,0.0664570577527718,0.21578686083071322,0.1411219592917425,0.07466490153897071,1.064590931809072,-0.35322247587206956,8.943599833898003e-05,-0.2494556391675931
12,200,0.005,1,-999.0,1.5,1,-0.09397935312924166,-0.02440439565419228,-0.46379525940951405,0.11256779071199255,692,439,253,0.05407909978487506,0.18394837001489325,0.11901373489988416,0.0649346351150091,0.8095135502601998,-0.292250249636012,8.858150781378134e-05,-0.25067363582334967
20,200,0.0,1,-999.0,2.5,1,0.015388121080345929,0.0038302813791557533,-0.5358490471675896,0.22910091063303661,797,491,306,0.0621876551381764,0.23984775773622374,0.15101770643720006,0.08883005129902366,1.3241851269633247,-0.3491648610690611,0.00010334070506720987,-0.25263919667298723
12,200,0.0,1,-999.0,1.5,1,-0.0386063334439658,-0.009807906053025839,-0.5097531106323843,0.17443860016208165,765,473,292,0.04977660102598047,0.20506371007777593,0.12742015555187822,0.07764355452589773,0.9348762431861046,-0.271537420967198,0.00010156601205965526,-0.2559625313611139
20,200,0.005,1,-999.0,1.5,1,-0.11439800289349056,-0.02995570589234975,-0.4620559579276561,0.0964866132525058,697,442,255,0.055204368691047494,0.1854046003640576,0.12030448452755255,0.06510011583650505,0.8401560591989026,-0.3180172203622128,8.471611590038532e-05,-0.2561593541935525
20,200,0.01,1,-999.0,2.5,1,-0.12534922596772968,-0.03297269295477978,-0.4617738333522118,0.10293438149509881,646,420,226,0.06566275028959126,0.18831706106238624,0.12698990567598875,0.061327155386397485,0.8890450572918085,-0.36040572658632486,8.171058799264283e-05,-0.2587128905561307
48,120,0.0,1,0.2,0.75,1,-0.2622954668216422,-0.07332950306074237,-0.3403174623634089,-0.3484013066336239,570,356,214,0.005129902366374318,0.03478404765844779,0.019956975012411053,0.014827072646036736,0.2292477443126406,-0.20191726952617584,4.582744187602554e-05,-0.260908299574128
30,120,0.01,0,-999.0,0.75,1,-0.13274471758379702,-0.0350261568870307,-0.4652035239101826,0.13011570851498275,420,269,151,0.07089194108886315,0.21850074466324673,0.14469634287605493,0.07380440178719179,-0.13364014030000482,0.2350179812695865,6.202037113142054e-05,-0.26112213341637286
30,60,0.01,1,0.0,0.75,1,-0.2581337530113177,-0.07202353148314544,-0.34758957202162766,-0.32301751171794196,475,315,160,0.006685421148436207,0.03256660599040212,0.019626013569419162,0.012940592420982956,0.10790891666588287,-0.15083460250119152,1.0895766894475187e-05,-0.2619691930798564
12,60,0.01,0,-999.0,0.75,1,-0.03504837600689925,-0.008891786156137171,-0.5247693042433332,0.18241342072042788,408,268,140,0.06073142478901208,0.18550388879695515,0.12311765679298362,0.06238623200397154,-0.17947157248777235,0.4422154381259278,8.28440570895824e-05,-0.2621557672417824
20,200,0.0,1,-999.0,1.5,1,-0.03296669598435309,-0.008356958860397112,-0.5275321686872227,0.17925168098128147,768,473,295,0.05073638921065696,0.20628826741684594,0.12851232831375145,0.0777759391030945,1.0662971530487675,-0.3128375157864275,0.00010241641550773234,-0.2631604591549444
48,120,0.01,1,0.2,0.75,1,-0.2660433497510518,-0.07451034706885673,-0.34041224039966167,-0.38032494292866403,454,297,157,0.005295383087870263,0.027337415191130233,0.016316399139500247,0.011021016051629985,0.19911958509591177,-0.2319006185121273,-2.4833892377584795e-05,-0.26373271441512075
30,96,0.01,0,-999.0,0.75,1,-0.1482293425475023,-0.03936857332573129,-0.4611064873736208,0.11577102581064982,414,267,147,0.06791328810193613,0.21194770809200728,0.1399304980969717,0.07201720999503558,-0.2007633210069827,0.31089741925654124,5.9816061701186984e-05,-0.2641332657220092
30,200,0.0025,1,-999.0,999.0,1,-0.16431746001316394,-0.04394337419707983,-0.46005480152663014,0.10596950129703545,755,467,288,0.07231507529372828,0.2509018699321529,0.1616084726129406,0.0892933973192123,0.7515426828482434,-0.3040023541640038,7.126005850191308e-05,-0.26867229989554314
30,200,0.0025,1,-999.0,1.5,1,-0.12823654989509292,-0.03377284510152212,-0.47946094337316414,0.09083271311710842,741,458,283,0.05378123448618236,0.20112526890617244,0.12745325169617738,0.07367201720999504,0.6938472805847875,-0.2544603406219077,8.092743257836105e-05,-0.2689616811322488
48,200,0.0025,1,0.2,0.75,1,-0.2762283678614982,-0.07774233227195482,-0.34717669766177806,-0.36998777233157343,623,389,234,0.00582492139665729,0.03700148932649346,0.021413205361575375,0.015588283964918088,0.2055456712370285,-0.18014990322894386,5.109676642617058e-05,-0.2698300697194225
30,200,0.01,1,0.0,0.75,1,-0.27696093885561734,-0.07797610842101632,-0.35313161132349735,-0.32911038132684683,611,401,210,0.009763362568260797,0.041270891941088864,0.02551712725467483,0.015753764686414033,0.16644264916273954,-0.15858836327065318,4.915095396167793e-05,-0.27099743314910735
12,200,0.01,1,0.2,0.75,1,-0.27548718243862946,-0.07750598756285332,-0.34889916730784754,-0.39550003331818656,496,327,169,0.006155882839649181,0.029190799271884827,0.017673341055767004,0.011517458216117823,0.2113681783811998,-0.2335181437536048,-1.3002758480183098e-05,-0.2717305728826864
12,200,0.01,1,0.0,0.75,1,-0.2779600337122916,-0.07829522335679884,-0.3540254535995273,-0.33005817856897224,603,395,208,0.009531689558166474,0.040840642065199405,0.02518616581168294,0.015654476253516465,0.15661770045535683,-0.1559971072913252,4.552502010868666e-05,-0.2718108590850111
48,200,0.01,1,0.0,2.5,1,-0.07919863132700944,-0.020444136282512848,-0.5091182260251708,0.06205487503387206,1066,709,357,0.02048651332119808,0.07813999669038557,0.049313255005791826,0.028826741684593746,0.8278416509097128,-0.1414526843171965,0.00025197947356324406,-0.2719005055434046
12,60,0.0025,0,-999.0,0.75,1,-0.051238149889848095,-0.013081079366143555,-0.5356838598552742,0.17982736445450093,475,296,179,0.05699156048320371,0.21869932152904187,0.13784544100612278,0.08085388052291909,-0.07047719480601977,0.2943981937672824,7.629584835138155e-05,-0.2719316410710556
20,200,0.01,1,0.2,0.75,1,-0.2757546204316558,-0.07759124565650855,-0.34913950687911843,-0.39753410469388956,495,326,169,0.006122786695349992,0.02909151083898726,0.017607148767168623,0.011484362071818632,0.21316228004341187,-0.23531671038833712,-1.4390908192083045e-05,-0.27203770433076224
48,60,0.01,0,-999.0,0.75,1,-0.13065705330147626,-0.034445161486587605,-0.49024176843665024,0.12120889106848731,403,260,143,0.0643058083733245,0.20238292238954161,0.13334436538143307,0.06903855700810856,-0.17921670167117842,0.29567132467777113,6.234197612370729e-05,-0.27350560115148836
12,200,0.0,1,0.2,0.75,1,-0.27747333882171543,-0.07813972971935712,-0.35389007398041095,-0.3709251375181589,639,394,245,0.005593248386562965,0.03782889293397319,0.02171107066026808,0.016117822273705115,0.24688446974398848,-0.20233699689954632,5.580135819387057e-05,-0.27363102358547053
20,120,0.01,0,-999.0,0.75,1,-0.15765862272792108,-0.04204193434294534,-0.4751284841450245,0.1092472043800176,423,273,150,0.06966738374979314,0.21515803408902862,0.14241270891941088,0.07274532516961774,-0.1528047897481294,0.22851622523609438,5.8150674872739646e-05,-0.2741438161964567
20,200,0.01,1,0.0,0.75,1,-0.28072915273440036,-0.07918142471711431,-0.3565028516491566,-0.3362950831122714,603,396,207,0.009597881846764852,0.04070825748800265,0.02515306966738375,0.015555187820618897,0.15269732448511908,-0.1563744868451563,4.229751867445654e-05,-0.2742476046973062
30,200,0.01,1,0.2,0.75,1,-0.2854717456348712,-0.08070515659181077,-0.3578720346658357,-0.4170126884981718,504,333,171,0.006354459705444316,0.029521760714876718,0.017938110210160518,0.0115836505047162,0.19788698811467342,-0.23250927062791404,-2.4011301943410898e-05,-0.2804918083496372
30,200,0.0,1,0.2,0.75,1,-0.28574127673700067,-0.0807919807641112,-0.3612835682856147,-0.38822797021072214,647,404,243,0.006089690551050802,0.03825914280986265,0.022174416680456728,0.016084726129405924,0.22502159927688137,-0.19417412734316586,4.8555726599841294e-05,-0.2808451634174547
20,200,0.0,1,0.2,0.75,1,-0.28642957324587104,-0.08101381352260928,-0.36189906834993135,-0.3910542322062998,636,395,241,0.005725632963759722,0.03763031606817806,0.02167797451596889,0.01595234155220917,0.22342889207819394,-0.19832508658339665,4.3389529707376074e-05,-0.2815160593078899
12,200,0.0025,1,-999.0,2.5,1,-0.1646074348589156,-0.04402643460106859,-0.48551268994009056,0.08270178112854075,759,473,286,0.06162502068509019,0.22465662750289592,0.14314082409399306,0.08151580340890287,0.6971750802020018,-0.28051800078443045,7.33891007799701e-05,-0.28264769051468686
20,200,0.005,1,-999.0,999.0,1,-0.2149758953878964,-0.05879391905468245,-0.4543456786916793,0.05846265143014071,712,450,262,0.07367201720999504,0.23246731755750455,0.1530696673837498,0.07939765017375476,0.8173097883895064,-0.3832608369581971,6.323732686788998e-05,-0.28304362582901504
20,200,0.0,1,-999.0,999.0,1,-0.13480481949749212,-0.03560051039277168,-0.5094659120224674,0.14106868260902503,780,482,298,0.06960119146119477,0.25745490650339237,0.16352804898229356,0.09392685752109879,1.0151602674106424,-0.36580661804946357,7.931988627085769e-05,-0.28328003227355414
12,200,0.005,1,-999.0,999.0,1,-0.22209494503177474,-0.06093799542360934,-0.45139612362773995,0.050561960140827825,709,449,260,0.07185172927353964,0.2301174913122621,0.1509846102929009,0.07913288101936125,0.7443306540528198,-0.3642393021853332,6.19004452284946e-05,-0.2841079592304379
30,60,0.01,1,0.0,2.5,1,-0.13172803123907284,-0.03474308302852258,-0.4994658058097926,-0.01685166806066089,816,559,257,0.016349495283799437,0.06142644381929505,0.03888796955154725,0.022538474267747806,0.6577520440098457,-0.21227855324918588,0.00021138093628157346,-0.28531856933645194
12,200,0.0,1,-999.0,999.0,1,-0.16959155331980524,-0.04545747561661406,-0.49166123453050725,0.11453506051819361,781,486,295,0.06804567267913288,0.2557008108555353,0.16187324176733411,0.09382756908820122,0.8251757313639327,-0.3276096376800197,7.433112700592648e-05,-0.285561339855958
20,60,0.01,0,-999.0,0.75,1,-0.10321567600936066,-0.026903774089474974,-0.5332714460584829,0.13354732303214634,394,256,138,0.06142644381929505,0.18884659937117326,0.12513652159523417,0.06371007777593911,-0.2015153276354832,0.36772515120668925,6.820901510224753e-05,-0.2868621309671091
48,120,0.0,1,-999.0,2.5,1,-0.1516770459470208,-0.040343470721969754,-0.50628099770075,0.10409235522377577,750,471,279,0.05970544431573722,0.21638259142809863,0.13804401787191792,0.07833857355618071,0.7749395897679232,-0.3045293586490232,8.11619732981633e-05,-0.28827935181115594
12,60,0.005,0,-999.0,0.75,1,-0.0873251017742307,-0.022615546348962234,-0.546589735590463,0.15021655087044802,454,287,167,0.05953996359424127,0.2099950355783551,0.1347674995862982,0.07522753599205692,-0.047983126032690504,0.20304247738101466,7.043027084075111e-05,-0.28839958660067133
30,200,0.01,1,-999.0,999.0,1,-0.22657345390935857,-0.062294356668101014,-0.4571249720754138,0.039213506483757606,643,415,228,0.07363892106569585,0.2070825748800265,0.14036074797286116,0.06672182690716531,0.7359850968028312,-0.38548331987667517,6.060666818120807e-05,-0.28889616738162005
20,96,0.01,0,-999.0,0.75,1,-0.1652473487805447,-0.04420980807024688,-0.502689688759598,0.0944032679353664,419,270,149,0.06566275028959126,0.20592420982955487,0.13579348005957306,0.0701307297699818,-0.23433275957299415,0.3443897383652066,5.620638641228947e-05,-0.2908344890532775
48,96,0.0025,0,-999.0,0.75,1,-0.17554500367548997,-0.047175295320142974,-0.5011610856321327,0.11003749448249732,474,295,179,0.0701307297699818,0.2545424458050637,0.16233658778752275,0.09220585801754096,0.07988890514902725,-0.032298514436329695,5.358417874119799e-05,-0.2922539634120844
12,200,0.01,1,-999.0,999.0,1,-0.25436518801630525,-0.07084566239595236,-0.4442992530534492,0.010058419671397712,629,410,219,0.07075955651166639,0.20109217276187324,0.1359258646367698,0.06516630812510342,0.6114509480677193,-0.36623411463151956,5.4172311244235526e-05,-0.29249236793910705
12,200,0.01,1,-999.0,1.5,1,-0.20582013863190074,-0.0560577618931295,-0.4742245653067473,-0.0011305487302223252,615,404,211,0.053847426774780736,0.16028462684097303,0.10706602680787689,0.05321860003309614,0.6252209222307301,-0.3353616200511176,6.320042176359599e-05,-0.2932265719830143
48,200,0.005,1,0.0,0.75,1,-0.30779880376394864,-0.08798215944192322,-0.37918000994825685,-0.3653243405474717,718,458,260,0.01002813172265431,0.048485851398312095,0.029256991560483205,0.019228859837828894,0.13301176479183918,-0.12511970301954678,5.287598265257297e-05,-0.2958383814434252
20,200,0.0025,1,-999.0,2.5,1,-0.1768162758772448,-0.04754331470916706,-0.5047455664910261,0.07406985054462983,760,472,288,0.06347840476584478,0.22670858844944564,0.1450934966076452,0.08161509184180044,0.7628694081439853,-0.31711148522554133,7.106353627284089e-05,-0.2962126054274486
30,200,0.0,1,-999.0,0.75,1,-0.15915422167739335,-0.04246802075244893,-0.5102951991324756,0.019948158741273547,588,363,225,0.03163991395002482,0.13364223068012576,0.0826410723150753,0.051001158365050474,0.2190374323558768,-0.07442031169582175,7.86191484167931e-05,-0.29661821238162306
48,120,0.005,1,-999.0,2.5,1,-0.2414293711768375,-0.06683620555968284,-0.46273482963818346,0.002927668600800806,690,442,248,0.06232003971537316,0.19642561641568757,0.12937282806553035,0.06705278835015721,0.614201527776999,-0.3363985354504234,5.881564297676161e-05,-0.29805723694873454
48,120,0.005,1,0.2,0.75,1,-0.3071516905391062,-0.08776878909159935,-0.3773552374991268,-0.45293762756631867,519,330,189,0.005328479232169453,0.03134204865133212,0.018335263941750786,0.013006784709581333,0.22575891706041196,-0.2672417738799068,-4.495635088498711e-05,-0.2990932892194787
48,120,0.0,1,-999.0,1.5,1,-0.20510100009557264,-0.0558438540580245,-0.49021281811504924,0.032304774965733384,716,448,268,0.04904848585139831,0.18487506205527057,0.11696177395333443,0.06791328810193613,0.6310777942715993,-0.3028060943027737,7.210145406978086e-05,-0.29933502436726245
20,60,0.01,1,0.0,0.75,1,-0.3077882350591882,-0.08797867345943078,-0.38092987023941405,-0.421567495319961,479,316,163,0.006850901869932153,0.032533509846102926,0.01969220585801754,0.012841303988085388,0.07070000097173201,-0.17849404911220257,-5.750018683468278e-05,-0.29952198334513586
12,120,0.01,0,-999.0,0.75,1,-0.16809637168480995,-0.045027504269266716,-0.5204039813445538,0.09288945474926043,431,276,155,0.06731755750455072,0.2109548237630316,0.13913619063379115,0.07181863312924044,-0.20249694363316184,0.29406034393973046,5.550713510146311e-05,-0.30058502220408057
48,120,0.01,1,-999.0,2.5,1,-0.2607187605859509,-0.0728340745778644,-0.4536222135325515,-0.027562205457612603,621,410,211,0.061327155386397485,0.17398643058083732,0.1176567929836174,0.05632963759721992,0.5116762222533839,-0.33283529406088286,5.198114364968525e-05,-0.3010232916170208
30,60,0.005,1,0.0,0.75,1,-0.31063491984900204,-0.0889190696743204,-0.38311011335755063,-0.4123438694441772,536,344,192,0.006519940426940261,0.036902200893595895,0.02171107066026808,0.015191130233327818,0.11581277796464517,-0.1922481181750879,-2.5668582418695898e-05,-0.30109131982530457
48,200,0.0,1,0.0,0.75,1,-0.3127925050396352,-0.08963376457565064,-0.3868132915924716,-0.3631106648630634,801,502,299,0.010127420155551878,0.05388052291907993,0.032003971537315906,0.021876551381764024,0.0911964260273408,-0.059923079077896735,7.073058426000467e-05,-0.3011959436150396
12,200,0.0025,1,-999.0,1.5,1,-0.21163842330599092,-0.05779377307075595,-0.4884279415000041,0.010870397370758988,729,455,274,0.050835677643554525,0.19334767499586297,0.12209167631970876,0.07125599867615423,0.4828653465100219,-0.2344674520988419,6.484682989685741e-05,-0.30146422395222006
30,60,0.01,0,-999.0,0.75,1,-0.15513099448540768,-0.041323116911535784,-0.5306536688030752,0.09520619602891231,397,256,141,0.06232003971537316,0.19285123283137515,0.12758563627337416,0.06526559655800099,-0.218563071364411,0.3186345808004192,5.780049490633776e-05,-0.3018896415116278
48,200,0.01,1,0.0,1.5,1,-0.1549896982709461,-0.04128298211054571,-0.5185586876356718,-0.05265566210217703,957,631,326,0.017143802746979978,0.0676485189475426,0.04239616084726129,0.025252358100281317,0.7448693473665502,-0.21844243772888572,0.00021062819807786455,-0.30319510903349045
20,200,0.01,1,-999.0,999.0,1,-0.27288116043301014,-0.07667643139596991,-0.4525721386204682,-0.005203673056752959,636,413,223,0.07214959457223233,0.20281317226543108,0.1374813834188317,0.06533178884659938,0.6456706964790946,-0.39270089021742305,5.0650285961202e-05,-0.30322268435904165
30,120,0.0025,0,-999.0,0.75,1,-0.2146928110671099,-0.058708963107270695,-0.49713128089114944,0.07836852660633876,480,294,186,0.06887307628661261,0.2552043686910475,0.16203872248883006,0.09316564620221744,-0.05147788723778568,0.052564831412009516,4.7252089197812806e-05,-0.3033561772225285
48,120,0.01,1,0.0,0.75,1,-0.31385839975218566,-0.08998746056860774,-0.3861420008848039,-0.40755995494663466,557,366,191,0.008340228363395664,0.037994373655469135,0.0231673010094324,0.014827072646036736,0.11515257499506393,-0.18705583058242148,-1.7497520219264617e-05,-0.3034364587583414
30,60,0.0,1,0.0,0.75,1,-0.3129387645032191,-0.08968227351873415,-0.3883185446289752,-0.40643247102425756,593,372,221,0.0064537481383418836,0.04074135363230184,0.02359755088532186,0.017143802746979978,0.07941374289074798,-0.14373534092896956,-7.118506692856884e-07,-0.3041631693844346
48,96,0.005,0,-999.0,0.75,1,-0.17923610468555473,-0.04824500766696549,-0.5253705182623238,0.10354303035798022,456,287,169,0.07125599867615423,0.245143140824094,0.1581995697501241,0.08694357107396988,0.1176677034363407,-0.0775359556591183,5.2791846906998276e-05,-0.3057531152802284
12,120,0.0025,0,-999.0,0.75,1,-0.17499477617479753,-0.04701614237917251,-0.5307491140040796,0.10009841077263006,494,304,190,0.06443819295052126,0.2475260632136356,0.15598212808207843,0.09154393513155717,-0.11397744114074349,0.19209120153077142,5.3713224515713216e-05,-0.30738577884258084
48,120,0.0025,1,0.2,0.75,1,-0.3179691128705081,-0.09135538878591065,-0.38707657370856086,-0.4695532066681785,541,340,201,0.004765844779083237,0.03289756743339401,0.018831706106238622,0.014065861327155387,0.1674522961152931,-0.234278333884693,-4.622054562692845e-05,-0.3083713359736
20,200,0.005,1,0.2,0.75,1,-0.3179534700062704,-0.09135017158588676,-0.38706251587316587,-0.4706419266291983,578,366,212,0.005924209829554857,0.033857355618070496,0.019890782723812676,0.013966572894257819,0.23169388057857376,-0.2606438094660509,-2.7027107241089677e-05,-0.3084135258539296
20,200,0.0025,1,-999.0,1.5,1,-0.22149218725595365,-0.06075589148709315,-0.49724546889071486,0.0031041944760959554,732,456,276,0.05206023498262453,0.19470461691212973,0.12338242594737713,0.0713221909647526,0.5356628441690916,-0.26893055938776456,6.291224114047038e-05,-0.3092234162086458
20,96,0.01,1,0.0,0.75,1,-0.3177611179815124,-0.09128602576961842,-0.3922527327737273,-0.43801698476486045,520,344,176,0.007446632467317558,0.035445970544431576,0.021446301505874565,0.013999669038557008,0.0537334714252764,-0.16024906631904678,-4.630776644596243e-05,-0.3093132413947251
30,96,0.0025,0,-999.0,0.75,1,-0.23717044232486673,-0.06552736950109883,-0.4943468766901966,0.056611433255695676,473,292,181,0.06506701969220585,0.24656627502895911,0.15581664736058248,0.09074962766837663,-0.13413310760005537,0.11612467513178526,4.369952133981858e-05,-0.30987023618341236
48,60,0.01,1,0.0,0.75,1,-0.31842057940848334,-0.09150600034184819,-0.3948593959372725,-0.441175133578802,489,323,166,0.006519940426940261,0.033526394175078605,0.020023167301009434,0.013503226874069171,0.06436401446094075,-0.18221744475321666,-6.560006154730069e-05,-0.3109944549894245
20,120,0.0025,0,-999.0,0.75,1,-0.2444724878105774,-0.06777478160751116,-0.4924433774034863,0.05204198560454433,486,300,186,0.06741684593744829,0.25176236968393184,0.15958960781069007,0.09217276187324176,-0.09155553949225048,0.06050288389025238,4.27481081132813e-05,-0.3113943710290271
30,60,0.01,1,0.2,0.75,1,-0.3200140238432069,-0.09203818012957576,-0.38646338487964793,-0.53088918123903,394,257,137,0.0042694026145954,0.023729935462518618,0.013999669038557008,0.009730266423961608,0.04044727924560321,-0.20410223299385255,-0.00018463818201561985,-0.31181433163135125
30,200,0.005,1,0.2,0.75,1,-0.32204596609686065,-0.09271816764675112,-0.39074033570986866,-0.47839725036753317,586,374,212,0.0062551712725467485,0.03432070163825914,0.020287936455402944,0.014032765182856198,0.218110368650535,-0.25390571200831746,-2.8383730253898047e-05,-0.3120081980200621
30,200,0.01,1,-999.0,1.5,1,-0.21716367934810465,-0.059451266937521785,-0.5045969320740739,-0.007791898750804302,629,409,220,0.05649511831871587,0.16577858679463842,0.11113685255667714,0.05464173423796128,0.6837319680622014,-0.3631784056058519,6.0807640954220264e-05,-0.3121393279120989
48,120,0.005,1,-999.0,1.5,1,-0.29218224672030646,-0.08287415793993957,-0.4503527120586841,-0.08658485958295693,655,421,234,0.051663081251034255,0.16783054774118816,0.1097468144961112,0.05808373324507695,0.47152490132368197,-0.3325467560651618,4.283403867136334e-05,-0.31237975694842945
30,120,0.005,0,-999.0,0.75,1,-0.23037777201061915,-0.06345116520391769,-0.5057374972497988,0.06143245953500305,462,287,175,0.07052788350157206,0.2460036405758729,0.1582657620387225,0.08773787853715043,-0.015074461406812789,-0.015487311052742814,4.404964851246997e-05,-0.3132482908520669
12,60,0.01,1,0.0,0.75,1,-0.3190947278112485,-0.09173103899045953,-0.3991582999019119,-0.4408140763426777,500,331,169,0.007545920900215125,0.03375806718517293,0.020651994042694025,0.013106073142478901,0.0700861090777034,-0.18291216745112493,-6.035178830539111e-05,-0.3133508927585494
20,200,0.01,1,-999.0,1.5,1,-0.23513797316391039,-0.06490468980686381,-0.49413194653611203,-0.02885013541493581,622,407,215,0.05507198411385074,0.16164156875723978,0.10835677643554525,0.05328479232169452,0.6502032017810355,-0.3673769143513782,5.621416085936737e-05,-0.31341316984566664
12,200,0.005,1,0.2,0.75,1,-0.325505545586242,-0.09387943598907267,-0.3938493698521254,-0.4852639407331652,580,367,213,0.005924209829554857,0.03398974019526725,0.019956975012411053,0.014032765182856198,0.22987237320496834,-0.2670147523922083,-3.6427202475495716e-05,-0.3150673179517936
20,120,0.005,0,-999.0,0.75,1,-0.23182847733516754,-0.0638934215130661,-0.5094793937926265,0.05827106830285444,465,291,174,0.06946880688399801,0.24282641072315075,0.1561476088035744,0.08667880191957637,-0.03052265929279485,-0.00018589558854709143,4.409238405372762e-05,-0.31571956499423665
12,60,0.0,1,0.0,0.75,1,-0.32189935621189625,-0.09266905368688139,-0.40469569385104254,-0.41554109787956334,635,399,236,0.007214959457223233,0.04315737216614265,0.02518616581168294,0.017971206354459705,0.0337578712411124,-0.098847464581993,7.044025900548212e-06,-0.31579395550638084
20,60,0.0025,0,-999.0,0.75,1,-0.19071994329953812,-0.0515963538703047,-0.5374650468284246,0.07534327145874063,457,281,176,0.05765348336918749,0.22181035909316565,0.13973192123117656,0.08207843786198908,-0.10733718070015874,0.13939024897181973,5.088861797427062e-05,-0.31656171371157993
48,60,0.0025,0,-999.0,0.75,1,-0.21289259703176155,-0.05816924051361261,-0.5264290557489318,0.06706372583613107,458,282,176,0.06145953996359424,0.23514810524573887,0.14830382260466657,0.08684428264107232,-0.10265308788154559,0.10294011417182425,4.671868820519463e-05,-0.318030582096272
12,96,0.01,0,-999.0,0.75,1,-0.2158852908250083,-0.05906699163773321,-0.5235901066149832,0.04769513566895741,419,274,145,0.0661591924540791,0.2015224226377627,0.1338408075459209,0.0676816150918418,-0.23130277493050666,0.25785834473375324,4.590255249257587e-05,-0.31847728816177695
30,60,0.005,1,0.0,2.5,1,-0.17727806620245956,-0.04767710344872722,-0.5354675449161304,-0.06533911145700849,914,607,307,0.015720668542114843,0.06887307628661261,0.04229687241436373,0.026576203872248884,0.6768330519721291,-0.22502897901517205,0.00018957742413939046,-0.31867783147964285
30,200,0.005,1,0.0,0.75,1,-0.33369784385118095,-0.09664723809979625,-0.40459475998579464,-0.42083010094107837,704,453,251,0.01002813172265431,0.04749296706933642,0.028760549395995365,0.018732417673341054,0.1512742785663299,-0.17699531959031467,2.141493065810514e-05,-0.3199861231397475
48,200,0.0,1,-999.0,0.75,1,-0.2017597821804621,-0.0548519069827168,-0.5282922928749996,-0.020667222118644434,606,374,232,0.03197087539301671,0.1366208836670528,0.08429587953003476,0.05232500413701804,0.13909065296164647,-0.05114586680855804,6.745394763024677e-05,-0.3200314145261488
30,60,0.0025,0,-999.0,0.75,1,-0.21564774826921362,-0.058995639637602015,-0.5284593985364112,0.05756189210391284,454,277,177,0.05831540625517127,0.2256495118318716,0.14198245904352144,0.08366705278835015,-0.12211880781996887,0.12120468739043644,4.601041791363234e-05,-0.32034724430061196
30,200,0.0,1,0.0,0.75,1,-0.3340416950690419,-0.09676396627115391,-0.40794783854480143,-0.40930190101827857,783,496,287,0.010127420155551878,0.052689061724309115,0.0314082409399305,0.02128082078437862,0.11015320389470395,-0.11257239722682522,4.585548752264004e-05,-0.32120298059446856
20,200,0.0,1,0.0,0.75,1,-0.3340643783446011,-0.0967716682170221,-0.40796800449546866,-0.409453302067562,770,486,284,0.009763362568260797,0.05186165811682939,0.030812510342545094,0.021049147774284297,0.0842856193271233,-0.09732016906877738,4.239891510158198e-05,-0.3212283355681345
20,200,0.0025,1,-999.0,999.0,1,-0.2937433766586657,-0.08338096284765295,-0.4775406239841613,-0.006396537612379286,746,466,280,0.07085884494456396,0.24408406420651993,0.15747145457554196,0.08661260963097799,0.5262730246583978,-0.32801023510658744,4.925268420912404e-05,-0.3224711017203526
12,200,0.0,1,0.0,0.75,1,-0.3356724252502551,-0.09731817103955376,-0.4093975949655695,-0.4101345335652799,773,485,288,0.009564785702465663,0.052258811848419656,0.030911798775442662,0.021347013072976997,0.07901724093081053,-0.09374442692935203,4.192044353195272e-05,-0.3225236952006025
20,200,0.005,1,0.0,0.75,1,-0.3381470505001579,-0.0981611254135909,-0.4085705552436375,-0.42976888964359233,695,445,250,0.009730266423961608,0.04686414032765183,0.02829720337580672,0.01856693695184511,0.14161995048060216,-0.17927996892314835,1.3763975912564987e-05,-0.3239348475175893
12,120,0.005,0,-999.0,0.75,1,-0.206403080800573,-0.056231264688844984,-0.5425117712548249,0.07053416147833844,473,294,179,0.06701969220585802,0.2383915273870594,0.15270560979645872,0.0856859175906007,-0.08020336034964792,0.09306121810448276,4.778530683027692e-05,-0.3239604422423405
12,120,0.01,1,0.0,0.75,1,-0.3366722443585477,-0.09765846475344209,-0.4065524540582136,-0.4678015738392557,551,365,186,0.008174747641899719,0.037233162336587786,0.022703954989243755,0.014529207347344034,0.03388774455377974,-0.15485187109774035,-5.336857551235985e-05,-0.3243247704745117
12,200,0.0025,1,-999.0,999.0,1,-0.2976408830746383,-0.08464992427337181,-0.48178613684914473,-0.011987502721568805,746,468,278,0.06893926857521099,0.24196591097137182,0.1554525897732914,0.08651332119808042,0.44065103240743886,-0.2920007745955461,4.852767221984265e-05,-0.3261423678340226
30,96,0.005,0,-999.0,0.75,1,-0.27724962053720037,-0.07806828054136539,-0.49930283193686864,0.017799203048055146,456,285,171,0.06658944232996857,0.2377627006453748,0.15217607148767168,0.08558662915770313,-0.1196364626616776,0.03126478151309908,3.559376457875831e-05,-0.3268297363573969
12,200,0.005,1,0.0,0.75,1,-0.3431982106138699,-0.09988910910242388,-0.4130842539794152,-0.43836385262222655,696,444,252,0.00963097799106404,0.04702962104914778,0.028330299520105906,0.018699321529041867,0.14550265179857913,-0.18789814160595275,8.936337213730442e-06,-0.3283494287232428
20,60,0.0,1,0.0,0.75,1,-0.34244802299214394,-0.09963184412466697,-0.41493723515179104,-0.46382873597921526,606,379,227,0.006586132715538639,0.04113850736389211,0.023862320039715373,0.017276187324176732,0.03520348994439071,-0.13994050022776128,-3.0310516761870094e-05,-0.33029189849952323
20,200,0.0,1,-999.0,0.75,1,-0.22656899604432124,-0.06229300363517276,-0.5314741931421207,-0.05339305269991316,586,364,222,0.02981962601356942,0.12970378950852227,0.07976170776104584,0.04994208174747642,0.11279362445834007,-0.06827648930336505,5.883169284630047e-05,-0.33069975284122877
20,60,0.005,0,-999.0,0.75,1,-0.21062487653101325,-0.05749067018427556,-0.552146598904032,0.05405230024342165,437,272,165,0.05993711732583154,0.21290749627668376,0.13642230680125766,0.07648518947542611,-0.08286169510600261,0.0709413291883656,4.635993524403372e-05,-0.3308613546241205
48,60,0.01,1,0.2,0.75,1,-0.33820165885644216,-0.09817975378602872,-0.40978056103615457,-0.5687835907379954,405,261,144,0.003905345027304319,0.02435876220420321,0.014132053615753764,0.010226708588449446,0.06205293608837015,-0.23696205333943754,-0.00020804407249949434,-0.3315092138410058
48,120,0.0025,1,-999.0,2.5,1,-0.2950142077364656,-0.08379414563682797,-0.4927217691965958,-0.04433047367541312,718,454,264,0.060632136356114516,0.20539467152076782,0.13301340393844116,0.07238126758232666,0.43140232525834254,-0.2947073529118005,4.7794784605132794e-05,-0.33237155391889656
48,200,0.0025,1,0.0,0.75,1,-0.3504394489497822,-0.1023837731109466,-0.4174234644005397,-0.44078767605689434,757,480,277,0.009763362568260797,0.05119973523084561,0.030481548899553203,0.020718186331292403,0.04730725759824117,-0.09433601306592809,2.2765811008825282e-05,-0.33313488911406114
20,60,0.005,1,0.0,0.75,1,-0.3469266874048522,-0.10117100937226597,-0.4159328100902421,-0.4867098676064835,544,347,197,0.006586132715538639,0.036968393182194276,0.021777262948866456,0.015191130233327818,0.0788513412648022,-0.2053827804597539,-7.029816838872147e-05,-0.3334729077977112
20,60,0.01,1,0.2,0.75,1,-0.34407761117442426,-0.10019096622783685,-0.40817543841682824,-0.5891050659347637,394,257,137,0.004203210325997022,0.023663743173920237,0.01393347674995863,0.009730266423961608,0.027199226448550107,-0.22236610786158129,-0.00023557294467990724,-0.3337339387329892
30,96,0.01,1,0.0,0.75,1,-0.3469294534681914,-0.10117196241610338,-0.41572908736288117,-0.49578302740081526,530,352,178,0.007512824755915936,0.03590931656462022,0.02171107066026808,0.014198245904352143,0.029927633993775293,-0.17344795261335177,-8.059029235591382e-05,-0.33382565746758475
20,96,0.0025,0,-999.0,0.75,1,-0.24914866845000228,-0.06922257564297152,-0.533225326120404,0.03763937388702929,480,296,184,0.0621876551381764,0.24037729604501076,0.15128247559159358,0.08909482045341717,-0.17089576522958594,0.1513346201624668,4.102397671632916e-05,-0.333953270008822
20,96,0.0,1,0.0,0.75,1,-0.3460471660681871,-0.10086812467423945,-0.4204319022361861,-0.466070760734793,646,407,239,0.007148767168624855,0.04415025649511832,0.025649511831871585,0.01850074466324673,0.020298662073748197,-0.11461673768837966,-1.64613923664184e-05,-0.3343876138290721
30,60,0.005,1,0.0,1.5,1,-0.21851770376307,-0.05985879124471949,-0.534179781137553,-0.15397510856790625,804,531,273,0.013039880853880522,0.05851398312096641,0.03577693198742347,0.022737051133542942,0.5475991567440908,-0.24509778025859708,0.00015101626640995385,-0.33464743724189133
30,200,0.01,1,0.0,2.5,1,-0.20733130315372716,-0.056507731534580774,-0.5481436606803392,-0.09140032605713262,1032,692,340,0.020751282475591593,0.07595565116663909,0.04835346682111534,0.027602184345523747,0.6924021646253051,-0.21523408653251808,0.00018544237200077108,-0.335149578177607
48,200,0.01,1,0.2,1.5,1,-0.2777770470690656,-0.07823675193245117,-0.48715568186459113,-0.2827394116042152,789,519,270,0.011451265927519444,0.04825417838821777,0.02985272215786861,0.018401456230349163,0.6274747600451875,-0.34154053572129783,0.00011311315047144939,-0.33595156344495747
12,200,0.01,1,0.0,2.5,1,-0.229518985130292,-0.06318965322092052,-0.536896556306267,-0.1211342122332207,1011,679,332,0.020387224888300512,0.07479728611616747,0.04759225550223399,0.027205030613933475,0.607720788766164,-0.20541186221619367,0.00017078983204648433,-0.337694641985715
12,60,0.005,1,0.0,0.75,1,-0.3479532767722445,-0.1015249275569795,-0.4246235449636099,-0.48320287548645485,570,365,205,0.007314247890120801,0.038490815819956975,0.022902531855038887,0.015588283964918088,0.09554789182718149,-0.20849761027987834,-5.663096115687698e-05,-0.3379968438131072
30,60,0.01,1,0.0,1.5,1,-0.22360936750441518,-0.061395996827428134,-0.5359249694127334,-0.1736255935604436,720,490,230,0.013503226874069171,0.05215952341552209,0.03283137514479563,0.019328148270726462,0.5075127510533497,-0.26174838521769284,0.00013462639470409503,-0.338039761211817
48,96,0.01,1,0.2,0.75,1,-0.3484928356080479,-0.10171110874808786,-0.41450744975319764,-0.5846670292461656,443,289,154,0.004964421644878371,0.026543107727949693,0.015753764686414033,0.010789343041535662,0.08129292745311756,-0.2480376121309701,-0.0001850764494815471,-0.33819818508699495
30,200,0.0025,1,0.2,0.75,1,-0.35323365858840494,-0.10335197610924751,-0.41876790411002496,-0.5397839201417742,617,388,229,0.005725632963759722,0.036306470296210494,0.021016051629985107,0.015290418666225384,0.13843409939077733,-0.22651326750877376,-5.423567426405608e-05,-0.3397251241713487
30,60,0.0,1,0.0,2.5,1,-0.2272274809667557,-0.06249292766016912,-0.5428398452598759,-0.12001427532188681,1011,650,361,0.014496111203044846,0.0759225550223399,0.045209333112692374,0.030713221909647526,0.5445887622935983,-0.17047484264826362,0.00016897115902467864,-0.33991356405620143
12,200,0.0025,1,0.2,0.75,1,-0.35349534833112084,-0.10344281296517199,-0.41900307787818936,-0.5400442009144844,607,377,230,0.005162998510673506,0.035810028131722654,0.02048651332119808,0.015323514810524574,0.14298437009627807,-0.23374609507981536,-5.992698744608474e-05,-0.3399465619499909
48,120,0.01,1,0.0,2.5,1,-0.2598419582327254,-0.07255891068843345,-0.5186622859893699,-0.168452166038483,944,639,305,0.018798609961939435,0.07029621049147775,0.044547410226708585,0.025748800264769153,0.5309472501871644,-0.2248201157733688,0.000145118823750393,-0.34031266198504256
12,60,0.0,1,0.2,0.75,1,-0.3479811221072351,-0.10153453309393423,-0.4224048281849596,-0.5570563604195793,529,324,205,0.004037729604501075,0.03183849081581996,0.017938110210160518,0.013900380605659441,0.0685758984692264,-0.2050232758723246,-0.00010443727069857849,-0.340589765207393
12,120,0.0,1,-999.0,2.5,1,-0.24556550697958313,-0.06811258881525428,-0.5476738134642001,0.016549086583883717,732,463,269,0.0548734072480556,0.2069832864471289,0.13092834684759225,0.07605493959953666,0.27661177911064905,-0.14777509712619785,6.239051715432256e-05,-0.34112204121816014
12,96,0.01,1,0.0,0.75,1,-0.3536498223435972,-0.10349644639884248,-0.42422285727882336,-0.5116372645217686,529,351,178,0.007976170776104585,0.03590931656462022,0.0219427436703624,0.013966572894257819,0.016456170941619996,-0.17152609548715125,-9.083656872214344e-05,-0.34118973826434257
20,200,0.0025,1,0.2,0.75,1,-0.35489929064205594,-0.1039306158295984,-0.4202647643322378,-0.5453965369352662,606,378,228,0.005262286943571074,0.035710739698825086,0.02048651332119808,0.015224226377627006,0.1362034679423294,-0.23123156060241534,-6.293557375566401e-05,-0.3413328248424806
12,60,0.01,1,0.0,2.5,1,-0.22978096105067103,-0.06326940518762258,-0.5428303096113931,-0.1420346273242798,844,578,266,0.01773953334436538,0.06314744332285288,0.04044348833360913,0.022703954989243755,0.6100587388248524,-0.2703902416007362,0.00015131629183121149,-0.34178629135953315
12,120,0.0,1,0.2,0.75,1,-0.352954753136713,-0.10325519372096903,-0.4213883320230759,-0.5587862019679025,571,353,218,0.004699652490484859,0.034287605493959955,0.019493628992222407,0.014793976501737548,0.10643450115681352,-0.22190786700167664,-8.248804248087797e-05,-0.3418886698309021
48,120,0.0,1,0.0,0.75,1,-0.3578603661118226,-0.10496206324936452,-0.4284487980023508,-0.4678743891768602,692,440,252,0.00847261294059242,0.04752606321363561,0.027999338077114015,0.019526725136521594,0.06366023912854768,-0.1466444434012082,-8.26588633120499e-06,-0.3425801817093829
48,60,0.005,0,-999.0,0.75,1,-0.24553533348229628,-0.06810325850723531,-0.5525180540113086,0.035062286004148346,441,275,166,0.06301505874565613,0.22637762700645375,0.14469634287605493,0.08168128413039881,-0.09274591857394132,0.036802072345482495,4.00177039328165e-05,-0.3426091712126822
20,120,0.0,1,-999.0,2.5,1,-0.2414845484910758,-0.0668531985256795,-0.5539435469487557,0.02033224075277855,733,463,270,0.05497269568095317,0.20489822935628,0.12993546251861657,0.07496276683766341,0.35415980051184026,-0.19182902675343738,6.400152327089477e-05,-0.34280835996241843
30,60,0.0025,1,0.0,0.75,1,-0.3578987781732528,-0.10497546693559545,-0.4254049684980886,-0.5052557494110143,558,354,204,0.006023498262452424,0.03845771967565779,0.022240608969055106,0.016217110706602682,0.041172653422259176,-0.18477177753475893,-7.522584530636654e-05,-0.3429407386551905
48,200,0.005,1,0.0,1.5,1,-0.22047352666542563,-0.060448375959380796,-0.5524188475701874,-0.12705416175564052,1100,714,386,0.017640244911467814,0.07813999669038557,0.047890120800926694,0.030249875889458877,0.6400808622035707,-0.17607570649655702,0.000182161907941945,-0.34301050783225656
30,60,0.005,0,-999.0,0.75,1,-0.24943552000168512,-0.0693116076618292,-0.5511977817187048,0.023528999475172795,436,270,166,0.06033427105742181,0.21694522588118484,0.13863974846930333,0.07830547741188151,-0.11579206156188493,0.055682864167005075,3.859883383268501e-05,-0.34373404854742295
12,200,0.0,1,-999.0,0.75,1,-0.23119341583973518,-0.06369974218292784,-0.5543330166677629,-0.057762875475959555,587,365,222,0.029521760714876718,0.12980307794141982,0.07966241932814827,0.050140658613271556,0.08789978119418285,-0.05218077800444254,5.757845592230273e-05,-0.3437543942906073
48,96,0.01,1,0.0,0.75,1,-0.3592820553014193,-0.10545855528209913,-0.4267803680933796,-0.5199957526866387,538,358,180,0.00814165149760053,0.03667052788350157,0.02240608969055105,0.014264438192950521,0.02126571796304444,-0.1789254980919558,-9.206009278100751e-05,-0.34484852696312085
12,96,0.0025,0,-999.0,0.75,1,-0.26709375330503426,-0.07484210810336045,-0.5420717268909434,0.017513954559056907,484,302,182,0.06304815488995533,0.23647195101770643,0.14976005295383088,0.08671189806387555,-0.15735789378463194,0.10797717757656966,3.760571729224401e-05,-0.34500227382087933
12,120,0.01,1,0.2,0.75,1,-0.357494085145852,-0.10483428162114694,-0.4225966386913046,-0.6075188975067274,452,295,157,0.00503061393347675,0.026807876882343207,0.01591924540790998,0.010888631474433228,0.06627862158578379,-0.2445920919767276,-0.00019502181925908844,-0.3465085458421356
30,120,0.01,1,0.0,0.75,1,-0.36129525330102474,-0.10616303278490491,-0.42858147983972195,-0.5251773709291209,541,357,184,0.007909978487506205,0.03676981631639914,0.022339897401952673,0.014429918914446466,0.01524202810929709,-0.1754127942110496,-9.343286814590145e-05,-0.3467126412512219
20,120,0.01,1,0.0,0.75,1,-0.36131843441150024,-0.10617115422875645,-0.4286022188680634,-0.5250573340929443,544,360,184,0.007909978487506205,0.03676981631639914,0.022339897401952673,0.014429918914446466,0.010137871467597481,-0.17003196127342546,-9.208466664489413e-05,-0.34672513036743535
48,120,0.0025,1,-999.0,1.5,1,-0.34512923835466036,-0.10055233929870755,-0.47861423433310146,-0.1406268924832797,684,432,252,0.04994208174747642,0.17537646864140327,0.11265927519443984,0.06271719344696343,0.286047316717881,-0.2830902110222461,3.0274491265553525e-05,-0.3468908010894223
30,120,0.01,1,0.2,0.75,1,-0.35843333815346046,-0.10516206124078897,-0.4234407209498089,-0.6096004224262955,447,291,156,0.004898229356279993,0.026675492305146452,0.01578686083071322,0.010888631474433228,0.05799254917121499,-0.24168740367934904,-0.00020086552358973493,-0.3473624428370082
48,200,0.01,1,-0.2,1.5,1,-0.29353213352110996,-0.08331233581874586,-0.5108210015605434,-0.183439825345745,1066,715,351,0.02584808869766672,0.09534999172596392,0.06059904021181532,0.0347509515141486,0.5470544999930946,-0.22174190376978065,0.00011880086208766936,-0.3478948278663048
30,120,0.0,1,-999.0,1.5,1,-0.26143744461800555,-0.07305979924275185,-0.5491012303482581,-0.030008029332518858,697,437,260,0.04593744828727453,0.17600529538308787,0.1109713718351812,0.06503392354790667,0.3263784863088317,-0.21094133414229732,5.788432392536844e-05,-0.34911081588350684
20,60,0.01,1,0.0,2.5,1,-0.23680860828751804,-0.06541642488690891,-0.5525414586837354,-0.1542624492914541,824,564,260,0.016879033592586464,0.061492636107893434,0.039185834850239944,0.022306801257653483,0.5804584790881921,-0.27083729702415793,0.00014428034794363343,-0.34940027669334933
20,200,0.01,1,0.0,2.5,1,-0.23207539841554725,-0.06396875924264922,-0.5588642485485219,-0.12399366817632995,1017,685,332,0.02081747476418997,0.07509515141486017,0.04795631308952507,0.027138838325335098,0.670909156073074,-0.23570729496284293,0.00017012395555749681,-0.34960056692572666
48,120,0.005,1,0.0,0.75,1,-0.3671808461781483,-0.10823216800920799,-0.4338470376573107,-0.49933871922228695,626,402,224,0.008406420651994043,0.04295879530034751,0.025682607976170776,0.017276187324176732,0.10844080152748137,-0.2192081352439107,-4.805617880281989e-05,-0.35012262279897766
20,96,0.005,1,0.0,0.75,1,-0.3647311588171751,-0.10736921213744344,-0.43409425589965034,-0.5182390176726612,589,379,210,0.007314247890120801,0.04021181532351481,0.023763031606817805,0.016448783716697005,0.05470427070275674,-0.191353780656788,-6.769159733408867e-05,-0.3503282909709017
48,200,0.01,1,-0.2,2.5,1,-0.29856338691262374,-0.08495104803871678,-0.5170316886982705,-0.15082519827069993,1189,803,386,0.03061393347674996,0.10925037233162337,0.06993215290418667,0.039318219427436706,0.5113543730714445,-0.15884745709871972,0.0001285560343036074,-0.35100815230138704
20,96,0.01,1,0.2,0.75,1,-0.36072666191045033,-0.10596389736445233,-0.4279669139705009,-0.6249677199896085,429,278,151,0.004501075624689724,0.025682607976170776,0.01509184180043025,0.010590766175740526,0.021603940348469575,-0.22449697589066986,-0.0002266355498736688,-0.3511957403491832
20,96,0.005,0,-999.0,0.75,1,-0.2787797533291462,-0.07855729241821174,-0.5469343175651595,0.006590515405686195,461,288,173,0.06447128909482046,0.23193777924871753,0.148204534171769,0.08373324507694853,-0.15027541830512037,0.06885708559231873,3.432246493663753e-05,-0.3516949254305072
12,60,0.01,1,0.2,0.75,1,-0.35973827281779935,-0.10561805371141841,-0.4300056276238515,-0.6242398258334858,411,270,141,0.004666556346185669,0.024458050637100777,0.014562303491643223,0.009895747145457554,0.037106569648105214,-0.24176471308039205,-0.0002484000062764342,-0.35183285881501847
48,200,0.005,1,0.0,2.5,1,-0.21301631413553535,-0.058206302538085564,-0.5790385255613273,-0.08271471365944143,1229,803,426,0.021115340062882675,0.09022008935958961,0.05566771471123614,0.034552374648353465,0.6966026740628453,-0.14231802661568926,0.00019412565535783426,-0.3518613010017213
12,96,0.005,0,-999.0,0.75,1,-0.2710872629267881,-0.07610668726498226,-0.5524311115534939,0.008762252439549461,463,293,170,0.06556346185669369,0.2277345689227205,0.1466490153897071,0.0810855535330134,-0.1219321032452162,0.046433792348214764,3.556035150678361e-05,-0.35188413041975175
30,60,0.0025,1,0.0,2.5,1,-0.25999035534064696,-0.07260546446103855,-0.5427744214532213,-0.16807157307806014,954,624,330,0.014760880357438359,0.07181863312924044,0.0432897567433394,0.028528876385901042,0.48424087148443395,-0.19657883544861554,0.00014440699672464152,-0.3523962538415522
30,96,0.01,1,0.2,0.75,1,-0.3638767503338515,-0.10706881487639697,-0.42833257395424373,-0.6268929476772814,435,281,154,0.004467979480390534,0.026046665563461857,0.015257322521926195,0.010789343041535662,0.04642468679269851,-0.24435821621071296,-0.00022485425249216576,-0.3525797492373829
48,120,0.01,1,0.2,1.5,1,-0.3364629773090321,-0.09758720780609254,-0.4721980733874004,-0.4026337341296094,690,460,230,0.010557670031441337,0.043190468310441835,0.026874069170941584,0.016316399139500247,0.4714049141048282,-0.3632015109526573,1.997084686913916e-05,-0.3538179312062732
12,120,0.0,1,0.0,0.75,1,-0.3697561430152415,-0.10914207698935918,-0.43903690879482216,-0.5032093188814172,694,443,251,0.008207843786198907,0.04693033261625021,0.027569088201224556,0.01936124441502565,-0.018097989142586535,-0.091806593309822,-2.259834688861514e-05,-0.3538209973308411
48,200,0.01,1,0.2,2.5,1,-0.3283290567650179,-0.09483051067013482,-0.48768561368443175,-0.3158504788147403,896,596,300,0.013602515306966738,0.05596558000992884,0.03478404765844779,0.021181532351481052,0.532735967847241,-0.3140352528529349,9.812238564679508e-05,-0.3544658414530877
12,96,0.01,1,0.2,0.75,1,-0.3648196789223679,-0.10740035179597873,-0.4316294179621353,-0.6337380667286886,434,284,150,0.0049313255005791826,0.02584808869766672,0.015389707099122952,0.01045838159854377,0.03438464855089052,-0.2370774725031346,-0.00022993971244785,-0.3549019641134808
48,200,0.005,1,-0.2,1.5,1,-0.30270974732874834,-0.0863081810225016,-0.5210086323145842,-0.17677269430501105,1229,802,427,0.02631143471785537,0.10984610292900877,0.06807876882343207,0.0417673341055767,0.6308963225036053,-0.2094525525735047,0.00012754895545321932,-0.3556511318950442
30,120,0.0,1,-999.0,2.5,1,-0.24797791725230323,-0.0688594660148768,-0.5756091013419824,0.014926888044294664,734,463,271,0.055866291577031275,0.20625517127254675,0.13106073142478902,0.07519443984775774,0.412541017039604,-0.23147949287118275,6.239633321546571e-05,-0.3559176722836533
30,200,0.0025,1,0.0,0.75,1,-0.37431161848170535,-0.1107584756685599,-0.44088708473458216,-0.4960439927875571,741,473,268,0.00963097799106404,0.050074466324673175,0.02985272215786861,0.020221744166804567,0.0638580112259568,-0.14803693408369234,-7.906085131321197e-06,-0.35600421767522883
30,200,0.005,1,-999.0,0.75,1,-0.32646210302951517,-0.09420130901418522,-0.5050699685330717,-0.21713484059947297,538,338,200,0.0332285288763859,0.11934469634287606,0.07628661260963097,0.04305808373324508,-0.004255037971936382,-0.11474507727939931,1.056108685750989e-05,-0.35759303531069475
30,120,0.0,1,0.2,0.75,1,-0.37100010054833643,-0.10958259317128805,-0.4375251456627388,-0.6035144313950411,556,348,208,0.004997517789177561,0.03365877875227536,0.019328148270726462,0.0143306304815489,0.08976042151675157,-0.2377742705343444,-0.00011954965589061447,-0.3585208875724095
30,60,0.0,1,0.0,1.5,1,-0.2690936904886245,-0.07547475795345027,-0.5452411819895557,-0.21549658849395587,888,571,317,0.01237795796789674,0.06453748138341883,0.03845771967565779,0.026079761707761044,0.4358180138249348,-0.20633489535324723,0.00012776899522558808,-0.35887017837292595
30,60,0.0,1,0.2,0.75,1,-0.3730719137906856,-0.11031772544777718,-0.4371293356169562,-0.6259263536592639,497,305,192,0.00387224888300513,0.030282972033758068,0.0170776104583816,0.01320536157537647,0.03101049377537679,-0.22034259292611347,-0.0001716594745681958,-0.3601787109392185
48,120,0.01,1,-999.0,1.5,1,-0.3609199870538551,-0.10603158992984318,-0.49055271480799834,-0.1835308931738118,593,393,200,0.05139831209664074,0.1485023994704617,0.09995035578355121,0.048552043686910476,0.3195000154913876,-0.34845209548443123,1.5585721668066554e-05,-0.36048449199253296
48,96,0.0,1,0.2,0.75,1,-0.37430464539198505,-0.11075599470711306,-0.4404801912536881,-0.612833162855767,548,345,203,0.005262286943571074,0.033195432732086715,0.019228859837828894,0.013966572894257819,0.10918856734385418,-0.25803401936234827,-0.00013067345105844362,-0.36163774847674546
20,120,0.01,1,0.2,0.75,1,-0.37406382138941063,-0.11067032444941716,-0.43748742986044287,-0.6496900669063542,448,292,156,0.0048320370676816155,0.02660930001654807,0.015720668542114843,0.010888631474433228,0.03273305203875854,-0.24168740367934904,-0.00023160465870190766,-0.3618985427249563
12,96,0.0,1,0.2,0.75,1,-0.3734804962045196,-0.11046291585808088,-0.4421473371395914,-0.6152012483787658,549,338,211,0.0045341717689889125,0.03306304815488995,0.018798609961939435,0.014264438192950521,0.06560125773925285,-0.22628054087298055,-0.00013006926797374,-0.3622966468468149
12,200,0.0025,1,0.0,0.75,1,-0.3813735568172891,-0.11328175930644191,-0.4471976077470946,-0.5095955566528019,728,460,268,0.008969055105080259,0.04947873572728777,0.029223895416184014,0.020254840311103757,0.04466893470410449,-0.14773917707460404,-1.9756168901109284e-05,-0.3623603410126293
20,120,0.005,1,-999.0,2.5,1,-0.32347571050828505,-0.0931975465238557,-0.5292952217101582,-0.09180954204435854,669,432,237,0.05818302167797452,0.18513983120966407,0.12166142644381929,0.06347840476584478,0.22275979037784355,-0.22687435514226073,3.7556023830641634e-05,-0.36243563448115274
12,120,0.005,1,0.0,0.75,1,-0.38010145198489076,-0.1128256378244954,-0.44540648431528695,-0.5411341631810108,627,405,222,0.008174747641899719,0.04232996855866292,0.025252358100281317,0.0170776104583816,0.03350074698307903,-0.179279666080287,-6.686538321864694e-05,-0.3625855881411894
20,60,0.0,1,0.2,0.75,1,-0.3761737976858236,-0.11142176514323943,-0.4399142793565999,-0.6315312465820861,504,308,196,0.0037398643058083733,0.030415356610954822,0.0170776104583816,0.013337746152573226,0.031041513110254382,-0.22150282730931437,-0.00017217037140295914,-0.3629554671506437
12,60,0.0025,1,0.0,0.75,1,-0.37639329282409695,-0.1115000448484792,-0.44971946989378886,-0.537454378041009,597,379,218,0.006718517292735396,0.0405427767665067,0.02363064702962105,0.01691212973688565,0.009410843974017036,-0.16725480690726457,-7.79460492537452e-05,-0.3632324986974241
20,120,0.01,1,-999.0,2.5,1,-0.3441798170832445,-0.10022606841664672,-0.5130366441218424,-0.1301835919363919,594,394,200,0.057719675657785866,0.16422306801257652,0.1109713718351812,0.053251696177395336,0.1329298640797525,-0.22088875743095782,2.537159714695283e-05,-0.36325357007438747
48,120,0.0,1,-999.0,999.0,1,-0.2864020934174326,-0.08100495390818585,-0.5663194167271868,0.011860712806845027,736,463,273,0.06682111534006288,0.23269899056759888,0.14976005295383088,0.082938937613768,0.5094031956306448,-0.3168616916466158,5.499692194291959e-05,-0.363571626631437
12,200,0.01,1,0.0,1.5,1,-0.2840471598928829,-0.08024666154758853,-0.5443382613861699,-0.24073552617669816,905,604,301,0.017309283468475923,0.06457057752771803,0.04093993049809697,0.02363064702962105,0.5563705450669296,-0.2766661118939513,0.00012089477514067087,-0.3644525685495084
30,200,0.01,1,0.0,1.5,1,-0.2704256227927928,-0.07589681485531474,-0.555523663787733,-0.21885550802910675,923,614,309,0.01747476418997187,0.06553036571239451,0.041502564951183187,0.024027800761211318,0.6203533595652042,-0.285607533703231,0.00013341765277231912,-0.36460142215063657
48,60,0.005,1,0.0,0.75,1,-0.3798693094077158,-0.11274247731408027,-0.4494166793105754,-0.5560776264889128,552,355,197,0.0064537481383418836,0.03782889293397319,0.022141320536157538,0.015687572397815656,0.03402463726752414,-0.20959879801282222,-0.00011004227343451436,-0.36525469829381363
48,120,0.0025,1,0.0,0.75,1,-0.38468327830743776,-0.1144717849462501,-0.44950562469336086,-0.5297208461296631,653,418,235,0.007976170776104585,0.045043852391196425,0.026510011583650506,0.018533840807545922,0.04330112927461793,-0.1824362076478564,-5.539865155347506e-05,-0.3657106395994137
20,200,0.0025,1,0.0,0.75,1,-0.3858178822809628,-0.11488084145266664,-0.4511690411950884,-0.5207415447172198,729,463,266,0.009167631970875393,0.04928015886149264,0.029223895416184014,0.02005626344530862,0.03786512775491224,-0.14788899436984282,-2.4624156649832378e-05,-0.36650243928607185
30,60,0.01,1,0.2,2.5,1,-0.36560076063286395,-0.10767526231250069,-0.47717118662387636,-0.4252387854323519,697,472,225,0.01125268906172431,0.04474598709250372,0.027999338077114015,0.016746649015389706,0.3146756021990471,-0.3161930229248989,-4.205428973174635e-06,-0.36752279489605644
30,120,0.005,1,-999.0,1.5,1,-0.34327161788464255,-0.09991429479477554,-0.520203268465208,-0.15867205241428572,638,412,226,0.04868442826410723,0.15968889624358762,0.10418666225384743,0.0555022339897402,0.19188744371613242,-0.24190239004024994,2.529259034640646e-05,-0.36794953164809385
48,60,0.01,1,0.0,2.5,1,-0.27007286142906295,-0.07578497717644517,-0.5650715017022616,-0.19894585846396143,842,576,266,0.016415687572397815,0.0630812510342545,0.039748469303326164,0.023332781730928346,0.4235409935917056,-0.21874423594545434,0.00012287808779072636,-0.36826802095077404
48,60,0.0,1,0.2,0.75,1,-0.3786373109840654,-0.11230152827473017,-0.4485789199451554,-0.6350870442320059,502,308,194,0.003706768161509184,0.03064702962104915,0.017176898891279165,0.013470130729769983,0.050508443219058785,-0.23970733547783873,-0.00017580471301661415,-0.36834534045890815
48,200,0.005,1,-999.0,0.75,1,-0.3460339241891246,-0.10086356684319953,-0.511554598900902,-0.23848813808822006,552,347,205,0.033526394175078605,0.12169452258811848,0.07761045838159854,0.04408406420651994,-0.06388753716797146,-0.07929087756552289,5.283605934418728e-06,-0.36856527319806154
12,200,0.005,1,-999.0,0.75,1,-0.342177457275879,-0.09953911188141962,-0.5145074498601316,-0.24296005368624657,533,336,197,0.031242760218434553,0.115836505047162,0.07353963263279828,0.04229687241436373,-0.01946056583931055,-0.1241855389974924,2.8052062125288246e-06,-0.36894083949579776
48,120,0.0,1,-999.0,0.75,1,-0.29280719486727036,-0.0830769403006354,-0.5595430875455092,-0.13942658568107014,534,330,204,0.028396491808704287,0.11590269733576039,0.07214959457223233,0.04375310276352805,0.1246456719574689,-0.17868880457018332,3.061466739959498e-05,-0.3698198133574435
20,96,0.0,1,0.2,0.75,1,-0.3817581191452686,-0.11341978503632555,-0.44951772859855965,-0.6390903851491638,539,330,209,0.004103921893099454,0.03256660599040212,0.018335263941750786,0.014231342048651332,0.03342575541961179,-0.21665915188143436,-0.00015120655812992685,-0.37013316859306356
30,60,0.0025,1,0.0,1.5,1,-0.29831940698154147,-0.08487137923060528,-0.5440309974164332,-0.26568434159161314,838,545,293,0.012146284957802416,0.060996193943405594,0.036571239450604004,0.02442495449280159,0.3760491168687199,-0.22460959148074033,9.82523680359675e-05,-0.37017109501840256
20,120,0.0,1,-999.0,1.5,1,-0.29227129611013947,-0.08290304436789919,-0.5702377095635096,-0.06176438410746656,698,439,259,0.045540294555684264,0.17514479563130894,0.11034254509349661,0.06480225053781234,0.24359479448677335,-0.1931466741429465,5.0140261601519985e-05,-0.37111011835502733
20,60,0.0025,1,0.0,0.75,1,-0.38948708640958396,-0.11620758258126584,-0.4539961211591813,-0.5731917607724706,569,360,209,0.006089690551050802,0.03878868111864968,0.02243918583485024,0.016349495283799437,-0.00159140928562429,-0.18721772321579178,-0.00011266172525045518,-0.37186523119948
48,120,0.005,1,-999.0,999.0,1,-0.3704958932903939,-0.10940396224799753,-0.5149740336260773,-0.09956266845372214,679,435,244,0.06940261459539963,0.21204699652490486,0.14072480556015224,0.0713221909647526,0.39486986228739007,-0.3662109576519139,3.0064777940010284e-05,-0.3718691124837223
48,120,0.01,1,0.2,2.5,1,-0.38469909505471955,-0.11447748343871877,-0.47288585361223934,-0.4289329990635822,793,534,259,0.012510342545093497,0.050570908489161015,0.03154062551712725,0.019030282972033758,0.36897622883903214,-0.33175999343705664,1.4261344130451772e-05,-0.3723670601980176
20,120,0.0,1,0.2,0.75,1,-0.3861046171473439,-0.11498430706292118,-0.45103216018097303,-0.6397696407573189,564,351,213,0.0047327486347840475,0.033857355618070496,0.01929505212642727,0.014562303491643223,0.060229384529829844,-0.23229175957250414,-0.0001386293672273951,-0.37248886919127366
30,60,0.005,1,0.2,0.75,1,-0.3873651654814403,-0.11543959439889007,-0.44723286088967207,-0.6777732219560756,453,285,168,0.004137018037398643,0.027304319046831043,0.015720668542114843,0.0115836505047162,0.027430172141587716,-0.2521032049141506,-0.0002477556641017775,-0.37294468594152985
30,120,0.01,1,-999.0,2.5,1,-0.3417749555558264,-0.09940121349154407,-0.53523627871538,-0.12609123516903736,602,399,203,0.05811682938937614,0.1661426443819295,0.11212973688565282,0.054012907496276685,0.21327874493359866,-0.2668899997004551,2.6861434719400044e-05,-0.37332391460768594
12,120,0.005,1,-999.0,2.5,1,-0.34383654453366164,-0.10010818914375508,-0.5350770251274715,-0.11570454068268524,666,429,237,0.05858017540956478,0.18613271553863975,0.12235644547410227,0.06377627006453748,0.1784205205629228,-0.2230949006491647,3.1410345069648215e-05,-0.37343192874162506
30,60,0.01,1,0.2,1.5,1,-0.3385289543174004,-0.09829142718745976,-0.5071546837320097,-0.43218395914509,602,405,197,0.009399304980969718,0.03786198907827238,0.02363064702962105,0.014231342048651332,0.3327292158093953,-0.3293062627985668,-2.44318747742499e-05,-0.3734779670107191
30,96,0.01,1,0.0,2.5,1,-0.28239580486248206,-0.07971603714668496,-0.5668487063031202,-0.21247577085322347,892,610,282,0.01770643720006619,0.06642396160847261,0.0420651994042694,0.02435876220420321,0.44241770426509297,-0.22279121023151527,0.00012187905223673028,-0.37376417884090624
12,96,0.0,1,0.0,0.75,1,-0.3899797239788405,-0.11638616934855861,-0.4593672928286381,-0.5546229410918829,665,422,243,0.007909978487506205,0.04524242925699156,0.026576203872248884,0.018666225384742677,-0.035138626573499754,-0.11830500005154732,-5.916747964749832e-05,-0.37380096281747177
48,60,0.0,1,0.0,0.75,1,-0.38883408538572384,-0.11597102864985032,-0.4601533029574516,-0.5636039676279443,605,384,221,0.006586132715538639,0.041469468806884,0.024027800761211318,0.017441668045672678,-0.0032609170375457186,-0.17017871033125698,-8.88693089974264e-05,-0.37422787850997336
20,60,0.005,1,0.0,2.5,1,-0.2688322717491417,-0.07539198842200856,-0.5813357152208689,-0.18705643980129266,927,614,313,0.016217110706602682,0.06917094158530532,0.042694026145953995,0.026476915439351316,0.6098860223343074,-0.2779492591768379,0.00013587398219390187,-0.37541266802250767
48,120,0.01,1,0.0,1.5,1,-0.3247248932398148,-0.09361700695314923,-0.5322678281552539,-0.3154339144642758,840,565,275,0.01581995697501241,0.06030117491312262,0.038060565944067516,0.022240608969055106,0.46719725250810473,-0.29944613456642066,7.735404379141893e-05,-0.37552261675398996
12,120,0.005,1,0.2,0.75,1,-0.39106027483928185,-0.11677826040107542,-0.452761700688767,-0.6690059358509777,520,328,192,0.0049313255005791826,0.030878702631143472,0.017905014065861327,0.012973688565282145,0.08394312819449579,-0.2713606621355099,-0.00018693713820819703,-0.3766094075380078
48,96,0.005,1,0.2,0.75,1,-0.3912648973430104,-0.11685256889835571,-0.4529455896129322,-0.6710139090887031,502,320,182,0.005162998510673506,0.0301836836008605,0.017673341055767004,0.012510342545093497,0.09671111135589361,-0.2865372910138395,-0.00020171279965404922,-0.376876059159257
12,120,0.0,1,-999.0,1.5,1,-0.30157343981946616,-0.08593565909145062,-0.5751999262389604,-0.07089361826523366,704,445,259,0.045374813834188316,0.17729604501075624,0.11133542942247228,0.06596061558828396,0.13126523286918523,-0.12205725418904356,4.776208811950154e-05,-0.3770803031241925
48,200,0.005,1,0.2,1.5,1,-0.34388500095047814,-0.10012482620102525,-0.5172090558863218,-0.3798609925656433,917,585,332,0.011484362071818632,0.05623034916432235,0.033857355618070496,0.02237299354625186,0.5799156282566198,-0.34306880008387075,8.21150620504953e-05,-0.37772240377246835
20,120,0.005,1,-999.0,1.5,1,-0.3551231384664809,-0.10400846579505385,-0.531773365934746,-0.1739944258960617,635,412,223,0.048916101274201554,0.15833195432732086,0.10362402780076121,0.054707926526559654,0.12468919211110396,-0.21228837569083525,2.127536850418873e-05,-0.3785948700572299
20,200,0.01,1,0.0,1.5,1,-0.2932037758117977,-0.08320569205178341,-0.5660713798741783,-0.25484145942727826,909,608,301,0.017574052622869436,0.06470296210491477,0.04113850736389211,0.023564454741022672,0.6005674354446102,-0.3042448185451818,0.00011513201385216477,-0.3789834549602365
48,200,0.0025,1,0.0,1.5,1,-0.29844131241901617,-0.08491118343672732,-0.5662444388159391,-0.2281472468614036,1154,743,411,0.017342379612775113,0.08214463015058746,0.049743504881681284,0.03240112526890617,0.4393961126059349,-0.1319709386734842,0.00014389945144391392,-0.37944076518776704
12,200,0.01,1,0.2,1.5,1,-0.3554758674001538,-0.10413117925133641,-0.5076275124136453,-0.4305549716877513,748,498,250,0.011451265927519444,0.04606983286447129,0.028760549395995365,0.017309283468475923,0.4965499573472374,-0.3739417823470278,2.0421118950814828e-05,-0.37947268404254664
30,120,0.005,1,-999.0,2.5,1,-0.3348161872819093,-0.0970270509803679,-0.5554927288887667,-0.10350193647305667,675,435,240,0.058480886976667215,0.1868939268575211,0.12268740691709416,0.06420651994042693,0.2668352895455748,-0.2640766839362335,3.488991662856005e-05,-0.3799485122484041
30,96,0.0,1,0.2,0.75,1,-0.3943714038614434,-0.11798300099750358,-0.4584246250397176,-0.6668253865733055,538,333,205,0.004335594903193778,0.03266589442329969,0.01850074466324673,0.014165149760052953,0.0557534329212761,-0.2492448801553494,-0.000171574337326831,-0.38053658284602765
20,96,0.0025,1,0.0,0.75,1,-0.3983183677877399,-0.11942555578872038,-0.46401417838373027,-0.5861072496540124,611,389,222,0.006751613437034586,0.04183352639417508,0.02429256991560483,0.017540956478570246,-0.015848119156261053,-0.17012100655656037,-9.828959684970726e-05,-0.3807380074632861
20,120,0.0,1,-999.0,999.0,1,-0.32426991993595844,-0.09346416513133837,-0.571548950643302,-0.032128200233510235,718,456,262,0.06202217441668045,0.22147939765017374,0.1417507860334271,0.07972861161674664,0.19910794729013626,-0.19301459444406244,4.623039357474807e-05,-0.3808450504646649
48,60,0.005,1,0.2,0.75,1,-0.39280921940194446,-0.11741399301533806,-0.45848186737768726,-0.6861043960726807,462,289,173,0.00387224888300513,0.02783385735561807,0.0158530531193116,0.01198080423630647,0.047551898914576674,-0.2697076783053529,-0.00024737871739941497,-0.38096014650781573
48,96,0.01,1,-999.0,2.5,1,-0.3418282805714947,-0.09941947918091287,-0.5509451878957075,-0.12468539189708817,606,403,203,0.05907661757405262,0.16604335594903194,0.11255998676154227,0.05348336918748966,0.22679229088303154,-0.2735724342595016,2.7552207292861973e-05,-0.381126342723621
20,200,0.005,1,-999.0,0.75,1,-0.3660895194105577,-0.10784741556618715,-0.5192270484253434,-0.2781247109997171,535,338,197,0.03167301009432401,0.11593579348005957,0.07380440178719179,0.04213139169286778,-0.05891659787766612,-0.11975686779357386,-7.500141911233035e-06,-0.38136717532884473
48,120,0.005,1,0.2,1.5,1,-0.3810491290137591,-0.11316536685673251,-0.4896612384200322,-0.46929891606582363,784,509,275,0.010723150752937283,0.049313255005791826,0.030018202879364554,0.01929505212642727,0.44599885415416485,-0.3664597063559428,6.061143535401173e-06,-0.38146093187003977
20,60,0.005,1,0.2,0.75,1,-0.3965786975550639,-0.11878886135140332,-0.45554603127842497,-0.7007195546018038,455,286,169,0.003971537315902697,0.027271222902531856,0.015621380109217277,0.01164984279331458,0.015464464370926745,-0.25392478770391447,-0.0002650895432941828,-0.381597854720706
48,120,0.005,1,0.0,2.5,1,-0.308280044499067,-0.08814093421764513,-0.5648371944041675,-0.22314031521060906,1061,705,356,0.019228859837828894,0.07939765017375476,0.049313255005791826,0.03008439516796293,0.515950646055694,-0.22429590775538455,0.0001280435565111808,-0.3817165471802593
30,200,0.0025,1,-999.0,0.75,1,-0.369130853592759,-0.10892089263811966,-0.5200131425570259,-0.27306610089536876,559,349,210,0.03203706768161509,0.12596392520271388,0.07900049644216449,0.046963428760549396,-0.10099808434698776,-0.07190093512712081,-3.5966755707807995e-06,-0.38258076896140103
48,60,0.01,1,0.0,1.5,1,-0.2972414063382556,-0.08451961904025718,-0.5674191521395111,-0.2889634786663211,745,505,240,0.013403938441171603,0.053847426774780736,0.03362568260797617,0.020221744166804567,0.40954281540413096,-0.2763258753625709,7.726096074127277e-05,-0.3826773690433288
20,96,0.01,1,0.0,2.5,1,-0.3091913610360151,-0.08844183005243622,-0.5644451384388804,-0.25334060085943133,885,605,280,0.01780572563296376,0.06592751944398477,0.041866622538474264,0.02406089690551051,0.4093447076054999,-0.23693084422748423,0.00010175740544509038,-0.383331429314848
30,96,0.0,1,-999.0,1.5,1,-0.3239188505332291,-0.09334628107243248,-0.5707814890916293,-0.10077777714733203,683,430,253,0.04332285288763859,0.16816150918418005,0.10574218103590932,0.062419328148270725,0.11684157329777967,-0.1481641549048207,4.063374294466093e-05,-0.3837759144756137
30,96,0.01,1,0.0,1.5,1,-0.3084542549799426,-0.08819843154125451,-0.5614780937210693,-0.30182716836968926,793,539,254,0.014727784213139168,0.05689227205030614,0.035810028131722654,0.021082243918583484,0.4059871191151059,-0.2687255540748317,7.907089866115535e-05,-0.3840288368202736
12,60,0.005,1,0.0,2.5,1,-0.2865544117420018,-0.0810540652092323,-0.5860818601247607,-0.2086698379786346,958,634,324,0.0170776104583816,0.07142147939765017,0.04424954492801589,0.027171934469634288,0.6276092111934746,-0.2922338325956023,0.00012841169783583338,-0.3845284871705444
30,120,0.005,1,0.2,0.75,1,-0.39989365974344715,-0.12000328184038689,-0.46070003404489857,-0.692421796517442,510,324,186,0.005063710077775939,0.03054774118815158,0.01780572563296376,0.01274201555518782,0.07728106625376974,-0.28109421789133215,-0.00021034790934585428,-0.38497438868870826
20,120,0.0,1,0.0,0.75,1,-0.40350842348382254,-0.12133327859444554,-0.469078905042851,-0.5828766525750699,678,433,245,0.00814165149760053,0.04593744828727453,0.02703954989243753,0.018897898394837003,-0.025426457767511512,-0.1408829339894111,-6.94746117326804e-05,-0.3850165637446245
12,96,0.005,1,0.0,0.75,1,-0.40307277717131273,-0.12117266955593697,-0.46824946808400714,-0.6007615897300134,601,388,213,0.007943074631805394,0.040774449776601024,0.02435876220420321,0.016415687572397815,0.006593024219553323,-0.19904964536999104,-0.00011193751693007075,-0.3853354830844412
12,60,0.005,1,0.2,0.75,1,-0.39789511486542783,-0.11927052436276209,-0.4639748378880856,-0.6980029116848009,476,300,176,0.004401787191792156,0.02829720337580672,0.016349495283799437,0.011947708092007282,0.04913266822809592,-0.27183520800394667,-0.0002447951302092003,-0.3861580888910449
30,96,0.005,1,-999.0,1.5,1,-0.3875818793411937,-0.11551793826881829,-0.5215942548063803,-0.2221211836281506,623,404,219,0.04659937117325832,0.15257322521926195,0.09958629819626014,0.05298692702300182,0.021621447223900025,-0.1813946213211074,8.50269593531593e-06,-0.38742112485341595
48,96,0.0,1,-999.0,2.5,1,-0.2990699297693846,-0.08511652007620929,-0.6014386358279546,-0.03303117343611964,737,467,270,0.057554194936289924,0.20509680622207513,0.13132550057918252,0.07377130564289261,0.41471018116611646,-0.28371682150303423,5.1659182337730805e-05,-0.3874873966619926
30,96,0.005,1,0.0,0.75,1,-0.40708740746486627,-0.12265607681992652,-0.4695495250945759,-0.609311544334203,596,387,209,0.007545920900215125,0.040509680622207514,0.024027800761211318,0.016481879860996192,0.011380295582045674,-0.21017967170111285,-0.00012010987146842852,-0.38789641658392465
30,96,0.0,1,-999.0,2.5,1,-0.32775467484130016,-0.09463679271218906,-0.5801921649432625,-0.0679928009951456,719,454,265,0.052589773291411554,0.19715373159026972,0.12487175244084064,0.07228197914942909,0.13833605286301331,-0.1538931493163629,4.385534663923111e-05,-0.3881325152335776
20,120,0.01,1,0.0,2.5,1,-0.31881558411626865,-0.09163783729629182,-0.568269732717458,-0.2628358218945677,915,623,292,0.01820287936455403,0.06811186496773126,0.04315737216614265,0.024954492801588617,0.38366652530753464,-0.22201238425983016,0.00010021795310941137,-0.3889144947497492
30,96,0.01,1,-999.0,2.5,1,-0.3872013174467095,-0.11538037575666071,-0.5283665290594829,-0.18773626994980408,588,390,198,0.055866291577031275,0.1594572232334933,0.10766175740526229,0.05179546582823101,0.003374400510643083,-0.18046158514172583,1.0345645842283831e-05,-0.38895045378389237
12,120,0.005,1,-999.0,1.5,1,-0.376063480920765,-0.11138243009158155,-0.5367335720823523,-0.2013176402425987,638,415,223,0.04934635115009101,0.15949031937779248,0.10441833526394174,0.05507198411385074,0.044749235452184344,-0.1783195956187832,1.447513512697967e-05,-0.38981509814488763
48,200,0.0,1,0.0,1.5,1,-0.30451359016813084,-0.08690048045942678,-0.5826551470247281,-0.23225971410427068,1215,773,442,0.017176898891279165,0.0862816481879861,0.05172927353963263,0.034552374648353465,0.49481125403256,-0.14571620666151652,0.00014635658666915113,-0.38984103967700434
20,96,0.005,1,0.2,0.75,1,-0.40333407567152857,-0.1212689915110241,-0.46609278115326636,-0.710557420253373,494,310,184,0.004401787191792156,0.029554856859175905,0.016978322025484032,0.012576534833691875,0.02983704646719798,-0.25824533064551314,-0.00023422323449805691,-0.3898432531003259
20,60,0.0,1,0.0,2.5,1,-0.3022650858544459,-0.0861623510492937,-0.5852141158874797,-0.2215182770686894,1029,662,367,0.01509184180043025,0.07665067019692205,0.045871255998676155,0.030779414198245904,0.4763877351715662,-0.20933881815134248,0.0001277446013673695,-0.38984532284646806
30,120,0.0,1,0.0,0.75,1,-0.4087820590415704,-0.12328451179885169,-0.4737728260887729,-0.5962021043536486,669,429,240,0.008307132219096475,0.04563958298858183,0.026973357603839152,0.018666225384742677,-0.025144005379320045,-0.1525482669675683,-7.983750481657524e-05,-0.38998103006092055
48,96,0.01,1,0.0,2.5,1,-0.32824977893622065,-0.0948037657803128,-0.5627922563251357,-0.28008736751299773,911,622,289,0.01816978322025484,0.06761542280324342,0.04289260301174913,0.02472281979149429,0.3181152969934731,-0.19624252268088982,9.253009112421434e-05,-0.39020426231853056
20,120,0.005,1,0.0,0.75,1,-0.40987377444120743,-0.12369007286541212,-0.4720423540620655,-0.6124369824899145,615,398,217,0.008009266920403773,0.04170114181697832,0.02485520436869105,0.016845937448287274,0.003393098719104648,-0.2000685782917232,-0.00011238302695064453,-0.3903330990209406
12,120,0.01,1,-999.0,2.5,1,-0.3826503925446272,-0.113740284691358,-0.5358891233858964,-0.17790387592507212,592,393,199,0.058712559986761545,0.16488499089856032,0.11179877544266092,0.05308621545589939,0.07922931669454769,-0.23086821857792983,1.263281611896985e-05,-0.3905800401805598
12,60,0.0,1,0.0,2.5,1,-0.3030003041996363,-0.08640350893167237,-0.5878242971281791,-0.21766023281823996,1066,685,381,0.015720668542114843,0.07972861161674664,0.047724640079430745,0.032003971537315906,0.48560944951353346,-0.20041473301307,0.00013120373999898503,-0.3911986691366739
48,60,0.005,1,0.0,1.5,1,-0.3094030869141058,-0.08851177967919976,-0.5766224683874785,-0.29295800798717586,831,549,282,0.013106073142478901,0.06030117491312262,0.03670362402780076,0.02359755088532186,0.3996782829087413,-0.25236281583655096,8.65525637230691e-05,-0.39147091427229785
30,200,0.005,1,0.0,1.5,1,-0.3033155095435148,-0.0865069573771643,-0.5848724191388205,-0.25156765200523895,1061,694,367,0.017938110210160518,0.07565778586794639,0.04679794803905345,0.028859837828892933,0.5790739769350468,-0.24995986014687288,0.00012928903409174423,-0.3915215495468365
30,96,0.0,1,0.0,0.75,1,-0.4102765615869346,-0.12383984619680899,-0.4751030425730278,-0.603467173561533,651,417,234,0.007645209333112692,0.04424954492801589,0.02594737713056429,0.018302167797451595,-0.027176304681240326,-0.16051593827457478,-9.15359236607128e-05,-0.39156472616139953
12,120,0.01,1,0.0,2.5,1,-0.3108581950910906,-0.08899295120908368,-0.5807109734393553,-0.24871885118466655,922,631,291,0.018997186827734568,0.06883998014231342,0.043918583485024,0.024921396657289426,0.41068415989200036,-0.22529094619889733,0.00010690721898914583,-0.39178438048799463
48,120,0.005,1,0.0,1.5,1,-0.3447405546669523,-0.10041872438119426,-0.5503360359122977,-0.33055550998476446,940,621,319,0.016084726129405924,0.0679794803905345,0.04203210325997021,0.02594737713056429,0.4390441464800623,-0.271367353949745,8.188049584929826e-05,-0.39211451783658136
12,96,0.005,1,0.2,0.75,1,-0.40607586224280123,-0.12228160262274179,-0.46854618025526307,-0.7161838259308428,499,315,184,0.0048320370676816155,0.02972033758067185,0.017276187324176732,0.012444150256495118,0.040491689154239285,-0.2673847888786408,-0.00023503642695727535,-0.39236388404691547
30,96,0.005,1,0.0,1.5,1,-0.31734673191420115,-0.09114788178893063,-0.5733203578895618,-0.2993880633916848,882,586,296,0.014496111203044846,0.06367698163163991,0.03908654641734238,0.024590435214297535,0.4112318434354545,-0.24807665311059868,9.062168242392023e-05,-0.39277746390329576
48,120,0.0,1,0.2,1.5,1,-0.3919695566732905,-0.11710860872682316,-0.5045880918984307,-0.4675743806918345,863,546,317,0.01002813172265431,0.054443157372166144,0.03223564454741023,0.022207512824755915,0.3710687188095805,-0.31717244875618467,2.263923027425888e-05,-0.3927813737106302
20,200,0.01,1,0.2,1.5,1,-0.36150510873564656,-0.10623656316558083,-0.5293755588796574,-0.4419473767550515,751,500,251,0.011616746649015389,0.04623531358596723,0.028926030117491314,0.017309283468475923,0.5465696362534769,-0.3989559416982741,1.4756141649452929e-05,-0.3930217114431621
48,120,0.01,1,-999.0,999.0,1,-0.3959905432185242,-0.11857391653799543,-0.5370354894948738,-0.14226540381087224,612,403,209,0.06774780738044017,0.18828396491808705,0.12801588614926362,0.06026807876882343,0.29304323199515037,-0.36560750156080735,1.7864069345185326e-05,-0.3942049314759759
12,120,0.0025,1,-999.0,2.5,1,-0.3937325539350186,-0.11775017433105706,-0.536227002917127,-0.16704085226953602,695,441,254,0.05583319543273209,0.1951679629323184,0.12550057918252525,0.06966738374979314,0.010340132286224435,-0.15052281479267782,2.0160305472527424e-05,-0.3942157184030973
48,200,0.0025,1,-0.2,1.5,1,-0.37518489214126916,-0.1110693424119149,-0.5395751342884472,-0.2678098169990179,1296,834,462,0.025682607976170776,0.11550554360417012,0.07059407579017045,0.04491146781399967,0.40404809762054783,-0.14913092358773028,0.00010120361106356809,-0.3942474004060894
30,96,0.01,1,0.2,1.5,1,-0.3681540681958978,-0.10857570186873,-0.523875049359182,-0.48269962449385606,655,436,219,0.009763362568260797,0.04093993049809697,0.025351646533178885,0.015588283964918088,0.34920217855096336,-0.35016788232046714,-3.632690847954725e-05,-0.39464820777301385
12,120,0.0025,1,0.0,0.75,1,-0.41525332574761376,-0.12569677601316276,-0.47685518074375255,-0.6126325139736533,653,419,234,0.007545920900215125,0.044282641072315075,0.0259142809862651,0.018368360086049976,-0.049047429818097954,-0.14760378355721704,-9.672995195573917e-05,-0.3947559920837217
20,60,0.005,1,0.0,1.5,1,-0.31748354751042485,-0.09119348508338243,-0.5765744972864182,-0.3060351257920707,819,539,280,0.013403938441171603,0.05881184841965911,0.03610789343041536,0.022703954989243755,0.467419903789807,-0.29943766312785924,7.880944307477146e-05,-0.39478249001619503
20,96,0.01,1,0.0,1.5,1,-0.33186556509069487,-0.09602598942435026,-0.563203746356596,-0.3432322603775078,787,535,252,0.014893264934635116,0.05646202217441668,0.0356776435545259,0.020784378619890784,0.37941479243742227,-0.28202951197148185,5.740325564119594e-05,-0.3947894756215236
30,120,0.01,1,0.0,2.5,1,-0.33414634685230693,-0.09679950168389984,-0.5682063913984714,-0.28717746676220296,915,621,294,0.018037398643058082,0.0680125765348337,0.043024987588945886,0.024987588945887804,0.3655788226412553,-0.22944892948377582,8.916746982383321e-05,-0.3952615707212457
20,120,0.005,1,-999.0,999.0,1,-0.40322214517122024,-0.12122772691873729,-0.5345238694882068,-0.1484690644942395,656,426,230,0.06516630812510342,0.20079430746318053,0.132980307794142,0.06781399966903856,0.09012269354134639,-0.23998610482655458,1.876836395231357e-05,-0.3959131148875527
20,120,0.005,1,0.2,0.75,1,-0.4119992866971629,-0.12448129516986917,-0.47157904625665603,-0.7238224897553162,514,326,188,0.004898229356279993,0.030580837332450768,0.01773953334436538,0.012841303988085388,0.04739636238002687,-0.27404719736625427,-0.00023000764099200186,-0.396461942785963
12,60,0.01,1,0.0,1.5,1,-0.3206161762699742,-0.09223953085926972,-0.5761601021234871,-0.32462018145641164,751,510,241,0.01469468806883998,0.05381433063048155,0.03425450934966076,0.019559821280820785,0.4363024336764385,-0.31136726018906336,5.924828449077089e-05,-0.3965505909938339
48,96,0.0,1,-999.0,1.5,1,-0.3372529003996716,-0.09785627063800062,-0.5865348568618043,-0.10946865656168073,697,440,257,0.04729439020354129,0.17491312262121464,0.11110375641237796,0.06380936620883668,0.2884175062026111,-0.2710786075072049,3.78440681166545e-05,-0.3965971318969868
30,96,0.005,1,0.2,0.75,1,-0.41194279272537593,-0.12446023756472624,-0.47152827659298546,-0.7279485533404452,497,313,184,0.004501075624689724,0.02978652986927023,0.017143802746979978,0.012642727122290254,0.05504127982869256,-0.285340299383549,-0.0002461075849612506,-0.3966218035282412
48,200,0.01,1,-999.0,0.75,1,-0.3828181210996855,-0.11380057062669147,-0.5345159542444524,-0.3146443879203001,487,316,171,0.03306304815488995,0.10541121959291742,0.06923713387390369,0.03617408571901373,-0.12974558913015088,-0.0952177210805506,-2.5986983014145085e-05,-0.39679076714493267
30,120,0.005,1,0.0,0.75,1,-0.41680160793107013,-0.12627688666882186,-0.4782403545954167,-0.6297174125521215,609,394,215,0.00807545920900215,0.04156875723978157,0.024822108224391858,0.016746649015389706,0.004848269480644207,-0.2129694865509293,-0.00012470356265716,-0.39688293459413626
30,200,0.01,1,0.2,1.5,1,-0.37108282850400043,-0.1096119123433198,-0.5291341000103527,-0.4598344876734056,765,509,256,0.011782227370511336,0.04679794803905345,0.02929008770478239,0.01750786033427106,0.5303490627704723,-0.3974929496660403,9.019736464781565e-06,-0.3971706867321664
48,200,0.0025,1,-999.0,0.75,1,-0.39081734313002525,-0.11669006424649442,-0.5327365889808666,-0.29841030401344726,576,360,216,0.03259970213470131,0.12877709746814497,0.08068839980142313,0.04808869766672183,-0.1582375875450348,-0.034691585335203,-9.301096209033968e-06,-0.3979788739376001
12,60,0.005,1,0.0,1.5,1,-0.3245821025006722,-0.09356903012162021,-0.5788680100218866,-0.312921168027492,849,559,290,0.014231342048651332,0.060830713221909645,0.03753102763528049,0.02329968558662916,0.4649592846348911,-0.2950616747472553,7.974288030341973e-05,-0.3986490935339381
12,60,0.0,1,-999.0,2.5,1,-0.33285119597471025,-0.09636001645068815,-0.5964837816462516,-0.08181136562693907,694,435,259,0.047559159357934803,0.18821777262948866,0.11788846599371174,0.07032930663577693,0.2657072190696559,-0.2541915020909108,4.058676655695276e-05,-0.3986924755551609
48,200,0.0,1,0.2,1.5,1,-0.3641845261090366,-0.1071769893683725,-0.5436528307863517,-0.39509242720957455,1016,629,387,0.01082243918583485,0.0625186165811683,0.03667052788350157,0.02584808869766672,0.5340411186404255,-0.3110767160506638,8.721735839367493e-05,-0.3987580261220271
30,60,0.005,1,0.2,1.5,1,-0.3877039129202716,-0.11556206357363541,-0.5151423197767901,-0.512854077002392,683,443,240,0.008969055105080259,0.0429918914446467,0.02598047327486348,0.01701141816978322,0.3111481541951935,-0.34285929102299906,-4.6126246897233546e-05,-0.39877592731215006
20,120,0.0025,1,-999.0,2.5,1,-0.3993603878971307,-0.11980758139207526,-0.5411540308817215,-0.17269611242229138,699,443,256,0.05589938772133046,0.1935793480059573,0.12473936786364388,0.06883998014231342,0.04882893997986826,-0.18766869728400437,1.9255810340757042e-05,-0.3990194024540506
48,60,0.01,1,0.2,1.5,1,-0.36665875154981964,-0.1080480390557157,-0.533274514668403,-0.4867887178818908,620,414,206,0.008969055105080259,0.038821777262948866,0.023895416184014563,0.014926361078934304,0.3121706427341133,-0.34186889797358133,-5.268953901044351e-05,-0.39902473228401175
48,200,0.0025,1,0.0,2.5,1,-0.3099544059679743,-0.08869399897307273,-0.6010412214001138,-0.20108463385129766,1292,837,455,0.020751282475591593,0.09488664570577528,0.05781896409068343,0.037067681615091844,0.48420470834754514,-0.11282687051176865,0.00015167396430862848,-0.3992688413656945
30,200,0.005,1,0.0,2.5,1,-0.2963894327197012,-0.08424189933160886,-0.6107126131283166,-0.1956417745301483,1189,782,407,0.02131391692867781,0.08763859010425286,0.05447625351646533,0.03316233658778752,0.6332832615266109,-0.21922934869259625,0.0001489802515714949,-0.3993802946222746
48,96,0.005,1,0.0,0.75,1,-0.4196735842269309,-0.12735602346591557,-0.48080977411734427,-0.6366879245961098,602,392,210,0.008307132219096475,0.04120469965249048,0.02475591593579348,0.016448783716697005,0.0003607596857126971,-0.2160813035096225,-0.00013261647611861204,-0.3995953067543932
12,200,0.005,1,0.0,1.5,1,-0.3262885226146932,-0.09414287531792243,-0.5821352587249471,-0.288519678125963,1041,680,361,0.01770643720006619,0.074367036240278,0.0460367367201721,0.028330299520105906,0.5238427993051518,-0.25588409374589705,0.00011195147305127919,-0.3996364885866941
20,120,0.01,1,-999.0,1.5,1,-0.3998309052194008,-0.11998024537795815,-0.5347025493813564,-0.25126356570389685,568,379,189,0.04875062055270561,0.14009597881846764,0.09442329968558663,0.04567267913288102,0.034493301607971594,-0.22924487150761996,-4.135047995844706e-06,-0.3998946983538312
12,120,0.0,1,-999.0,999.0,1,-0.3417733468820122,-0.09940066248154211,-0.597852568292807,-0.049132055522582936,714,455,259,0.06212146284957802,0.22396160847261293,0.14304153566109548,0.08092007281151746,0.12291741323009941,-0.1622594238526529,4.1543332415986744e-05,-0.40078354940407473
48,120,0.0025,1,0.2,1.5,1,-0.40535917088478446,-0.12201657265418486,-0.5077600911328357,-0.4999161394938808,819,524,295,0.009796458712559986,0.05169617739533344,0.030746318053946717,0.02094985934138673,0.32374528489356136,-0.3233900731727851,-5.544635296679241e-06,-0.4008924251952968
30,120,0.01,1,-999.0,1.5,1,-0.40155444751253055,-0.12061359524771009,-0.5355754658762836,-0.2526707893924595,574,382,192,0.048552043686910476,0.14155220916763198,0.09505212642727122,0.04650008274036075,0.08751898191671215,-0.26673410650503104,-3.902946684729083e-06,-0.40103486765547486
48,200,0.01,1,-0.2,0.75,1,-0.4296753249372969,-0.13114568284443662,-0.4865251592280745,-0.5470525985731552,720,477,243,0.014827072646036736,0.059308290584146946,0.037067681615091844,0.022240608969055106,0.014908483944781725,-0.19447246221911418,-5.532043775770751e-05,-0.40176089238713164
30,60,0.0,1,-999.0,2.5,1,-0.3571849026864884,-0.10472646200730618,-0.5827066512308028,-0.11469771573924412,683,428,255,0.04514314082409399,0.18070494787357272,0.11292404434883337,0.06778090352473937,0.2063331458333646,-0.25016196987802364,3.3096045107575264e-05,-0.40181467340966975
12,60,0.0,1,0.0,1.5,1,-0.33577419980145684,-0.09735279298674704,-0.5791167892345295,-0.31181387754808393,942,605,337,0.013370842296872415,0.06804567267913288,0.04070825748800265,0.027337415191130233,0.3601631510181571,-0.21778058350925134,8.970100222173903e-05,-0.40250188148141597
12,120,0.01,1,0.0,1.5,1,-0.33886221406455663,-0.09840517817709016,-0.5751548695385196,-0.34623779096024176,823,559,264,0.0158530531193116,0.05907661757405262,0.03746483534668211,0.02161178222737051,0.349040875424554,-0.26035429030827595,6.092655861476234e-05,-0.40329450249436205
20,60,0.01,1,0.0,1.5,1,-0.3259276356774876,-0.09402142331748353,-0.5869235847343478,-0.33748148952566803,729,495,234,0.01393347674995863,0.052258811848419656,0.03309614429918915,0.019162667549230513,0.4259898664374595,-0.3193403439863748,4.821185334340937e-05,-0.40435729016094085
48,120,0.01,1,-0.2,2.5,1,-0.40757813929961095,-0.12283791837613123,-0.5323993644762989,-0.3186942685484887,1046,715,331,0.028032434221413206,0.09740195267251366,0.06271719344696343,0.03468475922555023,0.29425318900571074,-0.2276668978285853,5.901442266086444e-05,-0.4049723140417051
48,96,0.005,1,-999.0,2.5,1,-0.36121180023266963,-0.10613379704147652,-0.5844799240539793,-0.13250931394022805,677,438,239,0.059804732748634785,0.1862981962601357,0.12305146450438524,0.06324673175575045,0.2735738296142105,-0.296315143196507,2.8136270053318625e-05,-0.40499922476547756
12,120,0.0025,1,0.2,0.75,1,-0.42191708386076865,-0.1282018006696084,-0.4804919127169496,-0.7392333574842097,542,337,205,0.00423630647029621,0.032368029124606984,0.018302167797451595,0.014065861327155387,0.014565748111027954,-0.2528063429419326,-0.00021892027159117034,-0.4054094249022937
20,96,0.005,1,0.0,1.5,1,-0.34131677235602653,-0.09924431536200251,-0.5784402256774788,-0.34013917351007034,880,583,297,0.014463015058745657,0.06337911633294721,0.038921065695846434,0.024458050637100777,0.3748782331605851,-0.2560397546824492,7.17352413039897e-05,-0.4054713868762454
48,60,0.0025,1,0.0,0.75,1,-0.4239617913429652,-0.12897478117542382,-0.4885642098063837,-0.6516836555997585,572,366,206,0.006122786695349992,0.03928512328313751,0.022703954989243755,0.01658116829389376,-0.03745769390782738,-0.20334415202558676,-0.00015870845751599322,-0.4058410688586036
48,200,0.0025,1,0.2,1.5,1,-0.38340969502942446,-0.1140132955374692,-0.5408027648811272,-0.43675274434919487,964,607,357,0.010888631474433228,0.05934138672844613,0.035115009101439686,0.024226377627006454,0.434650285939409,-0.30396202835466046,5.914856239333619e-05,-0.40625231519549254
30,96,0.01,1,-999.0,1.5,1,-0.4108206478848716,-0.12404228234919101,-0.5390103428011425,-0.2726656491384152,559,374,185,0.04679794803905345,0.13576038391527387,0.09127916597716366,0.04448121793811021,-0.0569565209412195,-0.17371196070534156,-1.0849205607710432e-05,-0.407180736206683
30,120,0.0025,1,-999.0,1.5,1,-0.42056849220039905,-0.12769310056517647,-0.5340003182501843,-0.25128249942109954,666,421,245,0.04659937117325832,0.16627502895912627,0.10643720006619228,0.05983782889293397,0.009537768673874014,-0.19917842427964094,3.3575906681695526e-06,-0.4072573846613236
48,200,0.0,1,-0.2,1.5,1,-0.3804943948663848,-0.11296645509927983,-0.5625455128858252,-0.2704494414504593,1366,867,499,0.025384742677478075,0.12142975343372497,0.07340724805560152,0.04802250537812345,0.4868568832196216,-0.1749630788290628,0.0001043110676258442,-0.4077616836147154
20,60,0.0025,1,0.0,2.5,1,-0.33994515917513635,-0.09877511505252967,-0.5897519869299628,-0.28329936078980256,970,634,336,0.015257322521926195,0.07238126758232666,0.04381929505212643,0.028561972530200232,0.4132694516469859,-0.24135159624339497,9.515530909441061e-05,-0.4078160765570012
12,120,0.005,1,0.0,1.5,1,-0.3438405346309805,-0.10010955907153196,-0.5819090708703674,-0.3351867410147576,928,616,312,0.015886149263610788,0.06678801919576369,0.041337084229687245,0.025450934966076453,0.35490202287523154,-0.22969176367579525,7.985390033813706e-05,-0.40782343155745354
48,120,0.0025,1,-999.0,999.0,1,-0.4064122888552968,-0.12240609470508679,-0.55775012383394,-0.13297751584657364,707,448,259,0.0676816150918418,0.22151249379447294,0.14459705444315737,0.07691543935131558,0.21611152778506093,-0.304858864512655,2.3172717391899877e-05,-0.40793003241438547
12,200,0.01,1,-999.0,0.75,1,-0.39216668134259347,-0.11718027431186806,-0.5483827310934062,-0.3404737222926158,473,308,165,0.031044183352639417,0.10074466324673176,0.06589442329968559,0.03485023994704617,-0.09913011823228679,-0.14521131246671248,-3.627216051188708e-05,-0.40839532597320194
48,96,0.0,1,0.0,0.75,1,-0.42846078449054137,-0.13068284874739955,-0.4912883298679708,-0.6425978013000061,662,427,235,0.008704285950686745,0.045110044679794806,0.026907165315240775,0.01820287936455403,-0.031192848763314074,-0.17852165051887825,-0.0001083164681667755,-0.4084569037463852
48,120,0.005,1,-0.2,1.5,1,-0.40690102505553205,-0.12258704204919835,-0.5370352778518674,-0.3484580666855947,1046,695,351,0.024193281482707264,0.09475426112857852,0.059473771305642895,0.03528048982293563,0.427117264494141,-0.2987702541587248,5.547632615402938e-05,-0.40852758430941183
20,200,0.005,1,0.0,1.5,1,-0.32849504261204665,-0.09488651473754894,-0.5982305295286543,-0.29195851634765824,1045,684,361,0.018037398643058082,0.07443322852887639,0.04623531358596723,0.02819791494290915,0.5671159859940078,-0.27735717034479834,0.00011129805692972671,-0.408599705319259
30,120,0.01,1,0.0,1.5,1,-0.3628327729616154,-0.1067021783274793,-0.5659231894993235,-0.39364532754689896,816,550,266,0.015124937944729439,0.05834850239947046,0.03673672017209995,0.02161178222737051,0.34274856827735833,-0.2863336940973984,3.774997701119151e-05,-0.409346039454486
12,200,0.01,1,0.2,2.5,1,-0.4173067413706254,-0.1264663999292268,-0.5177692610095574,-0.4826171483146634,851,571,280,0.013403938441171603,0.053582657620387227,0.03349329803077941,0.02008935958960781,0.36738570644651003,-0.347789969968612,-6.444804921866584e-07,-0.4094818878497387
30,96,0.005,1,-999.0,2.5,1,-0.4130920194502741,-0.124888899896482,-0.5490968011972429,-0.20398001635694926,660,425,235,0.05576700314413371,0.17875227535992058,0.11725963925202713,0.061492636107893434,0.03564476812367534,-0.2116624385087541,1.0553796857218623e-05,-0.4096363013129509
30,120,0.0,1,-999.0,999.0,1,-0.3633594843412423,-0.10688709884060144,-0.5985568797136858,-0.07021844458270385,720,456,264,0.06298196260135694,0.2228363395664405,0.14290915108389873,0.07992718848254178,0.22484916565920088,-0.2549305166164185,3.734400128248245e-05,-0.4096764609265795
20,60,0.0,1,0.0,1.5,1,-0.3492107917982761,-0.10195902738617857,-0.5824049379048124,-0.3403882911175805,907,583,324,0.0128082078437862,0.06523250041370181,0.039020354128744,0.026212146284957803,0.3594717114615995,-0.24651958263703022,7.30287765972597e-05,-0.4101809108944638
30,200,0.005,1,-0.2,1.5,1,-0.3869888031726293,-0.11530358563779952,-0.5595444162165712,-0.3021547995250012,1184,774,410,0.026675492305146452,0.10643720006619228,0.06655634618566937,0.03988085388052292,0.5843237242810047,-0.3004945349679743,8.351539898703857e-05,-0.4101835337223352
48,96,0.005,1,-999.0,1.5,1,-0.3938374545590989,-0.11778839237936367,-0.5628074106059994,-0.22169361373983376,637,414,223,0.049578024160185336,0.15906006950190302,0.10431904683104418,0.05474102267085885,0.1602019791628604,-0.28152298228727624,8.863842582111487e-06,-0.41027677836935506
20,60,0.0,1,-999.0,2.5,1,-0.3654223192255087,-0.10761243549381938,-0.5933204325054603,-0.12139319899905542,684,427,257,0.046136025153069665,0.18282310110872083,0.11447956313089525,0.06834353797782558,0.2670878537650594,-0.2949110270772676,3.095803877158141e-05,-0.4103423116965023
30,120,0.0025,1,-999.0,2.5,1,-0.4048575732510805,-0.1218312260064448,-0.5594549238816906,-0.17858412590299097,703,446,257,0.05656131060731425,0.19503557835512164,0.12579844448121794,0.06923713387390369,0.09964382420533169,-0.2307605321187124,1.802227974448448e-05,-0.41048789424243964
48,200,0.005,1,-0.2,2.5,1,-0.37655046132457426,-0.11155610936822391,-0.5752542925383163,-0.23395532156306442,1367,899,468,0.031441337084229685,0.12583154062551713,0.07863643885487341,0.04719510177064372,0.55300447167672,-0.20467778221883515,0.0001077298868119213,-0.41088102171553526
12,60,0.0025,1,0.0,2.5,1,-0.34456439062069355,-0.10035818533598184,-0.5931772866362097,-0.28576134057039465,1004,655,349,0.01595234155220917,0.07492967069336422,0.0454410061227867,0.029488664570577527,0.4225576520690233,-0.23874438575609225,9.734359416312043e-05,-0.41123489568260646
20,200,0.01,1,0.2,2.5,1,-0.4073543918174183,-0.12275499434785475,-0.5311390079196894,-0.46264922312453,857,576,281,0.013701803739864305,0.05388052291907993,0.033791163329472115,0.02008935958960781,0.45297363585241635,-0.3738490251198219,1.1759276207958607e-05,-0.41145695946392596
48,120,0.0025,1,0.0,2.5,1,-0.3647753221739112,-0.10738474754435046,-0.5789282796107129,-0.2977710629685319,1105,727,378,0.018302167797451595,0.08297203375806718,0.05063710077775939,0.0323349329803078,0.360819952625655,-0.18878793455403642,9.939276038555944e-05,-0.4117374404981335
48,120,0.0025,1,0.0,1.5,1,-0.3842424572358023,-0.11431300912213638,-0.5564339517221428,-0.3851230752712632,979,642,337,0.015356610954823763,0.0710243256660599,0.043190468310441835,0.02783385735561807,0.2946078896231241,-0.22391050582010497,6.083858000401336e-05,-0.41178613874677095
12,60,0.0025,1,0.2,0.75,1,-0.42553805151332924,-0.12957207524185244,-0.4885840213771533,-0.7608184543861212,501,310,191,0.003706768161509184,0.029918914446466986,0.016812841303988087,0.013106073142478901,-0.018089240060700895,-0.24836460641166214,-0.0002682107342226851,-0.4119050086497351
48,120,0.01,1,-0.2,1.5,1,-0.4199344536439783,-0.12745424258733684,-0.5302789120729114,-0.39470922630227584,929,633,296,0.023729935462518618,0.08409730266423962,0.05391361906337912,0.0301836836008605,0.30060007978493797,-0.2902367142882897,2.635683949651312e-05,-0.41232915993890634
48,200,0.0,1,0.0,2.5,1,-0.32085146039361,-0.09231824268823208,-0.618898749039419,-0.2118714058990313,1360,867,493,0.020122455733907,0.09955320205196094,0.05983782889293397,0.03971537315902697,0.5375318557802109,-0.12796332375547492,0.00015147642729558327,-0.41236118750289313
30,60,0.0025,1,0.2,0.75,1,-0.4292315324564263,-0.13097647790267253,-0.4850079768213227,-0.7798524274847304,472,292,180,0.0035412874400132383,0.028561972530200232,0.016051629985106734,0.012510342545093497,-0.03291047406647152,-0.25266999010647107,-0.000306543275805408,-0.4124730876875704
20,120,0.01,1,0.0,1.5,1,-0.3605575871183204,-0.10590470860868406,-0.574239894515271,-0.38951797877902955,817,553,264,0.015257322521926195,0.05841469468806884,0.03683600860499752,0.021578686083071324,0.33533014415279205,-0.2794461405506935,4.001308236730542e-05,-0.41250055480527104
12,96,0.01,1,0.0,2.5,1,-0.3438291933022236,-0.10010566524769626,-0.5946200279477066,-0.30525072860839736,896,614,282,0.01850074466324673,0.06675492305146451,0.04262783385735562,0.024127089194108886,0.3885579102455319,-0.2602831820491467,7.826284996208484e-05,-0.41267821565196944
30,200,0.01,1,-0.2,2.5,1,-0.3950465614511601,-0.11822926006107348,-0.5614510525484985,-0.2877209668458894,1151,778,373,0.03084560648684428,0.1061062386232004,0.06847592255502234,0.03763031606817806,0.44530187005064104,-0.25567541443651964,7.921768884819132e-05,-0.4133408346776172
48,96,0.01,1,0.0,1.5,1,-0.37102922373218605,-0.10959291423329598,-0.5680104441198526,-0.4112434563331646,812,551,261,0.015191130233327818,0.05808373324507695,0.036637431739202385,0.021446301505874565,0.2902810102669118,-0.26833241147975184,2.890448529111277e-05,-0.4141603091098805
12,200,0.005,1,0.0,2.5,1,-0.33201543206331174,-0.09607675501851853,-0.6117163842439504,-0.24803761158040388,1165,764,401,0.020751282475591593,0.08601687903359259,0.05338408075459209,0.032632798279000494,0.5442822089995878,-0.2253963089389045,0.0001268460487334336,-0.4143368277195139
30,200,0.01,1,-0.2,1.5,1,-0.3999603397361804,-0.12002776127609505,-0.5544986158342085,-0.3472042250985985,1029,691,338,0.026179050140658612,0.09230514645043852,0.05924209829554857,0.03306304815488995,0.45770316838174185,-0.3113298654011616,5.6383047911674864e-05,-0.4146372804481292
48,120,0.0,1,0.0,2.5,1,-0.3665855595577481,-0.1080222352727992,-0.5837579686909853,-0.29596359417770296,1165,756,409,0.018004302498758895,0.08710905179546582,0.05255667714711236,0.034552374648353465,0.36800172627212313,-0.1708347062299469,0.0001058784007961843,-0.414699399327177
30,120,0.0025,1,0.2,0.75,1,-0.4317950906099769,-0.13195525119141105,-0.4893690205663265,-0.7674802711497692,528,332,196,0.0045341717689889125,0.03180539467152077,0.01816978322025484,0.013635611451265928,0.012733509967060241,-0.2693788877341001,-0.00024828003040905947,-0.41501377503206277
30,200,0.01,1,0.2,2.5,1,-0.4162443510555853,-0.12606796071733484,-0.5308984538066491,-0.4789133746597145,871,585,286,0.013867284461360251,0.054443157372166144,0.0341552209167632,0.020287936455402944,0.4377347063682506,-0.3723249207308452,6.859379418524014e-06,-0.4154628563536451
30,96,0.005,1,0.2,1.5,1,-0.4028519458974553,-0.12109128959703164,-0.5356895352524933,-0.5336846856842331,739,478,261,0.009564785702465663,0.04636769816316399,0.027966241932814828,0.018401456230349163,0.3561953045411357,-0.3628059270851586,-3.878475502694921e-05,-0.4156202915074899
20,200,0.005,1,0.0,2.5,1,-0.32181581240224777,-0.09264107027141766,-0.6232372986686525,-0.23240990897988556,1172,771,401,0.021380109217276188,0.08638093662088367,0.05388052291907993,0.03250041370180374,0.6201125999259274,-0.2477491766200649,0.0001336242073137728,-0.4158802150547382
20,96,0.01,1,0.2,1.5,1,-0.39853873453448807,-0.1195063053080373,-0.5380284320668453,-0.548732851060365,653,437,216,0.009961939434055933,0.040675161343703456,0.025318550388879695,0.015356610954823763,0.29724745783765494,-0.3572864665187848,-7.787117712096118e-05,-0.4159571638944782
48,120,0.0,1,0.0,1.5,1,-0.38765379092274055,-0.1155439394983736,-0.5627046604590937,-0.3854270694360285,1032,671,361,0.015555187820618897,0.07459870925037233,0.04507694853549561,0.029521760714876718,0.30466779509524167,-0.213589892626049,6.81815107562544e-05,-0.4161676231997219
48,60,0.0,1,0.0,1.5,1,-0.3581881235644988,-0.10507645180623426,-0.5874693456762576,-0.35830134898648475,908,589,319,0.012642727122290254,0.06579513486678802,0.03921893099453914,0.026576203872248884,0.28175037239802747,-0.211460776973311,6.515944219047365e-05,-0.41672619209368733
20,60,0.0025,1,0.2,0.75,1,-0.43395226465020154,-0.13278143407575482,-0.4892673912101727,-0.7909315860444512,477,295,182,0.0033427105742181037,0.028694357107396987,0.016018533840807547,0.012675823266589442,-0.0454109602651146,-0.24726562222769644,-0.0003115627303090653,-0.41696170898306373
30,200,0.01,1,-999.0,0.75,1,-0.4062178769992504,-0.12233414764248152,-0.554810851719327,-0.3593471412552285,476,309,167,0.03273208671189806,0.1033592586463677,0.06804567267913288,0.035313585967234815,-0.11718896760742725,-0.14661048608852356,-4.1759920038193035e-05,-0.41770693056490643
30,96,0.005,1,0.0,2.5,1,-0.3365312458631281,-0.097610451891889,-0.6122960470193664,-0.2789732439648939,996,665,331,0.017342379612775113,0.07433394009597882,0.04583815985437697,0.028495780241601855,0.42002451603655966,-0.2311221106486212,0.00010055492417656629,-0.41770713759981687
12,200,0.0,1,0.0,1.5,1,-0.3649219054106576,-0.10743631714276514,-0.5874535480305119,-0.33202568965538803,1146,733,413,0.016779745159688896,0.08217772629488665,0.04947873572728777,0.032698990567598875,0.4065009230152863,-0.19905981609540258,0.00010204009392490674,-0.4177643756407905
48,96,0.01,1,-999.0,1.5,1,-0.42074247441068935,-0.12775867821697828,-0.5524399986911928,-0.2772525739070948,574,384,190,0.04928015886149264,0.14161840145623034,0.09544928015886149,0.04616912129736886,0.07181197237822023,-0.2798436935475008,-1.1117204673080759e-05,-0.4178413062579294
48,96,0.0025,1,0.2,0.75,1,-0.4347802399003028,-0.13309916980037662,-0.49205169662329895,-0.7771977410368943,520,329,191,0.004798940923382426,0.03134204865133212,0.018070494787357273,0.013271553863974847,0.03078842729305986,-0.28879859458829094,-0.00026196471023650497,-0.4179849051638708
48,60,0.005,1,0.0,2.5,1,-0.34116703395628956,-0.09919305737766082,-0.6084129069295767,-0.2923329684237732,943,628,315,0.01591924540790998,0.07059407579017045,0.04325666059904021,0.027337415191130233,0.3596552379747524,-0.223453298193388,8.878767365203177e-05,-0.41801615926363783
48,96,0.01,1,0.2,1.5,1,-0.4045018091208743,-0.12169983764917824,-0.5370276106165421,-0.5585822062741073,671,448,223,0.0100612278669535,0.0417673341055767,0.0259142809862651,0.0158530531193116,0.29143816904387143,-0.35501581528706183,-7.605436486198588e-05,-0.4181427532711547
12,96,0.01,1,0.0,1.5,1,-0.359054914769535,-0.10537917631397431,-0.587224243659199,-0.38868932191097894,797,542,255,0.01548899553202052,0.05725632963759722,0.03637266258480887,0.02088366705278835,0.3566736866870699,-0.2961906176630663,3.602738645075605e-05,-0.41842576423912275
12,96,0.0025,1,0.0,0.75,1,-0.4388248321157733,-0.13465631794218558,-0.5000978635110369,-0.6774646709407599,626,401,225,0.0073804401787191795,0.04266093000165481,0.025020685090186994,0.017640244911467814,-0.07248144561667225,-0.1725457199161603,-0.0001441283161485057,-0.418578483244742
20,120,0.01,1,-999.0,999.0,1,-0.4302725624288948,-0.13137354769369203,-0.5549106931004031,-0.1974984760179575,583,387,196,0.06437200066192289,0.17815654476253517,0.12126427271222903,0.05689227205030614,0.014269686568436413,-0.24813098005622503,2.7095149256278766e-06,-0.41870381804479145
12,200,0.0025,1,-999.0,0.75,1,-0.41161134899809637,-0.12433672552204156,-0.5548490426430854,-0.34238941716639354,557,350,207,0.029687241436372663,0.121959291742512,0.07582326658944233,0.046136025153069665,-0.16133159665446117,-0.07305222351511009,-2.351327147865084e-05,-0.41888071770190394
30,120,0.005,1,0.0,1.5,1,-0.3741615232417336,-0.11070507773515614,-0.5772177679081429,-0.3930009478466703,910,602,308,0.015257322521926195,0.06562965414529208,0.04044348833360913,0.02518616581168294,0.33743585718332025,-0.2623629805831059,5.187406399408884e-05,-0.4189640090815611
20,60,0.01,1,0.2,2.5,1,-0.4143694616273146,-0.12536612576944206,-0.5358238555006068,-0.5180586040363515,701,477,224,0.011550554360417012,0.04497766010259805,0.02826410723150753,0.01671355287109052,0.2925562568840421,-0.3566718653918133,-6.093807405123416e-05,-0.41918098372156304
12,60,0.005,1,-999.0,2.5,1,-0.42340637412001436,-0.1287646082279602,-0.5576982960526302,-0.23196831151348024,630,404,226,0.05143140824093993,0.16773125930829058,0.10958133377461526,0.058149925533675324,0.17025606391489045,-0.32481014105965034,2.3663249665563234e-06,-0.41921217182994935
12,200,0.01,1,-0.2,1.5,1,-0.4155573792819396,-0.12581060790932608,-0.549717556692426,-0.37347139934596296,1007,680,327,0.025781896409068344,0.09078272381267583,0.058282310110872086,0.03250041370180374,0.4011161872626945,-0.30977658893337623,4.360597473840666e-05,-0.4193429562228372
20,96,0.0,1,0.0,1.5,1,-0.3705871688819612,-0.10943629147976541,-0.5830743888962249,-0.3715943471553031,964,623,341,0.013668707595565117,0.06946880688399801,0.04156875723978157,0.027900049644216447,0.26330576978011266,-0.19311916046262956,6.723692831922603e-05,-0.419553203285643
48,60,0.005,1,0.2,1.5,1,-0.4059407152921438,-0.12223160741573691,-0.5400524854692037,-0.5490816623680753,699,452,247,0.008704285950686745,0.04398477577362237,0.026344530862154557,0.017640244911467814,0.2903378260137335,-0.3469442768533252,-6.139534949758859e-05,-0.4197119332687425
12,120,0.005,1,-999.0,999.0,1,-0.42922019646491727,-0.13097215711653287,-0.5596155233709568,-0.18063869712357553,650,422,228,0.06562965414529208,0.20205196094654973,0.1338408075459209,0.06821115340062883,0.05079326167825915,-0.24814806238829645,1.0658326282993744e-05,-0.41981185365819
48,60,0.0025,1,0.2,0.75,1,-0.4342077593588979,-0.13287944304955435,-0.4954028167186816,-0.7879469727179356,478,296,182,0.003408902862816482,0.0289591262617905,0.016184014562303492,0.01277511169948701,-0.013970489887020876,-0.2712318008600939,-0.00030812920955601656,-0.4199782000447919
12,200,0.01,1,-0.2,2.5,1,-0.41570214384952275,-0.1258648206281766,-0.5563355577951339,-0.31982384533469144,1123,762,361,0.03021677974515969,0.104285950686745,0.06725136521595235,0.03703458547079265,0.3724961916927292,-0.2534816615405918,6.49517690231563e-05,-0.4200237917924781
30,120,0.01,1,0.2,1.5,1,-0.4046699940482289,-0.1217619432119652,-0.5411378414523391,-0.554713669257862,677,451,226,0.010160516299851067,0.0420651994042694,0.026112857852060235,0.01595234155220917,0.3221314988773869,-0.36827426854888623,-7.263551258173396e-05,-0.4200665474010279
20,60,0.01,1,0.2,1.5,1,-0.38606356681304366,-0.11496949220978658,-0.5580600329654031,-0.5267583646143474,606,409,197,0.009597881846764852,0.038060565944067516,0.023829223895416186,0.014231342048651332,0.31975234959399024,-0.3701239437099437,-8.674024809583921e-05,-0.42033742692320547
12,120,0.0,1,0.0,1.5,1,-0.36876178973926943,-0.10879042037108788,-0.5880405994862266,-0.3570840618055407,1023,666,357,0.015224226377627006,0.07380440178719179,0.0445143140824094,0.02929008770478239,0.26134187761810335,-0.16524765776422634,7.982175818354011e-05,-0.4206649232044782
48,60,0.0025,1,0.0,1.5,1,-0.37629895407520797,-0.11146639779386658,-0.5793787077608907,-0.39527354740519355,862,564,298,0.01237795796789674,0.06261790501406586,0.0374979314909813,0.025119973523084562,0.25219898189196166,-0.23346699621904798,4.0160196257856634e-05,-0.42091942904457164
20,120,0.0025,1,0.0,0.75,1,-0.4429087339083182,-0.13623716003752329,-0.5015971487458569,-0.683266870232415,639,410,229,0.007446632467317558,0.043455237464835345,0.025450934966076453,0.018004302498758895,-0.06714995026552972,-0.17793473432409623,-0.00014154987896972907,-0.4211990779220725
20,96,0.0025,1,0.2,0.75,1,-0.4371396358387162,-0.13400650651682366,-0.4963425941130607,-0.7915091971174034,514,317,197,0.0037729604501075624,0.03084560648684428,0.017309283468475923,0.01353632301836836,-0.03064495470208828,-0.24913927776103917,-0.00027496317702791417,-0.4217532634292242
20,120,0.005,1,0.0,1.5,1,-0.37030169167871396,-0.10933518896758498,-0.5868014845764721,-0.3856894530917982,915,607,308,0.015290418666225384,0.06579513486678802,0.0405427767665067,0.025252358100281317,0.32318805438680354,-0.24794367251021188,5.61746954014975e-05,-0.42202040391041096
30,96,0.0025,1,0.0,0.75,1,-0.4442574062724628,-0.13676112714836852,-0.5028037412606042,-0.6911389820270784,616,398,218,0.0071818633129240445,0.041999007115671026,0.024590435214297535,0.01740857190137349,-0.058536627697526544,-0.1967210109821136,-0.00015806082868998912,-0.42271994688002457
30,60,0.0,1,0.2,1.5,1,-0.4141425006727807,-0.12528128090072754,-0.5408665734749087,-0.5418468154079622,755,474,281,0.008307132219096475,0.04775773622372993,0.028032434221413206,0.01972530200231673,0.25921832937262557,-0.32129957064225634,-4.2731018124828943e-05,-0.42280690840858004
20,200,0.01,1,-999.0,0.75,1,-0.4177560875889196,-0.12663508677443192,-0.5554411398725501,-0.3826693409568954,475,310,165,0.0314082409399305,0.1009101439682277,0.0661591924540791,0.0347509515141486,-0.1353803185598651,-0.1460143489516028,-4.9988429349648604e-05,-0.42348912375855174
30,96,0.0025,1,0.0,1.5,1,-0.38318517353243253,-0.11393254152557453,-0.5797059746930884,-0.39976119063529214,913,601,312,0.013767996028462685,0.06605990402118153,0.039913950024822106,0.026145953996359425,0.2517895940173911,-0.22209156839878352,4.6682456622634064e-05,-0.42377358840388335
20,120,0.01,1,0.2,1.5,1,-0.40976459112777774,-0.12364948708485846,-0.5436034816499632,-0.5669322871905158,677,452,225,0.01009432401125269,0.041999007115671026,0.026046665563461857,0.01595234155220917,0.29402402508860237,-0.36007604678433547,-7.972235950770668e-05,-0.42379784226936584
20,200,0.0025,1,-999.0,0.75,1,-0.42818132489408545,-0.13057645733027456,-0.5502220126382293,-0.36962957728629287,557,350,207,0.0301836836008605,0.12199238788681119,0.07608803574383584,0.04590435214297534,-0.18030049119230496,-0.0783099033035558,-3.1316320972162426e-05,-0.42416894251370385
30,96,0.0,1,0.0,1.5,1,-0.3752151506269463,-0.11108011962247655,-0.5888786429231185,-0.37983166685714764,961,627,334,0.013966572894257819,0.06936951845110045,0.041668045672679135,0.027701472778421315,0.27858761713492886,-0.20981154319640816,6.306341257998321e-05,-0.4245110244268932
30,60,0.005,1,-0.2,1.5,1,-0.4146786860865471,-0.12548176290402413,-0.5591407133382802,-0.39233798018836186,869,578,291,0.019956975012411053,0.08085388052291909,0.050405427767665066,0.030448452755254013,0.27316643628315673,-0.29000171265411234,1.766239079513491e-05,-0.4246690185825823
12,200,0.005,1,-0.2,1.5,1,-0.41205051988449337,-0.12450039317774353,-0.5672313333444252,-0.3418648227143143,1156,757,399,0.026212146284957803,0.10438523911964256,0.06529869270230018,0.03908654641734238,0.5278431803997397,-0.31396508744224483,6.736949963302094e-05,-0.42520930098567183
30,120,0.0025,1,0.0,0.75,1,-0.44719346436056007,-0.13790510786672172,-0.505430491690245,-0.695342045849099,630,406,224,0.007645209333112692,0.043190468310441835,0.025417838821777262,0.017772629488664572,-0.0657970845551602,-0.18909696754385796,-0.00015199970533510572,-0.42538745600429917
12,96,0.0025,1,0.2,0.75,1,-0.4424312279844239,-0.13605187413397302,-0.5010776043266333,-0.8041684349260728,521,324,197,0.004170114181697832,0.031176567929836176,0.017673341055767004,0.013503226874069171,-0.026104597601493973,-0.25706959619435377,-0.0002781079139737378,-0.4267990980435933
20,200,0.005,1,-0.2,1.5,1,-0.4078099275167527,-0.12292384717915095,-0.5745249078176167,-0.33490927387204616,1161,760,401,0.026675492305146452,0.10471620056263445,0.06569584643389045,0.039020354128744,0.5670201617933657,-0.32460547923140004,7.025584999111212e-05,-0.4269317647815616
30,200,0.0025,1,0.0,1.5,1,-0.3696999266900737,-0.10912218479512303,-0.6011737094273755,-0.34596091747263963,1111,719,392,0.017276187324176732,0.07929836174085719,0.04828727453251696,0.031011087208340227,0.39035854957891813,-0.2098101200711846,9.419915024806725e-05,-0.42700708538244275
12,120,0.005,1,0.0,2.5,1,-0.35234988050546534,-0.1030454055647535,-0.6184901337420876,-0.29576712739968136,1041,695,346,0.01893099453913619,0.0777097468144961,0.04832037067681615,0.02938937613767996,0.4042399763547224,-0.22374229001607726,9.711336587633367e-05,-0.42707882880578135
20,96,0.005,1,0.0,2.5,1,-0.35837282118431757,-0.10514093124804857,-0.6133009469960785,-0.3133339337349439,993,661,332,0.017309283468475923,0.07403607479728612,0.04567267913288102,0.028363395664405096,0.38589508875002965,-0.23926476608628366,8.531403986817415e-05,-0.427458101432835
12,200,0.005,1,0.2,1.5,1,-0.4232708508461731,-0.12871334850774185,-0.5438624866043994,-0.5421235832919309,870,559,311,0.011351977494621877,0.053582657620387227,0.03246731755750455,0.021115340062882675,0.4526447396859956,-0.3865518920793638,-9.380803596907242e-06,-0.4277507709745381
30,96,0.005,1,-0.2,1.5,1,-0.41199937098365624,-0.12448132658801259,-0.5695184490400944,-0.37297296256539997,969,648,321,0.02207512824755916,0.08839980142313421,0.05523746483534668,0.03316233658778752,0.26897525638775854,-0.24769675573843786,3.9007104430282375e-05,-0.4278891992363298
20,120,0.0025,1,0.2,0.75,1,-0.44552853227862155,-0.13725584036509852,-0.5017109075411919,-0.8042875764297465,535,334,201,0.00423630647029621,0.03197087539301671,0.018103590931656463,0.013867284461360251,-0.01536058914639693,-0.26412370137381047,-0.00026862679662320355,-0.42832567295718177
30,60,0.01,1,-0.2,2.5,1,-0.41951076731289316,-0.12729473855753848,-0.5657808839753647,-0.36963545224859756,880,608,272,0.024590435214297535,0.08403111037564123,0.05431077279496939,0.02972033758067185,0.18945276903868513,-0.2421481288506151,2.1334331368943315e-05,-0.42866695315765074
20,200,0.01,1,-0.2,2.5,1,-0.4174760819951002,-0.12652995980277193,-0.5729546572064227,-0.3218042850074721,1131,768,363,0.030812510342545094,0.10481548899553202,0.06781399966903856,0.03700148932649346,0.41983254070144294,-0.27767676535900543,6.505789160379863e-05,-0.4290975026563569
12,60,0.0025,1,0.0,1.5,1,-0.38059064919525976,-0.1130009595645044,-0.5927096067798847,-0.39597569371482894,889,577,312,0.013172265431077279,0.06387555849743505,0.03852391196425616,0.025351646533178885,0.28619312064844227,-0.2487858682767733,4.407806179914561e-05,-0.42915454764018823
30,60,0.005,1,-999.0,2.5,1,-0.4477335032036234,-0.13811601968789822,-0.5551426526701427,-0.2726173765799858,623,399,224,0.0487837166970048,0.16184014562303492,0.10531193116001986,0.05652821446301506,0.06705794868967807,-0.29323138576173,-8.263633318167396e-06,-0.42931821485196886
48,120,0.005,1,-999.0,0.75,1,-0.43067280425174226,-0.13152635274375357,-0.5563663920923092,-0.39525418688977965,492,309,183,0.029323183849081582,0.10438523911964256,0.06685421148436207,0.03753102763528049,-0.07885922380963573,-0.2095050812142164,-5.144719794009681e-05,-0.42947225813439716
30,120,0.005,1,-999.0,999.0,1,-0.44386368371011453,-0.13660806519710422,-0.5662235479264391,-0.1965566191965555,662,428,234,0.06553036571239451,0.20268078768823433,0.13410557670031442,0.06857521098791991,0.10917202299956341,-0.3018161920836583,7.697322832251435e-06,-0.42954767012015155
12,120,0.01,1,-999.0,1.5,1,-0.433480732922372,-0.13260063933092148,-0.5642208792917188,-0.30043710964129416,570,382,188,0.049677312593082903,0.14082409399304982,0.09525070329306635,0.04557339069998345,-0.04614123695903494,-0.21016660564554968,-1.7591798245923268e-05,-0.4297329344588456
12,96,0.01,1,0.2,1.5,1,-0.40738107727810247,-0.12276488312981904,-0.557440963995486,-0.565820070372037,660,442,218,0.010292900877047824,0.04107231507529373,0.025682607976170776,0.015389707099122952,0.3071391616472736,-0.3693234129838925,-8.58522791235442e-05,-0.4297763686461639
30,96,0.0025,1,0.2,0.75,1,-0.4470748566819669,-0.13785880640327153,-0.5031005490799283,-0.8145121584366292,513,320,193,0.004004633460201887,0.03094489491974185,0.01747476418997187,0.013470130729769983,-0.006920957924501203,-0.28037388466964375,-0.0002930700234097729,-0.4301346888650671
30,200,0.01,1,-0.2,0.75,1,-0.46137052557140357,-0.1434939367619048,-0.5110946913556025,-0.6219354225210603,705,469,236,0.014827072646036736,0.05831540625517127,0.036571239450604004,0.02174416680456727,0.01702272556908646,-0.24649429082705587,-9.386807960918802e-05,-0.43013805356575907
20,60,0.0025,1,0.0,1.5,1,-0.3849475573679746,-0.11456701440183348,-0.5907052847547767,-0.4097115695502143,856,556,300,0.012510342545093497,0.06155882839649181,0.03703458547079265,0.024524242925699154,0.2940323635409794,-0.2707246526925857,3.193667234794569e-05,-0.4304052352567325
30,120,0.0,1,-999.0,0.75,1,-0.38410001903489543,-0.11426172365861442,-0.6053616652916689,-0.2732112870403279,528,329,199,0.02746979976832699,0.1106735065364885,0.06907165315240775,0.041601853384080754,-0.08253682672153717,-0.12581376037556657,-1.2624300879789606e-05,-0.4306031206564653
48,60,0.01,1,0.2,2.5,1,-0.4344750386212989,-0.13298200814915295,-0.539872194468372,-0.5540891909889005,715,483,232,0.010954823763031607,0.04563958298858183,0.02829720337580672,0.017342379612775113,0.18488015361074672,-0.3175411675571179,-7.920281008505805e-05,-0.43062256493278395
48,120,0.0025,1,-0.2,1.5,1,-0.44860232185444715,-0.1384556609386688,-0.5440975634305687,-0.40588098566402486,1092,718,374,0.023398974019526723,0.09892437531027636,0.061161674664901536,0.03776270064537481,0.25059538002735904,-0.23874141891376777,3.829154983455921e-05,-0.43079849193715436
12,200,0.0025,1,0.0,1.5,1,-0.39152711374260674,-0.11694781995007653,-0.5895687729593488,-0.3842295105392854,1086,700,386,0.01658116829389376,0.07780903524739367,0.04719510177064372,0.03061393347674996,0.32424023116076595,-0.20903852386636235,7.547694599889855e-05,-0.43094368195671523
20,200,0.01,1,-0.2,1.5,1,-0.42315066676391033,-0.12866789816919455,-0.5661868133295437,-0.38585224380445476,1011,683,328,0.026212146284957803,0.09108058911136853,0.058646367698163164,0.032434221413205365,0.43110891733568635,-0.3316861368384041,3.949359305722734e-05,-0.43105391702418916
30,60,0.01,1,-999.0,2.5,1,-0.44999086667390265,-0.13899930904140456,-0.5562511090190752,-0.2951367108513036,554,367,187,0.050405427767665066,0.14433228528876385,0.09736885652821446,0.046963428760549396,-0.027723271097865432,-0.2537064870984981,-2.128078857347252e-05,-0.4318816990935073
20,120,0.005,1,0.0,2.5,1,-0.3680131615372525,-0.10852593922740272,-0.6145604560131239,-0.3227235029990229,1028,685,343,0.01816978322025484,0.07668376634122125,0.04742677478073804,0.029256991560483205,0.3527206571607855,-0.21876246516876074,8.459407602256237e-05,-0.4319423423839158
20,120,0.0025,1,-999.0,1.5,1,-0.4443007534264618,-0.13677798357537385,-0.5619067943302695,-0.28508830041245514,666,422,244,0.04636769816316399,0.1652490484858514,0.1058083733245077,0.0594406751613437,-0.05713149356348246,-0.17767232250509435,-5.076792202508392e-06,-0.43198579576113133
30,60,0.005,1,-0.2,2.5,1,-0.4251195395071541,-0.1294133683294797,-0.5698095017572993,-0.3564454311295758,985,658,327,0.023829223895416186,0.09439020354128744,0.05910971371835181,0.03528048982293563,0.29098221130684787,-0.2712126724580246,3.778243324709625e-05,-0.43214039076460814
12,200,0.01,1,-0.2,0.75,1,-0.4636028275271704,-0.144383965358722,-0.5131209159283099,-0.6242963495804453,697,464,233,0.014463015058745657,0.05768657951348668,0.036074797286116164,0.02161178222737051,0.009762395259578671,-0.24723960006809143,-9.92199346685658e-05,-0.4321592408018992
30,60,0.005,1,0.2,2.5,1,-0.4443059827649646,-0.1367800171771868,-0.5352869018597033,-0.562167944909883,791,517,274,0.010723150752937283,0.050901869932152906,0.030812510342545094,0.02008935958960781,0.2743866591307609,-0.3523491685212592,-5.565112948056102e-05,-0.4325318653525326
48,96,0.005,1,0.0,1.5,1,-0.3908413129390189,-0.11669876529312673,-0.5894982455950253,-0.42632072496729556,903,601,302,0.015290418666225384,0.06506701969220585,0.04017871917921562,0.024888300512990236,0.2649362277924827,-0.243524604786312,3.625540166542841e-05,-0.4327639243390041
12,60,0.01,1,0.2,1.5,1,-0.4082254733474805,-0.12307796196343623,-0.5623598610826182,-0.5707033555255384,622,420,202,0.009961939434055933,0.03895416184014562,0.024458050637100777,0.014496111203044846,0.3168829145616683,-0.38664986507801846,-0.00010843161328562669,-0.4327930602810222
48,120,0.005,1,0.2,2.5,1,-0.44693954523901713,-0.13780599330059318,-0.5372785201169189,-0.5288042604015704,904,594,310,0.012841303988085388,0.05798444481217938,0.03541287440013238,0.022571570412046996,0.3525235482584035,-0.3573448847289842,-1.3152154030961858e-05,-0.43288546637913117
12,96,0.0,1,-999.0,2.5,1,-0.38417038986807617,-0.1142870598568313,-0.6246320661296904,-0.13004681265458673,721,455,266,0.05202713883832533,0.19917259639252027,0.1255998676154228,0.07357272877709747,0.13594398789206963,-0.22249003495868935,2.875912685684628e-05,-0.4331054335544058
12,60,0.01,1,-999.0,2.5,1,-0.4396433426435502,-0.1349724634066708,-0.569464843748428,-0.2741282565448937,555,369,186,0.052755254012907496,0.14807214959457224,0.10041370180373986,0.04765844779083237,0.04039765524128347,-0.2890942463389894,-1.5484159082311952e-05,-0.43341129810812945
48,96,0.0,1,-999.0,999.0,1,-0.399758823342398,-0.11995378717991056,-0.6171047550887646,-0.10837763768642064,721,458,263,0.06470296210491477,0.22118153235148105,0.14294224722819793,0.07823928512328314,0.22580622545527818,-0.29772650662558875,2.8874766834497406e-05,-0.4339250466086139
30,96,0.01,1,0.2,2.5,1,-0.4372210531780434,-0.13403786747681423,-0.5446700373759856,-0.5526756614302389,753,506,247,0.011716035081912957,0.04798940923382426,0.02985272215786861,0.01813668707595565,0.23704990712928953,-0.33701548423110517,-6.4293445125871e-05,-0.434006669236319
48,96,0.005,1,0.0,2.5,1,-0.38057145979598905,-0.11299408038469039,-0.6076051817400762,-0.3469408350849744,1019,682,337,0.018302167797451595,0.0758894588780407,0.04709581333774615,0.028793645540294555,0.2896951734895701,-0.2004741453303489,7.401836962431021e-05,-0.4341437130089772
20,96,0.0025,1,0.0,1.5,1,-0.39861594449434956,-0.11953460278688655,-0.58735541729683,-0.427887135772385,914,597,317,0.013503226874069171,0.06592751944398477,0.03971537315902697,0.026212146284957803,0.22247415960273975,-0.2229759974516844,3.426433010374994e-05,-0.4346066682239208
20,200,0.01,1,-0.2,0.75,1,-0.46676449555340294,-0.14564929996317866,-0.5159907111318421,-0.6328895272487604,696,464,232,0.014562303491643223,0.05758729108058911,0.036074797286116164,0.021512493794472943,0.0037574917700757826,-0.24757618230770284,-0.00010327676826735763,-0.43528913189153773
30,200,0.0,1,0.0,1.5,1,-0.37319522472796074,-0.11036153670984095,-0.615345945670946,-0.3457119150120629,1170,750,420,0.0173754757570743,0.08330299520105908,0.05033923547906669,0.032963759721992385,0.44620434345575766,-0.22191249075430697,0.00010020678406720021,-0.4353201052959171
12,120,0.0025,1,-999.0,1.5,1,-0.44408205022901026,-0.13669294642292662,-0.5692782702926512,-0.28506926792141973,669,426,243,0.0463346020188648,0.16700314413370843,0.10666887307628661,0.06033427105742181,-0.1245437163037606,-0.11267224348175775,-4.679983651019537e-06,-0.4355855449653232
20,200,0.005,1,0.2,1.5,1,-0.42315966766344737,-0.12867130181772124,-0.5598081846265874,-0.5417586298365018,873,561,312,0.0115836505047162,0.053681946053284794,0.032632798279000494,0.021049147774284297,0.5011969601362387,-0.4053863268192811,-8.299876332579158e-06,-0.43566332562284005
48,200,0.01,1,0.0,999.0,1,-0.4206650777552815,-0.12772950392335836,-0.5799212895879664,-0.36177748403372634,1114,745,369,0.02280324342214132,0.08350157206685421,0.05315240774449777,0.030349164322356445,0.40356433994112084,-0.2794569974473059,6.900097052653552e-05,-0.43577902291902787
48,200,0.005,1,-0.2,0.75,1,-0.47002881968309507,-0.1469616336728703,-0.5179974434977133,-0.600568139500446,831,536,295,0.015158034089028629,0.06824424954492801,0.04170114181697832,0.026543107727949693,0.04680353981499619,-0.23284776350313097,-5.2745980657147186e-05,-0.4359887623967492
48,60,0.005,1,-0.2,1.5,1,-0.420484435397691,-0.12766142302969752,-0.5776920848579102,-0.39834563750120106,905,604,301,0.020254840311103757,0.08340228363395664,0.0518285619725302,0.03157372166142644,0.23756332655720724,-0.2636825845943732,2.0975463282401216e-05,-0.43642474733371267
48,96,0.0025,1,-999.0,2.5,1,-0.4346250051216889,-0.13303957184806914,-0.5864212679866578,-0.21539076154270692,705,450,255,0.05824921396657289,0.19414198245904352,0.1261955982128082,0.06794638424623531,0.11193029297728896,-0.27658730717370617,9.613945883517024e-06,-0.4370197439185334
12,200,0.0,1,0.2,1.5,1,-0.4243017251689273,-0.12910348896728097,-0.5641433500138888,-0.5169702286169299,961,597,364,0.01045838159854377,0.05950686744994208,0.034982624524242924,0.024524242925699154,0.4400824325576036,-0.3535450561858756,1.9911199152688816e-05,-0.43702367540507187
12,60,0.01,1,0.2,2.5,1,-0.4419903534233319,-0.13588090783049445,-0.5467753692273833,-0.5717688545025097,716,487,229,0.011914611947708093,0.04593744828727453,0.028926030117491314,0.01701141816978322,0.2936891237456274,-0.38293901694651244,-8.833600174750538e-05,-0.4378570351693116
48,120,0.005,1,-0.2,2.5,1,-0.4323735364752668,-0.13217656095435926,-0.5780048699627989,-0.33505965227878454,1174,784,390,0.028793645540294555,0.10981300678470958,0.06930332616250207,0.040509680622207514,0.3959911385264909,-0.2685669367508057,6.239673122723796e-05,-0.4379319785496979
48,60,0.0,1,0.0,2.5,1,-0.382828972064295,-0.11380447116404768,-0.6139555006514505,-0.34443766488628125,1032,670,362,0.014860168790335925,0.07708092007281152,0.04597054443157372,0.031110375641237795,0.24010946987792336,-0.16613162730733244,7.528432191674499e-05,-0.438004104734087
30,60,0.01,1,0.0,999.0,1,-0.4404326616006299,-0.13527766183392786,-0.5624648538875285,-0.43834423661839406,862,594,268,0.0186000330961443,0.06665563461856694,0.04262783385735562,0.024027800761211318,0.307392510204632,-0.3413205761586834,-2.654867230093357e-06,-0.43842730060861185
12,120,0.01,1,0.2,1.5,1,-0.41524675004503586,-0.12569431468464742,-0.5683672862912168,-0.5748799190503715,683,458,225,0.010557670031441337,0.04239616084726129,0.026476915439351316,0.01591924540790998,0.2934001333602696,-0.3638077143122148,-8.321466503275125e-05,-0.4386219537827744
12,120,0.0,1,0.0,2.5,1,-0.37645104655628403,-0.11152064529797034,-0.6226610197907327,-0.3166346620374767,1150,749,401,0.01773953334436538,0.08578520602349826,0.05176236968393182,0.03402283633956644,0.2940640898094442,-0.14356078120432325,9.755558202037349e-05,-0.43868288829521057
20,200,0.0,1,0.0,1.5,1,-0.3789569454597541,-0.11241586680488669,-0.6169688815985412,-0.3561938609666878,1149,737,412,0.017243091179877545,0.08191295714049314,0.049578024160185336,0.0323349329803078,0.43706011829355984,-0.2322649848828584,9.378335688223441e-05,-0.4387100006524917
48,96,0.01,1,0.2,2.5,1,-0.4537526576465467,-0.14047732659940426,-0.5383598113583679,-0.5837034433803003,769,518,251,0.01198080423630647,0.04884990898560318,0.030415356610954822,0.018434552374648354,0.17907979559142273,-0.3194279202774045,-7.725408708777375e-05,-0.4388424044476032
48,120,0.0,1,-0.2,1.5,1,-0.45666185910700785,-0.1416256005911799,-0.5530763428839842,-0.4140550596844526,1152,749,403,0.02359755088532186,0.10382260466655635,0.06371007777593911,0.04011252689061724,0.2661888349812229,-0.23653717744463199,4.217689454530613e-05,-0.43886652501739465
30,96,0.01,1,-0.2,1.5,1,-0.43174624030988207,-0.13193656910801654,-0.5706628850044762,-0.43231027194728977,866,597,269,0.022207512824755915,0.07886811186496773,0.05053781234486182,0.028330299520105906,0.16686676571258618,-0.24903864943396814,3.3729546492628384e-06,-0.4388835252076191
20,60,0.005,1,-999.0,2.5,1,-0.4562850149319142,-0.14147659916315092,-0.5669194174176291,-0.28180665153669593,622,396,226,0.04951183187158696,0.16349495283799437,0.10650339235479067,0.05699156048320371,0.13436445149124743,-0.34578867805026914,-1.1007196881112033e-05,-0.43902664044880024
12,120,0.0025,1,0.0,1.5,1,-0.40334587894337126,-0.12127334327445682,-0.5929736826981349,-0.4258379651198084,966,634,332,0.014860168790335925,0.06966738374979314,0.042263776270064536,0.02740360747972861,0.1879549791234867,-0.18578451855789135,4.281027953865687e-05,-0.4390520828795147
30,120,0.005,1,0.2,1.5,1,-0.438662321350888,-0.13459359013392613,-0.548533655799766,-0.6046998421375973,766,497,269,0.010292900877047824,0.047890120800926694,0.02909151083898726,0.018798609961939435,0.31831555056940375,-0.37542987977024145,-6.991553065480987e-05,-0.439095410140689
48,60,0.0,1,0.2,1.5,1,-0.42749416081872127,-0.130315016802952,-0.5608939993992055,-0.5698128693303843,764,481,283,0.008108555353301341,0.04835346682111534,0.02823101108720834,0.020122455733907,0.2251010917803009,-0.3152217233307515,-5.4821016839814674e-05,-0.4392526599690739
20,120,0.0025,1,-999.0,999.0,1,-0.4579745708942985,-0.14214524295710906,-0.5734852655037135,-0.20797888263621978,687,439,248,0.06298196260135694,0.20986265100115836,0.13642230680125766,0.07344034419990071,-0.07260181928434961,-0.17591713442222068,6.322572800144225e-06,-0.4392868198407768
20,60,0.005,1,0.2,1.5,1,-0.4276945331004799,-0.1303912267410362,-0.5593295900180801,-0.5948630572514984,691,449,242,0.009068343537977825,0.0432897567433394,0.026179050140658612,0.017110706602680787,0.296381985187651,-0.3762921999671721,-9.367485601679725e-05,-0.43979917461265117
20,96,0.0,1,0.0,2.5,1,-0.38639631069490554,-0.11508959914709216,-0.6158045381571924,-0.34244087671376655,1091,705,386,0.015985437696508356,0.08118484196591097,0.04858513983120966,0.03259970213470131,0.2605617605038739,-0.15997788422677395,8.258840940980973e-05,-0.4401139120613767
48,96,0.0025,1,0.0,0.75,1,-0.46284752971365206,-0.14408251451429432,-0.5194354335742482,-0.7353411479954216,624,405,219,0.00807545920900215,0.042694026145953995,0.025384742677478075,0.017309283468475923,-0.0701593805643197,-0.2107350301357519,-0.00017850161518168748,-0.4405672887011895
48,96,0.01,1,-999.0,999.0,1,-0.4561194455282661,-0.14141115871163745,-0.5761912982835768,-0.22762356983796025,595,395,200,0.06556346185669369,0.18007612113188814,0.12281979149429091,0.05725632963759722,0.06919755427442831,-0.3150158935588526,-4.253708176710007e-06,-0.4408879863453239
30,60,0.0025,1,0.2,1.5,1,-0.4469746133883026,-0.13781967974049514,-0.5445480819407427,-0.6207343740824228,714,454,260,0.008009266920403773,0.04507694853549561,0.026543107727949693,0.018533840807545922,0.17772517640287555,-0.3289065305098099,-0.00010392276219247308,-0.44113043941498764
30,200,0.005,1,0.2,1.5,1,-0.4328811942819695,-0.13237092699258657,-0.5614716180142411,-0.5611344754384745,890,573,317,0.011782227370511336,0.05447625351646533,0.033129240443488334,0.021347013072976997,0.4861426263951203,-0.40444354856494324,-1.3175045618102323e-05,-0.44116345977163085
20,96,0.005,1,0.2,1.5,1,-0.4400094182930132,-0.13511397028322925,-0.5512364859071899,-0.615179488828415,741,480,261,0.009597881846764852,0.046202217441668046,0.027900049644216447,0.018302167797451595,0.2727573208399334,-0.3626449011187841,-8.432112792674038e-05,-0.4414911876782449
48,200,0.005,1,0.2,2.5,1,-0.43439024726849795,-0.13294946658512874,-0.5695883164794191,-0.4838507048429696,1044,674,370,0.013767996028462685,0.06539798113519775,0.039582988581830215,0.025814992553367534,0.4631881339764501,-0.3484089164596883,3.83191025672658e-05,-0.44193616006698677
30,96,0.0025,1,-999.0,1.5,1,-0.4558315242472153,-0.14129739487009962,-0.5711440955343163,-0.3096365060927124,651,413,238,0.04458050637100778,0.15896078106900546,0.10177064372000662,0.05719013734899884,-0.12879034108480136,-0.13501434789258093,-1.2312797397419917e-05,-0.4423512679418934
30,96,0.0,1,0.2,1.5,1,-0.43541315897736377,-0.13334228805312598,-0.5605149436798424,-0.5769474645377382,806,508,298,0.008935958960781068,0.050901869932152906,0.029918914446466986,0.020982955485685916,0.27393606658816294,-0.33679534702693814,-4.5938356331421414e-05,-0.4424471331199341
30,120,0.005,1,0.0,2.5,1,-0.3895653951868072,-0.11623596318782214,-0.6167204734311453,-0.35877366298109986,1025,682,343,0.01813668707595565,0.0765182856197253,0.047327486347840474,0.029190799271884827,0.3301336917990756,-0.23374126965597475,6.8964084246279e-05,-0.4425348830524498
30,200,0.005,1,-0.2,0.75,1,-0.47574271891117736,-0.14927341333775845,-0.5249387076225032,-0.6198811876014768,812,526,286,0.015124937944729439,0.06708588449445639,0.041105411219592915,0.02598047327486348,0.085666150380445,-0.2752039318075402,-6.454738460625742e-05,-0.44273682652908386
20,120,0.005,1,0.2,1.5,1,-0.4445336441479093,-0.13686856477198373,-0.5499931750168632,-0.618390727905159,769,499,270,0.01009432401125269,0.047890120800926694,0.02899222240608969,0.018897898394837003,0.2772277185902414,-0.36112276556794465,-7.62298267686126e-05,-0.4427846886756733
30,120,0.0,1,0.0,1.5,1,-0.4161972344704489,-0.12605030269076611,-0.5894324948167845,-0.44869457601696955,994,648,346,0.014860168790335925,0.0716531524077445,0.04325666059904021,0.028396491808704287,0.2221525403066038,-0.214693721330396,3.8148668589677973e-05,-0.4432012789000068
48,96,0.005,1,0.2,1.5,1,-0.4408738387966241,-0.1354483882386055,-0.5540405047802492,-0.6147545224215859,756,492,264,0.010160516299851067,0.04729439020354129,0.028727453251696178,0.01856693695184511,0.2786775077411543,-0.36180535479290576,-7.784360057242986e-05,-0.4432063667498094
30,96,0.0025,1,-999.0,2.5,1,-0.4560882709959647,-0.14139883880952653,-0.5783524595044591,-0.2533391316168897,687,436,251,0.054012907496276685,0.1865960615588284,0.12030448452755255,0.06629157703127586,-0.09491773381022328,-0.15265976177812168,8.697132633737783e-08,-0.4432420251426006
30,120,0.01,1,-999.0,999.0,1,-0.4595093542308363,-0.14275399098539854,-0.5777514105048019,-0.23363300678327484,592,392,200,0.06470296210491477,0.18027469799768328,0.12248883005129903,0.057785867946384246,0.05126976653196169,-0.3087146989440639,-5.932662039024981e-06,-0.44331134657696325
20,200,0.005,1,-0.2,0.75,1,-0.47657453205835854,-0.14961152853743265,-0.5256924639230276,-0.6207529411633868,799,516,283,0.01469468806883998,0.0661922885983783,0.04044348833360913,0.025748800264769153,0.07814690346815434,-0.27602937483729684,-6.934371891997934e-05,-0.4434954075571158
12,96,0.005,1,0.0,1.5,1,-0.39000978514801954,-0.11639707036656655,-0.6120963510986484,-0.42332146426574946,897,594,303,0.015257322521926195,0.06450438523911964,0.03988085388052292,0.024623531358596722,0.3212993700304927,-0.27697814165538337,3.598506915060038e-05,-0.44361131912917817
48,96,0.005,1,-999.0,999.0,1,-0.46034255437020766,-0.14308500978128313,-0.580154790522932,-0.2166961418492296,664,430,234,0.06692040377296045,0.20168790335925865,0.13430415356610956,0.0673837497931491,0.12132813255136043,-0.32917802379461125,3.0726932024037488e-06,-0.4439972121352106
20,120,0.0,1,0.0,1.5,1,-0.40917067635209325,-0.12342881473861722,-0.5985820649359572,-0.4349889470371747,1005,654,351,0.014793976501737548,0.07218269071653152,0.04348833360913454,0.028694357107396987,0.22071058231983742,-0.19991360434986383,4.599664348089321e-05,-0.4444692945584546
20,120,0.01,1,0.2,2.5,1,-0.46030161556272764,-0.14306873641729145,-0.5443253924988962,-0.5935845612519314,774,521,253,0.012013900380605659,0.04921396657289426,0.03061393347674996,0.0186000330961443,0.1983553132016198,-0.3367465636597974,-8.23938868717619e-05,-0.44491066072933616
30,200,0.0025,1,0.0,2.5,1,-0.3793710991752137,-0.11256408205827773,-0.633988746470125,-0.3076038875371459,1245,809,436,0.02048651332119808,0.09184180043024988,0.05616415687572398,0.0356776435545259,0.4323275411744445,-0.19238276700660273,0.00010898789649243251,-0.44493864967019753
48,60,0.01,1,-0.2,1.5,1,-0.43573764093940226,-0.1334670080021646,-0.5781609393965803,-0.45090232661749263,808,557,251,0.02061889789839484,0.07443322852887639,0.04752606321363561,0.026907165315240775,0.15042278718858038,-0.2652789988995059,-1.4373569796095873e-05,-0.4450925940313294
48,60,0.0025,1,0.0,2.5,1,-0.4039383995640764,-0.12149188344630812,-0.6088086103390207,-0.38460788563937315,980,646,334,0.015124937944729439,0.07337415191130234,0.04424954492801589,0.029124606983286446,0.21091325049529042,-0.1964079566720549,5.07165701836388e-05,-0.4451265828977871
30,96,0.0,1,0.0,2.5,1,-0.39005864649131117,-0.11641478971114705,-0.6233490023034576,-0.3490632321766165,1088,709,379,0.01625020685090187,0.08105245738871421,0.048651332119808044,0.03240112526890617,0.2775895841139919,-0.17735587856527735,7.954844079970435e-05,-0.44554245247170665
48,120,0.01,1,-999.0,0.75,1,-0.4509227102914246,-0.1393647250325888,-0.5673629319318046,-0.4549082016654689,442,287,155,0.02905841469468807,0.09213966572894258,0.06059904021181532,0.03154062551712725,-0.16339863361407947,-0.1813128100431708,-8.383695846404812e-05,-0.4457916010817646
20,200,0.0025,1,0.0,1.5,1,-0.3993091904977778,-0.11978879979101076,-0.6124562250506079,-0.39787357866148365,1091,706,385,0.0170776104583816,0.0777759391030945,0.04742677478073804,0.030349164322356445,0.35757721479906834,-0.23642212929518536,7.107595277353389e-05,-0.4459105912493889
12,200,0.005,1,-0.2,0.75,1,-0.47949331549797714,-0.15080115078007805,-0.5283373504758961,-0.62555395487734,801,516,285,0.014562303491643223,0.06632467317557504,0.04044348833360913,0.02588118484196591,0.08459683600257173,-0.2836316065712362,-7.129211014874525e-05,-0.44624752376189314
30,120,0.0025,1,0.0,1.5,1,-0.4281386668184448,-0.13056022065480843,-0.5835450567193115,-0.4783586250073913,942,618,324,0.014463015058745657,0.06814496111203044,0.04130398808538805,0.026840973026642397,0.18483458129070574,-0.22689787441642606,1.628028339036085e-05,-0.4462506802648337
30,60,0.0,1,0.2,2.5,1,-0.45970715796088024,-0.142832541002342,-0.5499706215944951,-0.5699669243513309,872,549,323,0.00963097799106404,0.05642892603011749,0.033029952010590766,0.023398974019526723,0.22124123203056412,-0.31572999482375097,-3.908651986316243e-05,-0.44631619801715605
30,96,0.0025,1,0.0,2.5,1,-0.3994639424990316,-0.11984557373324944,-0.6159842871312382,-0.3699268713911135,1033,683,350,0.016548072149594573,0.07718020850570909,0.04686414032765183,0.030316068178057258,0.25391449041774905,-0.19713899594204498,6.408174704829929e-05,-0.4463340608684242
48,120,0.0,1,0.2,2.5,1,-0.46454944163500844,-0.14476222309577746,-0.5494918673526757,-0.5416438386126762,993,632,361,0.01164984279331458,0.06400794307463181,0.03782889293397319,0.026179050140658612,0.276473687153064,-0.3107311625967316,-2.113337122738018e-06,-0.44659034870274916
30,200,0.0025,1,-0.2,1.5,1,-0.4468399568354451,-0.13776712936425217,-0.5795362898541994,-0.3857400532591072,1246,802,444,0.025715704120469966,0.11169948700976336,0.06870759556511666,0.0429918914446467,0.3683866493700192,-0.24616707929879345,6.0085082832323674e-05,-0.4468222769543072
12,120,0.0025,1,-999.0,999.0,1,-0.46418477672581737,-0.1446164472490421,-0.582930805430736,-0.2168817669445262,680,436,244,0.0631143471785537,0.21184841965910972,0.1374813834188317,0.074367036240278,-0.11257882620349191,-0.15163584038673916,3.7716909479558548e-06,-0.44692593831163646
12,200,0.0,1,0.0,2.5,1,-0.39181174713019595,-0.11705124888996576,-0.6286353103108837,-0.3222771158321394,1286,822,464,0.019228859837828894,0.09501903028297204,0.057123945060400465,0.03789508522257157,0.4012498730791674,-0.17425941764362685,0.00010627239973833473,-0.4474827598370146
30,200,0.0,1,-0.2,0.75,1,-0.4814580605430432,-0.15160475018310582,-0.531321480630371,-0.6158935354887097,908,575,333,0.015124937944729439,0.07456561310607314,0.04484527552540129,0.02972033758067185,0.03316893738408888,-0.20962799181496516,-3.97687259035412e-05,-0.4480601672727268
48,200,0.0,1,-0.2,0.75,1,-0.47534692741678863,-0.1491126733005207,-0.538389199264764,-0.5955501624175026,929,586,343,0.01509184180043025,0.07598874731093827,0.045540294555684264,0.030448452755254013,-0.00504227935330781,-0.16083409498798518,-2.853070503275964e-05,-0.44808478105377786
12,96,0.005,1,-999.0,2.5,1,-0.44928260151217037,-0.13872187810146086,-0.5938491134254957,-0.255747477705567,656,423,233,0.05576700314413371,0.17875227535992058,0.11725963925202713,0.061492636107893434,0.048171423635672506,-0.2705749129869116,-2.222956595395929e-06,-0.44843380869948707
30,120,0.005,1,-0.2,1.5,1,-0.4467453432544223,-0.13773021168900001,-0.5793816683595681,-0.42777132796456996,1007,671,336,0.0228694357107397,0.09137845441006123,0.057123945060400465,0.03425450934966076,0.2468439282312671,-0.26576524155558856,2.3304174066807005e-05,-0.44880961226701255
20,96,0.01,1,0.2,2.5,1,-0.46571463181962514,-0.14522851061740494,-0.5460814510424166,-0.6149797636889962,749,505,244,0.011881515803408902,0.04769154393513156,0.02978652986927023,0.017905014065861327,0.1850524726440086,-0.34427814633917975,-0.00010233882118483687,-0.44901822432306304
12,60,0.0025,1,-999.0,2.5,1,-0.46229134072683076,-0.14386073411908296,-0.5838734109799866,-0.2763880646772244,660,416,244,0.04861823597550885,0.17696508356776436,0.1127916597716366,0.06417342379612775,0.009114109531053405,-0.2587584216752401,-6.731848128470128e-06,-0.44961684284293746
48,96,0.0,1,-999.0,0.75,1,-0.4104984813524918,-0.12392239813881323,-0.6205334177747819,-0.31015160042243095,527,332,195,0.02905841469468807,0.11001158365050472,0.0695349991725964,0.04047658447790833,-0.036192813700551385,-0.20391400678067395,-2.5655958886034384e-05,-0.44969668704732574
12,120,0.01,1,-999.0,999.0,1,-0.4641755721245514,-0.1446127686456805,-0.5859228912834029,-0.24301977322907956,580,386,194,0.06533178884659938,0.17891775608141652,0.12212477246400795,0.056792983617408574,-0.033764862621898706,-0.25883213907162195,-9.20574360808215e-06,-0.44972520294883594
48,60,0.01,1,-0.2,2.5,1,-0.4472139230057862,-0.1379130951618468,-0.5828458219892703,-0.409084424497487,916,634,282,0.02485520436869105,0.08667880191957637,0.05576700314413371,0.030911798775442662,0.09796617320158085,-0.2039785847852238,1.0161012973316011e-05,-0.44979022738135627
12,96,0.0,1,0.0,1.5,1,-0.4083761071718931,-0.12313384803643179,-0.6110829130481258,-0.4338492811008028,988,640,348,0.014562303491643223,0.0713552871090518,0.04295879530034751,0.028396491808704287,0.24102291667277953,-0.21862226721508304,4.315726021406614e-05,-0.45036776861553485
48,96,0.0025,1,-999.0,1.5,1,-0.4700507954423674,-0.1469704889444099,-0.5747533941191021,-0.32098549266400356,665,424,241,0.04795631308952507,0.16544762535164653,0.10670196922058581,0.05874565613106073,-0.009918762192947739,-0.25354704439244125,-1.441134055838735e-05,-0.4503964606371611
30,96,0.0025,1,0.2,1.5,1,-0.4556802625022054,-0.14123764620648205,-0.5559945392935215,-0.6287369127459306,767,489,278,0.008704285950686745,0.04835346682111534,0.028528876385901042,0.019824590435214298,0.21818831012111506,-0.3442576382460458,-8.784221113368187e-05,-0.45067176149053934
30,120,0.01,1,0.2,2.5,1,-0.4659945085599093,-0.14534062563189842,-0.5505753989794226,-0.6058927992405165,775,521,254,0.012046996524904848,0.049247062717193445,0.03064702962104915,0.0186000330961443,0.20170318482775396,-0.34524366511989146,-8.912048935352279e-05,-0.45092296508363555
30,96,0.01,1,-0.2,2.5,1,-0.4487109850198262,-0.13849816809647608,-0.5848038757836245,-0.4017865688438575,976,673,303,0.02641072315075294,0.0914777428429588,0.05894423299685587,0.032533509846102926,0.1336940991905482,-0.20773191531957647,2.1130172405183706e-05,-0.4509894344304812
30,200,0.0,1,0.0,2.5,1,-0.3811430968843753,-0.11319907427578357,-0.6460399244744762,-0.3050399825559893,1311,840,471,0.02008935958960781,0.09640906834353798,0.05824921396657289,0.038159854376965084,0.4861733753083237,-0.1978197049914895,0.00011511620059122862,-0.45147103564082114
48,120,0.0025,1,-999.0,0.75,1,-0.4594931075948401,-0.14274754022695246,-0.5741158456491016,-0.43934861475144366,508,317,191,0.02859506867449942,0.10934966076452093,0.06897236471951018,0.04037729604501076,-0.1549501895449792,-0.1753734508467445,-6.162447132967629e-05,-0.4517728937890754
30,96,0.0,1,-999.0,999.0,1,-0.422018215996109,-0.12823998440598294,-0.6339896400212341,-0.1396865035975602,705,448,257,0.05960615588283965,0.21350322687406917,0.1365546913784544,0.07694853549561476,-0.014552935662218491,-0.165535355138008,2.1564040417077615e-05,-0.45221912959647803
20,120,0.0025,1,0.0,1.5,1,-0.4269664283977683,-0.13011439378528433,-0.5967112998471762,-0.4754178440475049,951,623,328,0.0143306304815489,0.06847592255502234,0.04140327651828562,0.02707264603673672,0.17221245113765415,-0.21343900511457137,1.9476672525556523e-05,-0.4522409359112477
20,60,0.01,1,-999.0,2.5,1,-0.4712771170934401,-0.14746507990913182,-0.5781861594109686,-0.3239781847489264,552,365,187,0.05113354294224723,0.14532516961773953,0.09822935627999338,0.04709581333774615,0.005540885193800138,-0.3070153313315068,-2.995007001156369e-05,-0.45275706885206246
12,96,0.01,1,-999.0,2.5,1,-0.4649254638889162,-0.1449126170333528,-0.5878806435329985,-0.2981998212193729,582,387,195,0.05632963759721992,0.1584643389045176,0.10739698825086877,0.05106735065364885,-0.030278346007085455,-0.2617924378408998,-1.94692619816433e-05,-0.4537629298608207
20,96,0.005,1,-0.2,1.5,1,-0.4594938611483206,-0.14274783942361402,-0.5769134279823078,-0.45823467237529364,954,635,319,0.0219427436703624,0.0878040708257488,0.0548734072480556,0.0329306635776932,0.19480429487494622,-0.2710224889343684,4.302218735808106e-06,-0.45411628703353263
20,96,0.0025,1,0.0,2.5,1,-0.4131568498911349,-0.12491310043708448,-0.619383540809249,-0.3928651318976895,1033,678,355,0.01628330299520106,0.07704782392851232,0.04666556346185669,0.030382260466655635,0.22671850479873523,-0.198051794375104,5.4338175960285954e-05,-0.45424812743659343
48,60,0.0025,1,0.2,1.5,1,-0.4587485685567009,-0.1424520753939691,-0.5602182915569163,-0.6455543032614658,727,463,264,0.007843786198907828,0.04590435214297534,0.026874069170941584,0.019030282972033758,0.1689818615458567,-0.33396537201544185,-0.0001125682728006999,-0.45483893633550054
20,200,0.0,1,0.0,2.5,1,-0.38744189639117166,-0.11546733088741779,-0.6478840804449718,-0.3155143939414577,1290,827,463,0.019923878868111866,0.09498593413867285,0.057454906503392356,0.03753102763528049,0.47530695285549096,-0.20849275486754415,0.00010948839788677228,-0.45518509080697656
48,120,0.01,1,-0.2,0.75,1,-0.4862961432206582,-0.15359334827773385,-0.533719273500664,-0.6947647133147966,636,426,210,0.012874400132384577,0.052854542445805064,0.032864471289094824,0.019990071156710244,-0.05729236451226538,-0.2510100595268774,-0.0001569601690077651,-0.4551912206938057
12,120,0.005,1,0.2,1.5,1,-0.44874289030156134,-0.1385106500857325,-0.572334213226759,-0.6234323094037424,779,505,274,0.01042528545424458,0.048485851398312095,0.029455568426278337,0.019030282972033758,0.284162208621185,-0.3662261397097112,-7.640369973009795e-05,-0.4558493721692991
12,120,0.0025,1,0.0,2.5,1,-0.4100466390538141,-0.12375434186449097,-0.6265306285912798,-0.37832495034064495,1085,716,369,0.01783882177726295,0.08105245738871421,0.04944563958298858,0.031606817805725634,0.2256671115344091,-0.17185034720367243,6.605261682525698e-05,-0.45593590367716313
12,200,0.0025,1,0.0,2.5,1,-0.4123921993650487,-0.1246277917023243,-0.6271440648380557,-0.36208676641089804,1217,787,430,0.019460532847923217,0.09002151249379448,0.05474102267085885,0.03528048982293563,0.33595671775138447,-0.19159415352552234,8.561010856614705e-05,-0.4563041624418971
48,96,0.0,1,0.0,1.5,1,-0.43523612672157685,-0.13327426546479848,-0.5983722933674573,-0.4891462235090145,988,647,341,0.015058745656131061,0.07085884494456396,0.04295879530034751,0.027900049644216447,0.1637881913176631,-0.20459541667714287,2.0994920517335753e-05,-0.4569177233239779
20,200,0.0,1,0.2,1.5,1,-0.4433388092210223,-0.13640414344631413,-0.5855632278668679,-0.5568237276176976,963,601,362,0.01082243918583485,0.059473771305642895,0.03514810524573887,0.024325666059904022,0.43667809717417794,-0.37281370154331483,1.6531851137082866e-06,-0.45702694376063296
20,120,0.0,1,0.0,2.5,1,-0.41310457278021706,-0.12489358576971954,-0.6279931353114034,-0.37998224911993195,1133,736,397,0.017110706602680787,0.084163494952838,0.05063710077775939,0.033526394175078605,0.23534650142401525,-0.16273817962948045,7.16016845025729e-05,-0.4578892658814179
20,96,0.0,1,-999.0,2.5,1,-0.4287257671381747,-0.1307837647566582,-0.6361430877195321,-0.1846266235070006,713,449,264,0.05096806222075128,0.19539963594241272,0.12318384908158199,0.07221578686083072,0.025507184052281806,-0.20426102367867116,1.5501068423010347e-05,-0.4580866397917743
30,60,0.01,1,-0.2,1.5,1,-0.45167904060355835,-0.1396616566564991,-0.589358963873573,-0.48495347157773044,774,534,240,0.020552705609796457,0.07178553698494125,0.04616912129736886,0.0256164156875724,0.14099801344350693,-0.29227594826912395,-3.6678398035404946e-05,-0.4585888121721721
30,120,0.0,1,0.2,1.5,1,-0.4598573269472087,-0.1428921891406154,-0.5692436056111644,-0.6227691809167828,838,531,307,0.009763362568260797,0.05265596558000993,0.031209664074135363,0.021446301505874565,0.2518541277344184,-0.3439005720524265,-6.1010281797960347e-05,-0.4586524509920367
20,60,0.0,1,0.2,1.5,1,-0.44308016440034714,-0.1363037089971041,-0.5858774116057028,-0.5993667170405058,768,482,286,0.00847261294059242,0.04825417838821777,0.028363395664405096,0.019890782723812676,0.26820731764698014,-0.3552175342638916,-7.179134688496534e-05,-0.4592107506519808
48,120,0.0025,1,0.2,2.5,1,-0.4817454541660309,-0.15172248817975797,-0.5569962943347082,-0.5831522158624047,942,610,332,0.011815323514810525,0.06079761707761046,0.036306470296210494,0.024491146781399967,0.23547165608300924,-0.32808522664285733,-3.4850888081986456e-05,-0.4593782461402323
30,96,0.01,1,-999.0,999.0,1,-0.4779607907961829,-0.15017591075830605,-0.5921662632406719,-0.2662322650244621,577,383,194,0.062485520436869106,0.17335760383915275,0.11792156213801092,0.05543604170114182,-0.11912074882664136,-0.2091173748771018,-1.5504809837118514e-05,-0.4595706556298651
30,60,0.0,1,-0.2,1.5,1,-0.4652892657957739,-0.14505819874726156,-0.5827844621142799,-0.4625402816752052,967,622,345,0.019030282972033758,0.08939268575210987,0.05421148436207182,0.03518120139003806,0.1751193560911064,-0.26197543484758323,3.562695280324535e-06,-0.4595774438881618
30,120,0.01,1,-0.2,1.5,1,-0.46748855702166525,-0.1459398685430492,-0.5779583888625694,-0.4938852486245258,897,614,283,0.022637762700645374,0.08121793811021016,0.051927850405427765,0.02929008770478239,0.1363391812824566,-0.2660765746060023,-1.6217481273962727e-05,-0.4596133254055602
30,96,0.0025,1,-0.2,1.5,1,-0.4764367272863681,-0.14955548586322265,-0.5728471400600662,-0.4738630196729949,1007,665,342,0.02128082078437862,0.09177560814165149,0.05652821446301506,0.03524739367863644,0.08768269738811463,-0.20349425885152939,4.401972115124116e-06,-0.4596722068769055
48,96,0.0,1,0.2,1.5,1,-0.4597060778937261,-0.14283211203737267,-0.5713107732609461,-0.6290633678986658,828,527,301,0.009796458712559986,0.05189475426112858,0.03084560648684428,0.021049147774284297,0.2243868771184172,-0.3323416330681549,-6.588304442452437e-05,-0.45994066706277903
30,60,0.005,1,-0.2,0.75,1,-0.49672312372372773,-0.15792736687605458,-0.5313228539261778,-0.7281951861174596,599,390,209,0.010723150752937283,0.05129902366374317,0.031011087208340227,0.020287936455402944,-0.06885229685717764,-0.2707236560771903,-0.0001879678745781336,-0.4599985531450165
20,120,0.0,1,0.2,1.5,1,-0.4629780051543403,-0.14413456653229118,-0.5704624426509803,-0.6298122845526853,847,535,312,0.009498593413867284,0.052920734734403445,0.031209664074135363,0.02171107066026808,0.22545943263016133,-0.3306352408316843,-6.15218350442494e-05,-0.4608564020854156
12,200,0.0025,1,0.2,1.5,1,-0.46830462167254283,-0.14626771358592416,-0.5674111406302769,-0.6185624249122742,910,573,337,0.010193612444150256,0.05626344530862155,0.0332285288763859,0.023034916432235646,0.28830142822748117,-0.349422852782893,-4.203476315305618e-05,-0.4609014051466763
20,200,0.0,1,-0.2,0.75,1,-0.49466635466814324,-0.15706716804885879,-0.5432596543110445,-0.6444894005113421,892,563,329,0.014496111203044846,0.07340724805560152,0.043951679629323184,0.029455568426278337,-0.012710527484302347,-0.2003913428243297,-5.556457830870413e-05,-0.46092146522994815
48,200,0.0025,1,-0.2,2.5,1,-0.4586602691963588,-0.14241705465729515,-0.6028777345120058,-0.34378594968727066,1443,937,506,0.030713221909647526,0.1323845771967566,0.08154889955320205,0.050835677643554525,0.3314419493998675,-0.16330052344571144,7.816582763946595e-05,-0.4610452193976616
30,200,0.0,1,-0.2,1.5,1,-0.45398573558716393,-0.14056915427179228,-0.6018321107385052,-0.3914317899357126,1316,836,480,0.025748800264769153,0.11742511997352309,0.07158696011914611,0.04583815985437697,0.45141907685296156,-0.2734786253217588,6.421292258470788e-05,-0.4610567991378305
30,200,0.005,1,-0.2,2.5,1,-0.4491721876598097,-0.13867865255630174,-0.6105769856968242,-0.3461195064777593,1320,869,451,0.031606817805725634,0.1222240608969055,0.07691543935131558,0.04530862154558994,0.5146615992334731,-0.2962696424985387,7.00135633121011e-05,-0.46127312072860177
12,200,0.0025,1,-0.2,1.5,1,-0.48080552850418457,-0.15133760560412046,-0.575775200394524,-0.4450821570878377,1212,781,431,0.02475591593579348,0.10928346847592256,0.06701969220585802,0.042263776270064536,0.27175477342056253,-0.2515290369468641,3.6914800281725246e-05,-0.4614793136557743
48,60,0.0,1,-0.2,1.5,1,-0.4662544268417138,-0.1454447850023337,-0.586680259864163,-0.4614728934123264,998,648,350,0.019626013569419162,0.09124606983286447,0.05543604170114182,0.035810028131722654,0.12628404143437844,-0.21935515124364646,8.869656842901306e-06,-0.4618585596050315
48,96,0.0025,1,0.0,1.5,1,-0.4517994669848492,-0.13970896380338726,-0.5926130498053686,-0.52867703683385,936,618,318,0.014661591924540791,0.06741684593744829,0.04103921893099454,0.026377627006453748,0.12999540950393973,-0.22524672420646397,-6.376293760532967e-06,-0.46244934054776404
30,96,0.0,1,-0.2,1.5,1,-0.4697295854920671,-0.14684108274241692,-0.5857577492685564,-0.45529395154388075,1065,694,371,0.021413205361575375,0.09647526063213635,0.05894423299685587,0.03753102763528049,0.13660870808087577,-0.20529478233292442,1.9394473174392752e-05,-0.46248465495388913
12,120,0.0,1,0.2,1.5,1,-0.4438125740570147,-0.1365882019777871,-0.5939303376742593,-0.5821341553093441,861,541,320,0.009763362568260797,0.053847426774780736,0.03180539467152077,0.02204203210325997,0.28174273690662943,-0.33253141183839985,-3.3804746557422534e-05,-0.46266007858038394
20,96,0.0,1,0.2,1.5,1,-0.46268902843989557,-0.14401929458847484,-0.5750457539828613,-0.6370174316138801,814,511,303,0.00886976667218269,0.05096806222075128,0.029918914446466986,0.021049147774284297,0.2105931232813163,-0.33314783663327874,-7.540017654764267e-05,-0.4633930431605995
20,200,0.0025,1,0.0,2.5,1,-0.4091145958027802,-0.12340798629162131,-0.6446968467434806,-0.3559802439056262,1225,796,429,0.020254840311103757,0.09028628164818799,0.055270560979645875,0.03501572066854212,0.3971650343322135,-0.2195816945046618,8.899326048985932e-05,-0.4635554218586429
12,60,0.005,1,0.2,1.5,1,-0.45639848361168933,-0.14152145570033814,-0.5792393755560019,-0.6531060220500465,713,462,251,0.009399304980969718,0.04448121793811021,0.026940261459539965,0.017540956478570246,0.2947296325013833,-0.40025550001860144,-0.0001201750897269038,-0.4637964445808414
30,60,0.01,1,-0.2,0.75,1,-0.4995120096389758,-0.1590979771045251,-0.5339200070104901,-0.7722496852802285,532,358,174,0.01085553533013404,0.045209333112692374,0.028032434221413206,0.017176898891279165,-0.1436268468724753,-0.237426271716764,-0.00024691015489556754,-0.4646704648737816
20,120,0.0025,1,0.0,2.5,1,-0.4302340255125827,-0.1313588392474515,-0.6258997527343413,-0.415534103962821,1071,704,367,0.017110706602680787,0.0798609961939434,0.048485851398312095,0.03137514479563131,0.1929767782906473,-0.18400522877426861,4.92529266648402e-05,-0.4650854208127632
30,200,0.0,1,0.2,1.5,1,-0.45660699788696024,-0.1416039040491287,-0.5900292524742495,-0.5836670451937883,984,616,368,0.011120304484527553,0.060367367201721,0.03574383584312427,0.024623531358596722,0.42174098328612897,-0.37479868944881434,-5.666685879390251e-06,-0.4658018825459429
12,60,0.0,1,0.2,1.5,1,-0.44340575440601615,-0.13643014465053127,-0.6001079678335459,-0.5921165984363673,798,497,301,0.008571901373489989,0.050074466324673175,0.029323183849081582,0.020751282475591593,0.2948702060174091,-0.359322743135146,-5.8423060196137056e-05,-0.4660899584891226
48,60,0.0025,1,-0.2,1.5,1,-0.4842328275491746,-0.15274355351490154,-0.5773604370453105,-0.5009437771490585,943,621,322,0.019460532847923217,0.08671189806387555,0.05308621545589939,0.03362568260797617,0.06986418627033508,-0.22741529744587863,-1.5137742750044326e-05,-0.4664709608950097
12,200,0.0,1,-0.2,1.5,1,-0.4843073063135066,-0.15277418387404007,-0.5835499099219366,-0.44265840191748596,1282,816,466,0.024954492801588617,0.11543935131557173,0.07019692205858018,0.04524242925699156,0.3312189683043667,-0.26448105578973813,4.416546195860341e-05,-0.46668205893088266
20,120,0.005,1,-0.2,1.5,1,-0.4701098292036916,-0.14699427833591672,-0.5927637514909257,-0.46860404648403875,1008,674,334,0.023068012576534833,0.09157703127585637,0.0573225219261956,0.03425450934966076,0.1956826865348753,-0.26631594430890704,8.01376469643229e-06,-0.46680635640558155
12,96,0.005,1,0.0,2.5,1,-0.4086652705537964,-0.12324115932468893,-0.6477717797390445,-0.3940693780767364,1010,673,337,0.01816978322025484,0.07516134370345855,0.04666556346185669,0.028495780241601855,0.3403511255584677,-0.26888050545635356,5.2367940736871644e-05,-0.46683051809804804
48,120,0.005,1,-0.2,0.75,1,-0.4998699416648772,-0.15924856972127843,-0.5460399919776612,-0.69194976656962,716,467,249,0.013072976998179713,0.05967234817143803,0.03637266258480887,0.02329968558662916,0.021856515701700108,-0.29982057419109964,-0.0001275566821283782,-0.46686605403859005
48,96,0.0,1,0.0,2.5,1,-0.4378308608209083,-0.1342728661010104,-0.6227713032493016,-0.42775518446960425,1117,730,387,0.0173754757570743,0.08277345689227206,0.050074466324673175,0.032698990567598875,0.1804586013557148,-0.16741157920840277,5.153658486886136e-05,-0.46704627694914147
20,96,0.01,1,-0.2,1.5,1,-0.4799478784369178,-0.15098686888964996,-0.579836565388451,-0.526498333525029,848,583,265,0.02243918583485024,0.078040708257488,0.050239947046169124,0.027800761211318883,0.10441528358744101,-0.28038306487502485,-3.858068557902071e-05,-0.4672300682601269
20,120,0.0,1,-999.0,0.75,1,-0.43261098866996395,-0.13226745762381764,-0.6364451023164128,-0.3453793898601336,530,332,198,0.026807876882343207,0.11060731424789012,0.06870759556511666,0.04189971868277346,-0.14655131380520814,-0.13339672559489169,-3.671281954816195e-05,-0.4677589782750307
48,96,0.01,1,-0.2,2.5,1,-0.47909631513890927,-0.15063905011545298,-0.5892045384755151,-0.45078170825568625,1008,695,313,0.02710574218103591,0.09376137679960285,0.06043355949031938,0.03332781730928347,0.06719212281893783,-0.19192070928107796,6.868842680742431e-06,-0.46778040476599486
30,60,0.0,1,-999.0,999.0,1,-0.4440298201044658,-0.1366726417829779,-0.6441396068967378,-0.1817677263873886,669,422,247,0.05169617739533344,0.19678967400297864,0.12424292569915604,0.0725467483038226,0.037598742867376966,-0.2512619645216584,1.0816432549312792e-05,-0.4678308315507162
12,96,0.005,1,0.2,1.5,1,-0.4633712944255791,-0.1442915231734182,-0.5805664665279267,-0.66614370328478,751,485,266,0.009961939434055933,0.04676485189475426,0.028363395664405096,0.018401456230349163,0.25999346846957505,-0.3799539180755084,-0.00010953096029344154,-0.46788194160162055
30,60,0.0025,1,0.2,2.5,1,-0.49700134002935004,-0.15804392702618564,-0.5547969220339737,-0.6586674343874898,825,530,295,0.009763362568260797,0.05331788846599371,0.03154062551712725,0.021777262948866456,0.14163557787301873,-0.3343734924263472,-0.0001015071349687009,-0.468375759762547
30,60,0.0025,1,-0.2,1.5,1,-0.4872249661447441,-0.15397672756209613,-0.5783479603288872,-0.5106313084856974,910,595,315,0.01893099453913619,0.0844613602515307,0.05169617739533344,0.032765182856197256,0.09448710744518096,-0.2614674713562245,-2.4870884327468168e-05,-0.4686822731508246
30,120,0.0025,1,-999.0,999.0,1,-0.49218874371965016,-0.15603443941938744,-0.6004080777095762,-0.25187362126366264,691,441,250,0.06364388548734072,0.21138507363892106,0.1375144795631309,0.07387059407579016,-0.04737147701570432,-0.24687856097414007,-3.5035973908225065e-06,-0.46883215933735867
48,200,0.0025,1,-0.2,0.75,1,-0.5041371814858415,-0.16105017766575513,-0.5490185974729125,-0.6667193432318941,874,558,316,0.014893264934635116,0.07208340228363395,0.04348833360913454,0.02859506867449942,-0.04669251030444377,-0.1946907442811181,-6.949297809181216e-05,-0.4688954435638061
48,120,0.0,1,-0.2,0.75,1,-0.5025481097830479,-0.16037792604921064,-0.5496276600411942,-0.6823219490433419,794,509,285,0.013238457719675658,0.06599371173258316,0.0396160847261294,0.026377627006453748,-0.038929661335982635,-0.23006521887073805,-9.665886029931975e-05,-0.46930785352197485
30,60,0.0,1,-0.2,2.5,1,-0.4771377757501155,-0.14984070448053655,-0.5963506052193135,-0.42662875720735527,1095,707,388,0.022339897401952673,0.104285950686745,0.06331292404434884,0.04097302664239616,0.17813714033959172,-0.2325906052520399,2.413069060529368e-05,-0.4693474449505611
12,96,0.01,1,0.2,2.5,1,-0.47851352828828764,-0.15040125797669868,-0.574084765834794,-0.640982998990893,756,510,246,0.012245573390699984,0.04812179381102102,0.0301836836008605,0.017938110210160518,0.20168116271408065,-0.3666290184791695,-0.00011527572841409136,-0.4694927908436403
48,96,0.01,1,-0.2,1.5,1,-0.4820081852636441,-0.15183016538826732,-0.5840329404714395,-0.5239466943424651,896,617,279,0.02283633956644051,0.08101936124441503,0.051927850405427765,0.02909151083898726,0.09398101615789312,-0.25881657879566966,-2.8053416485045403e-05,-0.47004397034111034
48,60,0.0,1,-999.0,1.5,1,-0.43960024888906546,-0.1349558100361825,-0.6454433717981116,-0.2543699851638409,660,415,245,0.04017871917921562,0.15773622372993545,0.09895747145457554,0.05877875227535992,0.01596721551427116,-0.23268928978240078,-7.480720752040257e-07,-0.47039599519343034
48,120,0.0025,1,-0.2,2.5,1,-0.48569689937778393,-0.15334628115952664,-0.5936852483508323,-0.41077175340549943,1224,809,415,0.027800761211318883,0.11471123614098958,0.07125599867615423,0.043455237464835345,0.21951346482582967,-0.22216544080060674,4.012824766172842e-05,-0.47072749300521777
20,200,0.0025,1,-0.2,1.5,1,-0.48336022738785667,-0.1523849321313142,-0.5918474991775634,-0.44951329563948733,1218,785,433,0.025351646533178885,0.10954823763031607,0.06744994208174748,0.042098295548568594,0.30092434481172425,-0.26972357899675703,3.625553926776758e-05,-0.4707843465020703
48,200,0.0,1,0.2,2.5,1,-0.4656812030193994,-0.14521512241452528,-0.5990037061123399,-0.5219662678279215,1155,721,434,0.012708919410888631,0.07261294059242099,0.04266093000165481,0.029952010590766177,0.41409703764738803,-0.326730368478665,3.7253940994628013e-05,-0.4708152888620913
30,60,0.0025,1,-999.0,2.5,1,-0.4976877562708425,-0.15833171149696113,-0.5917976551958861,-0.33685947516201,651,410,241,0.04666556346185669,0.16991560483203708,0.10829058414694688,0.06162502068509019,-0.07080774870594331,-0.25137144059619454,-2.2390415468458584e-05,-0.4710735128530047
30,120,0.01,1,-0.2,2.5,1,-0.48173335932948835,-0.15171753224054652,-0.5938094666688748,-0.45338938238456683,1007,691,316,0.026874069170941584,0.09412543438689393,0.060499751778917754,0.03362568260797617,0.10028591864105563,-0.22058338913107656,5.2075807543969495e-06,-0.47129173469421226
48,96,0.005,1,-0.2,1.5,1,-0.47438628300012664,-0.14872291122128123,-0.597874163146922,-0.4801871275856796,1000,673,327,0.023101108720834023,0.09061724309117988,0.05685917590600695,0.03375806718517293,0.17437305762647193,-0.2619901517052583,3.1461879274845185e-06,-0.4716693491740262
20,200,0.0025,1,0.2,1.5,1,-0.4710745879313949,-0.14738333810436466,-0.5865359758127641,-0.6247559648080115,913,577,336,0.010557670031441337,0.056362733741519115,0.033460201886480224,0.022902531855038887,0.3215050587694248,-0.36812581251967536,-4.415592251128089e-05,-0.47188912425114726
30,96,0.0,1,-999.0,0.75,1,-0.4379193961564588,-0.13430700041959176,-0.6398464680497595,-0.3588348635908384,520,326,194,0.025384742677478075,0.10633791163329472,0.0658613271553864,0.04047658447790833,-0.17998582685097986,-0.11095847959696337,-4.350949127998884e-05,-0.4721719776240134
12,120,0.005,1,-0.2,1.5,1,-0.4822503476564899,-0.1519294490244424,-0.5917984696089711,-0.48741171119925847,1017,680,337,0.023763031606817805,0.0926692040377296,0.058216117822273705,0.0344530862154559,0.19939809253208485,-0.2821223470112053,1.7721703068976557e-06,-0.47219926938889084
20,60,0.005,1,0.2,2.5,1,-0.4813323322644226,-0.15155325782550355,-0.5784729662200642,-0.6384607949735772,798,523,275,0.010921727618732417,0.0512328313751448,0.031077279496938608,0.02015555187820619,0.25540574162455787,-0.38421103904649434,-9.690684733117977e-05,-0.4727127806842145
12,120,0.01,1,0.2,2.5,1,-0.4782741078905619,-0.1503036259799626,-0.5817338550525288,-0.6325840425551478,780,528,252,0.012576534833691875,0.049578024160185336,0.031077279496938608,0.01850074466324673,0.20479013140942648,-0.3603414715904045,-0.00010230576545717256,-0.4727997556339844
20,60,0.005,1,-0.2,1.5,1,-0.4706069294866394,-0.14719467837096434,-0.6030144508198186,-0.4881982163566202,889,587,302,0.020354128744001325,0.08158199569750124,0.05096806222075128,0.03061393347674996,0.27048438088905713,-0.3500183495517002,-1.8451240427238533e-05,-0.47311181459870466
20,200,0.0,1,-0.2,1.5,1,-0.4738102944241701,-0.1484894715049334,-0.6069005143077895,-0.4256622526471561,1288,819,469,0.025417838821777262,0.11543935131557173,0.0704285950686745,0.04501075624689724,0.4042472640022361,-0.2864008041791297,5.062339383622761e-05,-0.47322284129118597
30,120,0.0025,1,0.2,1.5,1,-0.48474020086595604,-0.1529522830667278,-0.5720016316716441,-0.6884255079539822,796,509,287,0.009399304980969718,0.04997517789177561,0.029687241436372663,0.020287936455402944,0.18266938670447752,-0.35128291621736385,-0.00011065572516883033,-0.473374374300249
30,60,0.005,1,0.0,999.0,1,-0.4793746206442122,-0.1507526763412309,-0.596342874066029,-0.4909450496018124,966,645,321,0.018037398643058082,0.07463180539467153,0.0463346020188648,0.02829720337580672,0.2992292092794644,-0.35038468854712124,-8.044263015528701e-06,-0.473471365854336
12,120,0.0,1,-999.0,0.75,1,-0.4423428699988762,-0.13601760176155842,-0.638801353423004,-0.361399978903992,536,337,199,0.026543107727949693,0.1125268906172431,0.0695349991725964,0.0429918914446467,-0.2299317068702199,-0.05320044352719877,-4.037222919161476e-05,-0.47348827741826005
48,96,0.0025,1,0.0,2.5,1,-0.45579034690586084,-0.14128112851236907,-0.6183942889633267,-0.46618220617747436,1058,701,357,0.01747476418997187,0.07876882343207016,0.04812179381102102,0.03064702962104915,0.1490242904645196,-0.1960366213013427,2.713512415387647e-05,-0.47378738330290615
12,96,0.0025,1,0.0,1.5,1,-0.44720254697866124,-0.13790865380003714,-0.6201465623901782,-0.5169691636349723,934,611,323,0.01429753433724971,0.06731755750455072,0.04080754592090022,0.026510011583650506,0.16014947269735624,-0.23981669014926366,-2.3919177760151695e-06,-0.47383039317687486
12,96,0.0,1,0.2,1.5,1,-0.4608729909743703,-0.14329594449233118,-0.5989876260001197,-0.6281176486040021,831,519,312,0.009266920403772961,0.05202713883832533,0.03064702962104915,0.021380109217276188,0.2617873514766762,-0.35256018312604265,-6.562422279020884e-05,-0.4741956399225911
30,200,0.0025,1,0.2,1.5,1,-0.47413633623213414,-0.1486215879233731,-0.5884522382094814,-0.6299727542981356,935,593,342,0.010954823763031607,0.05735561807049479,0.0341552209167632,0.02320039715373159,0.33021129282593775,-0.36899038360474024,-4.017165315219792e-05,-0.4743463447430206
30,200,0.0025,1,-0.2,0.75,1,-0.5091448658624952,-0.16317928177230223,-0.5552064171446676,-0.6860778470991783,853,546,307,0.014727784213139168,0.07079265265596558,0.042760218434552376,0.028032434221413206,-0.01160783833847201,-0.23915364584037924,-8.128974759631432e-05,-0.4750863826995949
48,60,0.01,1,-0.2,0.75,1,-0.5017506956839988,-0.16004118905956977,-0.5533693887231488,-0.7723837656973075,555,375,180,0.010789343041535662,0.04666556346185669,0.028727453251696178,0.017938110210160518,-0.1359315671824507,-0.23889351969149386,-0.00023352023778042374,-0.47534507170600954
20,200,0.005,1,-0.2,2.5,1,-0.4648762231363347,-0.14489291818443373,-0.6238198627237961,-0.3715104515994942,1294,852,442,0.031507529372828066,0.12040377296045011,0.07595565116663909,0.044448121793811024,0.5043203873101192,-0.32052621271049697,5.9479988952761606e-05,-0.47537837212630646
20,96,0.01,1,-0.2,2.5,1,-0.49150281399935325,-0.15574919497935547,-0.5919428079642628,-0.4803255466135179,956,658,298,0.02660930001654807,0.0905510508025815,0.05858017540956478,0.03197087539301671,0.06861789509275318,-0.2324427306667195,-1.229157039912799e-05,-0.47573687629216277
20,96,0.0,1,-0.2,1.5,1,-0.4952538337861716,-0.15731260020184967,-0.586483938021628,-0.5042424762977049,1051,679,372,0.02091676319708754,0.09637597219923878,0.058646367698163164,0.037729604501075625,0.09218675085720696,-0.21827329248143756,-1.6322989368296547e-07,-0.4757666930275489
12,200,0.005,1,-0.2,2.5,1,-0.47326354744687604,-0.14826806013344784,-0.6164737542014155,-0.3862211668389651,1285,846,439,0.030713221909647526,0.11967565778586794,0.07519443984775774,0.04448121793811021,0.45022800981155187,-0.3093451401398182,5.406781699919494e-05,-0.4758159955761038
30,120,0.0,1,0.0,2.5,1,-0.44387787065508977,-0.13661357904398086,-0.6351250065057297,-0.4341761106520178,1123,731,392,0.0170776104583816,0.08366705278835015,0.05037233162336588,0.03329472116498428,0.2070107547862292,-0.19206509139954364,4.85912199253506e-05,-0.4758848878294466
12,96,0.0,1,0.0,2.5,1,-0.43024941704761843,-0.13136471366969726,-0.6481303040195103,-0.4116767197094721,1116,724,392,0.016978322025484032,0.08310441833526394,0.05004137018037399,0.03306304815488995,0.2376168696071983,-0.19555661848081196,5.6925235291938996e-05,-0.476013701664926
30,60,0.0025,1,-0.2,2.5,1,-0.4968561064854684,-0.1579830746590809,-0.5906497991027138,-0.4678578037351939,1031,679,352,0.022737051133542942,0.09865960615588285,0.06069832864471289,0.03796127751116995,0.10377395224293684,-0.236609310391672,9.088619893858419e-07,-0.4767008643971975
30,96,0.005,1,-999.0,999.0,1,-0.49837390524662184,-0.1586196787048486,-0.6087405528535637,-0.27672079161741525,646,418,228,0.06275028959126262,0.1942081747476419,0.12847923216945226,0.06572894257818965,-0.09470869473254928,-0.2345726611565132,-1.2197538348227747e-05,-0.4768259947125012
48,200,0.0025,1,0.2,2.5,1,-0.48206965427611104,-0.15185536364013497,-0.5940622793988939,-0.5615409401722464,1096,699,397,0.01313916928677809,0.06900546086380936,0.04107231507529373,0.027933145788515638,0.32575714647550713,-0.32413450547349554,9.101874827112518e-06,-0.4769635503481942
30,120,0.0025,1,-0.2,1.5,1,-0.5018153950944414,-0.16006849566308423,-0.5826340922096613,-0.516109030933503,1046,689,357,0.022008935958960783,0.09488664570577528,0.05844779083236803,0.03643885487340725,0.06736498061781626,-0.21246444550011268,-5.5129802909910225e-06,-0.47719099331459003
20,96,0.005,1,-0.2,0.75,1,-0.5079775178356164,-0.16268151305462075,-0.5553155274766708,-0.7419284596601782,657,428,229,0.011716035081912957,0.055866291577031275,0.033791163329472115,0.02207512824755916,-0.08569937608586342,-0.2525238378125123,-0.00016717842260325296,-0.47743569977596506
20,120,0.01,1,-0.2,2.5,1,-0.49516454459851567,-0.15727528390999346,-0.594450406245973,-0.4767328298144057,1002,691,311,0.027238126758232666,0.09395995366539799,0.06059904021181532,0.033360913453582657,0.0756098084707375,-0.2253044816416908,-4.7591824268576654e-06,-0.47833712852370025
30,120,0.0,1,-0.2,1.5,1,-0.4945160708003473,-0.15700441806109233,-0.5935622160666454,-0.495017457668462,1108,722,386,0.02243918583485024,0.09988416349495284,0.061161674664901536,0.0387224888300513,0.11964241363306516,-0.21424469162396853,1.0795334355389788e-05,-0.4785363989778381
20,120,0.01,1,-0.2,1.5,1,-0.49173897539813427,-0.15584737031423335,-0.5914541575480189,-0.5401893287218096,893,615,278,0.023001820287936455,0.0811186496773126,0.05206023498262453,0.02905841469468807,0.09961265981331113,-0.2775495650830181,-3.595103454362203e-05,-0.47858391552433327
20,96,0.0025,1,0.2,1.5,1,-0.4878756176514616,-0.15424559949578576,-0.578453200628916,-0.7035620060005107,773,491,282,0.008604997517789177,0.04832037067681615,0.028462684097302664,0.019857686579513485,0.1432410101086925,-0.34062199964378725,-0.00012759795234213835,-0.4786503001102693
48,200,0.0,1,-0.2,2.5,1,-0.4702914912129684,-0.14706749685526632,-0.6276325837438725,-0.35661323645050325,1520,971,549,0.029952010590766177,0.1389707099122952,0.0844613602515307,0.05450934966076452,0.4019581721918535,-0.19193137939688354,7.921543033468955e-05,-0.4787144505497278
48,96,0.0025,1,0.2,1.5,1,-0.49238288672989416,-0.15611522639280595,-0.5740555637610887,-0.712940921613026,786,505,281,0.009399304980969718,0.049247062717193445,0.029323183849081582,0.019923878868111866,0.15672013613222546,-0.34982783262972406,-0.00012656399891878268,-0.47879005435400157
20,60,0.0025,1,0.2,1.5,1,-0.4795420907696021,-0.15082107278164303,-0.5878946412103349,-0.6911909824328127,725,462,263,0.00807545920900215,0.045540294555684264,0.026807876882343207,0.018732417673341054,0.16295397580041815,-0.3568767568096103,-0.0001422196209477217,-0.4793279425084511
48,120,0.0,1,-0.2,2.5,1,-0.4948635671583942,-0.15714953398595521,-0.6027815505630005,-0.42098192230919684,1291,841,450,0.02750289591262618,0.12030448452755255,0.07390369022008936,0.04640079430746318,0.22770464132167856,-0.21526686470750955,4.329014371999649e-05,-0.47958940538291533
12,200,0.0,1,-0.2,0.75,1,-0.5115294559656263,-0.16419885893827668,-0.5633326993251249,-0.6787070275400641,895,563,332,0.0143306304815489,0.07383749793149098,0.04408406420651994,0.02975343372497104,-0.0484739264977081,-0.19681965862091577,-6.932246398468212e-05,-0.4798005599778423
20,120,0.0025,1,0.2,1.5,1,-0.49220969110288215,-0.1560431549498974,-0.5772852943486989,-0.7064802145510471,802,511,291,0.009068343537977825,0.05010756246897236,0.029587953003475095,0.02051960946549727,0.14580922752117753,-0.33813756533229855,-0.00011806299065133986,-0.4800098128517992
20,60,0.0025,1,-999.0,2.5,1,-0.5053232212287895,-0.16155298123129325,-0.6024895093259566,-0.34504247082142275,651,408,243,0.04709581333774615,0.17219923878868112,0.10964752606321364,0.06255171272546749,-0.023169459411714444,-0.2987053898777299,-2.457201505470849e-05,-0.4800498594353427
30,60,0.0,1,-0.2,0.75,1,-0.5168530663327509,-0.16648860649622343,-0.5512215294294973,-0.7615459694664728,668,423,245,0.010590766175740526,0.056792983617408574,0.03369187489657455,0.023101108720834023,-0.1196021727833243,-0.23353752332198596,-0.0001715616647577653,-0.48017666968429573
12,60,0.0,1,-999.0,999.0,1,-0.4504901162659031,-0.13919502852707644,-0.6636942063495234,-0.1827118261102047,675,426,249,0.05421148436207182,0.2046003640575873,0.12940592420982955,0.07519443984775774,0.050518956666058434,-0.26686718655243635,1.0168710643087665e-05,-0.48017772300734834
30,120,0.0025,1,0.0,2.5,1,-0.456722828896187,-0.1416497148799729,-0.6308913332118491,-0.4639192165674551,1064,701,363,0.017176898891279165,0.0795962270395499,0.04838656296541453,0.031209664074135363,0.173057125976682,-0.21149447855878611,2.80228989282377e-05,-0.48029134231427023
48,96,0.01,1,-999.0,0.75,1,-0.4887933969555106,-0.15462529367739897,-0.5972025613449524,-0.5432701945240206,436,288,148,0.028694357107396987,0.08859837828892934,0.058646367698163164,0.029952010590766177,-0.2540420187198693,-0.14772065429821224,-0.00011714741979129172,-0.4803900840760762
30,96,0.005,1,-0.2,2.5,1,-0.4734537713837832,-0.1483450739158958,-0.6223146479630703,-0.4197054480449407,1090,731,359,0.026145953996359425,0.10233327817309283,0.06423961608472613,0.0380936620883667,0.193755930485485,-0.23919974527263166,2.6156793821380857e-05,-0.480487670299678
20,96,0.01,1,-0.2,0.75,1,-0.509176390053169,-0.1631927362988328,-0.5563990549149702,-0.7850010078065682,581,390,191,0.011815323514810525,0.04921396657289426,0.03051464504385239,0.018699321529041867,-0.1530086514811052,-0.22510908503008342,-0.00022201694985122785,-0.4806423141466463
20,96,0.0,1,-0.2,0.75,1,-0.5121347279301272,-0.16445824813296006,-0.5602023458252696,-0.7351126177146419,726,461,265,0.011484362071818632,0.06145953996359424,0.036471951017706436,0.024987588945887804,-0.135531044108271,-0.18859285980784424,-0.0001360824859242589,-0.48131505193132695
12,96,0.0,1,-999.0,1.5,1,-0.44981225195249486,-0.1389293195360577,-0.6599963209903779,-0.25519937957810085,691,436,255,0.04295879530034751,0.17057752771802084,0.10676816150918418,0.06380936620883668,0.03644702825659496,-0.25001932566972973,7.622978268913121e-07,-0.48168744901015165
12,200,0.01,1,0.0,999.0,1,-0.50167685491844,-0.16001002756429816,-0.5926036443589258,-0.5116398260743893,1060,716,344,0.022770147277842132,0.08022505378123448,0.05149760052953831,0.028727453251696178,0.2697170456582174,-0.3331352714833653,-2.685931643587887e-06,-0.4818938410474805
12,60,0.01,1,-0.2,2.5,1,-0.48078728709449936,-0.15133014124527522,-0.614513470803824,-0.46858199854149835,917,638,279,0.026377627006453748,0.08661260963097799,0.05649511831871587,0.030117491312262122,0.1868680149626789,-0.3079830866715204,-1.3613220173805879e-05,-0.48201597657426215
30,200,0.01,1,0.0,999.0,1,-0.49143971777770734,-0.15572297085367848,-0.6056869745919449,-0.49054870332742434,1081,729,352,0.023101108720834023,0.08135032268740691,0.05222571570412047,0.029124606983286446,0.325871725205362,-0.34137865524492605,1.0171059345469195e-05,-0.48309389331602215
48,60,0.005,1,-999.0,1.5,1,-0.4980278679933525,-0.1584744147866155,-0.6092166787769429,-0.40272275123033807,603,391,212,0.04332285288763859,0.14247890120800927,0.09290087704782393,0.049578024160185336,-0.08885079996313905,-0.255160600965029,-4.1832445279197387e-05,-0.4832188917366038
20,60,0.005,1,-0.2,2.5,1,-0.4789290166061324,-0.15057076757825183,-0.6215343699248483,-0.4432518346746685,1005,667,338,0.02429256991560483,0.09511831871586961,0.05970544431573722,0.03541287440013238,0.3049655856985578,-0.339937006893427,7.439820722958688e-06,-0.4835005442744094
12,60,0.005,1,-0.2,1.5,1,-0.4940589050552707,-0.15681361761429136,-0.601008087204219,-0.5271979489954736,925,616,309,0.021545589938772133,0.08436207181863313,0.05295383087870263,0.0314082409399305,0.2377873182715431,-0.3508196624245733,-2.7694640571533194e-05,-0.48367755866617457
20,60,0.0,1,-999.0,999.0,1,-0.4695282425990738,-0.14675999747111235,-0.6537706610346684,-0.2107366993483348,669,421,248,0.052490484858513986,0.19877544266093,0.125632963759722,0.07314247890120801,0.06793286063318682,-0.3058934369120224,3.3267693558154975e-06,-0.4841821629558633
20,60,0.0,1,0.2,2.5,1,-0.4888985094647652,-0.15466881234652363,-0.5962969983217059,-0.6280860323234388,885,558,327,0.009928843289756743,0.05699156048320371,0.033460201886480224,0.023531358596723482,0.22179895455528653,-0.3487754468716008,-6.645585852911863e-05,-0.4842216131235485
20,60,0.005,1,-0.2,0.75,1,-0.519951068641795,-0.167829812372284,-0.5559266462249515,-0.7814605714646014,614,397,217,0.01082243918583485,0.051663081251034255,0.031242760218434553,0.020420321032599702,-0.07913908160461003,-0.2913150423826055,-0.00021151064483528617,-0.4848661640579898
48,60,0.005,1,-0.2,2.5,1,-0.4860937341831374,-0.1535098712565668,-0.6195156669197226,-0.4528334278279636,1024,688,336,0.02429256991560483,0.09690551050802582,0.06059904021181532,0.036306470296210494,0.12152197173855073,-0.23530102235570793,6.31838415327878e-06,-0.48590937610782625
20,60,0.01,1,-0.2,2.5,1,-0.47089570042461926,-0.14731115770546188,-0.6319815776749375,-0.45462939460194585,893,616,277,0.025252358100281317,0.0844282641072315,0.05484031110375641,0.029587953003475095,0.19223476611250567,-0.30634984247849106,-1.1926550668459337e-05,-0.4860334162730279
48,60,0.0,1,-999.0,2.5,1,-0.4644694614493853,-0.1447302444162536,-0.6589809571741876,-0.23806524228268622,698,441,257,0.04934635115009101,0.18570246566275028,0.11752440840642066,0.06817805725632964,-0.007201313082799254,-0.2352319668838443,2.093176689693904e-06,-0.48612398511748167
48,96,0.005,1,-999.0,0.75,1,-0.4969821602535328,-0.15803589000972118,-0.6036547723738244,-0.53250462280299,484,310,174,0.029587953003475095,0.09955320205196094,0.06457057752771803,0.034982624524242924,-0.20087276313159352,-0.19815024124851122,-9.855065220172879e-05,-0.48648850733678284
12,96,0.005,1,-999.0,1.5,1,-0.4978589024621698,-0.1584035115629574,-0.617871393922031,-0.3880438239822671,626,408,218,0.04699652490484858,0.15323514810524574,0.10011583650504716,0.053119311600198574,-0.04929419228952803,-0.2776498151747663,-3.4579279429564884e-05,-0.4867413997230863
30,120,0.005,1,-999.0,0.75,1,-0.49672659490240667,-0.15792882084657667,-0.6052749409589813,-0.5364986577773048,486,308,178,0.028462684097302664,0.10008274036074798,0.06427271222902532,0.035810028131722654,-0.23520697828554227,-0.1608878377214329,-9.806534571777571e-05,-0.48739122421493253
48,60,0.005,1,-0.2,0.75,1,-0.5157922535473652,-0.1660308348565992,-0.5659562393568973,-0.7703642337376375,624,410,214,0.010789343041535662,0.05255667714711236,0.03167301009432401,0.02088366705278835,-0.09523359905991624,-0.2688120370531566,-0.0001992673850289776,-0.4875271662219297
48,120,0.0025,1,-0.2,0.75,1,-0.5218841784698282,-0.1686699968969324,-0.566021960567689,-0.7358434549247552,745,482,263,0.01274201555518782,0.0625186165811683,0.03763031606817806,0.024888300512990236,-0.059047541133048,-0.26246848002493894,-0.0001368731392650477,-0.4884731499270147
20,96,0.0025,1,-0.2,1.5,1,-0.5182523979497202,-0.1670936128127103,-0.5874757360748695,-0.5565049174931355,994,652,342,0.02088366705278835,0.0914446466986596,0.05616415687572398,0.03528048982293563,0.027122502913615065,-0.22892671956349953,-2.8365545704682224e-05,-0.4886567267248018
12,200,0.0025,1,-0.2,0.75,1,-0.5229293756220336,-0.16912533045667744,-0.5676973967788579,-0.7165402142945972,838,533,305,0.013801092172761873,0.0697997683269899,0.04180043024987589,0.027999338077114015,-0.04843937770167561,-0.2376382303981559,-9.928200628015333e-05,-0.48880103956083626
20,96,0.01,1,-999.0,2.5,1,-0.5097232280895305,-0.16342622995605227,-0.6156360686012583,-0.36712605731634834,580,384,196,0.05533675326824425,0.1570743008439517,0.10620552705609797,0.05086877378785371,-0.13321062409234363,-0.24402987172959423,-3.841629676651688e-05,-0.48960056712249883
48,96,0.0025,1,-999.0,999.0,1,-0.5153816244548182,-0.16585383826422406,-0.6196349830869199,-0.2835598209264518,692,443,249,0.06533178884659938,0.2100281317226543,0.13767996028462684,0.07234817143802746,-0.037453090476171846,-0.2883254370997469,-1.0767773739679375e-05,-0.4898493208540066
12,120,0.01,1,-0.2,1.5,1,-0.5073094885091967,-0.16239705692662043,-0.5986817461276037,-0.5673647843270481,898,620,278,0.023862320039715373,0.08184676485189475,0.052854542445805064,0.02899222240608969,0.0896554575780486,-0.29151283282473595,-4.662481030283531e-05,-0.4901061692067747
12,96,0.0025,1,-999.0,2.5,1,-0.5100124575940016,-0.1635498066313581,-0.6198735239628947,-0.33426512261207253,686,435,251,0.053251696177395336,0.18762204203210325,0.1204368691047493,0.06718517292735396,-0.10668166798825551,-0.22700078541602353,-1.8903456914915132e-05,-0.4901998247434091
48,60,0.01,1,-999.0,2.5,1,-0.5104055772535536,-0.16371785929045568,-0.6157667907627993,-0.3766425755212439,573,381,192,0.053119311600198574,0.14982624524242927,0.10147277842131391,0.04835346682111534,-0.12487999229119395,-0.25488152027007305,-4.2543491247942304e-05,-0.49043338344791754
30,96,0.005,1,0.2,2.5,1,-0.4992408427358178,-0.15898394289111495,-0.5980526341871687,-0.664662635209167,851,556,295,0.011451265927519444,0.05447625351646533,0.032963759721992385,0.021512493794472943,0.21960780832554194,-0.37158402141405167,-9.424331706418464e-05,-0.49124339174515763
12,120,0.0025,1,0.2,1.5,1,-0.4926644084309859,-0.15623241462602744,-0.6000562812749739,-0.7025966509143072,813,518,295,0.009366208836670527,0.05080258149925534,0.03008439516796293,0.020718186331292403,0.1470211126115084,-0.33578485202381636,-0.0001127683902430303,-0.4913903878092297
20,200,0.01,1,0.0,999.0,1,-0.5033302634825072,-0.16070861212622845,-0.6119288251219032,-0.5139085111174797,1066,722,344,0.02320039715373159,0.08052291907992719,0.05186165811682939,0.0286612609630978,0.31962082722123175,-0.3585609663474213,-2.665213139807371e-06,-0.49236845024305403
20,200,0.0025,1,-0.2,0.75,1,-0.5268640001852841,-0.17084616078294534,-0.5712627985338053,-0.7280023223684252,837,534,303,0.014032765182856198,0.06963428760549396,0.04183352639417508,0.027800761211318883,-0.056593359879629324,-0.23777224451125567,-0.00010390919762482874,-0.4928776761682693
20,96,0.0,1,-999.0,1.5,1,-0.4720336150331569,-0.1477706140871763,-0.6619519567010451,-0.2908508605106961,678,425,253,0.04183352639417508,0.16653979811351977,0.10418666225384743,0.06235313585967235,-0.051643832987979366,-0.2185567434911292,-9.437822239923088e-06,-0.49328913546323366
48,120,0.01,1,0.0,999.0,1,-0.5333270461799386,-0.1736962409759456,-0.5826817649147198,-0.586284642109398,993,676,317,0.021115340062882675,0.07565778586794639,0.04838656296541453,0.027271222902531856,0.17867915317976202,-0.3494238103174435,-4.8088417159895824e-05,-0.4943513555387754
48,60,0.005,1,0.2,2.5,1,-0.5102379612020047,-0.16364619361875765,-0.5915533380759231,-0.7000258661665982,808,529,279,0.010557670031441337,0.05179546582823101,0.031176567929836176,0.02061889789839484,0.1207181543430107,-0.34538257392541216,-0.00012851552004153037,-0.49442415596504913
12,96,0.0025,1,0.0,2.5,1,-0.4631653565814061,-0.1442093253028166,-0.6531722678340899,-0.47920788653357843,1053,693,360,0.017143802746979978,0.07843786198907828,0.047790832368029126,0.03064702962104915,0.17157585227935557,-0.22414002096131092,2.0547569984561812e-05,-0.49475585354654045
30,96,0.01,1,-0.2,0.75,1,-0.5245171715743434,-0.16981847685238693,-0.5684118860499274,-0.8184098389624961,602,407,195,0.011848419659109714,0.05004137018037399,0.03094489491974185,0.019096475260632136,-0.16771512504311925,-0.22799846162420756,-0.00023161929624232388,-0.49494491182547545
20,60,0.01,1,-0.2,0.75,1,-0.5278639838931465,-0.17128521820127662,-0.563246555893042,-0.8421883826963688,542,363,179,0.011120304484527553,0.04540790997848751,0.02826410723150753,0.017143802746979978,-0.1534879870761422,-0.26859614778623153,-0.0002841206070482667,-0.49501791528261607
30,60,0.0,1,0.0,999.0,1,-0.5180598701898184,-0.16701029461343198,-0.6014152860006281,-0.5460973120505719,1067,689,378,0.016746649015389706,0.08187986099619395,0.049313255005791826,0.03256660599040212,0.17608707569011872,-0.30127277982916,-1.5138540166114666e-05,-0.4950228032162746
30,60,0.0,1,-999.0,1.5,1,-0.47897465023740005,-0.15058939121669035,-0.6575850887701186,-0.31430328640536564,649,406,243,0.03683600860499752,0.15359920569253682,0.09521760714876717,0.058381598543769654,0.0263897703155882,-0.2977199325866139,-1.832563591027979e-05,-0.4950970999220179
20,96,0.005,1,-999.0,2.5,1,-0.5168879155939536,-0.16650365774601672,-0.6218588847389533,-0.35577108188966083,654,421,233,0.054707926526559654,0.1765017375475757,0.11560483203706769,0.060896905510508026,-0.0797120389331244,-0.2719286005486121,-2.7188422785921352e-05,-0.49522165420997644
20,60,0.01,1,0.0,999.0,1,-0.508152985337878,-0.16275627755249777,-0.6088602126957029,-0.5657458089034167,870,599,271,0.019129571404931326,0.06672182690716531,0.04292569915604832,0.023796127751116995,0.24643464365834156,-0.3902864127112733,-6.428424298647688e-05,-0.49547367434552003
48,96,0.005,1,0.2,2.5,1,-0.5108941881063234,-0.16392687403582773,-0.594534459433403,-0.6868001898900286,871,573,298,0.012146284957802416,0.05556842627833857,0.033857355618070496,0.02171107066026808,0.16153920401882438,-0.34904420541974657,-9.978953728926065e-05,-0.49553411324703067
12,60,0.005,1,-0.2,2.5,1,-0.5062590713439075,-0.16195035896426813,-0.6187381391082749,-0.48726568490858424,1040,695,345,0.02555022339897402,0.098163163991395,0.06185669369518451,0.036306470296210494,0.2927193376457031,-0.3574831939234496,-4.24557874835239e-06,-0.4956827127638348
30,60,0.005,1,-999.0,999.0,1,-0.5283607987632992,-0.1715036112643643,-0.6143661082406596,-0.3435899030500896,610,393,217,0.05530365712394506,0.17703127585636275,0.1161674664901539,0.06086380936620884,-0.07901166508035007,-0.305217759795816,-3.168337557528617e-05,-0.4958661605371986
20,200,0.005,1,0.2,2.5,1,-0.5020473144179226,-0.16016639984262326,-0.6094605004592061,-0.6301809586037194,998,648,350,0.013767996028462685,0.06275028959126262,0.03825914280986265,0.024491146781399967,0.39080129339106917,-0.4102198713576487,-4.0566793665216465e-05,-0.4964056980024123
12,96,0.0,1,-999.0,999.0,1,-0.4747169596841634,-0.14885701629195502,-0.6753267857805809,-0.20368510981252017,703,446,257,0.05917590600695019,0.21605162998510674,0.13761376799602845,0.07843786198907828,-0.022667082979668685,-0.23608763534213772,6.288464426002319e-06,-0.4967046646728715
12,60,0.01,1,0.0,999.0,1,-0.5159577656421616,-0.16610220861715708,-0.6036050961906869,-0.5778257121462635,891,614,277,0.020023167301009434,0.06840973026642397,0.044216448783716694,0.024193281482707264,0.23884728477437833,-0.38991259248594057,-6.471825417478445e-05,-0.4967960423198137
20,96,0.005,1,-0.2,2.5,1,-0.5092955414643706,-0.1632435959808486,-0.6192423689812039,-0.4855231443533278,1073,717,356,0.026046665563461857,0.10170445143140824,0.06387555849743505,0.03782889293397319,0.12597974747861307,-0.2546732926932882,3.19542512846727e-07,-0.49714093768911694
48,200,0.01,1,-0.2,999.0,1,-0.5437648228283032,-0.17836222895535458,-0.5897764019331999,-0.4794930658328682,1244,842,402,0.03435379778255833,0.11682938937613768,0.07559159357934801,0.04123779579678968,0.15402565991068062,-0.2635012310845315,1.3176957108434461e-05,-0.49722508321359793
20,60,0.0,1,-0.2,0.75,1,-0.5333673463241169,-0.1737141051395389,-0.5694433315020797,-0.7966169649430699,686,433,253,0.010723150752937283,0.057388714214793975,0.03405593248386563,0.023332781730928346,-0.13577664668099876,-0.23906179614609346,-0.00018386873644316392,-0.49826661913773224
12,60,0.005,1,-0.2,0.75,1,-0.5306905700435125,-0.17253005379933506,-0.5716478175404501,-0.8014476115882172,642,420,222,0.011782227370511336,0.05374813834188317,0.032765182856197256,0.020982955485685916,-0.08684424580773265,-0.2914707023664669,-0.0002077304645534561,-0.498426343148971
30,96,0.0025,1,-999.0,999.0,1,-0.5253419207679646,-0.1701792029909499,-0.6264960022739284,-0.3075205537501678,674,431,243,0.061062386232003975,0.20264769154393514,0.13185503888796954,0.07079265265596558,-0.21682485464978718,-0.15098410111351013,-1.7364444659630868e-05,-0.4988032318154225
12,120,0.0,1,-0.2,1.5,1,-0.5272567305833158,-0.17101851175570992,-0.6013683663207026,-0.5499799077344029,1128,734,394,0.022902531855038887,0.1024656627502896,0.06268409730266424,0.03978156544762535,0.06427311777477818,-0.21913563237246614,-6.823154632623431e-06,-0.49920169030278133
12,60,0.0,1,-999.0,1.5,1,-0.47850311801234124,-0.15039701212580203,-0.6680099555831671,-0.30383527813117517,667,420,247,0.03948370014893265,0.1606155882839649,0.10004964421644878,0.060565944067516135,0.007252772234948246,-0.2772523705933867,-1.4025019146027966e-05,-0.49959375382394433
48,96,0.01,1,-0.2,0.75,1,-0.5296110356053034,-0.17205396246955418,-0.5730355044824149,-0.8275386143374039,617,419,198,0.012642727122290254,0.0512328313751448,0.031937779248717525,0.01929505212642727,-0.15845880558503034,-0.2389817037293943,-0.0002278526120374331,-0.49994864542763184
30,120,0.01,1,-999.0,0.75,1,-0.509050507905249,-0.16313901366113648,-0.6149407751524651,-0.591330930741174,435,285,150,0.02786695349991726,0.08843289756743339,0.058149925533675324,0.030282972033758068,-0.29016966483834794,-0.14026435687720396,-0.00013348846554525948,-0.5001759477744278
48,96,0.005,1,-0.2,2.5,1,-0.505266731632127,-0.16152901283819254,-0.6310104194217083,-0.4718615936995421,1124,759,365,0.02750289591262618,0.10494787357272878,0.06622538474267747,0.0387224888300513,0.12536155919747904,-0.22871732359803598,1.1803683469469575e-05,-0.5006273022340239
12,60,0.0025,1,0.2,1.5,1,-0.5011528583556395,-0.15978899548348746,-0.608652500249655,-0.7356329103700626,751,476,275,0.008307132219096475,0.046963428760549396,0.027635280489822937,0.019328148270726462,0.15637454578987375,-0.37195997002505166,-0.00015751888714860658,-0.5008968911268181
20,120,0.0,1,-0.2,1.5,1,-0.5192606144001913,-0.1675303360585837,-0.6126644835194834,-0.5409155475572137,1113,726,387,0.02247228197914943,0.10057918252523582,0.06152573225219262,0.03905345027304319,0.08741898984030372,-0.22863822816903234,-4.752160107824672e-06,-0.5009083551961862
30,60,0.01,1,-999.0,999.0,1,-0.5331044543066077,-0.173597591745128,-0.6176330562079767,-0.3714577544632127,543,360,183,0.05682607976170776,0.15803408902862817,0.10743008439516796,0.0506040046334602,-0.14943445875620232,-0.2798012126157652,-4.767062756444372e-05,-0.500987007572277
30,200,0.005,1,0.2,2.5,1,-0.510439342534343,-0.16373229814979917,-0.6109363035524158,-0.647756294697533,1015,660,355,0.013966572894257819,0.06354459705444315,0.038755584974350485,0.024789012080092668,0.3768540317097002,-0.4092847568367366,-4.4342899200626824e-05,-0.5015882646608837
20,120,0.0025,1,-0.2,1.5,1,-0.5292644153891288,-0.1719012713391368,-0.6033676953257379,-0.5687327570352749,1050,693,357,0.022008935958960783,0.09534999172596392,0.05867946384246235,0.03667052788350157,0.02411969198644015,-0.22288026921787707,-2.425314808935708e-05,-0.5020217568537695
20,120,0.005,1,0.2,2.5,1,-0.5195149448852445,-0.1676406113471447,-0.5995380637412173,-0.7007988146961154,880,576,304,0.01198080423630647,0.056197253020023166,0.03408902862816482,0.022108224391858347,0.16566943961037905,-0.3599088336890328,-0.00010563031531014666,-0.5024495839525591
12,120,0.0025,1,-0.2,1.5,1,-0.5341179208433751,-0.1740470298027812,-0.5994596524319382,-0.5740379827217381,1064,701,363,0.02250537812344862,0.09677312593082905,0.05963925202713884,0.03713387390369022,0.016729588341637402,-0.21985920701248163,-2.4474660391635595e-05,-0.5024787551548372
30,120,0.005,1,-0.2,2.5,1,-0.5047022376089525,-0.16128961206495118,-0.6361496911409819,-0.46798742880957916,1129,756,373,0.02707264603673672,0.10570908489161013,0.06639086546417343,0.039318219427436706,0.1654936846599142,-0.2525588799135119,1.3263795071218718e-05,-0.5027638290759211
48,60,0.01,1,-999.0,1.5,1,-0.5191109769327098,-0.1674654751047573,-0.6250299459167628,-0.46324788298212166,542,363,179,0.043951679629323184,0.12695680953168956,0.08545424458050638,0.041502564951183187,-0.15769421735980926,-0.2513164008773112,-6.931977976156927e-05,-0.5031428422122447
12,60,0.0,1,0.2,2.5,1,-0.5064479807064548,-0.16203064154465097,-0.6169773215907405,-0.6591150526085929,918,574,344,0.009995035578355122,0.059043521429753436,0.03451927850405428,0.024524242925699154,0.24427308794722924,-0.3722188891008188,-7.33081458264913e-05,-0.5034750549704509
48,60,0.0,1,0.2,2.5,1,-0.5203789493439246,-0.16801556263012818,-0.6012251444135395,-0.6976613101612334,882,559,323,0.009531689558166474,0.05692536819460533,0.0332285288763859,0.023696839318219427,0.06173437567278528,-0.2978108398736041,-0.00010403144754455597,-0.5035112003449596
12,60,0.005,1,-999.0,999.0,1,-0.5266720070664221,-0.17076194302556402,-0.6322367958352132,-0.33366122437529405,612,395,217,0.05785206023498263,0.18302167797451596,0.1204368691047493,0.06258480886976667,-0.016217090235743692,-0.34658325177135707,-2.881663427745343e-05,-0.5035634021619353
20,120,0.005,1,-0.2,2.5,1,-0.5100849646039475,-0.16358079466837738,-0.6325473594332824,-0.4764743828781104,1129,758,371,0.027271222902531856,0.10584146946880689,0.06655634618566937,0.03928512328313751,0.14257865433948935,-0.2458543904325834,1.0014857370794602e-05,-0.5036781935289241
12,200,0.005,1,0.2,2.5,1,-0.5193727269677159,-0.16757894161399645,-0.6056778597136709,-0.6702387532393868,991,642,349,0.013271553863974847,0.06238623200397154,0.03782889293397319,0.024557339069998345,0.29664791931208834,-0.39153853952012885,-6.16245209912492e-05,-0.5039298091328013
48,96,0.0,1,-0.2,1.5,1,-0.5273013049694824,-0.17103808014734356,-0.6101375562322335,-0.5626536152976461,1099,723,376,0.0228694357107397,0.09872579844448122,0.06079761707761046,0.03792818136687076,0.0533084527790455,-0.22244103526892078,-1.3559235268703567e-05,-0.5042395390283426
12,60,0.005,1,0.2,2.5,1,-0.5204439566988168,-0.1680437942930204,-0.6012961160209749,-0.7220958973109468,822,536,286,0.01118649677312593,0.05262286943571074,0.03190468310441834,0.020718186331292403,0.2592462090984231,-0.42552863357365434,-0.0001350552387080947,-0.5047966471690551
12,96,0.005,1,-0.2,1.5,1,-0.5113017937320712,-0.16410135668575654,-0.6267202088817543,-0.5523721070243897,978,654,324,0.023101108720834023,0.0893595896078107,0.05623034916432235,0.033129240443488334,0.1388584612266106,-0.30016750489616384,-2.799062482788614e-05,-0.5050800664778532
48,60,0.0,1,-0.2,0.75,1,-0.5333866233095461,-0.1737226506102434,-0.5827993697214018,-0.7992810700867939,690,443,247,0.010888631474433228,0.05775277180208506,0.03432070163825914,0.023432070163825914,-0.14804448723409824,-0.2265907997523522,-0.00018187065161822167,-0.505086388975284
12,96,0.01,1,-0.2,1.5,1,-0.5157014246223535,-0.16599167448233665,-0.6188951947617338,-0.5943075669663365,864,599,265,0.023465166308125104,0.07906668873076286,0.051265927519443984,0.027800761211318883,0.06713131821645124,-0.3008707677986089,-6.388614273486813e-05,-0.5051546502115204
20,60,0.0,1,-0.2,1.5,1,-0.5058226347241297,-0.16176497042243776,-0.634161265523306,-0.5334272307811193,989,634,355,0.019460532847923217,0.09041866622538475,0.05493959953665398,0.03547906668873076,0.17177720855135892,-0.30840772776267655,-2.0490370999215956e-05,-0.5055169647231467
30,96,0.005,1,-0.2,0.75,1,-0.5371553792418564,-0.17539844459132925,-0.5798833838303864,-0.8106449634611931,676,445,231,0.012013900380605659,0.056362733741519115,0.03418831706106239,0.022174416680456728,-0.1186956201697843,-0.2635597153022271,-0.0001954039430076619,-0.5058723846795821
12,96,0.0025,1,0.2,1.5,1,-0.5116101095295269,-0.16423340908971917,-0.6077549050615463,-0.7588167653289651,785,498,287,0.008935958960781068,0.04904848585139831,0.02899222240608969,0.02005626344530862,0.1254334541108877,-0.35738618408936285,-0.00015327838981160722,-0.5060516998869405
20,60,0.0025,1,0.2,2.5,1,-0.5272904052304505,-0.1710332949764054,-0.5980223544142216,-0.7246778329968032,835,538,297,0.009928843289756743,0.05381433063048155,0.031871586960119144,0.0219427436703624,0.12317580109046955,-0.36098659276064915,-0.00013498833722607186,-0.5062783638333563
30,60,0.0025,1,0.0,999.0,1,-0.538492460039751,-0.17599544181818005,-0.6013582448762109,-0.5944567935518491,1010,663,347,0.01701141816978322,0.0777759391030945,0.047393678636438855,0.030382260466655635,0.13013673851400953,-0.3232607450681908,-4.753591671536533e-05,-0.506397403933878
12,96,0.005,1,-999.0,999.0,1,-0.5316567767827818,-0.17295686259242127,-0.6344297122430349,-0.32909669208004383,640,415,225,0.06271719344696343,0.19457223233493298,0.1286447128909482,0.06592751944398477,-0.08579006285409052,-0.29445081871225076,-2.492662920788654e-05,-0.5066265533179409
12,120,0.01,1,-0.2,2.5,1,-0.5220191973123821,-0.16872877500841865,-0.6233742892955296,-0.525763315116982,1009,698,311,0.02826410723150753,0.09472116498427934,0.061492636107893434,0.0332285288763859,0.07478764979190244,-0.2633789137863829,-2.236267689949291e-05,-0.5067040854120326
48,96,0.0025,1,-0.2,1.5,1,-0.5388620434410467,-0.17616068692466114,-0.6023051471752827,-0.5935715660518542,1040,692,348,0.02243918583485024,0.09392685752109879,0.05818302167797452,0.03574383584312427,0.013748498228023376,-0.2347730537902749,-3.428080532208186e-05,-0.5069918388148952
30,200,0.0025,1,-0.2,2.5,1,-0.5167133214039985,-0.1664282594213785,-0.6371826308565238,-0.4466747889481331,1387,900,487,0.030481548899553203,0.12824755915935793,0.07936455402945557,0.04888300512990237,0.30176418411724026,-0.25709881692541225,4.318976071686423e-05,-0.5073533142970471
12,60,0.005,1,-999.0,1.5,1,-0.5321800962603193,-0.1731883075528643,-0.6227682572711795,-0.4583909846547046,603,393,210,0.04355452589773291,0.143306304815489,0.09343041535661095,0.04987588945887804,-0.07421582528984294,-0.3168100411797641,-5.747469663412486e-05,-0.5074919854211892
30,96,0.0,1,0.2,2.5,1,-0.5205638140934472,-0.16809585398004845,-0.6132845748504995,-0.6874096316870097,928,588,340,0.01042528545424458,0.059804732748634785,0.035115009101439686,0.024689723647195103,0.1397352071996536,-0.33090177133206733,-8.506937839667155e-05,-0.5091086229896487
20,120,0.005,1,-999.0,0.75,1,-0.5205346986933599,-0.1680832068993845,-0.6239480023195678,-0.5833965910756154,485,309,176,0.02819791494290915,0.09988416349495284,0.06404103921893099,0.03584312427602184,-0.27861076048671707,-0.15290859980002836,-0.00011433986146511615,-0.5092270376129492
30,60,0.005,1,-999.0,1.5,1,-0.5357200519185346,-0.17475901811208383,-0.6213914493668287,-0.47571338602063507,589,381,208,0.04060896905510508,0.13758067185172929,0.08909482045341717,0.048485851398312095,-0.08702301678854352,-0.3172655633542413,-6.471444898024609e-05,-0.5092404120965299
20,96,0.005,1,0.2,2.5,1,-0.5294100950326551,-0.17196543502075667,-0.601440418924941,-0.7354299013186489,851,556,295,0.011484362071818632,0.05431077279496939,0.03289756743339401,0.021413205361575375,0.14584049279046707,-0.37142521376888027,-0.0001323476780809474,-0.5094571395491596
48,60,0.0,1,-0.2,2.5,1,-0.5270346616035886,-0.1709210429029383,-0.6264889849986621,-0.5109070682497515,1128,736,392,0.023068012576534833,0.1060731424789012,0.06457057752771803,0.041502564951183187,0.012373899663497445,-0.17871910893833154,-1.5410817898312585e-06,-0.5097108888147569
30,60,0.0,1,-999.0,0.75,1,-0.49327326142268835,-0.1564860269394921,-0.6593251461587963,-0.47479150145544563,487,302,185,0.020685090186993216,0.09621049147774284,0.05844779083236803,0.03776270064537481,-0.20366231199603324,-0.18819129424441006,-9.29271585586367e-05,-0.5098881750916625
30,96,0.0025,1,-0.2,2.5,1,-0.5316074111137243,-0.17293503998076598,-0.6241846365444557,-0.5135184021125941,1133,752,381,0.025285454244580507,0.10637100777759391,0.0658282310110872,0.0405427767665067,0.017651370935685362,-0.18885154685837868,-2.965452792931413e-06,-0.5107032783586235
30,60,0.0025,1,-0.2,0.75,1,-0.5470382302632774,-0.17984201155763802,-0.5781788523814126,-0.8490300592104228,623,401,222,0.010359093165646201,0.053582657620387227,0.03197087539301671,0.02161178222737051,-0.16004992036986054,-0.2635815912897401,-0.00023662017117611448,-0.5113829407088655
12,60,0.0,1,-0.2,0.75,1,-0.5438543880695803,-0.17840261190342954,-0.584729394484222,-0.8128763914931572,716,456,260,0.0115836505047162,0.06003640575872911,0.035810028131722654,0.024226377627006454,-0.1848336815472652,-0.1994774294260886,-0.00017885660783095988,-0.5114111287201984
12,96,0.01,1,-999.0,1.5,1,-0.5295421202844843,-0.17202359757518648,-0.6323104009135434,-0.4680977325058372,558,375,183,0.047790832368029126,0.13549561476088035,0.09164322356445474,0.043852391196425616,-0.12316172417761173,-0.2907494028506148,-6.668422469532008e-05,-0.51158368465725
12,60,0.01,1,-0.2,0.75,1,-0.5415765641787695,-0.17737743377211257,-0.5815837767358822,-0.8728171793829549,562,382,180,0.012013900380605659,0.04702962104914778,0.029521760714876718,0.01750786033427106,-0.17255040835643032,-0.2661749469860826,-0.0002872359801477095,-0.5118101811092014
48,96,0.005,1,-0.2,0.75,1,-0.5433299772688731,-0.17816625132388053,-0.5854879671246003,-0.8236602778011324,689,459,230,0.013039880853880522,0.057388714214793975,0.03521429753433725,0.022174416680456728,-0.10104852448565071,-0.28300171052433765,-0.00019556250776719692,-0.5120932487762373
20,60,0.0,1,-999.0,1.5,1,-0.4997376357584732,-0.15919289529329483,-0.6719167545629922,-0.3417732901763967,654,409,245,0.03782889293397319,0.1555187820618898,0.09667383749793149,0.0588449445639583,0.027113295693009576,-0.3244938751117947,-2.5676434008771074e-05,-0.5122399370836107
30,120,0.005,1,0.2,2.5,1,-0.5281024779003607,-0.17139003541322695,-0.6095468774943565,-0.7215590259572309,879,576,303,0.012179381102101604,0.056197253020023166,0.03418831706106239,0.022008935958960783,0.17047524068888054,-0.3742431328669249,-0.00011659244683683023,-0.5122414254582668
12,60,0.01,1,-0.2,1.5,1,-0.5157147522231994,-0.16599742025692732,-0.6327881209439434,-0.6036733717414026,813,564,249,0.022141320536157538,0.07430084395167963,0.048221082243918585,0.026079761707761044,0.11744064159604295,-0.3491788860043493,-8.065526255073574e-05,-0.5125751493159691
30,120,0.01,1,-0.2,0.75,1,-0.5420644236942093,-0.17759668237353043,-0.584339244504689,-0.8622723219254166,616,415,201,0.012278669534999172,0.051265927519443984,0.031772298527221576,0.019493628992222407,-0.18478759578598447,-0.23558401969056575,-0.0002454747781726815,-0.5128799207221457
12,60,0.01,1,-999.0,999.0,1,-0.5362532730055245,-0.1749963904743167,-0.6391038480252271,-0.3704372256637036,542,361,181,0.05907661757405262,0.16180704947873573,0.11044183352639418,0.05136521595234155,-0.11227950917441065,-0.31494119799807774,-4.718979287917564e-05,-0.5130701757701155
30,96,0.01,1,-999.0,0.75,1,-0.5231382294880493,-0.16921640595837306,-0.6259899914972984,-0.6257644354654669,428,282,146,0.026543107727949693,0.08552043686910475,0.056031772298527224,0.029488664570577527,-0.33516032569354637,-0.11154008064998233,-0.00015117217775565976,-0.5134996234802957
12,60,0.0,1,-0.2,1.5,1,-0.5284499182021387,-0.17154280519884724,-0.627947188478716,-0.5701814491638735,1029,663,366,0.020387224888300512,0.09405924209829555,0.05722323349329803,0.03683600860499752,0.10666836744466601,-0.2871293757819514,-2.8064740360036083e-05,-0.5140254718963989
12,96,0.01,1,-0.2,2.5,1,-0.5294178627099821,-0.17196885666344697,-0.6294188702089021,-0.5485638612389073,972,675,297,0.027701472778421315,0.09157703127585637,0.05963925202713884,0.031937779248717525,0.03761282394383603,-0.2625713442282436,-3.664370968017155e-05,-0.5141064848298433
20,60,0.01,1,-0.2,1.5,1,-0.5058380299920451,-0.16177150790000294,-0.646003586314899,-0.5878821795229108,787,541,246,0.021115340062882675,0.07221578686083072,0.04666556346185669,0.02555022339897402,0.13530615156127057,-0.35480061429948895,-8.040444262367603e-05,-0.514167410033598
30,96,0.0,1,-0.2,2.5,1,-0.5271509408424768,-0.17097207503538725,-0.6367296974857279,-0.4988110896799144,1198,782,416,0.024921396657289426,0.11176567929836174,0.06834353797782558,0.04342214132053616,0.057385667316260935,-0.18586474463006697,1.0428470727018885e-05,-0.5142774782622469
48,60,0.0025,1,-0.2,2.5,1,-0.543064784298276,-0.17804680194422706,-0.6181495383910154,-0.548011506365735,1067,709,358,0.023432070163825914,0.1008770478239285,0.062154558993877215,0.0387224888300513,-0.03571942389478011,-0.19201134867197556,-2.376813949806857e-05,-0.5145221464580215
48,96,0.0,1,0.2,2.5,1,-0.5346645624604556,-0.17428975118286427,-0.6094815061837484,-0.71555462177794,954,610,344,0.011285785206023498,0.061062386232003975,0.03617408571901373,0.024888300512990236,0.10649609128183579,-0.3223171142818473,-9.179826103786385e-05,-0.5148082353636355
48,60,0.005,1,-999.0,2.5,1,-0.538210577706264,-0.175869475568172,-0.6381678872713357,-0.400307568355206,642,414,228,0.05252358100281317,0.16776435545258978,0.11014396822770148,0.0576203872248883,-0.11549978972519004,-0.2802371406939623,-4.003473983645615e-05,-0.5149687976216002
20,60,0.005,1,-999.0,999.0,1,-0.5476679698444578,-0.1801276116447046,-0.6326960971760855,-0.3710372472087844,608,390,218,0.05573390699983452,0.17845441006122786,0.11709415853053119,0.06136025153069667,-0.03304430222916033,-0.36597073405653235,-3.8992107959803676e-05,-0.5150275225931866
48,200,0.005,1,0.0,999.0,1,-0.518843828248148,-0.16734971605615812,-0.6447010809846159,-0.5120386061951525,1285,845,440,0.023663743173920237,0.09621049147774284,0.05993711732583154,0.0362733741519113,0.28237601505687837,-0.2865317347183973,2.8876421804788634e-05,-0.5153021868582237
20,120,0.0,1,0.2,2.5,1,-0.5347950453098638,-0.17434772015017508,-0.6118079866872115,-0.7081518834163418,969,614,355,0.010954823763031607,0.06205527056097965,0.03650504716200562,0.02555022339897402,0.112664894299219,-0.32118998109949215,-8.547123093786484e-05,-0.5156593076645979
12,60,0.0,1,-999.0,0.75,1,-0.4991397053937221,-0.15894142330958105,-0.6660713849969438,-0.4739122638737126,505,317,188,0.022737051133542942,0.10117491312262121,0.06195598212808208,0.03921893099453914,-0.2678446189678121,-0.11935651470304331,-8.758666191269757e-05,-0.5156727290017387
20,60,0.0,1,-0.2,2.5,1,-0.5174116455268356,-0.16672995259794787,-0.6486366560647815,-0.4938035613799676,1118,720,398,0.0228694357107397,0.10534502730431905,0.06410723150752937,0.04123779579678968,0.18648147839946683,-0.28854538181076383,3.0535482999648163e-06,-0.515738458699337
12,120,0.005,1,-999.0,0.75,1,-0.5306349652579829,-0.17250551118828306,-0.6278729614183034,-0.6086447311859412,489,311,178,0.02826410723150753,0.10127420155551878,0.06476915439351316,0.03650504716200562,-0.3142979910292022,-0.125848176513488,-0.00011949062808018336,-0.5168742284567318
30,120,0.005,1,-0.2,0.75,1,-0.548051139911674,-0.18030153318332276,-0.5897732905029535,-0.8359039102192385,695,457,238,0.012576534833691875,0.057918252523581,0.03524739367863644,0.022670858844944564,-0.11581353747634748,-0.27639675058561153,-0.00019796813241887315,-0.5169833739457614
20,120,0.005,1,-0.2,0.75,1,-0.5484130398253411,-0.1804659016987179,-0.5901017812324618,-0.8338904709653703,697,459,238,0.012675823266589442,0.058216117822273705,0.035445970544431576,0.022770147277842132,-0.1335565088250792,-0.2614317622534158,-0.00019652776425369963,-0.5172113158632173
20,96,0.005,1,-999.0,1.5,1,-0.5381772280023402,-0.17585457622309608,-0.6366145754417136,-0.461077600533225,619,401,218,0.045805063710077774,0.15058745656131062,0.09819626013569419,0.05239119642561642,-0.1465253266258647,-0.2625501993935492,-5.485726241034428e-05,-0.5172157439706141
12,120,0.005,1,-0.2,2.5,1,-0.5296038398574197,-0.17205079178316185,-0.6403442995208841,-0.5112812301817046,1138,764,374,0.028098626510011583,0.10693364223068012,0.06751613437034586,0.039417507860334274,0.16159141954467238,-0.284539384528415,-1.060912128736129e-06,-0.5177870030526891
20,96,0.0,1,-999.0,0.75,1,-0.4953621337162253,-0.15735786822308673,-0.6752399134677383,-0.4646195351346909,513,319,194,0.023829223895416186,0.10504716200562635,0.06443819295052126,0.04060896905510508,-0.2400176992365337,-0.14177581228889846,-8.038713493956823e-05,-0.5182088017136904
20,120,0.01,1,-0.2,0.75,1,-0.5473005004659417,-0.17996092039469846,-0.5890919471541036,-0.8746467341400952,616,417,199,0.012510342545093497,0.05129902366374317,0.03190468310441834,0.01939434055932484,-0.19953211295399853,-0.23040497258304526,-0.0002525165018205259,-0.518239230678755
12,200,0.0,1,0.2,2.5,1,-0.5311252941425794,-0.1727220057112444,-0.6255581385002849,-0.6682484032950528,1094,683,411,0.011914611947708093,0.06923713387390369,0.04057587291080589,0.0286612609630978,0.2700122491602064,-0.3619313807572516,-3.9108236868901364e-05,-0.5189134951261395
30,96,0.01,1,0.0,999.0,1,-0.5436012724189183,-0.17828850309499678,-0.6189528259910156,-0.6281807583614669,939,646,293,0.02005626344530862,0.07175244084064207,0.04590435214297534,0.02584808869766672,0.12320116664224989,-0.3501110830983186,-7.651158786806667e-05,-0.5191739540085779
20,200,0.0,1,0.2,2.5,1,-0.5268853023944313,-0.17085550657316861,-0.6315981645123288,-0.6583987041000412,1099,690,409,0.012510342545093497,0.06943571073969883,0.04097302664239616,0.028462684097302664,0.3241745953311639,-0.38095005801472537,-3.3477844516211416e-05,-0.519574524034335
20,96,0.0025,1,-0.2,0.75,1,-0.5497077180111044,-0.18105473129186023,-0.5930308204277154,-0.8403956247817737,681,439,242,0.011285785206023498,0.058216117822273705,0.0347509515141486,0.023465166308125104,-0.1752469782500512,-0.23248858993916155,-0.0002030334426948684,-0.5195899227448066
12,96,0.01,1,-999.0,999.0,1,-0.5459700510030996,-0.17935824981642234,-0.645034242342037,-0.37317956298431065,570,379,191,0.06284957802416019,0.17239781565447626,0.11762369683931823,0.054774118815158035,-0.15079444641825535,-0.28898861241297735,-4.3938670002978464e-05,-0.5205343491366564
20,96,0.0,1,-0.2,2.5,1,-0.5453598850377059,-0.17908229792895436,-0.6295450583500132,-0.534787912871168,1183,767,416,0.024491146781399967,0.11166639086546418,0.06807876882343207,0.043587622042032106,0.014651486514943413,-0.1903444715676984,-3.5780593410805883e-06,-0.5205942227475193
30,96,0.0025,1,0.2,2.5,1,-0.5425448892494678,-0.17781277926822492,-0.6113748446062286,-0.7473620131094091,882,569,313,0.010590766175740526,0.056792983617408574,0.03369187489657455,0.023101108720834023,0.092562963571722,-0.34916069449190124,-0.00013137312265036922,-0.5208683022268097
12,120,0.0,1,0.2,2.5,1,-0.5222039544380883,-0.16880922599151837,-0.6371067242909831,-0.6770505121653981,981,620,361,0.011318881350322687,0.06288267416845937,0.03710077775939103,0.025781896409068344,0.17594371926521246,-0.33636278724026347,-6.688420487706717e-05,-0.5212151137452798
30,200,0.0,1,-0.2,2.5,1,-0.5245089988652836,-0.16981490464717863,-0.6575398239543945,-0.45411729823561725,1464,935,529,0.030018202879364554,0.13466821115340064,0.08234320701638259,0.05232500413701804,0.37290964262289505,-0.2797497627742247,4.73876401678075e-05,-0.5212906815361568
30,96,0.0,1,-0.2,0.75,1,-0.5524457216358692,-0.18230418893467215,-0.5948028913559462,-0.8343781431978654,745,480,265,0.012113188813503227,0.06169121297368856,0.036902200893595895,0.024789012080092668,-0.1762491802115682,-0.21138505164704813,-0.00017635722912857804,-0.5214245417725385
20,60,0.01,1,-999.0,999.0,1,-0.554227200348451,-0.18312022737791556,-0.6374423482229117,-0.4033037193665114,541,358,183,0.05748800264769154,0.15896078106900546,0.1082243918583485,0.05073638921065696,-0.12631826706073546,-0.3312460721914554,-5.688054564060353e-05,-0.522006587457697
20,60,0.005,1,0.0,999.0,1,-0.535602462225578,-0.17470669858330878,-0.6348568900695634,-0.6001642662168377,978,651,327,0.01850074466324673,0.07489657454906504,0.046698659606155886,0.02819791494290915,0.251337652664958,-0.3947448302150107,-5.545444375299215e-05,-0.5221433569289323
12,120,0.005,1,-0.2,0.75,1,-0.5533451271411165,-0.18271587287871216,-0.5945785575431871,-0.8440815670037224,709,465,244,0.012907496276683767,0.059043521429753436,0.0359755088532186,0.023068012576534833,-0.12433822537076977,-0.27283732171384534,-0.00019625520574626567,-0.5222092300004918
30,96,0.005,1,-999.0,0.75,1,-0.5343007389892617,-0.17412818146808096,-0.634744919091888,-0.618796920125926,478,304,174,0.026840973026642397,0.09647526063213635,0.061658116829389376,0.03481714380274698,-0.30512520504861373,-0.1488201601915432,-0.00013028768027953323,-0.5224404870203213
48,60,0.0,1,-999.0,0.75,1,-0.4992215998299714,-0.15897585240307832,-0.6789866012452275,-0.48031612636637977,494,308,186,0.022770147277842132,0.09869270230018203,0.06073142478901208,0.03796127751116995,-0.2173198748143712,-0.18085865619328212,-9.2601784036028e-05,-0.5224849593440111
48,60,0.0025,1,0.2,2.5,1,-0.5527998782327653,-0.1824662225730046,-0.6017009913055381,-0.7835418071964428,839,542,297,0.00969717027966242,0.05404600364057587,0.031871586960119144,0.022174416680456728,0.012592806558680891,-0.3281084607953513,-0.00016655010022296562,-0.5224938085855958
20,96,0.0,1,0.2,2.5,1,-0.5427636260825941,-0.17791121594503634,-0.6153733233846049,-0.7390327249754388,934,589,345,0.010359093165646201,0.05987092503723316,0.035115009101439686,0.02475591593579348,0.08426424282483302,-0.32722184729579173,-0.00010937901252550693,-0.5225495138861107
48,60,0.01,1,0.0,999.0,1,-0.5455848969661934,-0.17918402883789852,-0.6228896099824254,-0.6403338535495823,889,612,277,0.01863312924044349,0.0682773456892272,0.043455237464835345,0.024822108224391858,0.08505129564606184,-0.3467270712727697,-9.583955257546268e-05,-0.5226455265065904
12,200,0.0025,1,-0.2,2.5,1,-0.5487358041497845,-0.18061257885276905,-0.6338860512852871,-0.5069854667447826,1348,874,474,0.02905841469468807,0.12536819460532847,0.07721330465000828,0.048154889955320204,0.20059159614234723,-0.2623960022346765,2.0673100519860376e-05,-0.5229048778326517
20,96,0.0,1,-999.0,999.0,1,-0.5164939127429442,-0.16633353696145703,-0.687719821955671,-0.26062973482963203,698,442,256,0.05785206023498263,0.21188151580340892,0.13486678801919577,0.07701472778421314,-0.12445960033478853,-0.21705287299552967,-7.305109715968917e-06,-0.5232249346807741
20,60,0.0025,1,-0.2,1.5,1,-0.5356182077327613,-0.17471370370232253,-0.6373194227771655,-0.6024753979444091,933,607,326,0.01929505212642727,0.08542114843620718,0.052358100281317224,0.03306304815488995,0.08067667196273898,-0.31478249535571245,-5.779254491687886e-05,-0.5234971849881257
20,120,0.01,1,-999.0,0.75,1,-0.5340770453685483,-0.17402888873793854,-0.6345694727504982,-0.6446835895177352,434,286,148,0.027800761211318883,0.08790335925864637,0.05785206023498263,0.030051299023663745,-0.3301053164364294,-0.13588200929041228,-0.00015412011497174864,-0.5235478045890745
12,120,0.005,1,0.2,2.5,1,-0.5323484168728528,-0.173262790821735,-0.6287429594190816,-0.7306558816438535,889,582,307,0.01237795796789674,0.05672679132881019,0.034552374648353465,0.022174416680456728,0.18426034054059404,-0.38401888493116854,-0.0001176960152228281,-0.5241670646134685
12,60,0.0025,1,-999.0,999.0,1,-0.5515297655126252,-0.18188556623161678,-0.6484643540911015,-0.3624366498729242,643,409,234,0.055270560979645875,0.1930167135528711,0.12414363726625847,0.06887307628661261,-0.16438957022844158,-0.25972963180592257,-3.2665250913470305e-05,-0.5242395757708137
30,60,0.0025,1,-999.0,999.0,1,-0.561154804550415,-0.18631697302008854,-0.6380018852555907,-0.3862497857735426,639,406,233,0.05328479232169452,0.18573556180704948,0.119510177064372,0.06622538474267747,-0.20457534304659697,-0.24054143128035688,-3.926098884335068e-05,-0.524630404936561
30,120,0.0,1,-0.2,0.75,1,-0.5563026028419669,-0.18407399183505413,-0.5982947518712932,-0.8393392229849531,769,497,272,0.012907496276683767,0.06367698163163991,0.03829223895416184,0.025384742677478075,-0.16967590713822478,-0.21500438617722728,-0.00016859567538580404,-0.5251883289199484
20,96,0.01,1,0.0,999.0,1,-0.554822115054912,-0.18339328328679616,-0.6192838468950386,-0.653359365437947,931,640,291,0.020122455733907,0.07122290253185504,0.04567267913288102,0.02555022339897402,0.11143199500519807,-0.3619344072089008,-9.059179036499468e-05,-0.5257031750062128
30,200,0.0,1,0.2,2.5,1,-0.5376997533115568,-0.17564134757062044,-0.6352032496314872,-0.6817941684883132,1119,704,415,0.0128082078437862,0.07032930663577693,0.04156875723978157,0.028760549395995365,0.3110632687918855,-0.3829092950879279,-3.907921246510737e-05,-0.5273326808107797
12,120,0.01,1,-0.2,0.75,1,-0.5563324444893496,-0.18408773012163437,-0.5972900974411959,-0.8962378549491873,623,421,202,0.012874400132384577,0.05186165811682939,0.032368029124606984,0.019493628992222407,-0.19476214528556468,-0.24759781037522421,-0.00026002552424436644,-0.5275446715896916
20,120,0.01,1,0.0,999.0,1,-0.5582045725155749,-0.18495099549912275,-0.6202029159878693,-0.6526376684978286,962,659,303,0.020585801754095648,0.0734734403441999,0.04702962104914778,0.026443819295052125,0.09874014541413612,-0.34945984192110147,-8.310309164031192e-05,-0.5276843369179488
20,96,0.0025,1,-999.0,2.5,1,-0.5544837670714602,-0.18323795369309726,-0.6481972797409981,-0.4070703800242504,681,431,250,0.05245738871421479,0.18451100446797947,0.11848419659109714,0.06602680787688234,-0.20022774584630687,-0.21691040766063685,-3.6987209161941575e-05,-0.5276901125648088
20,60,0.0,1,-999.0,0.75,1,-0.5139523447217063,-0.16523864028111945,-0.6754007467107879,-0.509099786829313,494,307,187,0.021181532351481052,0.0975674333940096,0.05937448287274533,0.03819295052126427,-0.22829029567119696,-0.193652108826031,-0.00010399245182050576,-0.528394002977979
20,200,0.0025,1,-0.2,2.5,1,-0.546525424560498,-0.17960966323629868,-0.6481564040566037,-0.5017561653129299,1357,881,476,0.030018202879364554,0.12599702134701307,0.07800761211318881,0.04798940923382426,0.24208755897608358,-0.28031371112032166,2.316867020332589e-05,-0.528775673530247
12,60,0.0025,1,-0.2,1.5,1,-0.5483489156182433,-0.18043677042580453,-0.6352960208128913,-0.6226202093127985,972,637,335,0.020321032599702134,0.08849908985603178,0.05441006122786695,0.03408902862816482,0.048243964086197355,-0.2994153952968902,-5.801364044233505e-05,-0.5292157912978901
12,96,0.0,1,-0.2,1.5,1,-0.5533779052962402,-0.1827308881220039,-0.6321383171607244,-0.6132238688782461,1082,703,379,0.022174416680456728,0.09875889458878041,0.06046665563461857,0.03829223895416184,0.026080976832792757,-0.2522255178988104,-3.500551979890066e-05,-0.5294612401462784
12,60,0.0,1,-0.2,2.5,1,-0.5473524703831466,-0.179984488799101,-0.6456106380235631,-0.5434154998719918,1159,749,410,0.023862320039715373,0.10931656462022174,0.06658944232996857,0.04272712229025319,0.13151791752037845,-0.2857745673878578,-9.238983708129958e-06,-0.5299605828044821
12,120,0.01,1,0.0,999.0,1,-0.553043652793895,-0.18257781015421704,-0.6311475897940684,-0.6381948331821519,969,667,302,0.021380109217276188,0.07420155551878206,0.047790832368029126,0.02641072315075294,0.12019427414322359,-0.3522013202672356,-7.509830305229159e-05,-0.5300613467103588
20,60,0.0025,1,-0.2,2.5,1,-0.5433579029760305,-0.17817883276920088,-0.6492498718451094,-0.5512626643862845,1054,691,363,0.0231673010094324,0.09961939434055933,0.061393347674995866,0.038226046665563465,0.10397672910525135,-0.2992768651651766,-2.6818827419828586e-05,-0.5303669019110698
20,96,0.0025,1,-0.2,2.5,1,-0.5630607488702648,-0.18720310266008877,-0.629084817241899,-0.5772206338025959,1118,738,380,0.024921396657289426,0.10600695019030283,0.06546417342379612,0.0405427767665067,-0.03730112999631163,-0.2061070848542026,-2.7234561180238503e-05,-0.530606542971168
12,96,0.005,1,-0.2,0.75,1,-0.5600741012794939,-0.1858158033045304,-0.6023998428662842,-0.8733706733481003,676,444,232,0.01274201555518782,0.05682607976170776,0.03478404765844779,0.02204203210325997,-0.1630336787991209,-0.26294517729613365,-0.00022353514704692858,-0.5306842584050775
12,96,0.01,1,-0.2,0.75,1,-0.5584890895971468,-0.185082430382419,-0.6009673268543994,-0.9144464544057078,594,403,191,0.012708919410888631,0.04990898560317723,0.03130895250703293,0.0186000330961443,-0.22309499010924094,-0.2351236436304841,-0.00028435390908873094,-0.5312884165299041
48,60,0.0025,1,-999.0,1.5,1,-0.5530177739611328,-0.1825659619779798,-0.6489440588692754,-0.4882064712396618,630,400,230,0.04137018037398643,0.148734072480556,0.09505212642727122,0.053681946053284794,-0.21632799855856588,-0.21838497886596386,-6.160830417580223e-05,-0.5314483149746007
20,200,0.0,1,-0.2,2.5,1,-0.5396461870315158,-0.17651161585106934,-0.6622355362442713,-0.48192876154395614,1434,916,518,0.029587953003475095,0.13258315406255172,0.0810855535330134,0.05149760052953831,0.33312046517725813,-0.2925604008530007,3.624347990065444e-05,-0.5317258220504029
12,96,0.0,1,-999.0,0.75,1,-0.513863149462868,-0.1652002933761405,-0.6843342651904394,-0.49289418725209644,526,331,195,0.025219261955982127,0.10782723812675823,0.06652325004137018,0.04130398808538805,-0.268184718643003,-0.13581826649223927,-8.703288998744326e-05,-0.5320121353339651
20,60,0.005,1,-999.0,1.5,1,-0.5597356735998354,-0.1856590492593071,-0.6411362690137505,-0.516290410948528,592,382,210,0.041469468806884,0.13923547906668873,0.09035247393678636,0.04888300512990237,-0.08003690840651134,-0.35653280892846095,-7.573297799903672e-05,-0.5320417043136088
20,96,0.01,1,-999.0,1.5,1,-0.5543141656482845,-0.1831601259422535,-0.6487500267957376,-0.5181692715650513,554,370,184,0.046566275028959124,0.13367532682442496,0.09012080092669204,0.04355452589773291,-0.2091473318839241,-0.25653093448551134,-8.196336807133124e-05,-0.5334436029183749
30,120,0.0,1,0.2,2.5,1,-0.5529305159501252,-0.18252601619577136,-0.6267363024158399,-0.7522887874465005,962,612,350,0.011153400628826741,0.06185669369518451,0.03650504716200562,0.025351646533178885,0.10574492127956847,-0.34586413587812803,-0.00010895056729722899,-0.5335086067760163
12,200,0.0,1,-0.2,2.5,1,-0.5581576354073621,-0.18492931863413353,-0.6457101251293329,-0.5161218777729979,1427,912,515,0.028826741684593746,0.132285288763859,0.08055601522422638,0.05172927353963263,0.23706559440954278,-0.27084269345677203,2.522952188336826e-05,-0.5335904750874498
12,60,0.0025,1,-0.2,2.5,1,-0.5601953376258386,-0.18587197994674465,-0.6378035173017551,-0.5789007975798265,1093,720,373,0.024226377627006454,0.10299520105907661,0.06361078934304154,0.03938441171603508,0.0888172702640202,-0.3022399220730426,-3.093222334343651e-05,-0.5337187784766135
20,60,0.0025,1,-0.2,0.75,1,-0.5673821074742937,-0.18922301499090854,-0.5998031327901628,-0.8989176905167469,641,411,230,0.01042528545424458,0.05417838821777263,0.0323018368360086,0.021876551381764024,-0.17807929982163018,-0.27472826958810903,-0.0002559355536878509,-0.5340704659118273
20,120,0.0,1,-0.2,0.75,1,-0.5649814341182229,-0.1880990220356097,-0.6061522062842021,-0.8589681421933458,774,500,274,0.012874400132384577,0.06423961608472613,0.038557008108555356,0.025682607976170776,-0.18495521547077065,-0.21396783849582335,-0.0001756450932795049,-0.5341235322873781
48,60,0.0025,1,-0.2,0.75,1,-0.5616964426776716,-0.1865685026106655,-0.6071047484944714,-0.8841046571916854,647,421,226,0.010590766175740526,0.05467483038226047,0.032632798279000494,0.02204203210325997,-0.18624258179581044,-0.2555947369232032,-0.00024399988990263553,-0.5343261097174854
48,200,0.01,1,0.2,999.0,1,-0.5695430121209326,-0.1902387541388687,-0.6148182005637435,-0.746011566659574,944,632,312,0.015555187820618897,0.06003640575872911,0.037795796789674006,0.022240608969055106,0.16835722484853122,-0.40926544831929057,-0.0001315412757508422,-0.5349484327537192
30,120,0.0025,1,-999.0,0.75,1,-0.5487637505759242,-0.1806252825374829,-0.646088481149075,-0.6382501430246237,503,316,187,0.02750289591262618,0.10408737382094986,0.06579513486678802,0.03829223895416184,-0.32670154048988975,-0.13811616072494204,-0.00012561007041652183,-0.5355820302632516
12,60,0.0025,1,-0.2,0.75,1,-0.5673094662266205,-0.18918893591336228,-0.6050709347804943,-0.8898411525334498,671,435,236,0.011285785206023498,0.05649511831871587,0.03389045176236968,0.022604666556346187,-0.18853343193152927,-0.25415428428327946,-0.0002356521815120101,-0.536216460930282
12,60,0.0025,1,0.2,2.5,1,-0.5589643257636305,-0.18530211110739958,-0.623321780810401,-0.7952351892191473,863,552,311,0.01009432401125269,0.05543604170114182,0.032765182856197256,0.022670858844944564,0.12166759858187448,-0.39458318462391706,-0.00016301705058126384,-0.5367247609735575
48,96,0.0,1,-0.2,0.75,1,-0.5677280818389181,-0.18938538507397717,-0.6086389073810108,-0.8716070992827138,762,499,263,0.013602515306966738,0.06291577031275856,0.03825914280986265,0.024656627502895913,-0.15728497237456351,-0.24909695980593238,-0.00018633411658021377,-0.5372851937286183
48,96,0.0025,1,0.2,2.5,1,-0.5673201765845446,-0.18919396032507163,-0.615986644070508,-0.8042576842225364,905,588,317,0.011285785206023498,0.057951348667880195,0.034618566936951846,0.023332781730928346,0.04793713286359225,-0.35076965090974677,-0.0001532964258281086,-0.5374001665714524
20,60,0.0,1,0.0,999.0,1,-0.5632504054008516,-0.18729143797915937,-0.6370248689156428,-0.6362196539940785,1084,700,384,0.017309283468475923,0.08257488002647692,0.04994208174747642,0.032632798279000494,0.12774385219064,-0.3340087581504786,-5.0515305278933914e-05,-0.5376148551366847
20,120,0.0025,1,0.2,2.5,1,-0.5646575573698759,-0.18794773949310473,-0.6205876691096859,-0.7901228272434689,917,590,327,0.010921727618732417,0.05877875227535992,0.03485023994704617,0.02392851232831375,0.04292596047811026,-0.3396847168971422,-0.00014339197347721579,-0.5377477154101211
48,96,0.01,1,0.0,999.0,1,-0.5752793431572643,-0.19295380022109332,-0.6201972420578448,-0.6961190798339137,958,658,300,0.02048651332119808,0.07291080589111369,0.046698659606155886,0.026212146284957803,0.02036607702191362,-0.32791151713281164,-0.00010320709002185014,-0.5378583752417114
12,60,0.005,1,0.0,999.0,1,-0.5581181318810869,-0.1849110761422864,-0.6419175008099893,-0.6424867918739223,1010,672,338,0.01939434055932484,0.07718020850570909,0.04828727453251696,0.028892933973192123,0.23429552455231684,-0.4067187974462093,-6.739784773660827e-05,-0.5379941661409772
20,200,0.0025,1,0.2,2.5,1,-0.5550980880427763,-0.1835200431648374,-0.6362562218014287,-0.7324489903499075,1042,666,376,0.012642727122290254,0.0658613271553864,0.039252027138838325,0.02660930001654807,0.22104122394564008,-0.38643870363795696,-8.162636218980989e-05,-0.5382706035830471
30,60,0.01,1,-999.0,1.5,1,-0.5650631955651352,-0.18813722608265326,-0.6447517402167096,-0.55848683033412,528,354,174,0.04216448783716697,0.12219096475260632,0.08217772629488665,0.040013238457719674,-0.18789078039010598,-0.302580422244515,-0.00010212952356658936,-0.538437437707714
48,120,0.005,1,0.0,999.0,1,-0.5776723723966596,-0.19409456787364665,-0.6237616110308335,-0.6575046126875633,1116,746,370,0.02174416680456727,0.08515637928181367,0.05345027304319047,0.0317061062386232,0.14278867998758393,-0.3542261001770729,-5.442828618329458e-05,-0.5388506040234415
12,96,0.005,1,0.2,2.5,1,-0.5510066680087177,-0.18164678058111217,-0.6359092688734598,-0.7859999952825515,860,560,300,0.011848419659109714,0.0548734072480556,0.033360913453582657,0.021512493794472943,0.14679164795538902,-0.39806624327447027,-0.00015619962415913577,-0.5389014147819696
48,96,0.0025,1,-999.0,0.75,1,-0.5536495642790582,-0.182855363347877,-0.6483049882763093,-0.6447810325565652,501,319,182,0.02909151083898726,0.10349164322356445,0.06629157703127586,0.0372000661922886,-0.29124390704325354,-0.19090944368453544,-0.0001297016198123843,-0.53924690911386
20,96,0.0025,1,0.2,2.5,1,-0.5686946354705378,-0.18983951759736417,-0.6181731202379495,-0.8123258011323972,886,569,317,0.010491477742842958,0.05675988747310938,0.03362568260797617,0.023134204865133214,0.026479886433683264,-0.34555223995093864,-0.00016447522184924744,-0.5395423677729587
30,200,0.0025,1,0.2,2.5,1,-0.5572306088215431,-0.18450154522767503,-0.6375795638115538,-0.7360682163334631,1063,681,382,0.013039880853880522,0.06685421148436207,0.0399470461691213,0.026907165315240775,0.2297009650029156,-0.387278217842303,-7.740415823453926e-05,-0.5400947379501251
12,96,0.0,1,0.2,2.5,1,-0.5465884355758364,-0.17963820242509343,-0.6481394232317623,-0.7431159260846172,951,597,354,0.010789343041535662,0.06096309779910641,0.035876220420321035,0.02508687737878537,0.13464578095258628,-0.357029629271021,-0.00010669823089696838,-0.5408637103452054
30,120,0.01,1,0.0,999.0,1,-0.5790274238197621,-0.1947426771958034,-0.6235489306316677,-0.701381666671357,963,658,305,0.020420321032599702,0.07337415191130234,0.046897236471951015,0.026476915439351316,0.05758684117197621,-0.35567815595036023,-0.00010495496803193784,-0.5415862258452051
30,120,0.0025,1,-0.2,2.5,1,-0.5667849144912671,-0.1889429737626277,-0.6480314450752077,-0.5746942096319626,1174,778,396,0.026046665563461857,0.10997848750620552,0.0680125765348337,0.04196591097137183,-0.007694968276811154,-0.21466854511409805,-1.916502425090876e-05,-0.5416934067818296
12,96,0.0025,1,-0.2,1.5,1,-0.5688962325064242,-0.18993433354126177,-0.6378089793413578,-0.6582506853186212,1022,674,348,0.021975839814661592,0.09326493463511501,0.0576203872248883,0.035644547410226705,-0.03546456895452532,-0.2548501599508317,-6.160852681577679e-05,-0.5417513574778718
12,200,0.0025,1,0.2,2.5,1,-0.5682455994832288,-0.18962844450716543,-0.6291779533417904,-0.765792701485488,1035,658,377,0.012013900380605659,0.06549726956809532,0.038755584974350485,0.02674168459374483,0.14687009089572411,-0.3682777905174721,-9.91513298375496e-05,-0.542507056252335
20,120,0.0025,1,-0.2,2.5,1,-0.5699974680172837,-0.19045285865823935,-0.6463620855353357,-0.5797232486422994,1177,781,396,0.026112857852060235,0.11030944894919742,0.06821115340062883,0.042098295548568594,-0.02668078682685915,-0.20409371176233626,-2.0700770561937766e-05,-0.5426200638580222
20,120,0.0,1,-0.2,2.5,1,-0.5638891285644224,-0.1875891443492823,-0.6557863736352556,-0.559938622354079,1248,816,432,0.026112857852060235,0.11626675492305147,0.07118980638755584,0.04507694853549561,0.02436154514201383,-0.20528542932090055,-4.640738199064684e-06,-0.5434792622846141
30,120,0.0,1,-0.2,2.5,1,-0.5618680622627922,-0.18664824909011035,-0.6583209219933566,-0.5575388917516507,1243,812,431,0.02598047327486348,0.11567102432566606,0.07082574880026477,0.04484527552540129,0.03499254999760493,-0.21177680596286175,-4.257411076802124e-06,-0.5436856546743711
48,96,0.0,1,-0.2,2.5,1,-0.5682252122583447,-0.18961886522919735,-0.6515299437776585,-0.5746332252449888,1235,813,422,0.026576203872248884,0.11447956313089525,0.07052788350157206,0.043951679629323184,-7.837538801735988e-06,-0.1992359041192412,-1.0200884437622117e-05,-0.5441154983802761
12,120,0.0,1,-0.2,0.75,1,-0.5749638942209989,-0.19280378402681386,-0.615189912248234,-0.8786101503600714,790,508,282,0.012940592420982956,0.06556346185669369,0.039252027138838325,0.02631143471785537,-0.22094799611543425,-0.19006792904964187,-0.00017905172195119192,-0.5443292476689344
48,60,0.0025,1,-999.0,2.5,1,-0.572645722813087,-0.19170389761320428,-0.6621835117590462,-0.4495342639217598,668,425,243,0.05080258149925534,0.17544266093000166,0.1131226212146285,0.06232003971537316,-0.22313116827122192,-0.23169972282921003,-4.931889234460863e-05,-0.5452723666888154
12,96,0.0025,1,-999.0,1.5,1,-0.5691758001276953,-0.19006587595415958,-0.6608474866139393,-0.5009988102767919,658,419,239,0.044216448783716694,0.16058249213966572,0.10239947046169122,0.05818302167797452,-0.2080911935226003,-0.2439621564535518,-5.994723553535826e-05,-0.5455395597749688
48,96,0.0025,1,-0.2,2.5,1,-0.577409766622675,-0.1939691461983638,-0.6435499797357535,-0.6004504039641491,1169,781,388,0.02664239616084726,0.10898560317722986,0.06781399966903856,0.041171603508191296,-0.03206629614511536,-0.2166020145753712,-2.8103940558994552e-05,-0.545766656264448
12,96,0.005,1,-0.2,2.5,1,-0.5552963566341511,-0.18361114826027158,-0.667462834232925,-0.5699220155311674,1096,736,360,0.027271222902531856,0.10325997021347014,0.06526559655800099,0.037994373655469135,0.08728598499761331,-0.29241308727070303,-2.69342613033815e-05,-0.5458386661532925
20,60,0.0025,1,-999.0,999.0,1,-0.5822935788361487,-0.19631130348816117,-0.657808660767653,-0.41819252013440233,638,404,234,0.053516465331788846,0.18788681118649678,0.1207016382591428,0.06718517292735396,-0.18061549778534502,-0.29861254753617716,-4.7185168535759496e-05,-0.5461252598787077
12,120,0.0,1,-0.2,2.5,1,-0.5738675008154946,-0.1922830269775122,-0.6502216551563765,-0.5759973319336935,1262,824,438,0.02670858844944564,0.11812013900380605,0.07241436372662585,0.045705775277180206,0.01608332007033808,-0.21164162449259605,-8.596129249689622e-06,-0.5461937211523851
12,96,0.0025,1,-999.0,999.0,1,-0.5766352233053458,-0.19359956088151276,-0.666611178902027,-0.3905029108496807,671,429,242,0.06043355949031938,0.20420321032599703,0.1323183849081582,0.07188482541783882,-0.23252353142004223,-0.22840058221705328,-3.6444277259593125e-05,-0.5464302958750104
12,120,0.01,1,-999.0,0.75,1,-0.5597398862912646,-0.1856609999522696,-0.6509482381657976,-0.7080774596251548,437,288,149,0.028098626510011583,0.08879695515472448,0.05844779083236803,0.030349164322356445,-0.36924838124313586,-0.1315035587933827,-0.00017362194439491744,-0.5465389920164261
12,120,0.0025,1,-0.2,2.5,1,-0.5771346673680358,-0.19383782022955232,-0.6482058448293716,-0.5924212584704899,1190,789,401,0.026774780738044016,0.11169948700976336,0.06923713387390369,0.04246235313585967,-0.020668062588375058,-0.21703562123129105,-2.322377939156987e-05,-0.5475618055677627
30,96,0.0025,1,-0.2,0.75,1,-0.5772404502657176,-0.193888310936998,-0.6162679579232612,-0.9116048411925766,699,456,243,0.011782227370511336,0.05851398312096641,0.03514810524573887,0.023365877875227536,-0.20734459630959057,-0.2434582797995577,-0.00023211550567284574,-0.5476025319582575
30,200,0.005,1,0.0,999.0,1,-0.5602456466985425,-0.18589529480289646,-0.6641237237818389,-0.6011205362040466,1247,825,422,0.023829223895416186,0.09366208836670528,0.05874565613106073,0.03491643223564455,0.2490273898021016,-0.3431162581713735,-9.716615025623926e-06,-0.5480131835040183
12,60,0.0,1,0.0,999.0,1,-0.576174462258917,-0.19337994202151165,-0.6435925471688058,-0.6569674991523163,1122,724,398,0.018004302498758895,0.08571901373489989,0.05186165811682939,0.033857355618070496,0.10292091429051675,-0.32649180565546476,-5.191149956317682e-05,-0.5480245905635304
12,96,0.01,1,0.0,999.0,1,-0.5758585815513031,-0.19322948285886754,-0.6456595549126045,-0.6975809984164035,943,650,293,0.02085057090848916,0.07208340228363395,0.046466986596061556,0.0256164156875724,0.09891682404828694,-0.381461239295506,-0.00010847430000998232,-0.5509383102359899
30,120,0.0025,1,0.2,2.5,1,-0.5779274182118183,-0.19421643485555584,-0.6329540151729927,-0.8247248056647187,913,590,323,0.01118649677312593,0.058712559986761545,0.03494952837994374,0.023763031606817805,0.04722571694023303,-0.3637147532723336,-0.00016216630790279863,-0.5519296827252881
12,120,0.0025,1,0.2,2.5,1,-0.5686686158705143,-0.18982728237337387,-0.6459096758342171,-0.7995417655170111,926,597,329,0.011318881350322687,0.05937448287274533,0.03534668211153401,0.024027800761211318,0.05495224173730362,-0.3503089393777227,-0.00014448761366623062,-0.552759208566333
12,60,0.01,1,-999.0,1.5,1,-0.5782129083228558,-0.19435291434983726,-0.659342363998847,-0.5748902491211668,535,361,174,0.044712890948204534,0.12606321363561146,0.08538805229190799,0.040675161343703456,-0.18258483520160218,-0.3256995942521034,-0.00010498563187097079,-0.5527686088053192
30,120,0.0025,1,-0.2,0.75,1,-0.5825337768110267,-0.1964270251369501,-0.6210726252711358,-0.9223152258722243,719,469,250,0.012278669534999172,0.06020188648022506,0.03624027800761211,0.02396160847261294,-0.2057556271326878,-0.24693041480937583,-0.0002266183412068452,-0.5530790990661292
12,96,0.0,1,-0.2,0.75,1,-0.5822435861054789,-0.1962872244564502,-0.6234036293098881,-0.9110348884566402,751,482,269,0.012675823266589442,0.06298196260135694,0.03782889293397319,0.02515306966738375,-0.24393317134292714,-0.19558288362951215,-0.00020688036705476085,-0.5535407835342263
20,60,0.0025,1,0.0,999.0,1,-0.5868363782590853,-0.19850842089505139,-0.6409959161464649,-0.6977092032130283,1025,672,353,0.01747476418997187,0.07830547741188151,0.047890120800926694,0.030415356610954822,0.07953073411201173,-0.36097382273949963,-9.03582089806813e-05,-0.5538918391289352
12,60,0.005,1,-999.0,0.75,1,-0.5745604026701767,-0.19261201953470197,-0.6528025086827091,-0.7328850449004489,459,294,165,0.024590435214297535,0.09045176236968393,0.05752109879199073,0.0329306635776932,-0.34845634889220123,-0.1785334167914453,-0.00017792944609325235,-0.5556575261210789
48,200,0.005,1,-0.2,999.0,1,-0.6011885576397571,-0.2055710071825666,-0.6444901547499469,-0.5602895322414532,1433,947,486,0.03547906668873076,0.13430415356610956,0.08489161012742015,0.049412543438689394,0.17335387444549366,-0.3040333747449412,5.159435027630021e-06,-0.5558305611696127
30,60,0.01,1,0.2,999.0,1,-0.5907122430391037,-0.2003973394183295,-0.6245505717925076,-0.8660685707601763,744,507,237,0.013072976998179713,0.04868442826410723,0.030878702631143472,0.01780572563296376,0.00832979469507289,-0.4111236623767799,-0.00027473085132062933,-0.5559760538525921
30,200,0.01,1,-0.2,999.0,1,-0.6013091394184642,-0.20563114578323027,-0.6415173412142303,-0.5991023316276141,1207,818,389,0.03465166308125103,0.11375144795631309,0.07420155551878206,0.03954989243753103,0.11876512234258074,-0.34828213316671175,-3.2003865268810234e-05,-0.5563449329717262
20,96,0.01,1,-999.0,999.0,1,-0.5875603505909788,-0.1988602398483088,-0.6717876280602247,-0.4440007083359109,569,377,192,0.0618897898394837,0.17090848916101276,0.11639913950024822,0.05450934966076452,-0.24854888284959753,-0.27046294753079037,-6.315078495066458e-05,-0.5569540892952167
48,60,0.0,1,-999.0,999.0,1,-0.5563529636356807,-0.1840971769830323,-0.7135238624930846,-0.32666208979226646,686,437,249,0.056031772298527224,0.20165480721495946,0.12884328975674333,0.07281151745821612,-0.17090674241128856,-0.24589041335108852,-2.4116747807261787e-05,-0.557192212719188
12,60,0.0025,1,-999.0,1.5,1,-0.5863426570570167,-0.198268758903014,-0.6634884821956106,-0.5470462372135055,635,404,231,0.04057587291080589,0.1509184180043025,0.0957471454575542,0.05517127254674831,-0.2197671601907384,-0.2716510576325786,-7.662989000223578e-05,-0.5573653118614946
12,120,0.0025,1,-0.2,0.75,1,-0.5870948454589495,-0.1986339715896186,-0.6252126339058779,-0.9271459449251943,739,480,259,0.012311765679298361,0.061823597550885324,0.037067681615091844,0.02475591593579348,-0.22108883245419308,-0.23286055088611357,-0.00022043008828565456,-0.5575975857888172
12,120,0.0025,1,-999.0,0.75,1,-0.5734859509542897,-0.19210203676869986,-0.6618465410997083,-0.6954534387432952,508,321,187,0.026807876882343207,0.1057752771802085,0.06629157703127586,0.03948370014893265,-0.4027801946745829,-0.07925891025308363,-0.00014058015896605,-0.5577979792557187
30,60,0.005,1,-999.0,0.75,1,-0.577578928022074,-0.19404993172967022,-0.6523730250729889,-0.7543506655862451,445,281,164,0.02250537812344862,0.0863147443322853,0.05441006122786695,0.03190468310441834,-0.33153284477252154,-0.21055807111186076,-0.00019330946395120497,-0.5579539775454769
12,200,0.005,1,0.0,999.0,1,-0.5788394415168954,-0.19465267355080562,-0.662280258920991,-0.6433691250827679,1222,806,416,0.02326658944232997,0.09204037729604501,0.05765348336918749,0.03438689392685752,0.19075766817000694,-0.3483046907994698,-3.021519173926814e-05,-0.5579612592654395
48,60,0.01,1,-999.0,0.75,1,-0.5688772496511283,-0.18992540402958824,-0.6617170177938891,-0.7580416182581117,408,269,139,0.024093993049809696,0.07903359258646368,0.05156379281813669,0.02746979976832699,-0.36517116585538,-0.1671581742283711,-0.00021297381306645125,-0.5586859938394384
20,120,0.0025,1,-0.2,0.75,1,-0.5880702259622823,-0.19910829496278248,-0.6260979710971512,-0.934336133577677,723,472,251,0.012245573390699984,0.06069832864471289,0.036471951017706436,0.024226377627006454,-0.22127440364556916,-0.2405915044604804,-0.0002305837530755562,-0.558874087190242
20,200,0.005,1,0.0,999.0,1,-0.5727089078230887,-0.19173381719304994,-0.6723008729222486,-0.628779805688205,1230,814,416,0.02392851232831375,0.09243753102763529,0.05818302167797452,0.03425450934966076,0.24897583507137688,-0.3671107708415582,-2.3324197799281158e-05,-0.5593232439385845
48,200,0.0025,1,0.0,999.0,1,-0.5842164721207801,-0.19723911033174668,-0.6621411758527302,-0.6301518259902146,1352,880,472,0.023233493298030778,0.10107562468972364,0.062154558993877215,0.038921065695846434,0.10245202864451675,-0.2584096516437663,-7.470752156381617e-06,-0.5598172895576226
20,96,0.005,1,-999.0,999.0,1,-0.5926268011667635,-0.20133535889667598,-0.6763380227423453,-0.4289694625918601,640,414,226,0.061492636107893434,0.1920238292238954,0.12675823266589442,0.06526559655800099,-0.20446984439506255,-0.2947472377202879,-4.946938607313151e-05,-0.5609528433974416
30,60,0.01,1,-999.0,0.75,1,-0.5790974556909503,-0.1947762153087813,-0.6536226814345967,-0.7942777343183945,400,264,136,0.023034916432235646,0.0761873241767334,0.04961112030448453,0.026576203872248884,-0.3828184511650643,-0.16699187897452406,-0.00023420227876761875,-0.5613014427419993
48,96,0.0025,1,-0.2,0.75,1,-0.5925058722486735,-0.2012760132608844,-0.6301241358720848,-0.9526537306380597,714,472,242,0.012973688565282145,0.05950686744994208,0.03624027800761211,0.02326658944232997,-0.1926577662244896,-0.2786507468685473,-0.00024423845035273116,-0.5639707677288298
30,96,0.0025,1,-999.0,0.75,1,-0.5780981892574468,-0.1942980641999701,-0.6690959318174721,-0.7110103221242345,494,312,182,0.02598047327486348,0.10024822108224392,0.0631143471785537,0.03713387390369022,-0.38409232438018714,-0.123012634726968,-0.00015471967954608135,-0.5643965462149179
30,60,0.0025,1,-999.0,1.5,1,-0.5946647403203589,-0.2023374659669388,-0.66653171521512,-0.5767783906652748,619,391,228,0.03819295052126427,0.1441668045672679,0.0911798775442661,0.05298692702300182,-0.2229794628664623,-0.2890654125526493,-8.810356412899004e-05,-0.5644422431077626
30,60,0.01,1,-0.2,999.0,1,-0.6107893369917803,-0.21040254731952956,-0.6410465114195235,-0.6780761639511806,931,645,286,0.02829720337580672,0.09137845441006123,0.05983782889293397,0.03154062551712725,-0.06383478005668186,-0.3377120295460937,-0.00010690956792009394,-0.5648296112268504
12,96,0.005,1,-999.0,0.75,1,-0.5807227649933988,-0.19555575019568583,-0.6667487248695005,-0.7348894955748043,479,307,172,0.02703954989243753,0.09700479894092338,0.06202217441668045,0.034982624524242924,-0.35276936067462106,-0.1768447452208043,-0.00016627359900492692,-0.5656745874091763
12,60,0.0,0,0.0,0.75,1,-0.5959800182037511,-0.20298622910537178,-0.6528372669926765,-0.7266303664269376,1181,761,420,0.019923878868111866,0.08399801423134205,0.05196094654972696,0.03203706768161509,-0.10378193887471043,-0.18622530950697036,-6.318080392272257e-05,-0.5657363809230569
20,96,0.0025,1,-999.0,1.5,1,-0.5912099034030448,-0.20064084644178304,-0.6754944068337634,-0.5489226439741046,648,410,238,0.04325666059904021,0.15710739698825088,0.10018202879364554,0.05692536819460533,-0.2750829317576089,-0.22024414883217625,-7.394697939189845e-05,-0.56583418205737
20,120,0.0025,1,-999.0,0.75,1,-0.5800435209840654,-0.19522969444198535,-0.670621685359913,-0.7073701467747179,504,318,186,0.027006453748138343,0.10398808538805229,0.06549726956809532,0.038490815819956975,-0.3714140849322648,-0.14037463931539929,-0.00014826425351835074,-0.5659090444606777
48,60,0.005,1,-999.0,0.75,1,-0.5784513399417809,-0.19446695045556595,-0.6692293836173389,-0.7464651841623258,454,288,166,0.024193281482707264,0.08899553202051962,0.05659440675161344,0.03240112526890617,-0.34416735130164045,-0.19338892246957917,-0.0001855998800277557,-0.5664049014723517
12,60,0.0025,1,0.0,999.0,1,-0.5999221399252841,-0.20494021963766973,-0.6509904927259966,-0.7216463561622274,1060,694,366,0.01820287936455403,0.08088697666721827,0.04954492801588615,0.03134204865133212,0.060155444259158086,-0.35877771220560106,-9.260248858661445e-05,-0.5665177838087794
12,120,0.005,1,0.0,999.0,1,-0.5883025040341974,-0.1992213749026901,-0.6663721689556884,-0.69092878012719,1095,735,360,0.021413205361575375,0.08363395664405097,0.05252358100281317,0.031110375641237795,0.09405007887990746,-0.34930612837873265,-7.08444609896117e-05,-0.5669538983868938
30,60,0.005,1,-0.2,999.0,1,-0.6143492303140856,-0.21221675606949608,-0.644898634786613,-0.6562560281573524,1042,699,343,0.027569088201224556,0.1024325666059904,0.06500082740360748,0.03743173920238292,0.00826190826071782,-0.35591252598095624,-7.680061598265988e-05,-0.5674788748706702
12,200,0.01,1,-0.2,999.0,1,-0.6118076176221467,-0.2109202134583581,-0.6509570418739621,-0.6227633010247432,1179,802,377,0.03405593248386563,0.11196425616415688,0.07301009432401125,0.03895416184014562,0.07100102774085659,-0.3463613206805679,-4.4697638203589086e-05,-0.5675368994465763
30,96,0.005,1,0.0,999.0,1,-0.5911663858873413,-0.20061954429929252,-0.6648477570143945,-0.7104563945530178,1049,705,344,0.019791494290915108,0.08015886149263611,0.04997517789177561,0.0301836836008605,0.08412537688711708,-0.36274755957230975,-8.796962820287936e-05,-0.5685662425341407
20,200,0.01,1,-0.2,999.0,1,-0.6129861762419926,-0.21152063303910085,-0.652016742181516,-0.6243349629421361,1187,808,379,0.03465166308125103,0.1124937944729439,0.07357272877709747,0.038921065695846434,0.10793903802072169,-0.367546139446709,-4.408261003985794e-05,-0.5687457522769657
48,60,0.01,1,-999.0,999.0,1,-0.5996396367761521,-0.20479971243827877,-0.6810645892811605,-0.47461916557503037,564,376,188,0.05953996359424127,0.16352804898229356,0.11153400628826741,0.051994042694026146,-0.2617818940801484,-0.28093515985056516,-7.366224228940847e-05,-0.5690629653576105
12,96,0.0025,1,0.2,2.5,1,-0.5904752258147914,-0.2002814440526779,-0.6527446191764437,-0.8669279558535753,897,575,322,0.01082243918583485,0.05748800264769154,0.0341552209167632,0.023332781730928346,0.021574714951529517,-0.3721732281072331,-0.00018864827493888793,-0.5700001514335785
20,96,0.005,1,0.0,999.0,1,-0.5947343113226818,-0.20237174242554745,-0.6639925431756295,-0.7181896148591204,1046,700,346,0.01972530200231673,0.0798940923382426,0.049809697170279665,0.03008439516796293,0.07232969383281884,-0.3623177608834587,-9.242564307568444e-05,-0.5702774947563182
20,120,0.005,1,0.0,999.0,1,-0.5982593208173561,-0.20411425826423946,-0.6629356920166356,-0.7174610400716599,1082,725,357,0.020651994042694025,0.0826079761707761,0.05162998510673507,0.03097799106404104,0.053911130995599965,-0.34513181684762595,-8.455194785821443e-05,-0.5714551562761403
48,200,0.0,1,0.0,999.0,1,-0.5919348127996644,-0.20099594517300778,-0.6781726886234859,-0.6397374005118975,1419,909,510,0.022637762700645374,0.1057752771802085,0.06420651994042693,0.04156875723978157,0.1382773630962948,-0.2710622526533947,-1.6702295646137309e-06,-0.5720691595103456
48,120,0.01,1,-0.2,999.0,1,-0.6163079111812602,-0.21322030739973208,-0.6550034782483357,-0.6483738331977508,1102,755,347,0.03180539467152077,0.10501406586132715,0.06840973026642397,0.03660433559490319,-0.01545167838127992,-0.3237583554346215,-6.550976138923047e-05,-0.5731407381837875
20,60,0.01,1,-999.0,1.5,1,-0.5973599947954092,-0.20366860927940977,-0.6782062400293407,-0.6212998166713737,529,354,175,0.0429918914446467,0.12321694522588118,0.08310441833526394,0.04011252689061724,-0.1926533592912476,-0.35023472454122995,-0.0001213936241155884,-0.5738367201276489
12,96,0.0,1,-0.2,2.5,1,-0.5997532351925536,-0.2048562033856347,-0.67408787453732,-0.6397619905688264,1214,792,422,0.02584808869766672,0.11408240939930499,0.06996524904848585,0.044117160350819126,-0.04094967760317392,-0.23410521709917576,-3.5093388572115894e-05,-0.573888240182736
12,96,0.0025,1,-0.2,0.75,1,-0.6013032988849814,-0.2056282325785852,-0.6396623352408317,-0.9817395371843245,703,458,245,0.012278669534999172,0.059407579017044514,0.03584312427602184,0.023564454741022672,-0.2561834355164684,-0.23814997996423304,-0.00026014825795707614,-0.5745463770582173
20,60,0.005,1,-999.0,0.75,1,-0.5942231602402961,-0.20212000968889,-0.6682907689865448,-0.7912259056606414,449,284,165,0.02283633956644051,0.0875062055270561,0.05517127254674831,0.0323349329803078,-0.3433277692757737,-0.22649682926727788,-0.00020466299277563388,-0.5758266894651946
48,60,0.005,1,0.0,999.0,1,-0.602128287169701,-0.2060400464655181,-0.6665619302915013,-0.7467580352732649,994,666,328,0.01816978322025484,0.0762204203210326,0.04719510177064372,0.029025318550388878,0.016294757734032217,-0.3563915835194632,-0.00011756201619681739,-0.576658913374932
20,96,0.005,1,-999.0,0.75,1,-0.5917080506015293,-0.20088481433535155,-0.6783709501273745,-0.7666167416098494,472,299,173,0.02584808869766672,0.09515141486016879,0.060499751778917754,0.03465166308125103,-0.36076394444374804,-0.1912232028971923,-0.00018041936548688007,-0.5784011264795312
48,120,0.0025,1,0.0,999.0,1,-0.6177779733397157,-0.21397603549459787,-0.657487149012991,-0.7344691675571384,1164,769,395,0.020751282475591593,0.08892933973192123,0.05484031110375641,0.03408902862816482,0.008119910661562812,-0.32138083878618073,-7.832712191024709e-05,-0.5794430683789503
12,96,0.0025,1,-0.2,2.5,1,-0.6080831949005759,-0.20903173561021338,-0.6743126120647958,-0.6689364690674735,1145,760,385,0.026079761707761044,0.10782723812675823,0.06695349991725964,0.04087373820949859,-0.08414517722528192,-0.24131234163567927,-5.540193410443916e-05,-0.5796348650959849
20,96,0.01,1,-999.0,0.75,1,-0.5914832709821691,-0.20077470076842563,-0.6781938815970934,-0.8045935685010815,424,279,145,0.025715704120469966,0.08370014893264935,0.054707926526559654,0.02899222240608969,-0.4010583174447716,-0.15682297750527974,-0.00021822258073513954,-0.5801013199920264
48,120,0.01,1,0.2,999.0,1,-0.612859857406292,-0.21145621406909854,-0.6499388978026126,-0.88020367075274,842,571,271,0.014429918914446466,0.054608638093662086,0.03451927850405428,0.02008935958960781,0.025011784812962512,-0.4245295223495733,-0.0002429225563104109,-0.5804358465080418
12,120,0.0,1,0.0,999.0,1,-0.6104593598298869,-0.21023501374346576,-0.6698440274214796,-0.716878319530524,1207,789,418,0.02018864802250538,0.09194108886314745,0.05606486844282641,0.035876220420321035,-0.012492524108522307,-0.27860247601792076,-6.116574372795413e-05,-0.5810009434307318
48,96,0.005,1,0.0,999.0,1,-0.6182788017634744,-0.2142339984762086,-0.6585936737996652,-0.7731859926190848,1072,722,350,0.020784378619890784,0.08161509184180044,0.05119973523084561,0.030415356610954822,-0.022458557828843873,-0.3325001729244854,-0.0001091681417340072,-0.5821901350069955
48,120,0.0,1,0.0,999.0,1,-0.6199405010351322,-0.21509171579194541,-0.6611681326534515,-0.7324496633698337,1223,797,426,0.02048651332119808,0.09309945391361907,0.056792983617408574,0.036306470296210494,0.010081111473920323,-0.30636207209700617,-6.551186996056415e-05,-0.5822982652871629
20,60,0.0025,1,-999.0,1.5,1,-0.6137381646424368,-0.2119044520438299,-0.682365599392246,-0.6116381249481738,623,393,230,0.03878868111864968,0.14641734237961276,0.09260301174913123,0.05381433063048155,-0.22573055717920343,-0.3187504270978506,-9.667398159101595e-05,-0.5836691579873615
20,96,0.0025,1,-999.0,999.0,1,-0.6176571706544927,-0.21391385127989437,-0.6935343245993674,-0.4636129706988531,668,426,242,0.05937448287274533,0.20069501903028297,0.13003475095151415,0.07066026807876882,-0.3178261564489917,-0.21720414215501904,-5.436435937308514e-05,-0.5838616621145207
20,96,0.0,1,0.0,999.0,1,-0.6195003558605923,-0.21486425331527037,-0.6663249062509891,-0.7535681738183047,1148,745,403,0.018368360086049976,0.08727453251696178,0.05282144630150588,0.0344530862154559,-0.04515515291974992,-0.29243096169611005,-8.6313996951926e-05,-0.5857051151316801
20,200,0.01,1,0.2,999.0,1,-0.6174953938291362,-0.21383059834180018,-0.6577852955827804,-0.8792339304790032,906,613,293,0.015687572397815656,0.05798444481217938,0.03683600860499752,0.021148436207181865,0.1159677205635028,-0.4607754742956487,-0.00021564079082917058,-0.5866849426571406
12,96,0.01,1,-999.0,0.75,1,-0.602062920991729,-0.2060073939370658,-0.6837103760257226,-0.827681955655004,427,284,143,0.026907165315240775,0.08502399470461691,0.05596558000992884,0.02905841469468807,-0.4050657787952662,-0.17188525575855285,-0.00022403434991062485,-0.5892466797326773
48,60,0.005,1,-999.0,999.0,1,-0.6209804285988851,-0.21562992515103463,-0.6985481223987768,-0.4912723336105353,630,409,221,0.05924209829554857,0.1828892933973192,0.1210656958464339,0.061823597550885324,-0.2566464476964042,-0.3012799769352005,-6.721259792951969e-05,-0.5894676030309498
12,60,0.01,1,-999.0,0.75,1,-0.6065862778652342,-0.20827650946429865,-0.6789385420814629,-0.8537762962690788,407,272,135,0.024888300512990236,0.07890120800926692,0.05189475426112858,0.027006453748138343,-0.4155977475839595,-0.17483907901041595,-0.00025177831313194147,-0.5904345953184841
20,60,0.01,1,0.2,999.0,1,-0.6221757615953806,-0.21624993308822693,-0.6542461142411293,-0.9509089319985461,748,512,236,0.013370842296872415,0.048916101274201554,0.031143471785536985,0.017772629488664572,-0.008635299114351014,-0.44598296229955137,-0.00032561446884745663,-0.5909184368087189
12,200,0.0,1,0.0,999.0,1,-0.6231541521195647,-0.21675851032670657,-0.6768240914565213,-0.7193984837495806,1346,864,482,0.02171107066026808,0.10127420155551878,0.061492636107893434,0.03978156544762535,0.05828110511361406,-0.3019026762077802,-4.063060062451764e-05,-0.5911404802424463
30,200,0.0025,1,0.0,999.0,1,-0.6177223118540497,-0.21394738143905823,-0.6831460380078873,-0.7136434944227391,1307,853,454,0.022935627999338078,0.09806387555849744,0.060499751778917754,0.037564123779579676,0.07642419295232772,-0.31722451209520186,-4.454217629322501e-05,-0.5912025751641389
12,200,0.01,1,0.2,999.0,1,-0.6239188271487557,-0.21715668567933988,-0.6599386749150502,-0.8983100312132087,900,608,292,0.015389707099122952,0.05768657951348668,0.03653814330630482,0.021148436207181865,0.050231244601351754,-0.4383341107620312,-0.00022833630586122406,-0.5920415246975255
20,60,0.01,1,-999.0,0.75,1,-0.6080645414015622,-0.20902231123287596,-0.6796056432013635,-0.8663187323559977,401,265,136,0.023332781730928346,0.07694853549561476,0.050140658613271556,0.026807876882343207,-0.402028818379607,-0.19900072737863883,-0.0002619022320735585,-0.5921410694513576
30,120,0.005,1,0.0,999.0,1,-0.6263407439386711,-0.21842182516114694,-0.6686724702380595,-0.7886694776870513,1080,724,356,0.020651994042694025,0.08240939930498097,0.0515306966738375,0.030878702631143472,0.00977320774994217,-0.3649183405147973,-0.00011449883829939064,-0.5921915341645293
48,120,0.005,1,-0.2,999.0,1,-0.6364829567583485,-0.2237875827904131,-0.6752804885339151,-0.6635108166470703,1236,829,407,0.03283137514479563,0.11795465828231011,0.07539301671355288,0.04256164156875724,0.048825423441917426,-0.3568938216629409,-5.1226398334860905e-05,-0.5946033678897242
30,96,0.01,1,-0.2,999.0,1,-0.6352185212025221,-0.22311255446953937,-0.6727283486783722,-0.7141071535931993,1028,711,317,0.03021677974515969,0.09892437531027636,0.06457057752771803,0.03435379778255833,-0.11898912792634053,-0.3076356451259935,-0.00010162591095425783,-0.5951820864883854
12,120,0.0025,1,0.0,999.0,1,-0.6304062516699301,-0.22055941920976352,-0.6723069765923962,-0.7760581805739561,1143,757,386,0.020254840311103757,0.08717524408406421,0.05371504219758398,0.033460201886480224,-0.06157610290163906,-0.30243139746217296,-9.783805308763006e-05,-0.5955158165346593
30,200,0.01,1,0.2,999.0,1,-0.6258857096128818,-0.21818366033149061,-0.66523480946112,-0.9016938963136253,919,621,298,0.01581995697501241,0.05851398312096641,0.03716697004798941,0.021347013072976997,0.0959407013591036,-0.459462956230134,-0.00022243051425185873,-0.5958857598777318
48,200,0.005,0,0.0,0.75,1,-0.6189162836306473,-0.21456271516975767,-0.7016924843822503,-0.6302835012460737,1415,912,503,0.026675492305146452,0.10286281648187987,0.06476915439351316,0.0380936620883667,0.0027064599489179386,-0.2291505536667322,-1.6297760383080793e-05,-0.5969231324231865
30,96,0.0,1,0.0,999.0,1,-0.6310025125046479,-0.22087440604392183,-0.6745556195462499,-0.7842016264005707,1145,750,395,0.018666225384742677,0.08710905179546582,0.05288763859010425,0.034221413205361574,-0.045126734331147444,-0.3148692738142945,-9.890996822346135e-05,-0.5973622971370753
48,200,0.005,0,0.2,0.75,1,-0.6124659891255139,-0.21125545369345455,-0.6983875032140021,-0.7409729291428713,1190,771,419,0.019328148270726462,0.07294390203541287,0.046136025153069665,0.026807876882343207,0.13850563634714597,-0.38308223543168507,-8.734328108967139e-05,-0.5974978517575992
48,60,0.0,1,0.0,999.0,1,-0.6326818116213861,-0.2217635851059956,-0.6716857817398005,-0.799796928113068,1087,709,378,0.01704451431408241,0.0829058414694688,0.04997517789177561,0.0329306635776932,-0.08907721391830115,-0.305521271178798,-0.0001186484630325137,-0.5975963223815492
20,96,0.0025,1,0.0,999.0,1,-0.6347011665937325,-0.2228368664868542,-0.6695568712494447,-0.8004044304798966,1090,718,372,0.01863312924044349,0.08310441833526394,0.05086877378785371,0.03223564454741023,-0.06723219109887357,-0.324501450653804,-0.00011942886912534989,-0.5976355236355715
30,200,0.0,1,0.0,999.0,1,-0.6198872150318674,-0.21506416763306557,-0.6944415737385687,-0.7107298909958264,1372,883,489,0.022571570412046996,0.10266423961608473,0.06261790501406586,0.04004633460201887,0.11318838074967297,-0.3218210063670962,-3.301115507294313e-05,-0.5978214490521413
20,200,0.0,1,0.0,999.0,1,-0.6207130393965039,-0.21549143357138456,-0.6935751153129783,-0.7136685293025486,1351,870,481,0.02243918583485024,0.10127420155551878,0.06185669369518451,0.039417507860334274,0.11398658893486302,-0.3308442125826785,-3.771514126862325e-05,-0.5979624176930012
12,60,0.0025,1,-999.0,0.75,1,-0.6162144507900993,-0.2131723348086232,-0.6867960088204853,-0.8285332922397443,479,304,175,0.02329968558662916,0.09491974185007447,0.05910971371835181,0.035810028131722654,-0.4292651820861041,-0.14553595868566382,-0.0002011344312811505,-0.5979970038308531
12,200,0.0025,1,0.0,999.0,1,-0.6348780203395232,-0.22293107538539714,-0.6746100393359664,-0.7580574829744121,1278,830,448,0.021909647526063215,0.09624358762204203,0.05907661757405262,0.03716697004798941,0.012324536861159086,-0.3165578027528093,-6.645941816529243e-05,-0.598138969202101
20,120,0.0,1,0.0,999.0,1,-0.6333573824966054,-0.22212215562468873,-0.6745094075649574,-0.7784881574494046,1190,776,414,0.019559821280820785,0.09031937779248718,0.05493959953665398,0.035379778255833196,-0.057300241093752424,-0.2947560190093068,-8.820059398425125e-05,-0.5983012672796376
30,200,0.005,1,-0.2,999.0,1,-0.6417380767000488,-0.22661207408430695,-0.6789240674004522,-0.654476838874227,1387,918,469,0.035644547410226705,0.1307628661260963,0.08320370676816151,0.047559159357934803,0.15046694925320936,-0.37686083151796,-2.852735881464009e-05,-0.5987979497282444
30,96,0.0025,1,0.0,999.0,1,-0.6353011689932029,-0.22315662298193628,-0.6729872821251806,-0.8032280744950897,1090,724,366,0.01893099453913619,0.08320370676816151,0.05106735065364885,0.03213635611451266,-0.05923262986222411,-0.33134544038669145,-0.00012008445486507545,-0.5998116677692811
12,60,0.01,0,0.0,0.75,1,-0.6316427289006352,-0.2212130383727423,-0.6785536379655026,-0.8668617258562038,950,648,302,0.02015555187820619,0.06708588449445639,0.04362071818633129,0.023465166308125104,-0.16859452116908902,-0.2874787298923528,-0.00018819370259075187,-0.6038329436483039
48,60,0.01,1,-0.2,999.0,1,-0.6419659534121305,-0.22673525266052985,-0.6801821278835974,-0.7433922129134002,968,672,296,0.028528876385901042,0.09399304980969717,0.061260963097799104,0.03273208671189806,-0.16480452583315297,-0.30435560352859337,-0.00012569936737616462,-0.6039959272479987
12,96,0.005,1,0.0,999.0,1,-0.6253649310362001,-0.217911351322422,-0.6939446642232696,-0.7896449918089299,1064,713,351,0.02061889789839484,0.08105245738871421,0.050835677643554525,0.03021677974515969,0.04076270095579981,-0.3871429959359227,-0.00011902585767233579,-0.6043659330245033
20,200,0.0025,1,0.0,999.0,1,-0.6330992469298025,-0.221985087440553,-0.6899282855408153,-0.7525439103718007,1287,840,447,0.022737051133542942,0.09654145292073474,0.05963925202713884,0.036902200893595895,0.05849107661076669,-0.34021902017936023,-6.292499326893894e-05,-0.6045764257295507
20,60,0.0,0,0.0,0.75,1,-0.6361079611059153,-0.22358720521542086,-0.6829287633316505,-0.8149528703281447,1176,752,424,0.020354128744001325,0.08522257157041205,0.05278835015720668,0.032434221413205365,-0.12475587222325246,-0.2513611398303669,-0.00010242873315027915,-0.6057992303976534
30,60,0.0025,1,-999.0,0.75,1,-0.6243304409987289,-0.21737126922153316,-0.6908466905869686,-0.8674367304930092,463,290,173,0.021446301505874565,0.09008770478239285,0.05576700314413371,0.03432070163825914,-0.40867107984509066,-0.19916840080881193,-0.00022424444688656057,-0.6061664510396679
12,60,0.0,0,-0.2,0.75,1,-0.6443091115370667,-0.2280052667517849,-0.6891057922019292,-0.6835979292931892,1334,860,474,0.029356279993380772,0.119510177064372,0.07443322852887639,0.04507694853549561,-0.14071724411260245,-0.1933530315311257,-4.323021191389054e-05,-0.606738059317409
20,200,0.005,1,-0.2,999.0,1,-0.6491371181937906,-0.23064199849697187,-0.6855551213680737,-0.6719115218883915,1361,901,460,0.03557835512162833,0.12897567433394008,0.08227701472778422,0.046698659606155886,0.15185353219981956,-0.3983395397063799,-3.766728843638464e-05,-0.6070151352754283
20,60,0.01,1,-0.2,999.0,1,-0.6452422824710113,-0.22851280088310144,-0.6830070328533752,-0.7560034859864582,944,653,291,0.0289591262617905,0.09177560814165149,0.060367367201721,0.0314082409399305,-0.06164519424858239,-0.39381801045999,-0.0001369526920765836,-0.6078164916091119
20,120,0.0025,1,0.0,999.0,1,-0.6430532375576248,-0.22732379379097978,-0.6799382915468596,-0.8123105046253621,1129,745,384,0.019526725136521594,0.0859837828892934,0.052755254012907496,0.0332285288763859,-0.08660523979481571,-0.31266972059928155,-0.00011571246281586324,-0.6079084647956776
20,60,0.005,1,-0.2,999.0,1,-0.6499957865935774,-0.2311137901309056,-0.6814148336554685,-0.7349428337332936,1061,707,354,0.027966241932814828,0.10309448949197418,0.06553036571239451,0.037564123779579676,0.019987119168638712,-0.41664970032155635,-0.00010378510665958454,-0.6085683486453046
48,60,0.0025,1,-999.0,999.0,1,-0.6420292526957183,-0.22676947946815862,-0.7127675146160865,-0.5216476953733441,657,422,235,0.057554194936289924,0.1911302333278173,0.12434221413205361,0.06678801919576369,-0.35399189662015185,-0.23031860587707742,-7.075636106302328e-05,-0.609235621544869
48,60,0.0025,1,-999.0,0.75,1,-0.6215237691161993,-0.21591156875808837,-0.7030264165509823,-0.8495679121230283,470,296,174,0.023365877875227536,0.09273539632632798,0.058050637100777756,0.03468475922555023,-0.4186976341778925,-0.17639069199010848,-0.00021305471460759118,-0.6099031726397309
48,60,0.0025,1,0.0,999.0,1,-0.645245390136833,-0.22851449275525526,-0.6812840434387635,-0.8404370672352711,1035,685,350,0.017309283468475923,0.07919907330795962,0.04825417838821777,0.03094489491974185,-0.11052330569413471,-0.33073660182227504,-0.00015048597975069722,-0.6111783678364006
12,200,0.005,1,-0.2,999.0,1,-0.6543937110867037,-0.23354390728566843,-0.6902661033497541,-0.6855562805530527,1351,894,457,0.0347509515141486,0.12821446301505873,0.08148270726460367,0.04673175575045507,0.1106598909472809,-0.38843892338343344,-4.3228203386785786e-05,-0.6129547729881981
48,200,0.0025,1,-0.2,999.0,1,-0.6557183312377576,-0.23428038023544473,-0.6920095072625102,-0.6639293494677009,1514,987,527,0.03468475922555023,0.1411219592917425,0.08790335925864637,0.05321860003309614,-0.010081625184287901,-0.2584206053172292,-1.8553283680780625e-05,-0.6134816013400849
48,200,0.005,1,0.2,999.0,1,-0.6450261564595265,-0.22839516503304758,-0.6801406929020901,-0.9132156877324135,1100,716,384,0.015886149263610788,0.06996524904848585,0.04292569915604832,0.02703954989243753,0.1106229195389723,-0.4459468583221564,-0.00016347251333896352,-0.6141262958707133
30,60,0.0,1,-0.2,999.0,1,-0.6543420672417102,-0.23351523681502206,-0.688467491162981,-0.7281966950942417,1158,751,407,0.026013569419162667,0.11265927519443984,0.06933642230680126,0.04332285288763859,-0.09556141896236092,-0.31799613097563106,-8.250137361379355e-05,-0.6141588171512246
30,96,0.01,1,0.2,999.0,1,-0.641683487844259,-0.22658257484233812,-0.6760018934218348,-0.9928013609075292,801,542,259,0.013635611451265928,0.05202713883832533,0.03283137514479563,0.019195763693529704,-0.0631904727203163,-0.4290554109043375,-0.00032092067286927775,-0.614223589598632
48,200,0.0,0,0.2,0.75,1,-0.6325610966869158,-0.22169956571191063,-0.7082783300380485,-0.7717817150189332,1309,835,474,0.019990071156710244,0.08095316895581665,0.05047162005626345,0.030481548899553203,0.04728768334373701,-0.3251321145030862,-7.373595565048396e-05,-0.6144278164818816
30,60,0.005,1,0.2,999.0,1,-0.6454952135696757,-0.22865053772774047,-0.6747514624026056,-0.9954978726132357,845,556,289,0.012576534833691875,0.055270560979645875,0.03392354790666887,0.021347013072976997,-0.028766757688208577,-0.4430273484315592,-0.0002943518264488025,-0.6158011625597051
12,96,0.0,1,0.0,999.0,1,-0.6452648172613962,-0.2285250695017842,-0.6940935309096568,-0.812660375322605,1173,764,409,0.01939434055932484,0.08922720503061393,0.05431077279496939,0.03491643223564455,-0.058743271527826435,-0.3223997093129828,-0.00010505156591602801,-0.6162048537227428
12,60,0.005,0,0.0,0.75,1,-0.6445382083877228,-0.22812977568856418,-0.6894095640726808,-0.8801161084499538,1076,708,368,0.019791494290915108,0.0759225550223399,0.0478570246566275,0.028065530365712396,-0.11869210008637665,-0.30916532846849354,-0.00015193678335167224,-0.6168403631474022
30,96,0.005,1,-0.2,999.0,1,-0.6571179071395281,-0.23506083923061227,-0.692867974658609,-0.735380850896672,1148,774,374,0.03008439516796293,0.11044183352639418,0.07026311434717855,0.04017871917921562,-0.08256490265453342,-0.3363840301712677,-8.809479013671433e-05,-0.6182638691047504
48,200,0.0,0,0.0,0.75,1,-0.6450273690680548,-0.22839582489744126,-0.7142321884895262,-0.6705438833562071,1569,998,571,0.027933145788515638,0.11385073638921066,0.07089194108886315,0.04295879530034751,-0.08250340752961871,-0.15245564947882517,-1.0719269439597351e-05,-0.6190391133100147
12,96,0.0025,1,-999.0,0.75,1,-0.6331167189839313,-0.22199436269792905,-0.7083926552302767,-0.8600375998430249,499,317,182,0.025814992553367534,0.10134039384411717,0.06357769319874235,0.03776270064537481,-0.4396434260646017,-0.15967550853469414,-0.00019869099745012695,-0.6191925703052186
20,96,0.0025,1,-999.0,0.75,1,-0.6316808528531987,-0.22123321734888468,-0.709859237927053,-0.862778176076208,489,307,182,0.024623531358596722,0.09889127916597716,0.061757405262286943,0.03713387390369022,-0.4356671547547517,-0.16650974888325154,-0.00020453323618559947,-0.6193017451162216
48,60,0.01,1,0.2,999.0,1,-0.6472001662050525,-0.22958091849765616,-0.6788321415665054,-1.0200586194715995,762,518,244,0.01274201555518782,0.04954492801588615,0.031143471785536985,0.018401456230349163,-0.12124276240419263,-0.41228464859105296,-0.0003616678218974645,-0.6199999202544888
20,96,0.01,1,-0.2,999.0,1,-0.659075383638397,-0.23615642154863903,-0.6914311108630373,-0.7763015944559845,1007,695,312,0.030382260466655635,0.09796458712559987,0.06417342379612775,0.033791163329472115,-0.15897871267581043,-0.32923046644602394,-0.00012937813687743946,-0.6206870567029569
48,96,0.01,1,-0.2,999.0,1,-0.6585487180441443,-0.23586118873100337,-0.6929842755291555,-0.7667704624979691,1061,734,327,0.030911798775442662,0.1012080092669204,0.06605990402118153,0.03514810524573887,-0.17801655403044037,-0.2938182067105124,-0.00011498079812049772,-0.6206918496204796
20,120,0.01,1,-0.2,999.0,1,-0.6593563117496359,-0.23631404120846955,-0.694384093365989,-0.7643829964785493,1054,729,325,0.031077279496938608,0.10143968227701473,0.06625848088697667,0.03518120139003806,-0.14761226387311277,-0.32299233912938685,-0.00011612528348568616,-0.6217252377153916
48,200,0.01,0,0.0,0.75,1,-0.6530301515864128,-0.23278799150276042,-0.698510428711238,-0.795938505281294,1231,817,414,0.026510011583650506,0.08978983948370015,0.058149925533675324,0.03163991395002482,-0.20540965481785,-0.19179123593511516,-9.764560076647039e-05,-0.6218401311224442
30,60,0.0025,1,-0.2,999.0,1,-0.6644273517126396,-0.23917613699968376,-0.6899126254162496,-0.7612764051075127,1093,722,371,0.02641072315075294,0.10696673837497932,0.06668873076286613,0.04027800761211319,-0.15169097558572497,-0.3166648548571641,-0.00010701316780711697,-0.6221962699631842
20,60,0.0025,1,-999.0,0.75,1,-0.6388528682959924,-0.22505753357884706,-0.7047740886069471,-0.9016838150959625,468,294,174,0.02171107066026808,0.09167631970875394,0.056693695184511006,0.034982624524242924,-0.42555726070222444,-0.2055112555713139,-0.00023315720751223564,-0.6225287686371187
30,120,0.01,1,-0.2,999.0,1,-0.6602933678621711,-0.23684049865932488,-0.6945529764131038,-0.7684868653697042,1061,731,330,0.030746318053946717,0.10163825914280986,0.0661922885983783,0.035445970544431576,-0.15214288468792603,-0.31886656878268804,-0.00011585166767547965,-0.622541330134362
12,60,0.01,1,-0.2,999.0,1,-0.6605245992208546,-0.23697057664066445,-0.6923338245400941,-0.7904966919799401,969,676,293,0.030117491312262122,0.09399304980969717,0.06205527056097965,0.031937779248717525,-0.0886244798502891,-0.39524530519005086,-0.00014429055542999964,-0.6226623235097085
20,120,0.01,1,0.2,999.0,1,-0.6495894649496444,-0.23089043044169777,-0.683150661412973,-1.0053002907636077,822,557,265,0.013966572894257819,0.05328479232169452,0.03362568260797617,0.019659109713718353,-0.0745632524419193,-0.42882382367804084,-0.00031927362900613436,-0.6227307756863647
12,60,0.01,1,0.2,999.0,1,-0.6489408978346463,-0.2305343075912154,-0.6823330891506796,-1.027914387505565,764,523,241,0.013767996028462685,0.04990898560317723,0.03183849081581996,0.018070494787357273,-0.03193714564394612,-0.468603532907777,-0.00036198137175044666,-0.6230965715418334
20,60,0.01,0,0.0,0.75,1,-0.6491738120716495,-0.23066214207511604,-0.6953567613308902,-0.8994987527936773,945,643,302,0.020685090186993216,0.06854211484362072,0.044613602515306966,0.02392851232831375,-0.19466506947551,-0.3011709843892787,-0.00020696122646628358,-0.623315460380245
48,200,0.0,1,-0.2,999.0,1,-0.6642777076966861,-0.23909121518257193,-0.7042083115715783,-0.6766929310664433,1590,1021,569,0.03398974019526725,0.14777428429587952,0.0908820122455734,0.05689227205030614,0.037718533928186915,-0.28344246978696375,-1.4130437955593234e-05,-0.6250300175216832
30,60,0.0,0,0.0,0.75,1,-0.654162114472745,-0.2334153597587726,-0.7008363638356825,-0.8543155474502643,1191,764,427,0.02091676319708754,0.08724143637266259,0.05407909978487506,0.03316233658778752,-0.12260056757989524,-0.28490744054222605,-0.00011553462739913855,-0.626549319049127
48,96,0.0,1,0.0,999.0,1,-0.6595396736075405,-0.23641697217148827,-0.6962835737360291,-0.8562306422044655,1173,770,403,0.019824590435214298,0.08873076286612609,0.054277676650670195,0.0344530862154559,-0.1236297996288892,-0.3015162242783386,-0.0001215129164424719,-0.6273702911497261
30,60,0.0,0,-0.2,0.75,1,-0.6626890041186465,-0.23819138340060386,-0.7088610951183383,-0.7125640838160191,1324,847,477,0.030349164322356445,0.12374648353466822,0.07704782392851232,0.046698659606155886,-0.1290079070088016,-0.24908438894408547,-5.563876172699023e-05,-0.6282501351505739
48,96,0.01,1,0.2,999.0,1,-0.6542561795593986,-0.23346756272969604,-0.687370413074442,-1.026568275149916,817,554,263,0.013867284461360251,0.052854542445805064,0.033360913453582657,0.019493628992222407,-0.11234667290587097,-0.4139094697308947,-0.0003326265810941548,-0.6284811830244128
20,96,0.01,1,0.2,999.0,1,-0.6553179825451697,-0.23405756749821127,-0.6858744039522521,-1.0359604196273566,796,540,256,0.013767996028462685,0.05169617739533344,0.03273208671189806,0.01896409068343538,-0.09113197900787118,-0.4353098218813837,-0.00034948652229215346,-0.6287927904557052
48,120,0.005,1,0.2,999.0,1,-0.6591204445947443,-0.23618169723314797,-0.6917187149031203,-0.9850278766217531,959,635,324,0.014860168790335925,0.06232003971537316,0.03859010425285454,0.023729935462518618,0.0030901299851009423,-0.45101904280408045,-0.00024600012862688195,-0.6312924485157958
12,96,0.0025,1,0.0,999.0,1,-0.664814874250051,-0.23939618505814975,-0.6976253842246388,-0.8772814991600733,1111,734,377,0.019526725136521594,0.08452755254012907,0.05202713883832533,0.03250041370180374,-0.10600682265864048,-0.3464761356651175,-0.00014649425701999459,-0.6320729521284729
48,200,0.0,0,-0.2,0.75,1,-0.6712972367202845,-0.2431056784525334,-0.7191595777111517,-0.590270358729401,1762,1119,643,0.04004633460201887,0.16256826079761708,0.10130729769981797,0.061260963097799104,-0.022050918383489604,-0.18907809091452998,1.0481866845652196e-05,-0.6321989852445793
20,120,0.005,1,-0.2,999.0,1,-0.6702977375595123,-0.24253016581651043,-0.7046736305818335,-0.7576789019070974,1188,801,387,0.031209664074135363,0.11408240939930499,0.07264603673672017,0.041436372662584806,-0.10389661913388004,-0.333501390114587,-8.968915857910224e-05,-0.6327509262027821
30,60,0.0,1,0.2,999.0,1,-0.6603084392220513,-0.23684897495085067,-0.6917912373941228,-1.0073179357734432,930,589,341,0.011418169783220255,0.060996193943405594,0.036207181863312926,0.024789012080092668,-0.08535105582655489,-0.40867293408373284,-0.000263180023784363,-0.6331104904365843
20,60,0.0,0,-0.2,0.75,1,-0.6661124232167881,-0.24013436728683435,-0.7144143663463554,-0.7271139875720732,1326,848,478,0.02981962601356942,0.1210325997021347,0.07542611285785206,0.04560648684428264,-0.13272286091402186,-0.25277462572665943,-6.008635323509128e-05,-0.6336972498386156
48,120,0.0025,1,-0.2,999.0,1,-0.6725394555188103,-0.24382278062419782,-0.706450073180303,-0.7350019783613619,1291,856,435,0.031772298527221576,0.12311765679298362,0.0774449776601026,0.04567267913288102,-0.09837075791313821,-0.3073111662556157,-6.818311863918799e-05,-0.6337979161324174
30,120,0.0,1,0.0,999.0,1,-0.6654575601393378,-0.23976154406892636,-0.7015627772412307,-0.8660622847103397,1181,773,408,0.019559821280820785,0.08978983948370015,0.05467483038226047,0.035115009101439686,-0.10251246350653187,-0.32711969098518934,-0.00012438069843209647,-0.6338460469250587
20,96,0.005,1,-0.2,999.0,1,-0.6718741302273672,-0.24343845167617106,-0.703490276769116,-0.77450339935824,1131,759,372,0.029918914446466986,0.10987919907330795,0.06989905675988747,0.03998014231342049,-0.12298969619068811,-0.34129535725157767,-0.0001045545069046434,-0.633908760028641
12,120,0.01,1,0.2,999.0,1,-0.6612584838579569,-0.23738386000112743,-0.6949783550842636,-1.0415331441370708,828,564,264,0.014529207347344034,0.0536488499089856,0.03408902862816482,0.019559821280820785,-0.06959392726118663,-0.44914312932210587,-0.0003360671619842139,-0.6369496947501128
48,60,0.005,1,-0.2,999.0,1,-0.6723583251566918,-0.24371809169083591,-0.7077986415865649,-0.7883762487180281,1081,730,351,0.028032434221413206,0.10481548899553202,0.06642396160847261,0.03839152738705941,-0.15655392914201194,-0.33298332837926536,-0.00011937781003291351,-0.6370362249200198
30,120,0.01,1,0.2,999.0,1,-0.6620205732313761,-0.23781373774518544,-0.6943911580390357,-1.0454226365205763,824,558,266,0.013999669038557008,0.05331788846599371,0.03365877875227536,0.019659109713718353,-0.09490523327068978,-0.4361413009135551,-0.0003409739446019433,-0.6372804485907321
12,96,0.01,1,0.2,999.0,1,-0.6625523950437237,-0.2381141573281801,-0.6937489184663581,-1.0558972131907618,804,546,258,0.014165149760052953,0.05215952341552209,0.03316233658778752,0.018997186827734568,-0.07511517246508703,-0.45455779706990695,-0.0003569146731537188,-0.6377834772208972
48,96,0.0025,1,0.0,999.0,1,-0.6694855365810295,-0.2420634621283012,-0.703639211891083,-0.8926834355878634,1115,742,373,0.019890782723812676,0.08469303326162501,0.05229190799271885,0.03240112526890617,-0.1441296725605251,-0.3255306436264489,-0.00015114236733797218,-0.6385172398532359
12,60,0.0025,0,0.0,0.75,1,-0.6642713477300295,-0.23908760657957062,-0.7066517107538823,-0.9273704784448363,1123,727,396,0.01846764851894754,0.0795631308952507,0.04901538970709912,0.03054774118815158,-0.2141233153203952,-0.2508800919533255,-0.00015801132964739895,-0.6387819858787536
48,200,0.005,0,-0.2,1.5,1,-0.6618541299993532,-0.23771978882909206,-0.764201754101732,-0.4019955699664212,2309,1507,802,0.06000330961442992,0.23554525897732914,0.14777428429587952,0.0877709746814496,0.48038151827601694,-0.2755113255123144,6.711594216138637e-05,-0.6399204443782791
48,96,0.005,1,-0.2,999.0,1,-0.6772388234443727,-0.24655420074999101,-0.7102537308114916,-0.7816620974206419,1183,803,380,0.03154062551712725,0.11295714049313255,0.0722488830051299,0.04070825748800265,-0.14391815171292988,-0.31873601593610124,-9.820484770492847e-05,-0.6407641710267689
12,60,0.005,1,-0.2,999.0,1,-0.6780251542235489,-0.24701414787280696,-0.7086613670888563,-0.8002744390527461,1099,738,361,0.029323183849081582,0.10623862320039715,0.06778090352473937,0.03845771967565779,-0.017578383016065957,-0.43215666491292715,-0.00012009630304036117,-0.6413585533698725
30,120,0.0025,1,0.0,999.0,1,-0.6722616847099915,-0.24366225361732607,-0.7061284870619651,-0.8946322366344054,1123,744,379,0.019626013569419162,0.0856859175906007,0.05265596558000993,0.033029952010590766,-0.12485832075509862,-0.3433012569709035,-0.00015047282837387394,-0.6414581089800289
48,120,0.0,1,-0.2,999.0,1,-0.6794854392533515,-0.24787054867789116,-0.7134128277459156,-0.7455127007882013,1357,888,469,0.03154062551712725,0.12877709746814497,0.08015886149263611,0.04861823597550885,-0.09634500468657758,-0.3008222358262098,-6.150334633397986e-05,-0.6418525975902591
30,60,0.01,0,0.0,0.75,1,-0.665193139396278,-0.23961116048065256,-0.7113671007869418,-0.9339052977688508,966,658,308,0.02131391692867781,0.07056097964587126,0.04593744828727453,0.024623531358596722,-0.19906825608742762,-0.32233425191323006,-0.00021665151985724367,-0.641989975762566
20,60,0.005,1,0.2,999.0,1,-0.6678944045569193,-0.2411516584418809,-0.6960347040076715,-1.0610479359456326,851,561,290,0.01274201555518782,0.05556842627833857,0.0341552209167632,0.021413205361575375,-0.040179844399664044,-0.4704282095867145,-0.00032924806966125726,-0.6422214072429984
48,200,0.0,1,0.2,999.0,1,-0.6704476903263349,-0.24261642530556127,-0.7037609248512628,-0.9555220818575526,1214,763,451,0.014793976501737548,0.07741188151580342,0.04610292900877048,0.03130895250703293,0.051318751735034196,-0.4247288087935819,-0.0001519028054741157,-0.6422729918240704
20,60,0.005,0,0.0,0.75,1,-0.6672532770245441,-0.24078518362264456,-0.7110562357320981,-0.929604384699232,1071,700,371,0.02005626344530862,0.07737878537150422,0.04871752440840642,0.0286612609630978,-0.14926410639852616,-0.33174550906934985,-0.0001766820660634077,-0.6427935207236553
12,120,0.01,1,-0.2,999.0,1,-0.6774768059606826,-0.2466933147292386,-0.7120220873996992,-0.8097870684866011,1061,736,325,0.03210325997021347,0.10220089359589608,0.06715207678305478,0.035048816812841305,-0.14826379937368717,-0.35626564668624583,-0.00013161096381480823,-0.6431937118534182
30,120,0.005,1,-0.2,999.0,1,-0.6807235327802501,-0.2485989370344731,-0.7133819928287879,-0.78690692803515,1190,802,388,0.031110375641237795,0.11391692867780903,0.07251365215952342,0.04140327651828562,-0.11199873818215467,-0.34803667491697454,-9.910345238477388e-05,-0.6446352798506245
20,60,0.0,1,-0.2,999.0,1,-0.6805551962741009,-0.24849977799127265,-0.7153921915941185,-0.7884970693555435,1180,763,417,0.026476915439351316,0.11365215952341552,0.07006453748138342,0.043587622042032106,-0.08843692966755767,-0.36772366150185887,-0.00010086496317856252,-0.6456207272561091
48,200,0.01,0,0.2,0.75,1,-0.6691007484333982,-0.24184265679263006,-0.7066688592229495,-1.0143803410727417,1035,691,344,0.01936124441502565,0.06324673175575045,0.04130398808538805,0.0219427436703624,-0.13763589799619202,-0.35611439609366446,-0.00023796412657405884,-0.645896103457742
48,200,0.0025,0,0.2,0.75,1,-0.6593213938703417,-0.2362944446157983,-0.7350255418573213,-0.8518330593805533,1248,798,450,0.018798609961939435,0.07698163163991395,0.047890120800926694,0.02909151083898726,-0.02482844445544674,-0.3482002877951874,-0.0001244151599483,-0.6463988685134866
30,200,0.01,0,0.0,0.75,1,-0.6752308103425838,-0.24538345676411422,-0.7168552473571662,-0.8632213429549931,1210,807,403,0.026344530862154557,0.08803574383584313,0.05719013734899884,0.03084560648684428,-0.19508979903112023,-0.26100540707795705,-0.0001292373909558321,-0.646972147590447
12,96,0.0,0,0.0,0.75,1,-0.6730188231058135,-0.24410005302817928,-0.7180029926195695,-0.9015944426648083,1259,813,446,0.022273705113354293,0.09131226212146284,0.056792983617408574,0.03451927850405428,-0.19511276218565343,-0.23749190689897004,-0.00011781899838412094,-0.6481812714712044
48,120,0.0,1,0.2,999.0,1,-0.6756662319987161,-0.24563686155600173,-0.70738693187605,-1.0036369457499106,1051,673,378,0.013635611451265928,0.06857521098791991,0.041105411219592915,0.02746979976832699,-0.07275238294239994,-0.4083358350182795,-0.00022200735087462995,-0.6495121747815222
12,96,0.01,1,-0.2,999.0,1,-0.6835368092276606,-0.250261934707792,-0.7149378224916729,-0.836141115070371,1024,713,311,0.031507529372828066,0.09902366374317392,0.06526559655800099,0.03375806718517293,-0.18048853045415902,-0.3555599103490771,-0.00014945909174913754,-0.649537901707147
30,200,0.0025,1,-0.2,999.0,1,-0.6874875588756332,-0.25261613358843493,-0.7189304488611341,-0.7495997848165445,1459,951,508,0.0344530862154559,0.13705113354294224,0.08575210987919907,0.05129902366374317,-0.02700256737658424,-0.3337262972447895,-4.999609540359667e-05,-0.6495613472598292
12,120,0.005,1,-0.2,999.0,1,-0.6848343135582362,-0.2510326582382766,-0.7190417132383566,-0.7936149672209504,1199,809,390,0.03210325997021347,0.1152407744497766,0.07367201720999504,0.04156875723978157,-0.09210879597675037,-0.3676904040943785,-9.995512605348861e-05,-0.6502342632185024
48,200,0.0025,1,0.2,999.0,1,-0.6796535008539231,-0.2479692978886574,-0.7106072762020026,-0.9929397277113999,1156,742,414,0.015191130233327818,0.07377130564289261,0.04448121793811021,0.02929008770478239,-0.011080149455959698,-0.42251078924647123,-0.0001860673778808651,-0.6529199223752287
20,60,0.0,1,0.2,999.0,1,-0.6774750433621761,-0.24669228410984523,-0.7081191879457488,-1.0559379989372597,942,597,345,0.011682938937613768,0.06152573225219262,0.03660433559490319,0.024921396657289426,-0.08201378259870695,-0.43722989267246737,-0.00028491385267306017,-0.6535487780295827
30,200,0.0,0,0.0,0.75,1,-0.6831282045004741,-0.2500197121407022,-0.7235748061043259,-0.8355164804270653,1526,978,548,0.027668376634122124,0.11060731424789012,0.06913784544100612,0.041469468806884,-0.1497010591874659,-0.20060485629500413,-5.834773748731899e-05,-0.6535829392142184
48,200,0.005,0,-0.2,0.75,1,-0.6815956193903219,-0.24911327024738328,-0.7462866042306239,-0.637194669011665,1589,1031,558,0.0387224888300513,0.14754261128578522,0.09313255005791825,0.05441006122786695,-0.02941902498682747,-0.2741225334448899,-1.7928121149917154e-05,-0.6541163058132784
20,96,0.0,0,0.0,0.75,1,-0.6802461584128621,-0.24831784038144444,-0.7246531043317297,-0.9007212623009334,1279,815,464,0.021843455237464834,0.09326493463511501,0.057554194936289924,0.035710739698825086,-0.2291768215271074,-0.21356690253114163,-0.0001175965616261724,-0.655680455662356
20,96,0.0,0,-0.2,0.75,1,-0.6875009525607114,-0.2526241525549525,-0.7322971205532602,-0.7481002615652368,1414,902,512,0.03154062551712725,0.13175575045507198,0.08164818798609962,0.05010756246897236,-0.20201244249041328,-0.20571645770620928,-5.744689432876981e-05,-0.6561777259098445
48,200,0.0025,0,0.0,0.75,1,-0.6766116316214011,-0.24618794035256508,-0.7461888970040306,-0.7580129289057917,1489,951,538,0.026212146284957803,0.10835677643554525,0.06728446136025153,0.04107231507529373,-0.1609104185816369,-0.18882983897976302,-5.328217155576752e-05,-0.65718303529987
30,60,0.005,0,0.0,0.75,1,-0.6799616780913426,-0.24815047683984437,-0.7240988773491372,-0.9557766051072044,1089,713,376,0.02048651332119808,0.0795962270395499,0.05004137018037399,0.029554856859175905,-0.1543177858971515,-0.34757999213448154,-0.0001829894840454558,-0.6579887457697732
12,200,0.01,0,0.0,0.75,1,-0.6849187843208522,-0.2510829166703451,-0.7249536710698627,-0.894005157119986,1183,789,394,0.025682607976170776,0.0863147443322853,0.05599867615422803,0.030316068178057258,-0.22703564302356782,-0.2634326344171849,-0.0001489564449956557,-0.6582600100612758
30,200,0.0,1,-0.2,999.0,1,-0.6935892322113884,-0.25629626616646184,-0.7286020908905617,-0.7573925497620686,1535,986,549,0.03405593248386563,0.1435379778255833,0.08879695515472448,0.05474102267085885,0.021618381530025044,-0.3537215159916203,-4.277549718139422e-05,-0.6584669390998461
30,60,0.0025,1,0.2,999.0,1,-0.6837559438511379,-0.25039193521451775,-0.7091154820367023,-1.0930877761923643,883,570,313,0.011550554360417012,0.057885156379281814,0.034717855369849414,0.0231673010094324,-0.14497173159130472,-0.4247841250644354,-0.00033271941789735066,-0.6596040650424871
20,60,0.0025,1,-0.2,999.0,1,-0.6950490271186256,-0.25718485269230607,-0.7214381162571448,-0.8369279723464369,1115,733,382,0.026774780738044016,0.10786033427105743,0.06731755750455072,0.0405427767665067,-0.15086568522096744,-0.37276056472083774,-0.0001314881228573131,-0.6597503094382003
48,120,0.0025,1,0.2,999.0,1,-0.6851957188519388,-0.2512477581090994,-0.7145751234350919,-1.0425909290914799,1001,652,349,0.013767996028462685,0.06533178884659938,0.03954989243753103,0.025781896409068344,-0.099552151134494,-0.42323245772296125,-0.00026171170424937917,-0.6606648662812193
20,200,0.01,0,0.0,0.75,1,-0.6874328172429072,-0.252583361767445,-0.7271482656429804,-0.8996262951721009,1192,795,397,0.02584808869766672,0.08681118649677312,0.05632963759721992,0.030481548899553203,-0.21943548249565048,-0.2731600069197412,-0.00014926113605780888,-0.6611388093475402
20,200,0.005,1,0.2,999.0,1,-0.6844948710150875,-0.2508307984060364,-0.7181041130419852,-1.0438485468198677,1056,691,365,0.0158530531193116,0.06735065364884991,0.041601853384080754,0.025748800264769153,0.05484385373837708,-0.49279552171301433,-0.0002396163520677661,-0.6620752822680224
30,96,0.0025,1,-0.2,999.0,1,-0.6967533531855403,-0.2582263308188667,-0.7274063746144822,-0.8241746167039051,1196,797,399,0.029157703127585637,0.11474433228528877,0.0719510177064372,0.04279331457885156,-0.23037409999939562,-0.28337924581797047,-0.0001117688365486925,-0.663138248961303
48,60,0.0,0,0.0,0.75,1,-0.6866317294427706,-0.2521042711704965,-0.7327749766434731,-0.9183400284456641,1238,790,448,0.02091676319708754,0.09108058911136853,0.05599867615422803,0.03508191295714049,-0.24410770758207945,-0.2300001907963639,-0.00013508550393020812,-0.6644087609145162
30,96,0.0,1,-0.2,999.0,1,-0.6977171682742402,-0.25881724185028787,-0.7327360245296964,-0.8189146512692985,1262,828,434,0.028826741684593746,0.12023829223895416,0.07453251696177396,0.045705775277180206,-0.20427426205119836,-0.2859009962610024,-9.767780499960298e-05,-0.666130986678601
30,200,0.005,0,0.0,0.75,1,-0.6936853251035393,-0.25635466083446423,-0.7319766215384279,-0.892166405962065,1384,898,486,0.02641072315075294,0.10041370180373986,0.0634122124772464,0.03700148932649346,-0.15249825010771367,-0.277838819587652,-0.00010158544292355452,-0.6669512919017814
48,60,0.0,0,-0.2,0.75,1,-0.6959963502085909,-0.25776320183669643,-0.7433611969977958,-0.7710808321153141,1379,885,494,0.030680125765348336,0.12884328975674333,0.07976170776104584,0.0490815819956975,-0.20418915761684864,-0.23864031328648738,-7.041651821603894e-05,-0.66799784194136
30,96,0.005,1,0.2,999.0,1,-0.6889221103519075,-0.25347648542088186,-0.7186704509986559,-1.1137041450996161,906,597,309,0.013437034585470792,0.058911136852556674,0.03617408571901373,0.022737051133542942,-0.08413758625125178,-0.46565283655456735,-0.00032997695471342605,-0.6684969181751906
20,200,0.0,1,-0.2,999.0,1,-0.7009444608116202,-0.26080622201032133,-0.7376641431210609,-0.7772993815205198,1505,967,538,0.03365877875227536,0.1414860168790336,0.08757239781565447,0.05391361906337912,3.344322776510644e-05,-0.3652164650090911,-5.264378888771908e-05,-0.6685032626468778
12,200,0.0,0,0.0,0.75,1,-0.695996787956546,-0.25776346939779915,-0.7340294625262247,-0.8750913129552362,1477,939,538,0.0259142809862651,0.10752937282806553,0.06672182690716531,0.04080754592090022,-0.22335363891740978,-0.18066493102945003,-8.06475361574011e-05,-0.6685327663086733
12,60,0.0025,0,-0.2,0.75,1,-0.70051625979091,-0.26054139874856963,-0.7330910782088207,-0.8463624590394205,1270,829,441,0.027966241932814828,0.11368525566771472,0.07082574880026477,0.042859506867449944,-0.2439292345376477,-0.25242156366888535,-0.00010684680787286255,-0.669405060804951
20,96,0.0,1,-0.2,999.0,1,-0.7015504863719473,-0.26118150810350393,-0.7334585734717154,-0.8303288103666043,1247,812,435,0.028330299520105906,0.12020519609465498,0.07426774780738044,0.04593744828727453,-0.22614215308532637,-0.2804515989159142,-0.0001033608423207531,-0.6694272353576919
20,200,0.0025,1,-0.2,999.0,1,-0.7043936117399148,-0.2629498020317437,-0.7341355289308986,-0.7952699897726118,1429,932,497,0.03402283633956644,0.13483369187489658,0.0844282641072315,0.050405427767665066,-0.06409886693746103,-0.35454666187295825,-6.82614053113859e-05,-0.6697810659858235
12,60,0.005,0,-0.2,0.75,1,-0.7001800003398242,-0.2603336361567017,-0.7327913936667858,-0.8630124624873534,1214,805,409,0.029356279993380772,0.1088532186000331,0.06910474929670693,0.039748469303326164,-0.1904918144818455,-0.3202925478669152,-0.00012152323469551521,-0.6698799561144623
30,200,0.005,1,0.2,999.0,1,-0.6919959291261453,-0.25533002722653786,-0.724759226103294,-1.0673898393832342,1072,702,370,0.016018533840807547,0.06811186496773126,0.0420651994042694,0.026046665563461857,0.03639519874735897,-0.4919913334237106,-0.0002446244233602293,-0.6710791322473466
12,96,0.005,1,-0.2,999.0,1,-0.703050147283272,-0.26211264704756887,-0.7329428556192903,-0.8534920835621067,1157,781,376,0.031242760218434553,0.11153400628826741,0.07138838325335098,0.04014562303491643,-0.15304278869081644,-0.374649023047815,-0.0001281978100746163,-0.6712586790353193
12,200,0.0025,1,-0.2,999.0,1,-0.7056277728522311,-0.2637213639825077,-0.735245517092086,-0.7999327572257416,1419,924,495,0.033029952010590766,0.13417176898891278,0.08360086049975178,0.050570908489161015,-0.09518260156354474,-0.3384770976884999,-7.098866583033449e-05,-0.6713407603898377
20,120,0.005,1,0.2,999.0,1,-0.6920843360960979,-0.25538354222955906,-0.7215302734806069,-1.1091281648034745,936,617,319,0.013999669038557008,0.06073142478901208,0.03736554691378455,0.023365877875227536,-0.10669934582287732,-0.4495285780275291,-0.0003159302951985383,-0.6716050872100362
48,120,0.01,0,0.0,0.75,1,-0.6950045965805475,-0.25715776053944306,-0.7371302721040649,-0.9326874219403072,1122,752,370,0.024557339069998345,0.0826079761707761,0.053582657620387227,0.029025318550388878,-0.22033989602035942,-0.314372675812411,-0.0001818965313290674,-0.6723572676884909
12,96,0.01,0,0.0,0.75,1,-0.6914238405718067,-0.25498400544350985,-0.7339376561725872,-1.0131805175650324,1021,695,326,0.02250537812344862,0.07380440178719179,0.048154889955320204,0.025649511831871585,-0.24318771632132896,-0.32058211448047547,-0.00023125775142675585,-0.6726118594080551
48,60,0.0,1,-0.2,999.0,1,-0.7028421918933438,-0.26198331739876046,-0.7384125630892582,-0.8488058159471085,1191,781,410,0.02674168459374483,0.1143140824093993,0.07052788350157206,0.043786198907827235,-0.2516227033226194,-0.2796333751318435,-0.0001195500857275707,-0.673629889740745
30,200,0.0,0,-0.2,0.75,1,-0.710597613465545,-0.2668531320852897,-0.7404480558478166,-0.7340849675906895,1712,1095,617,0.039582988581830215,0.15800099288432898,0.0987919907330796,0.05920900215124938,-0.09153000540932044,-0.2500357407034097,-2.6090149733058193e-05,-0.6737814083887325
20,60,0.0025,0,0.0,0.75,1,-0.6941423801841291,-0.25663259668451177,-0.7344056427983594,-1.0027895825420532,1117,718,399,0.018831706106238622,0.08085388052291909,0.04984279331457885,0.031011087208340227,-0.24057350033142866,-0.29587837306526543,-0.0001932629099934709,-0.6739748972107942
12,200,0.005,1,0.2,999.0,1,-0.6954723326886775,-0.25744311779835416,-0.7250063127022236,-1.0819330581471305,1049,685,364,0.015356610954823763,0.06698659606155882,0.041171603508191296,0.025814992553367534,-0.01656613734222423,-0.4767297800777953,-0.0002603097123207304,-0.6740429270568224
20,96,0.01,0,0.0,0.75,1,-0.694014045367124,-0.2565545246772917,-0.7374082045234518,-0.9941044910933832,1045,704,341,0.02237299354625186,0.07598874731093827,0.04918087042859507,0.026807876882343207,-0.2843768035800811,-0.27890464518800573,-0.00022024551671683324,-0.6749638514936868
12,120,0.0,0,0.0,0.75,1,-0.6970211975650953,-0.25839040366359434,-0.7379740652485725,-0.9527462784899626,1328,852,476,0.02283633956644051,0.0960450107562469,0.0594406751613437,0.03660433559490319,-0.22978794152248316,-0.2357321621093037,-0.00012451457897638582,-0.6750147502123787
20,200,0.0,0,0.0,0.75,1,-0.7002985581576999,-0.26040686881194375,-0.740961088242347,-0.8864678814110786,1494,954,540,0.02660930001654807,0.10835677643554525,0.06748303822604666,0.04087373820949859,-0.22640654965162754,-0.18214717582146067,-8.168681961138235e-05,-0.6752108070036712
48,96,0.005,1,0.2,999.0,1,-0.6947581392957765,-0.2570075334031974,-0.7239483812064079,-1.128160737552278,925,613,312,0.014098957471454576,0.05990402118153235,0.03700148932649346,0.022902531855038887,-0.13384377546346227,-0.4402948648544912,-0.0003291474926001443,-0.6753897608840151
48,60,0.01,0,0.0,0.75,1,-0.6947142889949376,-0.2569808141420973,-0.7388804335568495,-0.99217679883444,1010,679,331,0.021148436207181865,0.07430084395167963,0.047724640079430745,0.026576203872248884,-0.29820036234493663,-0.27911348910421097,-0.0002336209813690929,-0.6760298708622441
20,96,0.0025,1,-0.2,999.0,1,-0.7095180024823682,-0.26616940194287675,-0.7365749452149997,-0.8614840513940244,1181,782,399,0.028727453251696178,0.11444646698659607,0.07158696011914611,0.042859506867449944,-0.2621205372033487,-0.2893613482797909,-0.000126795166680627,-0.6775310771200778
48,120,0.01,0,0.2,0.75,1,-0.6957308039814274,-0.25760094738982087,-0.7290287868110696,-1.1209960499183445,945,631,314,0.017673341055767004,0.05844779083236803,0.038060565944067516,0.020387224888300512,-0.1573491704760137,-0.4207503298801317,-0.00033253246794351626,-0.6781651432912729
12,60,0.01,0,-0.2,0.75,1,-0.7071441299505689,-0.26467267392911165,-0.7394335138489279,-0.914124392811349,1078,739,339,0.029554856859175905,0.09647526063213635,0.06301505874565613,0.033460201886480224,-0.3238854168432438,-0.2573624638314108,-0.00017179311672496606,-0.680095650494143
48,200,0.0025,0,-0.2,0.75,1,-0.7072044601838661,-0.2647105993358433,-0.762946449030673,-0.6836024870572349,1674,1073,601,0.038226046665563465,0.15505543604170113,0.0966407413536323,0.05841469468806884,-0.12576229715695675,-0.22676213887830599,-2.4310996986237947e-05,-0.6803639482040416
48,60,0.0025,1,-0.2,999.0,1,-0.7103673292511181,-0.26670713019282033,-0.7407790896579372,-0.8780796528852266,1129,753,376,0.02710574218103591,0.10905179546582823,0.06807876882343207,0.04097302664239616,-0.2863688545064921,-0.28617081812505374,-0.0001432890780640548,-0.6810006576660502
12,60,0.0,1,0.2,999.0,1,-0.6974469126006066,-0.25865140688980715,-0.7340852128492489,-1.1130728298342127,976,614,362,0.011815323514810525,0.06364388548734072,0.037729604501075625,0.0259142809862651,-0.09138103137337727,-0.45748906201134876,-0.000298818515847609,-0.6813476548061421
20,120,0.0025,1,-0.2,999.0,1,-0.7122933723397429,-0.2679309464665792,-0.741375565055016,-0.8557033516412385,1241,826,415,0.029985106735065364,0.11881515803408903,0.0744001323845772,0.04441502564951183,-0.2488128501897009,-0.2875591143611862,-0.00011512651298964216,-0.6814038965761492
20,96,0.005,1,0.2,999.0,1,-0.7003503232367765,-0.26043885069050965,-0.7268702112935856,-1.1519688336266705,906,596,310,0.013437034585470792,0.05877875227535992,0.03610789343041536,0.022670858844944564,-0.12793568756778217,-0.45943253929458583,-0.00035161668333049035,-0.681472398018636
20,60,0.0025,1,0.2,999.0,1,-0.7017018256086979,-0.26127531524804093,-0.7262819790060417,-1.1491773405481394,892,577,315,0.011682938937613768,0.05834850239947046,0.03501572066854212,0.023332781730928346,-0.1561132858433374,-0.4477824245903126,-0.00036001639254774204,-0.6818751717784688
20,120,0.0,1,-0.2,999.0,1,-0.7115862496975538,-0.26748092611658936,-0.7446760023119009,-0.8448455573751184,1312,861,451,0.030018202879364554,0.12487175244084064,0.0774449776601026,0.04742677478073804,-0.21292976736252556,-0.29372976708059095,-9.865365672251683e-05,-0.6820612051412958
12,120,0.0,1,0.2,999.0,1,-0.6990884257079757,-0.2596603931923017,-0.7357221887103627,-1.0940320648763338,1040,661,379,0.013304650008274035,0.0676485189475426,0.04047658447790833,0.027171934469634288,-0.11733172920685042,-0.42650321819529835,-0.00026574763905763243,-0.6822230907912997
12,120,0.005,1,0.2,999.0,1,-0.700308581585505,-0.26041306123587804,-0.7300973834758425,-1.1368303983844814,945,623,322,0.014396822770147278,0.061260963097799104,0.03782889293397319,0.023432070163825914,-0.09245237030960174,-0.47026295914323357,-0.00032528513581016533,-0.6823032728930234
12,60,0.005,1,0.2,999.0,1,-0.7005675831506175,-0.2605731249828216,-0.7290051026796364,-1.1646087589519623,876,575,301,0.013039880853880522,0.05699156048320371,0.03501572066854212,0.021975839814661592,-0.06069628623186252,-0.5059608902561405,-0.00037302423617402886,-0.6833061142702378
12,60,0.0,1,-0.2,999.0,1,-0.7102218580217369,-0.2666149452034121,-0.7473048647192748,-0.8612597542937265,1224,795,429,0.027602184345523747,0.11775608141651497,0.07267913288101936,0.04507694853549561,-0.15797443396414734,-0.36526121294480063,-0.00011766846526325877,-0.6833303652777358
48,60,0.005,1,0.2,999.0,1,-0.7015299159891599,-0.2611687603702314,-0.7282465492175592,-1.171459087075722,860,567,293,0.012344861823597552,0.056031772298527224,0.03418831706106239,0.021843455237464834,-0.17561461085673513,-0.44337353491232856,-0.0003863448909393724,-0.683864989332797
12,60,0.0025,1,-0.2,999.0,1,-0.7148585605281159,-0.26957045202182595,-0.7410738814604081,-0.8866870795706742,1157,765,392,0.027933145788515638,0.11133542942247228,0.06963428760549396,0.04170114181697832,-0.18572798427085024,-0.375412890652718,-0.00014039842303585937,-0.6844417467305637
30,60,0.005,0,-0.2,0.75,1,-0.7100094718822285,-0.2664804185742943,-0.7494145061989311,-0.8705413915775161,1207,794,413,0.029885818302167796,0.11335429422472282,0.07162005626344531,0.04173423796127751,-0.2208512173542353,-0.3193471265338831,-0.00012539592156001432,-0.6847147412526358
12,200,0.0,1,-0.2,999.0,1,-0.7151124265544582,-0.26973330754636626,-0.7502103590127882,-0.8153333795411449,1498,962,536,0.03283137514479563,0.1411881515803409,0.08700976336256826,0.05417838821777263,-0.07183382076642286,-0.35074443267199285,-6.490018219607343e-05,-0.6856051560298176
48,200,0.0,0,-0.2,1.5,1,-0.7025112180641788,-0.26177762114173253,-0.8027431241583448,-0.45503079272191627,2555,1627,928,0.06000330961442992,0.2591759060069502,0.15958960781069007,0.09958629819626014,0.40944930591810613,-0.24289889242140272,6.291661394012354e-05,-0.6859007228570007
30,60,0.0025,0,0.0,0.75,1,-0.7037388053780261,-0.26254141607586834,-0.7445968479442988,-1.0219311656763963,1132,730,402,0.019427436703624026,0.08277345689227206,0.05110044679794804,0.03167301009432401,-0.2335454364709978,-0.3191357909353538,-0.00019740992017067087,-0.6859363983318376
20,200,0.0,1,0.2,999.0,1,-0.7054023839697381,-0.2635802765963723,-0.7396973923485953,-1.0774549330060532,1160,733,427,0.014562303491643223,0.07426774780738044,0.04441502564951183,0.02985272215786861,-0.01631266582475832,-0.46503429482416025,-0.0002213357941793001,-0.6873017194209725
48,200,0.01,0,-0.2,1.5,1,-0.7134530608571787,-0.2686707828400985,-0.7829650430187465,-0.5552439181102413,2017,1357,660,0.059308290584146946,0.20678470958133377,0.13304650008274035,0.07373820949859342,0.03837354049085162,-0.2432757027662561,2.014239178834999e-05,-0.6879155002549838
12,200,0.005,0,0.0,0.75,1,-0.7107158714597561,-0.2669281423756211,-0.7477708869986638,-0.947143245033807,1350,872,478,0.025285454244580507,0.09809697170279662,0.06169121297368856,0.03640575872910806,-0.20276231144131407,-0.2872144735482336,-0.00012939720306502867,-0.6881707481266435
20,120,0.0,1,0.2,999.0,1,-0.7070181794417569,-0.26459351650880925,-0.7354239524022387,-1.123826007633558,1028,655,373,0.012940592420982956,0.06682111534006288,0.03988085388052292,0.026940261459539965,-0.16482907971394345,-0.4133913020378366,-0.00028547139325204045,-0.6884967930916064
12,120,0.0025,1,-0.2,999.0,1,-0.718320697625242,-0.27180085468511106,-0.7480019130158954,-0.8708146559819588,1256,836,420,0.030713221909647526,0.12027138838325335,0.07549230514645044,0.044779083236802915,-0.24676381506762401,-0.2991438267578378,-0.0001172588517151237,-0.6893425439921568
12,96,0.005,0,0.0,0.75,1,-0.706474266324261,-0.264251970464078,-0.7469145224305596,-1.0356831552622314,1153,760,393,0.02204203210325997,0.08326989905675988,0.05265596558000993,0.03061393347674996,-0.21676535118449103,-0.3329050191914068,-0.00019620904616476735,-0.6894933894424693
30,200,0.01,0,0.2,0.75,1,-0.7053314722040769,-0.2635359044705913,-0.7379107080055365,-1.1441700692129873,1022,684,338,0.019195763693529704,0.062088366705278834,0.04064206519940427,0.021446301505874565,-0.16946006070138375,-0.40850209414383165,-0.00030855196273378566,-0.6896997619340088
12,200,0.0,1,0.2,999.0,1,-0.708042529091658,-0.2652380416661413,-0.7412577667592735,-1.0868364077057513,1155,726,429,0.013966572894257819,0.0740691709415853,0.044017871917921565,0.030051299023663745,-0.05654815599760621,-0.44859888404303905,-0.000227102518263217,-0.6902087454310656
30,96,0.0,1,0.2,999.0,1,-0.7075980514454845,-0.2649581665738151,-0.7361957349700956,-1.1434911527211327,987,630,357,0.01237795796789674,0.06447128909482046,0.038424623531358594,0.026046665563461857,-0.1621144360399196,-0.42829303889713943,-0.0003091330672175155,-0.6902305916949195
48,200,0.01,0,-0.2,0.75,1,-0.7192833686298054,-0.27242468309049905,-0.7551774923293244,-0.8096130418634759,1387,926,461,0.0380936620883667,0.12910805891113686,0.08360086049975178,0.04550719841138507,-0.31914553980890437,-0.1749649464614741,-8.709414549197885e-05,-0.690494081348335
30,60,0.0025,0,-0.2,0.75,1,-0.7158199480197716,-0.270187758708859,-0.7544354323705413,-0.8707210599084954,1258,815,443,0.028926030117491314,0.11788846599371174,0.07340724805560152,0.04448121793811021,-0.26002559826985405,-0.27952911066793773,-0.0001175248246877854,-0.6909415278895544
20,200,0.005,0,0.0,0.75,1,-0.7131858557241233,-0.26850011757571246,-0.7497147819574981,-0.9531941055304219,1362,881,481,0.025583319543273208,0.09872579844448122,0.062154558993877215,0.036571239450604004,-0.20456105224953347,-0.2874387217522838,-0.00012928394570195777,-0.6910172138309826
12,60,0.0,0,0.2,0.75,1,-0.7049859543894303,-0.2633198155929478,-0.7341080993633918,-1.2132301883007006,981,625,356,0.013834188317061062,0.06003640575872911,0.03693529703789508,0.023101108720834023,-0.23360299834103826,-0.37127082605855366,-0.00033637129496695095,-0.6910353746896788
20,60,0.005,0,-0.2,0.75,1,-0.7153647069804654,-0.2698952537157684,-0.7537542053108098,-0.89471223262743,1204,792,412,0.029587953003475095,0.11054112195929175,0.07006453748138342,0.04047658447790833,-0.2149314359681196,-0.3379484257297741,-0.00013545872682231094,-0.6915079680025449
30,120,0.005,1,0.2,999.0,1,-0.7085906358099727,-0.2655836092225825,-0.7364580777660179,-1.1692508292838089,935,618,317,0.014198245904352143,0.0606652325004137,0.03743173920238292,0.023233493298030778,-0.125811608088491,-0.4679139004207732,-0.00034677817158149755,-0.6922751895697818
30,120,0.0,1,-0.2,999.0,1,-0.7201776599714227,-0.27300563879691164,-0.7514677266080472,-0.8724512192637781,1308,860,448,0.030018202879364554,0.12420982955485686,0.07711401621711071,0.04709581333774615,-0.22744555900986374,-0.30328860656613044,-0.00010802671233934738,-0.6923620630641242
48,60,0.005,0,0.0,0.75,1,-0.7093456024240857,-0.26606039545561877,-0.751395012789972,-1.0163225190618792,1135,735,400,0.020221744166804567,0.08336918748965745,0.05179546582823101,0.03157372166142644,-0.2768741601255874,-0.2909338191802,-0.0002007022614347938,-0.6925740278036987
48,96,0.0,1,-0.2,999.0,1,-0.7209099315892311,-0.2734823794991431,-0.7502541911333752,-0.8801087691310511,1298,859,439,0.03061393347674996,0.12281979149429091,0.07671686248552044,0.04610292900877048,-0.2547396431738814,-0.2832561609318951,-0.00011181714898912067,-0.6926149135223832
12,96,0.0,0,-0.2,0.75,1,-0.719025859711137,-0.272257655680207,-0.7568129208039257,-0.8495482831878349,1404,907,497,0.03246731755750455,0.12937282806553035,0.08092007281151746,0.04845275525401291,-0.23688799813713102,-0.2569311812680011,-8.856760211215008e-05,-0.6931415302415616
48,120,0.005,0,0.0,0.75,1,-0.713230248274332,-0.2685284630625444,-0.7528386140913778,-0.9664464031893586,1263,821,442,0.024259473771305645,0.09303326162502068,0.058646367698163164,0.03438689392685752,-0.1952072663552168,-0.3298456418990454,-0.0001561638324014503,-0.6932700902677013
30,120,0.0025,1,-0.2,999.0,1,-0.7223601448826269,-0.2744293058475631,-0.7498746202559765,-0.8877271262640443,1240,826,414,0.030018202879364554,0.11845110044679795,0.07423465166308126,0.044216448783716694,-0.2560055497197443,-0.3061876438233838,-0.00012581349259780503,-0.6937529722887535
12,120,0.01,0,0.0,0.75,1,-0.7102865312958316,-0.2666559243157346,-0.7503014805068535,-1.051900859598636,1074,722,352,0.022935627999338078,0.0777428429587953,0.05033923547906669,0.02740360747972861,-0.27450520976158,-0.316704047729784,-0.00023286108795195795,-0.6944017075490931
12,120,0.0,1,-0.2,999.0,1,-0.7194322776802948,-0.2725213220421975,-0.7576402645723664,-0.8625564126058762,1328,871,457,0.030680125765348336,0.12679132881019362,0.07873572728777098,0.048055601522422636,-0.2219671274725259,-0.2993785768671773,-0.00010180809635844906,-0.6944692749586745
12,200,0.01,0,0.2,0.75,1,-0.709065050987372,-0.2658831097225547,-0.7409037880778464,-1.1633210592764038,998,668,330,0.01856693695184511,0.06073142478901208,0.039649180870428596,0.021082243918583484,-0.19247652555324934,-0.4065175491765608,-0.0003295037670761922,-0.694501056725298
30,96,0.0,0,0.0,0.75,1,-0.7136816339731471,-0.26881686834444474,-0.7539713674385974,-0.9828267897320311,1298,834,464,0.02283633956644051,0.09538308787026312,0.05910971371835181,0.0362733741519113,-0.22358192322668247,-0.2942007780416763,-0.00014815022347648842,-0.694943891550345
48,60,0.0,1,0.2,999.0,1,-0.7119399145792962,-0.2677058986805019,-0.7383548497861081,-1.1736692733919318,938,598,340,0.01125268906172431,0.06136025153069667,0.036306470296210494,0.02505378123448618,-0.23249641236084562,-0.40001869134454626,-0.00034752500308063135,-0.6955667872431526
20,96,0.005,0,0.0,0.75,1,-0.7122659268043758,-0.26791346437893315,-0.7530716500014754,-1.027694831459405,1180,767,413,0.02161178222737051,0.08561972530200232,0.053615753764686414,0.032003971537315906,-0.2526827117987672,-0.3053211309234417,-0.00019080315254797888,-0.6958340309526411
48,200,0.005,0,-0.2,2.5,1,-0.7150712875276726,-0.26970690940031594,-0.8089559572736029,-0.4368039931565588,2566,1681,885,0.0713552871090518,0.2703293066357769,0.17084229687241437,0.09948700976336257,0.47333986978209386,-0.3024822891281763,6.065009636910346e-05,-0.6960250876949453
20,200,0.0,0,-0.2,0.75,1,-0.7266278171343172,-0.27723759292369743,-0.7601565133108821,-0.7787224105599766,1674,1066,608,0.037994373655469135,0.15482376303160683,0.09640906834353798,0.05841469468806884,-0.19679291661667453,-0.2138196611661768,-4.305569616325764e-05,-0.6962519701071372
20,60,0.01,0,-0.2,0.75,1,-0.7179847414453389,-0.27158352515864115,-0.7564279448766625,-0.9330398320699808,1071,729,342,0.030018202879364554,0.09819626013569419,0.06410723150752937,0.03408902862816482,-0.3391365048934053,-0.2709057060537896,-0.0001812087890764451,-0.6964494892004716
30,60,0.01,0,-0.2,0.75,1,-0.7184842363910935,-0.27190671798076216,-0.7571435668616261,-0.9254412017544501,1080,734,346,0.030580837332450768,0.10081085553533013,0.06569584643389045,0.035115009101439686,-0.34278765957105806,-0.26485217212226864,-0.00017468709315926107,-0.6967505614992978
20,200,0.01,0,0.2,0.75,1,-0.7110092843678721,-0.26711435163156405,-0.7426352524677031,-1.1680547584772518,1005,671,334,0.0186000330961443,0.06109548237630316,0.03984775773622373,0.02124772464007943,-0.1778207206052308,-0.41896149117805337,-0.0003290511925326961,-0.6968347157892782
48,200,0.0025,0,-0.2,1.5,1,-0.7188593517434839,-0.2721497150868315,-0.7996839406268736,-0.4970677378095717,2442,1571,871,0.05910971371835181,0.24802250537812345,0.15356610954823763,0.09445639582988581,0.26032983755593864,-0.24381440966186263,4.960347511764796e-05,-0.6968450722907469
30,200,0.0,1,0.2,999.0,1,-0.7141629534157097,-0.26912477503826016,-0.7449422790968392,-1.106289234033595,1179,746,433,0.014827072646036736,0.07512824755915935,0.04497766010259805,0.03015058745656131,-0.03339312641555403,-0.46672741289329467,-0.00022778783787365015,-0.6969103762883595
30,60,0.01,0,-0.2,2.5,1,-0.6944549033905781,-0.25682282178138605,-0.8234905532223261,-0.5677852862048607,1758,1198,560,0.057918252523581,0.18123448618235977,0.11957636935297038,0.061658116829389376,0.04487173773389519,-0.29554597661721804,4.250545082211144e-06,-0.6969573627027921
20,96,0.0,1,0.2,999.0,1,-0.7141611950238834,-0.26912364946358736,-0.7398402612349827,-1.1644454832199016,993,630,363,0.012278669534999172,0.06457057752771803,0.038424623531358594,0.026145953996359425,-0.19215100701289012,-0.4186038726793584,-0.0003184990733969465,-0.6972660542420738
12,96,0.005,1,0.2,999.0,1,-0.7132330769112936,-0.26853026931246715,-0.7397019627834552,-1.19499168144599,916,601,315,0.013834188317061062,0.05937448287274533,0.03660433559490319,0.022770147277842132,-0.12412117011100787,-0.4823435341131387,-0.0003694128071366452,-0.6981308347764943
48,96,0.0025,1,-0.2,999.0,1,-0.7259010798787392,-0.2767570620524432,-0.7530646439295484,-0.9032786894413053,1233,827,406,0.03061393347674996,0.11725963925202713,0.07393678636438855,0.04332285288763859,-0.27541444964589346,-0.2991466372232342,-0.00013216804166392556,-0.6984533184892826
48,120,0.005,0,0.2,0.75,1,-0.7131583345477965,-0.2684825464331697,-0.7445491193397952,-1.1568026141335337,1072,696,376,0.01770643720006619,0.066490153897071,0.042098295548568594,0.0243918583485024,-0.1229533935313919,-0.4409384553584945,-0.0002876512360443359,-0.698597236809744
48,96,0.0,1,0.2,999.0,1,-0.7146013991338942,-0.2694055932955638,-0.7425141367414345,-1.1626560654323015,1011,650,361,0.01320536157537647,0.06562965414529208,0.039417507860334274,0.026212146284957803,-0.1918332483930617,-0.4144801495888114,-0.00030928617689719403,-0.6987954649378961
12,200,0.0,0,-0.2,0.75,1,-0.7298233383619184,-0.27936196012758574,-0.7600611220557973,-0.7880856046451372,1657,1052,605,0.03700148932649346,0.15343372497104088,0.09521760714876717,0.058216117822273705,-0.21298135585345934,-0.2137407425206408,-4.786538470747262e-05,-0.6987968013877413
30,200,0.0,0,0.2,0.75,1,-0.7150101378769447,-0.26966767608971665,-0.7480415597994734,-1.1155388035169658,1275,817,458,0.019791494290915108,0.07870263114347179,0.049247062717193445,0.029455568426278337,-0.1355533962776816,-0.37623182959420276,-0.00019912298539372921,-0.6994653961653017
12,120,0.0,0,-0.2,0.75,1,-0.7249880354496743,-0.2761546936512038,-0.763395198403436,-0.8489722073283305,1480,949,531,0.03306304815488995,0.1359920569253682,0.08452755254012907,0.05146450438523912,-0.23292506399064605,-0.24842541825305786,-7.861124248679e-05,-0.7003009032193384
30,60,0.005,0,-0.2,2.5,1,-0.6993207422889032,-0.2598035239424643,-0.8269709078868683,-0.5547407986340349,1958,1290,668,0.05599867615422803,0.20234982624524242,0.12917425119973522,0.0731755750455072,0.26196272490663874,-0.36563740201753037,2.0113829486110473e-05,-0.7010260178176002
12,96,0.0,1,0.2,999.0,1,-0.7154056974828427,-0.26992157687681384,-0.7480832416289434,-1.1623450935684005,1010,638,372,0.01274201555518782,0.06569584643389045,0.03921893099453914,0.026476915439351316,-0.15119379073565054,-0.4443629270344365,-0.0003103385940222642,-0.7020804523697055
20,60,0.0025,0,-0.2,0.75,1,-0.7249997008665263,-0.2761623802864771,-0.7620897026454139,-0.9060244885293383,1261,816,445,0.028363395664405096,0.11534006288267416,0.07185172927353964,0.04348833360913454,-0.26999262624324627,-0.2922219846852704,-0.0001298888678189687,-0.7025084560356509
30,96,0.01,0,0.0,0.75,1,-0.7185219187048049,-0.27193111734947506,-0.757399404026498,-1.050944485212107,1065,719,346,0.0228694357107397,0.07800761211318881,0.05043852391196425,0.027569088201224556,-0.2741738729393195,-0.339410553482718,-0.00024336489704133253,-0.7031780436233294
48,200,0.01,0,-0.2,2.5,1,-0.7281717089396409,-0.2782616270712428,-0.800902948277697,-0.5127102567826328,2253,1522,731,0.07056097964587126,0.23716697004798942,0.15386397484693035,0.08330299520105908,0.048364716584591294,-0.1999127648729273,3.478284163487123e-05,-0.704348614049223
20,60,0.01,0,0.2,0.75,1,-0.7131421473749537,-0.2684722121773593,-0.7417901965679834,-1.3042173320266595,788,528,260,0.014529207347344034,0.04828727453251696,0.0314082409399305,0.016879033592586464,-0.2696487456292972,-0.4175082460191699,-0.000509717096659051,-0.704578177062684
12,60,0.01,0,0.2,0.75,1,-0.7129237054763649,-0.2683327966852276,-0.741369235781382,-1.312984048184327,787,530,257,0.014132053615753764,0.047228197914942906,0.030680125765348336,0.016548072149594573,-0.2856008715394659,-0.40434604132779906,-0.0005219151799021605,-0.704666616985135
12,200,0.0,0,0.2,0.75,1,-0.7203211291314704,-0.27309896973402237,-0.7508250438954921,-1.1412828072130514,1236,786,450,0.018434552374648354,0.07635280489822936,0.047393678636438855,0.0289591262617905,-0.1690065221351622,-0.375513357985911,-0.00022245059213239776,-0.705575632042421
30,96,0.0025,1,0.2,999.0,1,-0.7199356116836769,-0.2728482604993936,-0.7460728832089287,-1.1984831908030125,941,611,330,0.012510342545093497,0.06142644381929505,0.036968393182194276,0.024458050637100777,-0.1937176163119727,-0.4438942660794336,-0.0003610414398759567,-0.7058088616440086
48,120,0.0,0,0.0,0.75,1,-0.7252168729188598,-0.2763055250441516,-0.7627038611383131,-0.9787859425401443,1382,888,494,0.025219261955982127,0.1021347013072977,0.06367698163163991,0.03845771967565779,-0.2736584384271368,-0.24487003791140127,-0.00013446502208569588,-0.7065967527403153
20,200,0.0025,1,0.2,999.0,1,-0.7221875028344287,-0.27431638393169977,-0.7511491778605192,-1.1472687181832018,1104,710,394,0.014661591924540791,0.07066026807876882,0.04266093000165481,0.027999338077114015,-0.08991056258146746,-0.4697774293875462,-0.00027426850157651853,-0.7072544087711193
30,200,0.01,0,-0.2,0.75,1,-0.7324520426884378,-0.28112367652890113,-0.7678655037120571,-0.8544233373045318,1360,912,448,0.03763031606817806,0.12646036736720173,0.08204534171768989,0.04441502564951183,-0.29726217763287355,-0.24837292915564235,-0.00010574482645986735,-0.7077775952501562
48,96,0.01,0,0.0,0.75,1,-0.7229073633322238,-0.274787579345801,-0.7611791352060099,-1.0526592765168135,1085,733,352,0.02406089690551051,0.08012576534833692,0.052093331126923714,0.028032434221413206,-0.269985749506751,-0.346933623461961,-0.0002379955458283671,-0.7080101107746466
30,200,0.005,0,0.2,0.75,1,-0.7213038545717676,-0.27373922852058463,-0.7521171467369647,-1.1720436627237805,1170,759,411,0.019030282972033758,0.0713221909647526,0.04517623696839318,0.026145953996359425,-0.12499638589698481,-0.4281963490676982,-0.0002575267554622458,-0.708399985025256
12,120,0.005,0,0.0,0.75,1,-0.7236438444995785,-0.2752706047247587,-0.7618138942938273,-1.0707110423812192,1217,794,423,0.022571570412046996,0.08770478239285123,0.05513817640244911,0.03256660599040212,-0.24246365125872615,-0.32949820108564454,-0.0001949393673340653,-0.7097131039907333
30,200,0.0025,0,0.0,0.75,1,-0.7294001648401338,-0.2790795580032486,-0.7632268775395525,-0.9920064411730304,1451,931,520,0.025748800264769153,0.10531193116001986,0.06553036571239451,0.03978156544762535,-0.26646074322432833,-0.23780936231921335,-0.00012435056181138492,-0.7102933188316763
30,200,0.0025,1,0.2,999.0,1,-0.7254656453522396,-0.27646960283956024,-0.7540436731108936,-1.157443220727653,1124,724,400,0.015025649511831872,0.07162005626344531,0.04332285288763859,0.02829720337580672,-0.09036395306935185,-0.4705029141632856,-0.00027129262979824835,-0.7113636004313897
20,120,0.0025,1,0.2,999.0,1,-0.7250510475527892,-0.27619621680994244,-0.7507109162311999,-1.2006074146974108,977,632,345,0.012874400132384577,0.06351150091014397,0.03819295052126427,0.025318550388879695,-0.21457200651853492,-0.4293739372131179,-0.0003478155891754642,-0.7115820456604128
30,96,0.0,0,-0.2,0.75,1,-0.7348088908310332,-0.2827142659610551,-0.7733084475375672,-0.8511080041289978,1448,931,517,0.03299685586629158,0.13499917259639252,0.08399801423134205,0.051001158365050474,-0.24052034146611556,-0.27963823795252496,-8.947909989319444e-05,-0.7119238899362885
30,60,0.005,0,-0.2,1.5,1,-0.7175677521561985,-0.2713140452260121,-0.8181142138433867,-0.6704069537888004,1743,1150,593,0.04736058249213967,0.17478073804401786,0.11107066026807877,0.06371007777593911,0.08732514534861302,-0.37893487123887204,-1.7515802028162078e-05,-0.7138914998371454
20,200,0.0,0,0.2,0.75,1,-0.7262858071063325,-0.27701133101288633,-0.7592873932166617,-1.1609027998524812,1248,796,452,0.018897898394837003,0.07701472778421314,0.04795631308952507,0.02905841469468807,-0.18317903768832766,-0.3744846494241487,-0.00022704681275149976,-0.7147001676138413
12,120,0.0025,1,0.2,999.0,1,-0.7275843092451063,-0.2778715033814707,-0.754036937206752,-1.2092013372240842,986,639,347,0.013271553863974847,0.06410723150752937,0.03868939268575211,0.025417838821777262,-0.20551500888264662,-0.43855509415344873,-0.0003469306916104275,-0.7153500388460509
12,96,0.0025,1,-0.2,999.0,1,-0.739813950465003,-0.2861275541199352,-0.7651749178405264,-0.9474708378150418,1211,807,404,0.029985106735065364,0.11636604335594904,0.0731755750455072,0.043190468310441835,-0.29795466008903104,-0.320874686836359,-0.00015119843454296916,-0.7160885549309505
12,96,0.0025,0,0.0,0.75,1,-0.7282458812097969,-0.27831093378621374,-0.7656865717557163,-1.1003351559238992,1198,777,421,0.020718186331292403,0.08677809035247394,0.05374813834188317,0.033029952010590766,-0.30310401816552324,-0.2900698402211904,-0.00020824284134701487,-0.7161709774602668
12,96,0.0,1,-0.2,999.0,1,-0.7373616468915798,-0.28444907022304244,-0.7711246201811048,-0.92734348363898,1280,839,441,0.02978652986927023,0.12272050306139334,0.0762535164653318,0.046466986596061556,-0.26810751630493546,-0.3193421806159982,-0.0001304449636245322,-0.7163785544955439
30,120,0.0,1,0.2,999.0,1,-0.7286840804907143,-0.2786024369290213,-0.7552194946344023,-1.2049162363332198,1021,654,367,0.01313916928677809,0.06655634618566937,0.03984775773622373,0.02670858844944564,-0.19111553558532146,-0.4410775413797877,-0.00032672073233871345,-0.7164579960628835
48,120,0.0,0,0.2,0.75,1,-0.7281625513285128,-0.2782555401625426,-0.7581630850019616,-1.1826569323718852,1163,745,418,0.01820287936455403,0.07314247890120801,0.04567267913288102,0.02746979976832699,-0.20812891302286585,-0.3858701638408921,-0.00026269621035458345,-0.7164699292821177
12,200,0.0025,1,0.2,999.0,1,-0.7303972742168825,-0.2797455028431791,-0.7559239122777281,-1.1790234761217788,1097,702,395,0.014032765182856198,0.07029621049147775,0.04216448783716697,0.028131722654310774,-0.14519318811966808,-0.4540832744652792,-0.0002915947607611375,-0.7166586327881321
20,96,0.0025,1,0.2,999.0,1,-0.7293392827999204,-0.2790389560131379,-0.7526650612222878,-1.2317043226923579,945,610,335,0.01237795796789674,0.06142644381929505,0.036902200893595895,0.024524242925699154,-0.2322754138592671,-0.434444487091603,-0.0003781173759563941,-0.7169567027588997
30,60,0.0,0,-0.2,2.5,1,-0.7046698779971541,-0.26312230565472816,-0.8549522591152505,-0.5361247487046003,2148,1378,770,0.054774118815158035,0.22157868608307132,0.13817640244911467,0.08340228363395664,0.27947425200523335,-0.32418922048637666,3.306139109175981e-05,-0.7174046726475835
12,60,0.0025,1,0.2,999.0,1,-0.7286046960597614,-0.2785496018892467,-0.7537537574022168,-1.2400990606584357,921,592,329,0.011881515803408902,0.06000330961442992,0.03594241270891941,0.02406089690551051,-0.17777586889694852,-0.476815662845693,-0.00039331804705400775,-0.7174314336232769
20,96,0.0025,0,0.0,0.75,1,-0.7303314805747882,-0.2797015040425387,-0.7685751923341371,-1.0800392861542905,1220,781,439,0.020387224888300512,0.08876385901042529,0.0545755419493629,0.03418831706106239,-0.326645401188724,-0.26282210141491147,-0.00019996362867799887,-0.7179910645173218
30,200,0.005,0,-0.2,0.75,1,-0.7424600296783314,-0.28795202365207395,-0.7747904189485455,-0.8546389680567138,1549,1013,536,0.03819295052126427,0.14396822770147277,0.09108058911136853,0.05288763859010425,-0.1706748214185808,-0.32614728121310343,-7.730179246250177e-05,-0.7180791815291824
20,96,0.005,0,-0.2,0.75,1,-0.7354666727681611,-0.28316008055613906,-0.7804622575782991,-0.9158648859373199,1297,850,447,0.03134204865133212,0.12136356114512659,0.07635280489822936,0.04501075624689724,-0.27715321242563096,-0.29992504026363553,-0.00012702699181389585,-0.7191844536421547
48,60,0.0025,0,0.0,0.75,1,-0.7312719177463392,-0.2803311776041798,-0.7701492149823821,-1.08197971691982,1179,755,424,0.01939434055932484,0.0865795134866788,0.05298692702300182,0.03359258646367698,-0.33991082197493705,-0.26583941838847513,-0.0002140576076444545,-0.7195047709413619
12,200,0.01,0,-0.2,0.75,1,-0.7407984367228754,-0.28680472468768725,-0.7776717759744906,-0.8816199167944438,1331,892,439,0.03637266258480887,0.12394506040046335,0.08015886149263611,0.043786198907827235,-0.3210755027469139,-0.2571324383727227,-0.00012044497298772995,-0.7197216085146547
30,120,0.0,0,0.0,0.75,1,-0.7341305195773783,-0.28225536432164144,-0.7715427563523694,-1.037688839870906,1341,865,476,0.024491146781399967,0.09882508687737879,0.061658116829389376,0.03716697004798941,-0.2671495046147597,-0.2905523179544447,-0.0001595000299227536,-0.7199111844913715
20,60,0.01,0,-0.2,2.5,1,-0.7166546445013049,-0.2707249880987125,-0.8373717971846021,-0.62458042839847,1734,1187,547,0.05685917590600695,0.1764686414032765,0.11666390865464174,0.059804732748634785,-0.0610688070173514,-0.281693475183322,-1.2817807444917242e-05,-0.720639908110937
48,60,0.0025,1,0.2,999.0,1,-0.7314119030009111,-0.2804250464926835,-0.7548307446499326,-1.2566478848151792,895,581,314,0.011418169783220255,0.058480886976667215,0.03494952837994374,0.023531358596723482,-0.2680197329403404,-0.4259063114930913,-0.0004172912165245938,-0.7206728130584088
12,200,0.005,0,0.2,0.75,1,-0.7312148899715589,-0.28029294741460065,-0.7606296388048395,-1.2158353319313335,1143,739,404,0.01820287936455403,0.06963428760549396,0.043918583485024,0.025715704120469966,-0.16206282496517832,-0.43186032967418875,-0.0002879613672989137,-0.7213995334135871
12,60,0.01,0,0.0,2.5,1,-0.6954499670050567,-0.25742946542594625,-0.8548928195019174,-0.746144035271643,1573,1084,489,0.03796127751116995,0.12017209995035578,0.07906668873076286,0.041105411219592915,0.3657052335782036,-0.5102666171750347,-4.564918114995854e-05,-0.7221830769404871
20,96,0.01,0,-0.2,0.75,1,-0.7365250284935896,-0.283879133218904,-0.78170542343787,-0.9503421919697687,1157,782,375,0.03197087539301671,0.10815819956975012,0.07006453748138342,0.0380936620883667,-0.38337819571061316,-0.23788119628098703,-0.00016827383104944875,-0.7222489545363274
20,120,0.0,0,0.0,0.75,1,-0.7363254806311517,-0.2837433938821159,-0.7719656891752358,-1.05373759320246,1335,859,476,0.02396160847261294,0.09769981797120636,0.060830713221909645,0.03686910474929671,-0.26362815568235454,-0.3018720073099459,-0.00016590172855156135,-0.7224131181298568
20,200,0.005,0,0.2,0.75,1,-0.7328057312656592,-0.2813617022103274,-0.7620463849003828,-1.2197642829942956,1151,743,408,0.018302167797451595,0.07006453748138342,0.04418335263941751,0.02588118484196591,-0.15678763930859752,-0.4365061851562724,-0.00028692225951841647,-0.7233731088102336
20,96,0.0025,0,-0.2,0.75,1,-0.7395535727168918,-0.28594877673922314,-0.7838539995475873,-0.9117555424906324,1347,870,477,0.0301836836008605,0.12583154062551713,0.07800761211318881,0.04782392851232831,-0.32204853498913744,-0.24648780915047164,-0.00011854698856992389,-0.7234635536375484
20,60,0.0,0,0.2,0.75,1,-0.7303036393921865,-0.27968288796998253,-0.7571374034184175,-1.3051066482791052,980,621,359,0.014363726625848089,0.060896905510508026,0.03763031606817806,0.02326658944232997,-0.2380512661810592,-0.4221610014256926,-0.0003800664888116919,-0.7235069220931465
48,96,0.0025,1,0.2,999.0,1,-0.7338802700996641,-0.2820862982678667,-0.7587161433088476,-1.2456541283370084,963,629,334,0.013172265431077279,0.062485520436869106,0.03782889293397319,0.024656627502895913,-0.23205831169312663,-0.43906321836814366,-0.00037555854055196106,-0.7237270763391409
30,96,0.005,0,0.0,0.75,1,-0.7367958703783014,-0.2840634925518811,-0.7731493748461864,-1.088839588681135,1194,778,416,0.022141320536157538,0.08760549395995366,0.0548734072480556,0.03273208671189806,-0.2498830120185912,-0.3624674785379485,-0.00021542863254753278,-0.725080159409031
48,60,0.01,0,-0.2,0.75,1,-0.738286954987182,-0.2850810133802216,-0.7849379816433522,-0.9547903659321462,1131,768,363,0.030746318053946717,0.10594075790170446,0.06834353797782558,0.03759721992387887,-0.38758726747638506,-0.24762196641993206,-0.00017783494834012947,-0.725289522498505
48,60,0.005,0,-0.2,0.75,1,-0.7396971758492299,-0.2860473591840449,-0.785739335930677,-0.9296942068515143,1260,829,431,0.029918914446466986,0.11835181201390038,0.07413536323018369,0.044216448783716694,-0.29380124491090953,-0.3078091084755892,-0.0001399942831645152,-0.7254017374919591
30,120,0.01,0,0.0,0.75,1,-0.736673349471763,-0.28398007620213017,-0.773043776410924,-1.1023982460574437,1092,735,357,0.02396160847261294,0.08042363064702962,0.05219261955982128,0.02823101108720834,-0.3129557623526117,-0.33824961653368324,-0.00025680994105852135,-0.7256218767104644
48,60,0.005,0,-0.2,1.5,1,-0.7434497361134165,-0.28863803684816425,-0.8047838211371723,-0.7094977755268361,1820,1203,617,0.04792321694522588,0.18355121628330298,0.11573721661426443,0.06781399966903856,-0.0991152008546119,-0.29236383505987973,-2.4370850132022425e-05,-0.7265048361930921
20,200,0.01,0,-0.2,0.75,1,-0.7463341287641998,-0.2906487304069659,-0.7824199748847879,-0.8969864826674813,1338,897,441,0.03683600860499752,0.12473936786364388,0.0807876882343207,0.043951679629323184,-0.32465866140357724,-0.2665772549286306,-0.00012431430811801224,-0.7267080419827339
12,200,0.0025,0,0.0,0.75,1,-0.7420220258625687,-0.2876490528516099,-0.7750669699063224,-1.0388988793149418,1406,896,510,0.024160185338408077,0.1024656627502896,0.06331292404434884,0.03915273870594076,-0.3236716950822376,-0.2294329433700295,-0.00015090165405742364,-0.7271274817705182
48,60,0.0025,0,-0.2,0.75,1,-0.742442530753257,-0.28793991209837366,-0.7879990946050667,-0.9218372436277121,1312,852,460,0.029223895416184014,0.1228859837828893,0.07605493959953666,0.04683104418335264,-0.32390097341629565,-0.26576976134583197,-0.00012920088957483342,-0.7280313215822926
12,200,0.005,0,-0.2,0.75,1,-0.7494096974996638,-0.29281166265629555,-0.7844035985840202,-0.8787684283239868,1508,982,526,0.03640575872910806,0.14032765182856197,0.08836670527883501,0.05196094654972696,-0.2080552385121599,-0.3273187831301032,-9.087591123823558e-05,-0.728951883364505
12,60,0.005,0,0.2,0.75,1,-0.7336742055063294,-0.2819471725348065,-0.7600636309057638,-1.3660752578473352,899,585,314,0.014032765182856198,0.05407909978487506,0.03405593248386563,0.020023167301009434,-0.2661602817957728,-0.43104724165655006,-0.0004646645964689314,-0.7302827508800551
30,96,0.01,0,0.2,0.75,1,-0.7342844708922213,-0.2823594315735152,-0.7633632972787743,-1.3265181571718263,892,594,298,0.015985437696508356,0.055105080258149926,0.035545258977329144,0.019559821280820785,-0.2406292828668397,-0.45335312527804883,-0.00045581232039976053,-0.7303669880714936
20,60,0.005,0,-0.2,2.5,1,-0.7277634140897367,-0.2779903896470568,-0.8426184936632568,-0.625550393397686,1938,1279,659,0.05533675326824425,0.19718682773456891,0.1262617905014066,0.07092503723316233,0.14908818098189403,-0.37550390384883703,1.5899288962331463e-06,-0.7305771561485696
48,120,0.0025,0,0.0,0.75,1,-0.7446329230887012,-0.2894607692764263,-0.779903981277601,-1.0591627415500255,1315,847,468,0.02363064702962105,0.09730266423961609,0.06046665563461857,0.03683600860499752,-0.31670100081246444,-0.278603296386405,-0.00017885499463773534,-0.7323708969927281
48,96,0.005,0,0.0,0.75,1,-0.7431696355299834,-0.28844368464523507,-0.7786428016070842,-1.099029297382164,1216,796,420,0.023663743173920237,0.08985603177229853,0.05675988747310938,0.03309614429918915,-0.25498718856599056,-0.3667142630920158,-0.00021390627555959362,-0.7327165503178853
30,200,0.0025,0,-0.2,0.75,1,-0.7544789464247497,-0.29642051485283716,-0.7853005358898979,-0.8735080938485501,1627,1049,578,0.0374979314909813,0.15081912957140492,0.09415853053119312,0.05666059904021181,-0.2341787970993987,-0.27665036289790756,-7.419446890352605e-05,-0.7327461874902136
48,96,0.01,0,0.2,0.75,1,-0.7367565688552128,-0.28403673158391785,-0.7655648588989417,-1.3193427719817505,915,612,303,0.01701141816978322,0.05666059904021181,0.03683600860499752,0.019824590435214298,-0.22048227658353003,-0.46633224441946264,-0.0004404982405604946,-0.7327862996324762
48,96,0.0,0,0.0,0.75,1,-0.7453604168185683,-0.28996805380192825,-0.7800993440457489,-1.0801436649670408,1327,857,470,0.024656627502895913,0.09806387555849744,0.06136025153069667,0.03670362402780076,-0.2769374729040558,-0.31612534075671517,-0.00017795064170661812,-0.7340249090731548
12,120,0.0025,0,0.0,0.75,1,-0.7432744004615112,-0.28851635883343485,-0.7787330965057451,-1.1306020947310875,1263,812,451,0.021181532351481052,0.09127916597716366,0.05623034916432235,0.035048816812841305,-0.32693204030234624,-0.2826422212176478,-0.00020484755809251063,-0.7344130118228618
12,96,0.0025,1,0.2,999.0,1,-0.7422263589098534,-0.28779034365635836,-0.7654230533975047,-1.2786598335747728,957,617,340,0.01274201555518782,0.0621876551381764,0.03746483534668211,0.02472281979149429,-0.23323849722177048,-0.45744960305339133,-0.0003958764274378045,-0.7344348620338493
20,200,0.0025,0,0.0,0.75,1,-0.7479892661545644,-0.2918102678228701,-0.7800855964450397,-1.0580034525407447,1425,912,513,0.02475591593579348,0.10332616250206851,0.06404103921893099,0.03928512328313751,-0.32527468501411616,-0.2382644278238698,-0.0001539573805868669,-0.7347532386724273
30,60,0.01,0,0.0,2.5,1,-0.7229121556790443,-0.2747907193211373,-0.8408697865658927,-0.7928313769251658,1630,1115,515,0.039913950024822106,0.1271553863974847,0.0835346682111534,0.04362071818633129,0.34431627154956645,-0.5342482038898084,-5.7367673976443016e-05,-0.7348671814503419
30,120,0.0025,1,0.2,999.0,1,-0.7431307553060658,-0.288416719550044,-0.7671033183135004,-1.2730250783239228,973,633,340,0.01313916928677809,0.06337911633294721,0.03825914280986265,0.025119973523084562,-0.23137632176444445,-0.4563298941540118,-0.0003852614091065295,-0.7356196326229905
20,120,0.01,0,0.0,0.75,1,-0.7440131060582122,-0.28902942219383443,-0.7793697727868395,-1.1387131202713807,1087,733,354,0.023696839318219427,0.07943074631805394,0.05156379281813669,0.02786695349991726,-0.3173638318371246,-0.35415765502661145,-0.0002737426924999365,-0.7356499646008232
12,60,0.01,0,-0.2,2.5,1,-0.7258737986620434,-0.2767390418633644,-0.8526602333038238,-0.6618941052500984,1724,1188,536,0.055866291577031275,0.1719675657785868,0.11391692867780903,0.058050637100777756,-0.033041012465442776,-0.3285743030292819,-2.2233358588027566e-05,-0.7361638637777812
30,60,0.0,0,-0.2,1.5,1,-0.7283260472182398,-0.2783642362409451,-0.8499677151716082,-0.6623782664518674,1912,1228,684,0.04683104418335264,0.19139500248221084,0.11911302333278173,0.07228197914942909,0.09064061492337716,-0.35187960085006476,-4.716926461747439e-06,-0.7364670071493424
20,200,0.005,0,-0.2,0.75,1,-0.7555866286479784,-0.2972165097446766,-0.7895416122820371,-0.8963259920063464,1520,991,529,0.036968393182194276,0.1414860168790336,0.08922720503061393,0.052258811848419656,-0.22440100042219313,-0.32604007844633487,-9.441577476579522e-05,-0.7368036154860125
48,120,0.0025,0,0.2,0.75,1,-0.7431903986553308,-0.2884580860125894,-0.7712945965431119,-1.2552842451997681,1112,713,399,0.0170776104583816,0.06963428760549396,0.04335594903193778,0.02627833857355618,-0.24628009176261045,-0.40580445807158205,-0.0003163421709060328,-0.7368695965441338
30,96,0.0,0,0.2,0.75,1,-0.7421109530422998,-0.28771053328939633,-0.7717125475977118,-1.2937008387535662,1085,692,393,0.016117822273705115,0.0682773456892272,0.04219758398146616,0.026079761707761044,-0.19993425199038606,-0.44541145315119246,-0.0003306254413024592,-0.7382518490259306
30,60,0.01,0,0.2,0.75,1,-0.7390234927307365,-0.2855852333468768,-0.7666515418357225,-1.3927339424188028,807,540,267,0.015158034089028629,0.0497104087373821,0.032434221413205365,0.017276187324176732,-0.2900167478723993,-0.44965508534547893,-0.0005499431102687005,-0.7385477013856782
12,96,0.0,0,0.2,0.75,1,-0.7418420137895874,-0.28752464883963336,-0.7694499930295244,-1.3330099349601343,1046,668,378,0.015621380109217277,0.0649346351150091,0.04027800761211319,0.024656627502895913,-0.22867579854117337,-0.4352692664226999,-0.0003603509107628077,-0.7389001421024023
20,60,0.005,0,-0.2,1.5,1,-0.7387664492497206,-0.2854091451426132,-0.8342008359005721,-0.7298344188544268,1732,1144,588,0.04709581333774615,0.1704120469965249,0.10875393016713553,0.061658116829389376,0.008477708695730612,-0.3840354364881041,-3.471527986207462e-05,-0.7390012840356206
48,200,0.005,0,0.0,1.5,1,-0.7395137879197157,-0.28592147199081563,-0.8361686913314497,-0.707380238879128,2132,1384,748,0.040509680622207514,0.16488499089856032,0.10269733576038391,0.0621876551381764,0.32018643127812396,-0.4271960952925241,5.837349903631511e-06,-0.7393748296004968
48,60,0.0,0,-0.2,1.5,1,-0.7492490390592359,-0.29269818640768885,-0.8250645778723749,-0.6914406973393363,1992,1285,707,0.047724640079430745,0.19996690385570082,0.12384577196756578,0.07612113188813503,-0.09046322522359729,-0.2534002811439905,-8.78209792638988e-06,-0.7398025102108431
30,96,0.005,0,-0.2,1.5,1,-0.7566152782401527,-0.29795813623283696,-0.8159788975904589,-0.7179858426847158,1903,1262,641,0.051663081251034255,0.19252027138838326,0.12209167631970876,0.0704285950686745,-0.0630077685083198,-0.3271908890397701,-2.253213672142847e-05,-0.7418468771623022
48,60,0.01,0,0.2,0.75,1,-0.7417647407685186,-0.2874712664041542,-0.7717733444785604,-1.371190428432844,845,558,287,0.014727784213139168,0.05239119642561642,0.03355949031937779,0.018831706106238622,-0.29071071257984016,-0.44444450723385387,-0.0005135170088560603,-0.7419174600650766
48,60,0.01,0,-0.2,1.5,1,-0.7555241894176592,-0.29717156825327584,-0.8134877564563918,-0.7700054534892669,1633,1118,515,0.04944563958298858,0.1652159523415522,0.1073307959622704,0.057885156379281814,-0.26172427645967344,-0.25061079763148264,-5.834463444513384e-05,-0.7424157191559351
30,60,0.01,0,-0.2,1.5,1,-0.7395693101599221,-0.2859595783843102,-0.8379865810198002,-0.7551251022992558,1560,1065,495,0.04861823597550885,0.15657785867946383,0.10259804732748634,0.05397981135197749,-0.13394122214289872,-0.34388615056644745,-5.905017854907941e-05,-0.7427091240091731
20,60,0.005,0,0.2,0.75,1,-0.7435302728606306,-0.2886939479820596,-0.7691435070544155,-1.3995237084106718,901,582,319,0.014264438192950521,0.05517127254674831,0.034717855369849414,0.020453417176898893,-0.26436065291770117,-0.45289617346780964,-0.00047672741619982236,-0.743241886929801
48,120,0.0,0,-0.2,0.75,1,-0.7614112804754459,-0.30144726570732594,-0.7943223003381684,-0.8982900273677167,1541,992,549,0.036207181863312926,0.14456395829885818,0.09038557008108555,0.05417838821777263,-0.2667818005118303,-0.29672650123424427,-9.408394559660621e-05,-0.7435229172447959
12,96,0.01,0,0.2,0.75,1,-0.7430166692006615,-0.2883376136225704,-0.7705938984040417,-1.411814072370265,852,572,280,0.01578686083071322,0.05186165811682939,0.0338242594737713,0.018037398643058082,-0.28133701150594026,-0.45243536403074813,-0.0005227747950930187,-0.7442252664431045
12,200,0.0025,0,-0.2,0.75,1,-0.7617900118307378,-0.30172502848803506,-0.7950550531357168,-0.9005697891416483,1577,1011,566,0.035115009101439686,0.14645043852391196,0.09078272381267583,0.05566771471123614,-0.3038258132652071,-0.24704522947024377,-8.92543099907529e-05,-0.7442810445129758
12,60,0.005,0,-0.2,1.5,1,-0.7384112653362076,-0.28516603923662875,-0.8458565531036474,-0.7445806997947856,1731,1154,577,0.047062717193446964,0.16660599040211815,0.10683435379778256,0.05977163660433559,0.03834330437847444,-0.4012383916739928,-3.6951620363451255e-05,-0.7453233507781918
20,120,0.0,0,-0.2,0.75,1,-0.7616128859024539,-0.3015950825905451,-0.794905156484907,-0.9296762318807712,1486,961,525,0.03451927850405428,0.13830878702631144,0.08641403276518285,0.05189475426112858,-0.2848975623705451,-0.2990677945185861,-0.00010787423191785717,-0.7455314724270372
12,60,0.005,0,0.0,1.5,1,-0.7231888375992603,-0.2749720720959262,-0.8545228637603595,-0.8773134676887178,1573,1045,528,0.03163991395002482,0.1161674664901539,0.07390369022008936,0.042263776270064536,0.24198370113025525,-0.5105303883050358,-8.041184447895759e-05,-0.7460991773605419
20,60,0.01,0,0.0,2.5,1,-0.7325354053774679,-0.2811797567756359,-0.8473027540015284,-0.8302502299917565,1596,1095,501,0.03888796955154725,0.12348171438027469,0.08118484196591097,0.04229687241436373,0.21048367237355503,-0.5091361694002361,-7.424027952220377e-05,-0.746343645275988
48,120,0.01,0,-0.2,0.75,1,-0.7587937815804686,-0.29953656550162555,-0.7986013944376515,-0.9512150576497439,1257,849,408,0.03508191295714049,0.11788846599371174,0.07648518947542611,0.04140327651828562,-0.3515743075772306,-0.3024896943894072,-0.00015847978370232943,-0.7463980156029385
30,60,0.0025,0,-0.2,2.5,1,-0.7419298102942424,-0.2875853157401552,-0.8549416556738472,-0.6335420440978803,2051,1332,719,0.05404600364057587,0.2115174582161178,0.13278173092834686,0.07873572728777098,0.10760281259732696,-0.3501185186616669,4.630491673823336e-06,-0.7467332457819729
12,96,0.005,0,-0.2,0.75,1,-0.7572599581390211,-0.29842413031557347,-0.7958148882799316,-1.0084212522759914,1283,852,431,0.032268740691709416,0.11864967731259309,0.07545920900215125,0.043190468310441835,-0.2860476693866044,-0.3541349407669656,-0.00015779853328539946,-0.7467526370693388
48,60,0.01,0,-0.2,2.5,1,-0.765975546481659,-0.30481698058096995,-0.8130750203957176,-0.7094879730287984,1839,1259,580,0.05950686744994208,0.19089856031772298,0.12520271388383253,0.06569584643389045,-0.2884456907530685,-0.17493753592684413,-3.160608582989587e-05,-0.7468288894302686
30,96,0.0025,0,0.0,0.75,1,-0.753993567404472,-0.29607256328597165,-0.7879717422885211,-1.143013010080895,1237,798,439,0.021347013072976997,0.0908489161012742,0.0560979645871256,0.0347509515141486,-0.3191124732821473,-0.32926742781348783,-0.0002237747779288471,-0.747209084934277
12,60,0.01,0,0.0,1.5,1,-0.7194940194021181,-0.27256140244316485,-0.8598919640704088,-0.8956964049126728,1401,960,441,0.03207016382591428,0.10362402780076121,0.06784709581333774,0.03577693198742347,0.16906961021151368,-0.5164948328444298,-0.0001165545726090831,-0.7472922047240029
30,120,0.005,0,0.0,0.75,1,-0.7542961550023681,-0.296289417472131,-0.7882325367747063,-1.1408490705097258,1231,804,427,0.023663743173920237,0.09058414694688069,0.057123945060400465,0.033460201886480224,-0.28810671311017055,-0.3611893349550014,-0.00022569857753626616,-0.7474481393849705
12,60,0.005,0,-0.2,2.5,1,-0.739159370720972,-0.285678369399607,-0.856980029733311,-0.6673015317677004,1930,1284,646,0.054774118815158035,0.19285123283137515,0.12381267582326659,0.06903855700810856,0.1755538234101488,-0.4174520149266622,-7.872743531016326e-06,-0.7475334608546476
30,200,0.0025,0,0.2,0.75,1,-0.7515749164961482,-0.29434634668588666,-0.779041369853103,-1.274703130022765,1221,782,439,0.018434552374648354,0.07496276683766341,0.046698659606155886,0.02826410723150753,-0.23886016160859347,-0.398917507983659,-0.0002833020241842804,-0.7476021881135765
12,60,0.005,0,0.0,2.5,1,-0.7226043805927587,-0.2745891457737778,-0.8680357007636696,-0.7913202119473769,1766,1175,591,0.03693529703789508,0.13516465331788846,0.08604997517789177,0.04911467813999669,0.4427656196048555,-0.5349691725722827,-3.70245657931109e-05,-0.7481730067529815
20,60,0.0,0,-0.2,2.5,1,-0.736214147348596,-0.28366769461038854,-0.868888269488889,-0.612998736419302,2132,1369,763,0.05397981135197749,0.21641568757239782,0.13519774946218766,0.08121793811021016,0.15120640317232836,-0.3344633152584867,1.4740718089226237e-05,-0.748761766175798
12,120,0.0,0,0.2,0.75,1,-0.7504302854736639,-0.29353380076525204,-0.7776502655742386,-1.3408746702119858,1101,702,399,0.016184014562303492,0.06840973026642397,0.04229687241436373,0.026112857852060235,-0.23680729454318883,-0.43285177987180545,-0.00034292946401611693,-0.7494026670629707
48,60,0.0,0,0.2,0.75,1,-0.7497356608672885,-0.29304206474740957,-0.780146303705618,-1.340027366347431,1031,650,381,0.014628495780241602,0.06506701969220585,0.03984775773622373,0.025219261955982127,-0.2555597530753706,-0.4370058016655367,-0.0003771199356080095,-0.7501165849175901
12,120,0.0025,0,-0.2,0.75,1,-0.7608003834521933,-0.30099992765061523,-0.8006313356774168,-0.981549200284019,1408,911,497,0.03130895250703293,0.12967069336422307,0.080489822935628,0.04918087042859507,-0.3195583561983666,-0.28913133562579063,-0.0001290425326420932,-0.7503930555035246
20,96,0.005,0,-0.2,1.5,1,-0.7624353446899754,-0.3021990812662201,-0.8215965026392974,-0.7588069486388787,1860,1230,630,0.050140658613271556,0.18709250372331623,0.11861658116829389,0.06847592255502234,-0.1187827927831896,-0.31657048032655966,-3.3701628953384804e-05,-0.7509376800178127
12,120,0.005,0,-0.2,0.75,1,-0.7605691321369127,-0.30083081403717526,-0.8004385917821057,-0.9993293552035556,1352,889,463,0.03279827900049644,0.12473936786364388,0.07876882343207016,0.04597054443157372,-0.2703647981471379,-0.35474578376636523,-0.00014287855558763678,-0.7510165776884059
12,60,0.0025,0,0.2,0.75,1,-0.7498938802465964,-0.2931539807405853,-0.7746761466497528,-1.421573093253724,938,599,339,0.012841303988085388,0.05685917590600695,0.03485023994704617,0.022008935958960783,-0.33327030948285785,-0.4003337966198339,-0.0004659341842862286,-0.751570708728148
48,200,0.0,0,-0.2,2.5,1,-0.7680137951444241,-0.3063377127061018,-0.8392689800885138,-0.525846251021234,2840,1815,1025,0.0704285950686745,0.2972695680953169,0.1838490815819957,0.11342048651332119,0.3437243253668305,-0.2858537342172547,5.0027656490057744e-05,-0.7522645153014204
12,96,0.0025,0,-0.2,0.75,1,-0.762257598059771,-0.3020684147664783,-0.8000187421547669,-1.0069357965470123,1336,873,463,0.030911798775442662,0.12338242594737713,0.07714711236140989,0.04623531358596723,-0.33478712504279473,-0.3028483410566162,-0.0001486854255357258,-0.7524245756712123
12,96,0.01,0,-0.2,0.75,1,-0.7608394056124216,-0.30102847656118537,-0.7991614607695978,-1.0557105111851195,1142,781,361,0.032434221413205365,0.10537812344861823,0.0689061724309118,0.036471951017706436,-0.3908859618500342,-0.3049193785213451,-0.0002076684728441315,-0.7533947325052402
48,96,0.005,0,0.2,0.75,1,-0.7533465433248865,-0.29560953331189155,-0.7803392940624225,-1.3600100912623478,1031,671,360,0.0170776104583816,0.06414032765182856,0.04060896905510508,0.023531358596723482,-0.19205167796549516,-0.48874400142861274,-0.0003904316008208639,-0.7537796849062202
20,120,0.005,0,0.0,0.75,1,-0.7590394133253531,-0.29971520695151654,-0.7923206607619011,-1.1676262719011818,1229,803,426,0.023332781730928346,0.0896574549065034,0.05649511831871587,0.03316233658778752,-0.2913101767814261,-0.37131873922927117,-0.00023632810296804848,-0.7542568509275261
20,200,0.0025,0,-0.2,0.75,1,-0.7695081843246789,-0.3074590489909307,-0.8015291240373756,-0.9239355204866021,1594,1025,569,0.03604170114181698,0.1479066688730763,0.09197418500744663,0.055932483865629656,-0.3142739300109152,-0.2540252762145345,-9.369867134223816e-05,-0.7544203870339486
30,120,0.01,0,0.2,0.75,1,-0.7531219702113008,-0.29544903487900365,-0.7801392973166652,-1.3916346311119372,924,618,306,0.0170776104583816,0.05699156048320371,0.03703458547079265,0.019956975012411053,-0.27827673453989277,-0.45699232783253796,-0.00047279842856079126,-0.7551004150929331
12,200,0.0025,0,0.2,0.75,1,-0.7571742529998685,-0.2983621266235468,-0.7837481147644091,-1.3054832879032092,1186,755,431,0.017209995035578355,0.0728777097468145,0.045043852391196425,0.02783385735561807,-0.27538492435687567,-0.3935592146210779,-0.00031030745197674646,-0.7555103484009118
30,120,0.0,0,-0.2,0.75,1,-0.7691956144646019,-0.30722405792818497,-0.8027030218467067,-0.9473281706466351,1497,969,528,0.035115009101439686,0.1398974019526725,0.0875062055270561,0.05239119642561642,-0.28916771613525405,-0.3135204143018868,-0.00011235025433409015,-0.75594197738387
20,120,0.0,0,0.2,0.75,1,-0.7558794359772176,-0.29742737672324004,-0.7825050900853406,-1.3472682257308133,1121,719,402,0.0170776104583816,0.06989905675988747,0.04348833360913454,0.02641072315075294,-0.22703097563340613,-0.4467451789202367,-0.00034007125591526473,-0.756043333052451
12,60,0.0,0,-0.2,1.5,1,-0.7430208689928265,-0.28834052524094145,-0.8636275828326156,-0.7178004159496236,1902,1232,670,0.04597054443157372,0.18331954327320868,0.1146450438523912,0.06867449942081748,0.026645890515950343,-0.35197087782606906,-1.768802908279705e-05,-0.7560443374547304
48,200,0.01,0,0.0,1.5,1,-0.7587830646589901,-0.2995287744744687,-0.8300140343997086,-0.8374022166681043,1869,1243,626,0.040344199900711565,0.1442660930001655,0.09230514645043852,0.05196094654972696,0.1085487602976869,-0.4458814564395668,-4.910978683200875e-05,-0.7564059025077281
30,96,0.0,0,-0.2,1.5,1,-0.7661138699172065,-0.30491986861168674,-0.8326695561293442,-0.7110045143553486,2076,1345,731,0.05139831209664074,0.20900215124937946,0.1302002316730101,0.07880191957636935,-0.07279828246157283,-0.2875725414214272,-1.0314772879691309e-05,-0.7568048723941263
30,60,0.0025,0,-0.2,1.5,1,-0.7564284126000355,-0.297823237106161,-0.8437928183170987,-0.7504260975936707,1828,1187,641,0.0457388714214794,0.1826245242429257,0.11418169783220254,0.06844282641072315,-0.07289618519049879,-0.3445452965418865,-3.37519428709553e-05,-0.7572409511443939
12,60,0.0,0,-0.2,2.5,1,-0.7429349034361321,-0.28828093442339897,-0.8738800259619499,-0.6412424308396879,2124,1374,750,0.0530531193116002,0.2122455733907,0.13264934635115008,0.0795962270395499,0.16330058149773596,-0.3607256904604844,9.143287272472468e-06,-0.7572830689463583
30,96,0.005,0,0.2,0.75,1,-0.7554328804699093,-0.2971058628768025,-0.7821973109589916,-1.3854645239318557,1009,651,358,0.01578686083071322,0.06258480886976667,0.039185834850239944,0.023398974019526723,-0.2196072044231765,-0.48091177567426613,-0.00041175905534582367,-0.7574777445528912
20,120,0.01,0,0.2,0.75,1,-0.7546963429144751,-0.29657652616090113,-0.7815413770768675,-1.4128722808885492,915,613,302,0.016812841303988087,0.05613106073142479,0.036471951017706436,0.019659109713718353,-0.28065859084193967,-0.4610997612380944,-0.0004876806352257439,-0.7579908287437623
30,96,0.01,0,-0.2,1.5,1,-0.7686145395132983,-0.3067878370933226,-0.824596404673087,-0.7795286849543084,1709,1172,537,0.05262286943571074,0.17335760383915275,0.11299023663743174,0.060367367201721,-0.2425133303641953,-0.281943673023039,-5.604907825853202e-05,-0.7580624736775816
30,120,0.0,0,0.2,0.75,1,-0.7581592004280924,-0.2990756819083876,-0.7859187093344885,-1.344157070603081,1130,727,403,0.017607148767168623,0.07082574880026477,0.044216448783716694,0.02660930001654807,-0.23217582866446718,-0.4457502101206312,-0.0003369259878075183,-0.7592428901057858
12,120,0.01,0,0.2,0.75,1,-0.7549052761284912,-0.29672656163289735,-0.78172744549003,-1.4332875410503934,897,598,299,0.0161509184180043,0.05480721495945722,0.03547906668873076,0.019328148270726462,-0.2923062808625414,-0.45760158998453493,-0.0005070414863758218,-0.7592546614304321
12,120,0.01,0,-0.2,0.75,1,-0.7656572178810712,-0.3045803737928756,-0.8050053113496441,-1.0510623436422823,1201,811,390,0.03283137514479563,0.11087208340228363,0.07185172927353964,0.039020354128744,-0.3856990339308578,-0.30444826247866463,-0.00019274792721251318,-0.7596361466498118
12,60,0.0,0,0.0,2.5,1,-0.7313473599415279,-0.28038176176977525,-0.8816452671573779,-0.7780223429620732,1948,1263,685,0.035445970544431576,0.1500248221082244,0.09273539632632798,0.05728942578189641,0.38300385130774206,-0.48539223556489575,-1.674020245910282e-05,-0.7601055124965678
30,60,0.0,0,0.2,0.75,1,-0.7573500335856747,-0.2984893134128773,-0.7829482355351912,-1.4038928787554559,994,631,363,0.014893264934635116,0.06235313585967235,0.03862320039715373,0.023729935462518618,-0.26805210419964254,-0.4549976116069351,-0.0004222222655912409,-0.7601580751182457
20,60,0.01,0,-0.2,1.5,1,-0.7541130173977308,-0.29615814511205685,-0.8478649573643331,-0.8016955583118358,1544,1057,487,0.04782392851232831,0.15254012907496275,0.10018202879364554,0.052358100281317224,-0.1986590562900168,-0.3358328502783158,-7.539677486255886e-05,-0.7601754017098152
48,120,0.005,0,-0.2,0.75,1,-0.7707848340013904,-0.30842132630120056,-0.808293636822703,-0.9618140733040165,1408,925,483,0.03501572066854212,0.1323183849081582,0.08366705278835015,0.048651332119808044,-0.24719381202040913,-0.3842846999761722,-0.00013247689734144878,-0.7606588483777529
20,60,0.0,0,-0.2,1.5,1,-0.7498487287491526,-0.2931220375565614,-0.8631363318507589,-0.7225904837460542,1905,1223,682,0.04636769816316399,0.18702631143471785,0.11669700479894092,0.07032930663577693,0.0025267179842416443,-0.3530425721180783,-2.0508678027499872e-05,-0.7608197276692437
30,60,0.005,0,0.0,2.5,1,-0.7425433980831806,-0.28800973400657703,-0.8641514692754899,-0.8226589764691091,1818,1200,618,0.0380936620883667,0.14234651663081252,0.09022008935958961,0.0521264272712229,0.41965335580674945,-0.54981177672805,-4.393602960895495e-05,-0.7612184174677774
20,96,0.01,0,0.2,0.75,1,-0.7561135291705168,-0.2975960967888618,-0.7837354890969295,-1.4417319269911355,874,581,293,0.015753764686414033,0.053681946053284794,0.034717855369849414,0.01896409068343538,-0.31789551746350475,-0.4464320257587737,-0.0005280711034124406,-0.7615504376868834
30,60,0.005,0,0.0,1.5,1,-0.7499293125588267,-0.29317905095152674,-0.8440647364102216,-0.9341439166378132,1610,1060,550,0.03210325997021347,0.12245573390699983,0.07727949693860665,0.04517623696839318,0.23122623815486154,-0.5456197827799699,-9.627528279254223e-05,-0.7619186149885282
20,200,0.0025,0,0.2,0.75,1,-0.7621539694123562,-0.3019922682526106,-0.788182871273728,-1.324329546156865,1198,764,434,0.017574052622869436,0.07350653648849909,0.045540294555684264,0.027966241932814828,-0.27620337376087034,-0.40174435476296033,-0.00031410109945960663,-0.7623001811973178
12,60,0.01,0,-0.2,1.5,1,-0.7506575831150428,-0.2936949312374154,-0.8562454756873048,-0.8098167417048618,1541,1063,478,0.04736058249213967,0.1487009763362568,0.09803077941419824,0.05067019692205858,-0.15524642703321834,-0.3620689961799062,-7.646566020393993e-05,-0.7623085061663109
30,96,0.01,0,-0.2,0.75,1,-0.7691050329202878,-0.3071560030098456,-0.8078742096959769,-1.0256493459698826,1190,808,382,0.032765182856197256,0.11133542942247228,0.07205030613933477,0.03928512328313751,-0.40941549910195507,-0.29107178600729655,-0.00019452195304702806,-0.7623755751563281
20,96,0.0,0,-0.2,1.5,1,-0.7695448041815369,-0.3074865955520424,-0.8360379878055002,-0.7435554458033607,2028,1307,721,0.049313255005791826,0.20360747972861162,0.12646036736720173,0.07714711236140989,-0.1326212174400081,-0.26740753962719976,-1.9096181935390623e-05,-0.7626833617449605
48,200,0.005,0,0.2,1.5,1,-0.7594918676329188,-0.3000446226077085,-0.8338270499246887,-0.9212211729784622,1825,1179,646,0.029488664570577527,0.11712725467483039,0.07330795962270395,0.04381929505212643,0.3328049937088364,-0.5506975629278317,-7.768812714557882e-05,-0.7630192062189759
20,96,0.01,0,-0.2,1.5,1,-0.7715209312300823,-0.3089779885787186,-0.8279732176299931,-0.8155100684330019,1663,1136,527,0.0512328313751448,0.16806222075128247,0.10964752606321364,0.05841469468806884,-0.2781942066612566,-0.27283623881614316,-6.758198093342469e-05,-0.7637401008153653
48,96,0.0,0,0.2,0.75,1,-0.7616783841934018,-0.3016431260358938,-0.7879800423904555,-1.3648703236747324,1116,718,398,0.01770643720006619,0.07019692205858018,0.043951679629323184,0.026245242429256993,-0.22340272522420024,-0.46375346657214256,-0.0003505591810750513,-0.7638766634148582
48,60,0.0025,0,-0.2,1.5,1,-0.7746021022585725,-0.3113227749014137,-0.8275759989824576,-0.7756534719798567,1905,1242,663,0.04653317888465994,0.19122952176071487,0.1188813503226874,0.07234817143802746,-0.21890496832798245,-0.25180477774340126,-3.6474628940744595e-05,-0.7638934479916353
12,60,0.0,0,0.0,1.5,1,-0.738943224007366,-0.2855302311248883,-0.8695336248759304,-0.8829336104667358,1731,1124,607,0.030779414198245904,0.12894257818964092,0.0798609961939434,0.0490815819956975,0.17890944846249823,-0.47370360194789873,-6.336676179162444e-05,-0.7644437240861903
12,120,0.005,0,-0.2,1.5,1,-0.7740593122626316,-0.31090797276116977,-0.82916236101689,-0.7897252211127236,1925,1281,644,0.05232500413701804,0.19199073307959622,0.12215786860830713,0.0698328644712891,-0.09049773101190806,-0.34941561509101826,-3.5617946012989266e-05,-0.764975414325251
12,96,0.005,0,0.2,0.75,1,-0.7595045170854446,-0.30005383889093207,-0.7853124130064877,-1.451070219258624,967,629,338,0.015654476253516465,0.05907661757405262,0.03736554691378455,0.02171107066026808,-0.26163746616581596,-0.4717114876593824,-0.00046118537762641356,-0.7652635563571071
30,96,0.0025,0,-0.2,0.75,1,-0.7736679979169592,-0.3106093920559233,-0.8113562655325849,-0.9933347331878232,1378,896,482,0.03157372166142644,0.12900877047823928,0.08029124606983286,0.04871752440840642,-0.34883825554142767,-0.3075940083318285,-0.00014488127866998842,-0.765954261481607
30,96,0.005,0,-0.2,0.75,1,-0.7734996385254386,-0.3104810495179958,-0.8112159409472113,-1.0095891759451368,1326,873,453,0.03223564454741023,0.12444150256495118,0.07833857355618071,0.04610292900877048,-0.31601296510738086,-0.357267472063047,-0.0001583849488943739,-0.7665684787888583
48,96,0.0,0,-0.2,0.75,1,-0.7774019854206999,-0.3134744308894124,-0.8087674449792706,-0.9778791866264638,1482,963,519,0.03551216283302995,0.1390369022008936,0.08727453251696178,0.05176236968393182,-0.2789264737559838,-0.35220972123062677,-0.0001236594470513006,-0.7667521127103709
48,60,0.005,0,0.2,0.75,1,-0.7612037485822738,-0.3012952013175456,-0.7889534141297447,-1.4271463037289231,955,610,345,0.0143306304815489,0.059407579017044514,0.03686910474929671,0.022538474267747806,-0.28098488735878857,-0.4645524168639439,-0.000463409573837687,-0.7671292235688641
48,96,0.0025,0,0.0,0.75,1,-0.7691750070304283,-0.3072085735752712,-0.8010563358882985,-1.187871887423127,1262,818,444,0.023034916432235646,0.09333112692371338,0.05818302167797452,0.03514810524573887,-0.33804764388585495,-0.34451244661332936,-0.00023484454290666456,-0.7671303358905768
12,96,0.005,0,-0.2,1.5,1,-0.765479475632053,-0.3044483666188095,-0.8474974186413136,-0.7850286927377219,1841,1225,616,0.050835677643554525,0.1826245242429257,0.11673010094324011,0.06589442329968559,-0.017623126886205487,-0.40052541924378837,-4.024554378243862e-05,-0.7674485105763523
48,200,0.0025,0,-0.2,2.5,1,-0.7838221459085357,-0.31848590884258965,-0.8417892053853602,-0.5736720755145022,2714,1754,960,0.07003144133708424,0.28475922555022337,0.17739533344365382,0.10736389210656959,0.21459091141091857,-0.30872799645248306,3.571513431705183e-05,-0.7680641153109948
20,60,0.005,0,0.0,1.5,1,-0.7539204260813046,-0.2960201754110331,-0.8491526885909918,-0.9551740073548535,1584,1044,540,0.03183849081581996,0.11894754261128579,0.07539301671355288,0.04355452589773291,0.14497657842746814,-0.5254016631905847,-0.00010798175937791715,-0.7683552200742716
48,60,0.005,0,-0.2,2.5,1,-0.7822395405373704,-0.31724029647036966,-0.8309615255920283,-0.7292481278441824,2043,1351,692,0.057454906503392356,0.21227866953499916,0.13486678801919577,0.07741188151580342,-0.18378346382606237,-0.25883245580109526,-2.128710226501032e-05,-0.7691834656585929
20,96,0.0,0,0.2,0.75,1,-0.7645173379977153,-0.30373509672425214,-0.7911011502021766,-1.408161095091732,1067,675,392,0.015522091676319709,0.06662253847426775,0.04107231507529373,0.02555022339897402,-0.2854750469041476,-0.43805270378730055,-0.00038985524866159884,-0.769693726579927
20,60,0.005,0,0.0,2.5,1,-0.751594668577169,-0.294360392822378,-0.8648094048544386,-0.8597838992863374,1784,1180,604,0.0374979314909813,0.13824259473771305,0.08787026311434717,0.05037233162336588,0.28939077721737494,-0.5298202604622131,-5.890155329239511e-05,-0.7697542902139142
30,96,0.01,0,-0.2,2.5,1,-0.7844471049953231,-0.318979674981023,-0.8290834393603304,-0.734859974914912,1918,1312,606,0.062816481879861,0.19990071156710243,0.1313585967234817,0.06854211484362072,-0.2724445559769102,-0.22682050064652182,-3.451101863540584e-05,-0.7702643934069338
20,60,0.0025,0,0.2,0.75,1,-0.7639822613955349,-0.30333936861343225,-0.7875529871891435,-1.4776918551607354,937,595,342,0.013172265431077279,0.057785867946384246,0.03547906668873076,0.022306801257653483,-0.3309204109304361,-0.4363821851555554,-0.0004912770251742375,-0.7710004549660407
30,60,0.01,0,0.0,1.5,1,-0.7531134061524569,-0.29544291646444254,-0.8538088389497633,-0.9732991785796483,1442,982,460,0.033394009597881844,0.10958133377461526,0.07148767168624855,0.0380936620883667,0.13431612542915738,-0.5523196512904007,-0.00013971437910943185,-0.7710122948683066
48,120,0.0025,0,-0.2,0.75,1,-0.7791381759716316,-0.3148188707052838,-0.815280036708219,-0.9715911657544459,1467,953,514,0.03441999007115671,0.1380771140162171,0.08624855204368691,0.0518285619725302,-0.32124102880107375,-0.32229648277542067,-0.00012716353103430072,-0.7710384473471156
48,200,0.01,0,0.0,2.5,1,-0.7721730828324108,-0.3094722925826979,-0.8464335363374411,-0.7858639528292996,2087,1398,689,0.048055601522422636,0.16567929836174086,0.10686744994208175,0.05881184841965911,0.11504965156839941,-0.41975627374713065,-2.3592316395163843e-05,-0.7719822583928835
30,120,0.0025,0,0.0,0.75,1,-0.7736250652039386,-0.31057665709799853,-0.8048917562522669,-1.2064047185354272,1276,825,451,0.022770147277842132,0.09405924209829555,0.05841469468806884,0.035644547410226705,-0.3643926438553482,-0.32580023637618916,-0.00023746191189002834,-0.7733427711509033
48,96,0.01,0,-0.2,0.75,1,-0.7778398156736136,-0.31381272665748505,-0.8151423501012952,-1.0436157494861176,1217,829,388,0.03441999007115671,0.1146450438523912,0.07453251696177396,0.04011252689061724,-0.3916331326526765,-0.32882626218641264,-0.00019492050252918361,-0.7735646891824386
20,60,0.01,0,0.0,1.5,1,-0.7545692088720979,-0.2964852777578014,-0.8576864540652243,-0.9866329203518068,1414,964,450,0.03266589442329969,0.10647029621049148,0.06956809531689558,0.036902200893595895,0.05497092906349388,-0.5281417628721089,-0.000150837770308328,-0.7746601508080039
20,120,0.0025,0,0.0,0.75,1,-0.774272563267737,-0.31107085078785157,-0.8054498224983007,-1.2183687815699513,1272,820,452,0.022207512824755915,0.09303326162502068,0.0576203872248883,0.03541287440013238,-0.361665007698476,-0.33193908504931424,-0.0002425481754312039,-0.7747142011154995
30,60,0.005,0,0.2,0.75,1,-0.7664856399788453,-0.30519662564692474,-0.7912064329455756,-1.484760286313958,919,593,326,0.014760880357438359,0.056792983617408574,0.03577693198742347,0.021016051629985107,-0.28566247453059923,-0.4823712993444452,-0.0005109344976084447,-0.7750378564354105
30,96,0.0025,0,-0.2,1.5,1,-0.7838550617258472,-0.31851188817591125,-0.8357051687276326,-0.7756844274356182,1987,1301,686,0.05037233162336588,0.2002316730100943,0.1253020023167301,0.07492967069336422,-0.19245535200064212,-0.2769672020794044,-3.245258941507071e-05,-0.7751486939115085
20,120,0.005,0,-0.2,1.5,1,-0.7830437820101295,-0.31787243511790664,-0.8363786353816907,-0.7888649220051321,1954,1302,652,0.05354956147608803,0.19678967400297864,0.12516961773953333,0.07162005626344531,-0.12891396428557356,-0.33820593125767495,-3.6599561912706835e-05,-0.7755049989090086
20,120,0.01,0,-0.2,2.5,1,-0.788322256303163,-0.3220655432091323,-0.8331018732840882,-0.7418737773801752,1944,1333,611,0.06371007777593911,0.20284626840973027,0.13327817309283468,0.06956809531689558,-0.2875796011618975,-0.21444127490463027,-3.44148938668532e-05,-0.7757101687201852
12,120,0.005,0,0.2,0.75,1,-0.7680510409479602,-0.30636559473298053,-0.79343459129394,-1.4594349070750645,1019,660,359,0.016117822273705115,0.06238623200397154,0.039252027138838325,0.023134204865133214,-0.26567813053167477,-0.47418334198246703,-0.00043976829726028404,-0.7760546357337037
30,120,0.005,0,0.2,0.75,1,-0.7694695243415198,-0.3074299713451869,-0.7946978416363036,-1.4333894458774745,1048,682,366,0.017176898891279165,0.06483534668211154,0.04100612278669535,0.023829223895416186,-0.2477459263145454,-0.4824038727808019,-0.0004164927862860146,-0.7764483644572124
20,120,0.005,0,0.2,0.75,1,-0.7698397631020845,-0.30770859229509284,-0.7950275629733057,-1.4481338183081187,1040,676,364,0.016779745159688896,0.06397484693033262,0.04037729604501076,0.02359755088532186,-0.25251852725097856,-0.4820122716619799,-0.00042597905162088465,-0.7776290646971517
12,200,0.01,0,-0.2,1.5,1,-0.7896538612341935,-0.32313570499224986,-0.8314595585384159,-0.7932403864575405,1913,1293,620,0.05742181035909317,0.19384411716035083,0.125632963759722,0.06821115340062883,-0.1877596576333772,-0.3258499900425307,-4.445983052199654e-05,-0.7785275035843349
12,96,0.01,0,-0.2,1.5,1,-0.771987173877057,-0.3093312732916722,-0.8549640664804027,-0.8361761152358215,1643,1129,514,0.05136521595234155,0.16349495283799437,0.10743008439516796,0.05606486844282641,-0.18251302089041888,-0.36563301363864975,-7.378667460667715e-05,-0.7786221122936647
12,120,0.0,0,-0.2,1.5,1,-0.7824541275447229,-0.31740879173075276,-0.8464913243934522,-0.77654029874921,2104,1364,740,0.05146450438523912,0.2094654972695681,0.13046500082740362,0.07900049644216449,-0.10757032593983584,-0.30181759849300205,-2.1242953726378004e-05,-0.7794814688649394
20,96,0.01,0,-0.2,2.5,1,-0.7921966212090499,-0.32519341738844465,-0.8330469028392765,-0.7869265906205689,1864,1272,592,0.06093000165480721,0.1935793480059573,0.12725467483038225,0.06632467317557504,-0.3389422999658622,-0.20149632744894552,-4.943427955562106e-05,-0.7810631983391113
30,96,0.0025,0,0.2,0.75,1,-0.7727583303152932,-0.30991678991369087,-0.7976267340654998,-1.451720450944031,1040,664,376,0.015025649511831872,0.06500082740360748,0.040013238457719674,0.024987588945887804,-0.28369354796796087,-0.4663227173638723,-0.00042499938796142374,-0.7813161794936424
12,96,0.01,0,-0.2,2.5,1,-0.7792916913266081,-0.31493812792281173,-0.8574380053820514,-0.7666105651523276,1840,1263,577,0.06096309779910641,0.188449445639583,0.1247062717193447,0.06374317392023829,-0.17535811211720276,-0.3282554741729796,-4.417995990870042e-05,-0.7819876588714538
48,200,0.005,0,0.0,2.5,1,-0.7773144837530288,-0.3134068813000459,-0.8643318138755127,-0.7308904275253649,2381,1554,827,0.04818798609961939,0.18970709912295217,0.11894754261128579,0.07075955651166639,0.3215495999667164,-0.44595099093317636,7.468269848960003e-06,-0.7821173096140706
48,60,0.0,0,-0.2,2.5,1,-0.7877240591117596,-0.3215864364517085,-0.8507501245376031,-0.7118738688326205,2237,1444,793,0.056627502895912625,0.23137514479563132,0.14400132384577197,0.08737382094985933,-0.18601305943270197,-0.20170539289188316,-6.3095608414157605e-06,-0.782555192162141
20,60,0.0025,0,-0.2,2.5,1,-0.7740985201631622,-0.3109379105382136,-0.8718135359523974,-0.7250274749358631,2038,1323,715,0.05298692702300182,0.20668542114843622,0.129836174085719,0.07684924706271719,-0.025437536038075304,-0.3576582564644327,-1.8281021567760497e-05,-0.7830960522612054
48,200,0.01,0,0.2,1.5,1,-0.7805368053779116,-0.3159076899256028,-0.8242836989388753,-1.100976286856979,1597,1058,539,0.029488664570577527,0.10183683600860499,0.06566275028959126,0.03617408571901373,0.06990466940827766,-0.5440812192458808,-0.00016642486844690394,-0.7830983537378894
30,200,0.01,0,-0.2,2.5,1,-0.7977783506000204,-0.3297774761261273,-0.8372473021095169,-0.7041919068993853,2199,1486,713,0.06963428760549396,0.23074631805394671,0.15019030282972035,0.08055601522422638,-0.12244652626538666,-0.30788181851948127,-1.2417772913405522e-05,-0.783610722525855
20,120,0.005,0,-0.2,2.5,1,-0.7935498440488221,-0.3262962097986539,-0.8418053041285176,-0.7297580594388275,2176,1448,728,0.06324673175575045,0.22674168459374483,0.14499420817474765,0.08174747641899718,-0.14037794652711355,-0.2869200418006791,-1.4993129913860311e-05,-0.7836867648348541
30,60,0.0,0,0.0,2.5,1,-0.7614834688866047,-0.30150018340802753,-0.8821016430067314,-0.8425868382367042,1995,1285,710,0.03693529703789508,0.15674333940095977,0.09683931821942744,0.05990402118153235,0.35243133988157704,-0.5216780153307242,-3.40043458318138e-05,-0.7846803468232285
30,200,0.01,0,-0.2,1.5,1,-0.7937974517027298,-0.32649858071806936,-0.838377441590284,-0.7828186848172863,1969,1325,644,0.058480886976667215,0.20079430746318053,0.12963759721992388,0.07115671024325666,-0.14242630101167486,-0.35628679423668763,-3.942326691834411e-05,-0.7848282357540757
12,120,0.01,0,-0.2,1.5,1,-0.7883296964811141,-0.322071508566797,-0.8398576355034334,-0.8658281454625824,1715,1175,540,0.052424292569915605,0.17183518120139005,0.11212973688565282,0.05970544431573722,-0.2684379016438926,-0.3178036573493356,-7.556592256440024e-05,-0.7852917335916428
30,96,0.005,0,-0.2,2.5,1,-0.7949918047397209,-0.32747729783893564,-0.8420200596753867,-0.7394614091094748,2129,1409,720,0.061393347674995866,0.22217441668045673,0.1417838821777263,0.08039053450273043,-0.1373141836191607,-0.3108073204335351,-2.035447579978882e-05,-0.7854603981321028
48,96,0.005,0,-0.2,0.75,1,-0.7878272546771518,-0.32166901530864545,-0.8231577564748411,-1.0490277229851692,1354,899,455,0.03425450934966076,0.12791659771636604,0.0810855535330134,0.04683104418335264,-0.30380015142261374,-0.4001446115940721,-0.00016629053436669275,-0.7856992796953245
12,200,0.005,0,-0.2,1.5,1,-0.7961404974732778,-0.3284226392398242,-0.8363307894724699,-0.7823543049618013,2166,1422,744,0.058050637100777756,0.21863312924044348,0.13834188317061064,0.08029124606983286,-0.03773961737197784,-0.3741115998542519,-2.2370659455304624e-05,-0.7857057492241492
12,96,0.0,0,-0.2,1.5,1,-0.7751069284978729,-0.311709237642505,-0.8706417022985685,-0.7744792604373855,2013,1303,710,0.050074466324673175,0.19947046169121296,0.12477246400794308,0.0746979976832699,-0.024869581391116724,-0.36883910471931325,-2.6162312611837263e-05,-0.7857540518136586
30,200,0.005,0,-0.2,1.5,1,-0.7959095493599837,-0.3282322553900351,-0.8396482980065821,-0.7576828566120347,2246,1469,777,0.05907661757405262,0.22819791494290914,0.1436372662584809,0.08456064868442827,0.011061758764905338,-0.3793029630382613,-1.3396006787884545e-05,-0.7859405472239279
12,60,0.0025,0,-0.2,1.5,1,-0.7746021042828771,-0.31132277644979045,-0.8668976155468009,-0.8249948528079896,1823,1193,630,0.044779083236802915,0.1747145457554195,0.1097468144961112,0.06496773125930828,-0.12810172045713053,-0.3566571855847229,-5.250678725173719e-05,-0.7860213268635904
20,120,0.0,0,-0.2,1.5,1,-0.7941100985943046,-0.32675436891554865,-0.8404494743475783,-0.7873674491181476,2131,1388,743,0.053251696177395336,0.21390038060565944,0.13357603839152737,0.08032434221413205,-0.13547387586378568,-0.30862540254327053,-2.5040602104501945e-05,-0.7863474785452452
20,96,0.005,0,0.2,0.75,1,-0.7756627756762082,-0.31213551173666265,-0.8010706377818799,-1.498812294006231,992,638,354,0.015455899387721331,0.061062386232003975,0.03825914280986265,0.02280324342214132,-0.3006765447068669,-0.4731497615770802,-0.0004749410751769274,-0.7876114453279142
48,200,0.0,0,0.0,1.5,1,-0.7855639266269184,-0.31986472970484425,-0.8576596370736949,-0.8119236255856359,2358,1506,852,0.04074135363230184,0.182326658944233,0.11153400628826741,0.07079265265596558,0.17613644217065993,-0.4073692487010592,-6.927551020686814e-06,-0.7892907295209735
20,96,0.0025,0,-0.2,1.5,1,-0.7933677851901136,-0.32614752826896953,-0.8440001851556214,-0.83024323150198,1943,1266,677,0.04832037067681615,0.1948039053450273,0.12156213801092172,0.07324176733410558,-0.2555214901042602,-0.2665534527653748,-4.705017783319204e-05,-0.7896597824218792
20,60,0.0025,0,-0.2,1.5,1,-0.7821891488881806,-0.31720074663364173,-0.8619507620694857,-0.8321087194153247,1824,1183,641,0.04507694853549561,0.1785867946384246,0.11183187158696012,0.06675492305146451,-0.16908989753767745,-0.3473188164022336,-5.610573408539232e-05,-0.7897815636391509
12,60,0.0025,0,-0.2,2.5,1,-0.776589510448823,-0.31284797997435987,-0.879796913980192,-0.7466184325638817,2031,1328,703,0.0521264272712229,0.20231673010094325,0.12722157868608308,0.07509515141486017,0.016098846889991192,-0.39283889685955264,-2.247520901751266e-05,-0.7900773585926499
48,96,0.0025,0,0.2,0.75,1,-0.7800123902967846,-0.31549883004113866,-0.8040869392372715,-1.4681035469592265,1066,686,380,0.016481879860996192,0.06672182690716531,0.041601853384080754,0.025119973523084562,-0.27670445780727837,-0.4816545623946169,-0.00042235544205373467,-0.7909474770077358
12,60,0.01,0,0.0,999.0,1,-0.7717691881515873,-0.3091660322463319,-0.873303934097626,-0.9061606612564839,1649,1141,508,0.0417673341055767,0.12854542445805064,0.08515637928181367,0.04338904517623697,0.23449848486346214,-0.5782558541051821,-0.00010068592819330549,-0.791126032357969
12,96,0.0025,0,0.2,0.75,1,-0.7781646266713861,-0.31406401956461494,-0.8019700809655304,-1.525419833096207,1002,641,361,0.014496111203044846,0.06169121297368856,0.0380936620883667,0.02359755088532186,-0.3306279706953791,-0.4529850610378964,-0.0004744844864343395,-0.7913200517021904
12,60,0.0025,0,0.0,2.5,1,-0.7668093452380123,-0.3054378709115979,-0.8825341291132487,-0.9009957547913297,1856,1212,644,0.03468475922555023,0.14244580506371007,0.08856528214463015,0.05388052291907993,0.2073845188781931,-0.5113570829792837,-6.290534249129862e-05,-0.7917547232077887
20,120,0.005,0,-0.2,0.75,1,-0.7921370378350701,-0.3251449845345892,-0.8267498847738528,-1.074163091488679,1361,901,460,0.033791163329472115,0.12732086711898064,0.08055601522422638,0.04676485189475426,-0.35231288426288987,-0.36609648781037685,-0.00017221914367160647,-0.7922280814959495
20,120,0.01,0,-0.2,1.5,1,-0.7947437788085987,-0.327273701062076,-0.8447997746546245,-0.8563646250830591,1740,1195,545,0.053681946053284794,0.17613767996028462,0.11490981300678471,0.06122786695349992,-0.2934600108309323,-0.3064300447775915,-7.434784437434334e-05,-0.7924918196435412
48,200,0.0025,0,0.0,1.5,1,-0.7923237703218725,-0.3252968064518307,-0.8522329077802122,-0.8460680998917,2250,1446,804,0.0399470461691213,0.1741188151580341,0.10703293066357769,0.06708588449445639,0.08936227968355359,-0.41291533835474836,-2.4831400848840015e-05,-0.7937166653365217
48,60,0.0025,0,0.2,0.75,1,-0.7805175504200554,-0.3158926648649055,-0.8060228275474123,-1.5055063368976918,987,623,364,0.01353632301836836,0.06179050140658613,0.037663412212477244,0.024127089194108886,-0.3363089135010373,-0.45823400859204566,-0.00048112808747627914,-0.7941793954834961
20,60,0.0,0,0.0,2.5,1,-0.7708629005881208,-0.3084802993820517,-0.8836024138609034,-0.8813070587316013,1966,1267,699,0.0362733741519113,0.15283799437365547,0.09455568426278338,0.058282310110872086,0.21697625395359332,-0.49669465084724307,-4.758653867903857e-05,-0.7943468592490835
12,96,0.005,0,-0.2,2.5,1,-0.7882730501023204,-0.32202609480483624,-0.870047138712128,-0.7638006125741287,2054,1365,689,0.05987092503723316,0.21059076617574052,0.13523084560648685,0.07535992056925368,-0.020629978059185428,-0.39610517212631924,-2.6597894705182754e-05,-0.7952396947896067
12,120,0.01,0,-0.2,2.5,1,-0.8009929633244088,-0.33246071366260843,-0.8443796999965619,-0.8124616565102843,1918,1313,605,0.06235313585967235,0.19771636604335596,0.13003475095151415,0.0676816150918418,-0.28877964760786246,-0.2697747907090442,-5.090835814626834e-05,-0.7952736464864035
20,120,0.0025,0,-0.2,0.75,1,-0.7949500585075929,-0.3274430167351102,-0.8290944879228325,-1.0667369293903757,1413,923,490,0.032765182856197256,0.13205361575376467,0.08240939930498097,0.049644216448783716,-0.3915859900271118,-0.31677110056124236,-0.00016150906212920247,-0.7953271071660453
12,60,0.0025,0,0.0,1.5,1,-0.7724321385152512,-0.3096689404836518,-0.8709358133006792,-1.0126725623101565,1654,1079,575,0.029687241436372663,0.12242263776270064,0.07605493959953666,0.04636769816316399,0.010035110117637469,-0.4847407292389524,-0.00011611660993395696,-0.7957704752494993
30,200,0.0,0,-0.2,1.5,1,-0.8012799370893745,-0.3327018265376175,-0.8523595621911197,-0.7412528975267654,2478,1581,897,0.05920900215124938,0.250041370180374,0.1546251861658117,0.0954161840145623,0.059577673433943046,-0.3523589801281336,2.3086480176258907e-06,-0.7959442525095156
12,96,0.01,0,0.0,1.5,1,-0.7758080645994709,-0.3122470629858626,-0.8642970424521252,-1.0447792857182787,1515,1033,482,0.03521429753433725,0.11451265927519444,0.07486347840476584,0.039649180870428596,0.0328891271267695,-0.536951350002487,-0.00015033087302993402,-0.7966345484978391
12,120,0.005,0,-0.2,2.5,1,-0.8019388982485346,-0.3332564694689536,-0.8486766804087185,-0.7854637215110974,2145,1426,719,0.06185669369518451,0.2210491477742843,0.1414529207347344,0.0795962270395499,-0.12598585517825633,-0.3375119555046705,-2.6698275602139286e-05,-0.7968679957488677
30,60,0.0,0,0.0,1.5,1,-0.7768434567211742,-0.31304359903144896,-0.8697213860005041,-0.982841237899627,1765,1138,627,0.03163991395002482,0.13483369187489658,0.0832368029124607,0.051596888962435875,0.15004452266005042,-0.5309105127735598,-9.280989247632957e-05,-0.7970463539266823
20,120,0.01,0,-0.2,0.75,1,-0.7944426655278082,-0.32702677424986637,-0.8289574439939003,-1.1175684948392959,1211,824,387,0.03375806718517293,0.1131226212146285,0.07344034419990071,0.03968227701472778,-0.4528035492852692,-0.3116318343292488,-0.0002220791894271734,-0.7973839209887813
20,96,0.005,0,-0.2,2.5,1,-0.8035785956864542,-0.33464261992389777,-0.8466332815314765,-0.7935490941136226,2079,1374,705,0.059407579017044514,0.21575376468641402,0.13758067185172929,0.07817309283468477,-0.22181039262889846,-0.28605394366875525,-3.3943726084566105e-05,-0.7976367153953172
12,120,0.0025,0,0.2,0.75,1,-0.7836461315090175,-0.31834703697694733,-0.8073230185958709,-1.5201028102836418,1054,672,382,0.014926361078934304,0.06503392354790667,0.03998014231342049,0.02505378123448618,-0.3342910868238057,-0.44943230840914217,-0.0004473094941976514,-0.7980136867890648
48,60,0.005,0,0.0,1.5,1,-0.7921535543990975,-0.32515840912181715,-0.8411652786614525,-1.0477301489509518,1679,1099,580,0.03223564454741023,0.1292073473440344,0.08072149594572232,0.048485851398312095,-0.0907421497360279,-0.4706572878654851,-0.00012686577891170986,-0.798127555900091
48,200,0.0,0,0.2,1.5,1,-0.7929885769179938,-0.3258381562691909,-0.8462340651803416,-1.0053111761285374,2010,1271,739,0.029323183849081582,0.1298692702300182,0.0795962270395499,0.05027304319046831,0.17734974445876217,-0.5197728355396436,-8.181874217335142e-05,-0.7992207476657887
12,200,0.01,0,-0.2,2.5,1,-0.8092834891877911,-0.3395340055972227,-0.8442029079797961,-0.7642463525184946,2126,1438,688,0.06771471123614099,0.22214132053615754,0.14492801588614926,0.07721330465000828,-0.2558427473585946,-0.25784595241993213,-2.9525104130446767e-05,-0.7998477772130455
12,120,0.0025,0,-0.2,1.5,1,-0.801471728475025,-0.33286311355841813,-0.8490907046658139,-0.8533635808267911,2014,1318,696,0.050140658613271556,0.20006619228859837,0.12510342545093497,0.07496276683766341,-0.23193157935614217,-0.2922720204615077,-4.6269231884645566e-05,-0.8000766449326647
20,120,0.0025,0,0.2,0.75,1,-0.7860528529968152,-0.3202532800880151,-0.8094663582762919,-1.5122177523371871,1074,688,386,0.01578686083071322,0.06655634618566937,0.041171603508191296,0.025384742677478075,-0.31713454535544894,-0.46389998800040533,-0.0004362942196561536,-0.8005973468430203
30,96,0.0,0,-0.2,2.5,1,-0.8012848603746547,-0.3327059653161485,-0.8633815937452766,-0.7259187986844842,2324,1504,820,0.060499751778917754,0.24133708422968725,0.1509184180043025,0.09041866622538475,-0.14222884190630147,-0.2593109752655266,-6.763609325372738e-06,-0.800692702123011
48,96,0.0025,0,-0.2,0.75,1,-0.7990642690295902,-0.3308469679969248,-0.8325236098769162,-1.074234716054678,1408,924,484,0.03375806718517293,0.13271553863974847,0.0832368029124607,0.04947873572728777,-0.35122882360495666,-0.3736956892478547,-0.00016569844933205739,-0.8008205087381168
30,120,0.01,0,-0.2,0.75,1,-0.798147410671916,-0.3300838986384972,-0.8320401317531398,-1.1230356122547323,1221,829,392,0.03408902862816482,0.11477742842958795,0.07443322852887639,0.040344199900711565,-0.45350656703315273,-0.31977519504393426,-0.0002218838270161955,-0.8022557451278037
20,120,0.0,0,-0.2,2.5,1,-0.8042217458119073,-0.33518868847635575,-0.8613585701346231,-0.7290173659236786,2376,1546,830,0.06232003971537316,0.24653317888465995,0.15442660930001656,0.09210656958464339,-0.141006069507558,-0.2520970792757875,-4.611730601889332e-06,-0.8023188418398512
30,60,0.0025,0,0.2,0.75,1,-0.7856419586201183,-0.3199266972553466,-0.8083347847110953,-1.5650289594546516,951,604,347,0.013767996028462685,0.05917590600695019,0.036471951017706436,0.022703954989243755,-0.34690037422881104,-0.47189653695723077,-0.0005282028615968469,-0.8023455375836268
48,60,0.01,0,0.0,1.5,1,-0.7947216950058315,-0.3272555820983488,-0.8417687537731641,-1.0879682300322893,1509,1021,488,0.03365877875227536,0.11606817805725633,0.07486347840476584,0.04120469965249048,-0.1485780074113816,-0.48719137416202263,-0.0001717791049734668,-0.8025383704865454
20,60,0.0,0,0.0,1.5,1,-0.7805921032417922,-0.3159508455416652,-0.8732280236910696,-1.0034748836642535,1743,1123,620,0.031275856362733744,0.13149098130067846,0.0813834188317061,0.05010756246897236,0.06274881416967903,-0.5063673017038041,-0.00010285694084754735,-0.8027386015704125
30,60,0.0025,0,0.0,2.5,1,-0.783912043847744,-0.3185568692357894,-0.8762739386075957,-0.9310309606578483,1901,1235,666,0.036306470296210494,0.14909813006784708,0.0927023001820288,0.0563958298858183,0.2073081818554352,-0.5368597170509068,-6.960627389231175e-05,-0.8032453865724797
12,96,0.005,0,0.0,1.5,1,-0.7844506602289762,-0.3189824869594169,-0.8646204691555495,-1.0431122862163502,1693,1122,571,0.03451927850405428,0.12798279000496443,0.08125103425450934,0.04673175575045507,0.06331533251802446,-0.527276885992463,-0.00011893540467631668,-0.8034483358480091
30,120,0.005,0,-0.2,0.75,1,-0.8009513937491868,-0.3324258088817368,-0.8340964950687322,-1.1004517013966326,1369,905,464,0.03408902862816482,0.12874400132384578,0.0814165149760053,0.047327486347840474,-0.3531720196424035,-0.38973388140862086,-0.0001797588285357672,-0.8044966414859345
30,120,0.0025,0,0.2,0.75,1,-0.7891473399856381,-0.3227280356609804,-0.8122221971996233,-1.5138386844492,1082,696,386,0.016382591428098628,0.06741684593744829,0.04189971868277346,0.02551712725467483,-0.3208310858534976,-0.46664870119449964,-0.0004349428741743486,-0.8045310684832521
12,200,0.0,0,-0.2,1.5,1,-0.8105960214398426,-0.34067486062631946,-0.8492267342865559,-0.7910265347463147,2376,1521,855,0.05742181035909317,0.2390534502730432,0.14823763031606818,0.09081581995697502,-0.09722902970083946,-0.31153417817425455,-1.3057036573292687e-05,-0.8048395545069131
30,120,0.0,0,-0.2,1.5,1,-0.809150306378539,-0.3394185721603089,-0.8511630918455644,-0.8264328786258001,2161,1403,758,0.05404600364057587,0.217673341055767,0.13585967234817145,0.08181366870759557,-0.12531510510801824,-0.35699791519926594,-3.3057014906529846e-05,-0.8063217620143811
48,120,0.01,0,-0.2,2.5,1,-0.8129623722623796,-0.34274675937034216,-0.8507019938856204,-0.7728749802883287,2051,1397,654,0.06672182690716531,0.2161178222737051,0.14141982459043523,0.0746979976832699,-0.31680638201362976,-0.23640064065541833,-3.8759724211247123e-05,-0.8067415053275688
20,96,0.01,0,0.0,1.5,1,-0.7952286658566792,-0.32767190221287046,-0.8501225154553421,-1.0901018585203108,1550,1052,498,0.03534668211153401,0.11815323514810525,0.07674995862981962,0.04140327651828562,-0.09871277989463334,-0.5067485814149321,-0.00016371346125602088,-0.8072382528665571
20,96,0.0,0,-0.2,2.5,1,-0.8071921383697505,-0.33772830134961696,-0.8624750060996524,-0.7697942507693324,2268,1462,806,0.057951348667880195,0.23488333609134535,0.14641734237961276,0.08846599371173258,-0.22806374555628084,-0.2234732772921142,-1.7497707537417542e-05,-0.8074555169379098
30,120,0.0025,0,-0.2,0.75,1,-0.8037387137250117,-0.3347784431691303,-0.8364196771400079,-1.0930527383502242,1422,929,493,0.03332781730928347,0.1335429422472282,0.08343537977825584,0.05010756246897236,-0.3943001772600988,-0.34016128653989763,-0.0001687953485081134,-0.8076409186566454
30,96,0.005,0,0.0,1.5,1,-0.8004171615992234,-0.33197771510988916,-0.8475256021457622,-1.0557640220589415,1753,1155,598,0.03501572066854212,0.13549561476088035,0.08525566771471124,0.050239947046169124,-0.006973974882361733,-0.5170336487887149,-0.00011991144525003844,-0.8085287172857174
30,96,0.01,0,0.0,1.5,1,-0.8012432017660112,-0.3326709472743954,-0.8443586105358835,-1.0901078268519364,1580,1074,506,0.03610789343041536,0.12182690716531525,0.0789674002978653,0.042859506867449944,-0.07507071068399651,-0.5264215821408418,-0.00016076182349712546,-0.8093556438849339
20,96,0.005,0,0.0,1.5,1,-0.7990704441940032,-0.33085211621268384,-0.8498395933500041,-1.0721050408810924,1729,1138,591,0.03418831706106239,0.13175575045507198,0.08297203375806718,0.0487837166970048,-0.04816121852396904,-0.49878749100904696,-0.0001264557956995846,-0.8093771649317405
12,120,0.0,0,-0.2,2.5,1,-0.8070313132507967,-0.33759005154254007,-0.8672065368807389,-0.7648217121969776,2345,1520,825,0.060367367201721,0.2411385073638921,0.15075293728280656,0.09038557008108555,-0.13571124399447232,-0.27861749888283827,-1.1265771248189844e-05,-0.8094344055927584
12,96,0.0025,0,-0.2,1.5,1,-0.7989884742736713,-0.33078378779998674,-0.8709792514467669,-0.866640674588487,1927,1261,666,0.048816812841303986,0.1905345027304319,0.11967565778586794,0.07085884494456396,-0.17527742857448758,-0.3610594398636051,-5.587201564700662e-05,-0.8096054472527946
20,120,0.0025,0,-0.2,1.5,1,-0.8094742238890154,-0.33969942623136207,-0.8555471337441878,-0.8520544303268393,2040,1341,699,0.05186165811682939,0.20476584477908324,0.12831375144795631,0.07645209333112693,-0.2568953883552151,-0.28879477849390267,-4.733961942004464e-05,-0.8100757146197979
12,96,0.01,0,0.0,2.5,1,-0.793417814653613,-0.326188375910915,-0.8683094077696778,-1.0026296114809834,1704,1168,536,0.041932814827072645,0.1323514810524574,0.08714214793976502,0.045209333112692374,0.020307750877702313,-0.5252410992019871,-0.00011791535263273411,-0.810474560369803
12,96,0.0,0,-0.2,2.5,1,-0.7960682046610388,-0.3283630267281812,-0.8892155090606777,-0.7505283254526719,2248,1455,793,0.05851398312096641,0.23008439516796292,0.14429918914446466,0.08578520602349826,-0.027026300045178253,-0.3548615647365396,-1.2610823544084869e-05,-0.8104971975311537
20,96,0.0025,0,0.2,0.75,1,-0.7919735866785989,-0.3250121752819256,-0.8155341279126248,-1.566264787353718,1024,648,376,0.014396822770147278,0.06344530862154558,0.038921065695846434,0.024524242925699154,-0.36244644987904795,-0.45547704102277276,-0.00048708324659210375,-0.8110924786059239
30,60,0.0025,0,0.0,1.5,1,-0.7947396321703819,-0.32727029878352853,-0.8627731532600071,-1.0674332140498195,1684,1092,592,0.03061393347674996,0.12818136687075957,0.07939765017375476,0.0487837166970048,0.01752350040140671,-0.5316957946696492,-0.0001313089195740348,-0.8120285361160231
12,60,0.01,0,0.2,1.5,1,-0.792030253107819,-0.32505820969233157,-0.8383649042507765,-1.3595056738701186,1157,784,373,0.022637762700645374,0.0725467483038226,0.04759225550223399,0.024954492801588617,-0.15358769777952164,-0.5617515539711646,-0.00038071191553659797,-0.8122159455112257
48,60,0.0025,0,-0.2,2.5,1,-0.814702979765865,-0.34428335665848786,-0.855650805434283,-0.8088290827975257,2138,1397,741,0.05583319543273209,0.2213801092172762,0.13860665232500413,0.08277345689227206,-0.29036834024987035,-0.23930185446375474,-3.554266057865689e-05,-0.8125502135155056
30,60,0.005,0,-0.2,999.0,1,-0.815649492023477,-0.34512347827089096,-0.8578320883291424,-0.8022529526944727,2050,1355,695,0.06261790501406586,0.21658116829389376,0.1395995366539798,0.07698163163991395,-0.02020442153697455,-0.4754679466838152,-4.2915081405276466e-05,-0.8141521700701858
30,60,0.01,0,-0.2,999.0,1,-0.8151432877935677,-0.3446737716528413,-0.8562001405408795,-0.8283163395795036,1840,1256,584,0.06450438523911964,0.1945060400463346,0.12950521264272713,0.06500082740360748,-0.19041618152059614,-0.42690812695623515,-6.793834738101645e-05,-0.8141896589022563
30,120,0.005,0,-0.2,1.5,1,-0.8125039709076892,-0.3423438698250565,-0.8569318110298519,-0.8718146421023778,1980,1314,666,0.05417838821777263,0.20052953830878703,0.12735396326327983,0.0731755750455072,-0.16792654215424796,-0.3934180729734291,-5.672723901805104e-05,-0.8144005074451014
12,60,0.005,0,0.0,999.0,1,-0.7943755908656642,-0.32697180685885074,-0.8806375547455173,-0.9538792761650501,1848,1235,613,0.04074135363230184,0.14413370842296871,0.09243753102763529,0.05169617739533344,0.28518716580336734,-0.5968220761221321,-8.820954249580588e-05,-0.8149845480398619
48,200,0.0025,0,0.2,1.5,1,-0.8030567252488976,-0.3342005084921035,-0.8560770400485062,-1.055230503463027,1922,1225,697,0.028727453251696178,0.12384577196756578,0.07628661260963097,0.047559159357934803,0.11255231576161306,-0.5373368795836242,-0.00011200601962776481,-0.8150005536895079
48,60,0.01,0,0.0,2.5,1,-0.8093904746566859,-0.33962677681000253,-0.8474581151839912,-1.0331396419785495,1704,1161,543,0.04080754592090022,0.1344034419990071,0.08760549395995366,0.04679794803905345,-0.17346847328863524,-0.45924989761425705,-0.0001332124221252648,-0.8150128165009256
20,60,0.01,0,0.0,999.0,1,-0.8019649736191123,-0.33327844535903606,-0.8675009672069345,-0.991055201355035,1672,1151,521,0.042760218434552376,0.13198742346516631,0.08737382094985933,0.044613602515306966,0.1240434370551653,-0.5934444435577282,-0.00012873141689681236,-0.8165816890302551
30,200,0.01,0,0.0,1.5,1,-0.810159306462203,-0.34029461120799576,-0.8494055826216419,-1.0329085742393078,1825,1217,608,0.03998014231342049,0.14032765182856197,0.09015389707099122,0.05017375475757074,-0.03324788457393579,-0.5108219044340028,-0.00011402101094849688,-0.8166428312307821
30,60,0.01,0,0.0,999.0,1,-0.8063504524011027,-0.3370057194558195,-0.8622994717248608,-0.997154911060555,1708,1174,534,0.0438854873407248,0.13576038391527387,0.08982293562799934,0.04593744828727453,0.17887566174061154,-0.6140520615996092,-0.00012524238112293266,-0.8180132008712777
20,120,0.01,0,0.0,2.5,1,-0.81310571193314,-0.34287289270504595,-0.8494521903676852,-1.0185216385564948,1803,1231,572,0.04415025649511832,0.14304153566109548,0.0935958960781069,0.04944563958298858,-0.09854193456115923,-0.48918353542507487,-0.00011571910896775765,-0.8185250698167132
30,200,0.0025,0,-0.2,1.5,1,-0.8204162723119918,-0.3494043091238189,-0.8581522710827698,-0.8173788139250016,2368,1525,843,0.05785206023498263,0.23941750786033428,0.14863478404765845,0.09078272381267583,-0.10597975706142493,-0.3434725481361791,-2.0412369324050333e-05,-0.819349385361454
20,60,0.0025,0,0.0,2.5,1,-0.7973477827838206,-0.3294205144786111,-0.8810477470815352,-0.9892824360521648,1873,1217,656,0.035445970544431576,0.14539136190633792,0.09041866622538475,0.05497269568095317,0.06509812101077483,-0.5145100584152994,-9.014616381023903e-05,-0.819408509821987
30,96,0.0025,0,-0.2,2.5,1,-0.8200933990194873,-0.34911167916186636,-0.8608711451339914,-0.7989809148733338,2223,1455,768,0.05983782889293397,0.23127585636273373,0.14555684262783386,0.08571901373489989,-0.2393440073710611,-0.28105139765766685,-2.9717737026877443e-05,-0.8194962974725287
48,200,0.01,0,0.2,2.5,1,-0.8118733902555229,-0.34179085646559215,-0.8471330442040553,-1.1081327016586486,1797,1204,593,0.03491643223564455,0.1177229852722158,0.07631970875393017,0.04140327651828562,0.012869765581716264,-0.5437448291295301,-0.00014911995096440425,-0.8207640136505522
48,96,0.01,0,-0.2,2.5,1,-0.8212684596461104,-0.3501785714702277,-0.8582302756305458,-0.8307273273898745,1979,1357,622,0.06516630812510342,0.20781069005460864,0.13648849908985602,0.0713221909647526,-0.35005925753855094,-0.2601063581230115,-5.616789147763325e-05,-0.8208300756549943
12,200,0.01,0,0.0,1.5,1,-0.8133051617940592,-0.3430485215398956,-0.8477784635861765,-1.0788412167004209,1762,1183,579,0.03954989243753103,0.1353963263279828,0.0874731093827569,0.04792321694522588,-0.10947388073552455,-0.49394843472619865,-0.00013289624961123776,-0.8208798141680049
20,60,0.01,0,-0.2,999.0,1,-0.8136434206349459,-0.3433467027168985,-0.8719971479422446,-0.8312881377221014,1818,1246,572,0.06331292404434884,0.1896078106900546,0.12646036736720173,0.06314744332285288,-0.20795282095610435,-0.41592840060570213,-7.100560690720917e-05,-0.8209096835741259
20,60,0.01,0,0.2,1.5,1,-0.8039453427237586,-0.33495384306623477,-0.8327913134732676,-1.3958802702645092,1180,797,383,0.023398974019526723,0.07489657454906504,0.04914777428429588,0.025748800264769153,-0.17463070136546144,-0.5714251545447511,-0.0003880622835446188,-0.821143513316094
12,120,0.005,0,0.0,1.5,1,-0.8063514676320758,-0.33700658960545027,-0.8583017544650761,-1.1006755514288056,1775,1175,600,0.03577693198742347,0.13499917259639252,0.08538805229190799,0.04961112030448453,-0.05944499778351475,-0.499778036861366,-0.00012680312755251836,-0.8211912444094285
48,120,0.01,0,-0.2,1.5,1,-0.8193301925096371,-0.3484215236527538,-0.8574552046813178,-0.891859859725348,1829,1243,586,0.05563461856693695,0.18742346516630812,0.12152904186662254,0.06589442329968559,-0.31311152309923895,-0.3434603211472843,-8.01962581644245e-05,-0.8217421189796801
20,120,0.0025,0,-0.2,2.5,1,-0.8218138585025753,-0.3506755519467901,-0.8629780905171582,-0.7988390833199517,2272,1493,779,0.06122786695349992,0.23610789343041536,0.14866788019195765,0.08744001323845772,-0.2458454936562594,-0.2639700184277123,-2.6508007974296785e-05,-0.8221065513713668
30,200,0.01,0,0.0,2.5,1,-0.8164828053698191,-0.3458658057003575,-0.8579134761161566,-0.9512984543803232,2038,1369,669,0.04759225550223399,0.16144299189144465,0.10451762369683931,0.05692536819460533,-0.02503900400566139,-0.4783895657882532,-7.535235795071912e-05,-0.822387466477452
30,200,0.005,0,-0.2,2.5,1,-0.8248618295805181,-0.3534741284976186,-0.8623257103,-0.7580664151489496,2496,1638,858,0.07036240278007612,0.26232003971537315,0.16634122124772463,0.09597881846764852,0.008897133765857657,-0.39512034299033394,-7.697845879401843e-06,-0.8225403044050661
12,120,0.01,0,0.0,1.5,1,-0.8051501872920469,-0.33597936137265105,-0.8619544912537822,-1.130318092116367,1584,1076,508,0.03610789343041536,0.12063544597054443,0.07837166970047989,0.042263776270064536,-0.11289638348197284,-0.5149652085689205,-0.0001693427509210887,-0.8234725116053605
20,60,0.005,0,-0.2,999.0,1,-0.8185849296574915,-0.34774970020644125,-0.8718370455759551,-0.8197256141561694,2031,1344,687,0.06179050140658613,0.21118649677312593,0.13648849908985602,0.0746979976832699,-0.02791715287442964,-0.48464508619018376,-4.8728414069704805e-05,-0.8246545037022273
30,120,0.01,0,-0.2,1.5,1,-0.818805965340913,-0.3479487385199137,-0.8613809205877634,-0.9259522919449541,1770,1210,560,0.05431077279496939,0.18000992884328976,0.11716035081912957,0.06284957802416019,-0.33203598193994166,-0.34258809675620605,-9.163752826950296e-05,-0.8249368134110431
20,60,0.0025,0,0.0,1.5,1,-0.8036722004165293,-0.3347220118768184,-0.8704150175881828,-1.1112703414947358,1664,1078,586,0.03008439516796293,0.12507032930663578,0.07757736223729936,0.04749296706933642,-0.08087957377845378,-0.5090550991980416,-0.0001497222152319031,-0.8254930377456466
30,96,0.01,0,0.2,1.5,1,-0.8086928957857427,-0.3390225802970378,-0.8395964886108868,-1.3513301971987066,1337,895,442,0.025781896409068344,0.0856859175906007,0.05573390699983452,0.029952010590766177,-0.09643996817421163,-0.5867883545086577,-0.00031317584605156313,-0.8263873344624165
20,200,0.01,0,-0.2,1.5,1,-0.8223015578145687,-0.35112092192590494,-0.862307429367234,-0.8865223628658976,1935,1305,630,0.058216117822273705,0.1972199238788681,0.1277180208505709,0.0695019030282972,-0.22600854727535735,-0.39572803324233596,-6.870543662554265e-05,-0.8266007547528168
12,96,0.0,0,0.0,1.5,1,-0.8010614904809812,-0.3325182658857083,-0.8822069695334885,-1.0608718691745689,1853,1202,651,0.03389045176236968,0.14072480556015224,0.08730762866126096,0.05341717689889128,0.017398206594362087,-0.506027972471045,-0.00010469476169821771,-0.826665344111181
48,120,0.005,0,-0.2,1.5,1,-0.8241289028188463,-0.3527978579046577,-0.8622856516759808,-0.8778342923551489,2053,1356,697,0.055866291577031275,0.20923382425947376,0.13255005791825253,0.07668376634122125,-0.19335410106867934,-0.391267742092012,-5.5796999324064735e-05,-0.8278323983604056
48,200,0.005,0,0.2,2.5,1,-0.8133566860159868,-0.3430939148956228,-0.8686066547555445,-1.0127865202899056,2059,1342,717,0.035048816812841305,0.1359258646367698,0.08548734072480556,0.05043852391196425,0.2528281070172431,-0.5830137540178415,-9.103489542276839e-05,-0.8280365682878903
20,60,0.01,0,0.2,2.5,1,-0.8142820525397957,-0.3439107760366378,-0.8372864163231626,-1.323152033854357,1349,920,429,0.027900049644216447,0.08760549395995366,0.05775277180208506,0.02985272215786861,-0.13319375678291312,-0.5793346606054188,-0.00031078598442435383,-0.828711585890937
48,60,0.0,0,0.0,1.5,1,-0.812630211144971,-0.3424547487905839,-0.8647230500726886,-1.0864827400785764,1835,1181,654,0.032003971537315906,0.14141982459043523,0.08671189806387555,0.054707926526559654,-0.14517717593700363,-0.4512326116716303,-0.00011866583528673414,-0.829140410830857
20,200,0.005,0,-0.2,1.5,1,-0.8250023910516244,-0.35360406674833667,-0.864848369248046,-0.8634512218920244,2200,1440,760,0.05874565613106073,0.2228363395664405,0.14079099784875063,0.08204534171768989,-0.0881886716585405,-0.42327267018191994,-4.079348348114428e-05,-0.8292008124669609
20,120,0.01,0,0.0,1.5,1,-0.8154592995259138,-0.34495440477983785,-0.8543465268702687,-1.143999713989978,1609,1093,516,0.037067681615091844,0.12397815654476253,0.08052291907992719,0.043455237464835345,-0.1189086897053947,-0.5316737143792445,-0.00017352591311098505,-0.8293276539144712
20,200,0.0,0,-0.2,1.5,1,-0.826562389258438,-0.355051444252785,-0.8654487123508637,-0.8335802514238385,2420,1544,876,0.05841469468806884,0.24381929505212643,0.15111699487009764,0.0927023001820288,-0.08518674694066253,-0.3640271505560019,-2.0828971594435116e-05,-0.8294548129994088
20,96,0.01,0,0.0,2.5,1,-0.8192582544130338,-0.3483565839619651,-0.8547326551901732,-1.0760913043896312,1742,1189,553,0.04216448783716697,0.13635611451265928,0.08926030117491313,0.04709581333774615,-0.1673765439692716,-0.48122991564324535,-0.00013990034664430385,-0.8295274767765332
30,96,0.01,0,0.0,2.5,1,-0.8198114183098948,-0.3488564332916726,-0.8568166445320571,-1.050174730299961,1777,1214,563,0.04338904517623697,0.14075790170445143,0.0920734734403442,0.04868442826410723,-0.10850561024668404,-0.5084408332376329,-0.00012969080233127405,-0.8297734920726991
20,200,0.01,0,-0.2,2.5,1,-0.8296976585764282,-0.3579901464256592,-0.8627631277499973,-0.8155000873493691,2159,1461,698,0.0692040377296045,0.2265431077279497,0.1478735727287771,0.07866953499917259,-0.22030962522942765,-0.3569620807384446,-4.1518021769254474e-05,-0.8301467146681264
48,96,0.01,0,-0.2,1.5,1,-0.8248249150214645,-0.35344001679401194,-0.8589417625088221,-0.9454253830355599,1767,1212,555,0.05441006122786695,0.18030779414198245,0.1173589276849247,0.06294886645705776,-0.3392572558494955,-0.3584432691651859,-9.768703747498616e-05,-0.830182167200201
12,60,0.005,0,0.2,1.5,1,-0.8104281949908668,-0.3405286558079177,-0.8390172757799643,-1.405581241290658,1310,860,450,0.02237299354625186,0.08214463015058746,0.052258811848419656,0.029885818302167796,-0.1358469005025934,-0.5776066440461867,-0.0003395276167849703,-0.8303163557624328
12,200,0.0025,0,-0.2,1.5,1,-0.8282142772295908,-0.3565947558906344,-0.8613475304193037,-0.8679935188659029,2277,1472,805,0.056197253020023166,0.228694357107397,0.14244580506371007,0.08624855204368691,-0.22537676870834733,-0.30742873449864805,-3.630873165019877e-05,-0.8306681970435814
12,60,0.01,0,-0.2,999.0,1,-0.817411024845841,-0.3466956578345851,-0.8827381994037442,-0.8635087548684762,1810,1250,560,0.0621876551381764,0.18484196591097138,0.12351481052457389,0.061327155386397485,-0.1967313546145476,-0.437984188647942,-7.912417910169067e-05,-0.831240195279881
30,120,0.0025,0,-0.2,1.5,1,-0.8249718308087151,-0.35357580950383005,-0.8657347976553593,-0.8969587426299439,2065,1353,712,0.05265596558000993,0.2084726129405924,0.13056428926030117,0.07790832368029124,-0.24558774162861108,-0.34834098794247514,-5.715824799489017e-05,-0.8312911454630069
30,120,0.01,0,-0.2,2.5,1,-0.828315843622586,-0.3566900089119298,-0.8641060571789044,-0.8589892872643925,1978,1353,625,0.06483534668211154,0.20734734403441998,0.13609134535826575,0.07125599867615423,-0.37539858409817506,-0.260817098992732,-6.310286695641614e-05,-0.8316925018646016
12,60,0.01,0,0.2,2.5,1,-0.8106590501052318,-0.3407297941882351,-0.8502606369428376,-1.323309078608783,1318,901,417,0.026874069170941584,0.08492470627171934,0.05589938772133046,0.029025318550388878,-0.12250831803638496,-0.5828683141176738,-0.00032062958700916714,-0.8320255665900931
12,120,0.0025,0,-0.2,2.5,1,-0.8267995032343824,-0.35527229381885617,-0.86929640596426,-0.8467302832984417,2242,1468,774,0.05934138672844613,0.23044845275525402,0.14489491974185006,0.08555353301340393,-0.2402282002891929,-0.30042894960358424,-3.605282142862081e-05,-0.8322570109659083
20,120,0.005,0,0.0,1.5,1,-0.8187025740225865,-0.34785561401367704,-0.8571616417041977,-1.1236967598540122,1800,1190,610,0.03660433559490319,0.13860665232500413,0.08760549395995366,0.051001158365050474,-0.07534025148341184,-0.5176386877638446,-0.000134064290791736,-0.8326212728584765
48,120,0.01,0,0.0,2.5,1,-0.8270900176554242,-0.35554319010805124,-0.8547860683998627,-1.0182758975539687,1903,1289,614,0.04567267913288102,0.1515141486016879,0.09859341386728446,0.052920734734403445,-0.19163843934405467,-0.44595000596305867,-0.00011045819168264669,-0.833850019185681
12,120,0.01,0,0.0,2.5,1,-0.8193352487547438,-0.3484260887365642,-0.8636661677374275,-1.076925112301318,1775,1213,562,0.043190468310441835,0.13916928677809035,0.0911798775442661,0.04798940923382426,-0.1268896912457964,-0.4972673917077325,-0.00013329846784986232,-0.834105428220344
48,96,0.005,0,-0.2,1.5,1,-0.8284776603214826,-0.3568418543800417,-0.8623131163848957,-0.9275925327816067,1969,1312,657,0.05404600364057587,0.20006619228859837,0.12705609796458714,0.07301009432401125,-0.21986093298709308,-0.41140236966339594,-7.229529230433305e-05,-0.8343780392115698
20,96,0.0025,0,-0.2,2.5,1,-0.8299694173593892,-0.35824677175825403,-0.8667679391320475,-0.8613927976863557,2170,1415,755,0.05725632963759722,0.22478901208009266,0.14102267085884496,0.08376634122124772,-0.32325787641746895,-0.25624279191558474,-4.525050052082412e-05,-0.8347003812085956
12,96,0.0025,0,-0.2,2.5,1,-0.8193914639994525,-0.3484768497116717,-0.8921702510921905,-0.8420862670578291,2148,1406,742,0.05752109879199073,0.2198245904352143,0.13867284461360252,0.08115174582161178,-0.1536594615751119,-0.3751985203283238,-4.041898501006705e-05,-0.8366662886106584
12,60,0.0,0,0.0,999.0,1,-0.8101009214492467,-0.3402438248610603,-0.8960597358283962,-0.9701379061249199,2037,1327,710,0.03938441171603508,0.15952341552209168,0.09945391361906337,0.060069501903028295,0.1717101724738681,-0.5511076482136863,-7.310985043018083e-05,-0.8367805880815044
48,120,0.005,0,-0.2,2.5,1,-0.83267851781032,-0.3608219734088757,-0.8708411384553179,-0.8111165040955923,2292,1517,775,0.06701969220585802,0.24156875723978158,0.15429422472281978,0.08727453251696178,-0.2183365990767846,-0.3264685674693264,-3.097354748152482e-05,-0.8367983678413142
20,96,0.0,0,0.0,1.5,1,-0.8171778687294355,-0.34648691336634907,-0.8711302949836335,-1.1018877976440427,1882,1214,668,0.033460201886480224,0.14406751613437035,0.08876385901042529,0.05530365712394506,-0.12212880300805817,-0.4662089635154232,-0.00011647451156598601,-0.837146450740368
30,200,0.0,0,-0.2,2.5,1,-0.8345126437797218,-0.3625832453945862,-0.8746129608701319,-0.7580961380840742,2751,1761,990,0.06960119146119477,0.2871090517954658,0.1783551216283303,0.10875393016713553,0.04936669626712176,-0.37574936379222634,3.7311093332187484e-06,-0.8377945327338558
30,60,0.01,0,0.2,2.5,1,-0.8214285691137219,-0.3503243490224026,-0.841276509967023,-1.3456239534814283,1382,936,446,0.028892933973192123,0.08998841634949528,0.0594406751613437,0.03054774118815158,-0.09190914871771516,-0.6074859429517108,-0.00030990719209226625,-0.8382438016799855
30,60,0.0,0,-0.2,999.0,1,-0.8266774068012802,-0.3551585440855517,-0.8858512636514247,-0.8039889389155822,2246,1447,799,0.06162502068509019,0.23663743173920238,0.14913122621214628,0.0875062055270561,-0.053871791802816094,-0.43669985981271786,-3.114088198871158e-05,-0.8382836228570432
48,200,0.005,0,-0.2,999.0,1,-0.835512554703497,-0.36354960963758776,-0.8814034862180208,-0.6883865593685867,2671,1756,915,0.07929836174085719,0.2868773787853715,0.18308787026311435,0.10378950852225716,0.0707249183788976,-0.41604017053022213,4.699339991937247e-06,-0.8386706807150275
12,60,0.005,0,-0.2,999.0,1,-0.8250621940565872,-0.3536593737452487,-0.8844853632333263,-0.8598662701901293,2025,1352,673,0.06109548237630316,0.20658613271553863,0.1338408075459209,0.07274532516961774,-0.026773086701078586,-0.5051168175976694,-5.775008591519744e-05,-0.8388953688714182
20,60,0.005,0,0.0,999.0,1,-0.8180734569946176,-0.34728982515902795,-0.8808900502168904,-1.023986345499697,1866,1239,627,0.04137018037398643,0.14734403441999008,0.09435710739698826,0.05298692702300182,0.17990142462560121,-0.6079437097774729,-0.00011007512540708677,-0.838934167542458
30,60,0.01,0,0.2,1.5,1,-0.8185904658977143,-0.34775468326226733,-0.8387636221367296,-1.457620582880835,1210,813,397,0.024193281482707264,0.07701472778421314,0.0506040046334602,0.02641072315075294,-0.1601390609824922,-0.6043906063379825,-0.00040334164592487407,-0.8400175234746738
12,96,0.005,0,0.0,2.5,1,-0.8135727688157854,-0.3432843883805631,-0.8909181031742323,-1.0466948464007173,1902,1264,638,0.040774449776601024,0.148204534171769,0.094489491974185,0.05371504219758398,0.04564713252871733,-0.5384257859255825,-0.00010344607374108553,-0.841078182287715
30,96,0.0,0,0.0,1.5,1,-0.8221410585527336,-0.3509742519754666,-0.8700992151033682,-1.1020739972917133,1909,1238,671,0.034717855369849414,0.14777428429587952,0.09124606983286447,0.05652821446301506,-0.08091510541161584,-0.49724334755670896,-0.00011510803413027532,-0.8411275593917363
30,200,0.005,0,0.0,1.5,1,-0.8256993999679533,-0.35424955621872545,-0.8678329499035735,-1.0597753513209127,2076,1351,725,0.04011252689061724,0.15992056925368195,0.10001654807214959,0.05990402118153235,-0.03938811449534296,-0.4875383912738199,-8.899558265136983e-05,-0.8411547987365579
48,200,0.0,0,0.0,2.5,1,-0.8283487602896991,-0.3567208885412767,-0.8841244499591266,-0.8667533732344967,2638,1686,952,0.04762535164653318,0.20973026642396161,0.1286778090352474,0.08105245738871421,0.13082639579678523,-0.43244038746295266,-1.1470835072264063e-05,-0.8421207821825649
48,60,0.01,0,0.2,1.5,1,-0.8203239288981877,-0.34932057521407933,-0.8442578452086377,-1.4284627097770668,1273,847,426,0.02399470461691213,0.08158199569750124,0.05278835015720668,0.028793645540294555,-0.19269240265633703,-0.5793229973784872,-0.00036894457644816645,-0.8428726333072515
12,200,0.005,0,-0.2,2.5,1,-0.8378894076457216,-0.36586452374298717,-0.8709652990372502,-0.8305256778057795,2399,1575,824,0.06817805725632964,0.25073638921065694,0.1594572232334933,0.09127916597716366,-0.1370449815232061,-0.3764234964825326,-2.7020128937687674e-05,-0.8428734571519012
12,200,0.01,0,0.0,2.5,1,-0.8334813767882014,-0.3615911515228535,-0.8578273005063245,-1.0504387358142306,1967,1328,639,0.04676485189475426,0.15565116663908654,0.1012080092669204,0.054443157372166144,-0.17143284419031235,-0.4625098148902512,-0.00010923840224022323,-0.8430267385667272
30,60,0.005,0,0.0,999.0,1,-0.8224158064345863,-0.351225386907985,-0.8808171347623885,-1.0310285771863563,1903,1263,640,0.0420651994042694,0.15161343703458546,0.09683931821942744,0.054774118815158035,0.2229323526418947,-0.6238713503519231,-0.00010732127905899542,-0.8431853831484971
20,60,0.005,0,0.2,1.5,1,-0.821665502379296,-0.35054025351872775,-0.8418569543956493,-1.4448772400448444,1332,871,461,0.022902531855038887,0.08452755254012907,0.05371504219758398,0.030812510342545094,-0.1552357901201652,-0.5890279223618945,-0.00034822147761696417,-0.8437125927187946
30,96,0.005,0,0.2,1.5,1,-0.8208280055847029,-0.34977804832887427,-0.8513741779142915,-1.3726185361783825,1493,972,521,0.025384742677478075,0.09621049147774284,0.06079761707761046,0.03541287440013238,-0.05183763997465696,-0.6012788023320395,-0.00027189044865578917,-0.8440960640949391
48,60,0.0025,0,0.0,1.5,1,-0.8283364280226833,-0.35670931893281077,-0.8586326023884417,-1.1727292326779364,1754,1134,620,0.030878702631143472,0.13486678801919577,0.08287274532516961,0.051994042694026146,-0.2365479304187068,-0.45941015923081907,-0.00015736931366385607,-0.8446620817609285
12,120,0.0,0,0.0,1.5,1,-0.8220214900786891,-0.3508650505176224,-0.8772244287380369,-1.1197985655898821,1940,1260,680,0.03501572066854212,0.1481383418831706,0.09157703127585637,0.05656131060731425,-0.10515158651469425,-0.47520571980726944,-0.00011260958439675163,-0.845467193166135
48,60,0.005,0,0.0,2.5,1,-0.8275376646569086,-0.35596127669307875,-0.871678689389614,-1.0768483190246003,1896,1248,648,0.03895416184014562,0.14995862981962602,0.09445639582988581,0.0555022339897402,-0.16258264130182232,-0.46842269069331877,-0.00011786225232075213,-0.8456430373391157
48,120,0.01,0,0.0,1.5,1,-0.8284613333299662,-0.35682652859650477,-0.8642273327385717,-1.136867134384728,1697,1142,555,0.0380936620883667,0.1313585967234817,0.08472612940592421,0.046632467317557505,-0.18297379243502976,-0.5094118362836342,-0.00016597353822258855,-0.845783551685027
12,96,0.01,0,0.2,1.5,1,-0.8212440553389309,-0.35015636027036634,-0.8486767657691188,-1.4638306350202088,1269,854,415,0.024987588945887804,0.08025814992553368,0.05262286943571074,0.027635280489822937,-0.16227679812232698,-0.5974788440488394,-0.0003803831436329398,-0.8476862749059362
48,200,0.0025,0,0.0,2.5,1,-0.8342933690456309,-0.36237191274389235,-0.8806852758124022,-0.9012843030405614,2515,1622,893,0.047327486347840474,0.20043024987588945,0.12387886811186496,0.07655138176402448,0.056580096745304065,-0.4485804640115614,-2.9104614154208464e-05,-0.8477787658021215
48,120,0.01,0,0.2,1.5,1,-0.8258045998933738,-0.35434714827517366,-0.8521443239878306,-1.3498123258569368,1447,965,482,0.027602184345523747,0.09260301174913123,0.06010259804732749,0.03250041370180374,-0.16422573082180747,-0.5702277965620323,-0.00029703508747401687,-0.8479099265619358
20,120,0.005,0,0.0,2.5,1,-0.829692224819289,-0.35798501838998986,-0.8744774100642952,-1.0537707455224992,2016,1337,679,0.04342214132053616,0.16025153069667383,0.10183683600860499,0.05841469468806884,-0.06838652124865663,-0.4989546584260578,-9.795928333167209e-05,-0.8479122606982625
20,120,0.01,0,0.2,1.5,1,-0.8230951883959321,-0.35184763302898814,-0.8514785371423056,-1.4175435524854052,1367,919,448,0.026576203872248884,0.08720834022836339,0.05689227205030614,0.030316068178057258,-0.1570518747840134,-0.5842298468323025,-0.00033131252956229007,-0.8484640792244111
12,200,0.005,0,0.0,1.5,1,-0.8329858976685838,-0.36111613078150384,-0.8621363511168696,-1.1263438100521004,1995,1306,689,0.039748469303326164,0.15320205196094655,0.09647526063213635,0.05672679132881019,-0.11306056849590673,-0.48928776239914973,-0.00011366730771645734,-0.8485014968425436
48,96,0.0,0,-0.2,1.5,1,-0.839850051751521,-0.3677933036032359,-0.8675737505271458,-0.938477317434383,2148,1400,748,0.054012907496276685,0.21704451431408242,0.13552871090517954,0.08151580340890287,-0.2294250090962251,-0.3914996766487808,-6.0908205268784135e-05,-0.848504044738528
48,96,0.005,0,-0.2,2.5,1,-0.8393606951438144,-0.3673102493974798,-0.8761675255953559,-0.8673370551076413,2199,1465,734,0.06470296210491477,0.2310441833526394,0.1478735727287771,0.08317061062386231,-0.25286634186072976,-0.35422725167755187,-4.765762060837076e-05,-0.8487608649505398
12,60,0.0,0,0.2,1.5,1,-0.8211980984970806,-0.3501145395372772,-0.8580554104993418,-1.398230098058043,1442,920,522,0.02161178222737051,0.09151083898725798,0.05656131060731425,0.03494952837994374,-0.1656478761860869,-0.5592144118636591,-0.0002976502003112595,-0.8490537496898503
30,120,0.005,0,-0.2,2.5,1,-0.839625201555945,-0.3675712120369192,-0.8766308869670564,-0.8709318946214454,2207,1466,741,0.06440509680622207,0.23114347178553699,0.14777428429587952,0.08336918748965745,-0.25463474370768,-0.3511701972104361,-4.752031123062035e-05,-0.8494332502515196
20,60,0.0,0,-0.2,999.0,1,-0.8317384304179427,-0.35992483238390505,-0.8976153663041742,-0.828806085395819,2231,1438,793,0.0606652325004137,0.23124276021843454,0.14595399635942413,0.08528876385901042,-0.07246007841011315,-0.44635807020755847,-3.7814559087091e-05,-0.8501728198057831
48,120,0.0,0,-0.2,1.5,1,-0.8418292128645579,-0.36975833738205655,-0.8712922032953784,-0.9114033569139203,2240,1450,790,0.05596558000992884,0.2277345689227205,0.14185007446632467,0.08588449445639583,-0.26059900819211756,-0.34419049047161565,-5.050505545861047e-05,-0.8509746068754417
30,120,0.0,0,-0.2,2.5,1,-0.8423697654208897,-0.3702982342036083,-0.8766419042810532,-0.8475477309161337,2411,1567,844,0.06351150091014397,0.251100446797948,0.15730597385404602,0.09379447294390203,-0.22273879650045225,-0.32275554448929744,-2.9920541773920402e-05,-0.8509965728899416
48,200,0.01,0,-0.2,999.0,1,-0.8460764219137643,-0.37403827790458866,-0.8760458180577038,-0.7835379005734654,2343,1585,758,0.07790832368029124,0.2521264272712229,0.16501737547575707,0.08710905179546582,-0.25524351393316447,-0.33289518060558,-3.0548718950483694e-05,-0.8512380819621138
48,120,0.0025,0,-0.2,1.5,1,-0.8405162596930706,-0.36845271328361284,-0.8744532004328769,-0.9189849622210969,2146,1402,744,0.054707926526559654,0.21846764851894754,0.1365877875227536,0.08187986099619395,-0.2986934192361189,-0.334844761578458,-5.955444192279687e-05,-0.8516285616111061
12,96,0.0025,0,0.0,1.5,1,-0.8237802536452482,-0.35247690109849805,-0.881259304911553,-1.1772898667630438,1770,1155,615,0.032765182856197256,0.13397319212311765,0.08336918748965745,0.0506040046334602,-0.13484641324712598,-0.506362555500999,-0.00015190280086076283,-0.8519710468924266
20,200,0.01,0,0.0,1.5,1,-0.8334670838354945,-0.36157743389541097,-0.8696234878863888,-1.1430977371771045,1792,1199,593,0.039748469303326164,0.13771305642892603,0.08873076286612609,0.048982293562799935,-0.11394163632936094,-0.5394646963062354,-0.00015271746144104956,-0.8535440646974606
30,96,0.0025,0,0.0,1.5,1,-0.8333769048151933,-0.3614909051400508,-0.8676428472796758,-1.1705699309287854,1827,1191,636,0.03375806718517293,0.1411881515803409,0.0874731093827569,0.05371504219758398,-0.17161014576801914,-0.4984345061436616,-0.00014688055898447202,-0.8538408253263279
20,96,0.0025,0,0.0,1.5,1,-0.8326357067100265,-0.36078103605099554,-0.8671935807514796,-1.1894861351471726,1801,1168,633,0.03250041370180374,0.13741519113023332,0.08495780241601854,0.05245738871421479,-0.21574505734635685,-0.47472645595462803,-0.0001546895069807765,-0.853852133184094
12,96,0.0,0,0.0,2.5,1,-0.8233060598013359,-0.3520411344793456,-0.9032055348188778,-1.0425676612460442,2086,1353,733,0.03951679629323184,0.16303160681780574,0.10127420155551878,0.061757405262286943,0.0103622123994771,-0.5036054725989642,-8.29301900729002e-05,-0.8557722849510866
48,200,0.01,0,0.0,999.0,1,-0.843647729517714,-0.3715801898328781,-0.8706905159446994,-0.9796377226958691,2173,1462,711,0.05255667714711236,0.17534337249710408,0.11395002482210823,0.061393347674995866,-0.07463065096902599,-0.49908038150637957,-7.992551890053175e-05,-0.8559073339400213
20,200,0.01,0,0.0,2.5,1,-0.8413278108458773,-0.36925877876106494,-0.8673420154246516,-1.0624134967602143,2002,1349,653,0.047327486347840474,0.1584643389045176,0.10289591262617905,0.05556842627833857,-0.1103192143523557,-0.514595165823716,-0.00011187804926116889,-0.8560504613114015
12,120,0.005,0,0.0,2.5,1,-0.8315241017959778,-0.35972082123684357,-0.883461128553372,-1.0945740674638575,1987,1320,667,0.04256164156875724,0.156081416514976,0.09932152904186663,0.05675988747310938,-0.07827339308894143,-0.5062408828273617,-0.00010860944940246568,-0.8561800888867225
48,120,0.005,0,0.0,1.5,1,-0.8372000298703884,-0.365190505299265,-0.8691912820024428,-1.1425860687575606,1897,1244,653,0.038060565944067516,0.14707926526559656,0.09256991560483203,0.05450934966076452,-0.18320491115254578,-0.48527823167941175,-0.00013495341262063294,-0.8569154497383644
12,200,0.01,0,0.2,1.5,1,-0.8317228271892121,-0.3599099736996001,-0.8552615466101283,-1.391680596215181,1499,1002,497,0.028462684097302664,0.09511831871586961,0.06179050140658613,0.03332781730928347,-0.1725368852833491,-0.5696104870873591,-0.0002930911969494291,-0.8571247768154233
20,120,0.01,0,0.2,2.5,1,-0.8332214427920488,-0.36134181829923007,-0.8592819189527837,-1.323845446348382,1545,1048,497,0.03167301009432401,0.10143968227701473,0.06655634618566937,0.034883336091345356,-0.1687322502869033,-0.5655141181324738,-0.00026440739409091916,-0.8571750500930411
30,96,0.005,0,0.0,2.5,1,-0.8351239836498909,-0.3631735532354593,-0.880760299407851,-1.0836165429299476,1972,1304,668,0.041932814827072645,0.15690882012245574,0.0994208174747642,0.05748800264769154,-0.07404484199686612,-0.5225927842020965,-0.00011206773488247862,-0.8577345300858823
12,60,0.0,0,-0.2,999.0,1,-0.8356013825150046,-0.36363567008994435,-0.9028054446439764,-0.8585163458396786,2225,1446,779,0.05963925202713884,0.22684097302664238,0.14324011252689062,0.08360086049975178,-0.08623803566158972,-0.4525574825566324,-4.3765822303569975e-05,-0.8579642097039165
20,120,0.0,0,0.0,1.5,1,-0.8363201713647028,-0.36433335110337084,-0.8717211273246874,-1.1573585578807537,1961,1275,686,0.0362733741519113,0.15131557173589277,0.09379447294390203,0.05752109879199073,-0.13387872377671495,-0.4960949787616933,-0.00012437986528038896,-0.8580618426597523
30,120,0.01,0,0.0,1.5,1,-0.8353870511921286,-0.36342807545528033,-0.8681296605537359,-1.217164026881788,1632,1104,528,0.03729935462518617,0.12632798279000496,0.08181366870759557,0.0445143140824094,-0.1878381235141321,-0.5415475287535527,-0.00019592036289852122,-0.8583511070762376
30,200,0.01,0,0.2,1.5,1,-0.8324853385904606,-0.3606373113739446,-0.8616602048578486,-1.3524791754661383,1560,1036,524,0.029124606983286446,0.09902366374317392,0.06407413536323019,0.03494952837994374,-0.09307853282774892,-0.5969883937602347,-0.00026956829014109076,-0.8590913725761758
48,60,0.005,0,0.2,1.5,1,-0.8312524523138409,-0.35946252795811473,-0.8552912555554658,-1.4473269808161764,1423,919,504,0.02329968558662916,0.09161012742015555,0.057454906503392356,0.0341552209167632,-0.16630785300405493,-0.5876086385933064,-0.0003213983698102935,-0.8594745047766565
48,96,0.0025,0,-0.2,1.5,1,-0.845669593180379,-0.3736245075473228,-0.8756737689092442,-0.9758614232670134,2054,1352,702,0.052689061724309115,0.20797617077610459,0.13033261625020684,0.07764355452589773,-0.29260117720340995,-0.39057657521974964,-7.80238268313629e-05,-0.8602544631652955
20,96,0.005,0,0.0,2.5,1,-0.8373565581410419,-0.365343358095227,-0.8802024162131379,-1.1205200987092003,1943,1284,659,0.040675161343703456,0.1524739367863644,0.09657454906503392,0.05589938772133046,-0.14386457055583912,-0.4979850044243961,-0.00012362344740783602,-0.861470571137256
30,120,0.005,0,0.0,1.5,1,-0.8387415031646154,-0.36670061041962343,-0.8705172996125526,-1.1982712799327697,1820,1199,621,0.03693529703789508,0.14105576700314412,0.08899553202051962,0.05206023498262453,-0.13896043138879777,-0.5346215047672606,-0.00015573388458585402,-0.8618728242225383
20,200,0.0025,0,-0.2,1.5,1,-0.8476863602667762,-0.3756837727673703,-0.881741467034219,-0.9294421030350521,2315,1493,822,0.05725632963759722,0.23332781730928348,0.14529207347344034,0.08803574383584313,-0.23255959592629394,-0.36829296297509473,-4.8912511673009235e-05,-0.8630266114362324
12,200,0.0,0,-0.2,2.5,1,-0.852298072956998,-0.38047064591963875,-0.8809115748842797,-0.8471240438546008,2633,1686,947,0.06675492305146451,0.27400297865298695,0.1703789508522257,0.10362402780076121,-0.18970556016801532,-0.31980259153090007,-1.8944807588921033e-05,-0.8632826355545087
48,120,0.005,0,0.0,2.5,1,-0.8459503383270609,-0.3739099554040435,-0.872085074340503,-1.06743008237745,2128,1403,725,0.04563958298858183,0.17008108555353302,0.10786033427105743,0.06222075128247559,-0.1933725328075574,-0.44640439706651835,-9.651266052388505e-05,-0.8633239966931674
30,200,0.0,0,0.0,1.5,1,-0.8386651994071546,-0.36662560540372724,-0.8862790570446751,-1.0767101511541146,2287,1465,822,0.040244911467814,0.17593910309448949,0.10809200728115174,0.06784709581333774,-0.04994482965958702,-0.46700987065093824,-7.28196675069856e-05,-0.8636006414837705
48,120,0.01,0,0.2,2.5,1,-0.8399501955211011,-0.36789229397925793,-0.8630347966738166,-1.2842957896483862,1637,1104,533,0.032963759721992385,0.10756246897236472,0.07026311434717855,0.03729935462518617,-0.21002512409208285,-0.5405896245893455,-0.00024201994891975186,-0.8636244817985855
30,60,0.0025,0,-0.2,999.0,1,-0.8480636973590013,-0.37607132829467627,-0.8856670999207845,-0.8971594640780419,2148,1400,748,0.06076452093331127,0.22637762700645375,0.1435710739698825,0.08280655303657124,-0.1846681726861905,-0.4543978432534801,-6.0203497215492364e-05,-0.8637628514589706
30,96,0.01,0,0.2,2.5,1,-0.8370492411697689,-0.36504336145306415,-0.8626909130264325,-1.3498225203395922,1518,1026,492,0.031044183352639417,0.09975177891775608,0.06539798113519775,0.03435379778255833,-0.1527611200665412,-0.5890751015980416,-0.0002815832670317281,-0.86387994398326
20,96,0.01,0,0.2,1.5,1,-0.8322022779212227,-0.3603670188461038,-0.8583317384447949,-1.4931594794366159,1305,874,431,0.025318550388879695,0.08317061062386231,0.05424458050637101,0.028926030117491314,-0.20256676898006942,-0.5958526380289157,-0.00038285488010242363,-0.8641908620403321
30,60,0.005,0,0.2,1.5,1,-0.8345638160863337,-0.3626325944593094,-0.854529544866814,-1.5024904487857524,1361,885,476,0.023432070163825914,0.08691047492967069,0.05517127254674831,0.03173920238292239,-0.13907784372445842,-0.6204421980773449,-0.0003608674893470477,-0.8650218893320041
12,120,0.0025,0,0.0,1.5,1,-0.8403514927680996,-0.36828943579169093,-0.8734747815290086,-1.225104229390214,1853,1209,644,0.03392354790666887,0.14102267085884496,0.0874731093827569,0.05354956147608803,-0.2319890683936392,-0.47486383904072027,-0.00015565558163117775,-0.866282038025706
48,96,0.01,0,0.0,1.5,1,-0.840682638945131,-0.3686177168974428,-0.8722414262579045,-1.24006806314014,1631,1106,525,0.03710077775939103,0.1261955982128082,0.08164818798609962,0.044547410226708585,-0.20440715667113352,-0.5472817964444388,-0.00020462727888126154,-0.8667418331834021
30,200,0.0025,0,-0.2,2.5,1,-0.8539925169919385,-0.38225760214984295,-0.8848174896691018,-0.8429508033769451,2628,1700,928,0.06877378785371505,0.2750951514148602,0.1719344696342876,0.10316068178057257,-0.10499199317168162,-0.3927691097937417,-1.9705905808154837e-05,-0.866813887153241
48,200,0.005,0,0.0,999.0,1,-0.8483979003826508,-0.37641518466752866,-0.8891101838547394,-0.9222199288479785,2478,1627,851,0.053119311600198574,0.20052953830878703,0.1268244249544928,0.07370511335429422,0.09777828629570728,-0.5233508653620231,-4.3688500631001545e-05,-0.8670812730372972
12,60,0.0025,0,0.0,999.0,1,-0.835310410162966,-0.3633538925274443,-0.8990527497890032,-1.0901136551738606,1943,1274,669,0.03852391196425616,0.1518451100446798,0.09518451100446798,0.05666059904021181,0.021013001037481827,-0.5737567845562171,-0.00011969039170402833,-0.867385950180639
20,200,0.005,0,-0.2,2.5,1,-0.8532090238475747,-0.38142941068678704,-0.8851210686999936,-0.8713161810259967,2442,1603,839,0.0697997683269899,0.25619725302002316,0.16299851067350654,0.09319874234651664,-0.10409962227571534,-0.444293068596067,-3.506716725252315e-05,-0.8675557540880836
20,120,0.005,0,0.2,1.5,1,-0.8356812494795144,-0.36371307863010527,-0.8635171555012082,-1.4422614607429771,1537,1006,531,0.026543107727949693,0.09842793314578852,0.062485520436869106,0.03594241270891941,-0.12952355899405843,-0.5928364631559107,-0.00028693128607376996,-0.8675847294178582
48,96,0.01,0,0.0,2.5,1,-0.8464503041670366,-0.3744192631881045,-0.8729517250343051,-1.1430547522200867,1830,1248,582,0.044613602515306966,0.14562303491643225,0.09511831871586961,0.050504716200562634,-0.2378931754659177,-0.49683324516368343,-0.00015376360317576605,-0.8680478633162614
48,120,0.005,0,0.2,1.5,1,-0.8392460031844293,-0.3671971941575296,-0.8650091081023936,-1.381063201027797,1628,1059,569,0.02783385735561807,0.10468310441833527,0.06625848088697667,0.038424623531358594,-0.15325132353260262,-0.5714402601344851,-0.00025679457097815974,-0.8687549082601163
48,60,0.0,0,0.0,2.5,1,-0.8421219306748613,-0.37005052808521877,-0.8876294420600496,-1.099169997292605,2074,1337,737,0.038060565944067516,0.16422306801257652,0.10114181697832203,0.0630812510342545,-0.2146014508156222,-0.4328372256608193,-0.00010437028577860253,-0.8688237489798738
20,200,0.0,0,-0.2,2.5,1,-0.8551540694003772,-0.3834915737572996,-0.8866576074759843,-0.84440519796628,2684,1718,966,0.06857521098791991,0.27999338077114017,0.17428429587953004,0.10570908489161013,-0.08553735241895422,-0.39366969312728395,-1.6755807560669626e-05,-0.8690406373936058
30,120,0.01,0,0.0,2.5,1,-0.8472740949182,-0.37526116502084284,-0.8737624089825098,-1.1488398817356447,1831,1247,584,0.04467979480390535,0.145755419493629,0.09521760714876717,0.05053781234486182,-0.23829203508660446,-0.49902016991830545,-0.000154894921358716,-0.8695843635988799
20,120,0.0,0,0.0,2.5,1,-0.8426840478677938,-0.37061277375729185,-0.8914330132591373,-1.0695250804624,2201,1430,771,0.04239616084726129,0.1750455071984114,0.10872083402283635,0.06632467317557504,-0.11264778774952022,-0.46698757958959813,-8.41804348520754e-05,-0.8698055344099804
12,60,0.005,0,0.2,2.5,1,-0.8394750480523028,-0.3674230306840227,-0.8630186909018029,-1.4258877774198673,1494,983,511,0.026245242429256993,0.09667383749793149,0.06145953996359424,0.03521429753433725,-0.11011259680460772,-0.6191915304513333,-0.0003048464725019801,-0.8702267650059176
20,60,0.0,0,0.0,999.0,1,-0.8393624047313633,-0.367311935045886,-0.8992667698356085,-1.0706187502505953,2055,1330,725,0.040244911467814,0.16243587622042033,0.10134039384411717,0.06109548237630316,0.06323542674578086,-0.5777526504805188,-0.00010259270620432201,-0.87047625747622
12,200,0.0,0,0.0,1.5,1,-0.8464327458610461,-0.37440135575493283,-0.8780437912257139,-1.1414902488002308,2183,1404,779,0.03915273870594076,0.16816150918418005,0.1036571239450604,0.06450438523911964,-0.1735158966865744,-0.44637577054494226,-9.834684711558598e-05,-0.8704977638078012
12,120,0.0,0,0.0,2.5,1,-0.8398050034982688,-0.36774878931917265,-0.8969156296402647,-1.0871611701776773,2175,1413,762,0.04113850736389211,0.17127254674830383,0.10620552705609797,0.06506701969220585,-0.10827505090594913,-0.46687212339764905,-8.737611025885222e-05,-0.8705646626481889
20,60,0.005,0,0.2,2.5,1,-0.8423169147524404,-0.37024538648614425,-0.8614083628434079,-1.4260580019275242,1521,999,522,0.02707264603673672,0.09922224060896906,0.06314744332285288,0.036074797286116164,-0.13024130453764704,-0.6120731135406894,-0.00029733630195910327,-0.8722524680042244
30,200,0.005,0,0.0,2.5,1,-0.8474707118483178,-0.3754626076191475,-0.8903020295433616,-1.0421563812871046,2318,1517,801,0.04775773622372993,0.18431242760218436,0.11603508191295714,0.0682773456892272,-0.033159509607571414,-0.4971116245518612,-7.133678576443888e-05,-0.8727214414551835
30,120,0.0,0,0.0,1.5,1,-0.8467879411513902,-0.37476391265461917,-0.8770364932848627,-1.196416386140978,1984,1287,697,0.036637431739202385,0.15386397484693035,0.09525070329306635,0.05861327155386398,-0.1474535790878707,-0.5152667844114658,-0.00013334015534520897,-0.8731029786040994
48,96,0.01,0,0.2,1.5,1,-0.8397187963153256,-0.36766363012842673,-0.8625806808489819,-1.4872613947473807,1390,930,460,0.02660930001654807,0.08889624358762205,0.05775277180208506,0.031143471785536985,-0.18788531544363207,-0.6044736872958516,-0.0003560165934697349,-0.8733170402902867
30,60,0.0,0,0.0,999.0,1,-0.8425163805197016,-0.3704449106858809,-0.8983999658096185,-1.0747957236456023,2087,1352,735,0.04100612278669535,0.1665067019692206,0.10375641237795796,0.06275028959126262,0.11229892026746713,-0.5979190491367457,-0.00010007199246702616,-0.8733846797729703
20,200,0.01,0,0.2,1.5,1,-0.8409587957614173,-0.3688918757982087,-0.868491566568425,-1.4155490514190532,1528,1017,511,0.0286612609630978,0.09697170279662419,0.062816481879861,0.0341552209167632,-0.13352845690086979,-0.6058701631916608,-0.0002998897297039155,-0.8739151116533739
12,96,0.005,0,0.2,1.5,1,-0.8392442018500396,-0.36719541901158126,-0.8626931027648708,-1.5176433596645664,1427,933,494,0.024656627502895913,0.09051795465828232,0.05758729108058911,0.0329306635776932,-0.15724146253741267,-0.6105873178881045,-0.0003441537992746956,-0.874424138377245
48,60,0.01,0,0.2,2.5,1,-0.8445556552571967,-0.372495732106756,-0.8635663351865652,-1.4132275145216882,1452,978,474,0.029157703127585637,0.09515141486016879,0.062154558993877215,0.03299685586629158,-0.24440937909764437,-0.574729740015582,-0.00032500700093067073,-0.8749402754261231
48,120,0.0,0,-0.2,2.5,1,-0.859038471901331,-0.387672807599976,-0.8874471193938237,-0.8791607363757098,2500,1621,879,0.06629157703127586,0.2630150587456561,0.164653317888466,0.09836174085719014,-0.3129296783814486,-0.2836862720272475,-3.438956671495236e-05,-0.8753544041156733
48,200,0.0,0,0.2,2.5,1,-0.8492466945739993,-0.37729105755711534,-0.8832048390490581,-1.1306817591032037,2272,1443,829,0.03435379778255833,0.15071984113850737,0.09253681946053285,0.05818302167797452,0.054877678683332265,-0.5550313119589205,-0.00010269253645261669,-0.8754275650368046
12,120,0.01,0,0.2,1.5,1,-0.8394536594715823,-0.3674019314815996,-0.8638697834863877,-1.5279998152351186,1334,896,438,0.025682607976170776,0.08472612940592421,0.055204368691047494,0.029521760714876718,-0.2327258159652409,-0.5922474488624414,-0.0003869708302812511,-0.8757368139865495
48,96,0.005,0,0.0,1.5,1,-0.8475067987081006,-0.37549960131691695,-0.877430209458325,-1.2391208524214834,1813,1196,617,0.03660433559490319,0.14046003640575874,0.08853218600033096,0.051927850405427765,-0.1805059909134119,-0.5392226727265155,-0.00017025738962021423,-0.8761707486671535
30,96,0.0,0,0.2,1.5,1,-0.842450737613941,-0.37037922764669484,-0.8697644712103753,-1.431648952342154,1617,1033,584,0.025020685090186994,0.10524573887142148,0.06513321198080424,0.04011252689061724,-0.14253675075265015,-0.5875077830087523,-0.00026580795431705036,-0.8768439108689902
20,120,0.0025,0,0.0,1.5,1,-0.8478994062932288,-0.3759024995770619,-0.8798595906807507,-1.2328065699037134,1876,1224,652,0.03501572066854212,0.1444977660102598,0.08975674333940097,0.05474102267085885,-0.23216556674648348,-0.49378684697293584,-0.00015828394530473008,-0.8774726234126229
20,96,0.0,0,0.0,2.5,1,-0.8468985478662403,-0.3748769404003991,-0.8950414115447788,-1.1213753819032939,2119,1368,751,0.03928512328313751,0.16683766341221248,0.103061393347675,0.06377627006453748,-0.19707793508303006,-0.44975514203402267,-0.00010440089528049707,-0.8784664152679531
12,60,0.0,0,0.2,2.5,1,-0.8435189983585035,-0.3714507016003257,-0.8761068537543628,-1.38827655267603,1648,1051,597,0.02508687737878537,0.1076286612609631,0.06635776931987424,0.041270891941088864,-0.1355213287156346,-0.587280030952295,-0.00025384069765521314,-0.8789179561113085
20,200,0.005,0,0.0,1.5,1,-0.8507555431456164,-0.3788572121220889,-0.8815839429399689,-1.1873948078787444,2034,1326,708,0.0399470461691213,0.15591593579348006,0.09793149098130068,0.05798444481217938,-0.12494231912872955,-0.5283178158330055,-0.00012982682066706267,-0.8790189239860107
48,96,0.0,0,-0.2,2.5,1,-0.860032150648024,-0.3887562719389148,-0.8888558975664682,-0.9170971266258284,2400,1564,836,0.06390865464173424,0.2509018699321529,0.15740526228694357,0.09349660764520934,-0.29269274796705746,-0.3427904149994797,-4.628107790822698e-05,-0.8790390770534403
30,96,0.0,0,0.0,2.5,1,-0.8484092494737632,-0.3764268715457111,-0.8959861562214777,-1.1026941142483497,2152,1395,757,0.04093993049809697,0.17127254674830383,0.1061062386232004,0.06516630812510342,-0.1303118770029642,-0.4886398381720831,-9.850335888215158e-05,-0.8795546553688675
30,120,0.0025,0,-0.2,2.5,1,-0.8590211802062434,-0.38765400423912133,-0.8911662537722013,-0.9285537129126115,2303,1512,791,0.06255171272546749,0.2406089690551051,0.15158034089028627,0.0890286281648188,-0.32234415207763256,-0.34179702611442075,-5.5200269804112706e-05,-0.8796648167708526
20,60,0.0,0,0.2,1.5,1,-0.8448096513579417,-0.3727525763903078,-0.8631717963192798,-1.50990352514301,1459,930,529,0.022538474267747806,0.09362899222240609,0.05808373324507695,0.035545258977329144,-0.22023771237294265,-0.587143109731423,-0.0003368158435298689,-0.8798336508070982
20,60,0.0025,0,-0.2,999.0,1,-0.8554464401983859,-0.3838033410056053,-0.8997455258087645,-0.9352868704645253,2136,1391,745,0.05953996359424127,0.2213139169286778,0.14042694026145955,0.08088697666721827,-0.2183343992625515,-0.4617918213880099,-7.060668958880993e-05,-0.8804404474332138
12,96,0.01,0,0.2,2.5,1,-0.8461875842819526,-0.3741514796037695,-0.867198789973611,-1.4540062482750962,1441,978,463,0.02985272215786861,0.09346351150091015,0.061658116829389376,0.03180539467152077,-0.19658209902096802,-0.6064161074109378,-0.0003390682216164968,-0.8804511870043299
12,96,0.0025,0,0.0,2.5,1,-0.8441519264077378,-0.37208812278146886,-0.9017244533541879,-1.1535592502328567,1988,1300,688,0.0387224888300513,0.15522091676319708,0.09697170279662419,0.05824921396657289,-0.1245214069368662,-0.5188809200150426,-0.00012590135342698322,-0.8806283119702056
30,200,0.0025,0,0.0,1.5,1,-0.853069197983688,-0.3812819564182963,-0.8826018564461162,-1.1625618282444363,2185,1405,780,0.03908654641734238,0.16809531689558166,0.10359093165646202,0.06450438523911964,-0.1694082885164212,-0.47239289667078443,-0.00010612414729197578,-0.8807109760535763
48,120,0.0025,0,-0.2,2.5,1,-0.8610367730112648,-0.38985754656733584,-0.8923505574676369,-0.8994377172639313,2394,1568,826,0.06553036571239451,0.2523911964256164,0.15896078106900546,0.09343041535661095,-0.3412598041719598,-0.3015002951767516,-4.5634187683361315e-05,-0.8810047111643509
12,60,0.0025,0,0.2,1.5,1,-0.8449073593541684,-0.37285146396665314,-0.862706711528452,-1.5507814053547584,1377,885,492,0.020718186331292403,0.08684428264107232,0.05378123448618236,0.03306304815488995,-0.2886485844044069,-0.5658962684908295,-0.0003819266241647028,-0.881743889998617
30,60,0.005,0,0.2,2.5,1,-0.8485537322503788,-0.3765757119744374,-0.8668230178950667,-1.4483174811392936,1554,1014,540,0.02783385735561807,0.10190302829720338,0.06486844282641073,0.03703458547079265,-0.09030517761771328,-0.6378453595287512,-0.0002963561435837083,-0.8824030949789354
30,200,0.01,0,0.2,2.5,1,-0.8518060450219397,-0.3799546350408314,-0.8737431445873816,-1.3155844270957464,1756,1179,577,0.03441999007115671,0.11471123614098958,0.07456561310607314,0.04014562303491643,-0.11898499124422379,-0.5951882627449131,-0.00022960608477042046,-0.8826054286893095
12,96,0.01,0,0.0,999.0,1,-0.8533129248236002,-0.3815390483380897,-0.8839102669871958,-1.183453430748326,1783,1228,555,0.04606983286447129,0.1411219592917425,0.0935958960781069,0.04752606321363561,-0.09047445175912983,-0.6065882718423741,-0.0001754895356656266,-0.882666853369104
12,96,0.01,0,-0.2,999.0,1,-0.8619279096670673,-0.39083942373251657,-0.884557543919447,-0.9938683202364285,1928,1327,601,0.06784709581333774,0.20201886480225054,0.13493298030779413,0.06708588449445639,-0.33733390850558753,-0.453518163379245,-0.000104527700244128,-0.8828116117040614
30,120,0.01,0,0.2,1.5,1,-0.8458000141265207,-0.3737570646942364,-0.8679295341295101,-1.5205358059654097,1395,933,462,0.026874069170941584,0.08922720503061393,0.058050637100777756,0.031176567929836176,-0.22661713312030407,-0.5994230608870971,-0.0003680031922564439,-0.883748622057262
20,120,0.0025,0,0.0,2.5,1,-0.8555109570396997,-0.3838722016756928,-0.8854418178241109,-1.1465655975710913,2102,1374,728,0.041502564951183187,0.16720172099950356,0.10435214297534337,0.06284957802416019,-0.2039311346929642,-0.4806717769118183,-0.00011614036375606968,-0.8839213904663028
12,60,0.0025,0,-0.2,999.0,1,-0.8561218517566831,-0.38452537223227123,-0.9068673416624867,-0.9566289700239033,2131,1399,732,0.058547079265265596,0.21668045672679132,0.13761376799602845,0.07906668873076286,-0.20242974609329578,-0.4763002269361424,-7.47770978308614e-05,-0.8857904915647098
48,60,0.01,0,-0.2,999.0,1,-0.8639452091082553,-0.39307981279126447,-0.8881242247580665,-0.9811059019302102,1924,1319,605,0.0661260963097799,0.2042694026145954,0.13519774946218766,0.06907165315240775,-0.46887303640092304,-0.32948072970023445,-0.00010421413996934623,-0.8861972202668082
48,60,0.0,0,0.2,1.5,1,-0.8489986576143642,-0.3770347260855065,-0.8709591916309575,-1.490042533233616,1548,980,568,0.023001820287936455,0.10064537481383419,0.061823597550885324,0.038821777262948866,-0.2321192116360935,-0.5735039639978621,-0.00030475796336720926,-0.8870164485626659
48,60,0.0025,0,0.0,2.5,1,-0.8580530978538845,-0.38660403773512053,-0.8819958296592056,-1.1927864480470525,1981,1287,694,0.03736554691378455,0.1567102432566606,0.09703789508522258,0.05967234817143803,-0.29450324384784277,-0.45811496177924427,-0.0001430505545678545,-0.8872412749670759
20,96,0.005,0,0.2,1.5,1,-0.8468710955210053,-0.3748488814509038,-0.8720957286750041,-1.5330275047173383,1463,952,511,0.02475591593579348,0.09352970378950852,0.059142809862651004,0.03438689392685752,-0.18566219037100884,-0.6091425110660218,-0.0003419463171270721,-0.8875481210242727
20,200,0.0,0,0.0,1.5,1,-0.8572839039619732,-0.38577360297206253,-0.8883862179139739,-1.1778869689097287,2232,1431,801,0.03971537315902697,0.17123945060400464,0.1054774118815158,0.06576203872248883,-0.1500445399261089,-0.4872913560651726,-0.00010488389926058591,-0.8888610603745359
12,200,0.0025,0,-0.2,2.5,1,-0.8673007696418198,-0.39686225548259335,-0.8940007188200269,-0.9252709982548832,2520,1630,890,0.0658282310110872,0.26228694357107396,0.16405758729108058,0.09822935627999338,-0.28491995845234064,-0.34557234608009646,-4.170724259983135e-05,-0.8901261648053509
12,96,0.005,0,-0.2,999.0,1,-0.8665050289024111,-0.3959588540395702,-0.8915261631636772,-0.9815739210369742,2154,1438,716,0.06688730762866126,0.22521926195598213,0.14605328479232169,0.07916597716366043,-0.2149067163219075,-0.5006606709490182,-7.956720874138887e-05,-0.8908006316732574
30,200,0.005,0,0.2,1.5,1,-0.8526018476700461,-0.38078987125341845,-0.8792540530912609,-1.4161481438416823,1777,1148,629,0.02905841469468807,0.11351977494621876,0.07128909482045341,0.04223068012576535,-0.09603100117122543,-0.6034429732102419,-0.00023778586790101135,-0.891224304991133
48,200,0.0,0,-0.2,999.0,1,-0.8714954827069729,-0.40169280633148197,-0.9001519643305494,-0.7897283077811449,2950,1892,1058,0.07843786198907828,0.31487671686248553,0.1966572894257819,0.11821942743670362,-0.07255291555167798,-0.39444079094454676,-4.581442332487024e-06,-0.8912552038858139
30,60,0.0025,0,0.0,999.0,1,-0.8579926662051636,-0.3865386727633747,-0.8933900785708817,-1.1647565217698317,1991,1300,691,0.04031110375641238,0.15879530034750952,0.09955320205196094,0.05924209829554857,-0.01269044772864858,-0.6106808983910572,-0.00013791097792650484,-0.8914715381373072
48,200,0.0025,0,0.2,2.5,1,-0.8577179585908583,-0.38624180203090186,-0.8920657932750533,-1.1840798007508113,2169,1392,777,0.034122124772464006,0.14380274697997683,0.08896243587622042,0.05484031110375641,0.006641593837099169,-0.5820078094107095,-0.00013384724998251172,-0.8914786887059691
30,96,0.0025,0,0.0,2.5,1,-0.8600484526241339,-0.38877409491694803,-0.8889029004860088,-1.1765169062496867,2056,1344,712,0.040410392189309946,0.1636604335594903,0.10203541287440013,0.06162502068509019,-0.20925847955865817,-0.5051090186949668,-0.0001303219836821581,-0.8920513904724368
12,120,0.005,0,0.2,1.5,1,-0.8498162829850012,-0.3778808922448844,-0.8740151445890229,-1.5436853622833824,1502,983,519,0.025715704120469966,0.09568095316895582,0.06069832864471289,0.034982624524242924,-0.20610615976122026,-0.5990436107055221,-0.0003337640392627692,-0.892072732653565
20,120,0.005,0,0.2,2.5,1,-0.8547756900136398,-0.3830887915152106,-0.8787755054863775,-1.3982312409735083,1740,1145,595,0.03154062551712725,0.11487671686248552,0.07320867118980638,0.041668045672679135,-0.15267257831012593,-0.5908158997043306,-0.0002424131069239154,-0.8923881063070748
48,96,0.01,0,0.2,2.5,1,-0.8549824358163924,-0.38330877336584845,-0.8764650919273196,-1.4208004933950762,1573,1063,510,0.031937779248717525,0.1033592586463677,0.0676485189475426,0.035710739698825086,-0.24430887320950057,-0.578561395752158,-0.00029826398511749745,-0.892581343999262
12,120,0.0025,0,0.0,2.5,1,-0.8579724332369723,-0.3865167927413098,-0.8950950840738827,-1.192928947928524,2074,1357,717,0.040410392189309946,0.1631308952507033,0.10177064372000662,0.06136025153069667,-0.22551221521147313,-0.48259087889273233,-0.00012791380417623706,-0.8937107821746774
20,120,0.01,0,0.0,999.0,1,-0.8641679690609713,-0.39332873090026543,-0.8836726176268757,-1.1767401666166062,1886,1294,592,0.04838656296541453,0.15210987919907332,0.10024822108224392,0.05186165811682939,-0.1935139615232644,-0.5674389046945072,-0.00016347130748826558,-0.8940020480445335
30,96,0.0025,0,0.2,1.5,1,-0.8520464725134586,-0.3802066209789201,-0.8769576968128163,-1.5064237888453706,1550,996,554,0.024226377627006454,0.10041370180373986,0.06232003971537316,0.0380936620883667,-0.20752431719900644,-0.5946765082030152,-0.00031174508730541007,-0.8940066588275968
30,120,0.0025,0,0.0,1.5,1,-0.8586281583499309,-0.3872270893212384,-0.8861961269331854,-1.2774387302802448,1896,1235,661,0.035445970544431576,0.14697997683269898,0.09121297368856528,0.05576700314413371,-0.2443620430104556,-0.5170932439466804,-0.00016910010361085873,-0.8941970893018433
20,60,0.0025,0,0.0,999.0,1,-0.8585944513158563,-0.3871905169343036,-0.8971312716859384,-1.1786610847423051,1960,1278,682,0.03935131557173589,0.15492305146450439,0.09713718351812013,0.057785867946384246,-0.07473558769692423,-0.5926988628322926,-0.0001464399615496175,-0.894689207014388
12,96,0.0,0,0.2,1.5,1,-0.8523784827716585,-0.3805550976129136,-0.8754541809473858,-1.5314001754722977,1555,992,563,0.024127089194108886,0.09978487506205527,0.06195598212808208,0.03782889293397319,-0.19030295927229324,-0.6031964796940863,-0.00031518736458526517,-0.8948521968602213
48,96,0.005,0,0.2,1.5,1,-0.8529177758221307,-0.38112239179442786,-0.8752424738426594,-1.5226523666475569,1552,1013,539,0.026675492305146452,0.09981797120635447,0.06324673175575045,0.036571239450604004,-0.16496307519372844,-0.6172181758898336,-0.00031598899936614324,-0.8948762470481354
20,120,0.0,0,0.2,1.5,1,-0.8536420446364825,-0.3818867245369927,-0.8779605825283948,-1.4864940873499817,1668,1071,597,0.026212146284957803,0.10776104583815986,0.06698659606155882,0.040774449776601024,-0.19843121103673955,-0.5794983408774208,-0.0002738136964610462,-0.8951917201686892
12,200,0.01,0,0.2,2.5,1,-0.8582725590051222,-0.38684159013047004,-0.8782586352135058,-1.3896456170824367,1689,1139,550,0.033526394175078605,0.11024325666059905,0.07188482541783882,0.03835843124276022,-0.23729646749931754,-0.5675343690628136,-0.0002654627580273563,-0.8954531885913448
48,96,0.0025,0,-0.2,2.5,1,-0.8684288301384411,-0.39814992356575596,-0.8982152157737877,-0.9668093631541831,2294,1511,783,0.06304815488995533,0.2405096806222075,0.1517789177560814,0.08873076286612609,-0.34363921809209497,-0.3686379717701799,-6.510865298994406e-05,-0.895597999610359
20,60,0.0,0,0.2,2.5,1,-0.8571261317783483,-0.38560368433810455,-0.8760507354357862,-1.45108728532842,1669,1065,604,0.02627833857355618,0.10987919907330795,0.06807876882343207,0.04180043024987589,-0.1866330788154299,-0.5952604196233823,-0.0002719161830985455,-0.8961834163224187
48,120,0.0025,0,0.0,1.5,1,-0.8613527574294142,-0.39020516471512545,-0.8883140375000047,-1.239253402675229,1981,1287,694,0.03693529703789508,0.1540294555684263,0.09548237630316068,0.058547079265265596,-0.3139581267802489,-0.45570182898757816,-0.00015280495960174248,-0.8963248535988892
20,96,0.0025,0,0.0,2.5,1,-0.8614713014262408,-0.3903357295528894,-0.8908950125394169,-1.2114627215513742,2024,1317,707,0.03868939268575211,0.1591593579348006,0.09892437531027636,0.060234982624524244,-0.27411874271563985,-0.47484186149246377,-0.00014153670906029458,-0.8963563719001666
30,200,0.0,0,0.0,2.5,1,-0.8612573648756452,-0.3901001597238576,-0.9060821410570414,-1.067680807643456,2554,1638,916,0.04702962104914778,0.20264769154393514,0.12483865629654145,0.07780903524739367,-0.04843256717664057,-0.4769982802883277,-5.839946026510967e-05,-0.8965252706345511
48,96,0.005,0,0.0,2.5,1,-0.8636061289279576,-0.3927015010841215,-0.8883506918440137,-1.1948144652645476,2037,1350,687,0.04398477577362237,0.16260135694191627,0.10329306635776932,0.059308290584146946,-0.2254113763634279,-0.5122881697813453,-0.00013836181801756773,-0.8966175702693557
20,120,0.01,0,-0.2,999.0,1,-0.8704972678621204,-0.4005326830403638,-0.8948833983967113,-0.9743786310942901,2029,1394,635,0.07085884494456396,0.21687903359258645,0.14386893926857522,0.07301009432401125,-0.4532290465555263,-0.3466055633877666,-9.460596230918176e-05,-0.896693313793434
30,120,0.005,0,0.0,2.5,1,-0.8638875202208616,-0.39301539944992525,-0.8886948381006999,-1.1971879350732966,2043,1353,690,0.044117160350819126,0.1631308952507033,0.10362402780076121,0.05950686744994208,-0.21923513287172625,-0.5156933394978633,-0.00013779506591430553,-0.8972222152539401
48,120,0.0,0,0.0,1.5,1,-0.8625699096422099,-0.39154974389632335,-0.8890767679895705,-1.2294373995771641,2072,1340,732,0.03796127751116995,0.16101274201555518,0.09948700976336257,0.06152573225219262,-0.28639393202579544,-0.457168675802205,-0.00013751642946074506,-0.8975599978699668
20,120,0.005,0,-0.2,999.0,1,-0.8710627758454133,-0.4011890887232692,-0.8982882479783724,-0.945951676795611,2274,1519,755,0.07069336422306802,0.24199900711567102,0.15634618566936953,0.0856528214463015,-0.3330446538837628,-0.3971658129473262,-6.6210285507377e-05,-0.897630796552236
48,120,0.005,0,0.2,2.5,1,-0.860370234017983,-0.3891262180304148,-0.8817844853289286,-1.3557336814787178,1847,1212,635,0.03332781730928347,0.12209167631970876,0.0777097468144961,0.04438192950521264,-0.2017334939596127,-0.5594437589224808,-0.00021904298427376814,-0.8978051447688149
20,200,0.01,0,0.2,2.5,1,-0.8600287553511248,-0.38875256005088554,-0.8805976295313993,-1.376712867715203,1722,1158,564,0.03392354790666887,0.11242760218434553,0.0731755750455072,0.039252027138838325,-0.15731502390594543,-0.6069981133144764,-0.0002573501901524783,-0.8978870182023453
30,96,0.01,0,-0.2,999.0,1,-0.8713698898841128,-0.4015464718919638,-0.8950000619819123,-0.9836134760167372,2002,1372,630,0.06986596061558828,0.2137679960284627,0.14181697832202547,0.0719510177064372,-0.4546045360299559,-0.3580981687984669,-9.956175110100982e-05,-0.8982271766837568
30,60,0.0,0,0.2,1.5,1,-0.8553689340172874,-0.3837206468996682,-0.8735548832034631,-1.5614820205374365,1485,944,541,0.023034916432235646,0.09597881846764852,0.05950686744994208,0.036471951017706436,-0.21339844005182795,-0.6135875778657631,-0.0003476004661064367,-0.8985721895282716
12,200,0.005,0,0.0,2.5,1,-0.8665868355699635,-0.39605154236420803,-0.8893142614857841,-1.1680919740990345,2226,1462,764,0.04679794803905345,0.1764686414032765,0.11163329472116498,0.06483534668211154,-0.18519732501444164,-0.5015324625007135,-0.00011097505815535778,-0.8991132718120518
12,200,0.005,0,0.2,1.5,1,-0.8573730359621238,-0.38586965925929195,-0.8785697027562199,-1.4889724715623955,1701,1106,595,0.028561972530200232,0.10852225715704121,0.06854211484362072,0.03998014231342049,-0.18708759599463298,-0.589212029704644,-0.00027349954551583787,-0.8996031342155216
20,96,0.01,0,0.2,2.5,1,-0.8578889533292791,-0.38642654189841996,-0.8781189984741673,-1.492674024698431,1481,1002,479,0.030249875889458877,0.0966407413536323,0.06344530862154558,0.033195432732086715,-0.26810127334618117,-0.5927582116251217,-0.0003459725534053646,-0.9001197423704251
12,120,0.01,0,0.2,2.5,1,-0.8576990737440069,-0.3862214093645766,-0.8800913208384619,-1.4867811842942966,1509,1024,485,0.030746318053946717,0.09839483700148932,0.06457057752771803,0.0338242594737713,-0.25252271020233286,-0.5950822103952663,-0.00033428725981385013,-0.9006061289985223
30,96,0.005,0,0.2,2.5,1,-0.8592925636372023,-0.3879493120092996,-0.8826991089582074,-1.4331196916212008,1699,1113,586,0.030481548899553203,0.11242760218434553,0.07145457554194937,0.04097302664239616,-0.1369106935047194,-0.6186824964895814,-0.0002636670665764508,-0.9009548510694634
30,200,0.01,0,0.0,999.0,1,-0.8717013048834622,-0.4019328519727068,-0.8877451080332688,-1.127491851764308,2126,1435,691,0.0521264272712229,0.17114016217110706,0.11163329472116498,0.05950686744994208,-0.17493366363446694,-0.5496980184603099,-0.0001263134319804044,-0.9021799985775566
30,120,0.005,0,0.2,1.5,1,-0.8572355663174624,-0.38572152898775647,-0.8790285820085705,-1.5463275471258098,1564,1021,543,0.02703954989243753,0.10057918252523582,0.06380936620883668,0.03676981631639914,-0.19122863800217826,-0.6140798278619918,-0.00032125940622060116,-0.9025521973483323
12,200,0.0025,0,0.0,1.5,1,-0.8657955693906947,-0.39515680512966567,-0.888937239142497,-1.2610635308224025,2091,1350,741,0.038159854376965084,0.16054939599536655,0.09935462518616581,0.06119477080920073,-0.2931323896939598,-0.45974697894912153,-0.00014185082428453796,-0.9026786012420343
30,60,0.0,0,0.2,2.5,1,-0.8616631729089241,-0.39054723519013124,-0.8790503584690245,-1.466168283021579,1698,1079,619,0.026973357603839152,0.1124937944729439,0.06973357603839153,0.042760218434552376,-0.15542105744739998,-0.6170819962818639,-0.0002700103312856322,-0.9033808285757223
12,120,0.01,0,0.0,999.0,1,-0.8688731225284159,-0.39865935041018863,-0.8870657944268344,-1.2359229510230594,1854,1273,581,0.04736058249213967,0.14810524573887143,0.09773291411550554,0.05037233162336588,-0.22042939552966523,-0.5748639522522295,-0.0001821468968202296,-0.9039883951747588
48,60,0.005,0,-0.2,999.0,1,-0.8739399165101931,-0.40456252392068315,-0.8992603941859131,-0.9971249867806673,2138,1419,719,0.06417342379612775,0.2265431077279497,0.14535826576203872,0.08118484196591097,-0.39221684094596476,-0.3957650620474856,-8.71218907189467e-05,-0.9040489703526731
48,96,0.0,0,0.0,1.5,1,-0.864872198461275,-0.39411767463140224,-0.8908971769610746,-1.2922141365578155,1978,1284,694,0.03640575872910806,0.15316895581664736,0.09478735727287771,0.058381598543769654,-0.2312084546397578,-0.5273270273100261,-0.00016189541331565276,-0.9041769699398303
12,120,0.005,0,-0.2,999.0,1,-0.8740976787970773,-0.40474916211568424,-0.9001195301871064,-0.9936661141969589,2243,1497,746,0.06903855700810856,0.2359755088532186,0.1525070329306636,0.08346847592255502,-0.3085072875518883,-0.4409776173102452,-7.61327051815887e-05,-0.9044922329190853
20,60,0.0025,0,0.2,1.5,1,-0.8582876829536636,-0.386857970973143,-0.874012539863515,-1.6144200441311496,1395,895,500,0.021413205361575375,0.08906172430911799,0.05523746483534668,0.0338242594737713,-0.3154218709558576,-0.5841078383206084,-0.0004013057448117611,-0.904585243111458
12,120,0.01,0,-0.2,999.0,1,-0.8742165658757279,-0.4048899254804853,-0.8973237854274405,-1.0272388887221686,2003,1374,629,0.06936951845110045,0.211550554360417,0.14046003640575874,0.07109051795465829,-0.43502004747770007,-0.3937592765647071,-0.00010658280629778817,-0.904913762630314
20,96,0.01,0,0.0,999.0,1,-0.8700006817752872,-0.3999580470910472,-0.8865547159276966,-1.2414212006877396,1822,1250,572,0.0463346020188648,0.14529207347344034,0.09581333774615257,0.04947873572728777,-0.26291683519020814,-0.5613018536784669,-0.00019123084390348493,-0.9053064650892826
20,200,0.0025,0,-0.2,2.5,1,-0.8759177783361233,-0.4069151859764256,-0.9025481746471964,-0.9482031018453294,2567,1662,905,0.06788019195763693,0.26817805725632965,0.1680291246069833,0.10014893264934635,-0.2245330857011396,-0.422299616413107,-4.49910301767041e-05,-0.9055994283922902
30,96,0.005,0,-0.2,999.0,1,-0.8759583520287098,-0.40696374164592275,-0.9015956341601554,-0.9749229918661533,2225,1479,746,0.06880688399801423,0.2372000661922886,0.15300347509515141,0.08419659109713719,-0.3424223845324754,-0.42602371895129243,-7.687956815086306e-05,-0.9065077083193082
20,96,0.01,0,-0.2,999.0,1,-0.8754909113200183,-0.40640506225455886,-0.8970185396306509,-1.0347412369236124,1950,1334,616,0.0679794803905345,0.20744663246731757,0.13771305642892603,0.06973357603839153,-0.5019432084154207,-0.33707377127785865,-0.0001146430189674237,-0.906651393916065
30,200,0.0,0,0.2,1.5,1,-0.8629127742711213,-0.39193011488726204,-0.8879853639563967,-1.4261894707708769,1946,1234,712,0.02899222240608969,0.12516961773953333,0.07708092007281152,0.04808869766672183,-0.13901234366706117,-0.5786196586037007,-0.00020932125039057684,-0.9072322704040042
48,120,0.0,0,0.2,1.5,1,-0.8627814129948496,-0.39178429966229233,-0.8845992168690195,-1.4705687192110362,1771,1130,641,0.027602184345523747,0.11490981300678471,0.07125599867615423,0.04365381433063048,-0.26575666507169315,-0.5468553387258341,-0.00025604126317171433,-0.9076123440573539
48,120,0.0025,0,0.2,1.5,1,-0.8624631204476781,-0.39143141820875293,-0.8842111234672446,-1.483086518963917,1697,1089,608,0.026774780738044016,0.10977991064041039,0.0682773456892272,0.041502564951183187,-0.2830337874964115,-0.5517590804499546,-0.0002794583381521455,-0.9076913058905711
30,96,0.01,0,0.0,999.0,1,-0.8720123250104224,-0.4022961358615461,-0.8897694608701655,-1.2238728670987695,1857,1275,582,0.047559159357934803,0.1496938606652325,0.09862651001158365,0.05106735065364885,-0.22062809596832578,-0.5843127779170285,-0.00018292964667082927,-0.9083745096515674
48,60,0.01,0,0.0,999.0,1,-0.871785954665778,-0.4020316608394422,-0.8878125804112839,-1.2490141270057407,1783,1220,563,0.04474598709250372,0.14304153566109548,0.0938937613767996,0.04914777428429588,-0.3013135455409077,-0.5523654127259505,-0.000201773320513959,-0.9083886573953712
12,120,0.0,0,0.2,1.5,1,-0.86040447867537,-0.38916372752063655,-0.8840842687404231,-1.5463466803635828,1635,1045,590,0.025119973523084562,0.10521264272712229,0.06516630812510342,0.04004633460201887,-0.23733298991043117,-0.5853696851561258,-0.00030174292919214047,-0.9085231959090272
20,200,0.005,0,0.0,2.5,1,-0.8716282022712015,-0.4018475610515503,-0.8982898571437066,-1.171456357142682,2271,1489,782,0.04752606321363561,0.17984444812179382,0.11368525566771472,0.0661591924540791,-0.12553381332047875,-0.5429209535517949,-0.00011017927333782659,-0.9095653074805377
48,200,0.0025,0,-0.2,999.0,1,-0.8805160987506759,-0.41249557493694156,-0.9107348003017586,-0.8387373116880871,2825,1831,994,0.07784213139169287,0.3021677974515969,0.19000496442164488,0.11216283302995202,-0.16269668015422334,-0.4141266457070595,-2.052315789760336e-05,-0.9097998406722252
48,60,0.0025,0,0.2,1.5,1,-0.861847025657232,-0.39075010796071397,-0.8812256860054101,-1.5887161823519678,1482,943,539,0.02207512824755916,0.09581333774615257,0.05894423299685587,0.03686910474929671,-0.2967807413563367,-0.5877485665572446,-0.0003636349821958847,-0.9107987600810175
20,120,0.0,0,0.2,2.5,1,-0.8668062540013591,-0.39630035769211225,-0.8883836684906203,-1.41509588023122,1893,1217,676,0.030746318053946717,0.12579844448121794,0.07827238126758233,0.04752606321363561,-0.20951061243903946,-0.5657395122068594,-0.00022047410765806884,-0.9112469859489835
30,120,0.01,0,0.2,2.5,1,-0.8655151945798445,-0.39484071563239764,-0.8855545614122369,-1.4816271516192485,1577,1066,511,0.03213635611451266,0.10369022008935959,0.06791328810193613,0.03577693198742347,-0.294361637640413,-0.5806101907025577,-0.00032062680984023444,-0.9116993539194785
12,200,0.01,0,0.0,999.0,1,-0.8766231732460602,-0.40776105283352504,-0.8900309513580259,-1.1890946828873772,2055,1394,661,0.05103425450934966,0.16508356776435545,0.10805891113685255,0.0570246566275029,-0.2568873627868704,-0.5359891606102309,-0.0001488551231189443,-0.9122312626569068
12,96,0.0,0,-0.2,999.0,1,-0.8772686381206901,-0.40853823767881126,-0.9088630032243409,-0.9905925659395082,2353,1531,822,0.06579513486678802,0.24557339069998346,0.15568426278338574,0.08988912791659771,-0.25960559258689264,-0.4622657968171934,-6.784207336578917e-05,-0.912499367587957
30,120,0.0,0,0.0,2.5,1,-0.8731919050888133,-0.4036799764740543,-0.8973598193571803,-1.2065077003865745,2232,1449,783,0.043024987588945886,0.17818964090683434,0.11060731424789012,0.06758232665894423,-0.2310790891084198,-0.4964308031196226,-0.00011901211092612102,-0.9126852711719732
12,96,0.005,0,0.0,999.0,1,-0.8695887154462894,-0.3994825783454916,-0.9032196875062485,-1.2325027017959813,1989,1329,660,0.04494456395829886,0.1576700314413371,0.10130729769981797,0.056362733741519115,-0.08558103731470523,-0.6143584463618729,-0.00015756420819658162,-0.9127175571884149
20,200,0.005,0,0.2,1.5,1,-0.8640788654437199,-0.39322912736707993,-0.8887506097415937,-1.504360247057399,1735,1122,613,0.028727453251696178,0.11054112195929175,0.06963428760549396,0.040906834353797786,-0.15867548212618066,-0.6152593026918844,-0.00027614620115955604,-0.9128224445907468
48,96,0.0025,0,0.0,1.5,1,-0.8691319216709203,-0.39895668685425867,-0.8945439078907025,-1.3340591814044136,1889,1233,656,0.03528048982293563,0.1463511500910144,0.09081581995697502,0.055535330134039385,-0.2807470086396565,-0.5320000910147624,-0.0001879740335160267,-0.9129315998698306
12,60,0.0025,0,0.2,2.5,1,-0.8659810898915293,-0.3953662298479037,-0.8824678953776456,-1.5413203000931366,1569,1010,559,0.02442495449280159,0.1021347013072977,0.06327982790004964,0.03885487340724805,-0.2505418390601841,-0.6080705354479432,-0.0003320757731923553,-0.9136661925413833
20,120,0.0025,0,0.2,1.5,1,-0.863894137851889,-0.3930227874199209,-0.8866627271500945,-1.5707392931021174,1598,1030,568,0.02518616581168294,0.10282972033758067,0.06400794307463181,0.038821777262948866,-0.27360178849976247,-0.5833320125358132,-0.0003229937319891217,-0.914891115650074
30,200,0.0025,0,0.0,2.5,1,-0.8752938799300021,-0.4061700437567738,-0.9021875654857181,-1.155926142138965,2437,1574,863,0.04640079430746318,0.19367863643885488,0.12003971537315902,0.07363892106569585,-0.16079087261185543,-0.4972666038393483,-9.065993513117265e-05,-0.9150601336065811
48,120,0.0,0,0.0,2.5,1,-0.8766418362565387,-0.40778348156062727,-0.8971067974761722,-1.1817422892896257,2326,1505,821,0.04474598709250372,0.18633129240443488,0.1155386397484693,0.07079265265596558,-0.3224188254482535,-0.4173371076431043,-0.00010737125547431033,-0.9154239947631946
48,60,0.005,0,0.2,2.5,1,-0.8680027495086741,-0.3976625883280144,-0.885381987852345,-1.5118920952363255,1627,1060,567,0.02823101108720834,0.10726460367367202,0.06774780738044017,0.03951679629323184,-0.257154517118361,-0.5990840696659067,-0.00030904282596748206,-0.9159481870160031
20,120,0.005,0,0.0,999.0,1,-0.8767742928192418,-0.40794273759641186,-0.8955947231936291,-1.2104037407088006,2109,1407,702,0.047890120800926694,0.17021347013072977,0.10905179546582823,0.061161674664901536,-0.1729120690578414,-0.5722128884864042,-0.0001408935295355418,-0.9162602862286665
30,120,0.0,0,0.2,1.5,1,-0.8660539837062738,-0.3954485754650974,-0.8868950771606214,-1.5500153694651007,1695,1086,609,0.02670858844944564,0.10997848750620552,0.06834353797782558,0.04163494952837994,-0.21552176285824887,-0.6014291599424173,-0.0002901101690372563,-0.9163968825186631
20,96,0.005,0,-0.2,999.0,1,-0.8811106938185123,-0.41322885464191106,-0.9044344810364321,-1.0298446628466946,2176,1444,732,0.06655634618566937,0.23064702962104916,0.14860168790335926,0.08204534171768989,-0.41405506340051,-0.39755618408739735,-9.106733142263164e-05,-0.9169383283024618
48,120,0.0025,0,0.0,2.5,1,-0.8769973518480021,-0.4082112176428041,-0.8976047238524786,-1.1985697620883013,2221,1448,773,0.044216448783716694,0.17825583319543273,0.11123614098957471,0.06701969220585802,-0.34287909644616976,-0.4315741599834463,-0.00012361024350614357,-0.9169420676734585
30,200,0.01,0,-0.2,999.0,1,-0.8840925162778472,-0.41694820063334725,-0.9039653092503201,-0.9623810479500047,2291,1551,740,0.07704782392851232,0.2457719675657786,0.16140989574714545,0.08436207181863313,-0.3683402200898197,-0.42291870912948193,-7.476044729400798e-05,-0.9170499076560076
12,200,0.0,0,0.2,1.5,1,-0.8682197150830115,-0.3979105979122124,-0.888941638016578,-1.495312710349231,1852,1177,675,0.027933145788515638,0.11927850405427767,0.07360582492139665,0.04567267913288102,-0.24214704596198378,-0.5609411279693821,-0.0002460961868090492,-0.9171470524379629
48,60,0.0,0,-0.2,999.0,1,-0.88249262081042,-0.41494378670383936,-0.9046922076015002,-0.9999247984089386,2338,1515,823,0.06354459705444315,0.24650008274036075,0.15502233989740194,0.0914777428429588,-0.4224273467418773,-0.3449480675533233,-7.319107953723912e-05,-0.9172861304250363
48,200,0.01,0,0.2,999.0,1,-0.8746384833144677,-0.4053902859896097,-0.889420701394645,-1.3441644865179807,1878,1264,614,0.03819295052126427,0.12464007943074631,0.0814165149760053,0.04322356445474102,-0.21614811363085018,-0.5908950511341642,-0.00023179684528349672,-0.9173088610128312
20,120,0.0,0,-0.2,999.0,1,-0.8835684265057411,-0.4162893278980836,-0.9060604405324956,-0.9677940601659842,2480,1620,860,0.06996524904848585,0.2627171934469634,0.16634122124772463,0.09637597219923878,-0.36734509825749095,-0.36384386005829294,-5.809523066717934e-05,-0.9177092511726307
12,60,0.01,0,0.2,999.0,1,-0.870132226506308,-0.4001101066471485,-0.8801918485342793,-1.5598259322840533,1390,954,436,0.029554856859175905,0.0908489161012742,0.06020188648022506,0.03064702962104915,-0.30593943819739433,-0.625014757735356,-0.00041662224378905053,-0.9181973275284909
30,60,0.0025,0,0.2,1.5,1,-0.8657288142704703,-0.3950815017437733,-0.8816326011242981,-1.6508015214410567,1419,907,512,0.022141320536157538,0.0911798775442661,0.05666059904021181,0.03451927850405428,-0.2869527372605145,-0.6171104613527815,-0.0004063714957035745,-0.9184378783779752
12,200,0.01,0,-0.2,999.0,1,-0.8844637720148005,-0.4174162868360286,-0.9028360066380382,-0.993879669003736,2219,1504,715,0.07483038226046665,0.2368691047492967,0.15584974350488168,0.08101936124441503,-0.43358125427460714,-0.3811992991050438,-8.553107291255255e-05,-0.9185282736052345
12,120,0.0,0,-0.2,999.0,1,-0.8831499647102183,-0.4157648425237267,-0.9061003549053745,-0.9967910461550943,2449,1594,855,0.06778090352473937,0.2569584643389045,0.16236968393182194,0.09458878040708257,-0.3508940619847254,-0.38731132672570723,-6.331893112508348e-05,-0.9186545722841687
20,96,0.0,0,0.2,1.5,1,-0.8660480609605118,-0.39544188349067066,-0.8876767326831468,-1.591563424961526,1587,1010,577,0.024193281482707264,0.10249875889458879,0.06334602018864802,0.03915273870594076,-0.2651005607724015,-0.5968933692467895,-0.00033141189470544205,-0.9188584210803203
12,200,0.0,0,0.0,2.5,1,-0.8776049115970296,-0.4089443490688801,-0.9042002359271392,-1.18103856208531,2440,1569,871,0.0454410061227867,0.1936455402945557,0.11954327320867118,0.0741022670858845,-0.23324601719167015,-0.4591464038367733,-9.451137065009027e-05,-0.9200963951367153
12,96,0.005,0,0.2,2.5,1,-0.869168518785853,-0.39899876914331656,-0.8882456939873197,-1.5473031409887898,1621,1064,557,0.02929008770478239,0.1058083733245077,0.06754923051464505,0.03825914280986265,-0.1962707840484429,-0.6338270922800491,-0.0003189430299134054,-0.9204867731864158
20,200,0.0025,0,0.0,1.5,1,-0.8748589761333856,-0.4056522753539986,-0.900455544279493,-1.2937418401143266,2136,1376,760,0.03868939268575211,0.16352804898229356,0.10110872083402284,0.062419328148270725,-0.26245459924481285,-0.5061973153279344,-0.00014766194994385353,-0.9205671394994615
20,200,0.0,0,0.0,2.5,1,-0.8765186755054097,-0.40763551709804924,-0.910302143319845,-1.157533978091347,2493,1601,892,0.04640079430746318,0.19738540460036405,0.12189309945391362,0.07549230514645044,-0.1335572130524577,-0.5041562511354368,-8.557729681103979e-05,-0.9206632876625391
30,96,0.0,0,-0.2,999.0,1,-0.8855096555384494,-0.41874104719855554,-0.9078158374422335,-0.9842565875671943,2426,1577,849,0.06811186496773126,0.2572894257818964,0.16270064537481382,0.09458878040708257,-0.37934285158939685,-0.3793481552902441,-6.548391989791404e-05,-0.921861795298032
30,96,0.0,0,0.2,2.5,1,-0.87199837651083,-0.4022798292922499,-0.8936619479794499,-1.4568044448011834,1846,1182,664,0.029687241436372663,0.12308456064868444,0.07638590104252854,0.046698659606155886,-0.2133333315244209,-0.5903822361231496,-0.00024302649206616874,-0.921951025522034
12,120,0.005,0,0.0,999.0,1,-0.8795344372144921,-0.41129091252779104,-0.8973549373345975,-1.2601480016720163,2074,1385,689,0.04676485189475426,0.16571239450604006,0.10623862320039715,0.059473771305642895,-0.19264448029897174,-0.5790077498208112,-0.00015527260916314956,-0.9229757812786906
48,200,0.005,0,0.2,999.0,1,-0.8769893189114432,-0.4082015426443102,-0.9064195294400591,-1.2473602780765403,2153,1412,741,0.038656296541452924,0.14370345854707928,0.0911798775442661,0.05252358100281317,-0.027838641033247957,-0.6287878394222141,-0.0001659790772455272,-0.9237793212681666
20,60,0.0025,0,0.2,2.5,1,-0.8721315404846535,-0.40243555974071266,-0.8873268761134918,-1.5652718433142025,1592,1025,567,0.025417838821777262,0.10451762369683931,0.06496773125930828,0.03954989243753103,-0.27888402040826576,-0.6068636740372207,-0.0003346522202892827,-0.9243625899631687
48,96,0.0,0,0.2,1.5,1,-0.8704222215948076,-0.4004457357011936,-0.889924612885426,-1.5872103142215834,1685,1080,605,0.026510011583650506,0.10918418004302499,0.06784709581333774,0.041337084229687245,-0.23346475737373862,-0.6073704271647964,-0.0003043279181820629,-0.9247685578549857
20,200,0.0,0,0.2,1.5,1,-0.8714322530547525,-0.4016191209266753,-0.896724894249739,-1.4983270279981389,1893,1200,693,0.028429587953003474,0.12169452258811848,0.07506205527056098,0.046632467317557505,-0.20682937733361006,-0.582238956667405,-0.00024125668519328264,-0.9248979194514517
20,60,0.01,0,0.2,999.0,1,-0.874137423639443,-0.40479620927267346,-0.883855155389101,-1.563983697614002,1420,971,449,0.030580837332450768,0.0935958960781069,0.062088366705278834,0.031507529372828066,-0.29599527749637133,-0.6362967012695118,-0.0004084616329083502,-0.924922971847924
48,120,0.01,0,0.0,999.0,1,-0.8829730979346195,-0.41554358717304285,-0.89739762831804,-1.2177955214652734,1988,1353,635,0.050140658613271556,0.16094654972695682,0.10554360417011419,0.05540294555684263,-0.3268251989166062,-0.5301550849254292,-0.00016987651160056276,-0.9251321774053265
12,96,0.0025,0,0.2,1.5,1,-0.8688757194664469,-0.3986623318674356,-0.887717050669315,-1.661397926794183,1488,956,532,0.023134204865133214,0.09495283799437365,0.059043521429753436,0.03590931656462022,-0.3077770457079654,-0.601312130488129,-0.00038580020386601017,-0.9255907535418023
30,60,0.0025,0,0.2,2.5,1,-0.8745655056613315,-0.40530365009871305,-0.8894159315909786,-1.5685800787347786,1620,1038,582,0.026377627006453748,0.10693364223068012,0.06665563461856694,0.04027800761211319,-0.22915158996462082,-0.6341403566050242,-0.00032784196306953845,-0.9284406198309413
12,120,0.005,0,0.2,2.5,1,-0.8736368331089079,-0.40420445663098326,-0.8946572231408599,-1.541772629827396,1700,1119,581,0.030680125765348336,0.11156710243256661,0.07112361409895747,0.04044348833360913,-0.2277315217954058,-0.6170916641127656,-0.0002988013874973624,-0.9286216996927831
20,96,0.0,0,-0.2,999.0,1,-0.8889417197415561,-0.4231529899872625,-0.908695053244304,-1.0301773752052996,2372,1536,836,0.06533178884659938,0.2506701969220586,0.15800099288432898,0.0926692040377296,-0.44852940954860177,-0.34047592399159354,-7.69827936988228e-05,-0.9290093853696795
48,96,0.005,0,0.2,2.5,1,-0.875495212728588,-0.4064101960715941,-0.8950707643174062,-1.5057882155940168,1764,1160,604,0.03203706768161509,0.11663081251034255,0.07433394009597882,0.04229687241436373,-0.23300625299489086,-0.607772757981758,-0.00027782264662414393,-0.929234989009998
20,200,0.01,0,0.0,999.0,1,-0.8855034069951183,-0.4187331056421021,-0.8996943849440547,-1.2144302344254798,2090,1415,675,0.05179546582823101,0.16809531689558166,0.10994539136190634,0.058149925533675324,-0.2228906937967916,-0.5809540140644622,-0.0001555151930498109,-0.9293018098354036
30,96,0.005,0,0.0,999.0,1,-0.8839918744495259,-0.41682150320051925,-0.9011529847909631,-1.25917058186993,2061,1372,689,0.04636769816316399,0.1667052788350157,0.10653648849908985,0.06016879033592586,-0.19200346596036366,-0.5975320535919084,-0.00016116631753629624,-0.9303565246894973
12,96,0.0,0,0.2,2.5,1,-0.8758302067895052,-0.4068104272183861,-0.894805560292493,-1.5300328296014112,1771,1131,640,0.028363395664405096,0.11666390865464174,0.07251365215952342,0.04415025649511832,-0.22305605500805192,-0.6124834909224723,-0.00027898674423760915,-0.9307148488447032
48,200,0.0,0,0.0,999.0,1,-0.8884442047918888,-0.42250715314449583,-0.9088642200998844,-1.0768876432734407,2742,1761,981,0.05255667714711236,0.22121462849578025,0.1368856528214463,0.08432897567433394,-0.10569064264633155,-0.5086920420414923,-6.323647257109467e-05,-0.9307836453581101
20,96,0.005,0,0.0,999.0,1,-0.884753963024411,-0.4177829508728911,-0.9005023689146725,-1.2911560876139565,2031,1350,681,0.04487837166970048,0.16210491477742842,0.10349164322356445,0.05861327155386398,-0.2564902358461927,-0.5719685667349927,-0.0001721738839333755,-0.9325919397109251
30,200,0.0025,0,0.2,1.5,1,-0.876617810755266,-0.4077546088000855,-0.8986700145937196,-1.5335559717642115,1865,1189,676,0.028098626510011583,0.119510177064372,0.07380440178719179,0.045705775277180206,-0.2297762586939135,-0.5928856095791802,-0.0002610430231604601,-0.9337674146851559
12,120,0.0,0,0.2,2.5,1,-0.8777053422685344,-0.4090657995667252,-0.8988847719006605,-1.5098688756271719,1854,1188,666,0.029654145292073473,0.12265431077279497,0.07615422803243423,0.04650008274036075,-0.24837391696289524,-0.5887581451524937,-0.00025619037742802595,-0.934001629298414
30,120,0.0025,0,0.0,2.5,1,-0.8843823272524378,-0.41731350330643624,-0.9052134822008957,-1.2898758803539245,2130,1393,737,0.04229687241436373,0.17024656627502896,0.10627171934469634,0.06397484693033262,-0.3125054449402458,-0.5120287300036799,-0.00015381359169196394,-0.9344140384245803
12,96,0.0025,0,-0.2,999.0,1,-0.8906522427068,-0.4253901456374878,-0.9108491458371467,-1.0765038530311521,2253,1482,771,0.0646367698163164,0.23508191295714048,0.14985934138672843,0.08522257157041205,-0.35674821960304226,-0.4754535332422942,-9.548761044067338e-05,-0.9346399112076187
20,120,0.0025,0,0.2,2.5,1,-0.8786018494995572,-0.4101532693147708,-0.8984059867309895,-1.508318590562216,1810,1171,639,0.029985106735065364,0.12007281151745822,0.07502895912626178,0.045043852391196425,-0.2765844632167326,-0.5850850948197373,-0.000269303875045559,-0.9347721922083764
48,96,0.0025,0,0.2,1.5,1,-0.8752290374020533,-0.40609276064861854,-0.8938976317756194,-1.6364832817590909,1613,1039,574,0.02551712725467483,0.10415356610954823,0.06483534668211154,0.039318219427436706,-0.2675883736706981,-0.6183156181294274,-0.00034352914095965223,-0.9348657406243829
12,96,0.0,0,0.0,999.0,1,-0.8820170123736859,-0.4143518720132664,-0.9158823036961248,-1.255561310782861,2179,1421,758,0.04381929505212643,0.17302664239616083,0.10842296872414364,0.0646036736720172,-0.15922184948114992,-0.5827271378322143,-0.00014135049663183415,-0.9350710894004718
30,60,0.01,0,0.2,999.0,1,-0.8795626176662815,-0.4113253918558818,-0.8888055001848947,-1.5881497493714212,1453,988,465,0.031606817805725634,0.0960119146119477,0.06380936620883668,0.032202548403111035,-0.26637501987273526,-0.6604677408949033,-0.0004067282307770094,-0.9351356294169002
48,96,0.0,0,0.0,2.5,1,-0.8854660780003198,-0.4186856693005858,-0.9058210968574671,-1.27828424672375,2226,1445,781,0.0429918914446467,0.17762700645374813,0.11030944894919742,0.06731755750455072,-0.3016720070225437,-0.5006956815294734,-0.00013903267476144066,-0.9355104300655069
30,200,0.005,0,0.2,2.5,1,-0.8813680829763091,-0.41354713062166204,-0.8997435676630828,-1.4435381757633214,2005,1307,698,0.03451927850405428,0.1320205196094655,0.08326989905675988,0.04875062055270561,-0.12560134567426506,-0.6301878570703086,-0.00022100002674885948,-0.9355958232413695
48,60,0.0,0,0.2,2.5,1,-0.8797269639543636,-0.41152659329482943,-0.8959252867953538,-1.531883828454147,1773,1128,645,0.02753599205692537,0.11788846599371174,0.07271222902531856,0.04517623696839318,-0.32209429841520754,-0.569376894899208,-0.0002831766872917894,-0.9360834281152137
20,96,0.0025,0,0.2,1.5,1,-0.8744354884224605,-0.4051493928799338,-0.8948523017546837,-1.6703015389083817,1521,973,548,0.023332781730928346,0.09773291411550554,0.06053284792321695,0.0372000661922886,-0.32735162142173646,-0.6005684521676347,-0.0003820486124082518,-0.9360906207026947
30,120,0.0025,0,0.2,1.5,1,-0.8763087087505713,-0.40738351939246653,-0.8949231962614874,-1.6408953725611104,1625,1046,579,0.025748800264769153,0.10498096971702797,0.06536488499089856,0.0396160847261294,-0.288130974538387,-0.6083559447522235,-0.0003414782909281213,-0.9368898861512658
48,60,0.005,0,0.0,999.0,1,-0.8870338198298146,-0.4206879582996589,-0.9022091168311082,-1.3055311375073957,1981,1311,670,0.04289260301174913,0.1591924540790998,0.10104252854542446,0.058149925533675324,-0.30644676329655807,-0.5613229610856981,-0.00018471162976735263,-0.9370690735905828
12,120,0.0025,0,0.2,1.5,1,-0.8755025721509548,-0.40641897999753296,-0.8952965822974724,-1.6703642258871771,1563,1006,557,0.024127089194108886,0.10011583650504716,0.06212146284957802,0.037994373655469135,-0.34464296781725445,-0.5848849957376889,-0.0003683631040054106,-0.937585482440628
48,120,0.01,0,-0.2,999.0,1,-0.8939839595910157,-0.4298240572574349,-0.9128810327673648,-1.0397764299032042,2140,1459,681,0.07403607479728612,0.23071322190964752,0.1523746483534668,0.07833857355618071,-0.5156720828110317,-0.3616727497297114,-0.00010550214902895367,-0.9382533951362775
20,120,0.0025,0,-0.2,999.0,1,-0.8933941012326123,-0.42903152627379304,-0.9156056360942184,-1.032985475923443,2376,1567,809,0.06870759556511666,0.25206023498262453,0.16038391527387058,0.09167631970875394,-0.4452325935602591,-0.36941857831900815,-8.009232511801331e-05,-0.9384836181170744
20,96,0.005,0,0.2,2.5,1,-0.8796767533757687,-0.41146510098891265,-0.8979062663745273,-1.5885021492309288,1663,1089,574,0.029521760714876718,0.1091510838987258,0.06933642230680126,0.03981466159192454,-0.2702112315173497,-0.6212448582320126,-0.0003262827722046434,-0.9398433416377228
48,96,0.01,0,-0.2,999.0,1,-0.8940013801282045,-0.429847513612984,-0.913443711880271,-1.0747283154446545,2067,1420,647,0.07238126758232666,0.22204203210325996,0.1472116498427933,0.07483038226046665,-0.5142274384753269,-0.38648833358737866,-0.00011792666095852612,-0.9403057853253523
48,200,0.0025,0,0.0,999.0,1,-0.8925087517784682,-0.4278481222169933,-0.9145612877694613,-1.1128571155519191,2618,1696,922,0.05215952341552209,0.21181532351481053,0.13198742346516631,0.07982790004964421,-0.1663858304920488,-0.5226636987190049,-8.259816029051878e-05,-0.94077162187932
20,120,0.01,0,0.2,999.0,1,-0.8832591848479817,-0.41590159925307335,-0.8976883272169482,-1.52820279782552,1623,1106,517,0.03465166308125103,0.1079265265596558,0.07128909482045341,0.036637431739202385,-0.3155669846650586,-0.6159304471751434,-0.0003393217115555179,-0.9411559027528235
12,120,0.0025,0,-0.2,999.0,1,-0.8944903610109832,-0.4305070973603634,-0.9160001780189801,-1.0734963211122148,2346,1542,804,0.06658944232996857,0.2460367367201721,0.15631308952507034,0.08972364719510177,-0.43008024121739874,-0.4015425886515531,-8.805884140111433e-05,-0.9421820024254642
30,96,0.0025,0,0.2,2.5,1,-0.8821031134341345,-0.4144588956327857,-0.9014647590002516,-1.5419638171745311,1765,1140,625,0.029190799271884827,0.11742511997352309,0.07330795962270395,0.044117160350819126,-0.2657921915550422,-0.6118102482359682,-0.0002906355771830048,-0.9422894659916381
30,200,0.005,0,-0.2,999.0,1,-0.8972985984472313,-0.43434014306578483,-0.9168878489021355,-0.9953221535380867,2604,1716,888,0.07833857355618071,0.27890120800926693,0.1786198907827238,0.10028131722654311,-0.2636484096479318,-0.487039449566522,-5.912478165134627e-05,-0.942550175193757
20,120,0.0,0,0.0,999.0,1,-0.8916090842370006,-0.42665304152187655,-0.9074052463038594,-1.2540759261033576,2301,1503,798,0.04693033261625021,0.18560317722985273,0.11626675492305147,0.06933642230680126,-0.25035403863954686,-0.5429986984581565,-0.0001320397647059663,-0.9430594609789741
30,96,0.0025,0,-0.2,999.0,1,-0.8956190521440969,-0.4320383789122826,-0.9168987675238023,-1.0521015112651328,2324,1527,797,0.06728446136025153,0.24699652490484858,0.15714049313255005,0.08985603177229853,-0.450002808343157,-0.39321175770680705,-8.856855954135675e-05,-0.9430928382374404
12,120,0.0,0,0.0,999.0,1,-0.8908832039943098,-0.4256942211406508,-0.9079298217778261,-1.2815761173281073,2269,1481,788,0.0454410061227867,0.18146615919245407,0.11345358265762039,0.0680125765348337,-0.25674496249960344,-0.543349380121791,-0.00013897376452066468,-0.9437379378959693
30,200,0.005,0,0.0,999.0,1,-0.8939515114440421,-0.42978037427065696,-0.9074852543807558,-1.214329102545454,2419,1593,826,0.052689061724309115,0.1951348667880192,0.12391196425616416,0.07122290253185504,-0.1882498897247813,-0.5619812854680328,-0.0001155871633575537,-0.9442394565883077
48,96,0.01,0,0.0,999.0,1,-0.8915940025632012,-0.4266330711361028,-0.9063610369696025,-1.314299855655374,1915,1312,603,0.048916101274201554,0.15482376303160683,0.10186993215290419,0.05295383087870263,-0.33520568689721597,-0.575080194159574,-0.00020428190322024448,-0.9455285824036728
48,120,0.0,0,0.2,2.5,1,-0.8868938805133705,-0.42050838687131553,-0.9040962264709779,-1.4742833948811753,2013,1290,723,0.03259970213470131,0.13420486513321198,0.08340228363395664,0.05080258149925534,-0.3402111874402248,-0.5308541628283309,-0.00022779346021411335,-0.9462706698508633
48,96,0.0025,0,0.0,2.5,1,-0.8903672500883694,-0.42501559727534166,-0.9100281864720778,-1.325194814168269,2123,1390,733,0.042363064702962104,0.16971702796624194,0.10604004633460203,0.06367698163163991,-0.34094085426037546,-0.5190113831679382,-0.00016522724636728125,-0.946289431219794
48,60,0.0025,0,-0.2,999.0,1,-0.8971014913674723,-0.4340685592040071,-0.9174777375372499,-1.092920578990299,2238,1467,771,0.06261790501406586,0.2363064702962105,0.1494621876551382,0.08684428264107232,-0.4987503601128097,-0.3712875415228425,-0.00010310139367288627,-0.9474534569221471
20,200,0.0025,0,0.0,2.5,1,-0.8929848691618115,-0.42848361335333385,-0.9107430243543734,-1.2724270228185728,2383,1542,841,0.045871255998676155,0.18858183021677974,0.11722654310772795,0.0713552871090518,-0.24155456245992757,-0.5353647793705549,-0.00012573519631854817,-0.9474764766714491
20,200,0.01,0,-0.2,999.0,1,-0.8992486855430373,-0.43704835338531056,-0.9164171780365088,-1.0522606240598986,2251,1526,725,0.07655138176402448,0.2415025649511832,0.15902697335760385,0.08247559159357935,-0.42073394378290796,-0.4638413460944514,-9.885937218227169e-05,-0.9478699736065599
12,200,0.0025,0,0.0,2.5,1,-0.8934173620261684,-0.429062717027892,-0.9096301407632281,-1.294881416646574,2332,1509,823,0.0448121793811021,0.18494125434386893,0.11487671686248552,0.07006453748138342,-0.3317702463308514,-0.487994459207148,-0.00013482691948183057,-0.9486218582418348
30,120,0.005,0,0.2,2.5,1,-0.8855151036648082,-0.41874797173402134,-0.9036138057663065,-1.5706814420329354,1773,1166,607,0.032268740691709416,0.11732583154062552,0.07479728611616747,0.04252854542445805,-0.28486239712255434,-0.6114410457495645,-0.0002983790691010659,-0.9490889467188213
48,120,0.0025,0,0.2,2.5,1,-0.8884827916809858,-0.42255716644174324,-0.9053450474301701,-1.499203366834509,1925,1244,681,0.03213635611451266,0.12818136687075957,0.08015886149263611,0.04802250537812345,-0.3493889358879584,-0.5511167291963178,-0.0002544694661678822,-0.9501898584985538
12,200,0.0025,0,0.2,1.5,1,-0.8853804040616073,-0.4185768417558069,-0.902166119582649,-1.6349327794666353,1777,1137,640,0.027171934469634288,0.11388383253350985,0.07052788350157206,0.04335594903193778,-0.3489901796765462,-0.5718080677650403,-0.0003107045859004205,-0.9514065405204631
30,120,0.01,0,0.0,999.0,1,-0.8944734123574667,-0.43048419711342467,-0.9089413181263271,-1.3351783804722803,1917,1312,605,0.048982293562799935,0.15495614760880358,0.10196922058580175,0.05298692702300182,-0.3493881314159144,-0.5769270324754793,-0.00020982595655560685,-0.9517137752002022
12,200,0.005,0,-0.2,999.0,1,-0.901436793296174,-0.4401343124458095,-0.9192344661573935,-1.050107592538884,2506,1652,854,0.07572397815654476,0.26682111534006286,0.17127254674830383,0.09554856859175906,-0.3468505701941186,-0.4715433753898758,-7.536422351855596e-05,-0.9522569251514504
30,96,0.01,0,0.2,999.0,1,-0.888596466221585,-0.42270457790240024,-0.9024932611564993,-1.573125463321771,1594,1083,511,0.03398974019526725,0.10613933476749958,0.07006453748138342,0.036074797286116164,-0.3184256187425186,-0.6372520446151315,-0.000364697018227892,-0.9526074816467385
48,120,0.005,0,0.0,999.0,1,-0.8969991699242468,-0.4339277294170413,-0.9107137316562756,-1.2694265705554182,2223,1475,748,0.050570908489161015,0.18037398643058083,0.11547244745987092,0.06490153897070991,-0.33151128213165393,-0.5316336568484255,-0.0001510771078378542,-0.95275592377295
30,200,0.0,0,0.2,2.5,1,-0.891276483734682,-0.4262131115476937,-0.9083502151727431,-1.4601386258757107,2198,1400,798,0.033857355618070496,0.14552374648353467,0.08969055105080258,0.05583319543273209,-0.1768852924257519,-0.6034735831371996,-0.00019529044569298128,-0.9533951504278508
30,120,0.01,0,-0.2,999.0,1,-0.9003507419897581,-0.4385962698475506,-0.91879924517443,-1.1150625734353137,2067,1417,650,0.07205030613933477,0.22157868608307132,0.14681449611120304,0.07476418997186828,-0.5428863161793351,-0.3870776720958993,-0.00012770847571370763,-0.9537490211065314
20,96,0.0,0,0.0,999.0,1,-0.8967592755669921,-0.4335979623103964,-0.9101309502784577,-1.3212217726611615,2215,1438,777,0.043587622042032106,0.17703127585636275,0.11030944894919742,0.06672182690716531,-0.33680107291098016,-0.5286878317518976,-0.00015799838549002444,-0.9547245260826832
20,200,0.0025,0,0.2,1.5,1,-0.8867962102675249,-0.42038315417140715,-0.9071083664076287,-1.6262934546761307,1815,1158,657,0.027602184345523747,0.1161674664901539,0.07188482541783882,0.044282641072315075,-0.2989623852731139,-0.5997416039055289,-0.0003015793527922794,-0.955252010109028
20,96,0.0025,0,-0.2,999.0,1,-0.9013744402315373,-0.44004566651436283,-0.9204413692060976,-1.1155025373463539,2273,1488,785,0.06447128909482046,0.24034419990071157,0.152407744497766,0.08793645540294556,-0.5168789207907383,-0.36374294909756666,-0.00010462623355092657,-0.9560414779847293
48,120,0.005,0,-0.2,999.0,1,-0.9028482657497185,-0.4421523110641572,-0.9227961107098956,-1.0574974866733005,2392,1588,804,0.07496276683766341,0.2573225219261956,0.1661426443819295,0.0911798775442661,-0.4344529249399518,-0.43176511197157563,-8.726773672432237e-05,-0.95642524075277
48,96,0.005,0,-0.2,999.0,1,-0.902100258600894,-0.44108015942304435,-0.9223072675268135,-1.08930786046062,2299,1538,761,0.07241436372662585,0.24636769816316398,0.15939103094489493,0.08697666721826908,-0.43170481696609997,-0.4560563343557137,-9.908713364770614e-05,-0.956699186209482
20,200,0.005,0,0.2,2.5,1,-0.8912482584671306,-0.4261758245106172,-0.9081715943000541,-1.5287721112331136,1960,1278,682,0.034122124772464006,0.12877709746814497,0.08144961112030448,0.047327486347840474,-0.18625595046052035,-0.6438250069775406,-0.00025592032625392674,-0.9567002272223
12,60,0.005,0,0.2,999.0,1,-0.8901375374581713,-0.4247142309227938,-0.899728925107933,-1.6544944273922388,1573,1039,534,0.028892933973192123,0.10302829720337581,0.06596061558828396,0.037067681615091844,-0.2983651107298896,-0.6561284988183118,-0.0003886351871281372,-0.9573034148463723
30,96,0.0,0,0.0,999.0,1,-0.8984323761810791,-0.43590995213348604,-0.9134983098814782,-1.3057491008464646,2248,1466,782,0.0454410061227867,0.1816647360582492,0.11355287109051795,0.06811186496773126,-0.27785282406582956,-0.567088971085566,-0.00015215678640858533,-0.9579465621165484
48,120,0.01,0,0.2,999.0,1,-0.893571693688062,-0.42926979206783855,-0.9053969753719461,-1.5209672623172907,1718,1165,553,0.036207181863312926,0.1143140824093993,0.07526063213635611,0.03905345027304319,-0.3811656720428772,-0.5938981108231552,-0.00032763870940777476,-0.9580166428696761
12,96,0.0025,0,0.0,999.0,1,-0.8961307014202589,-0.4327366186145951,-0.9143638043237169,-1.3649480288315003,2080,1367,713,0.04292569915604832,0.16511666390865465,0.10402118153235149,0.06109548237630316,-0.2731903613558544,-0.5955677904026059,-0.00018507364389533935,-0.9581659222180285
12,200,0.005,0,0.2,2.5,1,-0.8916585132227551,-0.42671850747681817,-0.9078817431787419,-1.5562241435587623,1921,1256,665,0.03359258646367698,0.1262617905014066,0.07992718848254178,0.0463346020188648,-0.26072304064857443,-0.6169708825910001,-0.00026873694996284515,-0.9584705862441273
20,96,0.0,0,0.2,2.5,1,-0.8904077813413136,-0.4250688204663504,-0.9066483250108909,-1.6062456447947797,1808,1154,654,0.028528876385901042,0.11967565778586794,0.0741022670858845,0.04557339069998345,-0.33276088576263196,-0.594305969952354,-0.00029977213925167856,-0.9587052652115348
30,200,0.0,0,-0.2,999.0,1,-0.9070938235224245,-0.4483577830081008,-0.9235949464200646,-1.013368241630466,2864,1841,1023,0.07767665067019693,0.30471620056263443,0.1911964256164157,0.11351977494621876,-0.2726061742988447,-0.46501672600030863,-4.837545848978438e-05,-0.9608236682996564
12,96,0.0025,0,0.2,2.5,1,-0.8910982600799782,-0.42597779052002316,-0.9067407728113461,-1.6610193774614799,1690,1089,601,0.027602184345523747,0.1110044679794804,0.06930332616250207,0.04170114181697832,-0.3245838872816049,-0.6245656425378454,-0.000345892183498476,-0.9623991457987702
48,60,0.0025,0,0.2,2.5,1,-0.8925254485553895,-0.42787037227186664,-0.9064381900816152,-1.643064621307359,1695,1087,608,0.026907165315240775,0.11229521760714876,0.06960119146119477,0.042694026145953995,-0.37492596574425363,-0.5986430359871646,-0.0003432389668947511,-0.9632426983780422
20,60,0.005,0,0.2,999.0,1,-0.8933703979335291,-0.4289997474052263,-0.9026530213369334,-1.6590569874839698,1599,1053,546,0.02972033758067185,0.10564289260301175,0.0676816150918418,0.03796127751116995,-0.2958355767397136,-0.6630938172631535,-0.0003829465798192755,-0.9632791074478915
20,120,0.0025,0,0.0,999.0,1,-0.9006327974686684,-0.43899449801716484,-0.9155948046419022,-1.3306449472150563,2201,1446,755,0.04593744828727453,0.17766010259804732,0.11179877544266092,0.0658613271553864,-0.32906316920949197,-0.5547314381605388,-0.0001647501080408477,-0.9633241476988688
30,120,0.005,0,-0.2,999.0,1,-0.9054804583907811,-0.44597506372958107,-0.925147201469036,-1.112497655722305,2309,1541,768,0.07205030613933477,0.2465993711732583,0.15932483865629654,0.08727453251696178,-0.4442356951324311,-0.46030384212501596,-0.000103250776086049,-0.9641735472502142
48,60,0.0,0,0.0,999.0,1,-0.9011101195649263,-0.4396703537187403,-0.9144350448888854,-1.3514376197380717,2166,1403,763,0.0420651994042694,0.17398643058083732,0.10802581499255337,0.06596061558828396,-0.3786582635408917,-0.5298029789233315,-0.000173687313542563,-0.9644597571500866
30,120,0.0,0,0.2,2.5,1,-0.8943848712733307,-0.43036460924804154,-0.9113902050021709,-1.5831220582396794,1928,1239,689,0.0314082409399305,0.12851232831375145,0.07996028462684097,0.048552043686910476,-0.3147723870143283,-0.5957445742994164,-0.0002700860721499065,-0.965215814661111
20,200,0.0,0,0.2,2.5,1,-0.8962405541351761,-0.43288686897185014,-0.9140152497226168,-1.5138198694179381,2141,1363,778,0.033195432732086715,0.14168459374482872,0.08744001323845772,0.05424458050637101,-0.22276579246408645,-0.610502883453361,-0.00021934713759334714,-0.9655854873040555
12,120,0.0025,0,0.2,2.5,1,-0.8931033439903674,-0.42864207523871833,-0.9106584739530689,-1.640782900467311,1769,1144,625,0.028926030117491314,0.11676319708753931,0.0728446136025153,0.043918583485024,-0.3477671538023732,-0.6029995597867808,-0.0003207220528080358,-0.9660104572386183
12,200,0.005,0,0.0,999.0,1,-0.9035644771721405,-0.44318470357732875,-0.9148562708207301,-1.315410580510121,2325,1536,789,0.051332119808042365,0.1868277345689227,0.11907992718848254,0.06774780738044017,-0.2890025099640766,-0.5661270587722842,-0.0001486910544894926,-0.9663833680131998
48,96,0.0,0,0.2,2.5,1,-0.896013075819197,-0.4325758689496727,-0.9122307641645298,-1.6023466718440316,1921,1235,686,0.03137514479563131,0.12788350157206685,0.07962932318384908,0.04825417838821777,-0.3292318437594577,-0.5948177002162018,-0.0002767652332173517,-0.9688085846241392
12,96,0.01,0,0.2,999.0,1,-0.8953625833082048,-0.4316893449377265,-0.9061594767901751,-1.6809747148360248,1516,1034,482,0.03279827900049644,0.0997186827734569,0.06625848088697667,0.033460201886480224,-0.34400367307123847,-0.6595423124382489,-0.0004261320503820695,-0.9688178190746153
48,96,0.005,0,0.0,999.0,1,-0.9038340615063465,-0.44357478859718136,-0.9178200393880652,-1.3619200696481528,2131,1421,710,0.048651332119808044,0.1726294886645706,0.1106404103921893,0.061989078272381266,-0.3250004406600737,-0.586405952971515,-0.0001831770579964683,-0.9705808117736217
12,120,0.0025,0,0.0,999.0,1,-0.9034386494805587,-0.44300291232197975,-0.9175133876999926,-1.3857720724980562,2167,1424,743,0.044613602515306966,0.17322521926195597,0.10891941088863147,0.0643058083733245,-0.3559904002891693,-0.5568132782887538,-0.00018011037500785082,-0.9710482097968789
12,60,0.0,0,0.2,999.0,1,-0.8981378319275484,-0.43550087321717135,-0.9081236172327536,-1.6520043483367612,1733,1109,624,0.02783385735561807,0.11441337084229687,0.07112361409895747,0.0432897567433394,-0.3554070946593407,-0.6240434345673691,-0.0003446621579312992,-0.9721628992503862
48,96,0.01,0,0.2,999.0,1,-0.8985785348970665,-0.4361132754496906,-0.9102588268730452,-1.620047966887364,1654,1124,530,0.03501572066854212,0.10994539136190634,0.07248055601522423,0.03746483534668211,-0.3773948464629078,-0.6274637611218132,-0.0003693506564871171,-0.9722450872305813
12,200,0.01,0,0.2,999.0,1,-0.9000099629481223,-0.4381162567435908,-0.9107858541031595,-1.5797657655535617,1771,1200,571,0.03653814330630482,0.11689558166473606,0.07671686248552044,0.04017871917921562,-0.3747666509108989,-0.6122261376386304,-0.0003313779429334225,-0.9724974720728486
12,200,0.0,0,0.2,2.5,1,-0.8994819712633331,-0.4373749568082702,-0.9155577049152711,-1.5549785768692095,2096,1335,761,0.032434221413205365,0.1387390369022009,0.08558662915770313,0.05315240774449777,-0.30655997046237204,-0.5864866880770809,-0.0002380210474244387,-0.9729027381093662
30,120,0.0,0,-0.2,999.0,1,-0.9106973483019696,-0.45379389573466855,-0.9280536765416925,-1.107035533607953,2517,1644,873,0.0713552871090518,0.2674830382260467,0.16941916266754922,0.09806387555849744,-0.44958217736974637,-0.4286948253998428,-8.679023642613765e-05,-0.9731725106859124
20,120,0.005,0,0.2,999.0,1,-0.8991723337204606,-0.43694158285795137,-0.9125774343733826,-1.601668173757233,1831,1212,619,0.03468475922555023,0.12199238788681119,0.07833857355618071,0.04365381433063048,-0.30661539484036215,-0.636669755807397,-0.00030899544244188793,-0.9733137087325043
30,200,0.01,0,0.2,999.0,1,-0.9013484673063922,-0.44000875379334115,-0.912698623934778,-1.5453819998602571,1838,1240,598,0.03769650835677644,0.12162833029952011,0.07966241932814827,0.04196591097137183,-0.3185401888022361,-0.6370222286926159,-0.0003098889642371538,-0.9736271657537431
30,60,0.005,0,0.2,999.0,1,-0.8984553125543369,-0.43594184470880637,-0.9072485786373925,-1.6860543308688922,1633,1070,563,0.03054774118815158,0.10838987257984445,0.06946880688399801,0.038921065695846434,-0.26973773699556636,-0.6853204844280842,-0.0003821111952462502,-0.9738688505709472
30,200,0.0,0,0.0,999.0,1,-0.9080288633515965,-0.4497529392630697,-0.9217888648418872,-1.2647694721176794,2661,1716,945,0.051994042694026146,0.21409895747145458,0.13304650008274035,0.08105245738871421,-0.23937995710802296,-0.5424304641608606,-0.00010604746785362982,-0.9738858452898973
48,60,0.01,0,0.2,999.0,1,-0.8988514939724621,-0.4364935813298697,-0.9077855748097101,-1.6768535258718302,1526,1032,494,0.03190468310441834,0.10127420155551878,0.06658944232996857,0.03468475922555023,-0.409574165338739,-0.6325115623434843,-0.000426798409262735,-0.9742290450283163
30,96,0.0025,0,0.0,999.0,1,-0.9063120890674081,-0.44719942737660867,-0.9199679960489118,-1.3787359305072802,2150,1413,737,0.0448121793811021,0.17395333443653815,0.10938275690882013,0.06457057752771803,-0.3446314751370084,-0.5810315704856708,-0.00018488674075704657,-0.9761202219264286
20,200,0.005,0,-0.2,999.0,1,-0.9129040588949355,-0.4572045283512248,-0.9298294208627009,-1.0988511874908484,2549,1680,869,0.07761045838159854,0.2725467483038226,0.17507860334271058,0.09746814496111203,-0.33827241547463105,-0.5290601753182536,-8.473002324536837e-05,-0.9770617981571177
30,120,0.005,0,0.0,999.0,1,-0.9067022256712876,-0.44777661306890215,-0.920352505857177,-1.3834476650024992,2139,1426,713,0.04875062055270561,0.17325831540625516,0.1110044679794804,0.06225384742677478,-0.33304202591083243,-0.5922753948404962,-0.00018761088826512137,-0.9771252492476157
20,96,0.0025,0,0.0,999.0,1,-0.9066671024159624,-0.4477245761072073,-0.9192157911836688,-1.4096424881020282,2118,1385,733,0.04289260301174913,0.16925368194605328,0.1060731424789012,0.06318053946715207,-0.40155414506684106,-0.5501758583477263,-0.0001958129187480028,-0.977814596104143
48,200,0.0,0,0.2,999.0,1,-0.9053943622439014,-0.4458487710643315,-0.9253116721339238,-1.3887569159523019,2372,1513,859,0.03792818136687076,0.15906006950190302,0.09849412543438689,0.060565944067516135,-0.2251126985978138,-0.6003651634254243,-0.00017894470058358732,-0.9779424529289086
12,200,0.0,0,-0.2,999.0,1,-0.9144868690726938,-0.45969099084174325,-0.9290206015117293,-1.0873797154480291,2746,1766,980,0.07449942081747477,0.29101439682277014,0.18275690882012247,0.10825748800264769,-0.4178232934936237,-0.42001945225091797,-6.881853979254702e-05,-0.9785702773700093
20,96,0.0025,0,0.2,2.5,1,-0.8993148628641124,-0.4371409449535717,-0.9143514733027146,-1.6960505890629924,1729,1112,617,0.027933145788515638,0.11411550554360417,0.0710243256660599,0.04309117987754427,-0.3832637139145605,-0.6123789643749478,-0.0003517375916232067,-0.9791192110580786
20,200,0.005,0,0.0,999.0,1,-0.9096924919021039,-0.45226172372129736,-0.9215669096857875,-1.3324571621540546,2371,1564,807,0.05229190799271885,0.19043521429753435,0.12136356114512659,0.06907165315240775,-0.2569950182050723,-0.6021521657138473,-0.0001515479523357311,-0.9796680366718938
20,200,0.01,0,0.2,999.0,1,-0.9039210036752647,-0.44370076759616217,-0.9148675064232157,-1.5829314415611129,1805,1220,585,0.03713387390369022,0.11927850405427767,0.07820618897898395,0.04107231507529373,-0.32755668730533716,-0.6476116282695175,-0.0003291724363639516,-0.9802810928858257
20,96,0.01,0,0.2,999.0,1,-0.9015565594370346,-0.44030469923358506,-0.9123023951762613,-1.6997248594072742,1556,1058,498,0.03316233658778752,0.10299520105907661,0.06807876882343207,0.03491643223564455,-0.4037099859516249,-0.6405033458552765,-0.00042361732992991254,-0.9814421397920795
12,120,0.01,0,0.2,999.0,1,-0.9013512902626719,-0.44001276542587,-0.913657012023171,-1.693233491496217,1584,1080,504,0.03369187489657455,0.10478239285123284,0.06923713387390369,0.035545258977329144,-0.3905623456540269,-0.6425548783992168,-0.0004109761768879547,-0.9815029460122663
30,200,0.0025,0,0.2,2.5,1,-0.9038820694718375,-0.44364434146499443,-0.918563313391478,-1.573229192146629,2102,1350,752,0.033360913453582657,0.13893761376799602,0.08614926361078934,0.05278835015720668,-0.25640209397071256,-0.6301514648758461,-0.00024665895658899744,-0.9815874577680648
48,96,0.0025,0,0.2,2.5,1,-0.9015056562869691,-0.440232262257503,-0.9167801869808736,-1.6615075149748038,1835,1189,646,0.030746318053946717,0.121959291742512,0.07635280489822936,0.04560648684428264,-0.35277786765970753,-0.6190019372223126,-0.0003176116648713028,-0.9816977314966799
20,200,0.0,0,-0.2,999.0,1,-0.9173463791256093,-0.4642719129450461,-0.9334168898166594,-1.0891840343279064,2795,1797,998,0.07655138176402448,0.2973026642396161,0.1869270230018203,0.1103756412377958,-0.35851060283127645,-0.47862437681383674,-6.72983908689506e-05,-0.985439559569771
30,96,0.005,0,0.2,999.0,1,-0.90506051361033,-0.4453598686602692,-0.9177901395702868,-1.659013671672597,1787,1179,608,0.03362568260797617,0.11941088863147443,0.0765182856197253,0.04289260301174913,-0.3058955209346855,-0.6656808965726825,-0.00033911741477848185,-0.9872056220290425
30,200,0.0025,0,-0.2,999.0,1,-0.918210633942428,-0.46567980224432126,-0.9335760980844297,-1.0978281503526404,2742,1780,962,0.07665067019692205,0.29250372331623364,0.18457719675657785,0.1079265265596558,-0.38035481534042803,-0.47985982231367996,-7.278670549700757e-05,-0.9873592588041681
30,120,0.0025,0,0.2,2.5,1,-0.9040875170296928,-0.4439422838266829,-0.9190444257702668,-1.680583005378333,1844,1194,650,0.030779414198245904,0.12265431077279497,0.07671686248552044,0.04593744828727453,-0.37206907448329396,-0.6158658553577925,-0.0003216405738290154,-0.9874936469807329
48,60,0.0025,0,0.0,999.0,1,-0.9115048901920043,-0.4550346035490782,-0.9231977075929514,-1.446439169706923,2071,1351,720,0.04130398808538805,0.16640741353632302,0.10385570081085553,0.06255171272546749,-0.445036578763347,-0.5507590725884949,-0.0002144463446903314,-0.9889554158309001
48,120,0.005,0,0.2,999.0,1,-0.9081955712067846,-0.4500027967996494,-0.9192666688673947,-1.593902888703978,1940,1282,658,0.036902200893595895,0.12943902035412874,0.08317061062386231,0.04626840973026643,-0.37660386532571544,-0.6114288733140046,-0.0002961805071044866,-0.9893312756685456
48,96,0.0,0,-0.2,999.0,1,-0.9179620034641326,-0.4652736397752506,-0.9329360243203073,-1.1540589157959582,2504,1639,865,0.07178553698494125,0.26718517292735394,0.1694853549561476,0.09769981797120636,-0.4890389722422537,-0.4383057992592533,-9.813627381610907e-05,-0.9894445977252022
48,200,0.0025,0,0.2,999.0,1,-0.9104583732868685,-0.4534283476873381,-0.9307831694686797,-1.4398017259423643,2270,1463,807,0.037663412212477244,0.15210987919907332,0.09488664570577528,0.05722323349329803,-0.25808657144656666,-0.624593268548867,-0.0002111833130849271,-0.9908100187187961
12,200,0.0,0,0.0,999.0,1,-0.9157527714160077,-0.46170456949927063,-0.9257242669167299,-1.3554494936116748,2546,1646,900,0.05004137018037399,0.2046003640575873,0.12732086711898064,0.07727949693860665,-0.36332776471616657,-0.5272463965633001,-0.00013678099809310795,-0.9923391776382194
20,60,0.0,0,0.2,999.0,1,-0.9077534881468542,-0.44934095643504435,-0.9162681238391711,-1.7130408170338016,1753,1121,632,0.02899222240608969,0.11669700479894092,0.0728446136025153,0.043852391196425616,-0.3748605877994454,-0.6454092658097278,-0.0003620366145785183,-0.9931270592063199
30,120,0.01,0,0.2,999.0,1,-0.9082294310628932,-0.450053586650522,-0.918881209740933,-1.6979962697489965,1658,1127,531,0.03518120139003806,0.11024325666059905,0.07271222902531856,0.03753102763528049,-0.43275392026479087,-0.6292748205676288,-0.00039770683205783675,-0.9943940050084382
20,200,0.0,0,0.0,999.0,1,-0.9171779663512938,-0.46399885106629457,-0.9290987585755922,-1.3455618737754562,2599,1678,921,0.05119973523084561,0.2086049975177892,0.1299023663743174,0.07870263114347179,-0.29911096770948287,-0.5664856840300574,-0.00013134849495652495,-0.9958263240428634
48,120,0.0,0,-0.2,999.0,1,-0.9215057832441587,-0.47115223242898296,-0.935477707124249,-1.1402263011326403,2605,1694,911,0.074367036240278,0.27976170776104586,0.1770643720006619,0.10269733576038391,-0.5278780799914244,-0.3882224687447948,-9.044348596534784e-05,-0.9959024010477395
30,200,0.0025,0,0.0,999.0,1,-0.9174879439636835,-0.46450176683721245,-0.9278346252962034,-1.3523183048892604,2543,1651,892,0.051265927519443984,0.20503061393347674,0.12814827072646037,0.07688234320701638,-0.3307795265909139,-0.560163039504192,-0.00013904308255991308,-0.9960349947297772
30,120,0.0025,0,-0.2,999.0,1,-0.9203069108406798,-0.4691416146589953,-0.9366646045942773,-1.1877396539232687,2410,1589,821,0.07019692205858018,0.2567929836174086,0.16349495283799437,0.0932980307794142,-0.5206988038498297,-0.4450320862467677,-0.00011309069418188708,-0.9968608996522974
20,200,0.0025,0,0.2,2.5,1,-0.9101317801983267,-0.45292995557835536,-0.9239232504292715,-1.6445824747937745,2049,1316,733,0.03273208671189806,0.13526394175078604,0.08399801423134205,0.051265927519443984,-0.3062796615367438,-0.6390328512530856,-0.00027754771525907105,-0.9971207045326799
12,200,0.0025,0,-0.2,999.0,1,-0.9227112920203017,-0.47319732850012175,-0.936442518468537,-1.1609520556962527,2633,1710,923,0.07340724805560152,0.27906668873076285,0.1762369683931822,0.10282972033758067,-0.4868545908817311,-0.43795994218525813,-9.165976226262006e-05,-0.9994661905192028
30,120,0.0,0,0.0,999.0,1,-0.9171274522385692,-0.46391702941667734,-0.929285956028657,-1.419499580525281,2334,1524,810,0.04769154393513156,0.18894588780407082,0.11831871586960119,0.07062717193446963,-0.3746537537873895,-0.5741677478379301,-0.00017304714389742906,-0.9995349864572699
20,120,0.0,0,0.2,999.0,1,-0.9121654567247732,-0.4560558248524321,-0.9235456798588573,-1.6513498779033582,1990,1285,705,0.03392354790666887,0.13341055767003143,0.08366705278835015,0.049743504881681284,-0.3879426298615375,-0.6117564121389081,-0.0002936234004791014,-1.0003961586770287
48,120,0.0025,0,-0.2,999.0,1,-0.9227890474735995,-0.4733300561931635,-0.9384246454569974,-1.1626126807425994,2500,1641,859,0.07340724805560152,0.268939268575211,0.17117325831540625,0.09776601025980473,-0.5478932773126818,-0.4037315780025945,-0.00010349057467126809,-1.0006730129587922
30,60,0.0,0,0.2,999.0,1,-0.9114393260614607,-0.4549335549436726,-0.9195732609698789,-1.7329211346316264,1783,1137,646,0.02975343372497104,0.11937779248717524,0.07456561310607314,0.0448121793811021,-0.3563667687604706,-0.6643606972990072,-0.0003602791350108245,-1.0013662421601932
48,96,0.0025,0,-0.2,999.0,1,-0.9230533971310745,-0.47378204887330877,-0.9387187392740548,-1.2043911348051124,2399,1586,813,0.0707264603673672,0.25659440675161344,0.1636604335594903,0.09293397319212311,-0.5264169888560092,-0.4606634598356327,-0.00011818329195113574,-1.0033609752505919
48,96,0.005,0,0.2,999.0,1,-0.9129664536831287,-0.4573019012723344,-0.9238114144361868,-1.6985278824710974,1856,1229,627,0.03534668211153401,0.1237795796789674,0.0795631308952507,0.044216448783716694,-0.36762113981260236,-0.6517946772590788,-0.0003394154600082495,-1.0041340026139827
12,96,0.005,0,0.2,999.0,1,-0.9116792482206766,-0.45530360059938924,-0.9216376345741417,-1.7716224751211,1705,1125,580,0.032268740691709416,0.11255998676154227,0.07241436372662585,0.04014562303491643,-0.3487754481622656,-0.6818289748629578,-0.0003966624361672989,-1.0047035416425152
12,200,0.0025,0,0.2,2.5,1,-0.9136130840441208,-0.4583141230177976,-0.9263616793223137,-1.6936780057389726,2006,1289,717,0.031937779248717525,0.13248386562965414,0.08221082243918583,0.05027304319046831,-0.39428296719162415,-0.6110583210554377,-0.00029974949808318264,-1.0061788629659032
12,60,0.0025,0,0.2,999.0,1,-0.9124255672682698,-0.45645953020528196,-0.9198675059326309,-1.7969193527248302,1654,1068,586,0.027138838325335098,0.10888631474433229,0.0680125765348337,0.04087373820949859,-0.4390313587947696,-0.6429820061170579,-0.00042157408906691923,-1.0062392508078388
48,120,0.0,0,0.0,999.0,1,-0.9213609520161553,-0.4709081199279298,-0.931523664727582,-1.4053116525867948,2427,1579,848,0.0497104087373821,0.1972530200231673,0.12348171438027469,0.07377130564289261,-0.4653826168288432,-0.5048425437062041,-0.00016377611790475098,-1.0069355349210605
12,120,0.005,0,0.2,999.0,1,-0.9130721243134534,-0.4574669296348566,-0.924727541727885,-1.7478956172334152,1784,1180,604,0.03365877875227536,0.11845110044679795,0.07605493959953666,0.04239616084726129,-0.37517169288196495,-0.6604639218989032,-0.0003681349255853406,-1.00722548136047
48,120,0.0025,0,0.0,999.0,1,-0.9217340539429613,-0.4715376682406849,-0.9319823265173697,-1.4241932263060146,2321,1521,800,0.0490815819956975,0.1890782723812676,0.11907992718848254,0.06999834519278504,-0.4827531529174873,-0.5169414480888896,-0.00018199878306410157,-1.0087384928146705
48,60,0.005,0,0.2,999.0,1,-0.9157517962091273,-0.4617030096060335,-0.9240126306387141,-1.7818555308761928,1708,1118,590,0.03097799106404104,0.11378454410061228,0.07238126758232666,0.04140327651828562,-0.4247230475224332,-0.65591644584353,-0.0004039780734768877,-1.0128021014692001
48,96,0.0,0,0.0,999.0,1,-0.9230070559054424,-0.4737027292501578,-0.9339072388107701,-1.469729111728368,2326,1518,808,0.04769154393513156,0.18828396491808705,0.1179877544266093,0.07029621049147775,-0.42063468002289717,-0.5746864421926252,-0.000187393585365057,-1.0141428042419611
30,96,0.0,0,0.2,999.0,1,-0.9179677143642829,-0.4652829587338019,-0.9292134400969897,-1.7148658015410596,1940,1249,691,0.032864471289094824,0.13056428926030117,0.081714380274698,0.04884990898560318,-0.4014073204651185,-0.6384033403249767,-0.0003243869882812903,-1.0156329688593497
20,200,0.0025,0,-0.2,999.0,1,-0.9293508233947707,-0.4849108941772897,-0.9428779692759972,-1.1916381556410724,2679,1741,938,0.07565778586794639,0.2852887638590104,0.18047327486347842,0.10481548899553202,-0.4566738474869302,-0.5034883580044999,-9.618130221095173e-05,-1.0159317865973418
20,96,0.005,0,0.2,999.0,1,-0.9172889812468732,-0.4641788020945714,-0.9271036661419174,-1.7933536003960486,1747,1150,597,0.03246731755750455,0.11600198576865794,0.07423465166308126,0.0417673341055767,-0.4099825904360991,-0.6641466812192892,-0.0003957542728515764,-1.0173983151853325
20,60,0.0025,0,0.2,999.0,1,-0.9174417301558137,-0.46442669860883967,-0.9244368145921545,-1.823649671137242,1676,1081,595,0.028131722654310774,0.11133542942247228,0.06973357603839153,0.041601853384080754,-0.4457630278916773,-0.6555748307830658,-0.00042527083436095104,-1.0178275894617792
30,120,0.0025,0,0.0,999.0,1,-0.9245818348282767,-0.47641849025096084,-0.935452149928639,-1.5024389169245216,2231,1467,764,0.04686414032765183,0.18090352473936785,0.11388383253350985,0.06701969220585802,-0.44219941764712867,-0.5873577927716644,-0.0002087030436657196,-1.0192665110615065
20,120,0.0025,0,0.2,999.0,1,-0.9197179779932996,-0.46816221658990254,-0.9302141904664093,-1.7399011219437872,1908,1240,668,0.033129240443488334,0.12765182856197252,0.08039053450273043,0.0472612940592421,-0.438013556598169,-0.6290520183798889,-0.0003420518767314062,-1.0202643679202965
30,200,0.005,0,0.2,999.0,1,-0.9216961799227454,-0.47147365957450704,-0.9312636574509086,-1.669182931676403,2102,1379,723,0.0380936620883667,0.13976501737547575,0.08892933973192123,0.050835677643554525,-0.32781545295009007,-0.6666871362421086,-0.0002901550699290156,-1.0205646348837816
12,200,0.0025,0,0.0,999.0,1,-0.9267738629122465,-0.4802704001801942,-0.9351833264605272,-1.4674199778228056,2437,1585,852,0.049313255005791826,0.195796789674003,0.1225550223398974,0.07324176733410558,-0.44645044669161316,-0.5524621337336417,-0.00017721360857531426,-1.021233062301598
12,120,0.0,0,0.2,999.0,1,-0.9200623425675925,-0.4687342399106422,-0.9313479880503637,-1.7510709957475312,1944,1250,694,0.032698990567598875,0.13000165480721496,0.08135032268740691,0.048651332119808044,-0.4246032756677698,-0.6326975399193318,-0.0003328389458070074,-1.0219617837232007
30,60,0.0025,0,0.2,999.0,1,-0.9196991604668018,-0.468131011876216,-0.9264659580777379,-1.8323988233200263,1705,1096,609,0.029157703127585637,0.11381764024491146,0.07148767168624855,0.04232996855866292,-0.4125550283702182,-0.6793128701101414,-0.0004190227120156612,-1.0229839320810863
12,96,0.0,0,0.2,999.0,1,-0.9201920401504069,-0.46895015923466987,-0.9297711093604273,-1.78720868091698,1860,1193,667,0.031441337084229685,0.12384577196756578,0.07764355452589773,0.046202217441668046,-0.40436000531641947,-0.6603299671758336,-0.0003631637338459486,-1.0231961479607325
48,96,0.0025,0,0.0,999.0,1,-0.9264394228092698,-0.47967717104966767,-0.9369776245228165,-1.5172038994179786,2222,1462,760,0.046963428760549396,0.18027469799768328,0.11361906337911633,0.06665563461856694,-0.45450815793917954,-0.5902879820540393,-0.00021471779746608225,-1.0240261782819748
20,200,0.0025,0,0.0,999.0,1,-0.9283563300920756,-0.48310524546860945,-0.9376181459264374,-1.4585693811566256,2488,1618,870,0.050570908489161015,0.1997021347013073,0.12513652159523417,0.07456561310607314,-0.3879251404854861,-0.5937711823372451,-0.00017174917067984714,-1.0248427874896595
30,120,0.005,0,0.2,999.0,1,-0.9227310801601235,-0.4732310971351764,-0.9324283924691621,-1.787795787112096,1866,1236,630,0.035545258977329144,0.12450769485354957,0.08002647691543935,0.04448121793811021,-0.4240565310750427,-0.6588675228358821,-0.00036756878970496204,-1.0288350827253623
12,200,0.005,0,0.2,999.0,1,-0.924938285863364,-0.47703909340014616,-0.9337078399608639,-1.7490356385058001,2016,1326,690,0.03683600860499752,0.13360913453582657,0.08522257157041205,0.04838656296541453,-0.4036661243021139,-0.655009359041758,-0.00032766936808845305,-1.031344795305868
30,96,0.0025,0,0.2,999.0,1,-0.924154184808873,-0.475676820147525,-0.93415638868204,-1.795097424742065,1859,1207,652,0.0323349329803078,0.12487175244084064,0.07860334271057422,0.04626840973026643,-0.4391850221704534,-0.6573192621593624,-0.0003719194164817697,-1.0325098857256483
20,200,0.005,0,0.2,999.0,1,-0.9266927789134491,-0.48012638733090085,-0.9357045333337417,-1.7377111049079936,2056,1349,707,0.037564123779579676,0.13632301836836008,0.08694357107396988,0.04937944729439021,-0.3610392418149807,-0.6791966105153664,-0.0003202972035869987,-1.0348642092431715
48,60,0.0,0,0.2,999.0,1,-0.9267803337725103,-0.48028189818979894,-0.9341891551807106,-1.8301549262547798,1860,1187,673,0.030316068178057258,0.12483865629654145,0.07757736223729936,0.0472612940592421,-0.5013690074771775,-0.6277425899580724,-0.0003817031767010676,-1.038884222092893
48,120,0.0,0,0.2,999.0,1,-0.9292787477233609,-0.4847793920181699,-0.9377137323535673,-1.73856095256159,2111,1360,751,0.03617408571901373,0.142081747476419,0.08912791659771636,0.05295383087870263,-0.5122349038976697,-0.5832729554035758,-0.00030778223246256394,-1.0405643058230332
48,120,0.0025,0,0.2,999.0,1,-0.9300753266213516,-0.4862383702266375,-0.9383511936719063,-1.7617373373179066,2024,1315,709,0.0356776435545259,0.1360251530696674,0.08585139831209664,0.05017375475757074,-0.5174202033311164,-0.6012715365044473,-0.0003357305768921102,-1.0435008339284861
20,96,0.0,0,0.2,999.0,1,-0.9284905103218406,-0.48334776843414295,-0.936729852536694,-1.8450131749890264,1899,1217,682,0.03154062551712725,0.12698990567598875,0.079265265596558,0.047724640079430745,-0.4898425072385352,-0.6376526038873248,-0.00037611900393882356,-1.0439633534519412
30,200,0.0,0,0.2,999.0,1,-0.9317530718851794,-0.4893524921659195,-0.9402436805450153,-1.7154182082174168,2300,1472,828,0.03743173920238292,0.15379778255833196,0.09561476088035743,0.05818302167797452,-0.40099702437175777,-0.6400703006368536,-0.0002689352467860797,-1.045245242849298
48,96,0.0,0,0.2,999.0,1,-0.9308714291072913,-0.48770897808270763,-0.9393942352451645,-1.824234077861275,2018,1304,714,0.03468475922555023,0.13556180704947873,0.08512328313751448,0.05043852391196425,-0.47646281752449204,-0.6377380113538529,-0.00034352586019850044,-1.0486177995983537
12,120,0.0025,0,0.2,999.0,1,-0.9299298949247365,-0.48597107762793423,-0.9391704242091923,-1.8755383929957972,1860,1207,653,0.031937779248717525,0.1240774449776601,0.07800761211318881,0.04606983286447129,-0.4990318358634034,-0.6454173216452019,-0.0003964105170587406,-1.0493332093823202
12,96,0.0025,0,0.2,999.0,1,-0.9298076491996087,-0.485746720642078,-0.9375633556992481,-1.9117739039556616,1780,1152,628,0.03064702962104915,0.11815323514810525,0.0744001323845772,0.04375310276352805,-0.48047374390666897,-0.6709203413654357,-0.00042922649519122223,-1.0501170936894852
20,200,0.0,0,0.2,999.0,1,-0.9334854898609193,-0.49262891627106975,-0.9427463788606117,-1.7545030262095327,2242,1434,808,0.036637431739202385,0.14976005295383088,0.09319874234651664,0.05656131060731425,-0.4222661131031361,-0.6466912274000305,-0.00028946685892857,-1.0517272570118523
30,120,0.0,0,0.2,999.0,1,-0.9322107239914746,-0.4902119073658169,-0.9409242332569185,-1.8321001574673266,2026,1309,717,0.03468475922555023,0.13622372993546253,0.08545424458050638,0.05076948535495615,-0.47758616057882275,-0.6425653474740782,-0.00034525715586946454,-1.0522790318676425
12,200,0.0,0,0.2,999.0,1,-0.9338532104923838,-0.4933325783892689,-0.9422811581738044,-1.7801382722672345,2197,1406,791,0.035710739698825086,0.14658282310110873,0.0911467813999669,0.05543604170114182,-0.47074572760106836,-0.6249957463829878,-0.00030331599527729224,-1.053480071089533
48,96,0.0025,0,0.2,999.0,1,-0.9343378868833194,-0.494264538365794,-0.9423733899933578,-1.8797688505102863,1933,1259,674,0.03402283633956644,0.12960450107562468,0.08181366870759557,0.047790832368029126,-0.4931605932573243,-0.6593604509233947,-0.00038425583070397584,-1.0594396758879874
20,96,0.0025,0,0.2,999.0,1,-0.9340508384737147,-0.49371196719494403,-0.9417284485062652,-1.9292465979641462,1820,1175,645,0.030911798775442662,0.12139665728942578,0.07615422803243423,0.04524242925699156,-0.5266501689639662,-0.6537945778478887,-0.0004275271440187623,-1.0610385213462838
48,60,0.0025,0,0.2,999.0,1,-0.9345717789834648,-0.4947161235763101,-0.9408369087557008,-1.9384052844288178,1782,1146,636,0.029687241436372663,0.11924540790997849,0.07446632467317557,0.044779083236802915,-0.5402291419403225,-0.6530420635680055,-0.0004428861607152273,-1.0620548421756013
30,200,0.0025,0,0.2,999.0,1,-0.939495350715453,-0.5045159196423554,-0.9467527474617032,-1.8236228256384042,2205,1423,782,0.036902200893595895,0.1471785536984941,0.09204037729604501,0.05513817640244911,-0.4570639292886127,-0.664285993578086,-0.00032003824772392457,-1.0690734346551272
30,120,0.0025,0,0.2,999.0,1,-0.9382645362378704,-0.5020116368551423,-0.9458748502693733,-1.924903210932608,1943,1265,678,0.03402283633956644,0.13033261625020684,0.08217772629488665,0.048154889955320204,-0.5196767492818902,-0.6603561862513526,-0.0003963991843006012,-1.0711942225364592
20,200,0.0025,0,0.2,999.0,1,-0.9422277063547243,-0.5102149291841713,-0.9492006456795521,-1.8794375505585956,2151,1388,763,0.036140989574714545,0.143306304815489,0.08972364719510177,0.053582657620387227,-0.48262876133003274,-0.6725704636701411,-0.0003468442814418686,-1.0787871295518772
12,200,0.0025,0,0.2,999.0,1,-0.9429917781812648,-0.5118446730238576,-0.9495238557061694,-1.9126677569267834,2108,1361,747,0.03518120139003806,0.14029455568426277,0.08773787853715043,0.05255667714711236,-0.536161097861521,-0.6472791085372822,-0.00036380876123417495,-1.0822399887232814
