ema_fast,ema_slow,trend_threshold,use_macd,volume_filter,funding_z_cap,allow_short,regime_filter,regime_fast,regime_slow,total_return,annual_return,max_drawdown,sharpe,trades,long_trades,short_trades,exposure,abs_exposure,long_exposure,short_exposure,long_total_return,short_total_return,avg_bar_return_when_in_position,score
48,200,0.0,0,-999.0,999.0,1,1,100,200,11.060154213585903,0.6459578243836865,-0.615411080096644,1.2738610102352583,73,48,25,0.19979213303485768,0.42919198379703655,0.31449205841594713,0.11469992538108943,14.100772351394948,-0.17165851254303988,0.00020300308502093267,0.40194533484712747
48,200,0.0,0,-999.0,2.5,1,1,100,200,9.284914241294864,0.5943321087614766,-0.5965434625551276,1.2380780306186465,228,170,58,0.18412216181643748,0.40360835731798317,0.2938652595672103,0.10974309775077284,12.96755732737173,-0.17471839569621406,0.00020642506795137723,0.3579642790148451
48,200,0.01,0,-999.0,999.0,1,1,100,200,7.050236558452424,0.5180490761941119,-0.5896727133829539,1.1741724483831457,64,46,18,0.1817769960558576,0.3471111821767402,0.2644440891162989,0.08266709306044132,7.150585176671594,0.01981348661457738,0.00021037716526708534,0.28192134192179225
48,200,0.0,0,-999.0,1.5,1,1,100,200,5.988739146689383,0.4756910293623695,-0.5015192964191812,1.1183282745882657,387,283,104,0.1560334719113101,0.3468446860675834,0.25143907898944673,0.09540560707813665,7.9360533329150496,-0.05090414443018243,0.00020959278158699189,0.2808477948821922
48,200,0.01,0,-999.0,2.5,1,1,100,200,6.481354703509326,0.49594550278871385,-0.5602809319436304,1.1737210674719336,185,145,40,0.16773265110329388,0.32619123760793095,0.24696194435561242,0.07922929325231852,6.661819540423615,0.07110146435149889,0.00021796611940296085,0.27449109019049533
20,60,0.0,0,-999.0,999.0,1,1,100,200,7.205292492721991,0.5238563592232159,-0.6287851392005361,1.2203513378633624,173,118,55,0.1535284084852361,0.3168905233983584,0.23520946594179726,0.08168105745656114,9.499784786609197,-0.14790201782715418,0.00023039657027807824,0.270481356516116
12,60,0.0,0,-999.0,999.0,1,1,100,200,6.667651893881639,0.5033277154746552,-0.6059664087574288,1.1972649621949152,208,148,60,0.1502771559535231,0.30948193156379916,0.22987954375866113,0.07960238780513805,8.391281561763236,-0.09402659700362892,0.0002304555906856435,0.2602077592056865
48,200,0.005,0,-999.0,999.0,1,1,100,200,6.622309334919327,0.5015442931519558,-0.6117346249844312,1.1264247097639377,68,47,21,0.19062466687986354,0.39278861528621684,0.2917066410830402,0.10108197420317663,7.324876114272085,-0.05271972214721876,0.00018551830035372878,0.2519982161479371
48,200,0.005,0,-999.0,2.5,1,1,100,200,5.874636873756244,0.47083733206069533,-0.577738716278485,1.108860303733685,207,158,49,0.1748747468286963,0.36904381196034536,0.27195927939452086,0.09708453256582454,6.678073714640313,-0.006979519097283005,0.00019064938398389753,0.23741098910813707
12,96,0.0,0,-999.0,999.0,1,1,100,200,5.813879923265392,0.46822650150608447,-0.6215510223912116,1.1227858290987895,175,125,50,0.16424155207333974,0.33879650357104785,0.2515190278221938,0.08727747574885407,7.636460533500552,-0.13886953530377544,0.00020270998525387444,0.21359028176541814
20,60,0.01,0,-999.0,999.0,1,1,100,200,5.097947781680159,0.4359664714268725,-0.5936083547698576,1.1275456721852637,136,96,40,0.14622641509433962,0.26423089222897345,0.20522865366165655,0.059002238567316914,5.5908580291876,-0.009667219805966298,0.00023787726502996596,0.1955395776512069
12,60,0.0,0,-999.0,2.5,1,1,100,200,5.134632557672111,0.4376912424122037,-0.6028509645548213,1.1274378155195803,327,239,88,0.1367391536083573,0.2872561560601215,0.2119976548342394,0.0752585012258821,6.695074404855881,-0.06114043058034491,0.00022786033985742414,0.19263765091077203
48,200,0.01,0,-999.0,1.5,1,1,100,200,3.775786034869852,0.3674202029538778,-0.45966696214499425,1.0100585632720038,310,237,73,0.14297516256262657,0.28086024944035815,0.21191770600149237,0.06894254343886579,3.9401087207375616,0.12886194705884457,0.00020838953455811605,0.18808965004498085
48,200,0.0025,0,-999.0,999.0,1,1,100,200,5.450367463519498,0.45220455023946915,-0.635493922355366,1.0510019429516069,74,48,26,0.19456880929538428,0.4138418079096045,0.3042053086024944,0.10963649930711011,6.849525990096878,-0.1472652943629822,0.00016653503283249434,0.18700768620936653
30,60,0.0,0,-999.0,999.0,1,1,100,200,5.123063962015845,0.4371482261256894,-0.6214406879002371,1.0809242882174033,153,108,45,0.15704615712610595,0.3254183988913762,0.24123227800874109,0.08418612088263511,6.749943700313632,-0.1470922020688692,0.00020034168415075554,0.18047409658644098
48,200,0.005,0,-999.0,1.5,1,1,100,200,3.5826482832962725,0.356169176092169,-0.4665153134740694,0.965421712560834,345,258,87,0.14883807696407633,0.31763671250399744,0.23323739473403687,0.08439931776996056,3.9330429469274506,0.10391634434159869,0.00018586056681785723,0.17118260498317603
20,60,0.0,0,-999.0,2.5,1,1,100,200,4.921925910273267,0.4275732804184895,-0.6252905390511829,1.1019745471436244,295,213,82,0.1396439611981665,0.2946913975055964,0.21716767935188147,0.07752371815371495,6.960074575537454,-0.13777563902420376,0.00021864634377796342,0.17002673825007927
12,96,0.0,0,-999.0,2.5,1,1,100,200,4.742328183460763,0.4188013288515353,-0.6115374034737152,1.074710101405493,302,223,79,0.14966421490246243,0.3155313932416587,0.23259780407206054,0.08293358916959813,6.690767568255144,-0.13161324631436444,0.00020367360790414502,0.16676813218495234
20,200,0.01,0,-999.0,999.0,1,1,100,200,4.52215462775438,0.4077429833977759,-0.5968436225506317,1.025661946674531,82,60,22,0.17495469566144334,0.33261379383860995,0.25378424475002664,0.0788295490885833,5.267596140038796,-0.08205198795624036,0.00018712610425911276,0.1606042694561866
12,120,0.0,0,-999.0,999.0,1,1,100,200,4.9147811776436185,0.4272284080243358,-0.640177269107404,1.0502483123456459,154,113,41,0.17039761219486196,0.35433322673488965,0.2623654194648758,0.09196780727001386,6.094365148244249,-0.0995197700849475,0.00018383924206579353,0.1596521890879161
30,200,0.01,0,-999.0,999.0,1,1,100,200,4.516738887966275,0.4074665628258518,-0.5983675163438531,1.0202165126670684,71,51,20,0.17785950325125252,0.3389830508474576,0.2584212770493551,0.08056177379810255,5.036891742119356,-0.05313001318720867,0.0001840311259454103,0.15929363028727866
30,200,0.0,0,-999.0,999.0,1,1,100,200,5.412732320978824,0.45050481989838276,-0.6877845567306771,1.0521846949572164,88,59,29,0.19371602174608252,0.41448139857158084,0.30409871015883166,0.11038268841274917,7.470994017066658,-0.20891623265889558,0.0001655621513137309,0.15922177628090506
12,96,0.01,0,-999.0,999.0,1,1,100,200,4.34941046518835,0.3988171637096012,-0.5876866537024242,1.0512449645943833,137,99,38,0.15552712930391216,0.28317876559002236,0.21935294744696726,0.06382581814305512,4.846474434115806,-0.020129958290837302,0.00021159048678942127,0.15753608508810824
12,60,0.01,0,-999.0,999.0,1,1,100,200,4.337940741984656,0.39821639397101305,-0.5960506049071725,1.0702490045811588,170,125,45,0.14260206800980707,0.25724869416906515,0.19992538108943608,0.05732331307962904,4.719248838914351,0.016152800399494405,0.00023091319769111878,0.1537035417464847
48,200,0.0025,0,-999.0,2.5,1,1,100,200,4.608245840084459,0.4121082412142911,-0.6191387203887915,1.013949072806417,220,164,56,0.1789787869097111,0.3888178232597804,0.2838983050847458,0.10491951817503464,6.38591314185851,-0.1523683064622633,0.00016846919628898098,0.15323633466021624
20,200,0.0,0,-999.0,999.0,1,1,100,200,5.280353949709955,0.44446205258262683,-0.6900157900216568,1.04886923434679,107,75,32,0.18934548555591088,0.4034484596524891,0.2963969726042,0.1070514870482891,7.524555622393828,-0.2227639480859298,0.0001683690299121528,0.15189761928913792
20,200,0.01,0,-999.0,2.5,1,1,100,200,4.005649772609369,0.38034583308134007,-0.5679654939973144,1.0074276326762714,202,158,44,0.16093700031979533,0.31172049888071635,0.23632874960025585,0.07539174928046051,4.743904689556439,-0.03588698050803063,0.00019130799720375316,0.14673446771649643
30,200,0.01,0,-999.0,2.5,1,1,100,200,4.019265293353225,0.38109644790450004,-0.5695985444436937,1.0030326349097065,191,149,42,0.16381515829868884,0.3180631062786483,0.2409391322886686,0.07712397398997975,4.552971357272913,-0.005510475457190189,0.00018825137145198732,0.14644880742813848
20,120,0.0,0,-999.0,999.0,1,1,100,200,4.82671593734615,0.4229499403121575,-0.6693492752104511,1.03650621520787,129,93,36,0.1750079948832747,0.3618217674021959,0.2684148811427353,0.09340688625946061,6.007500477723472,-0.11308967789923052,0.00017928697609559573,0.14010061346732544
30,60,0.0,0,-999.0,2.5,1,1,100,200,4.1233933141846775,0.38678373425763324,-0.6030389641031904,1.0268862812553952,277,204,73,0.14297516256262657,0.30292612727854173,0.22295064492058417,0.07997548235795757,5.811201357868193,-0.1360297146296804,0.00019994905772776172,0.13660856626880782
12,200,0.01,0,-999.0,999.0,1,1,100,200,4.050951698037715,0.38283701372554146,-0.5926558448839248,0.9926930482086936,95,68,27,0.17188999040614006,0.326351135273425,0.24912056283978254,0.07723057243364247,4.6141041317372595,-0.056532599840502296,0.0001825699895072649,0.13614374369401377
20,60,0.005,0,-999.0,999.0,1,1,100,200,4.60274627144613,0.4118309939200451,-0.6609378379913278,1.0765824840436544,158,109,49,0.14862488007675087,0.29247947979959493,0.22055217993817292,0.07192729986142202,5.907238996540926,-0.1221621222214122,0.00020955367314614003,0.1351911991265639
12,200,0.0,0,-999.0,999.0,1,1,100,200,4.70732740016603,0.41706632695213286,-0.6679407225980327,1.0144684799190842,128,90,38,0.18537469352947447,0.3946274384393988,0.29000106598443665,0.10462637245496216,6.385705484721176,-0.17616052291774686,0.00016525660774090135,0.1338193896490707
12,96,0.01,0,-999.0,2.5,1,1,100,200,3.6933698703703994,0.36266449544287727,-0.5640891819606394,1.0194656023821047,240,183,57,0.14228227267881888,0.263271506236009,0.20277688945741393,0.06049461677859503,4.062701564476427,0.04527562860606227,0.00021384036382314338,0.1315931845816628
30,60,0.01,0,-999.0,999.0,1,1,100,200,3.8891861201545144,0.3738576299366769,-0.5864618971639258,1.0138565458279596,124,89,35,0.14945101801513697,0.27113314145613476,0.21029207973563585,0.06084106172049888,4.611518378922357,-0.07297985428212428,0.00021040572447413014,0.131319508646112
20,60,0.01,0,-999.0,2.5,1,1,100,200,3.6944278586058097,0.36272596685702174,-0.57090518410649,1.0320931839180894,237,179,58,0.13340795224389723,0.24501652275876773,0.18921223750133248,0.05580428525743524,4.002466201350687,0.056514040012811906,0.0002275603486772161,0.12887803399968117
12,60,0.005,0,-999.0,999.0,1,1,100,200,4.215657305189881,0.39174628649504717,-0.6383796406318204,1.0495704434636524,192,139,53,0.14580002131968872,0.2850175887432044,0.21540880503144655,0.06960878371175781,5.1812182402515425,-0.07116693405876673,0.0002086640471394749,0.12503498835231958
12,120,0.0,0,-999.0,2.5,1,1,100,200,4.077589964377901,0.38429353557554546,-0.6239945444625083,1.0072297208520986,288,216,72,0.15552712930391216,0.33056177379810253,0.24304445155100735,0.08751732224709519,5.53352274484321,-0.10243839844318914,0.00018541986460955055,0.12265774938689622
12,200,0.01,0,-999.0,2.5,1,1,100,200,3.5244813419250587,0.35270646066713374,-0.5634777454295472,0.9670852727220286,213,164,49,0.1579522438972391,0.30553778914827845,0.23174501652275878,0.07379277262551967,4.079207675688715,-0.009084183389836409,0.00018543330708186193,0.11932185158846156
12,60,0.01,0,-999.0,2.5,1,1,100,200,3.5124099572181358,0.3519833860655923,-0.5690086288975246,1.0202837741741924,267,203,64,0.13023664854493125,0.23811427353160644,0.18417546103826885,0.053938812493337596,3.645086311427746,0.11021623409073866,0.00022991439238908643,0.11849326032553965
30,200,0.0,0,-999.0,2.5,1,1,100,200,4.418891416992937,0.4024346244389545,-0.671910559857797,1.0029314785395074,239,177,62,0.17793945208399958,0.38905766975802153,0.28349856092101056,0.10555910883701097,6.7428867023790415,-0.2112875183862114,0.00016581132942242657,0.11662591843703136
20,120,0.01,0,-999.0,999.0,1,1,100,200,3.8953851130642967,0.37420607438387465,-0.6143521449904856,0.9911528687008644,101,74,27,0.16352201257861634,0.3023131862274811,0.2329175994030487,0.06939558682443236,4.258666285273373,-0.02085139936616698,0.00019199037968645685,0.11658764532367506
12,120,0.01,0,-999.0,999.0,1,1,100,200,3.7106131296002802,0.36366498759209454,-0.5941125507566258,0.9810036346262619,119,88,31,0.16011086238140923,0.295810681164055,0.2279607717727321,0.06784990939132289,3.9474269763749046,0.01052026993089461,0.00019195576139231893,0.11565889394509471
20,200,0.0,0,-999.0,2.5,1,1,100,200,4.414659120961096,0.4022153382564999,-0.675232162358907,1.0082799875464812,256,192,64,0.17346231745016522,0.37845112461358066,0.2759567210318729,0.10249440358170771,6.969795365459153,-0.22780400265870915,0.00016997243946197384,0.11501325645437045
20,120,0.0,0,-999.0,2.5,1,1,100,200,4.148784682448621,0.38815652838066494,-0.6524464743990492,1.006337396287058,267,201,66,0.1598976654940838,0.337863767188999,0.2488807163415414,0.08898305084745763,5.663315899520214,-0.11690558116339955,0.0001829802497922209,0.11225016099549323
20,120,0.01,0,-999.0,2.5,1,1,100,200,3.5342905046019446,0.35329289288593535,-0.5867103854672018,0.9824346248007578,213,166,47,0.1499840102334506,0.2820594819315638,0.21602174608250718,0.0660377358490566,3.8975979742737596,0.029888331962071746,0.0001983481028691173,0.10905943139237236
30,60,0.01,0,-999.0,2.5,1,1,100,200,3.2650147602765944,0.33681219331670453,-0.5534172471059298,0.9767526273557485,226,172,54,0.13639270866645348,0.2516256262658565,0.19400916746615499,0.05761645879970152,3.8163315674414315,-0.008502300797809559,0.00021174319684705062,0.10894120113152708
12,120,0.01,0,-999.0,2.5,1,1,100,200,3.24300180771007,0.3354284554592679,-0.5616980867839196,0.9581276994808364,228,176,52,0.14678605692356891,0.27566357531180047,0.21122481611768468,0.06443875919411576,3.4676764293319184,0.06442105684980248,0.00019561395746603834,0.10248579704134991
12,200,0.0,0,-999.0,2.5,1,1,100,200,3.931184576504406,0.3762114808485395,-0.6514991556559805,0.9728502004661754,274,204,70,0.16957147425647587,0.3698166506769001,0.269694062466688,0.10012258821021214,5.904402816303872,-0.18089729299016644,0.00016672231653671801,0.09910441304385803
12,96,0.0,0,-999.0,1.5,1,1,100,200,3.0140465220312977,0.3206847493340441,-0.5432378402296902,0.937585138090893,404,298,106,0.1267188999040614,0.27030700351774867,0.19851295171090502,0.07179405180684362,4.260236154914244,-0.06604363944903513,0.0002004699441609772,0.09594508612374365
48,200,0.0025,0,-999.0,1.5,1,1,100,200,2.8509346967248916,0.3097651944224733,-0.5216469472361918,0.8785688620601334,370,272,98,0.15176953416480118,0.33426606971538214,0.24301780194009168,0.09124826777529048,3.719494787121149,-0.018172447612564535,0.0001647359505742343,0.09287016390738409
12,96,0.005,0,-999.0,999.0,1,1,100,200,3.8576299366484683,0.3720783637513225,-0.6587657086343625,0.9966061390162062,160,115,45,0.1591781259993604,0.31374586931030807,0.23646199765483425,0.07728387165547383,4.858374449446241,-0.10174519986157216,0.00018513142094513883,0.09252581638495161
12,60,0.005,0,-999.0,2.5,1,1,100,200,3.3799205569256445,0.3439438329450557,-0.6121108880537287,0.9949916389358612,299,223,76,0.1326351135273425,0.2644440891162989,0.1985396013218207,0.0659044877944782,4.012609222784193,0.014718659711926652,0.0002070696961669046,0.08763797086498441
12,60,0.0025,0,-999.0,999.0,1,1,100,200,3.6041642229217095,0.3574411290862296,-0.6383497639471116,0.980909460191815,203,145,58,0.14641296237074938,0.29810254770280353,0.22225775503677647,0.07584479266602707,4.67639100646558,-0.10221898707217669,0.00019011156299112938,0.08731172012226454
20,60,0.0025,0,-999.0,999.0,1,1,100,200,3.74851001225659,0.3658535969395287,-0.6588621595441695,0.9890729790170656,169,115,54,0.14963756529154673,0.3058575844792666,0.22774757488540667,0.07811000959385993,5.167102878713871,-0.16211729524048635,0.00018770494299333028,0.08587616611829721
12,120,0.0,0,-999.0,1.5,1,1,100,200,2.9828774997465453,0.31862592074590657,-0.5641621077565231,0.9264910669138101,397,293,104,0.13210212130902887,0.28336531286643213,0.20773371708773053,0.07563159577870163,4.056672216646232,-0.039358907533231124,0.0001914661075466172,0.08286942021333553
30,96,0.0,0,-999.0,999.0,1,1,100,200,3.756255263016209,0.3662991777869933,-0.663800049283455,0.9488260542841143,130,94,36,0.17242298262445369,0.3547063212877092,0.2635646519560814,0.09114166933162776,4.34352638686179,-0.05010982135910658,0.00016743238006371565,0.08184045585947147
30,120,0.0,0,-999.0,999.0,1,1,100,200,3.9699892096332317,0.37837212052328084,-0.6903346544329102,0.9628621228702375,115,81,34,0.17908538535337384,0.3698433002878158,0.27446434282059484,0.09537895746722098,5.219181079012289,-0.15355173019441748,0.00016428135984697972,0.08134789945033763
20,200,0.01,0,-999.0,1.5,1,1,100,200,2.396262052780755,0.27724137434682095,-0.47933951717854517,0.8543343389178879,319,243,76,0.1371655473830082,0.26822833386632555,0.2026969406246669,0.06553139324165867,2.9996092199963607,-0.003973427411859354,0.00018170339789334248,0.08028833270344277
48,60,0.0,0,-999.0,999.0,1,1,100,200,3.665807486752512,0.3610591418788194,-0.6569197578607787,0.9478097345790245,133,97,36,0.16549408378637673,0.34052872828056713,0.2530114060334719,0.08751732224709519,4.7776085312880205,-0.13688928354490115,0.0001713086217846637,0.07998974967738125
12,96,0.01,0,-999.0,1.5,1,1,100,200,2.3760087071576756,0.27571333629256367,-0.4808313280860539,0.8860262280391068,331,253,78,0.12093593433535871,0.22540240912482679,0.17316917173009275,0.05223323739473404,2.7620085532138754,0.058954965483564825,0.0002082428245725718,0.07959898365149207
30,200,0.01,0,-999.0,1.5,1,1,100,200,2.4358962433117513,0.280210657416085,-0.4868647738876408,0.8562284045141587,312,237,75,0.1393774650890097,0.27358490566037735,0.20648118537469354,0.06710372028568383,2.9493408303610744,0.016909507365509002,0.00017981742503102524,0.0795896906979725
30,96,0.01,0,-999.0,2.5,1,1,100,200,2.8654414205914094,0.31075118026929816,-0.5718221423684657,0.9048189498500699,214,166,48,0.14897132501865473,0.27720925274490993,0.21309028888178233,0.0641189638631276,3.046704163693792,0.06311138881704981,0.0001863041203370502,0.07008105657756879
30,96,0.01,0,-999.0,999.0,1,1,100,200,3.0700734164955232,0.32435359806377284,-0.6004596618164784,0.9061014435324614,103,75,28,0.16240272892015778,0.29735635859716447,0.22987954375866113,0.06747681483850336,3.239715960373248,0.010734849956952397,0.00017851071418518066,0.06942883933215674
12,120,0.01,0,-999.0,1.5,1,1,100,200,2.3499976274604797,0.2737401066663401,-0.4963264643473163,0.8739947811497026,325,248,77,0.12514657286003625,0.23627545037842448,0.18071101161923037,0.05556443875919412,2.663519970862773,0.07581213444242008,0.0001989454006313694,0.06927661355016707
12,96,0.005,0,-999.0,2.5,1,1,100,200,3.295224843225826,0.33870193451849406,-0.6355739387268856,0.9653795800479501,274,205,69,0.14494723377038696,0.2921063852467754,0.21852680950858117,0.07357957573819422,4.158608310569401,-0.04508091551654847,0.00018760898281865483,0.06918394415744877
48,60,0.01,0,-999.0,999.0,1,1,100,200,3.1493711861900433,0.32947786954085223,-0.617627914089218,0.9233751745536516,107,79,28,0.15688625946061188,0.28491099029954164,0.22089862488007675,0.06401236541946488,3.7083937603453743,-0.07028448875140714,0.00018632892509197582,0.0668326712239258
12,60,0.0,0,-999.0,1.5,1,1,100,200,2.709106462325165,0.29996554567142053,-0.5575327519564541,0.9121328242051409,418,308,110,0.11512631915574033,0.24613580641722632,0.1806310627864833,0.06550474363074299,3.7018189735349294,-0.027714876099444452,0.00020925175767711477,0.0668058109034505
48,96,0.01,0,-999.0,999.0,1,1,100,200,3.2858473402405917,0.338116481446618,-0.6368632623652668,0.9224138713349013,89,63,26,0.1685321394307643,0.30892228973456987,0.2387272145826671,0.07019507515190278,4.05584669760235,-0.11371430775395552,0.0001774356895414397,0.06580554383072965
30,60,0.005,0,-999.0,999.0,1,1,100,200,3.385795338956764,0.344304412548202,-0.6535763330087969,0.9534143232563168,143,101,42,0.15184948299754825,0.30071420957254025,0.22628184628504425,0.074432363287496,4.476005742277309,-0.1397111624698365,0.0001823030209019075,0.06518696220661938
20,60,0.005,0,-999.0,2.5,1,1,100,200,3.2504201958715484,0.33589541672534806,-0.642901326903168,0.9714082267338782,268,197,71,0.13503357850975375,0.2718526809508581,0.20344312973030593,0.06840955122055219,4.190079643648825,-0.0635860854187007,0.00019828504177512685,0.06301516461045795
30,96,0.0,0,-999.0,2.5,1,1,100,200,3.303174672610111,0.33919745535222945,-0.6472857539946246,0.9249202397546712,266,200,66,0.1575258501225882,0.33096151796183776,0.24424368404221297,0.08671783391962477,4.197132130428455,-0.05419669343957523,0.00017207083820877653,0.0618005903426507
12,200,0.01,0,-999.0,1.5,1,1,100,200,2.2423602722483036,0.26544197174056894,-0.4928159892796913,0.8363932499690209,329,248,81,0.134847031233344,0.2629250612941051,0.19888604626372455,0.06403901503038055,2.876975660873211,-0.014112174851793946,0.00017979937147437477,0.06085363959917434
48,96,0.01,0,-999.0,2.5,1,1,100,200,2.9413675164920163,0.31586392909395533,-0.6108350134190329,0.9055297019432976,203,156,47,0.15510073552926126,0.28872188466048393,0.2219113100948726,0.06681057456561135,3.6933413734768488,-0.07048435766910865,0.00018203024402828452,0.055722907481603766
12,120,0.005,0,-999.0,999.0,1,1,100,200,3.32928097878193,0.34081955394806585,-0.6660131559243876,0.9339771832673052,136,100,36,0.16477454429165334,0.3285097537575951,0.24664214902462425,0.0818676047329709,3.9064631535667447,-0.055533318247348196,0.00016805784193812785,0.05451183514923731
30,200,0.005,0,-999.0,999.0,1,1,100,200,3.542996048495655,0.353812496916488,-0.6916950386082019,0.9266975138118687,78,54,24,0.18622748107877626,0.382262018974523,0.2842447500266496,0.09801726894787337,4.443930496377261,-0.13229618322559245,0.000151518084856828,0.054299853302980455
30,120,0.0,0,-999.0,2.5,1,1,100,200,3.405931541298046,0.34553739871292266,-0.6755264861890575,0.9301403492007225,256,191,65,0.16378850868777317,0.34559215435454643,0.2546903315211598,0.09090182283338663,4.960401694562759,-0.15983262908285334,0.00016736155348981576,0.05428117307843003
20,120,0.01,0,-999.0,1.5,1,1,100,200,2.287415841944831,0.26894187918290147,-0.5184196468955959,0.8562508693674019,315,239,76,0.1279447820061827,0.24152542372881355,0.18473510286749814,0.05679032086131543,2.6688628784616437,0.048918270148845755,0.0001935883412562361,0.052544599203473596
20,120,0.0,0,-999.0,1.5,1,1,100,200,2.7233045838065157,0.30095993611084304,-0.5879424909419009,0.8866178501387096,382,280,102,0.13572646839356145,0.2892282272678819,0.21247734783072167,0.07675087943716022,3.754180647853251,-0.05196608162117644,0.00018193927923926585,0.051319583146828086
30,200,0.0,0,-999.0,1.5,1,1,100,200,2.83345702399133,0.308573326922702,-0.6049805346387692,0.8789329473806086,385,280,105,0.15057030167359556,0.33455921543545464,0.2425647585545251,0.09199445688092954,4.276342854620878,-0.11919415907094111,0.00016408227511467677,0.05002970697234783
20,96,0.0,0,-999.0,999.0,1,1,100,200,3.1316924706086793,0.3283422884143581,-0.6484552886773081,0.8927579129434359,150,108,42,0.16653341861208826,0.34593859929645027,0.2562360089542693,0.089702590342181,3.8401408381091455,-0.07986781565932921,0.00016011192968351339,0.048752539722875854
30,60,0.005,0,-999.0,2.5,1,1,100,200,2.887872994326123,0.31226998752047597,-0.6209808914461001,0.9208761904976576,255,190,65,0.1379916853213943,0.2797143161709839,0.2088530007461891,0.0708613154247948,3.8076701648217064,-0.08132097939868432,0.0001844608864811973,0.04782335132230878
48,60,0.01,0,-999.0,2.5,1,1,100,200,2.6874570191174114,0.29844341199872937,-0.590220949134358,0.8897895402314384,214,167,47,0.14398784777742246,0.26535017588743204,0.20466901183242725,0.060681164055004795,3.108210049136125,-0.0010230741035658353,0.00018798094448157086,0.04782241444312231
20,60,0.0,0,-999.0,1.5,1,1,100,200,2.6123355198579654,0.2931056986644984,-0.5801659325313062,0.8921603874611884,389,282,107,0.11776463063639271,0.2517588743204349,0.1847617524784138,0.06699712184202111,3.9048986290448715,-0.10535766221222498,0.00020147367173083838,0.04763075177190474
20,120,0.005,0,-999.0,999.0,1,1,100,200,3.384408814781181,0.34421934596654413,-0.6932143047783963,0.93294701299517,117,85,32,0.16871868670717408,0.3361848417013112,0.25245176420424265,0.08373307749706854,4.104804168823022,-0.08936458372447886,0.00016591414420247467,0.044259544227104486
48,60,0.0,0,-999.0,2.5,1,1,100,200,2.999106046564902,0.3196994777090356,-0.6415761793935835,0.8981020187297928,264,199,65,0.15139643961198165,0.3176900117258288,0.23454322566890523,0.08314678605692356,4.2000867047212935,-0.12240620515780243,0.00017137197858671998,0.04381648894873352
20,200,0.005,0,-999.0,999.0,1,1,100,200,3.3762929456636463,0.3437209858971706,-0.6933158149681703,0.9148433966102193,94,68,26,0.1827363820488221,0.37274810787762497,0.27774224496322353,0.09500586291440145,4.510847709530702,-0.16765203639517556,0.00015227063163384392,0.04280524824359641
20,200,0.0,0,-999.0,1.5,1,1,100,200,2.710918156006167,0.30009260011183825,-0.6026407965229514,0.8677379790968147,392,287,105,0.14702590342181004,0.32547169811320753,0.2362488007675088,0.08922289734569876,4.179342181109646,-0.1283346593540481,0.00016535164511217253,0.04215910080520327
12,96,0.0025,0,-999.0,999.0,1,1,100,200,3.0923949047443795,0.3258040446552206,-0.6602795821000367,0.9094764921903135,171,121,50,0.1605639057669758,0.3270706747681484,0.2438172902675621,0.0832533845005863,4.2471705907356885,-0.15044047027328467,0.00016523723181547374,0.04113807821471795
12,120,0.005,0,-999.0,2.5,1,1,100,200,2.895497214345454,0.31278461570042504,-0.637247816764632,0.9076533562415288,257,195,62,0.15022385673169172,0.30639057669758024,0.22830721671463597,0.07808335998294424,3.468110901942689,-0.008575261764691255,0.00017123116842600393,0.03954337513018546
20,120,0.005,0,-999.0,2.5,1,1,100,200,3.0873140351300457,0.32547444787688184,-0.664958809619417,0.9236760097027137,242,185,57,0.15379490459439293,0.3137991685321394,0.23379703656326617,0.08000213196887325,3.832924737617965,-0.04546743671638698,0.00017210126474266843,0.03917884355230903
48,96,0.0,0,-999.0,999.0,1,1,100,200,3.4325641846924118,0.3471612725747977,-0.7072602881525163,0.9121101759445197,113,80,33,0.1809242085065558,0.3686440677966102,0.274784138151583,0.09385992964502718,4.78161774387895,-0.1887598566278189,0.00015676697417838891,0.03913663729576552
30,200,0.005,0,-999.0,2.5,1,1,100,200,3.053102903464601,0.323246593381852,-0.6640520329661512,0.8953964955224452,214,162,52,0.17050421063852467,0.3585438652595672,0.26452403794904594,0.09401982731052126,3.9592675942953273,-0.09039839468889377,0.0001536108160781886,0.03599040167489867
12,200,0.005,0,-999.0,999.0,1,1,100,200,3.191190210066372,0.3321487631612099,-0.6834596277405259,0.9016518851117082,109,77,32,0.1789787869097111,0.36451337810467965,0.2717460825071954,0.09276729559748427,4.1785980002131184,-0.1453266932965086,0.00015172135636878052,0.035501543546532344
20,96,0.01,0,-999.0,999.0,1,1,100,200,2.489217053269375,0.28416238184462084,-0.5823072440856191,0.8400538608176208,119,86,33,0.15784564545357638,0.2897612194861955,0.22380343246988593,0.06595778701630957,2.6606637994025433,0.011614686748080416,0.00016804963558910858,0.035011452842692345
20,96,0.01,0,-999.0,2.5,1,1,100,200,2.282433674556166,0.2685567591179374,-0.5519211536008147,0.8310167697019707,227,174,53,0.14438759194115766,0.26958746402302525,0.20698752798209147,0.0625999360409338,2.4557638254379706,0.06403681897609115,0.00017419751773847157,0.03414702080262859
12,60,0.0025,0,-999.0,2.5,1,1,100,200,2.759004645236401,0.3034469182123123,-0.6329052664869632,0.9079793209602626,315,232,83,0.13308815691290907,0.27635646519560814,0.20472231105425862,0.07163415414134953,3.733291478723296,-0.07033153431405259,0.0001854617660619951,0.032393251016843816
20,96,0.0,0,-999.0,2.5,1,1,100,200,2.7640174712869414,0.3037946136395042,-0.6303241609791981,0.8695063064176333,281,209,72,0.15179618377571688,0.32240699285790425,0.23710158831681058,0.0853054045410937,3.7301167303533758,-0.08417307696701226,0.00016458838332045664,0.03210784847078685
12,60,0.01,0,-999.0,1.5,1,1,100,200,1.900628126058423,0.2375471827388076,-0.4928211882902104,0.8163190888727463,345,266,79,0.11000959385992964,0.20397612194861955,0.15699285790427459,0.046983264044344955,2.1072862142349185,0.10929058986997031,0.00020765061034512622,0.03195254303733972
12,200,0.0,0,-999.0,1.5,1,1,100,200,2.5440838425550516,0.288178575953979,-0.602143480537608,0.8502051576414912,406,296,110,0.14409444622108517,0.3182763031659738,0.23118537469352948,0.0870909284724443,3.9844244631078816,-0.1288904072718221,0.0001647810101259682,0.02961709356724955
20,200,0.005,0,-999.0,2.5,1,1,100,200,2.95640947710129,0.3168674674887999,-0.6664734508935843,0.8892008826482445,228,175,53,0.1670397612194862,0.3494296983264044,0.2582347297729453,0.09119496855345911,4.0898352018635915,-0.12879679403172195,0.00015523505768875944,0.028090786174419957
30,120,0.01,0,-999.0,2.5,1,1,100,200,2.5522022012274608,0.28876860063063337,-0.6112702712167414,0.8569546041741231,209,160,49,0.15331521159791067,0.2889084319368937,0.22111182176740218,0.06779661016949153,3.1976768613364337,-0.06052809122480485,0.00017216426858798176,0.025981195230968833
30,120,0.01,0,-999.0,999.0,1,1,100,200,2.7318993952618476,0.30156041604360384,-0.6372694091208604,0.8604636504741727,95,67,28,0.16698646199765482,0.3093486835092208,0.2381675727534378,0.07118111075578297,3.3688108283756,-0.10422108774138472,0.00016511384707637537,0.025948894006882287
30,96,0.01,0,-999.0,1.5,1,1,100,200,1.8918602130767201,0.23679760107801684,-0.501161935583881,0.7892950905255043,312,239,73,0.1264524037949046,0.23683509220765378,0.1816437480012792,0.05519134420637459,2.1673816560294843,0.0671949987492042,0.00018237461320020704,0.025681387812351554
30,60,0.0025,0,-999.0,999.0,1,1,100,200,2.8012208300003953,0.30636357209874454,-0.6540296573223053,0.8791105900108614,152,106,46,0.15363500692889884,0.31406566464129626,0.23385033578509754,0.0802153288561987,3.935538211826363,-0.16899580380091828,0.0001640292978758608,0.023304272938134946
12,200,0.005,0,-999.0,2.5,1,1,100,200,2.7994268468080747,0.3062401568922375,-0.6548338463081057,0.8765983412907492,242,183,59,0.16349536296770067,0.34140816544078456,0.25245176420424265,0.08895640123654194,3.7936484087022366,-0.10542927067326757,0.00015487511015601857,0.0226531508027221
30,200,0.0025,0,-999.0,999.0,1,1,100,200,3.1428947944963204,0.329062312588535,-0.7085522636190051,0.8826437514751189,85,56,29,0.18897239100309135,0.40019720712077606,0.2945847990619337,0.10561240805884234,4.38654753421194,-0.1974806003465709,0.0001397756935362695,0.0189183683527884
30,96,0.0,0,-999.0,1.5,1,1,100,200,2.2537721030189135,0.26633210123031414,-0.5790603156847862,0.8213541351295119,377,279,98,0.13308815691290907,0.28269907259354016,0.2078936147532246,0.07480545784031553,2.9259164425018858,0.0007625892162328451,0.00017276492067022514,0.017869650144396634
20,60,0.01,0,-999.0,1.5,1,1,100,200,1.8991299548622487,0.23741923039691093,-0.5220405032400783,0.8095223610527876,318,243,75,0.11275450378424474,0.20906619763351456,0.16091035070887966,0.0481558469246349,2.260280061859068,0.04251633062324833,0.00020232431951035641,0.016875096829511146
48,60,0.01,0,-999.0,1.5,1,1,100,200,1.865894211544901,0.23456701520614942,-0.5156314779838918,0.7919381513918604,305,236,69,0.121495576164588,0.22596205095405608,0.17372881355932204,0.05223323739473404,2.2508071638668534,0.02686988769102605,0.00018767640756083096,0.01634818378379657
48,60,0.0,0,-999.0,1.5,1,1,100,200,2.204127337848601,0.2624414017824721,-0.5745121033789886,0.8202612440295842,368,274,94,0.127251892122375,0.27057349962690547,0.19891269587464022,0.07166080375226522,3.0496804304122627,-0.04891532712548652,0.00017681530793623164,0.01619841229445701
12,96,0.005,0,-999.0,1.5,1,1,100,200,2.080457968524619,0.2525353482248014,-0.5636478943667292,0.8277922565039534,366,276,90,0.12306790320861316,0.2505596418292293,0.18681377251892123,0.06374586931030807,2.7287062583908694,-0.007905866548058249,0.00018093112745861753,0.012101013866634446
20,200,0.0025,0,-999.0,999.0,1,1,100,200,2.9800983993733094,0.3184417258996417,-0.704497159583755,0.8692786181411314,104,72,32,0.18526809508581174,0.3895640123654195,0.28741605372561563,0.10214795863980386,4.375334860332342,-0.2200311725334585,0.00014048958276749088,0.009657077014820763
12,120,0.005,0,-999.0,1.5,1,1,100,200,2.099936279003556,0.25411644280211454,-0.5763466963803365,0.8244689677933978,356,268,88,0.1279714316170984,0.2629783605159365,0.19547489606651744,0.06750346444941904,2.6136572329478374,0.025013442888865756,0.00017391560384287004,0.00716654300161617
30,60,0.0,0,-999.0,1.5,1,1,100,200,2.1063843226063432,0.2546380930712797,-0.5818113273270356,0.8108808326130297,374,274,100,0.12016309561880396,0.25831467860569235,0.18923888711224815,0.0690757914934442,3.2313059640394766,-0.11485558433514609,0.00018065019928574562,0.004276471038413422
12,96,0.0025,0,-999.0,2.5,1,1,100,200,2.5180651956444278,0.2862802839117111,-0.6513891621842476,0.8592025675740418,290,214,76,0.14617311587250825,0.3042586078243258,0.22521586184841702,0.07904274597590875,3.7509644962715987,-0.1439274990281617,0.00016452188381326708,0.003545831198289419
48,96,0.0,0,-999.0,2.5,1,1,100,200,2.797465471414282,0.3061051727647979,-0.6934152077884409,0.8612524045915496,254,191,63,0.16586717833919626,0.34473936680524464,0.25530327257222046,0.08943609423302419,4.35206449239958,-0.1943587616847119,0.00015652568448322243,0.0024601891001549067
20,60,0.0025,0,-999.0,2.5,1,1,100,200,2.505773010655555,0.2853795512899575,-0.6547757609735511,0.8660170994307709,284,206,78,0.13591301566997122,0.28408485236115555,0.20999893401556338,0.07408591834559215,3.76960659899036,-0.1527989746054892,0.000173705049124008,0.0012925257747205265
12,120,0.0025,0,-999.0,999.0,1,1,100,200,2.628650742018715,0.294272463248187,-0.6716160481955653,0.8470852223793753,148,107,41,0.16642682016842555,0.34220765376825496,0.25431723696834024,0.08789041679991472,3.3862088089196503,-0.10915592602780766,0.00014916368820524204,0.0008187002693731266
30,120,0.0,0,-999.0,1.5,1,1,100,200,2.198775422414344,0.26201909469687434,-0.6088719503687136,0.8080293205999391,377,276,101,0.13839142948512953,0.2957840315531393,0.2170877305191344,0.0786963010340049,3.232776170722188,-0.08747781923745113,0.00016478963878718787,-0.002015414457485473
30,60,0.01,0,-999.0,1.5,1,1,100,200,1.6168477477321819,0.2123078602635573,-0.5043828585592409,0.7488772615196259,311,237,74,0.11509966954482465,0.2142362221511566,0.16466794584799063,0.04956827630316597,2.1473936570418046,-0.02864703323453066,0.00018498380589506493,-0.002439705940081867
20,120,0.0025,0,-999.0,999.0,1,1,100,200,2.684732077709909,0.29825132013344446,-0.6934168540694511,0.8487971222140133,127,90,37,0.17098390363500693,0.3500159897665494,0.2604999467007782,0.08951604306577124,3.477078285561122,-0.12300761368974611,0.00014760610476883038,-0.0060172507905804085
20,96,0.01,0,-999.0,1.5,1,1,100,200,1.5320533763076667,0.2043420261418596,-0.49530181732457224,0.7227055085493501,322,245,77,0.1228813559322034,0.2304924848097218,0.1766869203709626,0.053805564438759196,1.8314086768251374,0.05053178167243022,0.00017096842549819684,-0.007173607092959021
30,96,0.005,0,-999.0,2.5,1,1,100,200,2.4073310316109424,0.2780734088897756,-0.6562495022407688,0.8365014831507844,243,184,59,0.15147638844472872,0.30758980918878587,0.22953309881675726,0.07805671037202856,2.8534723779759914,-0.0015138298903758507,0.00015961210761265886,-0.008226268073069587
30,96,0.005,0,-999.0,999.0,1,1,100,200,2.5698177258830706,0.2900451587223898,-0.6837949651050587,0.8396128290406325,120,86,34,0.16618697367018442,0.32976228547063213,0.24797462957040828,0.08178765590022385,2.979370583110575,-0.047432320134512596,0.00015241466414932424,-0.00987168237810792
30,60,0.0025,0,-999.0,2.5,1,1,100,200,2.2536402654267333,0.2663218320887426,-0.6362902874631782,0.8246183609450681,269,198,71,0.13972391003091356,0.29199978680311267,0.2158618484170131,0.07613793838609956,3.425112513887518,-0.15885196979134408,0.00016234320070283785,-0.010592393595593073
12,60,0.005,0,-999.0,1.5,1,1,100,200,1.779843965881466,0.22705748396833947,-0.5594548314405384,0.7850543172101023,379,288,91,0.11190171623494297,0.2270280353906833,0.16946487581281314,0.057563159577870164,2.2360515767680917,0.038303625453992574,0.0001850604444026451,-0.013417215891424625
20,96,0.0,0,-999.0,1.5,1,1,100,200,1.8863998429200408,0.23632986703361136,-0.5775499117280379,0.7659767823676108,388,285,103,0.12855772305724336,0.2756102760899691,0.20208399957360623,0.07352627651636286,2.677049891635785,-0.046916020638985145,0.00016476808864871655,-0.014146249712027062
30,200,0.0025,0,-999.0,2.5,1,1,100,200,2.571116811240621,0.29013910092050144,-0.6938206331871296,0.8335950996176285,228,169,59,0.17338236861741818,0.3752265216927833,0.2743044451551007,0.10092207653768255,4.006125511868571,-0.20048931031016903,0.0001392506658424643,-0.015091460692181945
20,120,0.005,0,-999.0,1.5,1,1,100,200,1.9989019808682746,0.24582715114639497,-0.6020174741429056,0.8005028982455881,345,258,87,0.13087623920690758,0.2689745229719646,0.19992538108943608,0.06904914188252852,2.583502525461435,-0.0055359463843195345,0.00016767494154363763,-0.015156441012778438
30,200,0.005,0,-999.0,1.5,1,1,100,200,1.8953355520376234,0.23709493005107962,-0.5865994086414087,0.7631517104430251,344,257,87,0.14481398571580856,0.308495895959919,0.22665494083786378,0.08184095512205522,2.4980832507509154,-0.016926263309240075,0.000147765561178052,-0.018047188747473464
20,200,0.0025,0,-999.0,2.5,1,1,100,200,2.5003673494487932,0.2849826415532746,-0.691163118852282,0.8286166838059618,245,184,61,0.16957147425647587,0.3650197207120776,0.2672955974842767,0.09772412322780087,4.1097970758482045,-0.22567309529288937,0.0001412325995639031,-0.01916808368256833
48,96,0.01,0,-999.0,1.5,1,1,100,200,1.6545988039632635,0.2157880235040197,-0.5439984227633645,0.7363617253743586,308,235,73,0.1315424794797996,0.24730838929751625,0.18942543438865792,0.05788295490885833,2.2661913646888343,-0.05189738538595845,0.00016723146356510427,-0.01939310160894462
12,200,0.0025,0,-999.0,999.0,1,1,100,200,2.4929678598865306,0.28443853967190225,-0.6934862504955046,0.8165488697318551,123,86,37,0.1810574565611342,0.3805564438759194,0.2808069502185268,0.09974949365739261,3.495669879778375,-0.17374145004144415,0.00013411849295727018,-0.0214771420892573
48,60,0.005,0,-999.0,999.0,1,1,100,200,2.42306774214431,0.27925259426679516,-0.6891169531452539,0.8265930283191324,125,91,34,0.15963116938492697,0.3159044877944782,0.23776782858970258,0.07813665920477561,3.2323004582331256,-0.13902766725772997,0.00015391897571314232,-0.02397623088987516
48,120,0.01,0,-999.0,2.5,1,1,100,200,2.035994844630551,0.2488959998494371,-0.6257046307832284,0.7739451100674957,203,156,47,0.15653981451870802,0.3005010126852148,0.2285204136019614,0.07198059908325338,3.1745107449379386,-0.19501579242944422,0.00015340528362146815,-0.02525906003880228
30,120,0.01,0,-999.0,1.5,1,1,100,200,1.5614555353506305,0.2071279933832959,-0.537612879194618,0.7189752186285939,316,238,78,0.13023664854493125,0.24738833813026329,0.18881249333759728,0.058575844792666025,2.0990338206724592,-0.031953556055752896,0.00016328163701755024,-0.025729685282583382
20,120,0.0025,0,-999.0,2.5,1,1,100,200,2.321388014799661,0.2715555461532566,-0.6778353699382504,0.8184373663695858,257,193,64,0.1560601215222258,0.3265110329389191,0.24128557723057242,0.08522545570834666,3.328572173729503,-0.12743909971759793,0.00015019990522542292,-0.02644027049738932
20,200,0.005,0,-999.0,1.5,1,1,100,200,1.7869271757531,0.22768259884958875,-0.5856798398922619,0.7475270328950474,351,264,87,0.1421223750133248,0.3007941584052873,0.22145826670930605,0.07933589169598124,2.5081157277506048,-0.053131974216696576,0.00014749177547743547,-0.027780969451789837
48,120,0.01,0,-999.0,999.0,1,1,100,200,2.1551872283066755,0.2585584407343826,-0.6507383655366756,0.7775166006104782,86,60,26,0.17029101375119923,0.32102121309028886,0.24565611342074406,0.07536509966954483,3.2914106265302268,-0.23245402964415285,0.0001468208346490553,-0.02793491200343129
12,120,0.0025,0,-999.0,2.5,1,1,100,200,2.1775831855739827,0.26034129506934445,-0.656944143083708,0.802543817851879,274,205,69,0.15174288455388552,0.3188892442170344,0.23531606438545996,0.08357317983157446,3.1072002700000967,-0.11271268564226622,0.0001493380147689936,-0.028003585579915585
12,200,0.005,0,-999.0,1.5,1,1,100,200,1.8154495831227995,0.23018699865925218,-0.5933674267153273,0.7573635419093225,361,269,92,0.1395107131435881,0.2941317556763671,0.2168212344099776,0.07731052126638951,2.6022731820697387,-0.0637736332748493,0.00015085166025882387,-0.02862853760294532
48,60,0.005,0,-999.0,2.5,1,1,100,200,2.1082809300835157,0.2547913648079343,-0.6620351028353104,0.7981907089113988,243,185,58,0.1457200724869417,0.2945847990619337,0.2201524357744377,0.074432363287496,2.807158712008925,-0.07806721847980858,0.00015655263155158155,-0.036316651164150976
48,96,0.005,0,-999.0,999.0,1,1,100,200,2.4370725591300504,0.28029836420979226,-0.7187579781412212,0.8164111870928079,105,74,31,0.1733557190065025,0.3430071420957254,0.258181430551114,0.08482571154461145,3.3983026609699456,-0.1764124902921128,0.00014466446545830338,-0.03826006550617795
30,120,0.005,0,-999.0,999.0,1,1,100,200,2.4063160361744553,0.2779972036802598,-0.7140968462627933,0.8136815561366482,108,76,32,0.17202323846071849,0.3439665280886899,0.2579948832747042,0.08597164481398571,3.2347350261452927,-0.1509828460784941,0.00014327624492787482,-0.038367141644304444
30,120,0.005,0,-999.0,2.5,1,1,100,200,2.1897042324915676,0.26130201586743484,-0.6891910609811995,0.7993578127090596,235,177,58,0.15688625946061188,0.32131435881036136,0.23910030913548663,0.08221404967487475,3.042859670314691,-0.11263128963045466,0.00014831996572278885,-0.04332562398771194
30,96,0.005,0,-999.0,1.5,1,1,100,200,1.6239842051000295,0.2129688144304165,-0.5864203866997992,0.7317074653297585,343,258,85,0.12821127811533953,0.2630583093486835,0.1956347937320115,0.067423515616672,2.0381376975167784,0.025306931120767207,0.00015736552043917176,-0.043656005652995204
20,96,0.005,0,-999.0,2.5,1,1,100,200,1.8961444015443636,0.23716408936688715,-0.6396062413996597,0.7628952949515345,257,194,63,0.14665280886899051,0.2992484809721778,0.22295064492058417,0.07629783605159364,2.391508153240711,-0.028935351899366135,0.00014851047539824922,-0.044494266585365976
20,60,0.005,0,-999.0,1.5,1,1,100,200,1.651783691067965,0.21552987690542857,-0.5966411932501794,0.7530197219839561,351,262,89,0.11411363394094447,0.23254450485022918,0.17332906939558682,0.05921543545464236,2.3483151946226335,-0.05604888409360986,0.00017504630214759066,-0.045139733620463314
30,96,0.0025,0,-999.0,999.0,1,1,100,200,2.109773284154287,0.25491191477951003,-0.678139691687857,0.772730623229371,127,90,37,0.1687986355399211,0.343460185481292,0.25612941051060656,0.08733077497068543,2.546031795165077,-0.06551851896293048,0.00013702026493735622,-0.045521399902949934
12,200,0.0025,0,-999.0,2.5,1,1,100,200,2.0827917355682057,0.25272520583730396,-0.678400370737295,0.7744595957802096,261,195,66,0.16546743417546103,0.356225349109903,0.26084639164268203,0.09537895746722098,3.279071724730814,-0.17911140199205955,0.00013458686020317994,-0.047751999742333046
20,96,0.005,0,-999.0,999.0,1,1,100,200,2.030770148356134,0.24846555971517148,-0.6699369765331264,0.7687880990327375,138,100,38,0.1611501972071208,0.3212077603666986,0.24117897878690972,0.08002878157978893,2.505297494325457,-0.07359277821638421,0.00014205996634259702,-0.04806352359975487
48,96,0.005,0,-999.0,2.5,1,1,100,200,2.11502760950122,0.2553359828389794,-0.694258236473402,0.7865419405874362,231,175,56,0.15843193689372134,0.3207280673702164,0.23958000213196887,0.08114806523824752,3.0578268932750534,-0.13832807837057692,0.00014688955572923076,-0.05246603836834979
48,60,0.0025,0,-999.0,999.0,1,1,100,200,1.9971866547128583,0.2456845020727494,-0.6775627716937126,0.7606915821776287,132,95,37,0.16202963436733825,0.32933589169598126,0.24568276303165973,0.08365312866432151,2.769815791398372,-0.1506938578033047,0.00013834631132047194,-0.05506230466522547
30,60,0.005,0,-999.0,1.5,1,1,100,200,1.4303299080231628,0.1944992382717008,-0.572879574091212,0.7021721689789024,341,255,86,0.11616565398145187,0.2387005649717514,0.17743310947660165,0.061267455495149774,2.134784912288635,-0.08056038737809823,0.00016094232987382326,-0.056831940324960105
48,96,0.0,0,-999.0,1.5,1,1,100,200,1.7334364973601168,0.22293006199518262,-0.6355451383762254,0.7297481031929609,375,279,96,0.14001705575098602,0.2950111928365846,0.2175141242937853,0.07749706854279928,2.8061237195510476,-0.13368333764464446,0.00015124049266308906,-0.058355102033282036
30,96,0.0025,0,-999.0,2.5,1,1,100,200,1.8671481116539295,0.23467510105323774,-0.6634949389617869,0.7488901444264503,256,192,64,0.1540880503144654,0.3201684255409871,0.23712823792772625,0.08304018761326085,2.5049602720474398,-0.07024050023796125,0.00014065142849605276,-0.05962786120633319
30,120,0.0025,0,-999.0,999.0,1,1,100,200,2.131417928034402,0.2566551530973782,-0.7117591474982137,0.7725838802520931,114,79,35,0.1747414987741179,0.35793092420850653,0.2663362114913122,0.09159471271719433,2.983188023048847,-0.16771665779198042,0.00013260403332751483,-0.06059522663912399
48,60,0.005,0,-999.0,1.5,1,1,100,200,1.4952894129029186,0.2008218589734556,-0.5940261672820744,0.7107084456740099,336,255,81,0.12256156060121522,0.2511192836584586,0.1868404221298369,0.06427886152862168,2.0450511736164394,-0.030593231235963025,0.00015728259487493443,-0.06065580238388107
12,96,0.0025,0,-999.0,1.5,1,1,100,200,1.4371570139311785,0.195170044794724,-0.5850212861152734,0.6959380393638996,387,287,100,0.12360089542692676,0.2607397931990193,0.19217034431297303,0.06856944888604627,2.1909015735629227,-0.07311234142470635,0.00015223947763632579,-0.0625436962947177
12,120,0.0025,0,-999.0,1.5,1,1,100,200,1.4557027686922028,0.19698472611863505,-0.6016886446750738,0.6957353584126619,378,280,98,0.1287709199445688,0.2734783072167146,0.2011246135806417,0.07235369363607291,2.1032278031504434,-0.043985836262661615,0.00014678777469828182,-0.06907282829826875
30,200,0.0025,0,-999.0,1.5,1,1,100,200,1.5408503318964284,0.20517827231554064,-0.6240563881357111,0.6956046338244719,367,269,98,0.14665280886899051,0.32270013857797675,0.23467647372348363,0.08802366485449313,2.394581093790191,-0.100697370921911,0.00013237271805162555,-0.07206969006109129
30,120,0.0025,0,-999.0,2.5,1,1,100,200,1.8317580730935576,0.23160985390734856,-0.6987158840323673,0.7393737849902052,247,184,63,0.15963116938492697,0.33413282166080377,0.24688199552286536,0.08725082613793839,2.881466503499478,-0.17451518915232989,0.00013458278925614835,-0.08077939885932481
20,200,0.0025,0,-999.0,1.5,1,1,100,200,1.4117180277804096,0.19266281631640503,-0.6173381252405459,0.6724156144428167,375,277,98,0.14369470205734997,0.31393241658671783,0.2288135593220339,0.08511885726468393,2.304535427347893,-0.11962703554628396,0.00013100370325042508,-0.08238546558172707
48,60,0.0025,0,-999.0,2.5,1,1,100,200,1.6278914855173858,0.2133300844117143,-0.663019235754797,0.7114370621508053,256,193,63,0.14809188785843727,0.30692356891589384,0.22750772838716554,0.07941584052872828,2.4613636543461443,-0.13709339268878673,0.00013743926747187906,-0.08260768035814395
20,96,0.005,0,-999.0,1.5,1,1,100,200,1.265156429400823,0.17779114125197237,-0.5873695574940281,0.6574925892234408,353,265,88,0.12453363180897559,0.25612941051060656,0.19033152115979107,0.06579788935081547,1.7556422390395574,-0.019274399919171792,0.00014534686547811894,-0.08301900803386963
12,60,0.0025,0,-999.0,1.5,1,1,100,200,1.2596582296956047,0.1772184244135977,-0.5875640346425042,0.6636895225986094,400,298,102,0.11182176740219593,0.23691504104040081,0.17436840422129837,0.06254663681910244,1.847731986295519,-0.03077577010735122,0.00015655832445762592,-0.08337911677772392
20,120,0.0025,0,-999.0,1.5,1,1,100,200,1.3879905298568573,0.19030512996595195,-0.6174034912556474,0.6772008937025538,366,269,97,0.1322353693636073,0.27955441850548984,0.20589489393454855,0.07365952457094127,2.0409741139214526,-0.05699142327831075,0.00014175738697069646,-0.08453657097674408
48,96,0.0025,0,-999.0,999.0,1,1,100,200,1.935631713463596,0.24052174918385116,-0.7278856622523209,0.7426919995689376,112,78,34,0.17642042426180576,0.35694488860462636,0.2666826564332161,0.0902622321714103,2.8937603562015974,-0.20263177564108126,0.00012846636417411316,-0.08628648196386239
48,120,0.01,0,-999.0,1.5,1,1,100,200,1.1044117772030093,0.16056751227632637,-0.5556160505596439,0.6111223149735538,317,239,78,0.13260846391642683,0.25748854066730625,0.19504850229186654,0.06244003837543972,1.9997431563162356,-0.17794752264859304,0.00013863434608172166,-0.08668439725481789
48,120,0.0,0,-999.0,999.0,1,1,100,200,1.938218429059562,0.24074043764025954,-0.7292971642666541,0.7313161602951799,105,73,32,0.18553459119496854,0.3845538855132715,0.28504423835412,0.09950964715915148,3.343034788144192,-0.2869878465107528,0.00012307190565707948,-0.08734233647830852
30,120,0.005,0,-999.0,1.5,1,1,100,200,1.3416267674325986,0.18564357893861239,-0.6201629652597773,0.6675219906237435,345,257,88,0.1329016096364993,0.2754770280353907,0.204189318835945,0.07128770919944569,1.9750130318204038,-0.06467329392499299,0.00014078711528285872,-0.0910618041600891
20,96,0.0025,0,-999.0,999.0,1,1,100,200,1.554443398684124,0.20646589850159458,-0.673183917966133,0.6863052645460893,149,106,43,0.1630156699712184,0.33453256582453894,0.24877411789787868,0.08575844792666026,2.089456600059427,-0.10920613848088856,0.0001243520827670508,-0.09581079725416744
30,96,0.0025,0,-999.0,1.5,1,1,100,200,1.1746990249368112,0.1682238032830754,-0.5952742639902344,0.6295824836206472,361,268,93,0.12994350282485875,0.273531606438546,0.20173755463170237,0.07179405180684362,1.6302976710543446,-0.00961508364774355,0.0001350762356045372,-0.09793420453100946
48,200,0.01,1,-999.0,2.5,1,1,100,200,0.4896304453054987,0.08302733315177613,-0.4074539744592721,0.44931065649681257,570,433,137,0.07656433216075045,0.1411629890203603,0.10886366059055538,0.03229932842980492,1.4757973905607469,-0.19985569190933883,0.0001714461148791616,-0.09823412125301931
12,60,0.0,0,-999.0,0.75,1,1,100,200,0.5354291095676291,0.0896109648131258,-0.4265815935455367,0.4542381464268202,437,318,119,0.07914934441957147,0.15643321607504532,0.1177912802473084,0.038641935827736916,0.8350381838349135,0.041122278712651505,0.0001584508199724904,-0.10096792463830154
48,200,0.0,0,-999.0,0.75,1,1,100,200,0.7178283762458424,0.11436674533241198,-0.48565249015652034,0.5038062218318151,493,347,146,0.10707813665920478,0.2103720285683829,0.15872508261379384,0.05164694595458906,1.2342498600488816,-0.016151120955728238,0.00014867822033045515,-0.10326918865425744
48,60,0.0025,0,-999.0,1.5,1,1,100,200,1.1215793697814704,0.1624562171910655,-0.5950308487289591,0.6201909594168098,354,265,89,0.1241072380343247,0.2614060334719113,0.192756635753118,0.0686493977187933,1.6906455660929223,-0.058777851671647285,0.00013667042388819823,-0.10404965920257353
20,96,0.0025,0,-999.0,2.5,1,1,100,200,1.371469293291911,0.1886524049341376,-0.6567693637886536,0.6611411677905229,273,203,70,0.1484649824112568,0.31145400277155955,0.22995949259140816,0.08149451018015137,2.0683198706567008,-0.1140424876450351,0.00012742494425739504,-0.10667521857066305
48,120,0.0,0,-999.0,2.5,1,1,100,200,1.6256508630317792,0.21312296742147252,-0.7164274176076886,0.690640876443906,250,188,62,0.17013111608570514,0.3601961411363394,0.2651636286110223,0.09503251252531714,3.200932562419861,-0.2917417314803604,0.00012396154740337988,-0.11055869756017647
20,60,0.0025,0,-999.0,1.5,1,1,100,200,1.126170345485848,0.16295922432575272,-0.612553886406976,0.6266311653483286,372,272,100,0.11438013005010127,0.2428312546636819,0.17860569235689158,0.06422556230679032,1.8938648343638795,-0.11504988655795445,0.00014587891689960315,-0.11198616061031882
48,200,0.01,1,-999.0,1.5,1,1,100,200,0.3231174517474418,0.05763627246720726,-0.38052321236649833,0.36862332370445133,546,414,132,0.0649451018015137,0.12192196993923889,0.0934335358703763,0.028488434068862596,0.9068537226145352,-0.08825568757230051,0.0001622243860195294,-0.11419416753081933
12,200,0.0025,0,-999.0,1.5,1,1,100,200,1.185400681789036,0.16937209499433714,-0.6308231514763427,0.6257160765620005,388,285,103,0.14068329602387805,0.3067103720285684,0.22369683402622323,0.08301353800234516,2.019141422321587,-0.12113571250491029,0.00012494681246455266,-0.11475367691573418
48,96,0.0025,0,-999.0,2.5,1,1,100,200,1.5655068940139745,0.20750986730934406,-0.715714669843317,0.6917433494713092,245,184,61,0.161549941370856,0.33349323099882744,0.2475215861848417,0.08597164481398571,2.6649148627173274,-0.2087318690247182,0.00012728811801067388,-0.11576030013874897
48,200,0.01,1,-999.0,999.0,1,1,100,200,0.3108422027034976,0.055665152698519016,-0.37926356072977585,0.3559106370715276,549,421,128,0.08373307749706854,0.15222257755036778,0.11797782752371816,0.03424475002664961,1.1015559676391544,-0.17917022200652755,0.00014050601473910557,-0.11617109581279253
48,96,0.005,0,-999.0,1.5,1,1,100,200,1.1728171311189097,0.16802140831211543,-0.6339225941973503,0.6276301223273212,340,257,83,0.13391429485129516,0.2748907365952457,0.20440251572327045,0.07048822087197527,1.8642648709374119,-0.1007953879679998,0.00013406084566354773,-0.11755838267019367
20,60,0.0,0,-999.0,0.75,1,1,100,200,0.44039772810422706,0.07576694460528399,-0.43013081102097095,0.4131977837107295,421,302,119,0.08053512418718686,0.1592047756102761,0.11986994989873148,0.03933482571154461,0.9708067996889984,-0.0978469400817843,0.00014440688835637636,-0.118638571719665
30,60,0.0025,0,-999.0,1.5,1,1,100,200,0.982271001447238,0.14676205127919606,-0.5902287568984409,0.5869553310291667,360,265,95,0.11717833919624773,0.2490406140070355,0.18310947660164162,0.06593113740539389,1.7177042054133125,-0.12672023355195872,0.00013479535206793473,-0.11900456061856605
30,120,0.0025,0,-999.0,1.5,1,1,100,200,1.0852673272811497,0.1584467313686242,-0.6325844256107553,0.6052926455510307,362,266,96,0.13466048395693422,0.2860835731798316,0.2103720285683829,0.07571154461144868,1.7688462087131924,-0.0974113582849011,0.00012650361360854451,-0.12758084915920193
48,200,0.0,1,-999.0,2.5,1,1,100,200,0.563648818602368,0.09358976914446604,-0.49854836208484776,0.46784213628513116,690,503,187,0.08549195181750346,0.17700671570195076,0.1312493337597271,0.045757381942223646,2.154530349176203,-0.3000394275259367,0.0001600016096893775,-0.13229230508370127
48,200,0.0,1,-999.0,1.5,1,1,100,200,0.4493910592982129,0.07710786180966145,-0.4844901109054708,0.42398131075581236,657,479,178,0.07104786270120456,0.15248907365952458,0.11176846818036457,0.04072060547916,1.4445668010220931,-0.17645926774637122,0.00016298101733185901,-0.14393812810528334
48,120,0.005,0,-999.0,999.0,1,1,100,200,1.3759640463010498,0.18910295349406825,-0.7350044472081084,0.6475301390755479,97,67,30,0.1766869203709626,0.35774437693209676,0.2672156486515297,0.0905287282805671,2.4150678697187438,-0.26968692610412126,0.00011254685823316255,-0.14602276315620857
48,120,0.005,0,-999.0,2.5,1,1,100,200,1.245560169329488,0.17574479808432097,-0.7116515309512763,0.6281353847169547,227,172,55,0.16136339409444622,0.3350655580428526,0.2482144760686494,0.08685108197420317,2.2922149465444375,-0.23591571951090617,0.00011609905301013436,-0.14867419815546945
48,120,0.0,0,-999.0,1.5,1,1,100,200,0.9917436815900551,0.14785671844761605,-0.6520394459293998,0.572738402849836,382,281,101,0.14340155633727747,0.3082027502398465,0.22580215328856199,0.08240059695128452,2.162159788432754,-0.23753374603988564,0.00011925655679369145,-0.14952608437459203
20,96,0.0025,0,-999.0,1.5,1,1,100,200,0.8080545057464494,0.12584223853646948,-0.6071132402895293,0.5345605418364566,374,276,98,0.12557296663468714,0.2663362114913122,0.19595458906299967,0.07038162242831254,1.348610942450569,-0.07181655783775032,0.00011947958722364082,-0.15098635451647233
30,60,0.0,0,-999.0,0.75,1,1,100,200,0.22850895119250092,0.04204844210134362,-0.41745468795910323,0.3128932101422594,420,300,120,0.08216075045304339,0.16280247308389298,0.12248161176846818,0.0403208613154248,0.7073198442890583,-0.11225530387432514,0.00011586920082204158,-0.15103424137109503
48,200,0.005,1,-999.0,1.5,1,1,100,200,0.26510941332215543,0.0481890236836362,-0.43237911389612416,0.33254541771263346,601,446,155,0.06843620083146786,0.13847137831787656,0.1034537895746722,0.03501758874320435,0.8984154819528185,-0.09993277151861246,0.0001414714937378031,-0.1513732623787942
12,96,0.0,0,-999.0,0.75,1,1,100,200,0.27042649825813814,0.04906922843934258,-0.44014737359901834,0.33436313673758655,456,329,127,0.08650463703229933,0.1710372028568383,0.1287709199445688,0.04226628291226948,0.7447818746048867,-0.08535554145333091,0.00011931383296706105,-0.15428630152328726
48,200,0.0,1,-999.0,999.0,1,1,100,200,0.4033018688862686,0.07016410117292948,-0.4921551227967602,0.3959280980414619,664,490,174,0.0937000319795331,0.1905447180471165,0.1421223750133248,0.048422343033791705,1.6397962954316951,-0.25902677513862205,0.00013641432635135093,-0.15611705532337752
48,200,0.005,1,-999.0,2.5,1,1,100,200,0.34970297794608496,0.061855649641922916,-0.4768871651182358,0.37689432807530965,632,468,164,0.08138791173648864,0.16032405926873466,0.12085598550261166,0.03946807376612301,1.4066651709823632,-0.2307032279710869,0.0001416891188075137,-0.1577432165134295
48,96,0.0025,0,-999.0,1.5,1,1,100,200,0.8734746023705395,0.13387951953818233,-0.6581077908252231,0.5497602898732904,359,268,91,0.13615286216821235,0.285550580961518,0.21085172156486515,0.07469885939665281,1.6173472922701393,-0.14343206563961053,0.00011703132160583048,-0.16768636138076468
12,60,0.01,0,-999.0,0.75,1,1,100,200,0.10568926129181233,0.02031106260301807,-0.4026957943098999,0.23638175186319776,365,278,87,0.07467220978573713,0.12898411683189426,0.1018281633088157,0.027155953523078563,0.24307983419225154,0.06761000405471917,0.00010661857661950643,-0.16921774695877198
30,200,0.0,0,-999.0,0.75,1,1,100,200,0.2841425119011738,0.051326286407915145,-0.4820595330499098,0.3439989930479921,482,340,142,0.1045730732331308,0.20509540560707815,0.15483423942010446,0.05026116618697367,0.8100658871049633,-0.09716167759724681,0.00010769333801094406,-0.17250353046464015
30,200,0.01,1,-999.0,2.5,1,1,100,200,0.17950864994175775,0.033594163063173976,-0.4438759455652401,0.2799921986879034,559,422,137,0.07403261912376079,0.1368724016629357,0.10545251039334826,0.03141989126958746,1.1441544657762424,-0.2724535509711751,0.0001281164742885261,-0.17434419978505092
20,60,0.01,0,-999.0,0.75,1,1,100,200,0.06311024883009742,0.012323460862720736,-0.3985507151503549,0.2098563744649474,351,265,86,0.07616458799701524,0.13143588103613688,0.10380023451657606,0.027635646519560814,0.29800742845447203,-0.023799850960309787,9.621993946840727e-05,-0.17645907798920935
48,96,0.0,0,-999.0,0.75,1,1,100,200,0.24951750114327376,0.045590722367010894,-0.4890489020747538,0.3261567681337369,442,318,124,0.09460611875066624,0.18292292932523185,0.13876452403794903,0.044158405287282806,0.8139798461935885,-0.14076300215564308,0.00011117120907344719,-0.18262589026367917
12,200,0.0,0,-999.0,0.75,1,1,100,200,0.2024221396023791,0.03758183404802384,-0.47725844248409544,0.30464035240001536,485,344,141,0.09884340688625946,0.1970205734996269,0.14793199019294317,0.049088583306683725,0.6578564787300993,-0.07561522672957133,0.00010256091907210295,-0.18581536957402311
48,200,0.005,1,-999.0,999.0,1,1,100,200,0.18406396706139283,0.03439183650428612,-0.47049946919028895,0.28882478904497,610,458,152,0.08927619656753011,0.17300927406459865,0.13114273531606438,0.04186653874853427,1.0277820171737786,-0.20777810558201681,0.00011457487282804838,-0.18641665863860984
48,60,0.0,0,-999.0,0.75,1,1,100,200,0.14640433231921723,0.02772209183987706,-0.45548659644320244,0.27114968418285224,424,305,119,0.08594499520307003,0.1696247734783072,0.12778488434068863,0.04183988913761859,0.6421549382287615,-0.13698738619194717,0.00010219651354541257,-0.18646372217258156
30,120,0.0,0,-999.0,0.75,1,1,100,200,0.1938302589856089,0.03609375627007738,-0.4771240410206756,0.2985110172878277,447,317,130,0.09364673275770173,0.18345592154354545,0.1385513271506236,0.04490459439292186,0.6898577446352088,-0.11655091159421194,0.00010438208091747536,-0.18754271337586906
48,120,0.0025,0,-999.0,999.0,1,1,100,200,1.068526075352517,0.15657936924921834,-0.7477484330536802,0.5854881701129605,103,70,33,0.18047116512098924,0.3724549621575525,0.27646306363927087,0.09599189851828163,2.0874147523637556,-0.2945962174698221,9.936775451219331e-05,-0.18802043877197375
20,200,0.0,0,-999.0,0.75,1,1,100,200,0.16070383538868716,0.030274972032857672,-0.4685794970959518,0.284261880644276,484,345,139,0.10118857264683935,0.20027182603133994,0.15073019933908965,0.04954162669225029,0.5971396553556323,-0.07422792879011475,9.650412067322353e-05,-0.18980168248290444
12,120,0.0,0,-999.0,0.75,1,1,100,200,0.19554618409068403,0.03639163030964854,-0.48792714628502676,0.29757292032989135,458,327,131,0.08962264150943396,0.17847244430231318,0.13404754290587356,0.04442490139643961,0.7135855352095579,-0.12271868785758355,0.00010649965818950097,-0.19269329681637026
30,200,0.01,1,-999.0,999.0,1,1,100,200,0.04860735938564287,0.0095443532459063,-0.42574108920776665,0.20243998294313972,538,410,128,0.08128131329282592,0.14801193902569024,0.11464662615925808,0.03336531286643215,0.8387463536806585,-0.25364489355512276,0.00010134641201977245,-0.19320419221082002
48,120,0.005,0,-999.0,1.5,1,1,100,200,0.6327881070363859,0.10310063387524604,-0.6422671438023824,0.47935827962657235,346,258,88,0.13628611022279075,0.2872828056710372,0.21178445794691397,0.07549834772412323,1.431810444268407,-0.20172625827969237,0.0001036846375582526,-0.19406502404461654
12,200,0.01,1,-999.0,2.5,1,1,100,200,0.10743313107392449,0.020632922707126466,-0.4537488020963756,0.23208737816818392,553,417,136,0.0713943076431084,0.13295490885833067,0.10217460825071954,0.030780300607611128,1.1178300910688743,-0.3104927256731683,0.00011733440145209581,-0.19463710943265214
20,200,0.01,1,-999.0,2.5,1,1,100,200,0.10489174698223969,0.02016373278304906,-0.45664797004998925,0.23097765973130102,555,421,134,0.07222044558149451,0.13399424368404222,0.10310734463276836,0.030886899051273852,1.055958046159664,-0.2906634483141728,0.00011679110953535778,-0.1966113692553805
48,200,0.0025,1,-999.0,2.5,1,1,100,200,0.18547681677675754,0.03463873934932038,-0.49338815889767174,0.2861166520276914,666,488,178,0.08405287282805671,0.16874533631808974,0.12639910457307324,0.042346231745016526,1.1772504446406504,-0.24030213315605897,0.00011740501985474376,-0.19774950749813092
30,200,0.01,1,-999.0,1.5,1,1,100,200,0.07988364657691394,0.015500087279559649,-0.4553858916413329,0.20668416402652237,535,403,132,0.06262658565184949,0.11784457946913975,0.09023558256049462,0.027608996908645135,0.7022146481077929,-0.17097912186380249,0.00011839152170458567,-0.20185865033978068
48,200,0.005,0,-999.0,0.75,1,1,100,200,0.06085598839269957,0.011893487996892604,-0.45196565913597764,0.2292156983261173,452,325,127,0.10054898198486302,0.19254343886579256,0.14654621042532778,0.04599722844046477,0.3929744032038156,-0.04525279659999226,8.427191539062503e-05,-0.20262855665479035
20,96,0.0,0,-999.0,0.75,1,1,100,200,0.13186436429970372,0.025100030522068106,-0.4839515272692684,0.2635674433658483,445,318,127,0.08679778275237182,0.17319582134100842,0.12999680204669012,0.043199019294318304,0.5993666523789256,-0.1159007173748372,0.00010000036602574794,-0.20369736094427365
12,200,0.0,1,-999.0,2.5,1,1,100,200,0.22761545792401705,0.04189671799643224,-0.524714198383163,0.3085634603679842,666,485,181,0.07763031659737768,0.16434815051700244,0.12098923355719006,0.04335891695981239,1.734885367990735,-0.3737042708061459,0.00012800952826346355,-0.20503220817675005
48,120,0.0025,0,-999.0,2.5,1,1,100,200,0.8855875972009282,0.1353429695678101,-0.7358305036612258,0.5460464155542778,240,180,60,0.1652542372881356,0.348550261166187,0.25690224922716126,0.09164801193902569,2.036477619203209,-0.29982758054159697,9.972067738412946e-05,-0.20526996148508891
30,200,0.0,1,-999.0,2.5,1,1,100,200,0.2986195183793796,0.05368774912632146,-0.5545994447986589,0.3466025347949656,672,486,186,0.08096151796183776,0.17013111608570514,0.12554631702377145,0.044584799061933696,1.872848143385085,-0.3674007178193618,0.0001339951303539948,-0.20628184653325968
12,60,0.01,1,0.0,0.75,1,1,100,200,-0.1560105341161846,-0.03337657757308543,-0.330038202690888,-0.19704995888838253,435,341,94,0.011965675301140604,0.022998614220232385,0.017482144760686495,0.0055164694595458905,0.09207342129095908,-0.03934408514937693,0.00010878868736935584,-0.20824817686294855
12,200,0.01,1,-999.0,1.5,1,1,100,200,0.06280187798829107,0.01226468594285346,-0.46505441238554623,0.19216139688641948,528,397,131,0.06014817183669118,0.11408698433002878,0.08711757808335999,0.026969406246668798,0.7615344230670726,-0.21432380460827638,0.00011630536413068736,-0.2106544504055987
12,200,0.01,1,-999.0,999.0,1,1,100,200,-0.014641185563386117,-0.0029475529853620897,-0.4313738210082654,0.157194153578756,532,405,127,0.0786963010340049,0.14414774544291653,0.11142202323846072,0.03272572220445581,0.8176991024032476,-0.29266746362151386,9.080470472525812e-05,-0.210774755810557
48,96,0.01,0,-999.0,0.75,1,1,100,200,0.10792931776513859,0.02072442810657371,-0.4913140953566285,0.2453896039156037,373,276,97,0.08738407419251679,0.15182283338663255,0.11960345378957467,0.03221937959705788,0.5058896827937338,-0.11338500216482039,9.805872042690988e-05,-0.21266313937596035
20,200,0.01,1,-999.0,999.0,1,1,100,200,-0.0169024283827931,-0.0034059028499496824,-0.43439174170490824,0.15676119696312368,534,409,125,0.079522438972391,0.1451870802686281,0.11235475962050955,0.032832320648118536,0.7645953331397874,-0.2723255563333219,9.049321177646732e-05,-0.2127637138542476
30,60,0.01,1,0.0,0.75,1,1,100,200,-0.14918945190385913,-0.03181809587603168,-0.34518345008923246,-0.18827340885068392,415,325,90,0.011272785417332907,0.02198592900543652,0.016629357211384713,0.005356571794051807,0.13101963778532077,-0.07423371274697677,0.00011009464618798586,-0.2138234913631821
20,200,0.01,1,-999.0,1.5,1,1,100,200,0.04671442815563842,0.009179356947062178,-0.4673652271751172,0.18056667419880248,531,402,129,0.0609476601641616,0.11509966954482465,0.08802366485449313,0.027076004690331522,0.6889047202690664,-0.19172884183867744,0.00011281270080245672,-0.21547492293055628
30,60,0.01,1,0.2,0.75,1,1,100,200,-0.18742060818747064,-0.04068593129807385,-0.32400288470647154,-0.31119708521177286,337,263,74,0.007755036776463064,0.015909817716661338,0.0118324272465622,0.004077390470099137,0.07451282939459758,-0.10494212179080598,-5.546307020177521e-06,-0.21824722791189827
48,200,0.01,0,-999.0,0.75,1,1,100,200,0.08121779442400001,0.015751056139811093,-0.4930393325786593,0.23361641665552568,406,298,108,0.09527235902355825,0.16930497814731904,0.13228866858543864,0.037016309561880394,0.27940985633863247,0.03535031532174493,8.96202195082049e-05,-0.21908778931674228
12,200,0.0,1,-999.0,1.5,1,1,100,200,0.1849385231105647,0.034544697496485144,-0.536200577740114,0.2808725244314728,631,457,174,0.06435881036136873,0.14137618590768575,0.10286749813452724,0.03850868777315851,1.2467792627433782,-0.2769146085230898,0.00013214228420152424,-0.2195119651519982
12,60,0.0025,0,-999.0,0.75,1,1,100,200,-0.013979203738128443,-0.0028135296677550548,-0.4499519689845749,0.16106473203697638,419,309,110,0.07629783605159364,0.1498507621788722,0.11307429911523292,0.03677646306363927,0.238701756350713,-0.01841758568111096,7.906608703625638e-05,-0.2197362775581937
20,60,0.01,1,0.0,0.75,1,1,100,200,-0.17001972987077996,-0.036609261072096166,-0.34629692355408304,-0.22839566273507927,419,327,92,0.01140603347191131,0.022119177060014924,0.016762605265963116,0.005356571794051807,0.0967889336916361,-0.06684850431602374,8.194228540539368e-05,-0.22117750598589164
12,60,0.0,1,0.0,0.75,1,1,100,200,-0.190843701627611,-0.0414960973453149,-0.33957566974554854,-0.24112179195122077,540,409,131,0.01351135273425008,0.029021426287176206,0.021266389510713142,0.007755036776463064,0.07857225511076726,-0.017184472426030606,0.00010083591054563575,-0.2233400218156502
20,60,0.01,1,0.2,0.75,1,1,100,200,-0.19185780220197113,-0.041736637530084164,-0.33101975037688525,-0.32202954793028105,339,264,75,0.007728387165547383,0.01598976654940838,0.01185907685747788,0.004130689691930498,0.07045435139416667,-0.10556052807274696,-1.322027468959569e-05,-0.22334799011504083
12,200,0.0,1,-999.0,999.0,1,1,100,200,0.07565466005312338,0.014702922845690747,-0.49944891128619573,0.22768335082938668,642,473,169,0.08615819209039548,0.17783285364033685,0.13199552286536617,0.04583733077497069,1.233277555202045,-0.33599162926428805,0.00010180218933266107,-0.22363736525593778
12,60,0.01,1,0.2,0.75,1,1,100,200,-0.1919454992724916,-0.04175745022846766,-0.3320686516526824,-0.31769636145190394,351,275,76,0.00804818249653555,0.016522758767721992,0.012285470632128771,0.00423728813559322,0.07001715570716249,-0.09990643812877342,-2.128763740573369e-06,-0.22367659412740407
30,200,0.0,1,-999.0,1.5,1,1,100,200,0.21004210515538002,0.03889448073463431,-0.5549303108733507,0.29652600593973677,639,461,178,0.06731691717300928,0.14651956081441211,0.1069182389937107,0.03960132182070142,1.244734806400309,-0.2579601489218525,0.00013316231134939877,-0.22374437440505418
48,200,0.0025,1,-999.0,1.5,1,1,100,200,0.06989812008158136,0.013613775984100185,-0.4956903471563654,0.20516053287802385,633,465,168,0.06995522865366166,0.14553352521053192,0.10774437693209679,0.03778914827843514,0.6448266352600558,-0.10728902732715162,0.00010746380808561899,-0.22397337095018133
30,96,0.0,0,-999.0,0.75,1,1,100,200,0.0761700306231552,0.014800204246794957,-0.5030624116075805,0.23490085666443142,439,316,123,0.08991578722950645,0.1769534164801194,0.13343460185481293,0.04351881462530647,0.4792285894965742,-0.0938562898101728,9.131858995079241e-05,-0.2249859587237737
48,200,0.0025,1,-999.0,999.0,1,1,100,200,0.05482153988264238,0.010738882681222695,-0.493176920283809,0.21385400694186124,644,478,166,0.09210105532459226,0.18201684255409872,0.13705894893934548,0.044957893614753226,0.8039028585336516,-0.193055550923242,9.50828716598071e-05,-0.22515687711358873
12,60,0.005,0,-999.0,0.75,1,1,100,200,-0.009367282556158929,-0.0018818027154992034,-0.46292070735214197,0.16174715983451407,405,302,103,0.07597804072060547,0.14457413921756743,0.11027608996908646,0.03429804924848097,0.26260621006543583,-0.03924783395034093,8.019706856830065e-05,-0.2252547983998445
20,200,0.0,1,-999.0,2.5,1,1,100,200,0.19040919945491064,0.03549885793118568,-0.5518013069421748,0.2880755924206942,664,484,180,0.07858970259034218,0.16546743417546103,0.1220285683829016,0.04343886579255943,1.6520855877010034,-0.37435127272095337,0.00012246055431847186,-0.225998015918867
30,200,0.005,1,-999.0,2.5,1,1,100,200,0.1132489842512392,0.02170341270093501,-0.5209204559424141,0.23925302414931648,620,456,164,0.07826990725935401,0.15523398358383966,0.11675194542159685,0.03848203816224283,1.2321080206372024,-0.3199481005787227,0.00011015745842110272,-0.22679416406280622
30,200,0.0,1,-999.0,999.0,1,1,100,200,0.167628630128984,0.03150221973339362,-0.5462101491354376,0.280855348644712,646,473,173,0.08922289734569876,0.18372241765270228,0.1364726574992005,0.04724976015350176,1.408570161641257,-0.3303349522879776,0.00011170924445945779,-0.2275600874020896
30,60,0.01,0,-999.0,0.75,1,1,100,200,-0.04855886776289464,-0.009912851894436692,-0.4488833977896003,0.13398929620247083,357,267,90,0.07757701737554631,0.134180790960452,0.10587890416799915,0.02830188679245283,0.2393939800394871,-0.08227303563086086,7.374613840088146e-05,-0.2276550859791133
12,120,0.0,1,-999.0,1.5,1,1,100,200,0.03818510508969197,0.007528148017736713,-0.4902023148468082,0.18034595077124665,589,436,153,0.059162136232811004,0.12509327363820488,0.09212770493550794,0.03296556870269694,0.6478559132135575,-0.15416184968592528,0.00011383707238604493,-0.22855571186710505
12,60,0.0,1,-999.0,2.5,1,1,100,200,0.025293350607454634,0.005011691946228858,-0.4866156387393634,0.17730122848750826,585,432,153,0.06371921969939238,0.13071634154141348,0.09721778062040294,0.033498560921010556,0.7447708171240679,-0.21264125310600746,0.0001098696066147764,-0.22943106599907745
12,96,0.01,0,-999.0,0.75,1,1,100,200,-0.016080827880113002,-0.0032392684614408473,-0.47030385531921803,0.15902167007702683,383,287,96,0.08136126212557297,0.1414294851295171,0.11139537362754504,0.03003411150197207,0.2702936214402485,-0.061912178688444675,7.962515210726032e-05,-0.23044011261719852
30,200,0.01,0,-999.0,0.75,1,1,100,200,0.0619639326940975,0.012104906177365926,-0.5074304597394583,0.22088523663024084,402,295,107,0.09409977614326831,0.1662136232811001,0.13015669971218422,0.03605692356891589,0.3573952005462533,-0.043426205179589616,8.727342980654759e-05,-0.23056606186085118
48,200,0.0025,0,-999.0,0.75,1,1,100,200,-0.023947878070136985,-0.0048394305646806135,-0.47068468810272945,0.1820872255703812,474,337,137,0.10316064385459972,0.20165760579895534,0.15240912482677754,0.04924848097217781,0.31161485762265073,-0.05676433188490415,7.205727872552708e-05,-0.2310774133375263
30,200,0.005,1,-999.0,1.5,1,1,100,200,0.0614708950274534,0.012010846416289356,-0.5115828571639423,0.19539801050566385,588,433,155,0.06574459012898412,0.13380769640763246,0.09977614326830828,0.03403155313932416,0.7901915481075468,-0.20434811298986555,0.00010805111444612482,-0.23401068164039857
12,200,0.005,1,-999.0,2.5,1,1,100,200,0.0682114739862727,0.013293772000137816,-0.5245253852700372,0.20740201064564362,610,451,159,0.07536509966954483,0.14945101801513697,0.1124080588423409,0.037042959172796076,1.220921070953454,-0.34744509710082094,0.0001047287323682423,-0.2385988201025986
30,120,0.0,1,-999.0,1.5,1,1,100,200,0.032303937500852475,0.006383269359416799,-0.5084500108390542,0.1753679434771698,583,428,155,0.05942863234196781,0.12461358064172263,0.09202110649184522,0.03259247414987741,0.7172522539223849,-0.19535931121911665,0.00011195304535349272,-0.2390733388862518
12,120,0.01,1,-999.0,1.5,1,1,100,200,-0.10210446643324267,-0.02132441340831026,-0.4412329545301842,0.04540429678686473,496,381,115,0.05673702163948406,0.10268095085811747,0.07970898624880077,0.022971964609316706,0.31226303488617746,-0.12312662687616094,7.820413435414982e-05,-0.23967067583405913
20,200,0.0,1,-999.0,999.0,1,1,100,200,0.06293233749042892,0.012289552950418337,-0.526732621226941,0.22083693949415423,639,471,168,0.08714422769427567,0.1789787869097111,0.1330615073019934,0.04591727960771773,1.2058335506000164,-0.336677590651682,9.956866320232695e-05,-0.24003491068834443
48,120,0.0025,0,-999.0,1.5,1,1,100,200,0.4299300971349229,0.07419774773197418,-0.6697560809158292,0.41256185891973096,366,270,96,0.13921756742351563,0.2985822406992858,0.2188999040614007,0.07968233663788508,1.262942094639544,-0.24118286027315117,8.974424048205475e-05,-0.24005219977995385
20,200,0.0,1,-999.0,1.5,1,1,100,200,0.1420988792270268,0.02694845457865025,-0.561212216107977,0.25442674611641036,631,458,173,0.06507834985609211,0.14214902462424048,0.1036136872401663,0.03853533738407419,1.1387947621935668,-0.26786904598529915,0.00012497787915042433,-0.24093631616951774
12,200,0.005,1,-999.0,1.5,1,1,100,200,0.05291617932599779,0.010373221821985856,-0.5215368366476438,0.18691821730246214,577,426,151,0.06313292825924742,0.12874427033365313,0.09593859929645027,0.03280567103720285,0.8545511763664047,-0.24232969068336818,0.00010796544629094199,-0.24104928563671296
12,200,0.01,0,-999.0,0.75,1,1,100,200,0.01747101060060885,0.0034724169662083693,-0.5082349713951299,0.1918077170444614,404,297,107,0.09071527555697687,0.16144334292719326,0.12607930924208507,0.035364033685108195,0.32408365906218006,-0.059505970201948366,8.211261170628572e-05,-0.24105468287913348
12,120,0.0,1,-999.0,2.5,1,1,100,200,0.010767382139773574,0.002145731224979963,-0.5066530207539385,0.1719494180220833,624,463,161,0.07158085491951817,0.14625306470525531,0.10891695981238673,0.037336104892868566,0.9260530224044485,-0.28300398059353316,0.0001017609209183461,-0.24258330825088512
48,96,0.0,1,-999.0,1.5,1,1,100,200,0.024351646443574904,0.004826882397604315,-0.5129185115016393,0.16985434278050443,579,430,149,0.06033471911310095,0.12338769853960133,0.09186120882635114,0.031526489713250186,0.6742755512033749,-0.18269937802075087,0.00011116902323456624,-0.2431396562141901
30,120,0.0,1,-999.0,2.5,1,1,100,200,0.037412760542340884,0.007378093150630871,-0.521334130781969,0.18967608546504294,622,458,164,0.07214049674874747,0.14606651742884555,0.1091035070887965,0.036963010340049035,1.0949257491432434,-0.3241002086127286,0.00010619679193703593,-0.24380516796710147
12,120,0.01,1,-999.0,2.5,1,1,100,200,-0.12868242110178574,-0.027192074386409026,-0.43791514480279137,0.04288819835521789,521,400,121,0.06737021639484063,0.12018974522971965,0.09377998081228014,0.026409764417439505,0.5005022724523756,-0.24646778507211153,6.998197774555532e-05,-0.24400523687004383
48,96,0.0,1,-999.0,2.5,1,1,100,200,0.051295336527104274,0.010061746375232161,-0.5286423733613259,0.19917789464341779,622,462,160,0.07320648118537469,0.1444675407739047,0.1088370109796397,0.035630529794265,1.0579233738071299,-0.30273976241839917,0.00010995076279015265,-0.24430054557325992
20,120,0.0,0,-999.0,0.75,1,1,100,200,0.06439282450369022,0.01256777123670827,-0.5370082067642212,0.2286315184393439,452,322,130,0.09194115765909817,0.18089755889564013,0.13641935827736915,0.04447820061827097,0.6176643766791754,-0.17512410029025172,8.891115522313311e-05,-0.24450475622343515
20,200,0.01,0,-999.0,0.75,1,1,100,200,0.012712643408516078,0.0025314323854170873,-0.5140195483039065,0.18956358113675456,404,298,106,0.09220765376825499,0.1635753118004477,0.12789148278435133,0.03568382901609637,0.2987931155993684,-0.045676367535972706,8.069956756990661e-05,-0.24500016270969843
12,60,0.0,1,0.2,0.75,1,1,100,200,-0.219514312564847,-0.04839165001036516,-0.36376940111027534,-0.3524938004918888,443,331,112,0.009060867711331414,0.02110649184521906,0.015083679778275237,0.006022812066943823,0.09027026575134345,-0.10658948380682864,1.790983967858671e-05,-0.24790104059009727
20,200,0.005,1,-999.0,2.5,1,1,100,200,0.03565416044956704,0.007036090087118696,-0.5306296766917963,0.18590444117780267,612,454,158,0.07643108410617205,0.15110329389190919,0.11376718899904062,0.037336104892868566,1.100971177400325,-0.3305440501424124,9.900981573139653e-05,-0.2489835261998893
12,60,0.0,1,-999.0,999.0,1,1,100,200,-0.08856930169063104,-0.018389459632700444,-0.47250541156467973,0.10903094598013839,564,422,142,0.07171410297409658,0.14361475322460293,0.10766442809934974,0.035950325125253174,0.4518345569536486,-0.16764576291233613,8.245254921011905e-05,-0.24919061811603338
48,96,0.01,1,-999.0,2.5,1,1,100,200,-0.10261848939805229,-0.021436569347509704,-0.46582769581175854,0.0664772292236884,528,405,123,0.06827630316597377,0.12024304445155101,0.09425967380876239,0.025983370642788616,0.634904543791887,-0.28522865639132144,7.749741079116692e-05,-0.25102655579220456
48,60,0.01,1,0.2,0.75,1,1,100,200,-0.21637241156592457,-0.047626203085833874,-0.3707774440152104,-0.3712545816971659,347,270,77,0.007834985609210105,0.016309561880396548,0.012072273744803326,0.00423728813559322,0.09942234595702648,-0.15215962556744422,-5.518638555572098e-05,-0.25157765417829736
20,60,0.0025,0,-999.0,0.75,1,1,100,200,-0.10278754399773771,-0.021473467016899783,-0.4716277617096142,0.09887155166879927,403,293,110,0.07765696620829336,0.15275556976868138,0.11520626798848736,0.03754930178019401,0.2716112350961295,-0.13687606340205993,6.0575356384694286e-05,-0.25234377028826693
30,120,0.0,1,-999.0,999.0,1,1,100,200,-0.07050418691254934,-0.014526074357655516,-0.48858787352370137,0.12778108632074772,599,446,153,0.08026862807803006,0.159044877944782,0.11965675301140603,0.03938812493337597,0.7476233941323402,-0.2823654916115399,8.28582649071379e-05,-0.25243095680346883
12,120,0.01,0,-999.0,0.75,1,1,100,200,-0.06991718627680166,-0.014401550098478766,-0.49004966158650665,0.12336509860983863,387,285,102,0.08359982944249014,0.14755889564012364,0.1155793625413069,0.03197953309881676,0.2621074633104712,-0.10570195198256904,6.777055347412314e-05,-0.25325812596124014
30,200,0.005,1,-999.0,999.0,1,1,100,200,-0.02154649527195862,-0.004349897539192793,-0.51439714044173,0.15898758981365327,598,446,152,0.08621149131222684,0.16797249760153501,0.12709199445688094,0.040880503144654086,0.884220519722541,-0.2996824845096051,8.490439603758467e-05,-0.25359908826937516
48,96,0.0,1,-999.0,999.0,1,1,100,200,-0.05280493039393008,-0.010798745912542485,-0.4997548404741746,0.1403758667219852,598,448,150,0.08128131329282592,0.15723270440251572,0.11925700884767082,0.037975695554844896,0.7272475910474743,-0.26044350155742824,8.70237411137199e-05,-0.2536573728135305
20,200,0.005,1,-999.0,1.5,1,1,100,200,0.011103513019210531,0.0022124207581772914,-0.5274464731200487,0.15581296020153815,581,431,150,0.06395906619763352,0.12994350282485875,0.09695128451124614,0.03299221831361262,0.7383438866870873,-0.22222492240288672,9.982498256747996e-05,-0.25372016779177015
20,60,0.005,0,-999.0,0.75,1,1,100,200,-0.08724660632719206,-0.01810452133007734,-0.4850710124950499,0.10716241579054313,389,286,103,0.07715062360089543,0.14713250186547278,0.1121415627331841,0.03499093913228867,0.2980333748717541,-0.1458011182125475,6.34118002624923e-05,-0.25528190678807516
12,120,0.0,1,-999.0,999.0,1,1,100,200,-0.08795201074376369,-0.01825644016015371,-0.48638880404899965,0.11605515553904285,601,451,150,0.07984223430337917,0.15941797249760153,0.11963010340049035,0.039787869097111184,0.6251877366232839,-0.2420295359869672,7.992572601939791e-05,-0.25564808440770137
48,96,0.01,1,-999.0,1.5,1,1,100,200,-0.138229668764975,-0.029334805655535368,-0.45726284827694463,0.01092399169261109,496,381,115,0.05708346658138791,0.10270760046903316,0.07989553352521053,0.02281206694382262,0.33101996363374986,-0.17026590625378824,6.768325772692384e-05,-0.25742003020937715
30,120,0.01,0,-999.0,0.75,1,1,100,200,-0.037491956139611426,-0.0076186357004948135,-0.5174306222238398,0.1516515917261921,382,280,102,0.08655793625413069,0.15206267988487368,0.11931030806950219,0.032752371815371495,0.31250585004426723,-0.11228387160269848,7.358929309972643e-05,-0.25875136722610514
12,120,0.01,1,-999.0,999.0,1,1,100,200,-0.2059532444788681,-0.045105272438300203,-0.4297925470815238,-0.0034195513521837863,501,388,113,0.0745656113420744,0.1312226841488114,0.10289414774544292,0.02832853640336851,0.3235367628173669,-0.22922425235071553,4.990813181081221e-05,-0.2601725235466713
30,200,0.005,0,-999.0,0.75,1,1,100,200,-0.09617664050149866,-0.02003470335513713,-0.4964138361704551,0.12271361049454442,444,321,123,0.09897665494083786,0.18857264683935615,0.143774650890097,0.044797995949259144,0.29032493466080345,-0.125374856591142,5.894225061199271e-05,-0.26210594091563744
12,200,0.005,1,-999.0,999.0,1,1,100,200,-0.07910479826527284,-0.01635782980775602,-0.5051515339776043,0.11454610806269429,589,441,148,0.08343993177699606,0.1619496855345912,0.12269480865579363,0.03925487687879757,0.8369898904241986,-0.32696886677040204,7.601828528987475e-05,-0.26320629139342344
30,200,0.0025,1,-999.0,2.5,1,1,100,200,0.003186161904853213,0.0006368578439663874,-0.5443905592847986,0.16538063061630154,648,471,177,0.08002878157978893,0.16226948086557935,0.12114913122268414,0.04112034964289522,1.0574531956406767,-0.3257853731407043,9.114892581780164e-05,-0.26328939026761783
30,60,0.0,1,0.0,0.75,1,1,100,200,-0.23446337010271268,-0.05206774720057905,-0.39052885354847267,-0.3335464121701928,506,381,125,0.012605265963116938,0.027315851188572646,0.019960558575844792,0.007355292612727854,0.1064091078229823,-0.10884301403463137,3.4649711452680656e-05,-0.264009494583325
48,60,0.01,0,-999.0,0.75,1,1,100,200,-0.07642722547269065,-0.015786099590137992,-0.5087160104394025,0.11772214308834841,362,271,91,0.08082826990725936,0.1406299968020467,0.11072913335465302,0.029900863447393667,0.2823038946531453,-0.13680856901789873,6.703281386773778e-05,-0.26425799765542185
20,60,0.0,1,0.0,0.75,1,1,100,200,-0.24264114997669894,-0.0541030896087924,-0.38557277158407965,-0.34830275859125126,518,389,129,0.012791813239526703,0.027662296130476494,0.0202270546850016,0.007435241445474896,0.08524791083322247,-0.09576118185285776,2.9977046535237043e-05,-0.2643046133303948
20,96,0.01,1,0.2,0.75,1,1,100,200,-0.25496228000502297,-0.057203107605861114,-0.3687005268427981,-0.4619582100325812,372,287,85,0.008234729772945315,0.017402195927939453,0.012818462850442384,0.004583733077497068,0.04990310611028792,-0.1452718343666496,-0.00010997234386459363,-0.2646512815288892
12,60,0.005,1,0.0,0.75,1,1,100,200,-0.22993253453367524,-0.05094755786923988,-0.39534407196663224,-0.3296621262895152,493,376,117,0.012498667519454216,0.0261432683082827,0.019320967913868458,0.006822300394414242,0.1044688873351085,-0.10781349274907004,3.450522274370665e-05,-0.26510270016703175
20,120,0.0,1,-999.0,1.5,1,1,100,200,-0.03610092192491865,-0.007331763457933738,-0.5288660945124449,0.1233758831395955,583,429,154,0.05926873467647372,0.12376079309242086,0.09151476388444729,0.032246029207973564,0.637752466182572,-0.21220756864498203,9.788248939499937e-05,-0.2655960165571764
20,120,0.01,1,-999.0,1.5,1,1,100,200,-0.16154373033861102,-0.03464822118081956,-0.46055886022282677,-0.013994473320097236,495,378,117,0.056337277475748855,0.10201471058522546,0.07917599403048715,0.022838716554738302,0.297098416104149,-0.17201541238517448,6.037814837954454e-05,-0.2656273749582378
12,96,0.005,0,-999.0,0.75,1,1,100,200,-0.1504469346059798,-0.03210465242006266,-0.4758957772566751,0.06353872623995978,424,312,112,0.0831201364460079,0.1586451337810468,0.12088263511352734,0.037762498667519455,0.23478189356235002,-0.14946201451354102,5.1431431764968555e-05,-0.2668756047364022
48,60,0.01,1,0.0,0.75,1,1,100,200,-0.23327585670528428,-0.05177363845611971,-0.39581206485004516,-0.3531390206615064,429,337,92,0.011619230359236754,0.0227054685001599,0.017162349429698326,0.0055431190704615715,0.08297890118447038,-0.12259802751613935,-6.6542274036679915e-06,-0.2673366219142176
48,96,0.01,1,-999.0,999.0,1,1,100,200,-0.2000419596389197,-0.04368677199956372,-0.447958562433473,0.0025340503767635526,507,392,115,0.07544504850229186,0.13119603453789574,0.1033205415200938,0.02787549301780194,0.4038140289073131,-0.2656910637848222,5.2209688569805674e-05,-0.26753935069746204
12,120,0.005,1,-999.0,1.5,1,1,100,200,-0.11570928470652575,-0.024310351777489414,-0.49077633472986604,0.03821070601457131,543,409,134,0.0582027502398465,0.11464662615925808,0.08642468819955229,0.02822193795970579,0.36967451528024253,-0.1529322851628554,7.379522997109559e-05,-0.2677879838416939
30,96,0.0,1,-999.0,1.5,1,1,100,200,-0.07349601460427324,-0.015161729281526592,-0.515449292290101,0.09108393545285243,571,423,148,0.05732331307962904,0.11861741818569449,0.08797036563266177,0.030647052553032725,0.4335233182158176,-0.14006700515869364,9.08924022102731e-05,-0.26833217865393444
20,200,0.005,1,-999.0,999.0,1,1,100,200,-0.08804013100149355,-0.018275424708406596,-0.5115045529456653,0.10978358120508741,591,444,147,0.084612514657286,0.1637085598550261,0.12416053725615606,0.03954802259887006,0.7750138170501957,-0.30953748936959435,7.44433817561382e-05,-0.2685385221209849
20,96,0.01,1,0.0,0.75,1,1,100,200,-0.24593070791499394,-0.05492677757110287,-0.3898262509859879,-0.37706923392482333,461,358,103,0.01225882102121309,0.024251145933269373,0.01825498347724123,0.005996162456028142,0.06255971444464281,-0.10630809968865074,-6.420235803583091e-06,-0.268693364760338
30,60,0.0025,0,-999.0,0.75,1,1,100,200,-0.18769116174394884,-0.04074986552984261,-0.4594088076694227,0.03460361648244184,405,292,113,0.07944249013964397,0.15624666879863555,0.11784457946913975,0.03840208932949579,0.16819911423216305,-0.1485269002333991,4.3324807902983954e-05,-0.2687240885404319
12,60,0.0,1,-999.0,1.5,1,1,100,200,-0.09801868482458065,-0.020434748350568577,-0.5034346179594564,0.06741447745429376,553,409,144,0.052073339729239956,0.11123547596205095,0.08165440784564545,0.029581068116405502,0.3936407612211492,-0.14658719318110003,8.707158674213073e-05,-0.2687813334575821
12,60,0.01,1,-999.0,2.5,1,1,100,200,-0.19514822335249027,-0.04251877714630281,-0.4502134163338799,-0.03068363333059442,488,375,113,0.06052126638951071,0.10641189638631277,0.08346658138791174,0.022945314998401023,0.2859882799837292,-0.20113526370732604,5.1591329441475694e-05,-0.2691596669797725
20,96,0.01,0,-999.0,0.75,1,1,100,200,-0.10547947036401639,-0.022061754476200734,-0.5053027140155569,0.09656796179946373,380,282,98,0.08192090395480225,0.1438013005010127,0.11286110222790748,0.030940198273105214,0.19397261828612833,-0.0939909567200039,6.153711212245455e-05,-0.269884713394006
30,96,0.01,1,-999.0,1.5,1,1,100,200,-0.18930612331607322,-0.041131850104141665,-0.4552033574446972,-0.046464268595013035,487,375,112,0.05500479692996482,0.09849696194435562,0.07675087943716022,0.021746082507195393,0.1780823520425585,-0.12207302078005078,5.1345803697977734e-05,-0.27105674225624093
30,96,0.01,1,0.2,0.75,1,1,100,200,-0.25308524936241483,-0.05672820838776638,-0.3838134272382341,-0.45161119177508896,376,290,86,0.008314678605692356,0.017588743204349215,0.012951710905020787,0.00463703229932843,0.07541140512769551,-0.1617681095009803,-0.00010084068964774869,-0.27121548159563785
48,200,0.01,1,0.2,0.75,1,1,100,200,-0.25660502516475425,-0.05761951721149139,-0.38322312296214667,-0.44419142324649985,434,338,96,0.009620509540560708,0.01990725935401343,0.01476388444728707,0.0051433749067263616,0.08665233761161639,-0.1500478567430189,-5.3852956026954466e-05,-0.2714406498548897
20,120,0.0,1,-999.0,2.5,1,1,100,200,-0.05736438319082693,-0.011753569182551105,-0.5316365479328065,0.12210597432509006,620,458,162,0.07158085491951817,0.14486728493763992,0.10822406992857904,0.03664321500906087,0.9188247924631106,-0.3301562917203741,8.904673460293736e-05,-0.27146654443269985
48,120,0.0,0,-999.0,0.75,1,1,100,200,-0.03277860957606704,-0.006647942286662212,-0.5474151298748948,0.17373949942931527,454,321,133,0.09615179618377571,0.18846604839569342,0.14230892228973457,0.04615712610595885,0.5188162185752832,-0.2008465691427549,7.324011200918328e-05,-0.27166853225264387
30,120,0.01,1,-999.0,1.5,1,1,100,200,-0.16558249997237584,-0.03558065899827578,-0.47195790750216204,-0.017532944564455078,501,381,120,0.056337277475748855,0.10324059268734677,0.07978893508154782,0.023451657605798957,0.3365277640613371,-0.19790946145603117,5.935628758671644e-05,-0.27243625997757953
12,200,0.005,0,-999.0,0.75,1,1,100,200,-0.16466860006816153,-0.03536934982751372,-0.48277246953887865,0.06972643949093214,445,323,122,0.09425967380876239,0.18172369683402623,0.1379916853213943,0.04373201151263192,0.21297254057346549,-0.13967503537622206,4.869998391662118e-05,-0.2732692626224064
30,60,0.005,0,-999.0,0.75,1,1,100,200,-0.1727563987600882,-0.037245848067757215,-0.4770395701063055,0.04251375894884384,392,286,106,0.07858970259034218,0.15049035284084852,0.11454002771559535,0.035950325125253174,0.20782362430396417,-0.16675464246927807,4.5751804706014324e-05,-0.2736399451734678
30,96,0.01,1,-999.0,2.5,1,1,100,200,-0.2140323052730143,-0.047057687200994236,-0.44906496643935645,-0.041859993291822224,516,396,120,0.0657712397398998,0.11565931137405394,0.09071527555697687,0.02494403581707707,0.32302820719211556,-0.23102611695262476,4.7217483472708434e-05,-0.27368317008526355
12,96,0.01,1,0.2,0.75,1,1,100,200,-0.2598965165249223,-0.058456077283353,-0.3835804984249733,-0.4727438563216588,375,291,84,0.008421277049355079,0.017535443982517857,0.012978360515936467,0.004557083466581388,0.05504496405188508,-0.15380187405531298,-0.0001167486900671312,-0.2738835193119226
20,120,0.01,1,-999.0,2.5,1,1,100,200,-0.18835635665010408,-0.040907129501553396,-0.4646852878395764,-0.013333155403413862,522,399,123,0.0668638737874427,0.11952350495682763,0.09319368937213517,0.026329815584692464,0.48331671926443054,-0.28958731633956636,5.438590743096013e-05,-0.2739164311915123
12,60,0.0025,1,0.0,0.75,1,1,100,200,-0.2721438645083214,-0.06159521939424628,-0.3842139866247082,-0.41078402363285454,515,392,123,0.0126585651849483,0.027315851188572646,0.019987208186760475,0.007328643001812174,0.024158868161568314,-0.08053116524894088,-1.0174942048583887e-05,-0.2742414138882431
48,96,0.005,0,-999.0,0.75,1,1,100,200,-0.09591830101189391,-0.01997865076982963,-0.5235278636840607,0.1159177604229501,412,301,111,0.08946274384393987,0.1697846711438013,0.1296237074938706,0.040160963649930714,0.38276960734422016,-0.19657583594517603,6.04532211330662e-05,-0.27594669459071247
20,60,0.0,1,-999.0,2.5,1,1,100,200,-0.0744299702603265,-0.015360497247289384,-0.5353156064953258,0.10183002925037844,578,425,153,0.06193369576804179,0.1272785417332907,0.09460611875066624,0.032672422982624454,0.7449293720628336,-0.29177064441775746,8.989534229281698e-05,-0.2779267990324334
48,96,0.01,1,0.2,0.75,1,1,100,200,-0.26340588166729906,-0.059351296089296124,-0.39027586150742954,-0.47481625188814136,384,299,85,0.008661123547596204,0.017881888924421704,0.013271506236008954,0.004610382688412749,0.062422754534621205,-0.15988976317729853,-0.00011369193286357382,-0.278230039437418
30,60,0.0,1,0.2,0.75,1,1,100,200,-0.2759141258836756,-0.06257008566585298,-0.38389972396761585,-0.48701722262781,418,312,106,0.008714422769427566,0.020120456241338878,0.014417439505383222,0.005703016735955655,0.048657795483595834,-0.14896674361858186,-9.829662990846233e-05,-0.2788708087810514
30,120,0.01,1,-999.0,2.5,1,1,100,200,-0.1682379755973762,-0.03619570222157209,-0.48740163540473247,0.006916169116481781,530,403,127,0.06726361795117791,0.12109583200085279,0.09417972497601534,0.026916107024837436,0.5947235803906235,-0.32012277782092124,6.0275923784542705e-05,-0.2795507114681142
12,96,0.0025,0,-999.0,0.75,1,1,100,200,-0.18401411757159958,-0.03988240027939438,-0.4844169189939245,0.040752640948266465,438,319,119,0.08367977827523718,0.16421490246242404,0.12394734036883062,0.04026756209359343,0.1747009677865805,-0.13525194170527932,4.5486471380384424e-05,-0.2800532277289433
12,200,0.0025,1,-999.0,2.5,1,1,100,200,-0.08953068329617742,-0.01859677047181363,-0.532453299101407,0.09179189115512192,641,469,172,0.07669758021532885,0.15600682230039442,0.11635220125786164,0.03965462104253278,0.9107053828820726,-0.34340468707692184,7.625840857566458e-05,-0.28023382546476105
20,120,0.0,1,-999.0,999.0,1,1,100,200,-0.14335239255168664,-0.030492359368583966,-0.507400954475018,0.07373707002900551,599,447,152,0.0796556870269694,0.15773904700991365,0.11869736701844152,0.03904167999147212,0.629933980621256,-0.290853574267373,6.957254907940219e-05,-0.2805059831046427
12,96,0.0,1,-999.0,2.5,1,1,100,200,-0.10146821635564629,-0.021185659537652946,-0.5278162903091161,0.08636176033547775,615,457,158,0.0683829016096365,0.14044344952563692,0.10441317556763671,0.036030273958000215,0.6904933899549406,-0.2770655549478057,8.150648763675097e-05,-0.2807757166754371
48,96,0.0025,0,-999.0,0.75,1,1,100,200,-0.1325748121135778,-0.028063382460479014,-0.5147347014989601,0.09261063496509626,425,308,117,0.09103507088796503,0.17594073126532353,0.1334879010766443,0.04245283018867924,0.2975391562643539,-0.17315860073952472,5.4153256761673393e-05,-0.2808002014617042
12,120,0.005,1,-999.0,2.5,1,1,100,200,-0.1489758058948324,-0.03176944366008527,-0.5014976665448667,0.030715189777357658,575,432,143,0.06974203176633621,0.13380769640763246,0.10177486408698433,0.032032832320648116,0.5687690226375461,-0.2767743993836036,6.529982503280782e-05,-0.28098251744365077
20,60,0.0,1,0.2,0.75,1,1,100,200,-0.27259631866348333,-0.06171199566364627,-0.3916742538126632,-0.47990711546633613,425,316,109,0.008661123547596204,0.0202270546850016,0.014444089116298901,0.005782965568702697,0.06365730753074139,-0.15416739249894584,-8.727361503770507e-05,-0.28154447834329466
12,96,0.0,1,-999.0,1.5,1,1,100,200,-0.10167792976090895,-0.021231385301536898,-0.5275912966277189,0.06854142502722457,579,430,149,0.05636392708666454,0.12005649717514125,0.08821021213090288,0.03184628504423835,0.4755421294051192,-0.18671989049864568,8.424162245009802e-05,-0.2815999623640351
48,96,0.005,1,-999.0,1.5,1,1,100,200,-0.13947257285116288,-0.029615151123647432,-0.5068447208067381,0.01592315029925672,539,406,133,0.058522545570834666,0.11438013005010127,0.08645133781046797,0.0279287922396333,0.38095752537217,-0.18406412396389682,6.72599197097578e-05,-0.2822413540120537
12,120,0.01,1,0.2,0.75,1,1,100,200,-0.2677797689817043,-0.060471837668530926,-0.3963090906643191,-0.48196108948147104,392,302,90,0.008554525103933482,0.01820168425540987,0.013378104679671677,0.004823579575738194,0.0678161653671836,-0.16576532206999806,-0.00011395510555766271,-0.282724437474764
12,96,0.01,1,-999.0,2.5,1,1,100,200,-0.23101787211596836,-0.05121541213570835,-0.4579922235905053,-0.06054850006665107,514,396,118,0.06486515296876666,0.11528621682123441,0.09007568489500054,0.025210531926233876,0.2988973948764513,-0.23443336947406412,4.173312010847994e-05,-0.2832389489342935
12,60,0.005,1,0.2,0.75,1,1,100,200,-0.2763837373376705,-0.06269179599749652,-0.39156812873077473,-0.4986433305136405,404,307,97,0.00847457627118644,0.01897452297196461,0.013724549621575525,0.005249973350389085,0.05272278653825091,-0.1587138877595945,-0.0001168086579490686,-0.2834080268885659
30,96,0.0,1,-999.0,2.5,1,1,100,200,-0.09922222283601201,-0.02069647917745565,-0.5343357794721304,0.08785652105375259,610,452,158,0.06968873254450485,0.13919091781259993,0.1044398251785524,0.03475109263404754,0.6372672487108395,-0.2535666556039574,8.213675744273344e-05,-0.2834715428608332
20,200,0.005,0,-999.0,0.75,1,1,100,200,-0.183429817200932,-0.03974484382700472,-0.4953571217421894,0.057088081693903864,446,325,121,0.09623174501652276,0.18454855559108838,0.14039015030380556,0.044158405287282806,0.166165010387755,-0.12480384645702569,4.523345188871227e-05,-0.28456900061340423
30,60,0.005,1,0.0,0.75,1,1,100,200,-0.24920279927078082,-0.05574894821403442,-0.42152287313627024,-0.37547118957535863,467,354,113,0.011699179191983797,0.025023984649824114,0.018361581920903956,0.006662402728920158,0.12063495795017576,-0.15376379786306116,-6.053658588777651e-06,-0.28528394426093745
12,60,0.005,1,-999.0,2.5,1,1,100,200,-0.17475662048158414,-0.03771219363382827,-0.49491044329952716,-0.003813934744479019,539,405,134,0.06233343993177699,0.11845752052020041,0.0903954802259887,0.028062040294211704,0.4003331413423734,-0.22834652755907592,5.9543397227481914e-05,-0.2853581120208158
30,200,0.0025,1,-999.0,999.0,1,1,100,200,-0.10570998067792514,-0.02211219546589782,-0.5375764923218893,0.1002916600897971,626,461,165,0.08813026329815585,0.17559428632341967,0.13186227481078777,0.04373201151263192,0.7078339785848711,-0.28385510296263017,7.028078832738269e-05,-0.2858858586223526
48,96,0.005,1,-999.0,2.5,1,1,100,200,-0.12647331033647058,-0.02669895105070408,-0.5251082486506604,0.05122903707169136,580,435,145,0.07070141775930071,0.13370109796396973,0.10220125786163523,0.0314998401023345,0.672886515960712,-0.3021106114415226,7.125812260950229e-05,-0.2866916235224497
30,120,0.005,1,-999.0,1.5,1,1,100,200,-0.15000286648475025,-0.03200341896139658,-0.5101111854729148,0.0048193088492571355,545,406,139,0.05788295490885833,0.11528621682123441,0.08658458586504637,0.02870163095618804,0.40412005909334137,-0.20496168319005537,6.432885951230249e-05,-0.2868180462553911
20,60,0.0,1,-999.0,999.0,1,1,100,200,-0.16034213062572167,-0.03437149924644278,-0.5115210572357405,0.05191543137285296,558,415,143,0.06984863020999893,0.13999040614007036,0.10491951817503464,0.03507088796503571,0.4803501955506222,-0.25021566986129096,6.772603961584849e-05,-0.28753625629567037
48,120,0.01,0,-999.0,0.75,1,1,100,200,-0.1089391376551817,-0.02281990530040423,-0.542106420259165,0.10346042040956845,386,280,106,0.08775716874533632,0.15582027502398466,0.12178872188466049,0.03403155313932416,0.3084890233327007,-0.1740056404036543,6.00237886146975e-05,-0.28870009440950833
20,120,0.01,1,-999.0,999.0,1,1,100,200,-0.2596688622952805,-0.058398121364444,-0.4552174013391129,-0.054880497704049125,503,387,116,0.07408591834559215,0.13047649504317238,0.10228120669438226,0.028195288348790107,0.30832178159134793,-0.2722808198057013,3.583417277028511e-05,-0.28875084691920294
30,120,0.01,1,0.2,0.75,1,1,100,200,-0.28392311579353147,-0.06465449746988294,-0.3960101707350214,-0.5239002631921457,389,301,88,0.008581174714849163,0.018068436200831466,0.013324805457840316,0.0047436307429911525,0.04367898233837053,-0.16654123522443343,-0.00015034293851825872,-0.2888545959970009
12,60,0.01,1,-999.0,999.0,1,1,100,200,-0.2830983421443556,-0.06443898392027292,-0.43996100964605966,-0.08990918228179569,470,365,105,0.06747681483850336,0.11720498880716342,0.09234090182283339,0.024864086984330028,0.10980031360885412,-0.18285435952388662,2.5923309947840904e-05,-0.2889149478573925
30,96,0.01,0,-999.0,0.75,1,1,100,200,-0.11982285762328826,-0.025220417303423615,-0.5366718601580414,0.09056318843912367,373,278,95,0.0843460185481292,0.14729239953096684,0.11581920903954802,0.03147319049141883,0.1742203292031792,-0.09669031293518382,5.829984040825708e-05,-0.2890281879604881
12,120,0.01,1,0.0,0.75,1,1,100,200,-0.28901209086437474,-0.06598865762746908,-0.4006102502584006,-0.45742231489154805,488,377,111,0.012791813239526703,0.025530327257222044,0.019161070248374375,0.0063692570088476706,0.015909651229625954,-0.10669146482645708,-5.1248340249793456e-05,-0.28916489850124677
12,96,0.01,1,0.0,0.75,1,1,100,200,-0.2822767985421697,-0.06422451144860675,-0.40480808761543585,-0.452866285651077,467,363,104,0.012472017908538535,0.024570941264257542,0.018521479586398038,0.006049461677859504,0.021199292969395378,-0.11227264617891097,-5.6155634935900264e-05,-0.2892718695388785
48,120,0.0,1,-999.0,2.5,1,1,100,200,-0.07981839192405915,-0.016510424665333367,-0.5566781602360558,0.10990830985109051,637,469,168,0.07515190278221938,0.15206267988487368,0.11360729133354654,0.03845538855132715,1.054512322923268,-0.38408301191070127,8.384307956063007e-05,-0.28935408929080675
20,200,0.0025,1,-999.0,2.5,1,1,100,200,-0.10299977858473863,-0.021519796976108285,-0.544841763582036,0.08300396431766137,641,470,171,0.07792346231745016,0.15755249973350388,0.11773798102547703,0.03981451870802686,0.8754003330844073,-0.34094030606252,7.363772367417806e-05,-0.2897904805512432
48,60,0.0,1,-999.0,1.5,1,1,100,200,-0.11256748104245129,-0.023617553487087495,-0.5386052834982087,0.05379346808539505,551,411,140,0.053858863660590554,0.11110222790747255,0.08248054578403155,0.028621682123441,0.38584556777404067,-0.15647384446037316,8.265480489756243e-05,-0.2902305218319221
12,96,0.01,1,-999.0,1.5,1,1,100,200,-0.2241347205962808,-0.049521788453106286,-0.473045792784091,-0.0846599006316721,488,377,111,0.05455175354439825,0.09847031233343993,0.07651103293891909,0.02195927939452084,0.16571372434202214,-0.1504503563406735,3.9558473746014114e-05,-0.29027767987673536
20,60,0.005,1,0.0,0.75,1,1,100,200,-0.2675399747874031,-0.060410266524251854,-0.41991619704666416,-0.4146558327212443,474,358,116,0.011752478413815158,0.025130583093486834,0.018441530753650997,0.006689052339835838,0.09283989456789321,-0.15046569730566206,-2.8602315122753973e-05,-0.29110115668364617
30,200,0.0025,1,-999.0,1.5,1,1,100,200,-0.08875182058168785,-0.01842880426790383,-0.5534366488953024,0.07723031722847742,615,447,168,0.06657072806737022,0.1398038588636606,0.1031872934655154,0.03661656539814519,0.5691355434047798,-0.2101308272465311,7.749277692478603e-05,-0.2912856128541312
30,96,0.01,1,0.0,0.75,1,1,100,200,-0.28122605280785085,-0.06395048937989978,-0.41000142136398576,-0.4492281998570862,469,366,103,0.012445368297622855,0.0244909924315105,0.018468180364566676,0.006022812066943823,0.038554475445150116,-0.12495463118604855,-5.342897734601324e-05,-0.29141261005474695
48,120,0.01,1,-999.0,2.5,1,1,100,200,-0.18254545683266687,-0.03953679669557386,-0.5055788983825004,-0.0005903646279430868,544,413,131,0.06870269694062467,0.1257328643001812,0.09721778062040294,0.028515083679778275,0.7123517474126135,-0.37334534296935806,5.748748397684495e-05,-0.2923557641182212
30,200,0.0025,0,-999.0,0.75,1,1,100,200,-0.1470108710503285,-0.03132243933233314,-0.5328358579475552,0.09015134592834723,462,330,132,0.10073552926127279,0.1966208293358917,0.14867817929858224,0.04794265003730946,0.2382484177091797,-0.13207373965133362,5.100421918416983e-05,-0.29323280100969334
20,120,0.01,1,0.2,0.75,1,1,100,200,-0.28862341700479544,-0.06588649132055968,-0.4021368834443829,-0.5349177982916842,390,302,88,0.008554525103933482,0.01809508581174715,0.013324805457840316,0.004770280353906833,0.04762148196800009,-0.17471534011247458,-0.0001589810353136746,-0.29370082295733535
20,120,0.01,0,-999.0,0.75,1,1,100,200,-0.1249296122582858,-0.026354954564299704,-0.544163499304448,0.08729555818644164,384,283,101,0.08546530220658778,0.1498507621788722,0.11765803219272998,0.0321927299861422,0.23355762696899451,-0.14041478212091896,5.746596202311266e-05,-0.2940719263072016
30,60,0.01,1,-0.2,0.75,1,1,100,200,-0.32572278800721255,-0.07584620832871103,-0.3895803133038226,-0.47781296107354054,464,370,94,0.016815904487794478,0.030673702163948408,0.023744803325871443,0.006928898838076964,-0.01413705723708425,-0.13741191021269372,-9.053173751218201e-05,-0.29452701303429935
30,60,0.0025,1,0.0,0.75,1,1,100,200,-0.28835689123205854,-0.06581645850447815,-0.4131346783931754,-0.45305656025747476,484,366,118,0.01180577763564652,0.025930071420957254,0.018867924528301886,0.007062146892655367,0.05238059942947726,-0.13857997553309687,-5.109075085871357e-05,-0.29503662571393957
20,96,0.0,1,-999.0,1.5,1,1,100,200,-0.17520862148679095,-0.037817701500827194,-0.5156107152325933,0.0009846396443682506,570,421,149,0.05569768681377252,0.11757808335998295,0.08663788508687773,0.030940198273105214,0.3007760226109719,-0.15676918135417361,6.488717430774618e-05,-0.29557382713490543
20,60,0.01,1,-999.0,2.5,1,1,100,200,-0.24088419755860346,-0.053664329735111704,-0.47604916810258446,-0.08059625601939527,483,370,113,0.05905553778914828,0.104306577123974,0.08168105745656114,0.022625519667412854,0.27918436190077767,-0.24441515711440587,3.638715935685679e-05,-0.2957187265873737
30,120,0.01,1,-999.0,999.0,1,1,100,200,-0.26321861632386423,-0.05930343971091789,-0.46730452834610803,-0.057218848899800355,510,391,119,0.07451231212024305,0.13212877091994457,0.1033205415200938,0.02880822939985076,0.36134832149273133,-0.30153898272595725,3.539088640100458e-05,-0.29581664632896193
48,120,0.0,1,-999.0,1.5,1,1,100,200,-0.10666306470894671,-0.022320862758300586,-0.5545727802808167,0.07035878059376838,600,439,161,0.06204029421170451,0.12951710905020786,0.09577870163095618,0.03373840741925168,0.6983118771130277,-0.28990121252493284,8.121716584408593e-05,-0.2960893138690205
48,60,0.01,1,-999.0,1.5,1,1,100,200,-0.23034446947183962,-0.05104918516071877,-0.4806972232898007,-0.098924581882658,471,366,105,0.052046690118324274,0.09196780727001386,0.07200724869416907,0.019960558575844792,0.11335742445408337,-0.12508933008923517,3.5779513172956404e-05,-0.296344025899752
30,120,0.005,1,-999.0,2.5,1,1,100,200,-0.16236633146219182,-0.03483784474673424,-0.5273653398536071,0.01877227336619153,582,433,149,0.06979533098816758,0.13487368084425969,0.10233450591621363,0.032539174928046054,0.6737074417896405,-0.33044558519528056,6.2375740912006e-05,-0.29758190100522824
12,120,0.005,0,-999.0,0.75,1,1,100,200,-0.18863514706513262,-0.040973071200646194,-0.516936071675659,0.03687573237945057,424,307,117,0.08583839675940731,0.1656806310627865,0.1257595139110969,0.039921117151689584,0.22730461973265847,-0.18274558146413578,4.301319654948817e-05,-0.29759732041950315
30,60,0.01,1,0.0,1.5,1,1,100,200,-0.11169374855121916,-0.023425235667479116,-0.5429877296175403,-0.05451556143133811,660,510,150,0.01812173542266283,0.037042959172796076,0.027582347297729452,0.009460611875066624,0.501167581518051,-0.17683563450030415,0.0002059937714512125,-0.2976448785478162
30,60,0.0,1,-999.0,2.5,1,1,100,200,-0.17151761183325842,-0.0369574807665376,-0.5239194178137476,0.020160913279009745,580,429,151,0.061400703549728174,0.1264257541839889,0.09391322886685854,0.03251252531713037,0.48917878698612527,-0.2564445930011098,6.696201895724098e-05,-0.29790914400946095
12,200,0.0025,0,-999.0,0.75,1,1,100,200,-0.21406345162217288,-0.04706524513859345,-0.5056134304784721,0.035517924526144426,464,334,130,0.09537895746722098,0.18875919411576592,0.14206907579149344,0.046690118324272466,0.13027369494247032,-0.12302869709812214,4.074590783209986e-05,-0.2980960641515223
30,96,0.01,1,-999.0,999.0,1,1,100,200,-0.29697905691140536,-0.06809275239806112,-0.4507775408725141,-0.09598023887774083,497,384,113,0.07296663468713357,0.126585651849483,0.09977614326830828,0.026809508581174715,0.1443338014553055,-0.21229300006481566,2.45676260906503e-05,-0.2982805347782052
20,120,0.005,1,-999.0,1.5,1,1,100,200,-0.17524698885812195,-0.037826659494080817,-0.5192450486481122,-0.02086326510390854,541,405,136,0.058069502185268095,0.11398038588636605,0.08602494403581708,0.027955441850548983,0.3578152883937449,-0.20386035320837803,5.7399319347863485e-05,-0.29849234707333233
30,60,0.005,1,0.2,0.75,1,1,100,200,-0.3051565421569197,-0.07027237519455354,-0.40045067244182453,-0.5755805501560164,387,292,95,0.008128131329282593,0.018361581920903956,0.013244856625093273,0.005116725295810681,0.027727171910388204,-0.17952352713339448,-0.00019285664076128454,-0.2992767389232666
12,60,0.01,1,-0.2,0.75,1,1,100,200,-0.3203941106749645,-0.0743891254887783,-0.40472369449920853,-0.4562691665285826,488,390,98,0.0177486408698433,0.0321927299861422,0.024970685427992752,0.007222044558149451,-0.04136225668399396,-0.09510755111304137,-6.821007431320472e-05,-0.2995644310648117
20,60,0.005,1,0.2,0.75,1,1,100,200,-0.3049716937698004,-0.0702228797097344,-0.4012910951791907,-0.5768603794689979,390,294,96,0.00802153288561987,0.018361581920903956,0.013191557403261913,0.005170024517642043,0.030255937363783625,-0.18009040422297562,-0.00019056411026607614,-0.2997114462727796
12,120,0.005,1,-999.0,999.0,1,1,100,200,-0.2434299498309318,-0.054300339718613255,-0.4887021455184508,-0.030918976400945406,555,422,133,0.07757701737554631,0.14601321820701418,0.11179511779128025,0.03421810041573393,0.34264958177706983,-0.256239136399494,4.26453250389506e-05,-0.30019736129788593
12,96,0.0,1,-999.0,999.0,1,1,100,200,-0.18675969881108223,-0.04052982405421779,-0.5240989363630087,0.037202361836577866,593,445,148,0.07667093060441317,0.15363500692889884,0.11515296876665601,0.03848203816224283,0.4321968304203465,-0.23613484224332726,6.118508926464085e-05,-0.30071917414389326
12,96,0.01,1,-999.0,999.0,1,1,100,200,-0.2970817439699721,-0.06811999652325862,-0.45548048131732066,-0.09735494409407086,495,384,111,0.07208719752691611,0.12634580535124187,0.099216501439079,0.027129303912162884,0.15034505663747244,-0.21730698596557008,2.4089324975762693e-05,-0.3007279843866225
20,60,0.01,1,-0.2,0.75,1,1,100,200,-0.33105466941289985,-0.07731341541369852,-0.39843427609823767,-0.48510741427883824,470,373,97,0.017055750986035605,0.031020147105852255,0.02403794904594393,0.006982198059908325,-0.023364779922386725,-0.1335510672770397,-9.315491402661149e-05,-0.30078592417675926
48,60,0.0025,0,-999.0,0.75,1,1,100,200,-0.23124674212545404,-0.051271934369731875,-0.4995453988387416,0.003936499334476235,409,297,112,0.08304018761326085,0.1630423195821341,0.12304125359769748,0.040001065984436625,0.13956372640835646,-0.1722793601099326,3.440124600357247e-05,-0.3008478088223789
48,120,0.01,1,0.2,0.75,1,1,100,200,-0.29692765781158437,-0.06807911678725154,-0.4100275036218961,-0.5551550827688565,392,303,89,0.008554525103933482,0.01820168425540987,0.013378104679671677,0.004823579575738194,0.05012152283611737,-0.18547679760349922,-0.00017369852463685657,-0.3008506227366424
20,200,0.01,1,0.2,0.75,1,1,100,200,-0.30090260527853674,-0.06913598779458419,-0.4083194393848266,-0.5587841475339975,424,330,94,0.00932736382048822,0.019294318302952775,0.0143108410617205,0.004983477241232278,0.05217968617335167,-0.17862548028165848,-0.00014863797568566588,-0.30123491486369736
12,200,0.01,1,0.2,0.75,1,1,100,200,-0.3039851282239546,-0.06995889227289598,-0.406318028899188,-0.5638812552632291,424,330,94,0.00932736382048822,0.019347617524784137,0.014337490672636179,0.005010126852147958,0.04287538153460657,-0.17495134761408349,-0.00015391822599186716,-0.3013119694856514
20,96,0.01,1,-999.0,1.5,1,1,100,200,-0.28552446821998156,-0.06507349884655544,-0.4570777843324606,-0.15816545750270464,486,374,112,0.05409871015883168,0.0972710798422343,0.07568489500053299,0.02158618484170131,0.03946258760486265,-0.12352718813739016,1.6757482978885346e-05,-0.301520663887921
48,200,0.01,1,0.0,0.75,1,1,100,200,-0.3016442103114152,-0.06933369973947023,-0.41857621928573974,-0.4699287059372781,538,414,124,0.014204242618057776,0.028168638737874428,0.0211864406779661,0.006982198059908325,0.04153880986467451,-0.12248264913396378,-3.7467475393956574e-05,-0.302118244679204
30,96,0.005,1,-999.0,1.5,1,1,100,200,-0.2111555843013727,-0.04636065599246275,-0.5060535005738834,-0.06201143715341482,531,400,131,0.056337277475748855,0.10974309775077284,0.08304018761326085,0.02670291013751199,0.20678126291259913,-0.14749522966237216,4.663977751173608e-05,-0.30248797813707523
30,96,0.0,1,-999.0,999.0,1,1,100,200,-0.1977655775509798,-0.043142755864157945,-0.5218019316419724,0.027722773540571094,589,441,148,0.07768361581920905,0.15198273105212665,0.11483317343566785,0.0371495576164588,0.3629487815774237,-0.20977008265764718,5.89760768968338e-05,-0.30265758300811557
12,200,0.0025,1,-999.0,999.0,1,1,100,200,-0.21013738042951613,-0.04611443173750973,-0.5144258065698526,0.01208686207129921,621,460,161,0.0850389084319369,0.16919837970365634,0.1271186440677966,0.04207973563585972,0.5426522776676812,-0.301501180475618,5.170975632348564e-05,-0.3027229919188711
48,96,0.01,1,0.0,0.75,1,1,100,200,-0.3103846189483306,-0.07167663955594605,-0.41201393157087796,-0.5148063471016817,476,373,103,0.012898411683189425,0.02494403581707707,0.018921223750133248,0.006022812066943823,0.0011485625140563727,-0.1260303585842486,-9.295823639142514e-05,-0.3034239226964691
12,60,0.005,1,-999.0,999.0,1,1,100,200,-0.27750432438913575,-0.06298247669530643,-0.47346114146744345,-0.07623099202269966,520,396,124,0.06987527982091461,0.13036989659950965,0.10012258821021214,0.030247308389297515,0.1808594504870764,-0.2064362038984211,3.175590921778597e-05,-0.30352459703016316
30,120,0.005,0,-999.0,0.75,1,1,100,200,-0.18083705540536088,-0.03913540192292675,-0.5341078311507232,0.05072522587138182,419,302,117,0.08892975162562626,0.170477561027609,0.12970365632661762,0.04077390470099137,0.2422951140088121,-0.18688313478564134,4.495058862460064e-05,-0.3036530562047193
30,200,0.01,1,0.2,0.75,1,1,100,200,-0.310483427478189,-0.0717032614542975,-0.40656831177796626,-0.5806925367688273,432,337,95,0.009540560707813665,0.019614113633940944,0.014577337170877305,0.005036776463063639,0.038931374605988944,-0.17626235267432266,-0.00015920438068187028,-0.304022044181722
20,60,0.0025,1,0.0,0.75,1,1,100,200,-0.3121987214312101,-0.07216589864093348,-0.41411940839081807,-0.5061923823189082,494,373,121,0.011939025690224923,0.026169917919198378,0.01905447180471165,0.007115446114486728,0.017842284850533963,-0.1348726272204298,-8.026242100692053e-05,-0.30453522195228794
48,96,0.005,1,-999.0,999.0,1,1,100,200,-0.23066419296727836,-0.051128093223365645,-0.5054035086802101,-0.018525379315073105,560,424,136,0.07845645453576378,0.14561347404327896,0.11203496428952138,0.0335785097537576,0.4137146734385184,-0.27990955845154597,4.642854729424901e-05,-0.30475611652922435
30,120,0.0025,0,-999.0,0.75,1,1,100,200,-0.20553405671780356,-0.045004404371599804,-0.5233081363542165,0.03504426360388968,431,308,123,0.09020893294957893,0.1763937746508901,0.13330135380023453,0.04309242085065558,0.1637709275328465,-0.15312044713111272,4.081197758872922e-05,-0.30490625936851357
12,60,0.0025,1,0.2,0.75,1,1,100,200,-0.317382131166534,-0.07356956263213066,-0.4044989676379217,-0.5916090246616758,424,319,105,0.00847457627118644,0.01982731052126639,0.014150943396226415,0.005676367125039975,-0.011426197572510843,-0.14638505371703714,-0.00017544633398025589,-0.3053994976841753
30,60,0.01,1,-999.0,2.5,1,1,100,200,-0.2899017218420007,-0.06622267312837427,-0.4652640659380055,-0.13619593788600245,487,375,112,0.05884234090182283,0.10377358490566038,0.0813079629037416,0.022465622001918772,0.15287628816777143,-0.21419840588811256,1.9667847741024162e-05,-0.30566450299167713
20,60,0.0,1,-999.0,1.5,1,1,100,200,-0.1397148796880624,-0.02966984279894347,-0.5569809368749623,0.028143828103779772,542,399,143,0.05034111501972071,0.10769107771026543,0.07901609636499307,0.028674981345272358,0.45017722660176895,-0.22206274802765458,7.595895460489395e-05,-0.30675311983123565
20,200,0.0025,1,-999.0,999.0,1,1,100,200,-0.20589864441543015,-0.04509213175404503,-0.526226934173404,0.018234869177188282,620,460,160,0.08631808975588956,0.17079735635859716,0.12855772305724336,0.0422396333013538,0.5443589354983469,-0.2988795241897132,5.259283328539677e-05,-0.30729385538188764
48,60,0.0,1,0.2,0.75,1,1,100,200,-0.297975183326019,-0.06835717129000485,-0.42459245280883184,-0.534314886129417,422,316,106,0.008714422769427566,0.020333653128664322,0.014524037949045944,0.005809615179618377,0.061327748319694786,-0.18311297472627985,-0.00013426904719721566,-0.3073691420008916
12,60,0.01,1,-999.0,1.5,1,1,100,200,-0.2677397492751936,-0.06046156082271403,-0.48063677994004583,-0.14347928858234013,465,359,106,0.050447713463383434,0.0905287282805671,0.07048822087197527,0.020040507408591833,0.06366939401836724,-0.13132461431867382,2.06808466575638e-05,-0.30795391522185395
12,200,0.0025,1,-999.0,1.5,1,1,100,200,-0.1480175900930516,-0.031551355501983847,-0.5557490159811413,0.0193229108849611,607,443,164,0.06363927086664535,0.13420744057136766,0.0989233557190065,0.035284084852361154,0.5244233478152291,-0.24287711237729237,6.50893044224974e-05,-0.30845971794830646
48,60,0.005,0,-999.0,0.75,1,1,100,200,-0.22821807690413887,-0.050525055452335654,-0.5178161225142089,0.00190690683552526,397,291,106,0.08189425434388659,0.1572593540134314,0.11957680417865899,0.037682549834772414,0.18442757390225184,-0.20527823620175312,3.412155817043732e-05,-0.3093377713676639
30,60,0.01,1,-0.2,1.5,1,1,100,200,-0.20882959795701572,-0.04579855314174208,-0.5123337693065397,-0.1475230304428072,695,546,149,0.02654301247201791,0.05122055217993817,0.03888178232597804,0.012338769853960133,0.29723705803124467,-0.13661249437770295,0.00011021033925100914,-0.30934158931715233
48,120,0.01,1,-999.0,1.5,1,1,100,200,-0.22341316348558604,-0.049344943591813184,-0.5143642233181878,-0.0718271164566726,517,391,126,0.05766975802153289,0.10729133354653023,0.08248054578403155,0.02481078776249867,0.4055747440944202,-0.2844676408600014,4.287589210209038e-05,-0.3101184110737407
20,60,0.01,1,-999.0,999.0,1,1,100,200,-0.31125597718913234,-0.07191151413337571,-0.4649190741633201,-0.12212778430811229,466,360,106,0.06619763351455069,0.1151796183775717,0.09068862594606118,0.0244909924315105,0.12340773821435724,-0.22600821314338393,1.6098147167475256e-05,-0.3104774404304414
12,120,0.0025,0,-999.0,0.75,1,1,100,200,-0.22268886483508088,-0.04916755894138258,-0.5240912260001263,0.013067111401465955,439,315,124,0.08650463703229933,0.17141029740965782,0.12895746722097856,0.04245283018867924,0.16716609104496327,-0.17050512714392285,3.722245743548378e-05,-0.3105598163713724
20,120,0.005,1,-999.0,2.5,1,1,100,200,-0.2092528172776893,-0.04590073076844625,-0.5272308991681126,-0.02625774826494332,576,431,145,0.06960878371175781,0.13324805457840316,0.10142841914508048,0.031819635433322675,0.5540941219578324,-0.321314726249057,5.0720225150110445e-05,-0.3108290677657497
48,120,0.01,1,-999.0,999.0,1,1,100,200,-0.2851682300551195,-0.06498022254303826,-0.484863324943854,-0.07222645362562635,524,401,123,0.07595139110968979,0.136765803219273,0.1063585971644814,0.0304072060547916,0.4430371229782242,-0.3562163359050561,3.116121980970877e-05,-0.3110232076962466
20,200,0.0025,0,-999.0,0.75,1,1,100,200,-0.2273169532268151,-0.050303287921057205,-0.5246268096071565,0.026775074069740116,465,336,129,0.09775077283871655,0.19203709625839463,0.1448939345485556,0.04714316170983904,0.10509662716316726,-0.11773337848438281,3.821898489628171e-05,-0.3112779390211484
20,120,0.01,1,0.0,0.75,1,1,100,200,-0.3196124559060177,-0.07417615767373198,-0.4217754850236235,-0.5334326804929772,484,375,109,0.012711864406779662,0.02523718153714956,0.01897452297196461,0.006262658565184948,0.0054324130454157515,-0.13795681925871783,-0.00010148917269563746,-0.31173553421019257
48,120,0.0,1,-999.0,999.0,1,1,100,200,-0.18672320094757,-0.04052120619111599,-0.5480802416322912,0.04524739381607155,614,456,158,0.08330668372241765,0.16490779234623174,0.1241072380343247,0.040800554311907045,0.6923940559812571,-0.3467210856272155,6.094684078535032e-05,-0.312298957316458
20,96,0.0,1,-999.0,2.5,1,1,100,200,-0.21095283611259696,-0.04631160672708079,-0.5349234324320082,-0.0071185910691885556,609,450,159,0.06771666133674448,0.13817823259780407,0.10294744696727427,0.035230785630529796,0.4669085015363643,-0.2705833390120952,5.679603254168685e-05,-0.31412925249654433
30,60,0.0,1,-999.0,999.0,1,1,100,200,-0.24877433548866723,-0.055641126257567564,-0.5147442806219208,-0.024691708360213123,560,419,141,0.06926233876985396,0.13908431936893723,0.10417332906939558,0.034910990299541624,0.26277946336642755,-0.2128168814757112,4.668008343004121e-05,-0.3142478519865386
12,60,0.0025,1,-999.0,2.5,1,1,100,200,-0.2663633117386107,-0.06010837218922127,-0.5000184041768952,-0.09358736816864752,564,419,145,0.06315957787016309,0.12413388764524037,0.09364673275770173,0.030487154887538642,0.23297076868294742,-0.21108550940296888,3.4894398522599444e-05,-0.31479694268610126
12,60,0.005,1,-999.0,1.5,1,1,100,200,-0.2449283742348699,-0.05467549455686771,-0.5095489593171928,-0.10735719412831289,509,385,124,0.051407099456347936,0.10097537575951392,0.07619123760793092,0.024784138151582986,0.15326172257673387,-0.15546848684529613,3.435579357917679e-05,-0.31481783392187973
48,60,0.01,1,-0.2,1.5,1,1,100,200,-0.21383133320637626,-0.04700892530744882,-0.5218405129539102,-0.15157006220128297,730,576,154,0.027555697686813773,0.053352521053192624,0.0404541093700032,0.012898411683189425,0.28384140581379613,-0.1178113193969832,0.00011214863655803728,-0.31550768489446807
20,200,0.0025,1,-999.0,1.5,1,1,100,200,-0.16101141435900956,-0.03452559257197274,-0.5637251323451975,0.00983762325853263,608,445,163,0.0645453576377785,0.13532672422982625,0.09993604093380237,0.03539068329602388,0.47629509558911187,-0.22973278158824462,6.232464567576524e-05,-0.31589627758164485
30,120,0.01,1,0.0,0.75,1,1,100,200,-0.33258010679151384,-0.07773490005397743,-0.42053028323576624,-0.5657373922745705,480,372,108,0.012711864406779662,0.025130583093486834,0.018921223750133248,0.006209359343353587,-0.017325184252177772,-0.13653236607549113,-0.0001247157880606491,-0.31628691128558906
30,120,0.005,1,-999.0,999.0,1,1,100,200,-0.26564070118142247,-0.05992316519344609,-0.5076291626140554,-0.051893248685355074,562,423,139,0.077603666986462,0.14699925381089435,0.11230146039867818,0.03469779341221618,0.40651702791135635,-0.30843839592369227,3.760038558972824e-05,-0.31633240893474157
20,96,0.01,1,-999.0,2.5,1,1,100,200,-0.3137004834210785,-0.07257170176089522,-0.47337105060184037,-0.15103430922045516,514,394,120,0.06449205841594713,0.11443342927193263,0.08946274384393987,0.024970685427992752,0.16000765457291521,-0.23494187365883634,1.5477255887723047e-05,-0.31680894252283814
48,200,0.01,1,-0.2,1.5,1,1,100,200,-0.19005936515342892,-0.04131022150763053,-0.5437731847216208,-0.09853786489672145,939,718,221,0.03243257648438333,0.06691717300927406,0.0496748747468287,0.017242298262445367,0.5130736283860948,-0.14385883806553013,0.00014824290960188053,-0.31812370711327703
20,96,0.005,0,-999.0,0.75,1,1,100,200,-0.2415390902951342,-0.053827779613121574,-0.5279777715689931,-0.00863051368042608,416,303,113,0.0833866325551647,0.16109689798528942,0.12224176527022705,0.03885513271506236,0.14016162887773254,-0.18092697260931323,3.22671987048927e-05,-0.31824819108163943
48,60,0.01,1,-0.2,0.75,1,1,100,200,-0.34334882186948,-0.08073246469509021,-0.42449316554166694,-0.5096326537092728,488,391,97,0.01726894787336105,0.03176633621149131,0.02451764204242618,0.007248694169065132,-0.008299747921687972,-0.1548210761654497,-9.872797897701716e-05,-0.31846068015138734
30,60,0.0,1,-999.0,1.5,1,1,100,200,-0.19652082859600384,-0.04284580427433282,-0.5521552900200144,-0.026954362292690083,542,401,141,0.04962157552499734,0.1069182389937107,0.07826990725935401,0.02864833173435668,0.3019802736259467,-0.19072997126335345,5.900851928838877e-05,-0.32027116739897454
30,96,0.005,1,-999.0,2.5,1,1,100,200,-0.2505460124706034,-0.056087284126677406,-0.5224310245127509,-0.07107301427960089,568,426,142,0.06800980705681697,0.12855772305724336,0.09828376505703017,0.030273958000213198,0.34206861456365667,-0.2581079238794398,3.9771231510408455e-05,-0.3208564470970329
30,60,0.0025,1,0.2,0.75,1,1,100,200,-0.3437303578786226,-0.08083938766802523,-0.4152563144763186,-0.6665157192296189,402,301,101,0.008101481718366912,0.019027822193795972,0.013564651956081442,0.005463170237714529,-0.0293879730104869,-0.17329289894601374,-0.00025428783976677566,-0.3217933308676655
48,60,0.0,1,-999.0,2.5,1,1,100,200,-0.18854972777843282,-0.04095286523442321,-0.5626772647637072,0.008656031534351407,592,442,150,0.06611768468180365,0.13092953842873895,0.0985236115552713,0.03240592687346765,0.5136146043347873,-0.2791748749184513,6.269415166337838e-05,-0.32185869603955924
12,96,0.0,1,0.2,0.75,1,1,100,200,-0.3186915472319166,-0.07392550002284648,-0.4382108992693706,-0.5784430299460024,468,348,120,0.009567210318729346,0.022199125892761965,0.015883168105745655,0.006315957787016309,0.07057918531235918,-0.1957791927784206,-0.00013041003468824963,-0.3219531011548319
48,96,0.0025,1,-999.0,2.5,1,1,100,200,-0.22638783843053967,-0.05007484824706976,-0.5401551703763522,-0.03886426068553498,603,449,154,0.07227374480332587,0.1382581814305511,0.10526596311693849,0.03299221831361262,0.48936631233481576,-0.2977458825889445,4.8184977963801776e-05,-0.3220956464695226
30,96,0.0,1,0.2,0.75,1,1,100,200,-0.3187313921731153,-0.07393633961277546,-0.43887872776022396,-0.5771456651929908,457,342,115,0.009380663042319583,0.021799381729026755,0.015590022385673169,0.006209359343353587,0.06015020164992446,-0.19237066767716093,-0.00013938834572570485,-0.322232986752537
12,60,0.01,1,0.0,1.5,1,1,100,200,-0.16698546465524766,-0.03590540875349735,-0.5600336602654574,-0.13024554311015862,683,528,155,0.01905447180471165,0.03829549088583307,0.028674981345272358,0.009620509540560708,0.41144699288250797,-0.16950568760414086,0.0001640217866919436,-0.322434516041734
20,96,0.0,1,0.2,0.75,1,1,100,200,-0.3301809326821181,-0.07707234451543343,-0.4301334119160942,-0.6112841616525008,460,341,119,0.00927406459865686,0.021852680950858117,0.015563372774757488,0.006289308176100629,0.03629370747580918,-0.18644418013404795,-0.000158642876431283,-0.3227032585561056
20,60,0.0025,1,0.2,0.75,1,1,100,200,-0.34479598227372776,-0.08113828553223434,-0.4162057978840278,-0.6711874805171838,407,305,102,0.00802153288561987,0.019107771026543013,0.013564651956081442,0.0055431190704615715,-0.028259497376391662,-0.1735296525861354,-0.00025225077524928114,-0.3228005585001074
48,60,0.01,1,-999.0,2.5,1,1,100,200,-0.2872098963951376,-0.06551531117256615,-0.5019761143607564,-0.12673856848114573,502,389,113,0.06291973137192197,0.10859716448139857,0.08575844792666026,0.022838716554738302,0.2144369888220159,-0.24556496023155772,2.2894692796425898e-05,-0.32284029677700166
12,120,0.0025,1,-999.0,1.5,1,1,100,200,-0.2636423756094014,-0.05941174693253215,-0.5162892072166171,-0.11105490043927213,566,421,145,0.05841594712717194,0.11907046157126105,0.0887432043492165,0.03032725722204456,0.14921586309529178,-0.14960000139527152,3.321761218483359e-05,-0.3231090955628043
12,60,0.01,1,-0.2,1.5,1,1,100,200,-0.23376162433354153,-0.05189390335260813,-0.5249976580122554,-0.1767117310305966,726,570,156,0.02784884340688626,0.0531126745549515,0.04048075898091888,0.012631915574032619,0.2605474982761551,-0.1260370810276188,9.942367759086491e-05,-0.32322831891026566
12,60,0.005,1,-0.2,0.75,1,1,100,200,-0.35357938862703575,-0.08361687678500929,-0.4286804934680951,-0.5055182679430987,551,429,122,0.01854812919731372,0.03656326617631383,0.027555697686813773,0.009007568489500054,-0.023033289747941055,-0.1284075053518684,-7.088096287614686e-05,-0.3232330369162118
48,96,0.0,1,0.2,0.75,1,1,100,200,-0.32100872675810765,-0.07455671997494218,-0.439633935468305,-0.5790807845454375,470,356,114,0.009993604093380237,0.02230572433642469,0.01614966421490246,0.006156060121522226,0.06227286867187787,-0.1914389257225907,-0.0001319525189244426,-0.3233277269363665
30,60,0.01,1,0.0,2.5,1,1,100,200,-0.16316386251247128,-0.03502183149800475,-0.5670818290365448,-0.1005369740300733,751,585,166,0.021826031339942438,0.043412216181643745,0.032619123760793095,0.010793092420850655,0.551861419634843,-0.21493457542774008,0.0001763234648103236,-0.3235895947177808
30,120,0.0025,1,-999.0,2.5,1,1,100,200,-0.24834111873230758,-0.05553215822446822,-0.5328519715777356,-0.06123921218232915,604,446,158,0.07131435881036137,0.13959066197633516,0.10545251039334826,0.034138151582986886,0.4930265497035402,-0.3190064534395801,4.218520273505624e-05,-0.32502010462245245
30,60,0.01,1,-999.0,999.0,1,1,100,200,-0.3506693647628659,-0.08279272861789677,-0.4682267312329387,-0.16736291102500375,469,364,105,0.0660377358490566,0.11469992538108943,0.09036883061507302,0.024331094766016415,0.01992302892182707,-0.19505534597717156,2.5809073137490963e-06,-0.3252742397856163
12,120,0.0025,1,-999.0,2.5,1,1,100,200,-0.2650643732721255,-0.05977555529163503,-0.5247650701925133,-0.0781457650829812,600,446,154,0.07080801620296344,0.1392442170344313,0.10502611661869737,0.03421810041573393,0.37459880423459624,-0.2782375790404079,3.76207375468192e-05,-0.3260653786420407
48,120,0.005,1,-999.0,2.5,1,1,100,200,-0.22971472893762912,-0.050893841245868265,-0.5466052150982292,-0.037441233067620226,595,442,153,0.07184735102867498,0.14065664641296238,0.10625199872081868,0.03440464769214369,0.6765836638386413,-0.3813268288178473,4.68375134545706e-05,-0.3260685104483639
20,96,0.0,1,0.0,0.75,1,1,100,200,-0.32742368581874515,-0.07631324386289484,-0.44918709343941265,-0.5210979964772325,561,421,140,0.013644600788828483,0.02995416266922503,0.021799381729026755,0.008154780940198274,0.023456385963801063,-0.12999390342120754,-5.7662807747964094e-05,-0.3269616904064628
12,96,0.005,1,-999.0,2.5,1,1,100,200,-0.2557543601620348,-0.0574037954669504,-0.5321093317487765,-0.07774795359560714,568,428,140,0.0668638737874427,0.12831787655900223,0.09759087517322247,0.030727001385779766,0.3594249083888945,-0.2726699116374701,3.811848306239682e-05,-0.327345859021119
12,96,0.005,1,-999.0,1.5,1,1,100,200,-0.24283558860267762,-0.054151696360323354,-0.537149732082352,-0.09662982585895988,535,405,130,0.05564438759194116,0.10984969619443556,0.08274704189318836,0.0271026543012472,0.2179975626065973,-0.18764361056145173,3.7134019082852723e-05,-0.32755805369444735
30,120,0.0025,1,-999.0,1.5,1,1,100,200,-0.2635827436243535,-0.05939650277880326,-0.525325196881461,-0.1120015786701377,564,416,148,0.05860249440358171,0.11909711118217674,0.08884980279287923,0.030247308389297515,0.2058811187835654,-0.19030560416673992,3.280819963983045e-05,-0.32765918015304063
20,60,0.005,1,-999.0,2.5,1,1,100,200,-0.25134544883009413,-0.05628888084828343,-0.5346891669466146,-0.08360693659427854,533,398,135,0.06036136872401663,0.11589915787229506,0.08813026329815585,0.027768894574139218,0.3766818617491279,-0.2900687352647966,3.711995780057399e-05,-0.32781381115130465
30,200,0.01,1,0.0,0.75,1,1,100,200,-0.34161427976624104,-0.08024699616269193,-0.4396660786457127,-0.5674657670547847,531,410,121,0.014097644174395053,0.027688945741392176,0.020893294957893615,0.006795650783498561,0.01684835947736696,-0.15558054355422457,-9.924883346233152e-05,-0.3284533238382875
48,96,0.0025,1,-999.0,1.5,1,1,100,200,-0.25841643211022713,-0.05807953399782373,-0.5304054110111509,-0.10509097547665101,559,417,142,0.05942863234196781,0.11816437480012792,0.08879650357104786,0.029367871229080054,0.19298800963269502,-0.17787153837368208,3.4305025874913836e-05,-0.32853678827723176
20,120,0.005,1,-999.0,999.0,1,1,100,200,-0.29683922646319916,-0.06805565879773379,-0.5137327438427457,-0.08370762839948899,558,422,136,0.07736382048822087,0.14526702910137512,0.111315424794798,0.03395160430657712,0.3298364816880528,-0.30103592455474637,2.94679119883214e-05,-0.32910741213908107
20,60,0.01,1,-999.0,1.5,1,1,100,200,-0.2922430573411433,-0.06683967902077848,-0.5084422253728432,-0.17744175418076333,457,352,105,0.049008634473936684,0.08813026329815585,0.06856944888604627,0.019560814412109582,0.08649274111517502,-0.1813120173000906,8.953596998544593e-06,-0.3299328794162383
30,96,0.0025,0,-999.0,0.75,1,1,100,200,-0.2681827010950615,-0.06057533351371036,-0.5370543704898348,-0.02048126622363017,422,306,116,0.08701097963969726,0.17037096258394627,0.12869097111182176,0.041679991472124506,0.039915381546056894,-0.13091206358948304,2.8047311596771173e-05,-0.33012658206980927
30,120,0.0,1,0.2,0.75,1,1,100,200,-0.3374447227563304,-0.07908418044425924,-0.44123086432885683,-0.6190297982195397,477,359,118,0.009913655260633194,0.022598870056497175,0.016256262658565186,0.00634260739793199,0.04783297855032398,-0.19733339974205688,-0.00015486360011889998,-0.3306511025196647
20,60,0.01,1,-0.2,1.5,1,1,100,200,-0.2316055686875338,-0.05136057805547756,-0.5410448807094308,-0.17691457355615314,702,548,154,0.026969406246668798,0.05154034751092634,0.03925487687879757,0.012285470632128771,0.3012672351394512,-0.16113282783601313,9.685112942593545e-05,-0.3307287470880006
12,60,0.0,1,-0.2,0.75,1,1,100,200,-0.355113289231338,-0.08405248794709408,-0.4448780967750352,-0.4891870759399678,604,462,142,0.019667412855772306,0.04034751092634047,0.03000746189105639,0.010340049035284085,-0.09342820163120336,-0.03778758460783005,-4.5791494907874775e-05,-0.33095089013161005
20,96,0.01,1,-0.2,0.75,1,1,100,200,-0.36185077293102297,-0.08597573239189293,-0.43566819648272637,-0.5430334921349097,512,405,107,0.01809508581174715,0.033711757808336,0.025903421810041575,0.007808335998294425,-0.0361235179160988,-0.1447205148291919,-0.00010524154350419424,-0.3309615052400016
20,96,0.0025,0,-999.0,0.75,1,1,100,200,-0.2719775541838231,-0.06155231008254891,-0.5370423888900724,-0.030645715810856636,430,310,120,0.08410617204988807,0.1666133674448353,0.12535976974736168,0.04125359769747362,0.08129768396877113,-0.16517362530045931,2.6933318524496436e-05,-0.3316057903181279
20,60,0.01,1,0.0,1.5,1,1,100,200,-0.1780737438224811,-0.03848756754826377,-0.5720098703020355,-0.1501901878049756,665,513,152,0.018361581920903956,0.03712290800554312,0.02774224496322354,0.009380663042319583,0.4333329289299479,-0.2003042209304412,0.0001520027611117117,-0.33200201208953034
48,120,0.005,1,-999.0,1.5,1,1,100,200,-0.24815166835889235,-0.055484521111763274,-0.5442961589702175,-0.08927032303601466,560,415,145,0.059668478840208934,0.1201097963969726,0.08988913761859077,0.030220658778381836,0.39837203514968467,-0.28855656570005683,3.782868410351291e-05,-0.3320961167486728
20,200,0.01,1,0.0,0.75,1,1,100,200,-0.3490190214070923,-0.08232664669180101,-0.4416463447246092,-0.5850847918834824,525,405,120,0.013884447287069609,0.027315851188572646,0.02060014923782113,0.006715701950751519,0.004865849356568086,-0.1576530192235468,-0.0001145911999540194,-0.3324040586482797
30,60,0.01,1,-999.0,1.5,1,1,100,200,-0.3119295763209319,-0.0720932456921316,-0.5006080107882915,-0.20445748709614922,459,355,104,0.04855559108837011,0.08757062146892655,0.06806310627864832,0.019507515190278223,0.021320735617106124,-0.15244820005140491,3.7778846376583185e-07,-0.3326201254410848
12,200,0.01,1,0.0,0.75,1,1,100,200,-0.3521842390900748,-0.08322138682811397,-0.4405504242749487,-0.5904022049393598,524,403,121,0.013831148065238247,0.027369150410404008,0.02060014923782113,0.0067690011725828805,-0.004059172626675878,-0.15465968019027543,-0.00011931785564298532,-0.3330167092125563
48,96,0.0025,1,-999.0,999.0,1,1,100,200,-0.308945942705111,-0.0712893634331615,-0.5157313939042397,-0.09148868086726294,583,438,145,0.08018867924528301,0.15075684895000532,0.11547276409764418,0.035284084852361154,0.2376446703707915,-0.2526147090555033,2.8417242181839286e-05,-0.3337294944286445
48,60,0.005,1,0.2,0.75,1,1,100,200,-0.33465185840989076,-0.07830856919546259,-0.4473234144335252,-0.6439241266453403,396,298,98,0.008128131329282593,0.018734676473723483,0.013431403901503039,0.005303272572220446,0.03780565792624535,-0.2184716687703242,-0.00024317575728493755,-0.3341664827444922
48,200,0.0,1,0.2,0.75,1,1,100,200,-0.33941815376888407,-0.07963380366218853,-0.4489176177232511,-0.6029352056086562,545,412,133,0.011512631915574032,0.02537042959172796,0.018441530753650997,0.006928898838076964,0.07143766538751661,-0.19028055746884354,-0.00010285543311640563,-0.33423937280424687
30,96,0.005,0,-999.0,0.75,1,1,100,200,-0.2550157514663406,-0.057216650196666996,-0.553873988719864,-0.013725784683180853,410,300,110,0.08578509753757595,0.1645613474043279,0.12517322247095192,0.03938812493337597,0.09578442286551025,-0.16540726143299,2.980371117601203e-05,-0.33483993379075805
20,96,0.01,1,-0.2,1.5,1,1,100,200,-0.2741946161213178,-0.062124974321141946,-0.5228411294244377,-0.2316232044007552,767,601,166,0.02904807589809189,0.05617737981025477,0.04261272785417333,0.013564651956081442,0.22979345749631785,-0.13387296886591438,7.869548959713889e-05,-0.33512669925339855
12,120,0.0,1,0.2,0.75,1,1,100,200,-0.33321371465172656,-0.07791019503872298,-0.45456057862542465,-0.6039376914246527,488,363,125,0.009833706427886153,0.022998614220232385,0.016416160324059268,0.006582453896173116,0.07337432094156426,-0.2070791976055527,-0.00013784752135325053,-0.33538736892266796
30,120,0.0025,1,-999.0,999.0,1,1,100,200,-0.33228568475053466,-0.07765349006501654,-0.5047371736811472,-0.11611504990565572,585,437,148,0.07928259247414987,0.1523025263831148,0.11579255942863234,0.03650996695448246,0.23314969347637238,-0.27449937271635627,2.2182902212784085e-05,-0.33582782940087297
48,60,0.0,1,0.0,0.75,1,1,100,200,-0.34008821320644855,-0.07982072159124909,-0.4579040382864874,-0.5567887602542703,518,395,123,0.012898411683189425,0.02787549301780194,0.020386952350495684,0.007488540667306257,0.006008452765216665,-0.15004749851908006,-0.0001016369180321792,-0.3366121787472063
48,60,0.005,1,-999.0,1.5,1,1,100,200,-0.2659614517586264,-0.06000535641421034,-0.5405246928386989,-0.13130572605423366,514,390,124,0.05295277688945741,0.10241445474896066,0.07768361581920905,0.024730838929751624,0.13747168215503436,-0.16551243656600623,2.7262410067900644e-05,-0.33683298913627147
12,120,0.0025,1,-999.0,999.0,1,1,100,200,-0.3425089973410026,-0.0804972843188475,-0.5024099664122872,-0.1266828047146278,581,437,144,0.07890949792133035,0.15214262871762071,0.11552606331947554,0.03661656539814519,0.14836596763884646,-0.23439704888904855,1.9197021998811805e-05,-0.33803640776072247
20,96,0.005,1,-999.0,1.5,1,1,100,200,-0.30401756336945396,-0.0699675665826397,-0.5191408517602908,-0.17020665174012153,531,400,131,0.055111395373627546,0.1084106172049888,0.08176100628930817,0.026649610915680633,0.08582745757978016,-0.16406697823103988,1.598824099664808e-05,-0.33804832504979115
12,60,0.0025,1,-999.0,999.0,1,1,100,200,-0.35365034683827046,-0.083637009899729,-0.49353397117398856,-0.15361414582588143,546,411,135,0.07096791386845752,0.1367391536083573,0.10385353373840742,0.0328856198699499,0.014893097179724313,-0.16316609920995573,1.1783618406923433e-05,-0.33808470277801733
30,60,0.005,1,-999.0,2.5,1,1,100,200,-0.30980868154795094,-0.07152152592321726,-0.5193486141534123,-0.1495931175329596,538,404,134,0.06014817183669118,0.11547276409764418,0.08781046796716768,0.027662296130476494,0.20819797370143278,-0.25237154765553393,1.8823247952373117e-05,-0.3386754888765714
12,60,0.01,1,0.0,2.5,1,1,100,200,-0.19036230134162913,-0.04138199571317913,-0.5819456116722285,-0.13417950524873318,771,602,169,0.02281206694382262,0.04461144867284938,0.033711757808336,0.010899690864513378,0.513778939776578,-0.21351461854190956,0.00015908913031475162,-0.33906377681173
12,96,0.0,1,0.0,0.75,1,1,100,200,-0.3583275062125475,-0.08496798537047179,-0.4499707534674555,-0.5843987145895371,577,435,142,0.014177593007142096,0.03075365099669545,0.022465622001918772,0.008288028994776677,-0.012907609831563693,-0.13247717287836291,-8.90627741354967e-05,-0.3391732978336764
30,60,0.01,1,0.2,1.5,1,1,100,200,-0.240955889222508,-0.05368221723309985,-0.5420943225779802,-0.2975763106667648,546,419,127,0.012791813239526703,0.02702270546850016,0.01990725935401343,0.007115446114486728,0.29058221838020026,-0.22718884540009043,5.734203437373737e-05,-0.3396081940554282
30,96,0.01,1,-0.2,1.5,1,1,100,200,-0.25903104749153183,-0.058235823178334534,-0.5428269577087501,-0.20729847723171171,783,616,167,0.029074725509007568,0.05673702163948406,0.042905873574245815,0.013831148065238247,0.2960331690384932,-0.15422916558065658,9.191188594818556e-05,-0.3400142258942952
30,96,0.005,1,-999.0,999.0,1,1,100,200,-0.34623380536421533,-0.08154219859785272,-0.5030141044484697,-0.13956484626571602,549,416,133,0.07568489500053299,0.1404967487474683,0.10809082187400064,0.03240592687346765,0.12600144305554029,-0.23594053220011235,1.4981657250347191e-05,-0.3400274931353734
30,60,0.005,1,-0.2,0.75,1,1,100,200,-0.38072016852887414,-0.09144990398834751,-0.43999869833123817,-0.5756405508685031,520,402,118,0.017482144760686495,0.034857691077710265,0.026169917919198378,0.008687773158511885,-0.019828524128202463,-0.18053637557247149,-0.00012052381984373203,-0.3402312806973917
30,60,0.0,1,-0.2,0.75,1,1,100,200,-0.3791320084210983,-0.09098406202270837,-0.44392401385942537,-0.5557922003396877,566,430,136,0.018468180364566676,0.03802899477667626,0.02824858757062147,0.009780407206054791,-0.04631952153694974,-0.135962776308575,-9.060510817774003e-05,-0.34073567896940543
20,60,0.005,1,-999.0,999.0,1,1,100,200,-0.33208491964640907,-0.07759799341244056,-0.5127155311719391,-0.13618401292132787,515,389,126,0.06790320861315424,0.1277049355079416,0.09780407206054792,0.029900863447393667,0.18189069564032279,-0.26885631782925934,1.4955937797010745e-05,-0.3407649596444765
20,60,0.0,1,-0.2,0.75,1,1,100,200,-0.37379960613230845,-0.0894268926727847,-0.45058908772173933,-0.5383597497430151,579,439,140,0.018708026862807803,0.03853533738407419,0.028621682123441,0.009913655260633194,-0.04110011492232157,-0.12763192284387226,-7.826897779402572e-05,-0.3416394240208051
20,120,0.005,0,-999.0,0.75,1,1,100,200,-0.2522195329997009,-0.05650949892602508,-0.5701216763010177,-0.010195105180796997,421,305,116,0.087783818356252,0.16815904487794478,0.1279714316170984,0.04018761326084639,0.18171439719125337,-0.21890575007144797,3.0885004698355786e-05,-0.3420800923355738
20,96,0.005,1,0.2,0.75,1,1,100,200,-0.3572317683556794,-0.08465547783333793,-0.44542714421317364,-0.7015871065652989,429,321,108,0.008687773158511885,0.020093806630423195,0.014390789894467541,0.005703016735955655,0.015609864189774836,-0.21565531715889585,-0.0002503334596515757,-0.3424484052681897
48,60,0.01,1,-999.0,999.0,1,1,100,200,-0.36287358327164054,-0.08626911644669477,-0.49522709731482095,-0.17550337969263938,485,379,106,0.07006182709732438,0.11947020573499627,0.09476601641616032,0.024704189318835945,0.05073547730454009,-0.2271860268297714,1.1904765103002713e-06,-0.34265783408873723
20,60,0.005,1,-0.2,0.75,1,1,100,200,-0.3833102358891629,-0.09221168125109702,-0.4460491317398517,-0.5773688693764153,529,407,122,0.017588743204349215,0.03517748640869843,0.026383114806523826,0.008794371602174608,-0.01787696824676477,-0.18191117181091299,-0.00011869077275080421,-0.34410469058984366
48,120,0.005,0,-999.0,0.75,1,1,100,200,-0.2751046097309612,-0.06236042956038135,-0.561380688015336,-0.02378204624964142,425,305,120,0.09042212983690438,0.17495469566144334,0.13268841274917387,0.04226628291226948,0.1886492987945958,-0.24572058338132474,2.6723582365672767e-05,-0.34423987588053145
12,96,0.005,1,-999.0,999.0,1,1,100,200,-0.33634478080244823,-0.07877840205982067,-0.5182578255936447,-0.1299681478290876,549,418,131,0.07472550900756848,0.14055004796929965,0.10763777848843407,0.03291226948086558,0.16818824661129073,-0.25239304933413964,1.7608058600861768e-05,-0.3444057222480974
20,120,0.0,1,0.2,0.75,1,1,100,200,-0.35575817413812283,-0.08423587576600655,-0.45503537193478594,-0.6642803588910773,485,363,122,0.009860356038801834,0.02281206694382262,0.016336211491312227,0.006475855452510394,0.045270161702400946,-0.21446938910680136,-0.00018128533704995058,-0.3449675796779534
30,60,0.005,1,-0.2,1.5,1,1,100,200,-0.24618763616298434,-0.05499123197576994,-0.5611577941002223,-0.18980397830405754,769,586,183,0.02702270546850016,0.05687026969406247,0.04194648758128131,0.014923782112781154,0.33402668636983845,-0.1699070456635422,9.630000280253058e-05,-0.34506032794108393
20,96,0.0,1,-999.0,999.0,1,1,100,200,-0.2860402818288019,-0.06520862384179416,-0.5550603752263497,-0.050555068992408185,588,439,149,0.07576484383328004,0.15102334505916212,0.11339409444622109,0.03762925061294105,0.24065235299574872,-0.22778521076521352,3.845041363378931e-05,-0.3452665649045894
48,120,0.01,1,0.0,0.75,1,1,100,200,-0.3667506920862409,-0.08738466265460987,-0.45152613810607733,-0.6425840147089141,490,377,113,0.0126585651849483,0.025556976868137724,0.019107771026543013,0.006449205841594713,-0.018403180785022122,-0.1757283957606156,-0.00017143520871970325,-0.34527693244309426
48,200,0.01,1,-0.2,0.75,1,1,100,200,-0.38432019806970974,-0.09250941972307758,-0.4507669543146453,-0.5588830959702794,623,488,135,0.0211864406779661,0.03973456987527982,0.030460505276622963,0.00927406459865686,-0.03399151893224728,-0.1296568209648712,-7.225089107669219e-05,-0.3458370516789142
30,96,0.005,1,0.2,0.75,1,1,100,200,-0.3526144352605137,-0.08334326396164371,-0.45726601095868413,-0.68174758435715,430,323,107,0.008767721991258928,0.020173755463170236,0.014470738727214582,0.005703016735955655,0.03887875306370714,-0.2273286454379534,-0.00023828751387303538,-0.34606364865884326
30,96,0.0025,1,-999.0,1.5,1,1,100,200,-0.3197140279920706,-0.07420382069845366,-0.5262591336842318,-0.18382302908419565,551,410,141,0.05700351774864087,0.11355399211171517,0.08527875493017802,0.028275237181537148,0.035045139426998384,-0.13421456171988277,1.3212532666177537e-05,-0.34652453899477936
12,96,0.005,1,0.2,0.75,1,1,100,200,-0.3569250802626205,-0.08456808584976494,-0.45439576547622795,-0.6993778862180767,432,325,107,0.00892761965675301,0.0202270546850016,0.014577337170877305,0.005649717514124294,0.028057737757280377,-0.22361857942254748,-0.0002459101885298791,-0.34673486289878275
48,60,0.0,1,-999.0,999.0,1,1,100,200,-0.27462579455861336,-0.06223650963229166,-0.5652904831833871,-0.04469005546743682,573,433,140,0.07395267029101375,0.14356145400277157,0.10875706214689265,0.034804391855878906,0.26597824249186997,-0.23688085039612283,4.084396250971657e-05,-0.34711625399735707
12,60,0.005,1,-0.2,1.5,1,1,100,200,-0.250478806359666,-0.0560703443606424,-0.5646495720671953,-0.18992459127158148,807,617,190,0.028515083679778275,0.05905553778914828,0.043785310734463276,0.015270227054685002,0.3275813179809197,-0.15471252713198969,0.00010009299645109551,-0.34789135995781917
30,200,0.01,1,-0.2,1.5,1,1,100,200,-0.26049215083009514,-0.05860778058180105,-0.559711262564469,-0.194527892476607,910,694,216,0.03184628504423835,0.06531819635433322,0.04858224069928579,0.016735955655047437,0.41996517759945284,-0.17904660993726562,0.0001080068836944101,-0.3481898064878659
20,96,0.01,1,-999.0,999.0,1,1,100,200,-0.37400002318993897,-0.08948522631820477,-0.5018399964274132,-0.18240286931536395,495,382,113,0.07171410297409658,0.12538641935827738,0.09855026116618697,0.026836158192090395,0.02315524498574084,-0.21630414925404884,-4.2876687835442807e-07,-0.3495253679976795
20,60,0.01,1,0.0,2.5,1,1,100,200,-0.2064455685621157,-0.04522379351090122,-0.5927556373505204,-0.16006804957823434,755,588,167,0.022092527449099245,0.043412216181643745,0.032752371815371495,0.010659844366272252,0.5117975023704857,-0.23427951661912727,0.0001452423365789592,-0.34960501466507315
20,120,0.0025,1,-999.0,1.5,1,1,100,200,-0.3062335847880423,-0.07056097657513616,-0.5429912507685719,-0.16195660441956677,563,416,147,0.058522545570834666,0.11811107557829656,0.08831681057456561,0.029794265003730946,0.15324468641676336,-0.2027834973772058,1.9404654919344443e-05,-0.35015443218040043
12,120,0.0,1,0.0,0.75,1,1,100,200,-0.37635592265603235,-0.09017205976543563,-0.4584868373029437,-0.6149787322776264,604,456,148,0.014683935614540027,0.03189958426606972,0.02329175994030487,0.008607824325764844,-0.0337591005569694,-0.12694597389819828,-9.702422187548012e-05,-0.3501644150307888
48,60,0.01,1,0.0,1.5,1,1,100,200,-0.21315125755842323,-0.04684399233526504,-0.5864058281945749,-0.20408302421462318,684,530,154,0.018814625306470524,0.03842873894041147,0.028621682123441,0.009807056816970472,0.3654223542958168,-0.1886838824789644,0.00012327709845681652,-0.3502510576432836
48,60,0.0025,1,0.2,0.75,1,1,100,200,-0.3678376795281184,-0.08769839786808442,-0.45297987658464445,-0.723659776180299,407,306,101,0.008154780940198274,0.019294318302952775,0.013724549621575525,0.005569768681377252,-0.02352191458290709,-0.2064630853274395,-0.0002979991344560216,-0.3503713249694216
30,60,0.005,1,0.0,1.5,1,1,100,200,-0.20018905082958027,-0.04372196683294716,-0.5959193211382515,-0.1770776435642724,726,547,179,0.01854812919731372,0.04098710158831681,0.029767615392815264,0.011219486195501546,0.5257740329642753,-0.2463226771925986,0.00014166344603570687,-0.35053550958028656
20,120,0.0025,1,-999.0,2.5,1,1,100,200,-0.3107765618058208,-0.0717822583460721,-0.5468536693181719,-0.12815837255725945,600,444,156,0.07091461464662616,0.13833813026329816,0.10462637245496216,0.033711757808336,0.37088639462548567,-0.3212974214766877,2.5227610073812063e-05,-0.35161701163302106
48,120,0.0025,0,-999.0,0.75,1,1,100,200,-0.3004388846444457,-0.06901244507576765,-0.5616517182743641,-0.041088749546673624,437,311,126,0.09242085065558042,0.18143055111395373,0.13692570088476708,0.044504850229186654,0.1249319799685138,-0.22622182880874875,2.2559835274235698e-05,-0.3518927416902834
30,96,0.0025,1,-999.0,2.5,1,1,100,200,-0.3305697904110284,-0.07717960236892663,-0.5342826187994402,-0.15514148080907705,591,439,152,0.0694755356571794,0.13327470418931883,0.10137511992324912,0.03189958426606972,0.19562003489496438,-0.247548977391585,1.8604616663436176e-05,-0.35207798580910055
48,120,0.0,1,0.2,0.75,1,1,100,200,-0.367388998918308,-0.08756884374254426,-0.46157584240809724,-0.6945221475604887,483,364,119,0.010020253704295917,0.02281206694382262,0.016416160324059268,0.0063959066197633516,0.027926124867729163,-0.21642028826504156,-0.0002037094620063939,-0.3530828723246173
20,96,0.005,1,-999.0,2.5,1,1,100,200,-0.34412964450988826,-0.08095133839469537,-0.5268142638248399,-0.17623459262254193,568,426,142,0.06638418079096045,0.12719859290054364,0.09679138684575206,0.0304072060547916,0.20190542257115918,-0.27503308840769747,1.1861419912140423e-05,-0.3531701999382424
30,60,0.005,1,-999.0,1.5,1,1,100,200,-0.31774875268614144,-0.07366916594332007,-0.5392553624642261,-0.20094979284715428,502,379,123,0.04906193369576804,0.09772412322780087,0.07339302846178446,0.024331094766016415,0.0805156676330765,-0.18838802590519277,5.802497910441068e-06,-0.35334433681779087
30,96,0.01,1,-0.2,0.75,1,1,100,200,-0.39008023797657376,-0.09421499594881044,-0.4583077721657507,-0.6031429218114392,530,423,107,0.018388231531819635,0.03416480119390257,0.026276516362861102,0.007888284831041467,-0.054280342129225834,-0.15932698318374117,-0.0001317407502432691,-0.35352602812225775
12,60,0.0,1,-999.0,0.75,1,1,100,200,-0.26732992672837774,-0.06035634644016363,-0.5693198860086031,-0.17131784909212056,417,313,104,0.033631808975588956,0.06843620083146786,0.051034004903528406,0.017402195927939453,-0.020796845207650905,-0.07825945104830623,1.0155792012460708e-05,-0.3535821818990712
48,96,0.005,1,0.2,0.75,1,1,100,200,-0.35931273111178685,-0.08524933895065112,-0.46744797003753435,-0.6976882644582961,438,332,106,0.009194115765909817,0.020546850015989767,0.014870482890949792,0.005676367125039975,0.029943645186892187,-0.22559721000259703,-0.00024201789558099174,-0.3538577371923331
48,96,0.01,1,-0.2,1.5,1,1,100,200,-0.3033035517345345,-0.06977668925581348,-0.5410916280893903,-0.27126221227612046,809,635,174,0.02963436733823686,0.058149451018015136,0.043891909178126,0.014257541839889138,0.22196306071311778,-0.1455206542926445,6.764685867427384e-05,-0.3538856139143146
12,200,0.0,1,0.2,0.75,1,1,100,200,-0.3710959126729976,-0.08864140809417442,-0.4613956774152491,-0.6918374310460073,533,400,133,0.010873041253597697,0.024624240486088904,0.0177486408698433,0.006875599616245603,0.04046104439052001,-0.21090913334340644,-0.00016665933135982753,-0.35393111835409935
20,60,0.005,1,-999.0,1.5,1,1,100,200,-0.2936050704330567,-0.06719935817454226,-0.556651499640844,-0.16891477715830727,499,375,124,0.049514977081334614,0.09817716661336745,0.07384607184735102,0.024331094766016415,0.171036371251428,-0.22578646303782912,1.5114573118088868e-05,-0.35397084685287966
48,120,0.0025,1,-999.0,2.5,1,1,100,200,-0.2944472484227466,-0.06742203738812813,-0.56362126590519,-0.10013276850932575,617,455,162,0.07389937106918239,0.1455868244323633,0.10974309775077284,0.03584372668159045,0.5479857824272565,-0.3794512914279171,3.1693391675378725e-05,-0.3542393087661894
48,120,0.005,1,-999.0,999.0,1,1,100,200,-0.33451004521567806,-0.07826925552620356,-0.5417589044242039,-0.11304189194495265,576,432,144,0.07968233663788508,0.15264897132501865,0.11616565398145187,0.03648331734356679,0.39055400545543706,-0.36164577895224626,2.1774690750417265e-05,-0.35480080233555317
20,96,0.005,1,0.0,0.75,1,1,100,200,-0.35060264555490406,-0.0827738677363381,-0.48530561926609783,-0.5914553233553628,522,394,128,0.012765163628611022,0.027635646519560814,0.02020040507408592,0.007435241445474896,0.03661565684786505,-0.1866603248744656,-0.00011741151831407149,-0.3549994435371552
12,120,0.01,1,-0.2,1.5,1,1,100,200,-0.3043254108760378,-0.07004991204067523,-0.5469586975490713,-0.26797998163368997,813,635,178,0.030060761112887753,0.058948939345485556,0.044504850229186654,0.014444089116298901,0.24126780455435148,-0.158361669955437,6.790710924350937e-05,-0.3569282598968954
48,200,0.005,1,0.2,0.75,1,1,100,200,-0.37027479730044555,-0.08840339011704168,-0.4666608395978613,-0.7041196614730598,500,382,118,0.01057989553352521,0.023051913442063747,0.016815904487794478,0.006236008954269267,0.03257967542610407,-0.2168800723863118,-0.00019728156670921696,-0.3569397929896253
48,60,0.005,1,0.0,0.75,1,1,100,200,-0.35341574150864763,-0.08357045160048204,-0.4863752011629918,-0.6042303374487533,483,368,115,0.011965675301140604,0.02577017375546317,0.018867924528301886,0.006902249227161284,0.022717151850070616,-0.19503326366301776,-0.00015135947679246957,-0.3569695690544156
12,60,0.0,1,-0.2,1.5,1,1,100,200,-0.2875816502278167,-0.06561287390265869,-0.5597066441858022,-0.23193030365776196,882,663,219,0.03000746189105639,0.06491845219059801,0.0474629570408272,0.017455495149770812,0.23458633094093906,-0.10301455442122553,8.775318941863294e-05,-0.3570627111784479
30,60,0.005,1,-999.0,999.0,1,1,100,200,-0.389352573529263,-0.09399882177204488,-0.5058593015787232,-0.20312795725416458,520,395,125,0.06771666133674448,0.12730519134420637,0.09751092634047542,0.029794265003730946,0.02863923407869562,-0.230032755711034,-3.456342803213815e-06,-0.3570848704241147
48,96,0.0,1,-999.0,0.75,1,1,100,200,-0.2810398809167842,-0.06390197137025222,-0.5700064448916417,-0.18082447024638607,438,329,109,0.039574672209785736,0.07539174928046051,0.05748321074512312,0.017908538535337384,0.1296393509640783,-0.20768246943580448,8.059185652576412e-06,-0.35794641732839233
20,120,0.0025,0,-999.0,0.75,1,1,100,200,-0.2990269365633712,-0.0686366820714095,-0.5747218862016823,-0.04709003745564546,435,312,123,0.0887432043492165,0.1739153608357318,0.13132928259247414,0.04258607824325765,0.09524465909940205,-0.20444014873482075,2.2129056098568364e-05,-0.35835212704503294
12,120,0.005,1,0.2,0.75,1,1,100,200,-0.3681760407957255,-0.08779614652877543,-0.4721588944477171,-0.716871053363347,451,338,113,0.009114166933162776,0.02099989340155634,0.015057030167359556,0.0059428632341967805,0.03415778963444205,-0.23446124723033723,-0.0002456657899431494,-0.35971914642080133
48,200,0.01,1,-0.2,2.5,1,1,100,200,-0.2819103441827093,-0.06412890806468696,-0.5735200128699955,-0.185590222218965,1053,814,239,0.03808229399850762,0.076351135273425,0.057216714635966316,0.019134420637458693,0.4929042561457335,-0.1855584114588058,0.00011458901148775046,-0.360168425610633
20,120,0.0025,1,-999.0,999.0,1,1,100,200,-0.37899879799617553,-0.09094503184450431,-0.5217658293708529,-0.1681714075315552,583,436,147,0.0788295490885833,0.1509433962264151,0.1148864726574992,0.03605692356891589,0.1529360339601753,-0.2790324315004514,9.193869783457594e-06,-0.36023651690650854
30,96,0.0,1,0.0,0.75,1,1,100,200,-0.3768453333276237,-0.09031500168311768,-0.4774695450183657,-0.6328374393850087,563,429,134,0.01393774650890097,0.029874213836477988,0.02190598017268948,0.007968233663788508,-0.025787491585546718,-0.15233037597668142,-0.0001245965519909932,-0.36069164616155097
20,60,0.01,1,0.2,1.5,1,1,100,200,-0.2620959242330494,-0.059016735263462516,-0.5699202449552838,-0.3345810389627978,548,421,127,0.012898411683189425,0.027182603133994242,0.020040507408591833,0.007142095725402409,0.292885055168719,-0.24929995666724813,3.079819305704972e-05,-0.3607059096892443
30,120,0.005,1,0.2,0.75,1,1,100,200,-0.37593963105877237,-0.09005054429862125,-0.46954166739173897,-0.7415380330970515,446,336,110,0.009167466154994136,0.020839995736062253,0.015003730945528196,0.005836264790534058,0.015735363380774192,-0.23207656723009962,-0.00026696332027750715,-0.3618982796493433
30,120,0.0,1,-999.0,0.75,1,1,100,200,-0.29574130232502605,-0.06776461121275912,-0.5681601235525988,-0.20272202498696806,441,327,114,0.0386685854386526,0.07592474149877412,0.05729666346871336,0.018628078030060762,0.09206181273410619,-0.1959725426411134,6.707880739628306e-07,-0.3619807742384069
30,96,0.0025,1,0.2,0.75,1,1,100,200,-0.38490433013362935,-0.09268180115026847,-0.4628207139211613,-0.7602214797178501,441,331,110,0.008794371602174608,0.020733397292399532,0.01476388444728707,0.0059695128451124615,-0.022512232396943554,-0.21545615398190499,-0.000289437614365985,-0.36210323209674167
30,200,0.01,1,-0.2,0.75,1,1,100,200,-0.40303287271254584,-0.0980979134971891,-0.4674600783294035,-0.6073547405747535,612,480,132,0.020973243790640656,0.039148278435134846,0.030060761112887753,0.009087517322247095,-0.031979145036063916,-0.16248412246571164,-9.891951564076012e-05,-0.36219568969062854
20,200,0.0,1,0.2,0.75,1,1,100,200,-0.3810762160196297,-0.09155447158113972,-0.4693983941825487,-0.7221156746359811,531,401,130,0.01095299008634474,0.0244909924315105,0.01772199125892762,0.0067690011725828805,0.031245685432835346,-0.2172752827780663,-0.00018648895014151468,-0.36235945240421313
12,60,0.0,1,0.0,1.5,1,1,100,200,-0.2385480373623,-0.05308218189547709,-0.5977894548826393,-0.21996090047040226,823,618,205,0.020946594179724977,0.04679671676793519,0.03387165547383008,0.012925061294105106,0.41209426657820836,-0.18616625617689964,0.0001274604960350298,-0.3629749543603169
48,60,0.01,1,-0.2,2.5,1,1,100,200,-0.317391346446242,-0.07357206570437713,-0.5537510698076245,-0.2608566968036658,834,663,171,0.033045517535443984,0.06188039654621043,0.0474629570408272,0.014417439505383222,0.22431132469511428,-0.15389158923579072,6.624870690109782e-05,-0.3634904354483727
12,96,0.01,1,-0.2,1.5,1,1,100,200,-0.3121902482485457,-0.07216361104594349,-0.5543102886209705,-0.28582881760295553,782,615,167,0.02952776889457414,0.05692356891589383,0.04322566890523399,0.013697900010659844,0.20347187975305858,-0.1549469164999676,5.657705040440809e-05,-0.36361019623657653
20,200,0.01,1,-0.2,1.5,1,1,100,200,-0.2896040833048985,-0.06614435386523698,-0.571583195201026,-0.23585327144497042,896,686,210,0.031739686600575634,0.06446540880503145,0.04810254770280354,0.016362861102227906,0.3940594162422517,-0.2023143904389213,8.988687173673037e-05,-0.36372861503799847
48,96,0.01,1,-0.2,0.75,1,1,100,200,-0.4038210134109831,-0.09833634822833826,-0.4681631595655821,-0.6338531408258391,544,435,109,0.01897452297196461,0.034857691077710265,0.026916107024837436,0.007941584052872827,-0.0695085527966477,-0.1589497972712156,-0.00014107883251502393,-0.3641105850524212
20,60,0.005,1,-0.2,1.5,1,1,100,200,-0.26707081636585983,-0.060289848919443,-0.5861215342737001,-0.2171070773332933,779,590,189,0.027369150410404008,0.057216714635966316,0.04229293252318516,0.014923782112781154,0.3567827847936089,-0.20246143159721308,8.551108533283959e-05,-0.3642059699229577
30,60,0.0,1,-0.2,1.5,1,1,100,200,-0.2854304259891093,-0.06504887150529803,-0.575528263860331,-0.2377735760898142,836,627,209,0.028435134847031234,0.061853746935294746,0.04514444089116299,0.016709306044131754,0.26375077392655855,-0.14105851640492972,8.165474983842254e-05,-0.36470168223995425
20,96,0.0025,1,0.0,0.75,1,1,100,200,-0.38446873310911756,-0.0925532410372869,-0.47784230481807555,-0.6656875846263112,539,406,133,0.012871762072273744,0.028541733290693955,0.02070674768148385,0.007834985609210105,-0.026521349711419284,-0.17206675739315236,-0.00015479239931125884,-0.36475877267764023
12,60,0.01,1,0.2,1.5,1,1,100,200,-0.27811484726937463,-0.0631409983439375,-0.5672724064053211,-0.3599365971696705,560,431,129,0.013218207014177592,0.02787549301780194,0.020546850015989767,0.007328643001812174,0.268033321842023,-0.24669593835707537,1.5882635563315482e-05,-0.3647740314050816
48,60,0.0025,1,0.0,0.75,1,1,100,200,-0.3871339225942275,-0.09334097548965437,-0.475643043973226,-0.6794391093582717,497,380,117,0.012125572966634687,0.026569662082933588,0.019347617524784137,0.007222044558149451,-0.04835146700717996,-0.17426979867671943,-0.00019253494869910648,-0.36513445294418095
12,60,0.005,1,0.0,1.5,1,1,100,200,-0.23197370886621638,-0.05145155697286463,-0.6065452693947084,-0.22053554015487897,757,572,185,0.019614113633940944,0.04242618057776357,0.031020147105852255,0.01140603347191131,0.46712524371402697,-0.23558276989248406,0.0001225695625643269,-0.3657509686779628
20,96,0.0025,1,0.2,0.75,1,1,100,200,-0.3929146592850663,-0.09505901616563506,-0.4626059475882983,-0.7899390522921336,444,330,114,0.008661123547596204,0.02076004690331521,0.014710585225455708,0.006049461677859504,-0.04083187070027372,-0.2096990706958396,-0.0003047942499181525,-0.3658589425743909
30,60,0.0,1,0.0,1.5,1,1,100,200,-0.23637623128523377,-0.052542269434451505,-0.6045742404271343,-0.22473700593736842,783,587,196,0.01982731052126639,0.044504850229186654,0.03216608037522652,0.012338769853960133,0.4424498702296653,-0.2168453708878988,0.00012181580473955726,-0.3660662399448871
30,60,0.01,1,-0.2,2.5,1,1,100,200,-0.3194513151516264,-0.07413227797643684,-0.5575317540946627,-0.267024147309363,799,632,167,0.0319262338769854,0.059801726894787334,0.04586398038588636,0.01393774650890097,0.23998053945756848,-0.18155713890019176,5.873833686662716e-05,-0.36624936238923633
12,200,0.01,1,-0.2,0.75,1,1,100,200,-0.41215014667110916,-0.10087168296984805,-0.4725857650253512,-0.62427202754017,606,474,132,0.020573499626905446,0.038695235049568275,0.02963436733823686,0.009060867711331414,-0.05065482057110393,-0.1615707876503425,-0.00011232182471302042,-0.3683781668595322
30,200,0.0,1,0.2,0.75,1,1,100,200,-0.3917486749924287,-0.09471143420139716,-0.47297035079510263,-0.7456895811499739,541,410,131,0.011299435028248588,0.02489073659524571,0.01809508581174715,0.006795650783498561,0.014518990351797934,-0.21416943065059335,-0.0001962249138979399,-0.3684810886564472
20,200,0.01,1,-0.2,0.75,1,1,100,200,-0.4104989804045599,-0.10036680535820741,-0.47412041224687707,-0.6225444731514208,606,475,131,0.020653448459652488,0.0386685854386526,0.029661016949152543,0.009007568489500054,-0.04460523749258183,-0.16453965454234898,-0.0001106940975218359,-0.368554235139217
12,60,0.0025,1,-999.0,1.5,1,1,100,200,-0.3646749833641658,-0.08678674934126762,-0.5387033520911685,-0.25214353383411464,532,397,135,0.05143374906726362,0.1055324592260953,0.07848310414667946,0.02704935507941584,-0.029328480908547894,-0.14596652865954807,-7.171422678027688e-06,-0.3687456020785576
30,120,0.01,1,-0.2,1.5,1,1,100,200,-0.32303534393595057,-0.07511020225816878,-0.5573888567455104,-0.29991612262214007,812,632,180,0.029367871229080054,0.05846924634900331,0.04391855878904168,0.014550687559961625,0.2233821577634203,-0.16943905063928355,5.517517329024945e-05,-0.368800436762031
48,60,0.01,1,0.2,1.5,1,1,100,200,-0.28211447949379664,-0.06418215961225693,-0.5720459522669328,-0.3721632921871956,563,432,131,0.01305830934868351,0.027768894574139218,0.020413601961411364,0.007355292612727854,0.2552449765217275,-0.24210128248483787,1.1034056939399855e-05,-0.3688133003550831
12,96,0.0025,1,-999.0,2.5,1,1,100,200,-0.36102323581490603,-0.08573863586161823,-0.5473431283333786,-0.1920588746034953,593,442,151,0.06792985822406993,0.1337543971858011,0.1008421277049355,0.03291226948086558,0.18422316664082006,-0.27414139520797143,9.260849952865532e-06,-0.3690131437584823
48,200,0.0,1,-999.0,0.75,1,1,100,200,-0.326484950729206,-0.07605536765860932,-0.564674828334955,-0.2164110851150408,500,372,128,0.04613047649504317,0.09036883061507302,0.06824965355505809,0.022119177060014924,-0.0042140801813272954,-0.13147545577933228,9.061770661096694e-07,-0.3692133360818388
20,120,0.005,1,0.2,0.75,1,1,100,200,-0.3855963071702846,-0.09288617789434306,-0.4760894242287912,-0.76741420599437,449,338,111,0.009114166933162776,0.020893294957893615,0.015003730945528196,0.005889564012365419,0.01553430222570018,-0.24267426669687864,-0.0002841584535902315,-0.36930160030845716
12,60,0.0025,1,-0.2,0.75,1,1,100,200,-0.40669173354981214,-0.09920695906316468,-0.4789057087880203,-0.6130681297484186,573,445,128,0.018867924528301886,0.0381089436094233,0.028488434068862596,0.009620509540560708,-0.12190286968307495,-0.10009984369204994,-0.00011927333669893475,-0.36931321994459576
30,200,0.0,1,-999.0,0.75,1,1,100,200,-0.3252385235031874,-0.07571341047576285,-0.5654649203791139,-0.21960860839174412,487,360,127,0.04506449205841595,0.08882315318196354,0.06694382262018975,0.021879330561773797,0.06953008233729818,-0.19511389821095781,-1.3752428651226315e-06,-0.369426301084907
48,200,0.01,1,0.0,1.5,1,1,100,200,-0.23124166614287156,-0.05127068064812357,-0.6157285926913406,-0.2094213081472662,854,640,214,0.021666133674448352,0.04735635859716448,0.03451124613580642,0.012845112461358063,0.5307973607525973,-0.2302277476124691,0.0001399035560181569,-0.3696060424011572
48,60,0.01,1,0.0,2.5,1,1,100,200,-0.2524144224018936,-0.056558716960564026,-0.6034011123003526,-0.22739009382908498,775,606,169,0.022625519667412854,0.04474469672742778,0.033685108197420315,0.011059588530007462,0.4070216946638223,-0.21712699386672563,0.0001114522160089736,-0.3696287778021946
12,96,0.0025,1,0.2,0.75,1,1,100,200,-0.3963883432689963,-0.09609770217493907,-0.4672939750439754,-0.7982336886614895,449,336,113,0.00892761965675301,0.020973243790640656,0.014950431723696833,0.006022812066943823,-0.03451691100156773,-0.21740613148670018,-0.0003056405964107084,-0.36965637413000124
30,60,0.0,1,-999.0,0.75,1,1,100,200,-0.3330829348147395,-0.07787400236683162,-0.5591806485438149,-0.2679861345980903,404,303,101,0.03171303698965995,0.06507834985609211,0.04839569342287603,0.016682656433216075,-0.019791594389521272,-0.1672726429653424,-3.222940889824319e-05,-0.3708636333686436
20,60,0.0,1,-999.0,0.75,1,1,100,200,-0.2989123002959456,-0.06860620039913168,-0.5828714102048487,-0.21772300840096656,407,304,103,0.0320594819315638,0.06585118857264684,0.04895533525210532,0.01689585332054152,0.05160567754446044,-0.1828148712856279,-1.0450671633059674e-05,-0.3709280559216043
48,96,0.0025,1,0.2,0.75,1,1,100,200,-0.3934272101736467,-0.09521197745967058,-0.473470230740479,-0.7818543026521915,451,342,109,0.00930071420957254,0.02113314145613474,0.01521692783285364,0.0059162136232811,-0.03233985195752198,-0.21455104518102475,-0.00029501332124673896,-0.3710398079625197
20,60,0.0025,1,-999.0,2.5,1,1,100,200,-0.35672498539661446,-0.0845110859960132,-0.5534299711502335,-0.20044865951502167,558,412,146,0.06132075471698113,0.12117578083359982,0.09124826777529048,0.02992751305830935,0.1996201688601138,-0.29115482569109064,5.528120890098687e-06,-0.371248504546881
12,96,0.005,1,0.0,0.75,1,1,100,200,-0.38369973546342817,-0.09232646011500745,-0.4926563141325321,-0.6683174608181206,531,402,129,0.01311160857051487,0.028035390683296024,0.020573499626905446,0.007461891056390577,-0.004964664676469055,-0.19222971779200793,-0.00016072867769353045,-0.37207049022217953
20,96,0.01,1,0.0,1.5,1,1,100,200,-0.26803415418796017,-0.06053717293039229,-0.5945778765692711,-0.2880079103391456,727,560,167,0.01988060974309775,0.04061400703549728,0.030247308389297515,0.010366698646199766,0.3326377623601029,-0.2098960640123021,8.45461824239169e-05,-0.3722265067319851
48,60,0.005,1,-999.0,2.5,1,1,100,200,-0.34670242188304845,-0.08167399581220558,-0.5638047033688918,-0.18629127578898041,553,418,135,0.0646786056923569,0.12064278861528621,0.09266069715382155,0.027982091461464662,0.20491046450366146,-0.28506143074890167,8.750976187868676e-06,-0.37289091128610047
48,60,0.0025,1,-999.0,1.5,1,1,100,200,-0.35468145667952444,-0.08392976843569366,-0.5543813499123142,-0.2388460908641897,533,400,133,0.05361901716234943,0.10611875066624027,0.07986888391429485,0.026249866751945423,-0.008030427413101782,-0.15073306099925998,-3.098464989330022e-06,-0.3730627479350603
12,60,0.01,1,-0.2,2.5,1,1,100,200,-0.3206795275431761,-0.07446693832826634,-0.571231094742137,-0.2628080644238732,828,656,172,0.03328536403368511,0.0616405500479693,0.0474629570408272,0.014177593007142096,0.24941658918718068,-0.1773590677830158,6.370612197950926e-05,-0.37322288892052846
30,96,0.01,1,0.0,1.5,1,1,100,200,-0.26378153874194554,-0.05944732604760472,-0.6007342338620653,-0.27907398926906657,733,564,169,0.01982731052126639,0.040880503144654086,0.03035390683296024,0.010526596311693849,0.35830900074220073,-0.21798180440402315,9.012324448839285e-05,-0.37376814244209067
48,96,0.0,1,0.0,0.75,1,1,100,200,-0.404052402649026,-0.09840639785616623,-0.48133110682087543,-0.6980448749346914,576,441,135,0.014630636392708667,0.030567103720285684,0.022598870056497175,0.007968233663788508,-0.05625080597843135,-0.15771402382797683,-0.00015482774494256517,-0.3739741950133385
20,60,0.0,1,-0.2,1.5,1,1,100,200,-0.2885787443147082,-0.06587475157614464,-0.5926671928363789,-0.23890631806173554,849,635,214,0.028968127065344847,0.06244003837543972,0.04570408272039228,0.016735955655047437,0.30265450993008036,-0.16497072438798,8.246598097430772e-05,-0.3741536638974209
20,120,0.01,1,-0.2,1.5,1,1,100,200,-0.33483798335355575,-0.07836017720745037,-0.5601216739938789,-0.3174321067829567,808,632,176,0.02960771772732118,0.058495895959918984,0.04405180684362008,0.014444089116298901,0.22212418235551068,-0.1847121827422764,4.640365619440071e-05,-0.37429261954353765
48,120,0.0025,1,-999.0,1.5,1,1,100,200,-0.33561668025053404,-0.0785762166360866,-0.5729801484876877,-0.18684869812343027,580,426,154,0.06102760899690864,0.1242404860889031,0.09263404754290587,0.03160643854599723,0.2426954070584968,-0.2854527967067293,1.270591538846028e-05,-0.374408725786102
48,60,0.005,1,-0.2,1.5,1,1,100,200,-0.2934606165324367,-0.06716118463973031,-0.5897342439175968,-0.25453449433576614,805,618,187,0.028035390683296024,0.05905553778914828,0.04354546423622215,0.015510073552926128,0.26531991064499505,-0.1648138621434403,7.241517704280983e-05,-0.374755031315317
12,120,0.01,1,-0.2,0.75,1,1,100,200,-0.4189154836022395,-0.10295224285216975,-0.47865557176540907,-0.6585828709655717,551,435,116,0.018947873361048927,0.035630529794265,0.027289201577656966,0.008341328216608037,-0.10176334033293721,-0.14782933659568553,-0.00015338828118979057,-0.37520917228315287
12,200,0.01,1,-0.2,1.5,1,1,100,200,-0.31681702392113165,-0.07341611872325082,-0.5765083660683905,-0.27615718896685787,892,683,209,0.031579788935081544,0.06414561347404328,0.047862701204562416,0.016282912269480865,0.34644501257532045,-0.2073304181306248,7.321308577075854e-05,-0.375478161205789
48,200,0.01,1,-999.0,0.75,1,1,100,200,-0.38521701851519485,-0.09277413147569613,-0.5266850192282809,-0.3880726360777076,411,317,94,0.04085385353373841,0.07160750453043385,0.05623067903208613,0.015376825498347724,-0.1431014371263014,-0.11882481641822029,-6.356010379458909e-05,-0.375520272893722
12,200,0.01,1,-999.0,0.75,1,1,100,200,-0.3792109192415505,-0.09100718577020173,-0.5322484125556255,-0.392625367368285,401,308,93,0.03850868777315851,0.0685161496642149,0.053512418718686706,0.015003730945528196,-0.07875360221332262,-0.17649529166682487,-6.659217746220308e-05,-0.3767626604164287
12,200,0.0,1,-999.0,0.75,1,1,100,200,-0.3092284820166067,-0.07136536904531876,-0.5905910998541459,-0.20286781611113094,488,361,127,0.04266602707600469,0.08626479053405821,0.06446540880503145,0.021799381729026755,0.07307610703691614,-0.17832844675609805,5.186767566487288e-06,-0.37680430977794827
20,200,0.005,1,0.2,0.75,1,1,100,200,-0.39737155512906386,-0.09639256596160539,-0.48339184043481753,-0.7913818309361915,489,372,117,0.01010020253704296,0.02230572433642469,0.016202963436733823,0.006102760899690865,0.02103590726192439,-0.24626242229321427,-0.0002644456153414004,-0.37765757772582376
12,200,0.005,1,0.2,0.75,1,1,100,200,-0.40002871852703803,-0.09719137501894892,-0.48164436881525474,-0.7955686874156777,489,372,117,0.01010020253704296,0.022359023558256048,0.016229613047649503,0.006129410510606545,0.012007003498528679,-0.2428908399144707,-0.00026873863851540594,-0.37779199379736017
12,120,0.005,1,0.0,0.75,1,1,100,200,-0.3947169289653859,-0.09559732795246978,-0.49623213689502044,-0.6824559223342741,555,419,136,0.01351135273425008,0.02912802473083893,0.021319688732544504,0.007808335998294425,-0.017302693164029992,-0.18700922148696597,-0.00015873929310128781,-0.3778361925166937
48,120,0.0025,1,-999.0,999.0,1,1,100,200,-0.38174396248453746,-0.09175071185571526,-0.5568518450996611,-0.16080684644337068,598,445,153,0.08189425434388659,0.15816544078456454,0.12002984756422556,0.038135593220338986,0.2624923703714792,-0.3395710105464502,1.0993618094409093e-05,-0.37821697672771437
30,120,0.0025,1,0.2,0.75,1,1,100,200,-0.408110208820473,-0.09963838812532722,-0.47497073306867277,-0.8220841510007274,458,345,113,0.009220765376825498,0.021426287176207228,0.015323526276516362,0.006102760899690865,-0.0454936344034661,-0.22027703002630672,-0.00031694731133051333,-0.37822796220969995
30,60,0.0025,1,-999.0,2.5,1,1,100,200,-0.4011414400867226,-0.09752672745137236,-0.5355390757994555,-0.2587972003063783,562,417,145,0.061267455495149774,0.12032299328429805,0.09079522438972391,0.02952776889457414,0.06151144402348385,-0.2527484065803107,-1.0112547806593315e-05,-0.37823612536641904
48,60,0.0,1,-0.2,0.75,1,1,100,200,-0.4133152301887927,-0.10122861390360405,-0.4914804366964618,-0.6261486861938501,588,452,136,0.01889457413921757,0.03882848310414668,0.028861528621682123,0.009966954482464556,-0.08547772097563278,-0.1391548575198135,-0.00011939139823625713,-0.37827626656152746
48,200,0.0025,1,0.2,0.75,1,1,100,200,-0.40820905090828563,-0.09966848174261156,-0.47903459287789085,-0.7951110992298457,524,398,126,0.010873041253597697,0.024144547489606653,0.017508794371602174,0.006635753118004477,-0.023991329832766306,-0.21199630646991674,-0.000242389651100634,-0.3789413331430493
30,96,0.005,1,0.0,0.75,1,1,100,200,-0.3878142109211874,-0.09354248319677017,-0.5036025174585701,-0.6769973330013516,527,401,126,0.012978360515936467,0.02774224496322354,0.02036030273958,0.007381942223643535,-0.007481615498663774,-0.19719531438150095,-0.00017058966322477205,-0.3791936085761228
12,96,0.01,1,-0.2,0.75,1,1,100,200,-0.42143646384239464,-0.1037324822910064,-0.4849389640653695,-0.6757124142388369,525,417,108,0.01854812919731372,0.03432469885939665,0.026436414028355185,0.007888284831041467,-0.11453883388455621,-0.15040421045584862,-0.0001739615918272303,-0.379987585035633
20,96,0.0,1,-0.2,0.75,1,1,100,200,-0.4187671435983704,-0.10290641625940766,-0.4914809162476641,-0.6277378306838558,622,471,151,0.01982731052126639,0.04152009380663042,0.030673702163948408,0.010846391642682017,-0.08243232828438429,-0.13540759899509336,-0.00010559778230458432,-0.3800337659174325
48,200,0.01,1,0.0,2.5,1,1,100,200,-0.24514923370976072,-0.054730840649624746,-0.6318971963934974,-0.19525305903501824,953,721,232,0.025503677646306365,0.05433855665707281,0.039921117151689584,0.014417439505383222,0.6486307612968438,-0.2625530657049049,0.00014491622377889432,-0.3804420917981244
48,96,0.01,1,-999.0,0.75,1,1,100,200,-0.3796359926222622,-0.091131788227649,-0.5372584078815212,-0.41406872404715195,370,288,82,0.03637671889990406,0.06169384926980066,0.04903528408485236,0.0126585651849483,-0.07530715130613341,-0.1927395684103569,-8.386105686082546e-05,-0.3804644283707672
48,120,0.005,1,0.2,0.75,1,1,100,200,-0.3976975559094832,-0.09649041805995273,-0.4883007800516431,-0.7985930567011048,450,339,111,0.009167466154994136,0.02099989340155634,0.015083679778275237,0.0059162136232811,0.005120334078718036,-0.24952321567644076,-0.0003070041428156226,-0.3805704609208295
12,96,0.0025,1,-999.0,1.5,1,1,100,200,-0.37317647319755176,-0.08924561814747789,-0.5576679576509969,-0.25196806876966893,558,417,141,0.0558575844792666,0.11427353160643855,0.08506555804285257,0.02920797356358597,0.01599607244708956,-0.18444787784422,-5.0705652189152835e-06,-0.38067800041145977
12,120,0.0025,1,0.2,0.75,1,1,100,200,-0.40694887162854665,-0.09928510630644649,-0.48296821189214945,-0.8141814207476368,468,349,119,0.009114166933162776,0.021746082507195393,0.015430124720179085,0.006315957787016309,-0.028788150142025182,-0.22833556014097056,-0.000303281812201288,-0.3814782832899031
30,120,0.0,1,0.0,0.75,1,1,100,200,-0.4181789331235879,-0.1027247927755699,-0.484954581285712,-0.7325763945062408,583,443,140,0.014524037949045944,0.030940198273105214,0.02273211811107558,0.008208080162029634,-0.06520547156381817,-0.1668910848847922,-0.00017046403052300453,-0.3818309031437379
20,96,0.005,1,-999.0,999.0,1,1,100,200,-0.41572927608196875,-0.10196998074666541,-0.5382989542690204,-0.22179158772470792,549,416,133,0.07408591834559215,0.13916426820168426,0.1066250932736382,0.032539174928046054,0.029800646132123187,-0.2533714128067731,-6.715163939643684e-06,-0.382209037267411
48,60,0.0,1,-999.0,0.75,1,1,100,200,-0.3301573147227398,-0.07706583162523284,-0.5860126012132686,-0.25930398099945623,413,310,103,0.03400490352840849,0.067423515616672,0.05071420957254024,0.016709306044131754,-0.00011032678814704155,-0.17638362118585282,-2.669262687484697e-05,-0.3830373312818399
30,60,0.0025,1,-0.2,0.75,1,1,100,200,-0.42866704501288777,-0.10598552151147689,-0.48659105060172714,-0.6774277943531272,537,414,123,0.01777529048075898,0.036163522012578615,0.026969406246668798,0.009194115765909817,-0.10571904953159406,-0.1642959137856641,-0.00016828984128324813,-0.3831524365299968
20,120,0.0,1,0.0,0.75,1,1,100,200,-0.412680708694376,-0.10103415387351944,-0.49376570747689563,-0.7151944146357588,593,448,145,0.014550687559961625,0.03128664321500906,0.022918665387485344,0.008367977827523718,-0.03887078952745027,-0.1779598944952182,-0.00015597012060205808,-0.3836767283437552
20,60,0.01,1,-0.2,2.5,1,1,100,200,-0.32329289296740915,-0.07518063544837295,-0.5908927787302485,-0.2702924617833972,806,635,171,0.032379277262551964,0.060041573393028465,0.04621042532779021,0.013831148065238247,0.26842036741922115,-0.20163410440700003,5.8035942475680895e-05,-0.384141647902667
20,60,0.005,1,0.0,1.5,1,1,100,200,-0.26426590512068904,-0.05957120344316402,-0.6226555894181998,-0.2772825923609278,735,553,182,0.018761326084639166,0.041093700031979534,0.02992751305830935,0.011166186973670184,0.46784949297439327,-0.2760934747782866,9.043013893515064e-05,-0.3847631277703103
30,60,0.01,1,0.2,2.5,1,1,100,200,-0.33864123080395836,-0.07941726514538394,-0.5685131760533878,-0.4303561091828766,632,488,144,0.015430124720179085,0.03168638737874427,0.023558256049461677,0.008128131329282593,0.23262574257153967,-0.26400093955040294,-2.0527436321532193e-05,-0.3851916586312217
12,96,0.01,1,0.0,1.5,1,1,100,200,-0.2870318112896416,-0.06546858910080322,-0.6076753600781887,-0.3183338409264049,732,564,168,0.020067157019507516,0.04106705042106385,0.030567103720285684,0.01049994670077817,0.32053841611123923,-0.2214067315808308,6.855905131420511e-05,-0.3852229611862178
30,96,0.0025,1,-999.0,999.0,1,1,100,200,-0.4083045722646359,-0.09969756814503516,-0.5508617410240264,-0.20724915947029118,573,430,143,0.07731052126638951,0.14580002131968872,0.11155527129303912,0.03424475002664961,-0.014083278750759098,-0.20069143487664454,-1.0495967439184973e-06,-0.3854908966305629
20,120,0.01,1,-0.2,0.75,1,1,100,200,-0.42951645974561425,-0.10625169255184319,-0.48955416403232777,-0.6902483281133688,546,433,113,0.018787975695554845,0.03525743524144548,0.02702270546850016,0.008234729772945315,-0.09505985957367946,-0.17164726605400327,-0.0001715142175831704,-0.3855411909736755
20,60,0.0025,1,-999.0,999.0,1,1,100,200,-0.42304879296139875,-0.1042329225294224,-0.5386983904830127,-0.23918186379811293,541,404,137,0.06910244110435988,0.13364779874213836,0.10137511992324912,0.03227267881888925,0.004286224134850247,-0.2470127594386634,-1.1640564581340845e-05,-0.3855412109608344
48,60,0.005,1,-0.2,0.75,1,1,100,200,-0.4240940224798515,-0.10455794240616412,-0.4958272196837774,-0.6678990762145982,545,425,120,0.01785523931350602,0.03592367551433749,0.026889457413921757,0.009034218100415733,-0.05608505157326016,-0.1987029113308595,-0.00016068103167693639,-0.38586650605878275
30,200,0.01,1,-0.2,2.5,1,1,100,200,-0.3342452934393839,-0.07819587856529664,-0.5896318871224717,-0.2607130035209372,1023,789,234,0.03741605372561561,0.07467220978573713,0.056044131755676366,0.018628078030060762,0.4219304732624827,-0.2190323128370404,8.401350752929687e-05,-0.38604747230257935
20,96,0.005,1,-0.2,1.5,1,1,100,200,-0.32729410676175463,-0.07627763059239345,-0.5900090834511909,-0.29855966507535403,850,648,202,0.02963436733823686,0.062360089542692676,0.04599722844046477,0.016362861102227906,0.24257577034641664,-0.17182204590497197,5.854013413215248e-05,-0.3862101555717566
12,120,0.01,1,0.0,1.5,1,1,100,200,-0.2914434182727901,-0.06662876893999004,-0.6079542609122739,-0.3190376022259686,758,580,178,0.020466901183242726,0.04242618057776357,0.031446540880503145,0.01097963969726042,0.32680390685936667,-0.2197988850155398,7.196116550677334e-05,-0.3865577795074254
30,200,0.005,1,0.2,0.75,1,1,100,200,-0.41473852733936034,-0.10166542044712112,-0.4868478859447606,-0.8358385741723356,498,381,117,0.010419997868031126,0.022678818889244216,0.01654940837863767,0.006129410510606545,-0.010778404970720246,-0.24103330774081633,-0.0002886534396766586,-0.38688129212811817
30,60,0.0025,1,0.0,1.5,1,1,100,200,-0.28551451659759963,-0.06507089263938826,-0.6126604997571099,-0.3096568714972044,750,564,186,0.018787975695554845,0.04245283018867924,0.030620402942117046,0.0118324272465622,0.35564684300413574,-0.23308364094542577,7.449394122730952e-05,-0.38688398609280344
30,96,0.0025,1,0.0,0.75,1,1,100,200,-0.4197385750285667,-0.10320669015944728,-0.4932303239365643,-0.7505109563483062,541,413,128,0.013138258181430551,0.028541733290693955,0.020839995736062253,0.007701737554631703,-0.07645172189547056,-0.17648761774234678,-0.00020838148385777662,-0.3873473999451447
30,96,0.01,1,0.2,1.5,1,1,100,200,-0.3134243243173074,-0.07249702534052016,-0.5874077590093646,-0.42405389574484287,600,454,146,0.013617951177912802,0.02955441850548982,0.02158618484170131,0.007968233663788508,0.2894342930673255,-0.2811965974736248,-1.136011274780026e-05,-0.3874035996324446
20,96,0.005,1,-0.2,0.75,1,1,100,200,-0.4292445076003538,-0.10616643964880446,-0.4958329846672149,-0.6702705023496621,576,443,133,0.018867924528301886,0.03832214049674875,0.028595032512525317,0.00972710798422343,-0.05694445958758243,-0.1927260861803951,-0.00014507331067150866,-0.38759645709989504
12,96,0.0025,1,0.0,0.75,1,1,100,200,-0.420968104574618,-0.10358732043450192,-0.4925796150852656,-0.7545369350125836,551,417,134,0.013271506236008954,0.02910137511992325,0.0211864406779661,0.007914934441957148,-0.07724918323610208,-0.17339866837369344,-0.00020182648013227514,-0.38760397472776387
30,120,0.01,1,-0.2,0.75,1,1,100,200,-0.4327673165083953,-0.10727331238483995,-0.49108332659740606,-0.7022103457247947,545,431,114,0.01868137725189212,0.03504423835412003,0.026862807803006077,0.008181430551113953,-0.1037798005939512,-0.1687697089061423,-0.0001777167808878973,-0.38792549296978274
12,120,0.0,1,-999.0,0.75,1,1,100,200,-0.3319462781234569,-0.07755967710793543,-0.5963919953506408,-0.24641788793651434,449,336,113,0.03829549088583307,0.07715062360089543,0.05772305724336425,0.01942756635753118,-0.00851797600114923,-0.15656807167022413,-1.519882564870066e-05,-0.38807656918008154
12,60,0.01,1,-999.0,0.75,1,1,100,200,-0.3927886022270315,-0.09502141260478358,-0.5409328274245998,-0.45838775643612967,346,272,74,0.0314998401023345,0.054791600042639374,0.04314572007248694,0.011645879970152435,-0.1931746619931971,-0.10522854403948145,-0.00011362519584819318,-0.38840721413888996
30,96,0.0,1,-999.0,0.75,1,1,100,200,-0.33565985749387683,-0.07858820153161383,-0.5937809847551052,-0.25967758916593253,434,326,108,0.036883061507301994,0.07270013857797676,0.054791600042639374,0.017908538535337384,-0.015789257855785,-0.1613748831400219,-2.2522602664107823e-05,-0.38846257336746304
20,120,0.0025,1,0.2,0.75,1,1,100,200,-0.4207263856343054,-0.1035124395360355,-0.48487546245138924,-0.8569081262415623,465,348,117,0.009114166933162776,0.02158618484170131,0.015350175887432043,0.006236008954269267,-0.04211313957503626,-0.23692319982659793,-0.0003366975624710715,-0.38879557707380824
30,96,0.01,1,-0.2,2.5,1,1,100,200,-0.3548449765789742,-0.08397623029753076,-0.5792733004430345,-0.307653550007561,888,702,186,0.0345378957467221,0.06550474363074299,0.050021319688732545,0.015483423942010447,0.2595479456614156,-0.20140910926931466,5.223945827465418e-05,-0.38899555801942604
30,60,0.005,1,0.0,2.5,1,1,100,200,-0.2676075689175732,-0.060427620808394145,-0.6345579044470597,-0.24266499557228746,829,631,198,0.022625519667412854,0.048049248480972175,0.03533738407419252,0.012711864406779662,0.5614951775346531,-0.2899919354332565,0.00010917331736521505,-0.38983982281053836
48,96,0.01,1,0.0,1.5,1,1,100,200,-0.31639471209968906,-0.07330151441076904,-0.5966750967327483,-0.370190095845821,748,576,172,0.02025370429591728,0.04162669225029315,0.030940198273105214,0.010686493977187933,0.25240732924790654,-0.2065372022323736,4.5760274633011566e-05,-0.3901485675694343
20,96,0.01,1,-0.2,2.5,1,1,100,200,-0.37906642740080854,-0.09096484618126832,-0.5640790152712548,-0.3478294077456625,872,687,185,0.034431297303059376,0.06486515296876666,0.049648225135913014,0.01521692783285364,0.17433404027766675,-0.18218844971858017,3.3256858905372005e-05,-0.39039582420417884
20,60,0.0,1,0.0,1.5,1,1,100,200,-0.2798271959431109,-0.06358618082992762,-0.6246842019931076,-0.29177423262494445,796,597,199,0.0202270546850016,0.04490459439292186,0.03256582453896173,0.012338769853960133,0.4097053446995782,-0.23932209583664343,9.041597603828076e-05,-0.3905169934577286
12,60,0.0,1,0.0,2.5,1,1,100,200,-0.27475469313193246,-0.06226986283518865,-0.6329355774869116,-0.23755139369825945,935,707,228,0.025183882315318196,0.05449845432256689,0.03984116831894254,0.014657286003624348,0.5296654341532596,-0.2432160385733506,0.00012070589193753475,-0.39061522126355747
30,60,0.01,1,-999.0,0.75,1,1,100,200,-0.42115825717215283,-0.10364624442736048,-0.5217666472160514,-0.5236254801770174,339,267,72,0.030194009167466156,0.05236648544931244,0.0412802473083893,0.011086238140923143,-0.19322811352172775,-0.14995794892319614,-0.00014645008122619673,-0.390710842044237
30,60,0.0025,1,-0.2,1.5,1,1,100,200,-0.3481109001617405,-0.08207058249819943,-0.5837279813558366,-0.33863990325366133,799,606,193,0.027395800021319687,0.059002238567316914,0.043199019294318304,0.015803219272998614,0.15047105483621914,-0.15502850582578886,3.486226537139296e-05,-0.3908665683388008
48,60,0.0,1,-0.2,1.5,1,1,100,200,-0.3297559465384904,-0.07695517837976973,-0.5992119829562359,-0.30098504909567164,868,659,209,0.029501119283658457,0.06350602281206695,0.0465035710478627,0.017002451764204243,0.177996961602217,-0.1217467996073881,5.9964890713901904e-05,-0.39161042231267124
30,96,0.005,1,-0.2,1.5,1,1,100,200,-0.31998901536150126,-0.07427872973148386,-0.6066578875911306,-0.2846023995801215,864,662,202,0.029767615392815264,0.0628664321500906,0.046317023771452935,0.01654940837863767,0.28559966393770897,-0.18516004974776334,6.611091096117634e-05,-0.39183779350605524
20,60,0.0025,1,-0.2,0.75,1,1,100,200,-0.4376661550970964,-0.1088217118117134,-0.49803805943234447,-0.6942738396878646,549,422,127,0.017935188146253066,0.036589915787229504,0.027262551966741287,0.00932736382048822,-0.11337740884561986,-0.16536022229609237,-0.0001730158671530437,-0.39255443351227887
12,96,0.0025,1,-999.0,999.0,1,1,100,200,-0.42661733859924567,-0.10534453031594448,-0.5514892262908078,-0.2304584053467655,575,433,142,0.07605798955335252,0.14667945847990618,0.11136872401662935,0.03531073446327684,-0.006673920412404333,-0.2304380134630517,-6.713528063346616e-06,-0.3926120637286866
20,96,0.01,1,0.2,1.5,1,1,100,200,-0.3317753953596835,-0.07751245905409188,-0.5843459692189032,-0.46386333123980444,597,455,142,0.013751199232491206,0.029367871229080054,0.02155953523078563,0.007808335998294425,0.23978109828341143,-0.27348133743025216,-3.7934474568130615e-05,-0.3928786102255337
20,96,0.0025,1,-999.0,1.5,1,1,100,200,-0.41460782148914455,-0.101625271720301,-0.551243294677372,-0.31284798754932025,552,410,142,0.05543119070461571,0.11230146039867818,0.08386632555164694,0.028435134847031234,-0.07653520940251746,-0.16454737624815519,-2.257407187986404e-05,-0.39288931843645303
48,200,0.005,1,-0.2,1.5,1,1,100,200,-0.3123009335143627,-0.07219349569724898,-0.6167666278658799,-0.2504592566511772,1062,799,263,0.034724443023131865,0.07571154461144868,0.05521799381729027,0.020493550794158405,0.44319127852118734,-0.18951948028186316,9.739766020288337e-05,-0.3930997724627478
48,120,0.0025,1,0.2,0.75,1,1,100,200,-0.42244806123624057,-0.1040463347645354,-0.494087230821984,-0.8585651948021376,464,350,114,0.009354013431403902,0.021666133674448352,0.015510073552926128,0.006156060121522226,-0.043061023104611906,-0.23881833397730656,-0.00033938899204110826,-0.3940182099156343
12,60,0.005,1,-0.2,2.5,1,1,100,200,-0.3326791246387103,-0.07776228571528887,-0.6063276917133184,-0.26806316374654715,919,710,209,0.034484596524890734,0.06854279927513059,0.05151369790001066,0.017029101375119923,0.34746381140452387,-0.21580183592694946,7.033725032625594e-05,-0.3943292897592754
12,60,0.005,1,0.0,2.5,1,1,100,200,-0.27012410537065645,-0.06107463617890929,-0.6430719825652351,-0.24097921836019828,857,655,202,0.023798102547702805,0.04948832747041893,0.03664321500906087,0.012845112461358063,0.566923309709416,-0.2849391444608592,0.00011292947361851636,-0.39465958837953674
12,120,0.0025,1,0.0,0.75,1,1,100,200,-0.4324151029064194,-0.1071623992630889,-0.49822546408075585,-0.7701399110706261,576,435,141,0.013671250399744164,0.030194009167466156,0.02193262978360516,0.008261379383860996,-0.08999228865901165,-0.1680564698643574,-0.0001996776994955517,-0.39478212685699815
48,96,0.005,1,0.0,0.75,1,1,100,200,-0.416431571480378,-0.10218611956935797,-0.5105821716345058,-0.7506192109598053,535,408,127,0.013458053512418718,0.028275237181537148,0.020866645346977936,0.007408591834559215,-0.0450504767168215,-0.20142777869970252,-0.00020873770607410754,-0.39500816593460114
30,96,0.01,1,0.0,2.5,1,1,100,200,-0.3004125006199364,-0.06900541791222392,-0.623459349070216,-0.2954675483663982,826,640,186,0.02358490566037736,0.047409657818995844,0.0354972817396866,0.011912376079309242,0.42339464785937486,-0.257108842499049,8.369726839490302e-05,-0.39550846986565186
12,60,0.0025,1,-0.2,1.5,1,1,100,200,-0.35854783993486916,-0.0850308767095258,-0.5876328307792844,-0.3472637295091411,843,641,202,0.028861528621682123,0.061480652382475215,0.04517109050207867,0.016309561880396548,0.12788074844227193,-0.13303414915825618,3.7342837970554026e-05,-0.39621047857462505
20,60,0.01,1,-999.0,0.75,1,1,100,200,-0.40640297070277964,-0.09911923297246861,-0.546539681265821,-0.49186822038234457,338,266,72,0.03035390683296024,0.053006076111288776,0.041679991472124506,0.011326084639164269,-0.16403349380105403,-0.1591530291880734,-0.0001319043737334343,-0.3969824846244963
12,60,0.005,1,-999.0,0.75,1,1,100,200,-0.4044981216648412,-0.09854139395235284,-0.5513578674282472,-0.460637799814024,384,293,91,0.03285897025903422,0.062226841488114276,0.047542905873574244,0.014683935614540027,-0.1681246646045409,-0.13257830235687162,-9.791185601836125e-05,-0.39725221765717766
20,96,0.01,1,0.0,2.5,1,1,100,200,-0.3135002790524327,-0.07251756193006842,-0.617653394793674,-0.31854429357225245,819,635,184,0.023531606438545998,0.047036563266176314,0.035284084852361154,0.011752478413815158,0.3776404148455015,-0.24942765928274413,7.128571163089701e-05,-0.39727147400551804
48,96,0.01,1,-0.2,2.5,1,1,100,200,-0.38230640329592647,-0.09191613601921278,-0.5763324525231708,-0.3487241852158939,915,723,192,0.035150836797782754,0.0668638737874427,0.05100735529261273,0.015856518494829976,0.206637282986466,-0.1910237465362815,3.944387969081162e-05,-0.39751857154159287
12,96,0.01,1,0.2,1.5,1,1,100,200,-0.3292162269893928,-0.07680646655363754,-0.5962194686744606,-0.45755067262108584,600,457,143,0.013831148065238247,0.02960771772732118,0.021719432896279714,0.007888284831041467,0.26417098470449063,-0.283695536536674,-3.263766078079894e-05,-0.3977937345219221
48,60,0.005,1,-999.0,999.0,1,1,100,200,-0.43017021144893997,-0.1064567669444858,-0.5587168839400793,-0.24706786116044865,536,410,126,0.07222044558149451,0.13244856625093274,0.10233450591621363,0.03011406033471911,0.011835753895542034,-0.2636993973732096,-1.4567785174380748e-05,-0.3981686019725479
30,120,0.01,1,-999.0,0.75,1,1,100,200,-0.4094338561908907,-0.10004172185776317,-0.5505100390735029,-0.47423212637397405,373,287,86,0.03571047862701204,0.06188039654621043,0.048795437586611236,0.013084958959599189,-0.11045264334498006,-0.1999527273015207,-0.00010494928876335633,-0.39900834771321336
20,96,0.0,1,-999.0,0.75,1,1,100,200,-0.3634450893286988,-0.08643321197266007,-0.5967441681657337,-0.30078023280679644,432,322,110,0.03539068329602388,0.07190065025050635,0.05364566677326511,0.01825498347724123,-0.037873554919321095,-0.17882675917829383,-3.9208384664957935e-05,-0.39984430769586676
48,60,0.0025,1,-999.0,2.5,1,1,100,200,-0.40558529057404424,-0.09887100697058737,-0.5765368084949031,-0.25690469290932566,575,431,144,0.06606438545997229,0.12517322247095192,0.0956188039654621,0.02955441850548982,0.09059453198963752,-0.2733636478575219,-8.799027294892903e-06,-0.3999846458635052
20,200,0.0,1,-999.0,0.75,1,1,100,200,-0.3720917053970859,-0.08893039380398249,-0.593951415301126,-0.2877431984474882,487,361,126,0.04303912162882422,0.08626479053405821,0.06465195608144121,0.021612834452616993,-0.006306367656377154,-0.19384070440443946,-2.438690996007458e-05,-0.4002932613769199
20,96,0.0,1,-0.2,1.5,1,1,100,200,-0.35849961808088104,-0.08501711094395448,-0.5971886342296181,-0.3373744449018393,917,690,227,0.031100095938599297,0.06734356678392496,0.049221831361262125,0.01812173542266283,0.1688516429502469,-0.1318168648847743,5.027258707644003e-05,-0.4004801503038555
20,200,0.01,1,-0.2,2.5,1,1,100,200,-0.3594083289663309,-0.0852766575266155,-0.6006949947199363,-0.2973635396091613,1007,779,228,0.037256156060121524,0.07376612301460399,0.05551113953736275,0.01825498347724123,0.3968729982217005,-0.24116680298440962,6.818992185236328e-05,-0.4004923318670417
48,60,0.01,1,-999.0,0.75,1,1,100,200,-0.4133999181133723,-0.10125458069818272,-0.5492467689013942,-0.4987646123793034,349,274,75,0.0321927299861422,0.05484489926447074,0.04351881462530647,0.011326084639164269,-0.14819159406401283,-0.18001947597359713,-0.0001297439544412605,-0.400816195767845
12,120,0.01,1,-999.0,0.75,1,1,100,200,-0.4149993278422883,-0.10174555159673349,-0.5503499507469736,-0.47941267792769726,375,291,84,0.035577230572433644,0.062280140709945635,0.048928685641189636,0.013351455068755996,-0.15757794596907437,-0.16232179315540196,-0.00010727436342475701,-0.40089116086660515
20,120,0.005,1,0.0,0.75,1,1,100,200,-0.42167759839606267,-0.10380725546286496,-0.5184312793154763,-0.760216067796063,548,414,134,0.013378104679671677,0.028781579788935082,0.02107984223430338,0.007701737554631703,-0.03042076549014594,-0.21546349438320767,-0.00020697992268408597,-0.40103369851040627
48,120,0.01,1,-0.2,1.5,1,1,100,200,-0.37497345783004543,-0.08976876811469914,-0.5848473746469145,-0.37979472478167553,837,645,192,0.029581068116405502,0.06022812066943822,0.04490459439292186,0.015323526276516362,0.23750036021455867,-0.23237197785292696,2.442107835224022e-05,-0.4011821916772402
12,200,0.005,1,-999.0,0.75,1,1,100,200,-0.41484138939824633,-0.10169702148007309,-0.5567422913699307,-0.43553666748973585,445,334,111,0.04114699925381089,0.07818995842660698,0.059668478840208934,0.018521479586398038,-0.07210765995082424,-0.21217329428343745,-6.886298442847167e-05,-0.4018450005395252
48,96,0.01,1,0.2,1.5,1,1,100,200,-0.35107381122375336,-0.08290709495255077,-0.5887072342986575,-0.5005271390533279,614,467,147,0.01393774650890097,0.030087410723803432,0.0220125786163522,0.00807483210745123,0.21726242138007867,-0.2752756797287025,-5.490531682327063e-05,-0.4022870690545459
30,60,0.005,1,-0.2,2.5,1,1,100,200,-0.3561751699919664,-0.08435453628757072,-0.6051537503468342,-0.30922613386941405,884,680,204,0.0328856198699499,0.06635753118004477,0.04962157552499734,0.016735955655047437,0.2916964778492346,-0.2244435518240766,5.001132389092466e-05,-0.4023927181544585
30,200,0.01,1,-999.0,0.75,1,1,100,200,-0.42009745103008944,-0.10331772208736045,-0.5535390990292921,-0.45672051838156685,404,311,93,0.04034751092634047,0.07040827203922823,0.05537789148278435,0.015030380556443877,-0.1371968776846828,-0.1773923686169876,-8.90925915354752e-05,-0.40292329752108486
20,120,0.0,1,-999.0,0.75,1,1,100,200,-0.3678454770576629,-0.08770065001313587,-0.6003234566189273,-0.30178376605626234,444,331,113,0.03834879010766443,0.07581814305511139,0.05708346658138791,0.018734676473723483,0.019763294302386658,-0.22596364316641127,-3.657447195648607e-05,-0.40295156662541265
12,200,0.0025,1,0.2,0.75,1,1,100,200,-0.4397882824959606,-0.10949581384285312,-0.4972010580033124,-0.8984008694404749,510,385,125,0.01018015136979,0.02329175994030487,0.016735955655047437,0.006555804285257435,-0.05887310385992517,-0.23179559770021718,-0.000323208591797665,-0.403016386316533
12,60,0.0,1,-0.2,2.5,1,1,100,200,-0.36581917880809944,-0.08711614422463654,-0.6018991684029871,-0.3052317610789366,1006,762,244,0.03611022279074726,0.07528515083679778,0.05569768681377252,0.019587464023025265,0.2722869663400316,-0.17560987487224888,6.334857041596505e-05,-0.4033273164800769
30,60,0.0,1,0.0,2.5,1,1,100,200,-0.3004776617661944,-0.06902277342151875,-0.6409006813939299,-0.2845817185089627,896,675,221,0.023878051380449846,0.052126638951071315,0.03800234516576058,0.014124293785310734,0.49301829661345087,-0.26658625854802587,9.610006439333775e-05,-0.4037022000439318
30,120,0.005,1,0.0,0.75,1,1,100,200,-0.43187681026528824,-0.10699299560753528,-0.5145196400311317,-0.7902063251545236,542,410,132,0.013378104679671677,0.028621682123441,0.02099989340155634,0.0076217887218846606,-0.05576369480006793,-0.21098536301138548,-0.00022777129687285986,-0.4037631318808273
12,60,0.0025,1,0.0,1.5,1,1,100,200,-0.319440114805318,-0.07412922835667612,-0.6233874828493928,-0.360175513262755,787,593,194,0.01985396013218207,0.044211704509114165,0.032032832320648116,0.012178872188466049,0.28714867403457855,-0.21625415852766494,5.480423007371935e-05,-0.4038317454445103
20,60,0.01,1,0.2,2.5,1,1,100,200,-0.3526588478169562,-0.08335584999176848,-0.5975412966591397,-0.45513309236193894,634,491,143,0.015563372774757488,0.031819635433322675,0.02369150410404008,0.008128131329282593,0.24108209249003276,-0.28379312214340446,-3.7102078713488925e-05,-0.4048831529394353
30,60,0.0025,1,-999.0,1.5,1,1,100,200,-0.4259820235859839,-0.10514622453433886,-0.5652476482326283,-0.3472046654759676,524,390,134,0.04935507941584053,0.10164161603240593,0.07549834772412323,0.0261432683082827,-0.08159619657747497,-0.18772061796229444,-3.619183913026634e-05,-0.4051302819244514
30,200,0.01,1,0.0,1.5,1,1,100,200,-0.31419693056258524,-0.07270600692047535,-0.6310632634899668,-0.3486083562110858,829,623,206,0.021346338343460187,0.046237074938705894,0.03379170664108304,0.012445368297622855,0.4158546556245004,-0.2667689749820267,6.936209882899923e-05,-0.405668056476013
12,200,0.0,1,0.0,0.75,1,1,100,200,-0.4431313372096234,-0.11056190313341407,-0.5136899329258291,-0.7657491569726791,656,494,162,0.016282912269480865,0.034564545357637776,0.025423728813559324,0.009140816544078457,-0.06899651599409728,-0.1696031616295709,-0.00015537409811296933,-0.4056943274449626
30,96,0.01,1,-999.0,0.75,1,1,100,200,-0.41530631628709613,-0.10183991064695419,-0.5589499544048653,-0.4895484529766895,366,286,80,0.034724443023131865,0.05950858117471485,0.047116512098923355,0.012392069075791493,-0.1560675464198621,-0.1680131156793926,-0.00011570021697589962,-0.4057923104982213
48,96,0.005,1,-0.2,1.5,1,1,100,200,-0.3590814199678196,-0.08518325167463658,-0.6069778069376157,-0.3441506590793753,892,685,207,0.03043385566570728,0.0643854599722844,0.047409657818995844,0.01697580215328856,0.22058181216811001,-0.1796867122565745,4.6078523249867264e-05,-0.4058796880974132
48,200,0.01,1,0.2,1.5,1,1,100,200,-0.33416069324193687,-0.07817243621979264,-0.6111474118787548,-0.44603958384752007,702,525,177,0.01481718366911843,0.03395160430657712,0.024384393987847777,0.009567210318729346,0.3722480050617989,-0.31069360672831003,9.263783633172982e-06,-0.406048121351546
48,200,0.0,1,0.0,0.75,1,1,100,200,-0.45097071952087087,-0.11308208071791614,-0.5094402109560764,-0.7789964832303127,676,512,164,0.017055750986035605,0.03544398251785524,0.026249866751945423,0.009194115765909817,-0.07927302503108602,-0.16383326810754617,-0.00015401106381968656,-0.40675201035747
12,120,0.005,1,-0.2,1.5,1,1,100,200,-0.3579527324506675,-0.08486105083679318,-0.6105823340106946,-0.3367410163474597,905,690,215,0.031046796716767935,0.06569129090715276,0.04836904381196035,0.01732224709519241,0.25645641678338404,-0.19649798096591597,4.9404841370298604e-05,-0.40698926865951346
30,60,0.005,1,0.2,1.5,1,1,100,200,-0.35639421504750546,-0.08441689247266415,-0.5942447512840147,-0.5128644350140327,610,455,155,0.013138258181430551,0.030140709945634794,0.021639484063532673,0.008501225882102122,0.24787492293722857,-0.3002517440424466,-6.405869380415093e-05,-0.4071824898653731
20,200,0.0025,1,0.2,0.75,1,1,100,200,-0.44297095258903607,-0.11051064025280066,-0.5034963430520651,-0.911862213809849,510,386,124,0.010233450591621363,0.02323846071847351,0.016735955655047437,0.006502505063426074,-0.05496518685922891,-0.239318552914213,-0.00033084158114922115,-0.40785192246932567
48,60,0.01,1,0.2,2.5,1,1,100,200,-0.3655355552067321,-0.08703444941192906,-0.595456922003684,-0.48037052322430873,648,502,146,0.015803219272998614,0.032379277262551964,0.02409124826777529,0.008288028994776677,0.19504449067505059,-0.26587533270826513,-4.7216766608025476e-05,-0.4087814365749865
48,96,0.01,1,0.0,2.5,1,1,100,200,-0.34541277026919115,-0.08131146661029676,-0.6184208894720182,-0.37029653145178826,840,652,188,0.02403794904594393,0.04807589809188786,0.03605692356891589,0.012018974522971964,0.31831553511388067,-0.24421641160156693,4.948452994912005e-05,-0.4090367379188953
20,200,0.0,1,0.0,0.75,1,1,100,200,-0.4492870787991261,-0.11253841402862441,-0.5150964094688418,-0.787648183051022,654,495,159,0.016362861102227906,0.03427139963756529,0.0253171303698966,0.008954269267668692,-0.06344900213587823,-0.18446304298990224,-0.0001666552015636917,-0.4094690279155964
12,120,0.01,1,0.2,1.5,1,1,100,200,-0.34944616726464117,-0.08244718840891163,-0.6058117898337138,-0.4910589469981437,623,472,151,0.014017695341648012,0.030593753331201363,0.02230572433642469,0.008288028994776677,0.2688197344269523,-0.2998358370569728,-4.687746106272038e-05,-0.4099060306756757
12,120,0.01,1,-0.2,2.5,1,1,100,200,-0.40079408186078747,-0.09742198703175686,-0.5879039680536444,-0.37282247974903865,920,724,196,0.035603880183349326,0.06784990939132289,0.0517268947873361,0.016123014603986782,0.21212324616912848,-0.21683235701687809,2.8782579583471118e-05,-0.410015095046031
20,200,0.01,1,-999.0,0.75,1,1,100,200,-0.43400673953269264,-0.10766404893099601,-0.556012209091723,-0.48812157006480744,405,312,93,0.03890843193689372,0.06880929538428739,0.053858863660590554,0.014950431723696833,-0.15497594231458234,-0.17982068423940012,-0.00010107681265331888,-0.4100762319800979
30,60,0.0025,1,-999.0,999.0,1,1,100,200,-0.4631404025154082,-0.11705197611604168,-0.557150985844185,-0.29329778021964525,545,409,136,0.06899584266069715,0.13274171197100523,0.10086877731585119,0.031872934655154034,-0.11175558769876881,-0.20621464922472954,-2.602713194796152e-05,-0.41029235804911646
20,60,0.0025,1,-999.0,1.5,1,1,100,200,-0.4114337896661887,-0.10065250314524976,-0.5871216067997038,-0.32301135737531655,522,387,135,0.049648225135913014,0.10246775397079202,0.07605798955335252,0.026409764417439505,-0.017360898920904755,-0.22235659900694404,-2.9315208916585745e-05,-0.4103638744138675
20,96,0.0025,1,-999.0,2.5,1,1,100,200,-0.4310943440194317,-0.10674697797748556,-0.5794323308825928,-0.28248379258206735,591,438,153,0.06753011406033473,0.13202217247628184,0.09977614326830828,0.032246029207973564,0.056607743320347126,-0.2764099671361123,-1.4424424400372128e-05,-0.41058733304788536
48,60,0.0025,1,-0.2,1.5,1,1,100,200,-0.3782714065621079,-0.09073202679794434,-0.6015112707070693,-0.3839460359346212,832,638,194,0.028541733290693955,0.0609476601641616,0.04474469672742778,0.016202963436733823,0.08925677845326851,-0.1346690125482417,2.0935116267369046e-05,-0.4106849639482101
48,96,0.0025,1,0.0,0.75,1,1,100,200,-0.4488251197773221,-0.11238947467702531,-0.5139427357449491,-0.8288305000084453,551,422,129,0.013697900010659844,0.02910137511992325,0.021399637565291545,0.007701737554631703,-0.11271245488157067,-0.18171784015637416,-0.0002468996210807601,-0.4108023675499221
20,120,0.01,1,0.0,1.5,1,1,100,200,-0.3402434427995662,-0.07986404566622374,-0.6215061039366045,-0.4093787960033741,753,577,176,0.02020040507408592,0.042053086024944036,0.031126745549514976,0.010926340475429059,0.28070994747704137,-0.24926667161819893,2.508335743059726e-05,-0.41108603743469474
30,96,0.0,1,-0.2,0.75,1,1,100,200,-0.4556205832072945,-0.11459053278606657,-0.5218450140767577,-0.7129383150368955,637,489,148,0.02025370429591728,0.04157339302846178,0.03091354866218953,0.010659844366272252,-0.12841428351996875,-0.14108739502500567,-0.00014251386696292643,-0.41115995557629015
12,120,0.01,1,0.0,2.5,1,1,100,200,-0.33093381338110395,-0.07728005527185378,-0.6345502167797227,-0.3387784013279085,852,658,194,0.024277795544185056,0.04906193369576804,0.036669864619976546,0.012392069075791493,0.40265969748594954,-0.26958029581005805,6.493530362261548e-05,-0.4114940837281105
48,200,0.005,1,0.0,0.75,1,1,100,200,-0.44675530116332285,-0.11172337166011037,-0.5207728945599341,-0.7918518405123849,617,469,148,0.01561667199658885,0.03240592687346765,0.02401129943502825,0.0083946274384394,-0.060631687879522445,-0.1981470910520452,-0.00018872154220329627,-0.4117024109656967
30,120,0.005,1,-0.2,1.5,1,1,100,200,-0.36557199284832,-0.08704494325805467,-0.6144787595265679,-0.35267289150859804,899,684,215,0.03032725722204456,0.06502505063426074,0.04767615392815265,0.01734889670610809,0.23942608847850022,-0.19753536244737002,4.319289797718119e-05,-0.4119179675967686
20,60,0.005,1,-0.2,2.5,1,1,100,200,-0.3552086283990247,-0.0840795905842684,-0.625884923236639,-0.30531340226069087,893,684,209,0.033258714422769425,0.06662402728920158,0.049941370855985504,0.016682656433216075,0.347149039978524,-0.25189156455382156,5.2654203007826615e-05,-0.41228772231562244
30,120,0.01,1,0.0,1.5,1,1,100,200,-0.34977096820373943,-0.08253889049108498,-0.6172898001976492,-0.4282954578009666,753,575,178,0.020093806630423195,0.04194648758128131,0.031020147105852255,0.010926340475429059,0.24748514308946845,-0.24040213017413337,1.570541781217641e-05,-0.41259856347995794
12,60,0.01,1,0.2,2.5,1,1,100,200,-0.3704187443193536,-0.08844509830903624,-0.6000189230204827,-0.4845096373255047,645,500,145,0.015856518494829976,0.032539174928046054,0.024197846711438015,0.008341328216608037,0.2278978943873129,-0.2920794298265119,-5.353443288805496e-05,-0.41268004168555283
20,60,0.0025,1,-0.2,1.5,1,1,100,200,-0.3735338327517007,-0.08934955935991906,-0.6091521059083174,-0.3770029937476836,812,613,199,0.027795544185054897,0.059455281952883486,0.04362541306896919,0.015829868883914296,0.1577705036212751,-0.18783775621537235,2.0223371787077144e-05,-0.41277576200146193
48,120,0.01,1,-0.2,0.75,1,1,100,200,-0.4595739295841803,-0.11588115670807331,-0.5178989863048074,-0.7632205054457678,559,439,120,0.01865472764097644,0.03571047862701204,0.027182603133994242,0.008527875493017803,-0.09398136528111112,-0.21111295287241916,-0.00020469868274738595,-0.41299167513276536
48,200,0.005,1,-999.0,0.75,1,1,100,200,-0.44814498355671417,-0.11217037483439873,-0.5550566351800694,-0.475731773119327,459,346,113,0.0440251572327044,0.08208080162029634,0.06305297942650037,0.019027822193795972,-0.18814861836822883,-0.14484671150331974,-8.028398328169495e-05,-0.4134852810803998
48,120,0.0,1,-999.0,0.75,1,1,100,200,-0.3918752368038192,-0.09474913670171603,-0.6047475676406813,-0.3297908895453792,447,330,117,0.03965462104253278,0.07797676153928153,0.058815691290907156,0.019161070248374375,0.03966235011744268,-0.26854188476735996,-4.702081501795877e-05,-0.41361246499932564
12,96,0.01,1,0.0,2.5,1,1,100,200,-0.3359447715249687,-0.07866730198427918,-0.6345214893317268,-0.3536896896045119,825,641,184,0.023798102547702805,0.04751625626265857,0.035657179405180685,0.01185907685747788,0.37158701735918176,-0.26857110995719735,5.401137082087974e-05,-0.41361253113036817
12,200,0.01,1,-0.2,2.5,1,1,100,200,-0.39066192050800697,-0.09438795030647285,-0.6052875128076998,-0.3450828999345093,1002,775,227,0.03706960878371176,0.07341967807270014,0.055244643428205946,0.01817503464449419,0.33379016599509703,-0.2459385179106809,4.937483826841086e-05,-0.4142858517070482
20,60,0.005,1,0.0,2.5,1,1,100,200,-0.3059958705159449,-0.07049724850915162,-0.6574734058020011,-0.3013759785677366,836,636,200,0.02289201577656966,0.04810254770280354,0.0354972817396866,0.012605265963116938,0.5397706958887285,-0.3153218053565454,8.143410254807658e-05,-0.41430275033853897
30,200,0.0,1,0.0,0.75,1,1,100,200,-0.4562162616683817,-0.11478451944209278,-0.51860770892688,-0.8044679396761554,666,506,160,0.0167892548768788,0.03475109263404754,0.02577017375546317,0.008980918878584373,-0.05835515774569566,-0.19425927754975936,-0.00016932208772224157,-0.41431177088934057
12,96,0.0,1,-999.0,0.75,1,1,100,200,-0.37839891334578535,-0.09076935072427894,-0.6154068014742783,-0.31793177194477135,443,333,110,0.03640336851081974,0.07381942223643535,0.055111395373627546,0.018708026862807803,-0.061083900295574756,-0.1737618120174934,-4.392239821625751e-05,-0.41436934005865667
12,60,0.0,1,0.2,1.5,1,1,100,200,-0.34889193064673385,-0.08229079354744273,-0.6170710441257732,-0.47217237744903323,688,507,181,0.014630636392708667,0.03429804924848097,0.024464342820594818,0.009833706427886153,0.2877014519714465,-0.28669945496087357,-1.3122616602723345e-05,-0.414434934482781
30,96,0.0,1,-0.2,1.5,1,1,100,200,-0.36414088169441006,-0.0866331527514943,-0.62123635615076,-0.3442162882815809,929,705,224,0.03133994243684042,0.067423515616672,0.04938172902675621,0.018041786589915787,0.18095231657107758,-0.1431421551686588,4.942435449259191e-05,-0.4144621452409534
30,96,0.005,1,-0.2,0.75,1,1,100,200,-0.4611183530251258,-0.11638740669835035,-0.521936768222218,-0.7444155087098876,592,460,132,0.019161070248374375,0.03861528621682123,0.028888178232597803,0.00972710798422343,-0.09372666920485306,-0.20050176759459226,-0.0001777708377390785,-0.41457656624495376
12,96,0.005,1,-0.2,1.5,1,1,100,200,-0.3666459849884549,-0.08735446398573077,-0.6189825087332792,-0.35731774571700753,870,666,204,0.03032725722204456,0.06337277475748854,0.04685001598976655,0.016522758767721992,0.22095524393085442,-0.19848412513412517,3.704321124904819e-05,-0.41471160563822074
48,96,0.005,1,-999.0,0.75,1,1,100,200,-0.42514074119871037,-0.10488389854136648,-0.5726312247455299,-0.4769056738359589,409,310,99,0.03808229399850762,0.0696354333226735,0.053858863660590554,0.015776569662082934,-0.08180693752336654,-0.2318200709328171,-9.376212486367519e-05,-0.41504479460592936
20,120,0.01,1,-999.0,0.75,1,1,100,200,-0.43649147777607145,-0.10844944545033575,-0.5610547097514134,-0.5250312705579361,373,289,84,0.035577230572433644,0.061480652382475215,0.04852894147745443,0.012951710905020787,-0.15097424690309125,-0.2001734774586167,-0.0001258582967904656,-0.41522836385393924
20,120,0.0025,1,0.0,0.75,1,1,100,200,-0.45438723456617247,-0.11418942367359053,-0.5189575268975863,-0.8390156172253629,567,428,139,0.013538002345165761,0.029740965781899584,0.021639484063532673,0.008101481718366912,-0.09280367971881132,-0.20138673557452724,-0.00024303249313757061,-0.41561896798365183
30,200,0.005,1,-0.2,1.5,1,1,100,200,-0.3571180420762272,-0.08462306719076662,-0.6306065399622369,-0.3219937473710702,1027,771,256,0.034138151582986886,0.07384607184735102,0.05399211171516896,0.01985396013218207,0.3963542642504654,-0.23051242839982333,6.84246983434099e-05,-0.4160260245404386
30,200,0.01,1,0.0,2.5,1,1,100,200,-0.32858835381669993,-0.07663358567042933,-0.6476282053309144,-0.32596589209432386,928,704,224,0.025130583093486834,0.05316597377678286,0.039148278435134846,0.014017695341648012,0.5203463981859808,-0.2975598044064901,8.232711466171833e-05,-0.4167459829406027
30,60,0.0,1,0.2,1.5,1,1,100,200,-0.3637332086064533,-0.08651598383610537,-0.6095249350014014,-0.5136918284970214,658,487,171,0.014124293785310734,0.032832320648118536,0.023478307216714636,0.009354013431403902,0.22279670862193535,-0.2768912565161449,-4.64044604840076e-05,-0.41696304276165713
30,200,0.0025,1,0.2,0.75,1,1,100,200,-0.4561143050518355,-0.11475130453884397,-0.5112240663152885,-0.945049502089594,521,396,125,0.010633194755356571,0.02369150410404008,0.017162349429698326,0.006529154674341755,-0.07584046872709438,-0.236300168495301,-0.00034459067658587183,-0.41761581280096793
20,60,0.0,1,0.0,2.5,1,1,100,200,-0.31964391819797133,-0.07418472603463333,-0.6575122118199541,-0.3124837316497355,908,685,223,0.024384393987847777,0.05252638311480652,0.03845538855132715,0.014070994563479372,0.4980516191985762,-0.28479836822274607,8.479077993516537e-05,-0.41856501852709715
12,96,0.01,1,-0.2,2.5,1,1,100,200,-0.4135159957516862,-0.10129017699851939,-0.5948474885045394,-0.400191056510481,887,702,185,0.03496428952137299,0.0656113420744057,0.05028781579788935,0.015323526276516362,0.15825763122513448,-0.21094228116681246,1.3288747882594791e-05,-0.41872347407631316
30,60,0.0025,1,0.0,2.5,1,1,100,200,-0.33785659762503994,-0.07919878409819225,-0.644141037435856,-0.35000594017564174,857,652,205,0.023105212663895106,0.04975482357957574,0.03643001812173542,0.013324805457840316,0.4069152773427096,-0.277519989922717,5.9841293200834304e-05,-0.41876959982490236
48,60,0.005,1,0.0,1.5,1,1,100,200,-0.3249303034101816,-0.0756289282491478,-0.6485304399804379,-0.3805201004242145,752,569,183,0.019214369470205734,0.04250612941051061,0.03086024944035817,0.011645879970152435,0.3263819565786319,-0.2586631806208788,3.904893357710365e-05,-0.41892015326057747
20,200,0.01,1,0.0,1.5,1,1,100,200,-0.33846732547172487,-0.07936882334265805,-0.6413682127765605,-0.39256236898144736,818,617,201,0.021319688732544504,0.045677433109476605,0.033498560921010556,0.012178872188466049,0.39856583857937444,-0.28790284875423544,4.5778293779255766e-05,-0.4196810481800107
30,60,0.005,1,-999.0,0.75,1,1,100,200,-0.4567505564639739,-0.11495866075250982,-0.5524459439250321,-0.5732169235016624,375,285,90,0.031180044771346338,0.05958853000746189,0.045384287389404115,0.014204242618057776,-0.18864356589841336,-0.19232212671572568,-0.0001466458434138682,-0.419842478890109
20,200,0.005,1,0.0,0.75,1,1,100,200,-0.45133336462127704,-0.11319935744781184,-0.5332000824997621,-0.8173723593158276,600,455,145,0.015057030167359556,0.0313665920477561,0.02321181110755783,0.008154780940198274,-0.03382828484800815,-0.23338880049264,-0.0002104937671595409,-0.4206680166634843
48,60,0.0025,1,-0.2,0.75,1,1,100,200,-0.4641668006395945,-0.11739007983178518,-0.530908647500848,-0.7573213852304453,560,436,124,0.01820168425540987,0.03706960878371176,0.027635646519560814,0.009433962264150943,-0.1471292142060282,-0.16865891176863002,-0.0002012830374254023,-0.4207104728437314
30,120,0.0025,1,0.0,0.75,1,1,100,200,-0.46245161605887064,-0.11682537416422145,-0.5217848963439362,-0.8652134711373647,557,423,134,0.013564651956081442,0.0294478200618271,0.02150623600895427,0.007941584052872827,-0.12248706527901498,-0.19063336950748067,-0.0002637833561212816,-0.4209784958930578
12,200,0.005,1,0.0,0.75,1,1,100,200,-0.45400110668052573,-0.11406399640124687,-0.5322838610858698,-0.8219364046974998,599,453,146,0.015003730945528196,0.03141989126958746,0.02321181110755783,0.008208080162029634,-0.04240963309747103,-0.23066459386615878,-0.00021444836449470376,-0.42130274717905675
20,120,0.005,1,-0.2,1.5,1,1,100,200,-0.38212062063005237,-0.09186148060725752,-0.6214805283766593,-0.37855011762284185,898,685,213,0.030567103720285684,0.06515829868883914,0.047862701204562416,0.01729559748427673,0.23248315213436177,-0.21445747819742766,3.227192925788285e-05,-0.4215292506767293
12,60,0.005,1,0.2,1.5,1,1,100,200,-0.3722504555498174,-0.0889764980329063,-0.6127346588237021,-0.5368489869283263,629,471,158,0.013644600788828483,0.031020147105852255,0.02233237394734037,0.008687773158511885,0.2578416738406635,-0.3164343996486214,-7.398150625093978e-05,-0.4221862767911737
20,200,0.005,1,-0.2,1.5,1,1,100,200,-0.3616004224808703,-0.08590397889303558,-0.6397728576395267,-0.3297796434956848,1005,756,249,0.033845005862914404,0.07270013857797676,0.05327257222044558,0.01942756635753118,0.40980016612481385,-0.25144694504443177,6.277891617670925e-05,-0.4222793898875832
30,200,0.005,1,-999.0,0.75,1,1,100,200,-0.4579579782053338,-0.11535269774459078,-0.5647244320034144,-0.5025842052185003,450,338,112,0.04338556657072807,0.08085491951817503,0.06212024304445155,0.018734676473723483,-0.14061696898004983,-0.21007314610993522,-8.98325227607779e-05,-0.422844124007223
20,96,0.01,1,-999.0,0.75,1,1,100,200,-0.4466769442918972,-0.11169819426361816,-0.5672952067214043,-0.554478837054012,366,285,81,0.03352521053192623,0.05841594712717194,0.04597057882954909,0.012445368297622855,-0.1996091642108363,-0.16981969708976885,-0.0001434509507100315,-0.4230697394770209
30,60,0.0,1,-0.2,2.5,1,1,100,200,-0.39421641833508647,-0.0954477042506835,-0.6194862042802665,-0.35839129424605043,961,726,235,0.034351348470312335,0.07208719752691611,0.05321927299861422,0.018867924528301886,0.23130204077883576,-0.2044204982405532,3.930879029925566e-05,-0.4231103711031192
20,60,0.0025,1,0.0,1.5,1,1,100,200,-0.34887196575858703,-0.08228516182915302,-0.6398961701085775,-0.4195507173285159,762,573,189,0.01908112141562733,0.042692676686920374,0.030886899051273852,0.01180577763564652,0.2934604560400609,-0.2630791976440796,2.0234047136589567e-05,-0.42321078274986756
12,60,0.0025,1,0.0,2.5,1,1,100,200,-0.3419558024530317,-0.08034250154374711,-0.6510767644167219,-0.3498092437055626,892,681,211,0.024331094766016415,0.05156699712184202,0.03794904594392922,0.013617951177912802,0.4022035322586146,-0.26685852979841174,6.482199043865231e-05,-0.4233713459373862
30,120,0.01,1,0.2,1.5,1,1,100,200,-0.38061530226728035,-0.0914191149819017,-0.6081105019296577,-0.5592281762431273,621,470,151,0.013884447287069609,0.0304072060547916,0.022145826670930603,0.008261379383860996,0.21287069218445742,-0.3033283631384285,-9.14044439254813e-05,-0.4234357747588869
20,60,0.0,1,-0.2,2.5,1,1,100,200,-0.37806458630996276,-0.09067149916335959,-0.6327375676700165,-0.3296925064197945,974,735,239,0.03496428952137299,0.0726468393561454,0.053805564438759196,0.018841274917386207,0.3036220919459931,-0.22348852003517972,5.161218618641174e-05,-0.4235249083193576
30,200,0.005,1,0.0,0.75,1,1,100,200,-0.4568725222185105,-0.11499843193718084,-0.5345807931823225,-0.8303306988042903,609,464,145,0.015403475109263405,0.031819635433322675,0.02361155527129304,0.008208080162029634,-0.04549042697428152,-0.22839110035254062,-0.00021203117318709222,-0.42380536346855663
20,60,0.005,1,-999.0,0.75,1,1,100,200,-0.43993820485147117,-0.10954351446206512,-0.575610876382,-0.536573663935455,374,284,90,0.03125999360409338,0.06009487261485982,0.045677433109476605,0.014417439505383222,-0.14600309508951348,-0.20929764998884126,-0.00013181082846513108,-0.42417763584983786
30,120,0.005,1,-999.0,0.75,1,1,100,200,-0.44385915022055245,-0.11079467862034931,-0.5754255775115473,-0.5182497334739937,413,309,104,0.03744270333653129,0.07011512631915574,0.05377891482784351,0.016336211491312227,-0.10900242401386984,-0.232616402553525,-0.00010561023854882875,-0.42441995404982263
30,120,0.01,1,-0.2,2.5,1,1,100,200,-0.4198124646980438,-0.10322954624523983,-0.6022478751234883,-0.407370627166052,917,719,198,0.03483104146679458,0.06734356678392496,0.05108730412535977,0.016256262658565186,0.19907280427050367,-0.23458554665545728,1.511580578409199e-05,-0.42472201516528657
20,120,0.01,1,0.2,1.5,1,1,100,200,-0.38259615920280354,-0.0920014055757783,-0.6096213128787253,-0.5631922848582818,620,471,149,0.013884447287069609,0.0304072060547916,0.022145826670930603,0.008261379383860996,0.22071471435525636,-0.31036371173295774,-9.459562123579523e-05,-0.42497167625805504
48,120,0.0,1,0.0,0.75,1,1,100,200,-0.46828037531670197,-0.11875034456452593,-0.5266447305057758,-0.8600722991594107,596,451,145,0.014630636392708667,0.03147319049141883,0.023051913442063747,0.008421277049355079,-0.09826255470704703,-0.2055717004616442,-0.00023767081375174174,-0.4250763247753844
48,96,0.005,1,-0.2,0.75,1,1,100,200,-0.4728323261554789,-0.1202654163723671,-0.5325442878289663,-0.7728750151863217,607,475,132,0.01985396013218207,0.039361475322460295,0.02960771772732118,0.009753757595139112,-0.09826965721661352,-0.20802143795181727,-0.00018410066147786462,-0.42518131104616635
48,96,0.0,1,-0.2,0.75,1,1,100,200,-0.47181167371277144,-0.11992479483045793,-0.5362803058387282,-0.7503998387247862,656,509,147,0.021293039121628825,0.04250612941051061,0.03189958426606972,0.010606545144440892,-0.13023456281848145,-0.15691596207461533,-0.00015214809306021574,-0.42558493968606137
12,120,0.005,1,-999.0,0.75,1,1,100,200,-0.4488407233706492,-0.1123945037729901,-0.575074315593383,-0.5220716738383706,415,313,102,0.0372828056710372,0.07080801620296344,0.05404541093700032,0.016762605265963116,-0.15527981795888124,-0.19702339425788673,-0.0001069851469060901,-0.4260352452616001
12,96,0.0,1,-0.2,1.5,1,1,100,200,-0.40188266604974754,-0.0977503950894485,-0.6164799273105617,-0.4015501996459217,943,712,231,0.031952883487901075,0.06894254343886579,0.050447713463383434,0.01849482997548236,0.14861160373813176,-0.16548480810244248,2.804414998795934e-05,-0.4260678687270254
30,96,0.01,1,0.2,2.5,1,1,100,200,-0.39406209557167704,-0.09540159062324172,-0.6107273604926056,-0.5280424340807011,688,525,163,0.016309561880396548,0.03432469885939665,0.0253171303698966,0.009007568489500054,0.24783121545670728,-0.314974184248479,-6.307308206886785e-05,-0.42716739257357955
20,60,0.005,1,0.2,1.5,1,1,100,200,-0.37726635315074686,-0.09043804058922567,-0.6182493906653648,-0.5548464210747874,614,459,155,0.013191557403261913,0.030247308389297515,0.021719432896279714,0.008527875493017803,0.25461050589336454,-0.3252309398162547,-9.068234153576191e-05,-0.4273050569756474
12,120,0.0,1,-0.2,1.5,1,1,100,200,-0.4065484862236288,-0.09916343628874547,-0.6165040867337707,-0.4023194532801696,984,742,242,0.0328856198699499,0.07147425647585545,0.05217993817290267,0.019294318302952775,0.16339416691527653,-0.1655800459376553,3.2741553964901834e-05,-0.4275314523196393
20,96,0.0025,1,-0.2,0.75,1,1,100,200,-0.4734344548680518,-0.120466611779803,-0.5377798999896379,-0.7691322067770165,593,455,138,0.019161070248374375,0.0396279714316171,0.029394520839995737,0.010233450591621363,-0.13958258755244324,-0.17672720501219963,-0.00018785445797672877,-0.4278131721134728
48,96,0.0,1,-0.2,1.5,1,1,100,200,-0.40419781953147516,-0.09845043177313906,-0.6187020337515368,-0.4082467933159007,959,732,227,0.032325978040720606,0.06899584266069715,0.05066091035070888,0.018334932309988273,0.12275544928954707,-0.14273873811176896,2.9227184331452425e-05,-0.42821378831470247
12,96,0.01,1,-999.0,0.75,1,1,100,200,-0.4542813750550274,-0.11415502989570592,-0.5719578199934519,-0.5659176987481138,369,289,80,0.034058202750239845,0.05942863234196781,0.046743417546103824,0.01268521479586398,-0.20318904391761394,-0.17631558333407105,-0.000146104863593001,-0.42842982482983755
20,120,0.01,1,-0.2,2.5,1,1,100,200,-0.4315229043631442,-0.1068816894117145,-0.6008585711243837,-0.42632523048894094,913,719,194,0.03507088796503571,0.06731691717300928,0.051193902569022495,0.016123014603986782,0.18298108293308912,-0.24135223480045243,6.377319249786419e-06,-0.4286272364983534
48,200,0.0,1,-0.2,1.5,1,1,100,200,-0.37747055782778904,-0.09049774136302557,-0.6440058201788672,-0.33689271697311113,1165,868,297,0.03720285683829016,0.08250719539494723,0.0598550261166187,0.022652169278328537,0.3840468300480233,-0.19453084888125538,7.543786260937384e-05,-0.4293452873011147
20,200,0.005,1,-0.2,0.75,1,1,100,200,-0.4801425809637755,-0.12272060448159783,-0.5376190079706602,-0.7602270688750238,684,527,157,0.02233237394734037,0.04418505489819849,0.033258714422769425,0.010926340475429059,-0.07186446923646528,-0.21143280692160593,-0.00014654724277557597,-0.4295414619106791
12,200,0.005,1,-0.2,0.75,1,1,100,200,-0.4825504402557138,-0.12353534275921352,-0.5362696654191921,-0.7640140825491754,684,526,158,0.022225775503677648,0.04418505489819849,0.03320541520093807,0.01097963969726042,-0.07943467169687524,-0.2086305781331521,-0.0001491488629441594,-0.42987087959626835
20,200,0.01,1,0.0,2.5,1,1,100,200,-0.3523461211145301,-0.08326724136940844,-0.6574687160031746,-0.36618107640717906,916,697,219,0.025077283871655472,0.05257968233663789,0.03882848310414668,0.013751199232491206,0.5010384471436256,-0.3178061959525036,6.1767980053654e-05,-0.4303106531913547
12,120,0.005,1,-0.2,0.75,1,1,100,200,-0.48202154654302154,-0.1233561234951358,-0.5357956790108054,-0.7841358076764019,622,480,142,0.020013857797676154,0.04053405820275024,0.030273958000213198,0.010260100202537042,-0.12103493709525692,-0.19566041438341852,-0.0001843064459897751,-0.4304607533843586
20,96,0.0025,1,-0.2,1.5,1,1,100,200,-0.41859595243502956,-0.10285354189710605,-0.6113260623975163,-0.4438106346222956,880,669,211,0.030060761112887753,0.06449205841594713,0.04727640976441744,0.017215648651529688,0.07093275746457883,-0.15695024142244984,3.3354175949494544e-06,-0.430707104826979
30,96,0.0025,1,-0.2,1.5,1,1,100,200,-0.40670834230853325,-0.09921200583902545,-0.6212007880924657,-0.41993550652308265,891,682,209,0.030300607611128877,0.06478520413601961,0.047542905873574244,0.017242298262445367,0.09729531995299734,-0.15574956670555973,1.4338153906684098e-05,-0.43080917521141243
30,200,0.005,1,-0.2,0.75,1,1,100,200,-0.48666110415048924,-0.12493328719013785,-0.5340505426652997,-0.7771472070945149,695,538,157,0.022838716554738302,0.044797995949259144,0.03381835625199872,0.01097963969726042,-0.08441541335510283,-0.20629197102740093,-0.00014881874504029999,-0.43081591887751347
12,200,0.01,1,0.0,1.5,1,1,100,200,-0.3668436932030754,-0.0874114885402647,-0.6429891066084518,-0.4450085508877743,815,614,201,0.021266389510713142,0.04546423622215116,0.03336531286643215,0.012098923355719007,0.3361566147126538,-0.28768378431141095,1.9359311834468782e-05,-0.4311564693888793
48,200,0.0,1,-0.2,0.75,1,1,100,200,-0.4873152467507481,-0.12515657150815818,-0.5375636166531796,-0.746861368587868,775,594,181,0.02489073659524571,0.049728173968660055,0.03730945528195288,0.012418718686707174,-0.13251590123934565,-0.12919667752035113,-0.00011072659061755955,-0.4312814482641414
12,96,0.005,1,-0.2,0.75,1,1,100,200,-0.4803305506332529,-0.12278409832662684,-0.5378883949208333,-0.7918655456152223,594,460,134,0.019534164801193903,0.03909497921330349,0.029314572007248695,0.009780407206054791,-0.12764037788860805,-0.1982308373422541,-0.00019953472310528907,-0.4313215730678046
12,60,0.0025,1,-0.2,2.5,1,1,100,200,-0.41758550491047886,-0.10254170696360843,-0.6188112485727466,-0.393475591340618,961,739,222,0.035230785630529796,0.07142095725402409,0.05332587144227694,0.01809508581174715,0.17178195640447846,-0.19625912668927004,2.538354479349432e-05,-0.43162111081701265
48,200,0.005,1,-0.2,0.75,1,1,100,200,-0.4889693856270695,-0.12572221184516974,-0.5344423475658524,-0.773720916338406,708,548,160,0.02313186227481079,0.04546423622215116,0.03429804924848097,0.011166186973670184,-0.11718976780839296,-0.17518176348431558,-0.0001446791235785094,-0.43162943144501625
30,120,0.0,1,-0.2,1.5,1,1,100,200,-0.40480557163052366,-0.09863455924439712,-0.626009732209214,-0.4068485587404049,969,732,237,0.0321927299861422,0.06987527982091461,0.051034004903528406,0.018841274917386207,0.14515635658117332,-0.15615561108183018,3.0710215890390555e-05,-0.43198185328602434
48,60,0.005,1,-0.2,2.5,1,1,100,200,-0.40567138973371397,-0.0988971315220798,-0.6282235880571003,-0.3830949721733332,921,714,207,0.033978253917492804,0.06846285044238354,0.05122055217993817,0.017242298262445367,0.19321134048119926,-0.21050044673567025,2.516178966076559e-05,-0.43216367415929663
12,60,0.01,0,0.0,0.75,1,1,100,200,-0.45316558451906697,-0.11379283348716973,-0.5841612425329011,-0.5263541191080913,826,664,162,0.026676260526596312,0.046556870269694066,0.03661656539814519,0.009940304871548875,0.00863869904304626,-0.1805382452395533,-4.885860152454578e-05,-0.43219116070902486
30,200,0.0,1,-0.2,0.75,1,1,100,200,-0.48695513900532017,-0.12503362455047629,-0.539526589942197,-0.7555700248591457,761,582,179,0.0244909924315105,0.04890203603027396,0.03669651423089223,0.01220552179938173,-0.10120276309604859,-0.16481249270016574,-0.00011684536768812529,-0.4325754207645321
20,60,0.0,1,0.2,1.5,1,1,100,200,-0.37553655960355115,-0.08993294955446896,-0.6331247934655471,-0.5353292261085473,666,493,173,0.014284191450804819,0.03309881675727534,0.02369150410404008,0.009407312653235262,0.25634305406110514,-0.30648636517636474,-5.739519190574544e-05,-0.43326180759266986
20,96,0.005,1,0.0,1.5,1,1,100,200,-0.35698042184644907,-0.08458385318728501,-0.656653476867989,-0.43107737017497627,802,604,198,0.02036030273958,0.0449845432256689,0.032672422982624454,0.012312120243044452,0.33201269420004076,-0.2790394983229497,2.416747723104789e-05,-0.4344644601300283
20,200,0.01,1,0.2,1.5,1,1,100,200,-0.38552886418124743,-0.09286625038286755,-0.6275055203049451,-0.5585148172462892,676,507,169,0.014470738727214582,0.03285897025903422,0.0236648544931244,0.009194115765909817,0.3041014987527433,-0.33927865357091636,-6.710320370475848e-05,-0.4345447513976546
12,200,0.005,1,-0.2,1.5,1,1,100,200,-0.3883109753484043,-0.09368974260205376,-0.6445697669607011,-0.3728031693536818,1000,753,247,0.03365845858650464,0.07230039441424155,0.05297942650037309,0.019320967913868458,0.35353518621884183,-0.25481743712620264,4.638376004624447e-05,-0.4346147845500884
30,120,0.0,1,-0.2,0.75,1,1,100,200,-0.48466811272128396,-0.12425440174888902,-0.542743863230281,-0.7811739492267467,662,507,155,0.02099989340155634,0.04301247201790854,0.03200618270973244,0.0110062893081761,-0.15208193969352446,-0.153707379541266,-0.0001636234190202962,-0.43468503082536686
48,60,0.0025,1,-999.0,999.0,1,1,100,200,-0.4746616938432209,-0.12087725208194966,-0.6001050086189286,-0.3019520029036271,559,424,135,0.07376612301460399,0.1375652915467434,0.1056657072806737,0.03189958426606972,-0.09987798718744578,-0.22811366780515174,-2.6977431356200724e-05,-0.4360273565365953
48,200,0.005,1,-0.2,2.5,1,1,100,200,-0.389596739760363,-0.09407133556908132,-0.6529920722346867,-0.32166853750521546,1191,907,284,0.04120029847564226,0.08639803858863661,0.06379916853213943,0.022598870056497175,0.4572788447017835,-0.24009163467020178,7.47542952315171e-05,-0.4366507985616854
20,96,0.01,1,0.2,2.5,1,1,100,200,-0.41737985035159575,-0.10247829276985665,-0.6110578485132582,-0.5803135474325596,683,524,159,0.016362861102227906,0.034058202750239845,0.025210531926233876,0.00884767082400597,0.18410596018885572,-0.30762147516784455,-9.677692452335601e-05,-0.4370228943981137
48,60,0.0,1,0.0,1.5,1,1,100,200,-0.36358409170257255,-0.08647314129447414,-0.6575913265234488,-0.4397399788948353,802,608,194,0.020440251572327043,0.04559748427672956,0.0330188679245283,0.012578616352201259,0.2343789222433308,-0.23000453109676722,1.837185037072657e-05,-0.4372558035009403
30,96,0.005,1,0.0,1.5,1,1,100,200,-0.3578064160373443,-0.08481931579411484,-0.6619530486446684,-0.4301240783691297,805,607,198,0.020386952350495684,0.04517109050207867,0.03277902142628718,0.012392069075791493,0.33528481359340456,-0.28065157512442795,2.458156146962116e-05,-0.4373020440349055
20,120,0.01,1,0.0,2.5,1,1,100,200,-0.38185005227545,-0.09178190559624921,-0.6480479825161767,-0.4301528427397146,845,653,192,0.023931350602281208,0.04860889031020147,0.03627012045624134,0.012338769853960133,0.3420773061968827,-0.29716786465616984,1.9598913165192094e-05,-0.4373135389913233
48,120,0.01,1,-0.2,2.5,1,1,100,200,-0.43772115470694817,-0.10883915694641777,-0.6140068003510135,-0.43305037833337395,946,736,210,0.034937639910457306,0.06936893721351668,0.052153288561987,0.017215648651529688,0.23583082044111792,-0.269760392838056,8.871282159423905e-06,-0.4374950760385932
48,120,0.005,1,0.0,0.75,1,1,100,200,-0.4737304093328736,-0.12056556952402586,-0.5451444113824151,-0.8981917839168571,552,415,137,0.013324805457840316,0.02904807589809189,0.0211864406779661,0.007861635220125786,-0.0791387593475994,-0.24680169233092464,-0.0002892245388467975,-0.4380473644110763
30,120,0.01,1,0.0,2.5,1,1,100,200,-0.39077673783280853,-0.09442210507787918,-0.6441273470113911,-0.4474338476817967,845,651,194,0.023824752158618484,0.048502291866538746,0.036163522012578615,0.012338769853960133,0.30726047974899817,-0.2888689329897076,1.1476487485820643e-05,-0.43885747096766453
30,200,0.01,1,0.2,1.5,1,1,100,200,-0.3959945810700912,-0.0959797212015363,-0.6280830897454186,-0.5798991931160368,688,516,172,0.014657286003624348,0.033258714422769425,0.023958000213196887,0.00930071420957254,0.29042395479096195,-0.3396972864229255,-7.505328468447272e-05,-0.43901622573004745
48,96,0.01,1,0.2,2.5,1,1,100,200,-0.42252826317345016,-0.10407123657018169,-0.611506952997673,-0.5878432979456223,701,538,163,0.016629357211384713,0.034804391855878906,0.02571687453363181,0.009087517322247095,0.18328092536567375,-0.30705118984430146,-9.407675621856312e-05,-0.4392168779662993
30,120,0.005,1,-0.2,0.75,1,1,100,200,-0.4909846564641369,-0.1264133252741121,-0.5438282802263859,-0.818628688070631,612,473,139,0.019640763244856627,0.039787869097111184,0.029714316170983905,0.010073552926127279,-0.12245552907045876,-0.21224877800670294,-0.00020380800276067421,-0.43925889979083654
48,120,0.01,1,0.0,1.5,1,1,100,200,-0.39260197933688856,-0.09496575336377977,-0.6385928668219376,-0.5066510878743511,770,583,187,0.020093806630423195,0.04301247201790854,0.03155313932416587,0.011459332693742672,0.25319612188215523,-0.28764000792800304,-2.098473742098984e-05,-0.43959474116846614
20,96,0.0025,1,-999.0,999.0,1,1,100,200,-0.4891183845068261,-0.12577323455647915,-0.5964506209272096,-0.31358895580773505,573,429,144,0.07541839889137619,0.1446007888284831,0.11000959385992964,0.03459119496855346,-0.11478665135814137,-0.2313496911718781,-2.8413536174801803e-05,-0.4396779928104707
20,60,0.01,0,0.0,0.75,1,1,100,200,-0.47608408117263357,-0.12135415113587322,-0.5809084163560644,-0.5591623643176638,825,662,163,0.027289201577656966,0.047489606651742886,0.037389404114699924,0.01010020253704296,-0.01191728810724968,-0.19895010274620495,-7.027263840596734e-05,-0.4397664775297886
48,60,0.005,1,0.2,1.5,1,1,100,200,-0.3985911909291501,-0.09675886813286505,-0.6259426042216802,-0.6011516607617738,626,467,159,0.013378104679671677,0.030966847884020893,0.022172476281846286,0.008794371602174608,0.19868543068577438,-0.3138284205609607,-0.00011326899318856112,-0.43978775328179387
48,120,0.01,1,-999.0,0.75,1,1,100,200,-0.46707161926560625,-0.1183497659114745,-0.5859006366916754,-0.5732036611329714,380,290,90,0.036083573179831574,0.06353267242298262,0.0498081228014071,0.013724549621575525,-0.12767147359146191,-0.2612025945838369,-0.00014234506277486408,-0.43996026731396076
20,120,0.005,1,-0.2,0.75,1,1,100,200,-0.49141455003008605,-0.12656103536577368,-0.5454490924968276,-0.8149655891238551,614,475,139,0.01977401129943503,0.040081014817183666,0.02992751305830935,0.01015350175887432,-0.1157043131866633,-0.21814147872118417,-0.00020179614567092423,-0.44003386107038023
12,96,0.0,1,-0.2,0.75,1,1,100,200,-0.48677017761518926,-0.12497050239072904,-0.5542298224167237,-0.7808282318369418,646,493,153,0.02070674768148385,0.04271932629783605,0.03171303698965995,0.0110062893081761,-0.1776787044538677,-0.13785056989470357,-0.00017178587569326184,-0.441126825190938
30,60,0.0025,1,-0.2,2.5,1,1,100,200,-0.4382710715889765,-0.10901365825799114,-0.6207034077763705,-0.43640120581806036,919,705,214,0.03360515936467327,0.06883594499520307,0.05122055217993817,0.017615392815264898,0.12669474183144724,-0.21054252128246176,2.984044879890529e-06,-0.44118542243707937
30,96,0.005,1,-999.0,0.75,1,1,100,200,-0.46181499637219603,-0.11661614084673799,-0.5935894432848872,-0.5581955450986855,405,307,98,0.03613687240166293,0.06731691717300928,0.0517268947873361,0.015590022385673169,-0.17707131711340085,-0.19917795770537883,-0.00012507612959233226,-0.44132063974411584
48,200,0.0025,1,0.0,0.75,1,1,100,200,-0.48970117251933554,-0.1259729170610152,-0.5417835756135807,-0.8975059745682835,648,493,155,0.016202963436733823,0.03389830508474576,0.025050634260739793,0.00884767082400597,-0.1343573244674906,-0.18485942111263665,-0.00023067540691966025,-0.44174000359621973
48,200,0.0025,1,-0.2,1.5,1,1,100,200,-0.41310965179465464,-0.10116559245299594,-0.6413453892743164,-0.40002430112345805,1113,835,278,0.03597697473616885,0.07898944675407739,0.05748321074512312,0.02150623600895427,0.2486941813656005,-0.1799389218238746,4.9321800002002134e-05,-0.44183950214632706
20,200,0.005,1,-999.0,0.75,1,1,100,200,-0.4805707750966238,-0.12286526994446245,-0.5834382501248344,-0.5536012276571838,449,338,111,0.04162669225029315,0.0785630529794265,0.06009487261485982,0.018468180364566676,-0.17133985699404142,-0.21535461559120173,-0.00010786517119608672,-0.4422644563897388
48,120,0.01,1,0.2,1.5,1,1,100,200,-0.41354014677723616,-0.10129758384601195,-0.619700965299421,-0.6308227025703537,632,475,157,0.013777848843406887,0.031046796716767935,0.02241232278008741,0.008634473936680525,0.20334064522732054,-0.3314697269108906,-0.00013140397027075205,-0.44268920162424014
20,96,0.005,1,-0.2,2.5,1,1,100,200,-0.42810106027120276,-0.10580834124032268,-0.6336418593129162,-0.4118275016143148,967,743,224,0.035577230572433644,0.07203389830508475,0.053805564438759196,0.018228333866325552,0.20352133520795745,-0.22927509536813684,1.9394055724222265e-05,-0.4432206459774965
48,60,0.005,1,-999.0,0.75,1,1,100,200,-0.4682736691891479,-0.11874812016268621,-0.5908514867576424,-0.5863933927942784,386,293,93,0.03333866325551647,0.06212024304445155,0.04772945314998401,0.014390789894467541,-0.17996037952739408,-0.2135101402413977,-0.0001464168082068152,-0.44349353318122137
12,200,0.01,1,0.0,2.5,1,1,100,200,-0.385853386374014,-0.09296215363734239,-0.6590185883606834,-0.42452460098780526,913,694,219,0.025023984649824114,0.05236648544931244,0.038695235049568275,0.013671250399744164,0.4208090657609762,-0.31759633076020466,3.4148968264630223e-05,-0.44369767786707437
20,60,0.0025,1,0.0,2.5,1,1,100,200,-0.3755290367335884,-0.08993075535961792,-0.6664028847089858,-0.4130242247674534,867,660,207,0.023478307216714636,0.049968020466901186,0.03672316384180791,0.013244856625093273,0.38229637069969447,-0.30301276895145246,3.129283571854386e-05,-0.44378340895248347
20,200,0.0,1,-0.2,0.75,1,1,100,200,-0.4949705308297577,-0.12778670440096895,-0.5550971206353972,-0.7753606957776804,748,569,179,0.023798102547702805,0.048209146146466264,0.03600362434708453,0.01220552179938173,-0.12538199794971094,-0.16060753804834993,-0.00013080714034928743,-0.44410329950755156
20,96,0.0,1,0.0,1.5,1,1,100,200,-0.3820343199828564,-0.09183609628656686,-0.6585129304099497,-0.464886816499641,859,644,215,0.021639484063532673,0.048502291866538746,0.03507088796503571,0.013431403901503039,0.251210337932289,-0.24105525153159768,1.8120996482320876e-05,-0.4443369023165238
48,200,0.01,1,0.2,2.5,1,1,100,200,-0.4055052537010614,-0.098846724576798,-0.638224515870059,-0.5309714209819819,794,600,194,0.017535443982517857,0.03901503038055645,0.028275237181537148,0.010739793199019295,0.3511767242460362,-0.34552374726011403,-2.9298133924785808e-05,-0.4445075535609266
12,60,0.0025,1,-999.0,0.75,1,1,100,200,-0.46468922342653973,-0.11756236903431805,-0.5970239122985628,-0.5701313540864269,399,303,96,0.03309881675727534,0.0648118537469353,0.04895533525210532,0.015856518494829976,-0.2671870170086421,-0.10818197003978147,-0.00013399615328944168,-0.4445808928879208
30,96,0.005,1,-0.2,2.5,1,1,100,200,-0.4150845322126663,-0.1017717368957608,-0.6485188350779292,-0.3872686951076198,981,757,224,0.035737128237927726,0.07256689052339836,0.054152009380663044,0.018414881142735318,0.2598527315496477,-0.2416878041209899,3.053950626969727e-05,-0.4453945891901064
12,96,0.01,1,0.2,2.5,1,1,100,200,-0.4212208759064212,-0.10366565194684763,-0.625003306334821,-0.5867368039279105,687,527,160,0.01646945954589063,0.03432469885939665,0.02539707920264364,0.00892761965675301,0.21446948873266747,-0.32803955073810687,-9.933169702664476e-05,-0.4455041453106537
12,200,0.01,1,0.2,1.5,1,1,100,200,-0.4111628219952066,-0.10056965227202075,-0.6283758095136889,-0.615676466511735,674,506,168,0.014444089116298901,0.032672422982624454,0.023558256049461677,0.009114166933162776,0.24595654983284776,-0.3379570470297838,-0.00010313823846464225,-0.44554138035445195
48,96,0.0025,1,-0.2,1.5,1,1,100,200,-0.4440408066083198,-0.11085281554132764,-0.6227624519453996,-0.48485945772892297,921,707,214,0.031046796716767935,0.06627758234729773,0.04866218953203283,0.017615392815264898,0.04920354585325093,-0.16010346369710027,-5.891372667659046e-06,-0.4464770144004736
12,60,0.0,0,-0.2,0.75,1,1,100,200,-0.4900421039622832,-0.12608981606322955,-0.5971890578150856,-0.43903072963527995,1127,862,265,0.04162669225029315,0.08165440784564545,0.0616405500479693,0.020013857797676154,0.10035687189973519,-0.18569537245349266,1.6352865537058684e-05,-0.44663588145253635
20,120,0.005,1,-999.0,0.75,1,1,100,200,-0.4772334488868729,-0.12174026908304447,-0.5915534071386267,-0.5830761780524082,413,311,102,0.03730945528195288,0.06982198059908325,0.053565717940518065,0.016256262658565186,-0.15003296926581888,-0.24384652921094063,-0.00012953868569395448,-0.44667078155497825
20,120,0.0,1,-0.2,0.75,1,1,100,200,-0.49752078753398776,-0.128669979705755,-0.555195197797946,-0.8084313773142396,668,511,157,0.02113314145613474,0.043572113847137835,0.03235262765163629,0.011219486195501546,-0.1439893201777841,-0.1801591589121604,-0.0001746382447094229,-0.44668914747044
30,60,0.0025,1,0.2,1.5,1,1,100,200,-0.4222034986220693,-0.1039704178772567,-0.6207963409206751,-0.6499040799818541,632,469,163,0.013244856625093273,0.03125999360409338,0.022252425114593327,0.009007568489500054,0.11983577309214222,-0.2922303300076351,-0.00014307732277509105,-0.446863792336687
12,60,0.0,0,0.0,0.75,1,1,100,200,-0.4657003794388743,-0.11789621942427353,-0.6067274623226034,-0.5131497674818577,1005,773,232,0.02912802473083893,0.05748321074512312,0.04330561773798103,0.014177593007142096,0.0999122619393975,-0.19700216247870395,-3.7789365005489767e-06,-0.4469174389596681
20,120,0.0,1,-0.2,1.5,1,1,100,200,-0.42835093184061035,-0.10588654568268097,-0.638560818434134,-0.44551929316564964,973,735,238,0.03243257648438333,0.07043492165014391,0.05143374906726362,0.01900117258288029,0.15344886345054953,-0.19375272726708104,1.6206423678595263e-05,-0.44744291955803045
48,60,0.0,1,0.2,1.5,1,1,100,200,-0.4047785828483319,-0.09862637940429497,-0.6376458129544808,-0.5999921733914976,666,495,171,0.014257541839889138,0.03333866325551647,0.023798102547702805,0.009540560707813665,0.16220885416619124,-0.2854204236354655,-9.547037861354165e-05,-0.44744889455111025
12,200,0.0025,1,0.0,0.75,1,1,100,200,-0.4913326421588904,-0.12653288437693788,-0.5503116296346612,-0.9153353699898693,624,472,152,0.015323526276516362,0.032752371815371495,0.02403794904594393,0.008714422769427566,-0.12346239808314197,-0.2071389517083746,-0.00025220885127048056,-0.44745546769376193
48,60,0.0,1,-0.2,2.5,1,1,100,200,-0.4370589111967319,-0.1086291928934684,-0.635997390853457,-0.4252947407154831,992,758,234,0.03539068329602388,0.07355292612727854,0.05447180471165121,0.01908112141562733,0.12332444163430623,-0.17695861430088689,1.8030148810372277e-05,-0.447892625355971
30,96,0.0025,1,-0.2,0.75,1,1,100,200,-0.49861489853167873,-0.12905002191962323,-0.5552014374236931,-0.8318776331497608,607,471,136,0.019507515190278223,0.0397612194861955,0.02963436733823686,0.01012685214795864,-0.18114015561713825,-0.1705252147229389,-0.00021513178166363882,-0.44824462228895784
12,120,0.0,1,-0.2,0.75,1,1,100,200,-0.49723168272947293,-0.12856966898918665,-0.5599066325851954,-0.7958194195089429,678,518,160,0.021399637565291545,0.04431830295277689,0.03285897025903422,0.011459332693742672,-0.1839900579200623,-0.1351613302532797,-0.00016733920365466718,-0.44831395625723147
48,60,0.0025,1,0.0,1.5,1,1,100,200,-0.3917624910356763,-0.09471554966681306,-0.6580537206626924,-0.5005174933664625,772,586,186,0.019507515190278223,0.04381196034537896,0.03165973776782859,0.012152222577550368,0.17774015139552501,-0.24019296383018784,-1.8536298400688917e-05,-0.4487682846664824
30,200,0.0025,1,0.0,0.75,1,1,100,200,-0.49605290821869186,-0.1281611464525988,-0.5491426940021316,-0.9292423258203981,638,486,152,0.015883168105745655,0.03320541520093807,0.024544291653341863,0.008661123547596204,-0.11605651952865292,-0.21560461012919208,-0.00025064663061876065,-0.4491946097446845
48,120,0.005,1,-0.2,1.5,1,1,100,200,-0.43384585752782123,-0.10761329115422669,-0.6385524794800767,-0.46413518089193756,927,702,225,0.030940198273105214,0.06707707067476815,0.049008634473936684,0.018068436200831466,0.22132256299509745,-0.26302943555829994,2.872074486457094e-06,-0.4500962899388619
30,120,0.0025,1,-0.2,1.5,1,1,100,200,-0.4474529711231483,-0.11194767074086098,-0.6287325016621894,-0.48847247208373873,927,705,222,0.030886899051273852,0.06697047223110543,0.048928685641189636,0.018041786589915787,0.056550352085261935,-0.16857154862429546,-6.7530527750964365e-06,-0.4507375451761426
48,96,0.005,1,-0.2,2.5,1,1,100,200,-0.4367895405446214,-0.1085438455522254,-0.6429983891316495,-0.421471188188434,1011,783,228,0.03650996695448246,0.07408591834559215,0.05529794265003731,0.018787975695554845,0.21995396776774778,-0.23454787938304889,2.19506874033051e-05,-0.45111659952747185
12,96,0.0,1,0.0,1.5,1,1,100,200,-0.39306275254510903,-0.09510320123432803,-0.6645754951865868,-0.4799339333214446,876,658,218,0.022199125892761965,0.04970152435774438,0.035950325125253174,0.013751199232491206,0.2788425375991459,-0.26447867063579034,1.3402292302827501e-05,-0.45138764549369365
48,120,0.01,1,0.0,2.5,1,1,100,200,-0.4088205540356099,-0.09985475037295011,-0.6556645070597185,-0.4761909019012412,866,661,205,0.02371815371495576,0.04978147319049142,0.03674981345272359,0.013031659737767829,0.3358196331342347,-0.31755439269392804,1.4091092097492413e-06,-0.4514965489978714
30,96,0.005,1,0.2,1.5,1,1,100,200,-0.4128409643805254,-0.10108325111900718,-0.6388809529230564,-0.619817037621997,668,494,174,0.014097644174395053,0.03291226948086558,0.023504956827630315,0.009407312653235262,0.26012812004795194,-0.3492237753947497,-0.00010717791568942258,-0.4515145794616352
48,120,0.0025,1,0.0,0.75,1,1,100,200,-0.49742647483482205,-0.12863725094890233,-0.5503715582108089,-0.9566288346039501,571,432,139,0.013724549621575525,0.03003411150197207,0.021879330561773797,0.008154780940198274,-0.13358997213798784,-0.22821164880183198,-0.0003112358823912308,-0.45165447178450424
12,96,0.005,1,0.0,1.5,1,1,100,200,-0.3844154275816879,-0.09253751368572294,-0.6706215987222393,-0.4804217408190757,812,612,200,0.020733397292399532,0.04562413388764524,0.033178765590022384,0.012445368297622855,0.3134315693426293,-0.29652619288772175,1.6831162991921613e-06,-0.45186940008779636
12,120,0.005,1,0.0,1.5,1,1,100,200,-0.3875450616219033,-0.09346273727707466,-0.6691102260705304,-0.4775897738776017,843,633,210,0.021293039121628825,0.04724976015350176,0.03427139963756529,0.012978360515936467,0.31582417570895904,-0.29045951167940454,8.72584197698261e-06,-0.4518973390062199
20,200,0.0025,1,0.0,0.75,1,1,100,200,-0.49478247216744387,-0.12772171208493466,-0.5559084428128882,-0.9288316169247219,626,475,151,0.015430124720179085,0.03264577337170877,0.02403794904594393,0.008607824325764844,-0.1160027083140317,-0.2183800375789824,-0.0002580523830033515,-0.4521175143376149
20,60,0.0025,1,-0.2,2.5,1,1,100,200,-0.4413935220503482,-0.11000708258912639,-0.6423478921857447,-0.43866857470783754,931,712,219,0.034058202750239845,0.06923568915893828,0.05164694595458906,0.017588743204349215,0.1680594670395219,-0.23817424059757808,3.572132188417911e-06,-0.45311445741739065
12,120,0.0025,1,-0.2,1.5,1,1,100,200,-0.45131750318434194,-0.11319422668059376,-0.6312261429229002,-0.4904396002149137,940,715,225,0.0314998401023345,0.06800980705681697,0.04975482357957574,0.01825498347724123,0.06783312812191444,-0.17778164200095803,-6.217815652741771e-06,-0.45332927815278956
48,96,0.005,1,0.0,1.5,1,1,100,200,-0.4064831567706494,-0.09914359005868545,-0.6581413062368264,-0.524580084545076,823,621,202,0.020866645346977936,0.04607717727321181,0.03347191131009487,0.012605265963116938,0.22446091316438066,-0.2684483500822772,-1.6349358624060795e-05,-0.4544432474043525
12,200,0.0,1,-0.2,0.75,1,1,100,200,-0.506080369378895,-0.13166102898407983,-0.5676522445718136,-0.796646030845272,750,569,181,0.02371815371495576,0.048502291866538746,0.03611022279074726,0.012392069075791493,-0.1595116266787271,-0.14488261368971456,-0.00014112116924602127,-0.4553194528122502
12,120,0.01,1,0.2,2.5,1,1,100,200,-0.4308643838504044,-0.10667472695097535,-0.6376257464738395,-0.5990629688933989,711,544,167,0.016709306044131754,0.03541733290693956,0.026063319475535657,0.009354013431403902,0.23507061228070492,-0.34241140041489704,-9.863200148154506e-05,-0.45544074863256506
20,96,0.005,1,-999.0,0.75,1,1,100,200,-0.48827392803241776,-0.1254842187843811,-0.5993875856984006,-0.6160464167068116,404,305,99,0.03496428952137299,0.0664641296237075,0.05071420957254024,0.01574992005116725,-0.20200458609775973,-0.21515016102281925,-0.00014744426038481199,-0.45598033246892195
12,120,0.0,1,0.0,1.5,1,1,100,200,-0.4042235413007105,-0.09845822151764172,-0.6669005009996436,-0.49272825931298675,911,683,228,0.022838716554738302,0.051407099456347936,0.03712290800554312,0.014284191450804819,0.2698541271144739,-0.2600538546087572,1.3548225821837439e-05,-0.45654488498311285
12,96,0.005,1,-999.0,0.75,1,1,100,200,-0.49093390651747393,-0.12639589433616827,-0.5988611790259719,-0.6171558392256412,410,312,98,0.035630529794265,0.06766336211491313,0.05164694595458906,0.016016416160324058,-0.20547745272542994,-0.2134604250055614,-0.00014527374857942015,-0.4566842758104363
48,60,0.005,1,0.0,2.5,1,1,100,200,-0.3917025833245973,-0.09469770514815024,-0.6798635387128225,-0.4467654059442724,856,655,201,0.023371708773051912,0.04948832747041893,0.03643001812173542,0.01305830934868351,0.32088547828562475,-0.2933972395241665,1.3747181887184985e-05,-0.4569677448017751
30,200,0.0,1,-0.2,1.5,1,1,100,200,-0.42199050211591405,-0.10390432064756872,-0.664963401900933,-0.41501947110651,1120,830,290,0.03621682123440998,0.0800820808016203,0.058149451018015136,0.02193262978360516,0.3254482201245428,-0.23644919401620568,4.472303419958659e-05,-0.4571369951533607
30,200,0.005,1,-0.2,2.5,1,1,100,200,-0.4265317380850512,-0.1053178009248068,-0.666509504822169,-0.3841533714672257,1154,877,277,0.0404541093700032,0.08437266815904487,0.062413388764524035,0.02195927939452084,0.4155972716416614,-0.2785267153865185,5.021226508950067e-05,-0.4577802219092526
30,60,0.005,1,0.2,2.5,1,1,100,200,-0.44500324347840126,-0.1111610855212185,-0.6303313744719925,-0.6366566041323436,707,533,174,0.0160963649930711,0.03533738407419252,0.02571687453363181,0.009620509540560708,0.19509081444708953,-0.3386200429625763,-0.00012027578892726288,-0.45815960296383196
30,60,0.01,1,-0.2,999.0,1,1,100,200,-0.5184734058622333,-0.13606597428964362,-0.590928047771484,-0.53716504739667,845,671,174,0.035790427459759085,0.06542479479799596,0.05060761112887752,0.01481718366911843,-0.017094317528572822,-0.2524439887597927,-6.815316142831456e-05,-0.45838825054521914
30,96,0.0,1,0.0,1.5,1,1,100,200,-0.3997895793170574,-0.09711936811064481,-0.6735029826287895,-0.49750434545905775,856,647,209,0.021692783285364035,0.048342394201044664,0.03501758874320435,0.013324805457840316,0.23258295693061304,-0.2528429544606169,1.4971158606787664e-06,-0.45874607669799244
48,96,0.0025,1,-999.0,0.75,1,1,100,200,-0.4809627883740353,-0.1229977953618806,-0.6141311215781261,-0.5795789571724895,422,319,103,0.038641935827736916,0.07190065025050635,0.05527129303912163,0.016629357211384713,-0.18169481104859309,-0.21667454010636045,-0.00012570769305928744,-0.45904230400956814
20,96,0.005,1,0.2,1.5,1,1,100,200,-0.43228200465328015,-0.10712050055554112,-0.6377122734307956,-0.6685191216557278,668,496,172,0.014177593007142096,0.03277902142628718,0.023478307216714636,0.00930071420957254,0.21089547278169873,-0.3451879878048596,-0.00013549420698840352,-0.4594025933537253
12,120,0.005,1,-0.2,2.5,1,1,100,200,-0.44571125141596657,-0.11138813462096342,-0.654306965208491,-0.43072750011902466,1023,787,236,0.0371495576164588,0.07557829655687028,0.05636392708666454,0.019214369470205734,0.25462218280905646,-0.26308010346098265,1.8800516857089117e-05,-0.46007799223116014
12,96,0.0025,1,-0.2,1.5,1,1,100,200,-0.4583568980161592,-0.11548303783737579,-0.6384328597075782,-0.5118302675161883,903,689,214,0.030727001385779766,0.06563799168532139,0.04818249653555058,0.017455495149770812,0.037370484713611596,-0.1798140503310538,-2.02385036561966e-05,-0.4602909810669743
20,96,0.0,1,-0.2,2.5,1,1,100,200,-0.46055187563495703,-0.11620158520985369,-0.6426238835562874,-0.45598308670081006,1045,791,254,0.03712290800554312,0.07779021426287176,0.05745656113420744,0.020333653128664322,0.13580796240274995,-0.19902235742962482,1.2775182368278755e-05,-0.4603126813230379
12,60,0.0,1,0.2,2.5,1,1,100,200,-0.43134054656256526,-0.10682435808205515,-0.649517259316772,-0.5799247345031502,795,590,205,0.01766869203709626,0.04010766442809935,0.028888178232597803,0.011219486195501546,0.2783011550029175,-0.3379446324357862,-5.7045952656176805e-05,-0.4605792244655986
30,60,0.01,1,0.0,999.0,1,1,100,200,-0.46818229845059356,-0.11871781500580614,-0.6299002664444259,-0.5448722796796893,794,624,170,0.02441104359876346,0.047489606651742886,0.035950325125253174,0.011539281526489713,0.14792318225994805,-0.310859157321574,-7.092834682152966e-05,-0.4609115622120035
48,200,0.005,1,0.0,1.5,1,1,100,200,-0.3921667737247082,-0.09483600882974019,-0.6855805256439602,-0.46599258560720436,968,717,251,0.023531606438545998,0.05375226521692783,0.038641935827736916,0.015110329389190918,0.4253924000358311,-0.30800796769687966,3.7510642546397076e-05,-0.4609259009320805
48,60,0.0025,1,-0.2,2.5,1,1,100,200,-0.4711654179025784,-0.11970939250158474,-0.6334823969521176,-0.4905062611975187,952,738,214,0.03475109263404754,0.07062146892655367,0.05268628078030061,0.017935188146253066,0.040746242743075145,-0.18200458909403183,-1.3094273330107681e-05,-0.4609759040375195
20,200,0.0,1,-0.2,1.5,1,1,100,200,-0.4308386764563997,-0.10666665141379728,-0.6660790227583242,-0.4309962103452853,1094,812,282,0.035657179405180685,0.0788295490885833,0.057243364246882,0.02158618484170131,0.3058612758568138,-0.24671932092195292,3.570812207060523e-05,-0.46125597331022367
30,60,0.01,0,0.0,0.75,1,1,100,200,-0.5023755613678373,-0.1303613767578743,-0.602952586038819,-0.6016053685115317,843,677,166,0.02782219379597058,0.048928685641189636,0.03837543971858011,0.01055324592260953,0.008657269270583745,-0.2479287601086313,-8.974286231718841e-05,-0.46191793820286037
20,200,0.005,1,-0.2,2.5,1,1,100,200,-0.42731420268365383,-0.10556225010190368,-0.6747832414850501,-0.3862292624457424,1129,859,270,0.040081014817183666,0.08314678605692356,0.06161390043705362,0.02153288561986995,0.43514481500297664,-0.29815496546204967,4.639493582141914e-05,-0.4622653339667158
12,96,0.0,1,0.2,1.5,1,1,100,200,-0.42205230116292736,-0.1039234961659512,-0.6553811230421782,-0.6236159864258778,727,534,193,0.015430124720179085,0.03611022279074726,0.02577017375546317,0.010340049035284085,0.2644794103928352,-0.3425203721916166,-8.546775259445801e-05,-0.4627948570083342
30,96,0.0,1,0.2,1.5,1,1,100,200,-0.42446095187387733,-0.1046721530165936,-0.653537914672083,-0.6308338295528281,710,524,186,0.015057030167359556,0.035364033685108195,0.025210531926233876,0.01015350175887432,0.2112626909276103,-0.3222811716178864,-9.70465447516495e-05,-0.4629828018302765
48,200,0.0025,1,-999.0,0.75,1,1,100,200,-0.5081356849632006,-0.1323854029594167,-0.6034252532887587,-0.582208064352894,481,361,120,0.04533098816757276,0.08615819209039548,0.06574459012898412,0.020413601961411364,-0.27512008025889634,-0.13691575348200458,-0.00010793082701385875,-0.46320843282144075
30,60,0.0,1,0.2,2.5,1,1,100,200,-0.44850066737340355,-0.11228492825824898,-0.6410694130026011,-0.6287981883891175,764,568,196,0.017055750986035605,0.03853533738407419,0.027795544185054897,0.010739793199019295,0.1881518518626153,-0.31983383662298925,-9.292426553931996e-05,-0.4642595441790054
30,200,0.0025,1,-0.2,1.5,1,1,100,200,-0.4484499472339911,-0.11226858944821028,-0.6579746704990834,-0.4675192215464245,1072,802,270,0.03507088796503571,0.07675087943716022,0.055910883701097966,0.020839995736062253,0.20940168834737305,-0.2204312580143687,2.1244173537659715e-05,-0.4646318857750732
48,60,0.01,1,-0.2,999.0,1,1,100,200,-0.5296316428624985,-0.14011029758191806,-0.5936756638876612,-0.5547892615470476,881,703,178,0.03685641189638631,0.06745016522758768,0.052153288561987,0.015296876665600681,-0.054391702245369045,-0.22717460351755658,-6.774481483805581e-05,-0.46468759260310105
12,200,0.0025,1,-999.0,0.75,1,1,100,200,-0.49414996277656653,-0.1275032612816449,-0.6171216123276299,-0.5771798225438705,467,349,118,0.04181323952670291,0.08152115979106705,0.06166719965888498,0.01985396013218207,-0.20402794717249995,-0.19729292911846108,-0.00010935881162504113,-0.46492305857265337
48,96,0.0025,1,-0.2,0.75,1,1,100,200,-0.5164934168682306,-0.13535617196524652,-0.5712599133612571,-0.8794708350944024,624,488,136,0.02030700351774864,0.04050740859183456,0.0304072060547916,0.01010020253704296,-0.1864392569091814,-0.18801843015283948,-0.00022939966179854216,-0.4649596704005952
12,60,0.0025,1,0.2,1.5,1,1,100,200,-0.4415455187969437,-0.11005555442806847,-0.6416427292135646,-0.6835500355650322,657,488,169,0.013751199232491206,0.03235262765163629,0.023051913442063747,0.00930071420957254,0.12237117177566126,-0.308881222853178,-0.00015448083667490422,-0.4650544208131024
48,96,0.005,1,0.2,1.5,1,1,100,200,-0.44264744921303123,-0.11040727650712945,-0.6413338700903939,-0.6887734690623362,685,509,176,0.014524037949045944,0.03360515936467327,0.02406459865685961,0.009540560707813665,0.1895342715605206,-0.340011918232611,-0.00013950616437512908,-0.4655128850054432
30,120,0.0025,1,-999.0,0.75,1,1,100,200,-0.4945605631927098,-0.12764504612119365,-0.61474901276264,-0.6144224284332197,425,317,108,0.03781579788935081,0.07230039441424155,0.05505809615179618,0.017242298262445367,-0.2105310602186291,-0.20814669539663921,-0.0001348862297447141,-0.4657406739241747
30,200,0.0025,1,-999.0,0.75,1,1,100,200,-0.5098249504360786,-0.1329825814183273,-0.606233261678445,-0.5961505932450413,468,349,119,0.044291653341861206,0.08453256582453895,0.06441210958320008,0.020120456241338878,-0.22302789451001148,-0.20274711836451975,-0.00011409085172609727,-0.4659067419198019
20,120,0.0025,1,-0.2,1.5,1,1,100,200,-0.46846554167765575,-0.11881177254133835,-0.642200502022437,-0.5259725794342907,930,708,222,0.031046796716767935,0.06734356678392496,0.04919518175034644,0.01814838503357851,0.058350746418332156,-0.20035128913601674,-2.123718517055218e-05,-0.46621065252427135
20,60,0.0025,1,0.2,1.5,1,1,100,200,-0.4419976630344328,-0.11019980586304812,-0.6448153177387779,-0.6933870263413725,638,475,163,0.013324805457840316,0.031446540880503145,0.02238567316917173,0.009060867711331414,0.12442255520057532,-0.31721958478485657,-0.0001688013697773155,-0.46727681604950566
48,200,0.01,1,-0.2,999.0,1,1,100,200,-0.5106841681416703,-0.1332869584396793,-0.619826427885596,-0.4823347987318461,1100,854,246,0.04194648758128131,0.08197420317663362,0.06196034537895747,0.020013857797676154,0.140238373368351,-0.25609870370199816,-2.663574690823166e-06,-0.46731691231906963
30,60,0.0025,1,-999.0,0.75,1,1,100,200,-0.5124346910679186,-0.13390840456006536,-0.5986388118708215,-0.6856178975114159,389,294,95,0.03141989126958746,0.06180044771346338,0.046610169491525424,0.015190278221937959,-0.2782200939654419,-0.17942286523994455,-0.00018429094274377843,-0.4675087053710469
12,200,0.0,1,-0.2,1.5,1,1,100,200,-0.45660312983522633,-0.11491059669545511,-0.6577691987740932,-0.47433147940583115,1090,810,280,0.0354972817396866,0.07877624986675194,0.057136765803219275,0.021639484063532673,0.23280685377103305,-0.23972313107264065,1.9606414858984115e-05,-0.4675117700527933
48,96,0.0,1,0.2,1.5,1,1,100,200,-0.4450882467219175,-0.11118833273331574,-0.6456999798563843,-0.6769319443073163,732,544,188,0.01564332160750453,0.036163522012578615,0.025903421810041575,0.010260100202537042,0.16555518281733472,-0.3134334900125244,-0.00011351480393827747,-0.4678849198768737
12,96,0.005,1,0.2,1.5,1,1,100,200,-0.43681283232258217,-0.1085512240246117,-0.651107749834352,-0.6773911853241444,673,499,174,0.014337490672636179,0.03309881675727534,0.02371815371495576,0.009380663042319583,0.23353600574263522,-0.360739955808142,-0.00013839677500382988,-0.46797465820799494
20,96,0.0025,1,0.0,1.5,1,1,100,200,-0.42557906388906297,-0.10502053658112809,-0.6708784219658558,-0.5587555134592957,826,621,205,0.02060014923782113,0.04645027182603134,0.03352521053192623,0.012925061294105106,0.18349032341671112,-0.2663751631683142,-3.351395872736905e-05,-0.4683975232370208
48,200,0.0025,1,-0.2,0.75,1,1,100,200,-0.5289311290931522,-0.1398541500564655,-0.5708481810951687,-0.8650008324271906,739,572,167,0.02406459865685961,0.04751625626265857,0.035790427459759085,0.011725828802899478,-0.18847704911523067,-0.15996855787485065,-0.00017437087161590467,-0.4685282822254094
30,200,0.0025,1,-0.2,0.75,1,1,100,200,-0.5272931134643791,-0.13925638575719457,-0.571484927776601,-0.8716150776524761,723,559,164,0.02361155527129304,0.046690118324272466,0.035150836797782754,0.011539281526489713,-0.16048089080682115,-0.19165257181909612,-0.00018089806556307003,-0.4685796035281189
20,96,0.0,1,0.2,1.5,1,1,100,200,-0.44234778826524923,-0.11031157354718779,-0.6502232794152365,-0.6749849342749862,716,528,188,0.01516362861102228,0.03547063212877092,0.0253171303698966,0.01015350175887432,0.1789660794455854,-0.3233276577322638,-0.00011858434381428672,-0.46917245996855533
30,96,0.0,1,-0.2,2.5,1,1,100,200,-0.45783365777851315,-0.11531209389441843,-0.6632342956130688,-0.44888292772469207,1056,805,251,0.037336104892868566,0.07784351348470313,0.05758980918878585,0.02025370429591728,0.16299958432721118,-0.20947096434918622,1.6675957176301458e-05,-0.4693733880871874
12,96,0.005,1,-0.2,2.5,1,1,100,200,-0.458705670118006,-0.11559705596703695,-0.6619778310363276,-0.46022307518838806,986,761,225,0.0363234196780727,0.07304658351988061,0.05468500159897666,0.018361581920903956,0.2015814409136294,-0.26236589184497716,3.0727777560792563e-06,-0.46959712524462016
30,120,0.01,1,0.2,2.5,1,1,100,200,-0.46101712862928235,-0.1163541906143738,-0.6397389351952563,-0.6683116948286093,708,541,167,0.01654940837863767,0.03520413601961411,0.025876772199125892,0.00932736382048822,0.17373790828853775,-0.3456915530654777,-0.00014187262606197968,-0.4696392429534324
30,96,0.0025,1,0.0,1.5,1,1,100,200,-0.42630852636291405,-0.105248116427895,-0.6739118356709866,-0.5576209451778308,825,624,201,0.02070674768148385,0.0465035710478627,0.03360515936467327,0.012898411683189425,0.17555413398907804,-0.2627291935454025,-3.4153090155918257e-05,-0.4700850815222798
48,96,0.0,1,0.0,1.5,1,1,100,200,-0.4387111088574721,-0.10915339067644858,-0.6647341218425169,-0.5755349791364797,879,666,213,0.022359023558256048,0.04938172902675621,0.03587037629250613,0.01351135273425008,0.14778452100366857,-0.24099219448848508,-2.846177880919805e-05,-0.470297200554531
30,120,0.005,1,-0.2,2.5,1,1,100,200,-0.45967650975358565,-0.11591474578693195,-0.6636041517080202,-0.4584417498884748,1016,780,236,0.03635006928898838,0.07488540667306258,0.05561773798102548,0.019267668692037096,0.2321837729391769,-0.271121509641969,8.154839263467813e-06,-0.4706389091353658
12,60,0.01,0,-0.2,0.75,1,1,100,200,-0.5275177592125317,-0.13933826805039262,-0.6079682937722235,-0.5485133767948386,931,750,181,0.03858863660590555,0.06689052339835838,0.05273958000213197,0.014150943396226415,-0.05814668505335996,-0.2008710615349023,-5.61488756597964e-05,-0.47074808377624633
20,120,0.01,1,0.2,2.5,1,1,100,200,-0.4627408521290566,-0.11692050083684036,-0.640714335740532,-0.6719182593250607,707,542,165,0.01654940837863767,0.03520413601961411,0.025876772199125892,0.00932736382048822,0.18132884624643175,-0.3522990963742111,-0.00014462897224749695,-0.4708735816733594
20,96,0.005,1,0.0,2.5,1,1,100,200,-0.4133131649044197,-0.1012279806888483,-0.6924237560306905,-0.47852271762427045,907,689,218,0.024464342820594818,0.05217993817290267,0.03832214049674875,0.013857797676153928,0.36499103022578305,-0.3234835712552313,8.768545228358028e-06,-0.47136599458540707
48,60,0.0025,1,0.2,1.5,1,1,100,200,-0.452201015802723,-0.11348020122599778,-0.6441661590637713,-0.717911815360765,644,480,164,0.01351135273425008,0.031952883487901075,0.02273211811107558,0.009220765376825498,0.08088451839634558,-0.3006095115969737,-0.0001789885283459705,-0.4714588715259217
30,120,0.005,1,0.0,1.5,1,1,100,200,-0.4306262997116529,-0.10659994805831852,-0.6727597492263171,-0.5701928505946072,831,623,208,0.020866645346977936,0.046610169491525424,0.03373840741925168,0.012871762072273744,0.23188049761829443,-0.29963681708600753,-3.713503253758961e-05,-0.47148946520120744
12,60,0.005,1,0.2,2.5,1,1,100,200,-0.4555643847610703,-0.11457224015397538,-0.6493413899983701,-0.6499815629879383,725,549,176,0.016629357211384713,0.03624347084532566,0.026436414028355185,0.009807056816970472,0.22720721352631545,-0.36247128746270874,-0.00012336937754651395,-0.47174201330255733
48,120,0.0,1,-0.2,0.75,1,1,100,200,-0.5279720990424629,-0.13950396795324838,-0.5757934689522712,-0.8900183262164957,674,517,157,0.021319688732544504,0.043705361901716235,0.03251252531713037,0.011192836584585865,-0.16436133593419322,-0.208696683762559,-0.00021038691147728404,-0.47190161874020875
48,60,0.0,1,0.0,2.5,1,1,100,200,-0.4238791464100158,-0.10449108700251819,-0.6854925933143408,-0.4948858763900625,914,696,218,0.0244909924315105,0.053059375333120135,0.038775183882315316,0.014284191450804819,0.24728066364999224,-0.27042218619910174,1.7515482310685288e-06,-0.4719816774791917
30,96,0.005,1,0.0,2.5,1,1,100,200,-0.409828950870736,-0.10016225281283031,-0.697171211653213,-0.4695012332019344,911,693,218,0.024544291653341863,0.052419784671143804,0.03848203816224283,0.01393774650890097,0.3789303717047132,-0.32499627054744074,1.3124289887191906e-05,-0.47222292029953356
48,120,0.0,1,-0.2,1.5,1,1,100,200,-0.47526173473591393,-0.12107830812440012,-0.6497136356506772,-0.5287214470731909,998,754,244,0.03315211597910671,0.0719539494723377,0.052553032725722204,0.0194009167466155,0.12167803310388581,-0.22937753866423427,-1.090080420773724e-05,-0.47237119830339824
48,200,0.0,1,-0.2,2.5,1,1,100,200,-0.45061861434529393,-0.11296827179167768,-0.6783021953790667,-0.40549402507458093,1308,984,324,0.043998507621788724,0.09425967380876239,0.06912909071527555,0.025130583093486834,0.41456164269014395,-0.25294653432435565,5.674592264057369e-05,-0.47239407073494005
30,120,0.0025,1,-0.2,0.75,1,1,100,200,-0.5272369853643926,-0.13923593219505137,-0.5763170596516827,-0.9075402097172472,628,485,143,0.020013857797676154,0.04096045197740113,0.030487154887538642,0.010473297089862488,-0.20809825894175105,-0.18271266998461844,-0.00024003482651775184,-0.47277147250675505
20,120,0.005,1,0.0,1.5,1,1,100,200,-0.4255989588439276,-0.10502674040042448,-0.680200776588618,-0.5581651436572398,833,626,207,0.020946594179724977,0.046743417546103824,0.033845005862914404,0.012898411683189425,0.2637864672652199,-0.310601386629872,-3.124823619976664e-05,-0.47303538587759547
20,200,0.01,1,0.2,2.5,1,1,100,200,-0.4524390755903024,-0.11355731928812374,-0.6553047123045925,-0.6369209489187087,767,581,186,0.017135699818782647,0.03786909711118218,0.02750239846498241,0.010366698646199766,0.28093209974056377,-0.37266441289814467,-9.845811931147242e-05,-0.47305572288635545
48,120,0.005,1,-0.2,0.75,1,1,100,200,-0.5304671208838714,-0.1404161949660936,-0.5738125593173516,-0.9191827049569359,624,481,143,0.019694062466687985,0.040427459759087514,0.030060761112887753,0.010366698646199766,-0.13648020492340207,-0.2571049302111693,-0.00024923452819904655,-0.4732816098726162
12,120,0.0025,1,-0.2,0.75,1,1,100,200,-0.5272334581926066,-0.13923464692819654,-0.5789668640501178,-0.8940660161057545,643,496,147,0.02036030273958,0.04199978680311268,0.031180044771346338,0.010819742031766336,-0.20921181430593683,-0.17539273809180633,-0.00022827419645577446,-0.47342137975854315
48,120,0.005,1,-999.0,0.75,1,1,100,200,-0.5183740909365406,-0.1360303155196395,-0.609514448691522,-0.6540662624372312,419,312,107,0.037842447500266496,0.07200724869416907,0.05492484809721778,0.017082400596951285,-0.16522193309231137,-0.2885469268824733,-0.00015337081018005995,-0.4734908529872621
48,96,0.0,1,-0.2,2.5,1,1,100,200,-0.479045431074694,-0.1223503666907898,-0.6540757629753147,-0.4840766366002028,1087,834,253,0.03837543971858011,0.07936254130689692,0.058868990512738514,0.020493550794158405,0.13139206060721298,-0.20697878674383285,8.426040308327047e-06,-0.47359208000845726
20,60,0.005,1,0.2,2.5,1,1,100,200,-0.4571565593323117,-0.11509107983376421,-0.6516818788202445,-0.6612355215159736,710,537,173,0.016176313825818144,0.03541733290693956,0.02579682336637885,0.009620509540560708,0.2118675535713126,-0.3611005206986435,-0.0001351434377807732,-0.47399379531968516
12,96,0.0025,1,-0.2,0.75,1,1,100,200,-0.5258827565893744,-0.13874302737015454,-0.5810352361626943,-0.9035490579380794,614,475,139,0.01985396013218207,0.04053405820275024,0.030194009167466156,0.010340049035284085,-0.2158657219682908,-0.1780279303363923,-0.00024527195099824985,-0.47443809834840567
48,200,0.0025,1,-0.2,2.5,1,1,100,200,-0.46885911771530475,-0.11894239622080183,-0.6676311329983644,-0.4417840966386412,1249,949,300,0.0429325231851615,0.09020893294957893,0.06657072806737022,0.02363820488220872,0.2929413059788546,-0.2327875332852053,3.986132480915883e-05,-0.4748471675519161
12,60,0.01,1,-0.2,999.0,1,1,100,200,-0.5279331319449477,-0.13948975146670495,-0.61616995363948,-0.54767357795306,876,697,179,0.0371495576164588,0.06726361795117791,0.052206587783818356,0.015057030167359556,-0.026342111852953987,-0.24860952034614814,-6.695754656964756e-05,-0.474958407184098
20,60,0.01,1,-0.2,999.0,1,1,100,200,-0.5216689595888044,-0.13721648190527502,-0.6221482061149398,-0.5401046146573378,853,675,178,0.03624347084532566,0.06566464129623707,0.050954056070781364,0.014710585225455708,0.004949256875911967,-0.27078205115294285,-6.853484611912112e-05,-0.4752958156956118
12,120,0.0,1,0.2,1.5,1,1,100,200,-0.44234704070514297,-0.11031133484975275,-0.6643573532864022,-0.6602542855508947,757,555,202,0.015803219272998614,0.037389404114699924,0.02659631169384927,0.010793092420850655,0.2627308168471463,-0.35512609728151,-9.616402651512149e-05,-0.47550272577049857
12,200,0.005,1,-0.2,2.5,1,1,100,200,-0.4559373828207429,-0.11469367953993281,-0.6783359329627399,-0.4344902861044204,1122,854,268,0.03973456987527982,0.08258714422769428,0.06116085705148705,0.021426287176207228,0.36479584701845935,-0.30131514644839363,2.8895821742751997e-05,-0.4755861603265238
12,60,0.005,0,0.0,0.75,1,1,100,200,-0.5082986852992147,-0.13244295423537966,-0.6240444177524775,-0.6228131353089028,929,723,206,0.027395800021319687,0.052499733503890846,0.039947766762605266,0.012551966741285578,0.06502893391581277,-0.26528281332269044,-6.913394211560481e-05,-0.4756058198770636
20,60,0.0025,1,-999.0,0.75,1,1,100,200,-0.5034457709140157,-0.13073601073013263,-0.6240315939134763,-0.6616756319163983,389,294,95,0.031526489713250186,0.06254663681910244,0.047036563266176314,0.015510073552926128,-0.24872584873575265,-0.19710336107715098,-0.00017395504561189533,-0.4758355892826907
20,60,0.0,1,0.2,2.5,1,1,100,200,-0.4522186484998575,-0.1134859123147749,-0.6618758857677085,-0.6336334590639237,772,575,197,0.01729559748427673,0.03882848310414668,0.028062040294211704,0.010766442809934974,0.23325320861203602,-0.34651656604836656,-9.367239039691657e-05,-0.47610552815182533
20,200,0.0025,1,-0.2,1.5,1,1,100,200,-0.468224278269195,-0.11873173803797199,-0.6648282373297238,-0.5052570438042597,1045,784,261,0.03451124613580642,0.07528515083679778,0.0548981984863021,0.020386952350495684,0.17864486642028954,-0.23911126893456536,3.750180805512926e-06,-0.4764087088930469
30,200,0.01,1,0.2,2.5,1,1,100,200,-0.4617651729123967,-0.11659977407495392,-0.6546555872420239,-0.6564861631162552,779,590,189,0.01732224709519241,0.038268841274917385,0.027795544185054897,0.010473297089862488,0.2674975586998387,-0.3730618925428001,-0.00010503985839822913,-0.47675187585177864
12,120,0.0025,1,-999.0,0.75,1,1,100,200,-0.5111026983716548,-0.1334353772221305,-0.6233743705809065,-0.6420957520991034,430,323,107,0.03752265216927833,0.07328643001812174,0.055404541093700035,0.017881888924421704,-0.26012950810099345,-0.18067048818315778,-0.00014359209851076894,-0.4772273501175389
12,200,0.0025,1,-0.2,0.75,1,1,100,200,-0.5330666068666889,-0.1413707495789165,-0.584161708992659,-0.8855562442344096,709,545,164,0.022758767721991258,0.04594392921863341,0.034351348470312335,0.011592580748321075,-0.1853131257658418,-0.1829284088514216,-0.00019488454543333745,-0.47772941628696647
20,120,0.005,1,-0.2,2.5,1,1,100,200,-0.47391913443544764,-0.12062869643082297,-0.6665009347833256,-0.4826816888475708,1016,782,234,0.03661656539814519,0.0749920051167253,0.05580428525743524,0.019187719859290055,0.21374168590243792,-0.2795513885706912,-1.2213295274180255e-06,-0.4780132482648643
20,60,0.01,0,0.2,0.75,1,1,100,200,-0.5256186923242329,-0.13864704592734833,-0.6008796855465639,-0.7892452908630097,679,540,139,0.018947873361048927,0.03360515936467327,0.026276516362861102,0.007328643001812174,-0.10300207609856882,-0.25729562925789473,-0.0002563960317414528,-0.4785491532437808
12,60,0.01,1,0.0,999.0,1,1,100,200,-0.4946633194930282,-0.1276805434142495,-0.6429636020538676,-0.5907881762947482,816,643,173,0.02539707920264364,0.04868883914294851,0.037042959172796076,0.011645879970152435,0.1008407336981707,-0.30961270033309907,-9.00592788780846e-05,-0.47870175325592074
30,96,0.0025,1,-0.2,2.5,1,1,100,200,-0.48591051397830454,-0.12467736178019806,-0.6577310765920465,-0.5043320282446458,1013,782,231,0.036589915787229504,0.07480545784031553,0.05569768681377252,0.019107771026543013,0.08596760072902598,-0.21431760955616597,-9.957429049372797e-06,-0.47875950148845364
12,120,0.005,1,0.2,1.5,1,1,100,200,-0.45282428815422804,-0.11368216344901916,-0.6597269286276664,-0.70501549830964,701,518,183,0.014657286003624348,0.03432469885939665,0.0244909924315105,0.009833706427886153,0.2359125540004503,-0.37136674518080626,-0.00014371116451049136,-0.47879640267833434
20,120,0.0025,1,-0.2,0.75,1,1,100,200,-0.5329738759279503,-0.14133662492414745,-0.5852066057667578,-0.917504433309172,633,489,144,0.020120456241338878,0.04144014497388338,0.030780300607611128,0.010659844366272252,-0.1961431189539128,-0.2026462900892435,-0.0002430125993742033,-0.4798151494729849
48,60,0.0025,1,0.0,2.5,1,1,100,200,-0.4450022804519619,-0.11116077684876047,-0.683415655672654,-0.5422306005673934,879,675,204,0.023851401769534163,0.05098070568169705,0.03741605372561561,0.013564651956081442,0.1894557417873095,-0.2757924129059247,-2.7738371362303004e-05,-0.4799801347134572
12,120,0.0,1,-0.2,2.5,1,1,100,200,-0.4891582858969984,-0.12578690028449668,-0.6592771505601833,-0.4921754736669471,1114,846,268,0.03917492804605053,0.08224069928579043,0.06070781366592048,0.02153288561986995,0.17543214356334746,-0.2413327922513574,7.352292069652401e-06,-0.4800342492479357
12,96,0.0,1,-0.2,2.5,1,1,100,200,-0.4891648240638,-0.12578913960641713,-0.6587054801892761,-0.4996306956637882,1070,813,257,0.03808229399850762,0.07944249013964397,0.05876239206907579,0.02068009807056817,0.1457504025595866,-0.23862882523378615,-6.824059940464203e-07,-0.4801234144842446
30,96,0.0025,1,-999.0,0.75,1,1,100,200,-0.5115204342798775,-0.1335836156965282,-0.6287211018710009,-0.6559684888850383,417,315,102,0.03648331734356679,0.0694755356571794,0.05297942650037309,0.01649610915680631,-0.27179910955949127,-0.17364199247894563,-0.0001554741009330062,-0.4807425910762806
48,200,0.005,1,0.0,2.5,1,1,100,200,-0.416730164374698,-0.10227807772245268,-0.7116398659606149,-0.4550575295468097,1083,811,272,0.027955441850548983,0.0616405500479693,0.044797995949259144,0.016842554098710157,0.5309839243654513,-0.34517061373493596,4.675395732387043e-05,-0.4808508871801006
20,96,0.0025,1,-0.2,2.5,1,1,100,200,-0.5013214187203237,-0.12999299659272012,-0.6482783309946959,-0.5363922872136462,1002,769,233,0.03635006928898838,0.07451231212024305,0.05543119070461571,0.01908112141562733,0.04912618986049777,-0.21543499006852118,-2.324439512954055e-05,-0.4809517764507504
48,60,0.0025,1,-999.0,0.75,1,1,100,200,-0.5134607865523664,-0.13427350469951282,-0.6262198246138948,-0.6770843358580172,398,301,97,0.03365845858650464,0.064252211917706,0.04895533525210532,0.015296876665600681,-0.2684589270823641,-0.18843118805347914,-0.0001752884482853621,-0.4812376337993611
20,96,0.0,1,0.0,2.5,1,1,100,200,-0.43791454552576536,-0.1089005087460051,-0.6938856201538097,-0.5120555895954136,975,734,241,0.02574352414454749,0.05628397825391749,0.04101375119923249,0.015270227054685002,0.29292439135301906,-0.29205303302580965,5.663183040474692e-06,-0.48144609830268065
48,120,0.01,1,0.2,2.5,1,1,100,200,-0.4791772786955353,-0.12239482622829723,-0.6480826097511097,-0.7077520078154356,722,548,174,0.016362861102227906,0.03597697473616885,0.026169917919198378,0.009807056816970472,0.17735321427860762,-0.36525006550740513,-0.00015866432191947695,-0.4818237314946238
20,200,0.0025,1,-0.2,0.75,1,1,100,200,-0.5358779701664775,-0.14240790384840418,-0.5897770359095535,-0.8961986596792625,709,546,163,0.022918665387485344,0.045890629996802046,0.03440464769214369,0.011485982304658353,-0.17857217896259925,-0.1945127488039583,-0.00019883880304745848,-0.4821063547871441
30,120,0.005,1,0.2,1.5,1,1,100,200,-0.4655720585486751,-0.11785382411310652,-0.655459081435669,-0.7390537713178031,695,514,181,0.014577337170877305,0.03408485236115553,0.024331094766016415,0.009753757595139112,0.19302535519950337,-0.3658462618264515,-0.00016584226457507686,-0.4825360533968312
12,200,0.0025,1,-0.2,1.5,1,1,100,200,-0.48590463014459717,-0.12467535677641406,-0.6631387665186925,-0.5389728463604442,1040,781,259,0.03424475002664961,0.07496535550580961,0.054605052766229616,0.02036030273958,0.13154819904567527,-0.2357063657144819,-9.179787117494868e-06,-0.4831933823537825
48,96,0.005,1,0.0,2.5,1,1,100,200,-0.448561598782824,-0.11230455808074635,-0.6886934533292897,-0.5438723695423452,929,708,221,0.025103933482571155,0.053299221831361265,0.039201577656966205,0.014097644174395053,0.2749783670698327,-0.31170529841507244,-1.6557726494410784e-05,-0.48384490322250845
20,60,0.01,1,0.0,999.0,1,1,100,200,-0.49619110382577736,-0.12820900070161045,-0.6521958281412954,-0.5994143874308536,799,628,171,0.024677539707920266,0.047489606651742886,0.036083573179831574,0.01140603347191131,0.1177314305801902,-0.32784040328774267,-9.962147694997675e-05,-0.4842776341438008
20,60,0.0,0,0.0,0.75,1,1,100,200,-0.5172214231018666,-0.1356168827424593,-0.6372913235818836,-0.6033594071513328,1005,768,237,0.02963436733823686,0.058362647905340584,0.043998507621788724,0.01436414028355186,0.06851031386147577,-0.25310968965049074,-4.8492462153227765e-05,-0.4844305148909677
48,96,0.0025,1,0.0,1.5,1,1,100,200,-0.46713793229491885,-0.11837172302843135,-0.667764953790387,-0.6455956172259002,845,640,205,0.021239739899797463,0.047409657818995844,0.03432469885939665,0.013084958959599189,0.08564722929974433,-0.25103524056200377,-6.946358345592184e-05,-0.4845339807849199
48,96,0.0025,1,-0.2,2.5,1,1,100,200,-0.5059857120419444,-0.13162772613730878,-0.6523764848086995,-0.5401756509049693,1044,809,235,0.037389404114699924,0.07624453682976229,0.0568169704722311,0.01942756635753118,0.06251201396976525,-0.21627432540996283,-1.8071193832526347e-05,-0.484824751086907
12,60,0.01,0,0.2,0.75,1,1,100,200,-0.533337175099303,-0.14147034871562425,-0.6058659723474769,-0.8131887472101147,673,538,135,0.018414881142735318,0.03291226948086558,0.025663575311800448,0.007248694169065132,-0.13899852628352005,-0.2411150305408375,-0.0002780884708798938,-0.48506277224986843
30,200,0.01,1,-0.2,999.0,1,1,100,200,-0.5403377523646173,-0.14406354047035164,-0.6293441420720176,-0.5415550240916689,1071,830,241,0.04133354653022066,0.0803485769107771,0.06084106172049888,0.019507515190278223,0.1009643428399607,-0.2866733685739392,-2.8923784509802716e-05,-0.4858133627109439
12,200,0.01,1,0.2,2.5,1,1,100,200,-0.48012628219092723,-0.12271509982158613,-0.6561100519956178,-0.7009010100638994,764,579,185,0.017082400596951285,0.03765590022385673,0.027369150410404008,0.010286749813452723,0.21191480142350438,-0.3714095861547979,-0.00013690150981083237,-0.48581517632258997
48,120,0.0025,1,-0.2,1.5,1,1,100,200,-0.49942918359774824,-0.1293332966785402,-0.6547672928954373,-0.582556452067021,958,727,231,0.03184628504423835,0.0692090395480226,0.050527662296130475,0.01868137725189212,0.07050907426434438,-0.2449873045149782,-3.791939011675967e-05,-0.48584476572960994
12,120,0.005,1,0.0,2.5,1,1,100,200,-0.43453793147582953,-0.10783172034829303,-0.7055260721165573,-0.5075267958735444,949,720,229,0.025530327257222044,0.05463170237714529,0.040081014817183666,0.014550687559961625,0.3852434451556561,-0.3438522547533668,2.1551358752423303e-06,-0.48597109620024886
30,96,0.0025,1,0.2,1.5,1,1,100,200,-0.46973247149951025,-0.11923252974814491,-0.6593979592650051,-0.7455087127033413,686,507,179,0.014257541839889138,0.033924954695661445,0.02409124826777529,0.009833706427886153,0.12661783007470628,-0.33668674832053513,-0.00017585197695602488,-0.4862069450158145
30,120,0.0,1,0.2,1.5,1,1,100,200,-0.4697795543059009,-0.11924818180267716,-0.6610864466370401,-0.730607306837991,741,548,193,0.015696620829335893,0.03669651423089223,0.02619656753011406,0.01049994670077817,0.16302857642711976,-0.33959184094377104,-0.000141034177940459,-0.48632177046309677
30,96,0.01,1,-0.2,999.0,1,1,100,200,-0.5523608063049199,-0.1485918503907726,-0.6169144947674787,-0.587751191981822,934,741,193,0.03837543971858011,0.07110116192303592,0.054738300820808015,0.016362861102227906,-0.020928016098581748,-0.2705765432602457,-7.139101206617272e-05,-0.4864366573736031
20,96,0.01,1,-0.2,999.0,1,1,100,200,-0.5606544615304004,-0.15177256829473518,-0.6093975633331326,-0.6074877381719628,918,726,192,0.03829549088583307,0.07048822087197527,0.05439185587890417,0.0160963649930711,-0.069130873768812,-0.2530206205806299,-8.248682217752293e-05,-0.48684573686989957
20,60,0.0,0,-0.2,0.75,1,1,100,200,-0.5343998638825054,-0.1418619836554328,-0.639501822544393,-0.5086029232025053,1126,855,271,0.04226628291226948,0.08288028994776676,0.06257328643001812,0.02030700351774864,0.11293273125616943,-0.265294782340608,-1.2194891719847043e-05,-0.4870430410877546
12,96,0.0025,1,0.0,1.5,1,1,100,200,-0.45491488723965356,-0.11436093779108913,-0.6841404360108214,-0.6173563317666338,839,632,207,0.021026543012472018,0.04724976015350176,0.034138151582986886,0.01311160857051487,0.1523942053728935,-0.28039304527406694,-5.8437151000440094e-05,-0.48729897238483155
20,120,0.005,1,0.2,1.5,1,1,100,200,-0.4732453275513234,-0.12040339692656055,-0.6588156946488154,-0.7576576396560695,696,516,180,0.014524037949045944,0.03408485236115553,0.024304445155100735,0.009780407206054791,0.19329824058301925,-0.3747817129679756,-0.00017670275831193643,-0.48769412623377173
12,120,0.0025,1,0.0,1.5,1,1,100,200,-0.45873131113623644,-0.11560544066750744,-0.6826910953590295,-0.615088914583797,871,654,217,0.02158618484170131,0.04887538641935828,0.035230785630529796,0.013644600788828483,0.15284480941061762,-0.27418723356441377,-5.0405935005839507e-05,-0.48770543407621203
12,96,0.0,1,0.0,2.5,1,1,100,200,-0.4464319558846017,-0.11161949371130953,-0.7001006995733094,-0.522475176052083,992,749,243,0.026383114806523826,0.0575098603560388,0.04194648758128131,0.015563372774757488,0.33997277257082614,-0.32151699882302065,3.1686145719412214e-06,-0.4877936023005684
30,200,0.005,1,0.0,1.5,1,1,100,200,-0.4418856598634544,-0.11016406382667965,-0.6984500714784718,-0.571098603511426,939,697,242,0.023158511885726468,0.05236648544931244,0.037762498667519455,0.014603986781792986,0.36686556377790724,-0.34694519273733826,-1.3205781592984979e-05,-0.4879440297414869
30,120,0.0,1,0.0,1.5,1,1,100,200,-0.46287247231328643,-0.11696380288004105,-0.6804220824907738,-0.6227078161390707,887,668,219,0.02238567316917173,0.04999467007781686,0.0361901716234943,0.013804498454322568,0.15063948942714456,-0.2725621292058974,-4.8958097889248805e-05,-0.4883102349323815
48,60,0.005,1,0.2,2.5,1,1,100,200,-0.4867355436082019,-0.12495868479347982,-0.654797708678369,-0.7306620751232845,723,547,176,0.016416160324059268,0.036083573179831574,0.026249866751945423,0.009833706427886153,0.11707211342318646,-0.3403756217813665,-0.00016923674591694734,-0.48889064288882855
48,200,0.005,1,0.2,1.5,1,1,100,200,-0.46284772036888233,-0.11695565902998484,-0.6732499266953207,-0.7070596503566823,802,589,213,0.0160963649930711,0.038801833493231,0.02744909924315105,0.01135273425007995,0.30650008097705017,-0.3859784381735747,-0.00010279063729000439,-0.4889336048954793
12,96,0.005,1,0.0,2.5,1,1,100,200,-0.43939551746224703,-0.10937089665136768,-0.7070564689303223,-0.5253587259587662,917,698,219,0.02489073659524571,0.05281952883487901,0.03885513271506236,0.01396439611981665,0.3585087557834885,-0.347218343952471,-1.1353348416114513e-05,-0.48916706741446714
30,60,0.0025,1,0.2,2.5,1,1,100,200,-0.49574808261469117,-0.12805562881954524,-0.6490408265063498,-0.7459114738398683,733,551,182,0.01644280993497495,0.03669651423089223,0.026569662082933588,0.01012685214795864,0.08756478944172197,-0.33103845569236134,-0.00017485205389684082,-0.48987161576471355
20,120,0.0,1,0.0,1.5,1,1,100,200,-0.4587117801591929,-0.11559905394252545,-0.6875664783546621,-0.6114131187364797,896,673,223,0.022518921223750134,0.050447713463383434,0.03648331734356679,0.01396439611981665,0.19190750836213355,-0.2891162202187839,-4.180520228925487e-05,-0.4899529490566805
48,120,0.005,1,-0.2,2.5,1,1,100,200,-0.49510257961529536,-0.12783235149845096,-0.6744817498102887,-0.5162084682010153,1049,803,246,0.03698965995096472,0.0773371708773052,0.05716341541413495,0.020173755463170236,0.23474929520559917,-0.3090147347207868,-9.03405754780774e-06,-0.4908836498136461
12,120,0.0,1,0.0,2.5,1,1,100,200,-0.45126786430133503,-0.1131781705441981,-0.7031625507002628,-0.5235052251866462,1029,776,253,0.027129303912162884,0.05942863234196781,0.043278968127065345,0.01614966421490246,0.34962316893643286,-0.3197817804099402,8.464192776190282e-06,-0.49093470715366183
30,120,0.0,1,-0.2,2.5,1,1,100,200,-0.4975130001322896,-0.128667277105465,-0.6752938028617428,-0.5149088529607,1096,833,263,0.0382421916640017,0.08045517535443983,0.05934868350922076,0.02110649184521906,0.14407054720730095,-0.24015515875826887,-1.8184727521116604e-06,-0.4920596211843714
30,96,0.0,1,0.0,2.5,1,1,100,200,-0.44892960980376717,-0.11242315437216543,-0.7066916356132706,-0.531711744842171,972,737,235,0.02579682336637885,0.05612408058842341,0.04096045197740113,0.01516362861102228,0.28565522032289725,-0.3030486536596345,-4.215800059755425e-06,-0.49235455942090933
12,60,0.005,1,-0.2,999.0,1,1,100,200,-0.539686812451464,-0.14382108883260547,-0.6426871192428105,-0.5534093843838984,973,757,216,0.03861528621682123,0.07459226095299008,0.05660377358490566,0.017988487368084425,0.04242352764764745,-0.28163309473680465,-4.9907017497104895e-05,-0.49283511767320565
48,60,0.0,1,0.2,2.5,1,1,100,200,-0.48910261496827356,-0.12576783392175972,-0.6624128389989774,-0.7203318401805617,771,577,194,0.017215648651529688,0.03890843193689372,0.028062040294211704,0.010846391642682017,0.09895344619213553,-0.3163768259149353,-0.0001418173555747576,-0.4929908454302765
20,200,0.005,1,0.0,1.5,1,1,100,200,-0.4455636557856345,-0.11134078345731002,-0.7054754383075663,-0.5812607901852476,922,686,236,0.022998614220232385,0.05156699712184202,0.0372828056710372,0.014284191450804819,0.384700183174016,-0.36502625718669535,-2.1512601256430393e-05,-0.49314154212035555
20,120,0.0,1,0.2,1.5,1,1,100,200,-0.47936763502900404,-0.12245903101834787,-0.6663462719627293,-0.7528318263474888,749,553,196,0.01566997121842021,0.03693636072913335,0.02630316597377678,0.010633194755356571,0.1719839384563886,-0.35390934369648575,-0.00015024892186558307,-0.493273758317087
30,60,0.005,1,-0.2,999.0,1,1,100,200,-0.5458025530774044,-0.14610988706465666,-0.6396694586562888,-0.5732379519740199,934,723,211,0.036963010340049035,0.07235369363607291,0.054658351988060974,0.01769534164801194,0.019945636419805624,-0.289549362575206,-6.460802450962002e-05,-0.494606513991502
30,200,0.0025,1,-0.2,2.5,1,1,100,200,-0.49714901506694453,-0.12854099426648713,-0.6832167267048681,-0.49823623077623685,1203,912,291,0.04181323952670291,0.08770386952350495,0.06475855452510393,0.022945314998401023,0.2556242744650701,-0.26907458727011835,1.6570783753957285e-05,-0.495061169157733
12,60,0.01,0,-0.2,1.5,1,1,100,200,-0.464280887688703,-0.11742769299625966,-0.7262290627113829,-0.2919655146793396,1355,1069,286,0.056257328643001814,0.1059322033898305,0.08109476601641616,0.02483743737341435,0.23821509041467714,-0.147981268781059,6.924785635965079e-05,-0.4951405000859181
30,200,0.0,1,-0.2,2.5,1,1,100,200,-0.4835371977828141,-0.12387010437846102,-0.6958793429093155,-0.46761640647903324,1258,942,316,0.04274597590875173,0.09151476388444729,0.06713036989659951,0.024384393987847777,0.365176129686575,-0.2902753226770052,3.2379307460170865e-05,-0.49519059615707045
20,200,0.01,1,-0.2,999.0,1,1,100,200,-0.5541340944442782,-0.14926794194036863,-0.6364196523523058,-0.5683024793302641,1055,820,235,0.04120029847564226,0.07946913975055964,0.06033471911310095,0.019134420637458693,0.0903105133873714,-0.3068907495932677,-4.217548409299416e-05,-0.4958928920830347
20,60,0.01,0,-0.2,0.75,1,1,100,200,-0.5567943242515551,-0.15028623744345015,-0.6332185160140489,-0.5951862810790329,930,746,184,0.03930817610062893,0.06808975588956401,0.05369896599509647,0.014390789894467541,-0.06788278281851656,-0.242936651841969,-7.88838058391044e-05,-0.49665480950442625
12,120,0.0025,1,-0.2,2.5,1,1,100,200,-0.5171774784536833,-0.13560113654025685,-0.667048970182645,-0.5540081208718955,1063,817,246,0.03800234516576058,0.07829655687026969,0.058149451018015136,0.020147105852254557,0.08956284193208153,-0.24591469223995488,-2.1295336499650422e-05,-0.49682602767517414
20,96,0.0025,1,0.2,1.5,1,1,100,200,-0.4903316919302696,-0.1261891594594572,-0.6614194591707325,-0.8016267141242971,690,510,180,0.014284191450804819,0.03389830508474576,0.02409124826777529,0.009807056816970472,0.08665062737580076,-0.33768169076150745,-0.00020600408138240825,-0.4969802247510383
48,96,0.0025,1,0.2,1.5,1,1,100,200,-0.49413037551792793,-0.12749649988654643,-0.6591776880754173,-0.8074297361834201,705,524,181,0.014737234836371389,0.03461784457946914,0.024677539707920266,0.009940304871548875,0.0710603808570085,-0.32802713284329255,-0.00020127551882957598,-0.4974568307334261
48,96,0.0,1,0.0,2.5,1,1,100,200,-0.4779094759624001,-0.12196769049389677,-0.6931968075018256,-0.5891630463884312,994,756,238,0.02651636286110223,0.05711011619230359,0.04181323952670291,0.015296876665600681,0.2090514524385212,-0.2900964232623825,-2.414902522899791e-05,-0.4980242465642311
20,200,0.0025,1,-999.0,0.75,1,1,100,200,-0.5457073819495961,-0.146074081256788,-0.6359633936398132,-0.6822795969912893,468,350,118,0.04231958213410084,0.08181430551113954,0.06206694382262019,0.019747361688519347,-0.27414968741102363,-0.20906838553381224,-0.00014347793657453704,-0.49816975792625906
20,200,0.0,1,-0.2,2.5,1,1,100,200,-0.48908278409524397,-0.12576104258056453,-0.6971936280746536,-0.4782629156312387,1230,922,308,0.042106385246775395,0.09018228333866325,0.06614433429271932,0.02403794904594393,0.3498939282322757,-0.2998214621704419,2.5427474409667203e-05,-0.49827100239945327
30,96,0.005,1,0.2,2.5,1,1,100,200,-0.4897374814466665,-0.1259853637389734,-0.6724409628190012,-0.7232811002167934,768,575,193,0.017135699818782647,0.0382421916640017,0.027688945741392176,0.01055324592260953,0.2172243628402939,-0.38449183372931917,-0.00014637494117601771,-0.4983699001593137
20,96,0.0025,1,0.0,2.5,1,1,100,200,-0.4695865213344016,-0.1191840176141854,-0.7004894498465403,-0.5821360776255929,935,710,225,0.02494403581707707,0.05388551327150624,0.03941477454429165,0.014470738727214582,0.22986401846752091,-0.311599937170823,-3.360385027022754e-05,-0.4985355464187352
20,120,0.0025,1,-999.0,0.75,1,1,100,200,-0.5386023287544071,-0.14341776612498502,-0.6397871070772116,-0.709052002760123,427,320,107,0.03760260100202537,0.07214049674874747,0.05487154887538642,0.01726894787336105,-0.2551975058736383,-0.23302830613839587,-0.0001683113260210399,-0.498763919801597
30,96,0.0025,1,0.0,2.5,1,1,100,200,-0.4672331727475436,-0.11840326222007591,-0.7036973736239932,-0.5747201454573004,935,714,221,0.025077283871655472,0.05396546210425328,0.03952137298795438,0.014444089116298901,0.2292117643324565,-0.3081787256857751,-3.104316541683489e-05,-0.49898795630493753
48,200,0.01,0,-0.2,1.5,1,1,100,200,-0.5355201268137577,-0.14227561140962608,-0.6844222080814988,-0.29706517810472344,1767,1361,406,0.07216714635966315,0.14566677326511032,0.10891695981238673,0.03674981345272359,0.3814692846368042,-0.18638153157474502,7.534174913380846e-05,-0.4993399743556116
20,60,0.01,0,-0.2,1.5,1,1,100,200,-0.4910231882753505,-0.12642656061267543,-0.7151897816253114,-0.31820709375670797,1365,1073,292,0.05758980918878585,0.10838396759407312,0.08298688839142948,0.02539707920264364,0.21848652890461806,-0.17328203555629884,5.821058793303961e-05,-0.49993180611316657
48,120,0.0025,1,-0.2,0.75,1,1,100,200,-0.5584124330247842,-0.1509080184574032,-0.5991780695726361,-0.9890114144308205,642,496,146,0.02036030273958,0.04173329069395587,0.031046796716767935,0.010686493977187933,-0.20119285847881674,-0.2378888935854736,-0.00027400540100161436,-0.49994762396526227
48,60,0.01,0,-0.2,1.5,1,1,100,200,-0.5424642330479997,-0.14485749657202562,-0.6735615510446453,-0.37187987145811213,1450,1141,309,0.06172049888071634,0.11763138258181431,0.08967594073126532,0.027955441850548983,0.12492209671074894,-0.1600666148174208,4.249366773391286e-05,-0.5002322656672539
48,200,0.0,1,0.0,1.5,1,1,100,200,-0.46253271644066074,-0.11685204308756314,-0.7079790482521938,-0.5886008420432126,1052,779,273,0.025583626479053406,0.05846924634900331,0.042026436414028354,0.01644280993497495,0.31785075897415527,-0.3097890762438753,-5.976196649199366e-07,-0.5002716093158207
20,60,0.005,0,0.0,0.75,1,1,100,200,-0.5452138917907466,-0.14588851381714285,-0.6402383325059462,-0.6892169715091715,928,718,210,0.02774224496322354,0.053485769107771024,0.04061400703549728,0.012871762072273744,0.02648705217174352,-0.29527975290658115,-0.00010521386780343917,-0.5004685286455746
48,96,0.01,1,-0.2,999.0,1,1,100,200,-0.5754244332496856,-0.15755795337730572,-0.6229520327404825,-0.6333602197140874,962,763,199,0.038988380769640764,0.07246029207973563,0.0557243364246882,0.016735955655047437,-0.0703665579996896,-0.2610906760006102,-8.4155271086511e-05,-0.5007019807332513
12,120,0.01,1,-0.2,999.0,1,1,100,200,-0.576028003032504,-0.15779777422517882,-0.6247730016451873,-0.6273772386234301,966,763,203,0.03946807376612301,0.0734729772945315,0.056470525530327255,0.017002451764204243,-0.03917618978397641,-0.28466395499604635,-8.191671803253757e-05,-0.501553136978944
20,96,0.0025,1,-999.0,0.75,1,1,100,200,-0.5418484954486718,-0.14462729787843875,-0.6416129198229655,-0.7280219566292822,417,313,104,0.03512418718686707,0.06859609849696194,0.05186014284191451,0.016735955655047437,-0.29153480918051144,-0.20335718249033374,-0.0001826702060794442,-0.5018348556213856
12,200,0.005,1,0.0,1.5,1,1,100,200,-0.46640904965910857,-0.11813050030648353,-0.7051838079297862,-0.6261036976007955,918,683,235,0.022945314998401023,0.05135380023451658,0.0371495576164588,0.014204242618057776,0.3229096965654028,-0.3616346956398234,-4.258302693100192e-05,-0.5020275891514164
48,120,0.0025,1,-999.0,0.75,1,1,100,200,-0.5514133651528679,-0.14823150249250072,-0.636301544162116,-0.7210035313158296,431,320,111,0.038775183882315316,0.07453896173115873,0.05665707280673702,0.017881888924421704,-0.23046609979620858,-0.27684325740017457,-0.00017081137715424424,-0.5024324511393502
12,60,0.005,0,-0.2,0.75,1,1,100,200,-0.5606730860365294,-0.15177976486511568,-0.6418372495104666,-0.5979117976702275,1042,813,229,0.03965462104253278,0.07509860356038801,0.0573766123014604,0.01772199125892762,0.017331992937918095,-0.2728079569454437,-5.418627786683548e-05,-0.5025939795038603
48,120,0.005,1,0.0,1.5,1,1,100,200,-0.48289536392270704,-0.1236523014626989,-0.690298303300638,-0.6777283286695015,852,635,217,0.02113314145613474,0.04794265003730946,0.0345378957467221,0.013404754290587358,0.20557729028675742,-0.3431910077071406,-8.307156790102276e-05,-0.502687869546493
12,96,0.01,0,-0.2,1.5,1,1,100,200,-0.5046413327939172,-0.13115528963613443,-0.7103947770736497,-0.32672819667369224,1465,1154,311,0.06217354226628291,0.11707174075258502,0.08962264150943396,0.02744909924315105,0.25519760864436924,-0.17887754714426396,6.0832756257133213e-05,-0.5026890880066439
48,200,0.0025,1,0.0,1.5,1,1,100,200,-0.47430004076600984,-0.12075616148179613,-0.7025468073531707,-0.6225384290850505,1009,749,260,0.024544291653341863,0.05609743097750773,0.0403208613154248,0.015776569662082934,0.23827245868036617,-0.2968012508455973,-2.2333924970107535e-05,-0.503156486612634
30,120,0.0025,1,-0.2,2.5,1,1,100,200,-0.5259391925349733,-0.13876354611721875,-0.6724610804637594,-0.5759641999872651,1049,806,243,0.03722950644920584,0.07715062360089543,0.05719006502505063,0.019960558575844792,0.06077764993486112,-0.24481368259708158,-3.0900168035061863e-05,-0.5037922963484617
30,120,0.0025,1,0.0,1.5,1,1,100,200,-0.4922564402027345,-0.12685059574239033,-0.6843362371956702,-0.6979600705377151,852,641,211,0.021213090288881783,0.04796929964822513,0.03459119496855346,0.013378104679671677,0.08315121756805599,-0.28218744794301365,-9.304087044400167e-05,-0.5039167178671111
20,60,0.005,1,-0.2,999.0,1,1,100,200,-0.5455742503353093,-0.14602400381025826,-0.6589288263728471,-0.5696573692838346,944,728,216,0.037336104892868566,0.07262018974522971,0.05497814731904914,0.017642042426180577,0.06320288080056446,-0.3146931908365188,-6.194622954585472e-05,-0.5039712854608736
20,60,0.0025,1,0.2,2.5,1,1,100,200,-0.5054468603066399,-0.13143824162834916,-0.669258471210141,-0.7664548419961886,738,557,181,0.016576057989553354,0.036883061507301994,0.026729559748427674,0.01015350175887432,0.10649454076169507,-0.3535150357378114,-0.0001858041509440839,-0.5043902193332291
12,60,0.0025,1,0.2,2.5,1,1,100,200,-0.5072079583792402,-0.13205813646965947,-0.6686084969303714,-0.7620338478148585,758,571,187,0.017029101375119923,0.03786909711118218,0.02744909924315105,0.010419997868031126,0.1169409535779502,-0.35542680325301446,-0.00017542334342799667,-0.5044640773255881
12,96,0.0025,1,-0.2,2.5,1,1,100,200,-0.5281569972290108,-0.1395714377272781,-0.6718139881029179,-0.5838126810728443,1024,789,235,0.03712290800554312,0.07571154461144868,0.056417226308495896,0.019294318302952775,0.04320753413212608,-0.24518384416706185,-3.792568530275607e-05,-0.5046690658323792
30,60,0.0,0,0.0,0.75,1,1,100,200,-0.5485898191931332,-0.1471611989677546,-0.6493115709002968,-0.659126844172184,1017,780,237,0.030194009167466156,0.059881675727534375,0.04503784244750027,0.014843833280034111,0.055213897936989165,-0.2885820492905429,-7.3190678984412e-05,-0.5047733266265122
48,200,0.0,1,0.2,1.5,1,1,100,200,-0.4812661109444004,-0.12310039263062023,-0.6909976371841635,-0.7308056017545083,871,636,235,0.017535443982517857,0.0423728813559322,0.02995416266922503,0.012418718686707174,0.2913863745805667,-0.37902950119115997,-9.229766427533854e-05,-0.5051394913104273
20,200,0.0025,1,-0.2,2.5,1,1,100,200,-0.5129271028724816,-0.1340835352763331,-0.6898733895363451,-0.5289129638903742,1174,892,282,0.041173648864726575,0.08615819209039548,0.06366592047756103,0.02249227161283445,0.22814256192523685,-0.28658900768782936,2.3413592917977013e-06,-0.5054658782390243
12,60,0.0,1,-0.2,999.0,1,1,100,200,-0.5633494184981016,-0.15281645487382745,-0.6470558361199507,-0.5839279598866485,1067,813,254,0.04048075898091888,0.08184095512205522,0.06116085705148705,0.02068009807056817,-0.02659463794847805,-0.23511814569197675,-4.550217482298305e-05,-0.5055407709281352
20,120,0.0,1,-0.2,2.5,1,1,100,200,-0.51856571678059,-0.1360991235641431,-0.6838204161211583,-0.5529557574523648,1102,838,264,0.038561986994989875,0.0810414667945848,0.059801726894787334,0.021239739899797463,0.13961518322624422,-0.2669478190432366,-1.4697270472096356e-05,-0.5056571194973405
30,60,0.01,0,0.2,0.75,1,1,100,200,-0.5616069079452194,-0.15214090997177743,-0.6217093468267775,-0.8649983296973706,695,552,143,0.01945421596844686,0.03464449419038482,0.02704935507941584,0.0075951391109689795,-0.1167368041330531,-0.2973668398696234,-0.000301024083786981,-0.5062454998700348
48,96,0.005,1,0.2,2.5,1,1,100,200,-0.5100081251298543,-0.13304743505987038,-0.6706866793376937,-0.7719919742480372,785,591,194,0.017615392815264898,0.038935081547809405,0.028275237181537148,0.010659844366272252,0.15857020178453962,-0.373718277004743,-0.00016562509740985313,-0.5069903734411191
30,200,0.005,1,0.0,2.5,1,1,100,200,-0.46424083120510784,-0.11741448611276939,-0.7242578271637652,-0.5508949335571685,1053,790,263,0.02750239846498241,0.060174821447606865,0.04383860995629464,0.016336211491312227,0.4679326914291968,-0.38201675933468715,2.8238613006559237e-06,-0.5070881463725104
12,96,0.0025,1,0.2,1.5,1,1,100,200,-0.49753198303659263,-0.1286738651385233,-0.6753870721137174,-0.8182902987616543,697,515,182,0.014470738727214582,0.03429804924848097,0.024384393987847777,0.009913655260633194,0.10076457817733364,-0.35315018995549063,-0.00021171572311541587,-0.5072819161334647
48,96,0.0025,1,0.0,2.5,1,1,100,200,-0.4986634075900952,-0.12906688701468017,-0.6924815357909638,-0.6410102080999174,954,730,224,0.025663575311800448,0.05481824965355506,0.040240912482677756,0.014577337170877305,0.14643348827517166,-0.29532183318432526,-5.5546147034652675e-05,-0.507358165315158
20,120,0.0025,1,0.0,1.5,1,1,100,200,-0.48926433417053616,-0.12582322464478712,-0.6943380186035881,-0.68883748241986,859,645,214,0.021239739899797463,0.04826244536829762,0.03475109263404754,0.01351135273425008,0.11876624711883577,-0.29849146510913527,-8.706679657330411e-05,-0.5074341080675742
48,96,0.0,1,0.2,2.5,1,1,100,200,-0.5110586918604569,-0.13341976689599144,-0.6727365395490226,-0.7569326288145599,841,629,212,0.01868137725189212,0.041973137192196995,0.03032725722204456,0.011645879970152435,0.1484306244250746,-0.3516366385807712,-0.00013534247392340764,-0.5076346681112307
20,96,0.005,1,0.2,2.5,1,1,100,200,-0.51025507155869,-0.13313489800883638,-0.6713808926500174,-0.7775136925258983,766,575,191,0.017162349429698326,0.038055644387591944,0.027608996908645135,0.010446647478946807,0.1599187064416323,-0.38067476093994657,-0.000177019800598109,-0.50770102896014
48,60,0.01,1,0.0,999.0,1,1,100,200,-0.5373117117842774,-0.1429387687916106,-0.6609494530122957,-0.6878858244205012,819,646,173,0.025157232704402517,0.04876878797569555,0.036963010340049035,0.01180577763564652,0.014105446526857301,-0.31278369130722183,-0.0001380676240858804,-0.5078077865187836
30,96,0.0,1,0.2,2.5,1,1,100,200,-0.4997549090308847,-0.1294467137647084,-0.6845006162934775,-0.7313339328249097,820,609,211,0.018068436200831466,0.04120029847564226,0.02963436733823686,0.011565931137405394,0.18177338573340363,-0.3620980967416979,-0.0001300825321168764,-0.5082637185526926
12,96,0.0025,1,-999.0,0.75,1,1,100,200,-0.5511292420732904,-0.1481235583374635,-0.6465742364297864,-0.7438077880856483,425,322,103,0.03589702590342181,0.0701684255409871,0.05303272572220446,0.017135699818782647,-0.30823961767562247,-0.19744226494714545,-0.00018433451709831087,-0.5086010659566391
12,200,0.01,1,-0.2,999.0,1,1,100,200,-0.5758872821997687,-0.15774183617513593,-0.6406012912019282,-0.6124020990593935,1050,816,234,0.04101375119923249,0.07912269480865579,0.06006822300394414,0.01905447180471165,0.04107205342824982,-0.3112491774647812,-6.011765504317219e-05,-0.5086625867290697
48,120,0.005,1,0.2,1.5,1,1,100,200,-0.5049724697912219,-0.13127156122182515,-0.6713917510172926,-0.8353861576997261,710,523,187,0.014737234836371389,0.03499093913228867,0.024864086984330028,0.01012685214795864,0.1602589962498162,-0.39146227673126777,-0.00021367408415534614,-0.5087367446154578
30,120,0.005,1,0.0,2.5,1,1,100,200,-0.48103254543386,-0.12302138607436375,-0.7109575455357711,-0.6063560785874426,936,709,227,0.025050634260739793,0.053938812493337596,0.039494723377038694,0.014444089116298901,0.279655313044596,-0.3523389702390972,-4.415962516985366e-05,-0.5088179627716214
12,200,0.0,1,-0.2,2.5,1,1,100,200,-0.5199765042388317,-0.1366063774906977,-0.6912350963702796,-0.5335144435390179,1226,919,307,0.04181323952670291,0.09004903528408485,0.06593113740539389,0.02411789787869097,0.2549752826224345,-0.2938183662249765,6.53783482339238e-06,-0.5088996478527884
12,96,0.01,1,-0.2,999.0,1,1,100,200,-0.5837682466503415,-0.16089773028768395,-0.6310953055132917,-0.6516881459398588,934,742,192,0.03885513271506236,0.07126105958853,0.05505809615179618,0.016202963436733823,-0.07862312816723671,-0.2792840295086876,-9.830473120099233e-05,-0.5090297903413228
12,96,0.01,0,0.0,0.75,1,1,100,200,-0.556966720746451,-0.15035239671238387,-0.6454872602687847,-0.7197734386796746,898,716,182,0.028941477454429165,0.05143374906726362,0.04018761326084639,0.011246135806417226,-0.06904579651622733,-0.25431566239854697,-0.0001312141698516468,-0.5090846987807599
30,60,0.0,1,-0.2,999.0,1,1,100,200,-0.5717901522615286,-0.15611965422322038,-0.6454911161890942,-0.6126774394525795,1018,773,245,0.038641935827736916,0.0785630529794265,0.05860249440358171,0.019960558575844792,-0.034788111553653356,-0.26184908575789023,-6.373617080403558e-05,-0.5094990842903965
30,60,0.0,0,-0.2,0.75,1,1,100,200,-0.565479507359032,-0.15364519333970206,-0.6561928583020735,-0.5596794725452783,1131,859,272,0.0430657712397399,0.08485236115552713,0.06395906619763352,0.020893294957893615,0.07447423467028091,-0.2880176857583868,-3.190489687558714e-05,-0.5097255961180027
30,60,0.01,1,0.2,999.0,1,1,100,200,-0.5716554932073158,-0.15606654957646737,-0.6205927809041818,-0.8712812481916072,677,526,151,0.017508794371602174,0.03483104146679458,0.026169917919198378,0.008661123547596204,-0.10354513816583932,-0.3296367135885596,-0.0003215888675208005,-0.5099270024381386
20,120,0.005,1,0.0,2.5,1,1,100,200,-0.47645027145099084,-0.12147709528521577,-0.7175300035614882,-0.5953547764189804,938,712,226,0.025130583093486834,0.054072060547916,0.03960132182070142,0.014470738727214582,0.3127986606789379,-0.3624784586858162,-3.9053383799867e-05,-0.510009835886909
20,200,0.005,1,0.2,1.5,1,1,100,200,-0.4961229050196849,-0.1281853835690988,-0.6847228369283783,-0.8001299053192474,768,565,203,0.01564332160750453,0.0372828056710372,0.026463063639270867,0.010819742031766336,0.26726684788526556,-0.41619564504743156,-0.00016596141061595823,-0.5105532972992504
12,96,0.0,1,0.2,2.5,1,1,100,200,-0.5009739080563804,-0.1298716922015849,-0.68822722057463,-0.7321934204066664,835,617,218,0.018441530753650997,0.04194648758128131,0.030194009167466156,0.011752478413815158,0.24380029972955608,-0.3908336750568432,-0.00012432742282959144,-0.5105949735092332
30,60,0.01,0,-0.2,1.5,1,1,100,200,-0.5170759777816543,-0.13556477130256084,-0.7151948784251376,-0.3511662348144199,1382,1086,296,0.059295384287389404,0.11126212557296664,0.08527875493017802,0.025983370642788616,0.27605116512270045,-0.244589082478039,4.689952356854975e-05,-0.5107205222558506
20,60,0.0,1,-0.2,999.0,1,1,100,200,-0.5608112700760768,-0.15183316725548557,-0.6593397587253351,-0.5860531846059853,1032,783,249,0.03925487687879757,0.07912269480865579,0.05918878584372668,0.019933908964929112,0.021394993178791344,-0.2795406900405073,-5.1879316182426774e-05,-0.5108057058484524
12,60,0.0025,0,0.0,0.75,1,1,100,200,-0.555858107431178,-0.1499273117487343,-0.6499459483116212,-0.7204892109384837,966,744,222,0.027395800021319687,0.05457840315531393,0.04098710158831681,0.013591301566997121,-0.050692746489785945,-0.24154183169017374,-0.00010625513663370471,-0.5109247464514691
20,200,0.005,1,0.0,2.5,1,1,100,200,-0.46776877829081254,-0.11858071381270918,-0.7306805570767678,-0.5600286419114281,1035,778,257,0.027315851188572646,0.05934868350922076,0.043332267348896704,0.016016416160324058,0.48635009040388333,-0.3991268007566747,-4.398907479881421e-06,-0.5119224244466645
30,60,0.01,0,-0.2,0.75,1,1,100,200,-0.5749578322463933,-0.15737274216927732,-0.6470058320790025,-0.6242779805097001,943,754,189,0.03997441637352095,0.06982198059908325,0.0548981984863021,0.014923782112781154,-0.05303249653174691,-0.2806868501380412,-8.935849209107943e-05,-0.5120895572342636
12,60,0.0025,0,-0.2,0.75,1,1,100,200,-0.5709900244821756,-0.15580430873261464,-0.6524381848150778,-0.603360725156889,1082,835,247,0.039787869097111184,0.07795011192836585,0.058868990512738514,0.01908112141562733,-0.03681395666511511,-0.23481000601667257,-5.168376754156832e-05,-0.512191437397998
48,60,0.0025,1,0.2,2.5,1,1,100,200,-0.5265836324566875,-0.13899798755968573,-0.666215010906148,-0.8208796536071178,744,563,181,0.016735955655047437,0.037256156060121524,0.02699605585758448,0.010260100202537042,0.02154505418655206,-0.32766813743287904,-0.00021314057720145404,-0.5131494756931156
12,120,0.0025,1,0.0,2.5,1,1,100,200,-0.49190265643238273,-0.12672886832379704,-0.7118066636253757,-0.6157413237261665,981,745,236,0.026089969086451337,0.05652382475215862,0.041306896919304975,0.01521692783285364,0.23643867136999974,-0.3288044614689436,-3.997337646557041e-05,-0.5134192663227932
12,200,0.0025,1,-0.2,2.5,1,1,100,200,-0.533219149216945,-0.14142689641442152,-0.6876195500369093,-0.5688031238002558,1167,886,281,0.04072060547916,0.08570514870482891,0.06321287709199445,0.02249227161283445,0.16846490693975347,-0.2839034824490667,-1.2076208159574634e-05,-0.513676827622889
48,120,0.0,1,0.2,1.5,1,1,100,200,-0.5125411169845584,-0.13394624391273424,-0.6760559841139706,-0.8360281996542266,760,561,199,0.01598976654940838,0.037682549834772414,0.026836158192090395,0.010846391642682017,0.1261004612796195,-0.36695580965416474,-0.00018976045854645143,-0.5137756459524309
48,200,0.0025,1,0.0,2.5,1,1,100,200,-0.48607715973022714,-0.12473415642023011,-0.7210330205105571,-0.5799760694140526,1130,849,281,0.029341221618164375,0.06435881036136873,0.04685001598976655,0.017508794371602174,0.3590345885552093,-0.33456574088207147,2.979023147514533e-06,-0.5142494701462113
12,60,0.005,0,-0.2,1.5,1,1,100,200,-0.48553001730186995,-0.12454773965210786,-0.748934587671124,-0.3100992622291078,1503,1151,352,0.05753650996695448,0.11728493763991046,0.08741072380343247,0.029874213836477988,0.3982812820098689,-0.2197757941113171,7.195920342174545e-05,-0.5145199965991253
12,200,0.0,1,0.0,1.5,1,1,100,200,-0.494748646905417,-0.1277100242639807,-0.7077216452265565,-0.6670479154901507,994,737,257,0.0244909924315105,0.05599083253384501,0.040240912482677756,0.01574992005116725,0.2623856817538188,-0.3420183806477347,-4.480066789052781e-05,-0.5149232426517665
20,96,0.0,1,0.2,2.5,1,1,100,200,-0.5181341592473816,-0.13594419292200544,-0.6810012325980962,-0.7794407827358327,824,611,213,0.01814838503357851,0.0412802473083893,0.029714316170983905,0.011565931137405394,0.14239802032787519,-0.3630831003392634,-0.0001530645212026356,-0.5154168483578452
12,96,0.0025,1,0.0,2.5,1,1,100,200,-0.49529472665822205,-0.12789879063694654,-0.7133044198678594,-0.6325313202724572,948,722,226,0.025450378424475003,0.05471165120989233,0.040081014817183666,0.014630636392708667,0.2143099284367067,-0.3322477470233075,-5.37160534781095e-05,-0.5161775665844991
20,120,0.0025,1,-0.2,2.5,1,1,100,200,-0.5434074364014364,-0.14521060207508207,-0.6819089559026412,-0.6096023682182544,1053,810,243,0.03744270333653129,0.07752371815371495,0.05748321074512312,0.020040507408591833,0.054167226883747865,-0.2666141075963526,-4.2801414014084686e-05,-0.5166451984373154
48,120,0.0,1,-0.2,2.5,1,1,100,200,-0.5385752487623825,-0.14340770470312825,-0.6877686536066547,-0.5879589142241882,1131,861,270,0.03930817610062893,0.08301353800234516,0.06116085705148705,0.021852680950858117,0.1341283475464985,-0.28370218009960835,-2.286071329660367e-05,-0.5166899772176651
30,120,0.0025,1,0.2,1.5,1,1,100,200,-0.5182041789482059,-0.13596932269118045,-0.675034200135346,-0.8650770165029447,714,528,186,0.01476388444728707,0.03512418718686707,0.02494403581707707,0.01018015136979,0.06527903483304898,-0.3536294624350499,-0.0002313115349453565,-0.5167402735840007
20,200,0.0,1,0.0,1.5,1,1,100,200,-0.4887307852490862,-0.1256405310550961,-0.7176184601570081,-0.6556654748729975,995,739,256,0.02459759087517322,0.05588423409018228,0.040240912482677756,0.01564332160750453,0.29809734811521604,-0.3521746794423526,-3.920232618710947e-05,-0.51723303487725
12,120,0.0025,1,0.2,1.5,1,1,100,200,-0.5118171885990797,-0.13368898405209972,-0.6833716492919742,-0.8440384752854005,725,534,191,0.014790534058202751,0.03552393135060228,0.025157232704402517,0.010366698646199766,0.10288532708807008,-0.36390314839477556,-0.0002143205708809426,-0.5175767324623569
12,96,0.005,1,0.2,2.5,1,1,100,200,-0.5167637532328403,-0.13545294710625855,-0.6869008089812577,-0.7913311931245784,771,578,193,0.01732224709519241,0.03837543971858011,0.02784884340688626,0.010526596311693849,0.1939687294933492,-0.40484656870527325,-0.00018281713890918694,-0.5184699112531164
12,200,0.005,1,0.2,1.5,1,1,100,200,-0.5144706598511171,-0.13463343459213206,-0.6837185100991492,-0.8491362020700898,765,564,201,0.01561667199658885,0.03709625839462744,0.026356465195608143,0.010739793199019295,0.21076421660339761,-0.4120842640454576,-0.00019459974393550058,-0.5189494997452111
12,120,0.0,1,0.2,2.5,1,1,100,200,-0.5117964419896512,-0.13368161590210215,-0.6961310636077869,-0.7484947245139262,866,640,226,0.018867924528301886,0.043332267348896704,0.031100095938599297,0.012232171410297409,0.2585218140056611,-0.4018133295000025,-0.00012324016481864793,-0.5191718839316919
48,200,0.0,1,0.0,2.5,1,1,100,200,-0.48609643648451006,-0.12474072709306905,-0.7321338736390721,-0.572061123857271,1181,881,300,0.030220658778381836,0.0671570195075152,0.04868883914294851,0.018468180364566676,0.4287757476001044,-0.3507191632138493,1.3815683399443607e-05,-0.5194107201054686
48,120,0.0025,1,-0.2,2.5,1,1,100,200,-0.5481468427788976,-0.14699376900358452,-0.684268620634211,-0.6136625560034304,1083,831,252,0.03816224283125466,0.07973563585971645,0.058948939345485556,0.02078669651423089,0.09711889940177332,-0.2920983919159472,-3.9495168168206506e-05,-0.5198112071208616
12,60,0.0,0,0.2,0.75,1,1,100,200,-0.5729947880384378,-0.1565953140821812,-0.6410084341723061,-0.8668516138229105,826,632,194,0.0202270546850016,0.04106705042106385,0.030647052553032725,0.010419997868031126,-0.110098737904336,-0.27472980552635107,-0.00022552382204511865,-0.5204421118594798
30,200,0.0,1,0.0,1.5,1,1,100,200,-0.49632384394004614,-0.1282549757144179,-0.7190004571124426,-0.6703278979411026,1016,753,263,0.02494403581707707,0.056710372028568386,0.04082720392282273,0.015883168105745655,0.28285765367955396,-0.3473960577690606,-4.0508172487083074e-05,-0.5212715991676944
30,60,0.005,0,0.0,0.75,1,1,100,200,-0.5688757972035595,-0.15497330975537427,-0.6598241899230033,-0.730009323285213,944,731,213,0.028195288348790107,0.055164694595458905,0.041679991472124506,0.013484703123334399,0.022724759338075495,-0.3241008603794979,-0.00012238270723223597,-0.5213858708811365
20,120,0.01,1,-0.2,999.0,1,1,100,200,-0.5977703788108355,-0.1666246925470274,-0.642509763058811,-0.6772370568557634,959,758,201,0.038935081547809405,0.07293998507621789,0.05593753331201364,0.017002451764204243,-0.06227655058217518,-0.307060120816778,-0.00010340362835596021,-0.5217414269192211
48,200,0.01,1,0.0,999.0,1,1,100,200,-0.5361114422128337,-0.14249426098270457,-0.6938764661528283,-0.6468885269791225,996,760,236,0.028062040294211704,0.05838929751625626,0.04322566890523399,0.01516362861102228,0.17927064167087225,-0.35265929969131293,-6.933608485612645e-05,-0.5217769204080749
48,120,0.0,1,0.0,1.5,1,1,100,200,-0.5191617478474375,-0.1363132835314783,-0.6981470934401934,-0.7453601220101805,913,685,228,0.02289201577656966,0.05151369790001066,0.03720285683829016,0.0143108410617205,0.11394483251123733,-0.3185400484893969,-9.747318770653465e-05,-0.5226548363520841
48,120,0.005,1,0.0,2.5,1,1,100,200,-0.5065065754277223,-0.13181104233017504,-0.7171580067604741,-0.6537261507408585,963,725,238,0.0253171303698966,0.055591088370109794,0.0404541093700032,0.015136979000106599,0.2852283663526394,-0.3784641885470331,-5.969217693545965e-05,-0.523076353247455
30,200,0.005,1,0.2,1.5,1,1,100,200,-0.5163393607776734,-0.13530104225005735,-0.6908256014913483,-0.849899675679698,785,578,207,0.015909817716661338,0.03786909711118218,0.026889457413921757,0.01097963969726042,0.2290218539920772,-0.4172472205047707,-0.00018590167277561317,-0.5232088267797164
12,200,0.0,1,0.2,1.5,1,1,100,200,-0.5184352228348629,-0.13605226407533322,-0.6919594452866371,-0.8348267269760619,829,604,225,0.016735955655047437,0.04050740859183456,0.028621682123441,0.011885726468393561,0.22535104630806502,-0.4050858898715899,-0.000160291691439629,-0.5237733230674548
30,120,0.01,1,-0.2,999.0,1,1,100,200,-0.6012233273929807,-0.1680614392848777,-0.643831890646402,-0.6864009090476569,965,760,205,0.03872188466048396,0.07299328429804924,0.0558575844792666,0.017135699818782647,-0.07577607844844525,-0.3008795080465946,-0.0001055514253895388,-0.5242974300604616
30,120,0.0,1,0.0,2.5,1,1,100,200,-0.5108841496415368,-0.13335786301141384,-0.7169280890832627,-0.6550533515001711,1002,758,244,0.02651636286110223,0.05785630529794265,0.042186334079522436,0.01566997121842021,0.20726783722650444,-0.33128039599109516,-5.159800814831191e-05,-0.5245745751280537
20,120,0.0025,1,0.2,1.5,1,1,100,200,-0.5279391838199079,-0.1394919593293683,-0.6811419262744598,-0.8906877829747226,719,531,188,0.014657286003624348,0.035230785630529796,0.02494403581707707,0.010286749813452723,0.06950807760197808,-0.3676146572451189,-0.00024405722441870446,-0.5245973116153343
30,60,0.005,1,0.0,999.0,1,1,100,200,-0.5437616949590485,-0.14534337600219538,-0.6899735470096724,-0.6877584097488499,877,674,203,0.025423728813559324,0.05239313506022812,0.03890843193689372,0.013484703123334399,0.13966678208221928,-0.3792744659520756,-0.00011913461761465345,-0.5247180699944741
20,200,0.0,1,0.2,1.5,1,1,100,200,-0.5136945827191568,-0.134356779016796,-0.6985581231563562,-0.8232825270269829,829,606,223,0.016842554098710157,0.04056070781366592,0.02870163095618804,0.01185907685747788,0.24145769254843064,-0.4070237966121306,-0.0001537288336261491,-0.5247999669463232
12,200,0.005,1,0.0,2.5,1,1,100,200,-0.4964968656149472,-0.12831491694104347,-0.7325325669690386,-0.6201711003975261,1029,773,256,0.027155953523078563,0.0590288881782326,0.04309242085065558,0.015936467327577017,0.394460534960555,-0.3959173791700892,-3.0960968518741845e-05,-0.5255897554454391
12,120,0.005,1,0.2,2.5,1,1,100,200,-0.5239684059631142,-0.138048170000861,-0.6956081267597081,-0.7988818178035365,800,599,201,0.01769534164801194,0.03970792026436414,0.02870163095618804,0.0110062893081761,0.21210415136620342,-0.41405469914107684,-0.00017587629891953365,-0.5257963242708918
48,200,0.0025,1,0.2,1.5,1,1,100,200,-0.5194121681058457,-0.13640332540461086,-0.6953619148441934,-0.8373638936378706,837,614,223,0.016709306044131754,0.04053405820275024,0.028621682123441,0.011912376079309242,0.1776663811184953,-0.3797765433494319,-0.0001588859685281837,-0.5259524775086011
20,60,0.01,1,0.2,999.0,1,1,100,200,-0.5811523818411001,-0.15984496027356365,-0.6431952069433762,-0.893780493409999,680,530,150,0.017642042426180577,0.03496428952137299,0.02630316597377678,0.008661123547596204,-0.09784397780679921,-0.3476638460691288,-0.0003359065625360443,-0.5261315884157517
30,96,0.0025,1,0.2,2.5,1,1,100,200,-0.5343283547800299,-0.141835607830459,-0.6866232547066515,-0.824829957433609,790,592,198,0.017508794371602174,0.03946807376612301,0.028488434068862596,0.01097963969726042,0.1019152683814164,-0.3726342362124204,-0.00019510998010822435,-0.5263887330554652
20,96,0.01,1,0.0,999.0,1,1,100,200,-0.5637225887438613,-0.15296140757787324,-0.673133663117401,-0.7394509288451813,862,674,188,0.02611661869736702,0.05111395373627545,0.03861528621682123,0.012498667519454216,0.01905063751857372,-0.3411376438405359,-0.00015005524357844099,-0.5265007855788328
20,120,0.0,1,0.0,2.5,1,1,100,200,-0.5081562697962143,-0.1323926700990986,-0.7238520166787261,-0.6470033257422828,1012,764,248,0.02670291013751199,0.058362647905340584,0.042532779021426284,0.015829868883914296,0.24849943683837084,-0.34649825256870215,-4.610083944134992e-05,-0.5266688447255758
30,200,0.0025,1,0.0,1.5,1,1,100,200,-0.512212071516243,-0.1338292743358931,-0.7162841509445035,-0.7169069292949531,976,725,251,0.023878051380449846,0.05441850548981985,0.039148278435134846,0.015270227054685002,0.19754855447768804,-0.33636905895006886,-6.871107346762001e-05,-0.5278166962728925
48,60,0.005,1,-0.2,999.0,1,1,100,200,-0.5931714772799335,-0.1647263647785141,-0.6611767889645968,-0.667090217438145,972,758,214,0.037975695554844896,0.07437906406566464,0.05617737981025477,0.01820168425540987,-0.08534163105941517,-0.27677674245059736,-9.499928701716443e-05,-0.5286692701327197
48,200,0.005,1,0.2,2.5,1,1,100,200,-0.5233150041942607,-0.1378115144985812,-0.7043670801835776,-0.7745642124771703,909,677,232,0.019320967913868458,0.044584799061933696,0.031952883487901075,0.012631915574032619,0.29806712786862977,-0.4214105167679266,-0.00012098195657136494,-0.5287232652142285
30,96,0.01,0,-0.2,1.5,1,1,100,200,-0.5681085913377752,-0.15467256474811752,-0.7090261818170182,-0.39340074162225663,1522,1197,325,0.06459865685960985,0.12397398997974629,0.09428632341967808,0.029687666560068222,0.13679584810931344,-0.18665867473541176,3.834033610189156e-05,-0.5288556927377394
30,96,0.01,1,0.0,999.0,1,1,100,200,-0.564019217944348,-0.15307669975804117,-0.6780971464611509,-0.7379660961104848,869,679,190,0.0261432683082827,0.0514603986781793,0.038801833493231,0.0126585651849483,0.03249548591371276,-0.34788028834986007,-0.0001473219923013339,-0.5290235777941409
48,200,0.005,0,0.2,0.75,1,1,100,200,-0.5992687930005791,-0.16724695530926714,-0.6478532024883873,-0.762273671360777,1002,775,227,0.02537042959172796,0.049728173968660055,0.03754930178019401,0.012178872188466049,0.04425643919497402,-0.3665943229584314,-0.0001555153413839831,-0.5292872401214996
48,96,0.01,0,0.2,0.75,1,1,100,200,-0.5826564115550502,-0.16044962098236737,-0.6513045316269142,-0.8770236935450647,787,621,166,0.021612834452616993,0.03930817610062893,0.030460505276622963,0.00884767082400597,-0.06232527353365758,-0.34025037495728716,-0.00026253179650156575,-0.5299530714730777
12,96,0.01,0,0.2,0.75,1,1,100,200,-0.5823019251072263,-0.1603069510254438,-0.6473419207276193,-0.9239807934918488,738,584,154,0.020093806630423195,0.03624347084532566,0.028168638737874428,0.00807483210745123,-0.12200085719371323,-0.31188167643179066,-0.00030777888308145256,-0.5301769510638459
48,120,0.0025,1,0.0,1.5,1,1,100,200,-0.5333970646110586,-0.14149240094561877,-0.7008176470817165,-0.789484723116421,878,658,220,0.021746082507195393,0.049514977081334614,0.035630529794265,0.013884447287069609,0.07645268260172178,-0.32755699619478573,-0.00012788647925579284,-0.531375460642298
48,96,0.0025,1,0.2,2.5,1,1,100,200,-0.5496521135089667,-0.14756324607022864,-0.6819238697243768,-0.8647582078046645,808,609,199,0.018015136979000108,0.04013431403901503,0.029074725509007568,0.011059588530007462,0.057941359122779756,-0.3623455685412037,-0.0002080698476445898,-0.5317630913226503
30,60,0.0025,1,-0.2,999.0,1,1,100,200,-0.6074674033945718,-0.17068501653808066,-0.6532312556414472,-0.6960375200267792,976,751,225,0.03778914827843514,0.07520520200405074,0.05649717514124294,0.018708026862807803,-0.1264479630061327,-0.2678911527473171,-0.00010561224477743665,-0.5321025203601433
12,60,0.0025,1,-0.2,999.0,1,1,100,200,-0.602055183846053,-0.16840905537829232,-0.6607200471612847,-0.6745813894226352,1022,789,233,0.03946807376612301,0.07784351348470313,0.058655793625413066,0.019187719859290055,-0.10989781883819705,-0.25464534808730566,-8.845457357809819e-05,-0.5324981484300665
20,60,0.005,0,-0.2,1.5,1,1,100,200,-0.5274406644927085,-0.13931016388741058,-0.750627161820874,-0.35918225690852923,1516,1153,363,0.05841594712717194,0.1199765483423942,0.08919624773478307,0.030780300607611128,0.3609789950341944,-0.25889035007024674,5.465379690707278e-05,-0.5325828576432741
30,120,0.005,1,0.2,2.5,1,1,100,200,-0.5398728101293448,-0.143890338258979,-0.6933492106814783,-0.8427896304482413,794,595,199,0.017615392815264898,0.03946807376612301,0.028541733290693955,0.010926340475429059,0.1579282347467943,-0.40890908959026706,-0.00020221661511952654,-0.5327044251221302
20,96,0.005,1,-0.2,999.0,1,1,100,200,-0.5978196698984789,-0.1666451326754964,-0.6656672634591034,-0.6664775911461133,1018,787,231,0.03970792026436414,0.07808335998294424,0.0588956401236542,0.019187719859290055,-0.05221002220919713,-0.29397531145190514,-8.538634717259757e-05,-0.5328026439623538
12,60,0.005,1,0.0,999.0,1,1,100,200,-0.5534555897864208,-0.14900899870408302,-0.6974984760393488,-0.7009499910361775,907,700,207,0.02659631169384927,0.05383221404967487,0.04021426287176207,0.013617951177912802,0.1243127250029552,-0.37485705644463885,-0.00011810712147300895,-0.5328057362755663
20,200,0.0025,1,0.0,1.5,1,1,100,200,-0.5188416687374335,-0.1361982495030003,-0.7217805243558131,-0.7361153574836311,955,711,244,0.023504956827630315,0.05340582027502398,0.03845538855132715,0.014950431723696833,0.19867112932449604,-0.3528343750667773,-8.242140974085121e-05,-0.5338942795550884
12,60,0.0,1,0.0,999.0,1,1,100,200,-0.5653199552398018,-0.15358300508519696,-0.6897263431215022,-0.70908670181666,990,754,236,0.028088689905127386,0.059162136232811004,0.04362541306896919,0.015536723163841809,0.07271332143911202,-0.33516242062527735,-9.879739805885486e-05,-0.533900511736781
48,60,0.01,1,0.2,999.0,1,1,100,200,-0.5994078564157042,-0.16730480001198822,-0.6389927944963976,-0.9459810710854525,693,540,153,0.017828589702590342,0.03547063212877092,0.026649610915680633,0.008821021213090289,-0.15273294353150912,-0.3313439499491123,-0.0003598382299296622,-0.5341002508144597
20,200,0.0,1,0.0,2.5,1,1,100,200,-0.5091236372634504,-0.13273445808158402,-0.7407672898066024,-0.6289053321230134,1121,838,283,0.028994776676260527,0.06433216075045305,0.04666346871335678,0.01766869203709626,0.4110629136163948,-0.3905912645747326,-1.8017237721131805e-05,-0.5345633695910359
12,60,0.01,0,0.0,1.5,1,1,100,200,-0.48075426444028047,-0.12292729104860689,-0.7819579496337097,-0.4158021535412218,1235,974,261,0.03853533738407419,0.07376612301460399,0.05615073019933909,0.017615392815264898,0.4287292727986596,-0.3259891237078876,4.544772570579202e-05,-0.5346963735425229
30,120,0.0025,1,0.0,2.5,1,1,100,200,-0.5323359513351731,-0.14110201771698094,-0.7171866028343292,-0.7119152751404424,961,731,230,0.025610276089969086,0.05551113953736275,0.04056070781366592,0.014950431723696833,0.13927656518730114,-0.33620266173011826,-8.608664205417892e-05,-0.5352910828911677
30,120,0.0,1,0.2,2.5,1,1,100,200,-0.5434216302587609,-0.14521592026060648,-0.6971721406623521,-0.8329655218200556,850,633,217,0.018708026862807803,0.04258607824325765,0.030647052553032725,0.011939025690224923,0.14015077681532007,-0.387403713855467,-0.00017285239592028246,-0.5354502666827853
20,60,0.01,0,-0.2,2.5,1,1,100,200,-0.5350123867413857,-0.14208804292331279,-0.75596556711997,-0.3298597079943108,1548,1219,329,0.0683829016096365,0.1261592580748321,0.0972710798422343,0.028888178232597803,0.23112618303890886,-0.18084363690960914,5.819082736466169e-05,-0.5365638118830134
12,60,0.01,0,-0.2,2.5,1,1,100,200,-0.5197797821214547,-0.13653557382900905,-0.7682461655970225,-0.3190198004316371,1528,1208,320,0.06662402728920158,0.12306790320861316,0.09484596524890737,0.02822193795970579,0.2406806012515812,-0.16887870357853496,6.265258781350143e-05,-0.5366096466491022
48,120,0.0025,1,0.2,1.5,1,1,100,200,-0.5457731880781539,-0.14609883856218697,-0.6883182836823005,-0.9364853117263919,732,540,192,0.015057030167359556,0.03611022279074726,0.025583626479053406,0.010526596311693849,0.05720972087846077,-0.38041178322061275,-0.0002613283883291141,-0.5370822459896568
20,120,0.005,1,0.2,2.5,1,1,100,200,-0.5464792755280705,-0.14636466051823038,-0.6955447392632784,-0.8598212948491681,795,597,198,0.017562093593433536,0.03946807376612301,0.028515083679778275,0.01095299008634474,0.15819309222785805,-0.4172377702117477,-0.00021159579910969763,-0.537128094892328
12,120,0.01,0,-0.2,1.5,1,1,100,200,-0.5820481632854699,-0.160204879118248,-0.7115837841080902,-0.43149195671740664,1535,1198,337,0.06379916853213943,0.12306790320861316,0.0934335358703763,0.02963436733823686,0.10232846589652511,-0.18300464292289187,3.0629390048392484e-05,-0.5375713690081634
48,200,0.01,0,0.2,0.75,1,1,100,200,-0.5964328098704306,-0.1660707900836712,-0.654439876225445,-0.8900435171843513,876,693,183,0.023824752158618484,0.043278968127065345,0.033551860142841915,0.00972710798422343,-0.10154781815289471,-0.3038714630524273,-0.00022913046498468668,-0.5377929040556113
20,120,0.0025,1,0.0,2.5,1,1,100,200,-0.5288696833651875,-0.13983169655441097,-0.7257339974746114,-0.7020206705759201,968,735,233,0.025663575311800448,0.055830934868350925,0.040747255090075686,0.015083679778275237,0.17851395743692744,-0.351279805710068,-8.019768172100494e-05,-0.5377997288205127
20,96,0.0025,1,0.2,2.5,1,1,100,200,-0.5550337613790196,-0.14961177560817862,-0.6880127705048297,-0.8838882663102311,792,593,199,0.017508794371602174,0.03941477454429165,0.028461784457946913,0.01095299008634474,0.055557225016690914,-0.3735752589084458,-0.00022587549516734195,-0.5378125741761051
48,200,0.005,1,-0.2,999.0,1,1,100,200,-0.5875069195820439,-0.162411606101576,-0.6904335204745244,-0.6083476492178989,1247,956,291,0.04546423622215116,0.09258074832107452,0.06902249227161283,0.023558256049461677,0.10556752881239406,-0.30388383230806815,-2.814077770492018e-05,-0.5380457487997332
30,200,0.0,1,0.2,1.5,1,1,100,200,-0.5338637550562271,-0.14166432107623417,-0.7054663313812926,-0.8736420649512402,849,621,228,0.017162349429698326,0.04114699925381089,0.02915467434175461,0.011992324912056283,0.2070519397234316,-0.4095392586800348,-0.00017218997727793775,-0.5380795900144425
30,200,0.0,1,0.0,2.5,1,1,100,200,-0.5159321587100093,-0.1351553906235884,-0.74177905007672,-0.6415580802408443,1142,852,290,0.029367871229080054,0.06518494829975482,0.04727640976441744,0.017908538535337384,0.3958859866566431,-0.3860960191766517,-1.900760495640102e-05,-0.5381228196739907
30,200,0.0025,1,0.0,2.5,1,1,100,200,-0.5230994190324354,-0.13773348866438895,-0.7347768543314346,-0.6659329979271854,1094,822,272,0.028515083679778275,0.06251998720818676,0.045517535443982515,0.017002451764204243,0.3124798653167853,-0.3720086047986825,-3.7319406425604685e-05,-0.5384185657264655
12,120,0.01,1,0.0,999.0,1,1,100,200,-0.5748017734745721,-0.15731083295895243,-0.6875786777515889,-0.7529098877710658,895,697,198,0.026862807803006077,0.053139324165867176,0.040001065984436625,0.013138258181430551,0.03755758290886657,-0.358827895485732,-0.00014748211847680445,-0.5387456662233001
12,200,0.0025,1,0.0,1.5,1,1,100,200,-0.5339590815877637,-0.1416994545394913,-0.7173220504766964,-0.7728244552586045,951,707,244,0.023345059162136233,0.053299221831361265,0.03832214049674875,0.014977081334612515,0.14569406380400984,-0.3454933602659134,-9.955956808346933e-05,-0.5390017025407697
12,60,0.01,1,0.2,999.0,1,1,100,200,-0.5995248121206924,-0.16735346124574924,-0.6494784649081338,-0.9383912841434432,692,540,152,0.017935188146253066,0.03568382901609637,0.026809508581174715,0.00887432043492165,-0.12206656239444158,-0.3552111878378428,-0.0003573587296974394,-0.5390122579069883
30,96,0.005,1,-0.2,999.0,1,1,100,200,-0.5969281767604716,-0.1662757556788077,-0.6794764311247055,-0.6613125583244489,1032,801,231,0.03981451870802686,0.0785630529794265,0.05918878584372668,0.01937426713569982,-0.027776981729789818,-0.30534600776469356,-8.138479543599492e-05,-0.5390795991573829
48,200,0.005,0,-0.2,1.5,1,1,100,200,-0.5733983260091132,-0.15675489420674182,-0.7348194975199116,-0.3099996891811409,2002,1503,499,0.07584479266602707,0.16432150090608677,0.12008314678605693,0.04423835412002985,0.5486481838208173,-0.25026586832701114,7.760097300709128e-05,-0.5396646274257547
12,200,0.0,1,0.0,2.5,1,1,100,200,-0.5261560002231198,-0.1388423903326267,-0.7354645392556075,-0.6646711178663196,1119,835,284,0.028834879010766444,0.0643854599722844,0.046610169491525424,0.01777529048075898,0.33973652300550006,-0.38103724282130425,-3.2931115317385266e-05,-0.5398082158537464
12,96,0.01,1,0.0,999.0,1,1,100,200,-0.5767036525021845,-0.15806655919340595,-0.6875541187897283,-0.7672611327188055,869,681,188,0.026409764417439505,0.051620296343673384,0.03901503038055645,0.012605265963116938,0.018165590019347144,-0.3579420187584029,-0.00016199373945355314,-0.5402066752242104
12,60,0.0,0,-0.2,1.5,1,1,100,200,-0.5002631899429519,-0.1296238144452483,-0.7903386238794805,-0.3096951346358059,1627,1223,404,0.06014817183669118,0.1274117897878691,0.09377998081228014,0.033631808975588956,0.42982655935320513,-0.21142156667470224,7.632658981069424e-05,-0.5402778831167788
30,60,0.0,1,0.0,999.0,1,1,100,200,-0.5714726182141954,-0.15599445168941717,-0.6949925853258072,-0.7358927308962411,949,720,229,0.026756209359343353,0.056763671250399744,0.04175994030487155,0.015003730945528196,0.069079893101476,-0.35569324747859377,-0.00012073218970384207,-0.5402853808971328
48,200,0.0,1,0.2,2.5,1,1,100,200,-0.536791976513556,-0.14274617695501457,-0.7170745432071779,-0.7879439071344508,990,730,260,0.020893294957893615,0.04882208719752692,0.034857691077710265,0.01396439611981665,0.30510519082222043,-0.41768217152202947,-0.00010211285123635388,-0.5406806439153261
20,120,0.0,1,0.2,2.5,1,1,100,200,-0.5510010470788416,-0.14807487233470673,-0.7008421388012862,-0.8515399983938063,858,638,220,0.018708026862807803,0.042852574352414456,0.030780300607611128,0.012072273744803326,0.15066489798944227,-0.40068466578330286,-0.00017957110533202555,-0.5410729416550402
20,60,0.005,0,-0.2,0.75,1,1,100,200,-0.60334060287032,-0.16894735086990165,-0.6774650805053705,-0.6763022761437125,1040,806,234,0.040081014817183666,0.07637778488434069,0.05822939985076218,0.01814838503357851,-0.013775467637217598,-0.32340068501424246,-8.788107228986024e-05,-0.5414950049297724
12,60,0.005,0,0.2,0.75,1,1,100,200,-0.5972029881477952,-0.16638954998253286,-0.6539950628440077,-0.9674171516049103,764,593,171,0.019134420637458693,0.03741605372561561,0.028275237181537148,0.009140816544078457,-0.14314696522973103,-0.31115441080454587,-0.00031483475802967636,-0.5417579389847822
48,120,0.01,1,-0.2,999.0,1,1,100,200,-0.618483106200088,-0.17539601770396474,-0.661190655921522,-0.7199434333025994,994,777,217,0.03882848310414668,0.07501865472764098,0.05692356891589383,0.01809508581174715,-0.059646052149421425,-0.33300779574760353,-0.00011264363564330892,-0.5419885173298558
20,96,0.01,0,-0.2,1.5,1,1,100,200,-0.5972514712754187,-0.16640963239123818,-0.7058536440047821,-0.45823790127350766,1483,1161,322,0.06297303059375334,0.1201097963969726,0.09154141349536296,0.028568382901609637,0.023530984805099964,-0.17388052431305678,1.723743865157335e-05,-0.5422483494573046
48,96,0.01,1,0.0,999.0,1,1,100,200,-0.5944644382918963,-0.16525832955167297,-0.6737897907530884,-0.813007548449554,883,691,192,0.026569662082933588,0.05209998934015563,0.03933482571154461,0.012765163628611022,-0.04935512132513664,-0.3365631415048004,-0.000179039350756018,-0.5428036023506949
12,96,0.01,0,-0.2,0.75,1,1,100,200,-0.6050432347107577,-0.1696625150003257,-0.6785295376089471,-0.6845681876271537,1004,802,202,0.04173329069395587,0.07344632768361582,0.05758980918878585,0.015856518494829976,-0.11451580128386973,-0.263048183484078,-9.999852130004005e-05,-0.543155693186157
30,96,0.01,0,0.2,0.75,1,1,100,200,-0.5927919937758828,-0.16457049005918067,-0.6660781254321988,-0.912594088735358,769,604,165,0.020813346125146574,0.03840208932949579,0.02960771772732118,0.008794371602174608,-0.09455928564957483,-0.33933046989225,-0.00029293584935757643,-0.543239257212048
30,60,0.005,0,-0.2,1.5,1,1,100,200,-0.5538746057680729,-0.1491688739758349,-0.749288424822723,-0.3942527589077702,1534,1165,369,0.05982837650570302,0.12330774970685428,0.09156806310627864,0.031739686600575634,0.3831926540074795,-0.3053573539905987,4.3439202535798885e-05,-0.5435257243325848
48,60,0.0,1,-0.2,999.0,1,1,100,200,-0.6138910305686429,-0.17341910512473735,-0.6708072699688503,-0.7002324344075395,1050,806,244,0.03960132182070142,0.0799488327470419,0.05977507728387166,0.020173755463170236,-0.14515325402166945,-0.23636952690544544,-9.143532108151597e-05,-0.5438343618295395
20,60,0.0025,1,-0.2,999.0,1,1,100,200,-0.6100385711246775,-0.1717750560317861,-0.6753368911599681,-0.6981609276933208,989,759,230,0.0382421916640017,0.07560494616778594,0.05692356891589383,0.01868137725189212,-0.09482736339167719,-0.2935156185618163,-0.0001046757642795818,-0.5443515479964363
20,200,0.0025,1,0.0,2.5,1,1,100,200,-0.5300491383384351,-0.14026310273443043,-0.7401737715001075,-0.6842665228658924,1073,808,265,0.028115339516043066,0.061480652382475215,0.044797995949259144,0.016682656433216075,0.312402959730403,-0.38758966981684273,-4.915949013777797e-05,-0.5445633146277788
48,96,0.005,1,-0.2,999.0,1,1,100,200,-0.6139910168845721,-0.17346194896365286,-0.6729209996179417,-0.6970849833119093,1063,828,235,0.04061400703549728,0.08005543119070462,0.06033471911310095,0.019720712077603668,-0.06813507516011497,-0.2950964633164602,-8.88884256002412e-05,-0.5447766979382191
20,60,0.0,0,0.2,0.75,1,1,100,200,-0.5994310409522818,-0.16731444539463336,-0.6616166052513073,-0.9355029107408507,830,632,198,0.02076004690331521,0.04170664108304019,0.0312333439931777,0.010473297089862488,-0.10063744636881067,-0.32544125970812143,-0.00026119692223964186,-0.5448978935573295
48,60,0.01,0,0.2,0.75,1,1,100,200,-0.6007042922276968,-0.16784483866330346,-0.6596102047166633,-0.9465541690880487,726,571,155,0.01980066091035071,0.03643001812173542,0.028115339516043066,0.008314678605692356,-0.135653728180253,-0.3358056132313001,-0.0003402198559492622,-0.5449776494760376
48,120,0.0025,1,0.0,2.5,1,1,100,200,-0.5486269399587624,-0.14717523531699972,-0.7219934708538388,-0.7418625639612961,991,750,241,0.02611661869736702,0.057349962690544716,0.04173329069395587,0.01561667199658885,0.16439362930477808,-0.3636697838637555,-9.201696396146255e-05,-0.5452650989419839
48,120,0.0,1,0.0,2.5,1,1,100,200,-0.5455125727737354,-0.1460008077776921,-0.725937837735114,-0.726455542767994,1035,780,255,0.0271026543012472,0.05977507728387166,0.04343886579255943,0.016336211491312227,0.18969155537256377,-0.3589511954618241,-7.46338176890003e-05,-0.5452925037836488
20,60,0.0025,0,0.0,0.75,1,1,100,200,-0.5953663449409505,-0.165630206038218,-0.6819160481395901,-0.800372735464952,965,739,226,0.02782219379597058,0.055537789148278435,0.041679991472124506,0.013857797676153928,-0.0874780844036065,-0.28151419830641145,-0.00014765864166369175,-0.5466068668812606
20,60,0.005,1,0.0,999.0,1,1,100,200,-0.5681064675543623,-0.15467173281746616,-0.7097038851513435,-0.7417431523362757,885,680,205,0.025690224922716127,0.05244643428205948,0.039068329602387805,0.013378104679671677,0.12325210892897087,-0.40141913982291677,-0.00014459837110803519,-0.5466108330099517
48,96,0.01,0,0.0,0.75,1,1,100,200,-0.6008666600303473,-0.16791257279655192,-0.6796371219673469,-0.7792818171744796,950,753,197,0.030886899051273852,0.055457840315531394,0.04317236968340262,0.012285470632128771,-0.0996735564849971,-0.28704935069738124,-0.00015418912276002924,-0.5466952246389494
30,200,0.01,1,0.0,999.0,1,1,100,200,-0.5792458487533005,-0.15908097335485294,-0.7011758378634867,-0.7499243222840611,972,744,228,0.027715595352307856,0.057243364246882,0.042479479799594926,0.01476388444728707,0.10952429965196409,-0.38338867924764564,-0.00012239880813829003,-0.5471651084007993
12,96,0.0,0,0.0,0.75,1,1,100,200,-0.5971274148162922,-0.1663582502772334,-0.685564327075378,-0.7654139477273901,1089,833,256,0.031579788935081544,0.06307962903741605,0.0473297089862488,0.01574992005116725,-0.023168928171967362,-0.2889817742604427,-0.00010181675157444598,-0.5474111112012918
12,96,0.0025,1,0.2,2.5,1,1,100,200,-0.5616511638369182,-0.15215804070549932,-0.702700207644479,-0.8991581784517698,799,598,201,0.01772199125892762,0.03984116831894254,0.028781579788935082,0.011059588530007462,0.08544808475307963,-0.3977804690311725,-0.00023085764449888636,-0.5484660534503274
48,120,0.005,1,0.2,2.5,1,1,100,200,-0.5615908368126507,-0.1521346894408926,-0.7032655773128398,-0.8949028678233873,814,608,206,0.017801940091674663,0.04061400703549728,0.02920797356358597,0.01140603347191131,0.14870169617096196,-0.4265779107398687,-0.00022105740644670752,-0.5485126214884819
20,96,0.0,1,-0.2,999.0,1,1,100,200,-0.621336491337134,-0.17663402250834226,-0.6735271011518333,-0.7049802824911151,1103,839,264,0.04149344419571474,0.0843460185481292,0.06291973137192197,0.021426287176207228,-0.1154043715712868,-0.2568406075781673,-8.322689194256979e-05,-0.5486465872088147
12,96,0.005,0,-0.2,1.5,1,1,100,200,-0.5546913727764644,-0.14948085644350784,-0.7600675163408825,-0.3879936376348501,1625,1243,382,0.06339942436840422,0.12965035710478626,0.09652489073659525,0.033125466368191026,0.352872256595937,-0.25808042408871634,5.131495846588055e-05,-0.5489142964956916
20,200,0.005,1,0.2,2.5,1,1,100,200,-0.5522308040987262,-0.14854236951926414,-0.715303595511913,-0.858468067810411,873,651,222,0.018787975695554845,0.042985822406992856,0.030886899051273852,0.012098923355719007,0.259554369792683,-0.44988404147259176,-0.0001764271274199043,-0.5491175706657412
12,96,0.0,0,-0.2,0.75,1,1,100,200,-0.6084467287159079,-0.17109952355786084,-0.6927390290174853,-0.639285358229596,1209,920,289,0.04522438972391003,0.08930284617844579,0.06726361795117791,0.022039228227267883,-0.02061769986347084,-0.2681277599435644,-4.89196653626638e-05,-0.5494333059780833
12,120,0.005,1,-0.2,999.0,1,1,100,200,-0.6119286348133581,-0.17258001531800704,-0.6859218771513242,-0.6847506601695861,1076,833,243,0.04133354653022066,0.08168105745656114,0.0615073019933909,0.020173755463170236,-0.01535499049785205,-0.32494248296366435,-8.245212475298968e-05,-0.5497784869021485
20,60,0.005,0,0.2,0.75,1,1,100,200,-0.60680956273288,-0.17040704459177813,-0.6623333163175698,-0.990326001806482,770,593,177,0.01945421596844686,0.03816224283125466,0.02880822939985076,0.009354013431403902,-0.12377139771180223,-0.3404758366562801,-0.00032289532039316514,-0.5510900028408872
20,96,0.01,0,0.0,0.75,1,1,100,200,-0.6031931039109986,-0.16888551186022727,-0.6842714052118171,-0.8074983054760012,916,725,191,0.029341221618164375,0.05289947766762605,0.04112034964289522,0.011779128024730839,-0.13143478265880215,-0.2776737570420065,-0.00017576169931019032,-0.5513961297399359
48,60,0.01,0,0.0,0.75,1,1,100,200,-0.6030512252514284,-0.16882604650999977,-0.6857635265371004,-0.8033983432197637,881,701,180,0.028595032512525317,0.05156699712184202,0.040081014817183666,0.011485982304658353,-0.1407346390591322,-0.2822689695336006,-0.00018872669819896277,-0.5518777269395381
30,96,0.01,1,0.2,999.0,1,1,100,200,-0.6151538475855018,-0.1739608715243669,-0.6585102300863829,-0.9777697445394238,733,563,170,0.018361581920903956,0.03744270333653129,0.02790214262871762,0.009540560707813665,-0.11006972384002445,-0.37606420741441204,-0.00035366450331993706,-0.5521044737945294
48,120,0.0,1,0.2,2.5,1,1,100,200,-0.5676646935738059,-0.154498751742578,-0.7059471706258809,-0.8927532349487941,873,649,224,0.019027822193795972,0.04381196034537896,0.03141989126958746,0.012392069075791493,0.12697558297197986,-0.4063600139460699,-0.00019373997647330029,-0.5521099988029581
20,120,0.01,0,-0.2,1.5,1,1,100,200,-0.60827517274408,-0.17102685130192508,-0.7171798187081881,-0.45668859448916976,1554,1218,336,0.06515829868883914,0.12613260846391644,0.09564545357637778,0.030487154887538642,0.023689380134828575,-0.16757694105721554,2.0796139776789134e-05,-0.5524511903804776
20,200,0.0025,1,0.2,1.5,1,1,100,200,-0.557297005832959,-0.1504792052023579,-0.7087602795065957,-0.9554003586820166,796,584,212,0.015909817716661338,0.0386685854386526,0.027289201577656966,0.011379383860995629,0.11452628604614601,-0.40855471487071493,-0.00023847616608327262,-0.5526293628897566
48,120,0.01,0,0.2,0.75,1,1,100,200,-0.6108964741962415,-0.1721400407463155,-0.666735516217194,-0.9498135201283797,808,635,173,0.021879330561773797,0.04021426287176207,0.031046796716767935,0.009167466154994136,-0.09990545548604213,-0.3524461560620148,-0.0002954603776859309,-0.5529984748613315
20,60,0.0,1,0.0,999.0,1,1,100,200,-0.5836294449356512,-0.1608417359693476,-0.7093919401030251,-0.7608625894144482,962,731,231,0.027262551966741287,0.05716341541413495,0.04221298369043812,0.014950431723696833,0.07215051805455985,-0.37169265487700787,-0.00012984086842440153,-0.5535808354915825
12,200,0.0025,1,0.0,2.5,1,1,100,200,-0.5521138972541925,-0.14849788275895226,-0.7378228653228921,-0.7358670213399069,1066,801,265,0.02784884340688626,0.061267455495149774,0.04455814945101801,0.016709306044131754,0.23243298022887915,-0.38064289587695477,-7.186130649873695e-05,-0.5542026664873936
12,120,0.0025,1,0.2,2.5,1,1,100,200,-0.5681865824037223,-0.15470311775642553,-0.710090870383477,-0.9055833358722942,828,619,209,0.01809508581174715,0.041173648864726575,0.02963436733823686,0.011539281526489713,0.1019351655717109,-0.40709792517031773,-0.00022260918050919803,-0.5550277197417788
30,60,0.0025,1,0.0,999.0,1,1,100,200,-0.5956137898327176,-0.16573234905038192,-0.6986709406164218,-0.802482038159111,910,697,213,0.025956721031872933,0.054365206267988485,0.040160963649930714,0.014204242618057776,0.004338864463635739,-0.3652985719452774,-0.00016493979053778713,-0.5551919212665484
12,60,0.005,0,-0.2,2.5,1,1,100,200,-0.5370907414679416,-0.14285686543453247,-0.79198374167873,-0.3318826283024486,1690,1296,394,0.06835625199872082,0.13636605905553778,0.10236115552712931,0.03400490352840849,0.4711775668474285,-0.2673418489638002,6.69581423551005e-05,-0.5554428676890198
30,60,0.01,0,-0.2,2.5,1,1,100,200,-0.5679905434826156,-0.15462632788233643,-0.7649437794057197,-0.3718889856025184,1574,1236,338,0.07035497281739686,0.12978360515936468,0.10006928898838077,0.029714316170983905,0.2988780085510183,-0.2691973342321603,4.513994155512494e-05,-0.5556926668653221
20,60,0.0025,0,-0.2,0.75,1,1,100,200,-0.6185628632939446,-0.17543052132253145,-0.6917848187970832,-0.6936935715310643,1081,828,253,0.040374160537256155,0.07933589169598124,0.0598550261166187,0.01948086557936254,-0.06881881405773005,-0.29663030590023887,-8.908838515432263e-05,-0.5560076092976263
48,200,0.0,0,0.2,0.75,1,1,100,200,-0.6272608868040168,-0.17922847346585924,-0.6725240589567205,-0.8122190195816256,1090,837,253,0.02744909924315105,0.05441850548981985,0.04093380236648545,0.013484703123334399,-0.01599559238347925,-0.34663237815891934,-0.00015369240640426008,-0.5561014539233008
20,96,0.01,1,0.2,999.0,1,1,100,200,-0.6226524055135803,-0.1772074768137213,-0.6574484610934921,-1.003436801124266,728,562,166,0.018441530753650997,0.03720285683829016,0.02782219379597058,0.009380663042319583,-0.13883224382156378,-0.36936720671401646,-0.00037219945387122736,-0.5561035474166807
20,60,0.01,0,0.0,1.5,1,1,100,200,-0.5384023096722256,-0.14334346127386277,-0.7754121252828301,-0.5014216096640584,1251,985,266,0.03968127065344846,0.07555164694595459,0.05761645879970152,0.017935188146253066,0.3371231739639624,-0.3546261781286498,7.798813014678776e-06,-0.5561206043984808
30,200,0.005,1,-0.2,999.0,1,1,100,200,-0.6106015351878813,-0.1720144898931617,-0.7019999816203754,-0.6634718531603698,1211,927,284,0.04474469672742778,0.09058202750239847,0.06766336211491313,0.022918665387485344,0.0796538991899689,-0.33909239470040564,-5.167621000755772e-05,-0.5561880733613679
30,60,0.005,0,-0.2,0.75,1,1,100,200,-0.6199779540988699,-0.1760436636086271,-0.6899003990642502,-0.7040613705504997,1050,812,238,0.040667306257328645,0.07840315531393241,0.05953523078563053,0.018867924528301886,-0.02773022801120495,-0.3391793113776257,-9.741894692415699e-05,-0.5561969316682772
20,200,0.01,1,0.0,999.0,1,1,100,200,-0.5908515637571039,-0.16377526005463672,-0.707171596286784,-0.7793045244018076,960,737,223,0.027688945741392176,0.0566837224176527,0.042186334079522436,0.014497388338130263,0.1042933839636746,-0.4011612302918067,-0.000139723999926573,-0.5563262844181192
48,200,0.0025,1,0.2,2.5,1,1,100,200,-0.5656328153507085,-0.1537049650443083,-0.7182233751872813,-0.8722063350067267,949,707,242,0.02028035390683296,0.04666346871335678,0.03347191131009487,0.013191557403261913,0.19466509377390984,-0.4155665019247228,-0.00015617846655873455,-0.5564269693882853
20,200,0.005,1,-0.2,999.0,1,1,100,200,-0.6079877434064889,-0.17090515134938267,-0.7061194402684967,-0.6586996267929807,1186,909,277,0.04439825178552393,0.08938279501119284,0.06689052339835838,0.02249227161283445,0.10341517475765305,-0.3570729076733693,-5.419594758041893e-05,-0.55689985282328
48,60,0.01,0,-0.2,0.75,1,1,100,200,-0.6168860587546565,-0.17470633239249655,-0.6951784652999327,-0.6924168736448294,987,787,200,0.04112034964289522,0.07336637885086877,0.057243364246882,0.016123014603986782,-0.1267883630148522,-0.28123591720742613,-0.00011204429700272078,-0.5569164087247044
20,96,0.01,0,-0.2,0.75,1,1,100,200,-0.6186255262772217,-0.17545763392711022,-0.6938277459043947,-0.6969863647767228,1013,801,212,0.04199978680311268,0.07509860356038801,0.05854919518175035,0.01654940837863767,-0.13559626148083226,-0.2677487010044748,-0.0001065351713842583,-0.5572208251181437
30,96,0.01,0,0.0,0.75,1,1,100,200,-0.6111284623175602,-0.172238847901388,-0.6892518987642293,-0.8122097848197114,933,739,194,0.02998081228014071,0.05417865899157872,0.04207973563585972,0.012098923355719007,-0.12284740625907486,-0.29306408215433744,-0.00017566268394634044,-0.5574752865244882
48,96,0.01,0,-0.2,0.75,1,1,100,200,-0.6212834073982725,-0.17661092284708313,-0.6948753291987249,-0.6721124845114569,1065,847,218,0.04439825178552393,0.07914934441957147,0.061773798102547704,0.01737554631702377,-0.12716492919561972,-0.2609024009590657,-9.113104527859652e-05,-0.5576542116720185
12,96,0.005,1,-0.2,999.0,1,1,100,200,-0.6198745288987558,-0.17599878887674014,-0.6928912138094496,-0.7110945031939683,1040,808,232,0.04053405820275024,0.07917599403048715,0.0598550261166187,0.019320967913868458,-0.05364279352366841,-0.32428822743005115,-9.898029405196334e-05,-0.5579991209411633
30,96,0.0,1,-0.2,999.0,1,1,100,200,-0.6270727496411271,-0.17914557784079377,-0.6876730384684402,-0.7159293784825315,1114,853,261,0.04165334186120882,0.0843460185481292,0.062999680204669,0.021346338343460187,-0.11242055070669643,-0.26653498599437264,-8.608869576577485e-05,-0.5587785659991404
30,60,0.0025,0,0.0,0.75,1,1,100,200,-0.6088559077152845,-0.17127295738466064,-0.693302767032873,-0.8199833722998742,979,752,227,0.02840848523611555,0.057136765803219275,0.042772625519667415,0.01436414028355186,-0.07694609569936284,-0.30856712461665314,-0.00015456402491225191,-0.5589235095160909
30,120,0.01,0,0.2,0.75,1,1,100,200,-0.6168561913077311,-0.17469345605138897,-0.671030613154504,-0.9743273776911169,796,627,169,0.021666133674448352,0.0396279714316171,0.030647052553032725,0.008980918878584373,-0.12837987512736848,-0.3454738634909782,-0.00031501002846730366,-0.5589251315131968
12,200,0.0025,1,0.2,1.5,1,1,100,200,-0.5724673912260068,-0.15638693540691673,-0.7059444379855173,-1.0006917943512181,794,582,212,0.015803219272998614,0.03850868777315851,0.027155953523078563,0.01135273425007995,0.06989139461383487,-0.40558798703531473,-0.0002643296813153056,-0.5593937441172363
20,60,0.0,0,-0.2,1.5,1,1,100,200,-0.5351995799130845,-0.14215717643687298,-0.7997185193156449,-0.34969341308379215,1639,1225,414,0.061347404327896815,0.12999680204669012,0.09567210318729347,0.03432469885939665,0.4041728708285235,-0.248655230287382,6.267146485025885e-05,-0.559501106748885
20,200,0.0,1,0.2,2.5,1,1,100,200,-0.5655881111933815,-0.15368753404928925,-0.7253437156072857,-0.8726247115688327,946,698,248,0.020067157019507516,0.04687666560068223,0.03347191131009487,0.013404754290587358,0.2538569191792961,-0.4439339457215776,-0.00015631364605486016,-0.5599906274313737
30,120,0.0025,1,0.2,2.5,1,1,100,200,-0.5808218745794257,-0.15971232020528514,-0.7066262401877361,-0.9447526875382299,817,613,204,0.018015136979000108,0.04072060547916,0.029367871229080054,0.01135273425007995,0.04691397589669988,-0.39752188387047627,-0.0002484647597006462,-0.5602630746760647
48,60,0.005,0,-0.2,1.5,1,1,100,200,-0.6049317867067464,-0.1696156276455264,-0.7360083263280741,-0.459163807529702,1607,1223,384,0.06206694382262019,0.1300234516576058,0.096045197740113,0.033978253917492804,0.14783915136717818,-0.23116359632801387,2.6245882005063376e-05,-0.5605779811860485
48,60,0.0,0,-0.2,0.75,1,1,100,200,-0.6200598633499643,-0.17607920980671787,-0.7045707488315403,-0.6511680876493052,1178,897,281,0.04437160217460825,0.08845005862914401,0.06641083040187613,0.022039228227267883,-0.05596591926066341,-0.2745776657203065,-6.166576540873227e-05,-0.5609229886049533
30,200,0.005,1,0.2,2.5,1,1,100,200,-0.5701961099816673,-0.15549187663420871,-0.7208144137125965,-0.9041618373605987,890,664,226,0.01905447180471165,0.043572113847137835,0.031313292825924745,0.01225882102121309,0.22154213167467862,-0.4508749358291877,-0.000193616648373533,-0.5611071753585369
12,120,0.01,0,0.0,0.75,1,1,100,200,-0.6156062791883149,-0.17415531709140275,-0.6896983071731405,-0.8431810761725678,941,741,200,0.029820914614646626,0.054072060547916,0.04194648758128131,0.012125572966634687,-0.13866639518356205,-0.28551757910096587,-0.00018188465796571183,-0.5611635244866015
20,120,0.01,1,0.0,999.0,1,1,100,200,-0.6071595504960422,-0.1705548863038906,-0.6991178549857967,-0.8387236938629933,888,692,196,0.02651636286110223,0.05268628078030061,0.03960132182070142,0.013084958959599189,-0.007255652678769042,-0.383044629336184,-0.00019113647981723445,-0.5620499984899385
12,200,0.005,1,0.2,2.5,1,1,100,200,-0.5758764696713041,-0.15773753869255558,-0.7166397950817263,-0.9251083403408078,867,647,220,0.018628078030060762,0.04266602707600469,0.030647052553032725,0.012018974522971964,0.18114743198472705,-0.4460099074727595,-0.00021369548947836742,-0.5623128532504591
12,60,0.0025,1,0.0,999.0,1,1,100,200,-0.605300038212345,-0.16977059525177973,-0.7048384740618954,-0.8168741094792561,947,728,219,0.027182603133994242,0.05617737981025477,0.041679991472124506,0.014497388338130263,-0.01593106546557732,-0.3559324388043449,-0.00016128965087733533,-0.5630335377566902
30,200,0.0025,1,0.2,1.5,1,1,100,200,-0.5716638523065515,-0.15606984571324978,-0.7146744511896186,-0.9930899073233694,817,600,217,0.016309561880396548,0.03938812493337597,0.02784884340688626,0.011539281526489713,0.09493785487053374,-0.41136115449080957,-0.000248952433239735,-0.5630615666742276
20,96,0.0,0,-0.2,0.75,1,1,100,200,-0.6243781610540324,-0.17796196280765997,-0.7051891915136471,-0.6598418374923126,1210,912,298,0.04514444089116299,0.09055537789148278,0.06784990939132289,0.0227054685001599,-0.05686389327376773,-0.27055872582287077,-5.88122796141078e-05,-0.5635486504390992
48,200,0.01,0,0.0,0.75,1,1,100,200,-0.6216199501571418,-0.17675741446507853,-0.693813747919112,-0.8037799729075392,1057,829,228,0.03360515936467327,0.061267455495149774,0.04743630742991152,0.013831148065238247,-0.14060009469598034,-0.2530096996272193,-0.00013667081595244415,-0.5638532870700115
12,200,0.0,1,0.2,2.5,1,1,100,200,-0.5767191390627022,-0.15807272403501516,-0.7212573038458399,-0.9032959814268505,942,692,250,0.01982731052126639,0.046690118324272466,0.033258714422769425,0.013431403901503039,0.2153156758609378,-0.44211666511467373,-0.0001729283571003455,-0.5638661750292776
30,120,0.005,1,-0.2,999.0,1,1,100,200,-0.6314168921736782,-0.18106825420842232,-0.6932330701894575,-0.7344247515653524,1070,827,243,0.04050740859183456,0.08096151796183776,0.06073446327683616,0.0202270546850016,-0.05731748382852886,-0.33230883542003176,-0.0001016444626633618,-0.5644060268814187
12,96,0.01,1,0.2,999.0,1,1,100,200,-0.6240008165873556,-0.177796754452892,-0.6728925270565058,-1.0050898643567623,733,566,167,0.0185747788082294,0.03749600255836265,0.028035390683296024,0.009460611875066624,-0.11362201361990887,-0.38796441556523065,-0.00036979933412713647,-0.5644975111989831
20,120,0.005,1,-0.2,999.0,1,1,100,200,-0.6300406217343553,-0.18045717734454592,-0.6956539442562664,-0.7294683257404053,1067,826,241,0.040747255090075686,0.0810414667945848,0.06089436094233024,0.020147105852254557,-0.044161352298364154,-0.3400310494154297,-0.00010063826081171913,-0.5647575657596994
12,60,0.005,0,0.0,1.5,1,1,100,200,-0.5317544841340496,-0.1408883965274712,-0.8009590735528807,-0.49012756767116405,1367,1048,319,0.03946807376612301,0.0815744590128984,0.06052126638951071,0.021053192623387697,0.5498651208494498,-0.4014585443269494,3.0715192547908715e-05,-0.5658743116874697
20,120,0.0025,1,0.2,2.5,1,1,100,200,-0.5886714652432826,-0.16288539924277767,-0.710862260954748,-0.966437272095341,822,616,206,0.017935188146253066,0.04085385353373841,0.029394520839995737,0.011459332693742672,0.052657259031342996,-0.41055740039419786,-0.000258265144460362,-0.5666383933249188
20,96,0.01,0,0.2,0.75,1,1,100,200,-0.6232337009451558,-0.17746130552448303,-0.6771754769051195,-1.018578618599697,755,593,162,0.020413601961411364,0.037469352947446966,0.028941477454429165,0.008527875493017803,-0.17458067507081232,-0.33413745894253555,-0.00036235385677808657,-0.5669779749070276
30,60,0.0025,0,-0.2,0.75,1,1,100,200,-0.6315779014331858,-0.1811398630047294,-0.7012484639718504,-0.7135761466990019,1087,833,254,0.041226948086557934,0.08136126212557297,0.06129410510606545,0.020067157019507516,-0.07916194373688179,-0.310934521223751,-9.61963629474301e-05,-0.5674429023256047
48,200,0.01,1,0.2,999.0,1,1,100,200,-0.6199407813751467,-0.17602753376500657,-0.6866403700032879,-0.9627750114430077,839,638,201,0.019614113633940944,0.04215968446860676,0.030886899051273852,0.011272785417332907,-0.030033994908455264,-0.40388938622157344,-0.0002856080856817085,-0.5674864693388009
48,60,0.0025,1,-0.2,999.0,1,1,100,200,-0.641427834572635,-0.18556899652411385,-0.6868729336711588,-0.771893836850044,1010,785,225,0.03885513271506236,0.0769107771026543,0.05788295490885833,0.019027822193795972,-0.21665629791344554,-0.24142630416372146,-0.00012830562428373555,-0.5676001552021954
48,200,0.0,1,-0.2,999.0,1,1,100,200,-0.6290535400394806,-0.18002002265241412,-0.7078394524605534,-0.6821651232261406,1370,1036,334,0.048502291866538746,0.10094872614859823,0.07472550900756848,0.02622321714102974,0.061852238155824635,-0.30687228937309896,-3.616787196428651e-05,-0.5680480050439979
30,200,0.01,0,-0.2,1.5,1,1,100,200,-0.6370751927225742,-0.1835999326206258,-0.7225058928188275,-0.4677706629527084,1734,1333,401,0.07056816970472231,0.14204242618057777,0.10630529794265003,0.035737128237927726,0.1370735165095185,-0.24027644658632663,2.5882462240050053e-05,-0.568241412177675
12,200,0.01,1,0.0,999.0,1,1,100,200,-0.6120194215136041,-0.17261875933370274,-0.7084965749664338,-0.8332427994102499,957,734,223,0.027635646519560814,0.056470525530327255,0.042053086024944036,0.014417439505383222,0.045269729220550614,-0.400977007842388,-0.00016609648411971764,-0.5685291867874321
12,96,0.01,0,-0.2,2.5,1,1,100,200,-0.595466084267339,-0.1656713715173842,-0.765978557356973,-0.4073681760595013,1655,1303,352,0.07325978040720606,0.13577976761539282,0.10451977401129943,0.03125999360409338,0.17135209846680888,-0.2098017986775883,3.9262488893056055e-05,-0.5690290589988457
12,200,0.005,1,-0.2,999.0,1,1,100,200,-0.6273190416605967,-0.1792541040060579,-0.7093298128359619,-0.7030089330328819,1178,903,275,0.0440251572327044,0.08879650357104786,0.06641083040187613,0.02238567316917173,0.04953953086321605,-0.35996780023909714,-7.106090027296636e-05,-0.5690694570756829
30,120,0.01,1,0.0,999.0,1,1,100,200,-0.6225865740801086,-0.17717875055158305,-0.6957661219031683,-0.8820367754510706,889,691,198,0.026409764417439505,0.05257968233663789,0.039494723377038694,0.013084958959599189,-0.05690003444754488,-0.3757597170435908,-0.00021182206521130854,-0.5691636502757208
20,120,0.01,0,0.2,0.75,1,1,100,200,-0.6258842758502168,-0.1786226928577611,-0.6802783106499879,-1.0090809449444356,789,622,167,0.021399637565291545,0.039148278435134846,0.030273958000213198,0.00887432043492165,-0.1470428802813426,-0.34919514652611416,-0.00033829436810612295,-0.5692158954299769
48,96,0.0,1,-0.2,999.0,1,1,100,200,-0.6432499696844971,-0.18639898120446463,-0.6906847166849658,-0.7517005823948575,1145,882,263,0.04271932629783605,0.08583839675940731,0.06427886152862168,0.02155953523078563,-0.14488949242852556,-0.2603307817961321,-9.330975906211423e-05,-0.5693263686666903
48,120,0.0025,1,0.2,2.5,1,1,100,200,-0.5922365774419847,-0.16434255940752607,-0.7136352794431045,-0.9707704170488695,838,627,211,0.018308282699072594,0.04191983797036563,0.03011406033471911,0.01180577763564652,0.06202098440923365,-0.4161650853159997,-0.0002516037372340354,-0.5696987199815218
12,96,0.0,1,-0.2,999.0,1,1,100,200,-0.6415638895796085,-0.18563085304964244,-0.6953688662177548,-0.7437475011133944,1130,863,267,0.042532779021426284,0.08607824325764844,0.06430551113953736,0.021772732118111076,-0.10712328949313332,-0.2935880983756156,-9.353774929380927e-05,-0.5705026612141896
20,200,0.01,0,0.2,0.75,1,1,100,200,-0.629708303721135,-0.18030989764529992,-0.680980326598213,-0.9966682336311068,855,675,180,0.023025263831148064,0.04183988913761859,0.03243257648438333,0.009407312653235262,-0.13483238960421917,-0.34362649415842605,-0.0002997304124107452,-0.5706334726259616
30,200,0.01,0,0.2,0.75,1,1,100,200,-0.6301510751303372,-0.18050615250877167,-0.6817648046230955,-0.9941555651329766,868,686,182,0.023478307216714636,0.04250612941051061,0.03299221831361262,0.009513911096897986,-0.13522619439265504,-0.33983457343285717,-0.0002913273923987723,-0.5710963330769683
12,96,0.005,0,0.0,0.75,1,1,100,200,-0.6230605726592421,-0.1773856745185981,-0.7017177468349654,-0.8623779560469598,1010,781,229,0.02963436733823686,0.05798955335252105,0.04381196034537896,0.014177593007142096,-0.06050324840803656,-0.33510993301774783,-0.00016272046401135862,-0.5713634457384288
48,96,0.01,1,0.2,999.0,1,1,100,200,-0.6353922701057417,-0.18284366769517313,-0.6738603494936324,-1.0391033732984722,746,576,170,0.01865472764097644,0.037895746722097855,0.028275237181537148,0.009620509540560708,-0.1610731195090762,-0.36884777895353915,-0.0003828695894719217,-0.5717290111069129
12,120,0.0,1,-0.2,999.0,1,1,100,200,-0.6426454169572907,-0.18612323161720612,-0.6975825674802638,-0.7377599407274057,1173,895,278,0.04359876345805351,0.08884980279287923,0.06622428312546637,0.022625519667412854,-0.0872246992874619,-0.29609688061759754,-8.426652529712841e-05,-0.5718025123937083
12,200,0.01,0,0.2,0.75,1,1,100,200,-0.6320687105295657,-0.18135830469374092,-0.680818454321414,-1.0063351112685475,849,670,179,0.022838716554738302,0.041600042639377464,0.03221937959705788,0.009380663042319583,-0.15059796191914032,-0.3376957586784951,-0.00030772871330005396,-0.5720842874178753
30,200,0.0,1,0.2,2.5,1,1,100,200,-0.583188150954712,-0.16066381168841937,-0.7313693947268698,-0.9178293365495206,965,712,253,0.020386952350495684,0.0474629570408272,0.033924954695661445,0.013538002345165761,0.21971791327307733,-0.446292831388143,-0.000172005470830228,-0.5722399758793303
48,200,0.01,0,-0.2,2.5,1,1,100,200,-0.6199154520976535,-0.17601654370633524,-0.7561097670111758,-0.3637529731475516,1989,1538,451,0.08458586504637032,0.16762605265963118,0.12610595885300074,0.04152009380663042,0.32578534050036634,-0.22478730513186884,5.8990153527227365e-05,-0.5722590758693007
12,60,0.01,0,0.0,2.5,1,1,100,200,-0.535535000466766,-0.14228110848158804,-0.8150874792351258,-0.45101753466841377,1399,1111,288,0.045517535443982515,0.08575844792666026,0.06563799168532139,0.020120456241338878,0.5310326335670694,-0.3892921426770579,3.8392757306254166e-05,-0.5723757248325717
12,120,0.01,1,0.2,999.0,1,1,100,200,-0.6313859796641087,-0.1810545087467127,-0.682809152610671,-1.016552162477569,756,582,174,0.018787975695554845,0.038561986994989875,0.028674981345272358,0.009887005649717515,-0.10176705154827281,-0.40105459583700775,-0.00036419589359527155,-0.5732866931759266
12,120,0.01,0,0.2,0.75,1,1,100,200,-0.6318637190182674,-0.18126704192863585,-0.6806406235434953,-1.0434630123345454,775,608,167,0.020733397292399532,0.03821554205308603,0.029474469672742778,0.008741072380343247,-0.16353977406106057,-0.35152307983919784,-0.0003642755814533571,-0.5737605043171107
30,96,0.0025,1,-0.2,999.0,1,1,100,200,-0.6490865408467483,-0.1890805749601131,-0.6923939342597127,-0.7752317593465944,1071,829,242,0.04077390470099137,0.08117471484916321,0.060974309775077284,0.02020040507408592,-0.1771343183217411,-0.27139200694003285,-0.00011714987377345719,-0.5740391300572992
30,60,0.01,0,0.0,1.5,1,1,100,200,-0.5747794169794861,-0.1573019655260951,-0.7776155685843826,-0.5624018161562412,1275,1006,269,0.04101375119923249,0.0777369150410404,0.059375333120136445,0.018361581920903956,0.37812124707146055,-0.4162070835285162,-1.5438815003822365e-05,-0.5742298406260985
48,200,0.0025,1,-0.2,999.0,1,1,100,200,-0.6444656848687788,-0.1869546286932069,-0.702181850860464,-0.7249926959495618,1312,1001,311,0.04730305937533312,0.09676473723483638,0.07203389830508475,0.024730838929751624,-0.03686450389019935,-0.28852021831891184,-5.810808649494109e-05,-0.574295188920917
20,60,0.005,0,-0.2,2.5,1,1,100,200,-0.5782357598373902,-0.15867733152709085,-0.7939103647926122,-0.38195543781515523,1714,1305,409,0.06952883487901076,0.13961731158725083,0.1045730732331308,0.03504423835412003,0.40695503603045036,-0.2935637344807075,5.153242182491595e-05,-0.5747302858141548
30,60,0.0,0,0.2,0.75,1,1,100,200,-0.6335860742217543,-0.1820351067395496,-0.6839138714917735,-1.0159849947653419,843,643,200,0.021239739899797463,0.04287922396333013,0.0320594819315638,0.010819742031766336,-0.1442781128670234,-0.3472599899269828,-0.00030345694234791277,-0.5747912922237034
48,200,0.0,0,-0.2,0.75,1,1,100,200,-0.6486795537690444,-0.18889243358881658,-0.7117418830205058,-0.605356215902104,1474,1119,355,0.055910883701097966,0.10905020786696515,0.08248054578403155,0.026569662082933588,-0.023687777142346822,-0.24791006297949592,-2.253449750227008e-05,-0.5750311858941747
48,96,0.01,0,-0.2,1.5,1,1,100,200,-0.645555178332074,-0.18745387877287834,-0.7241779385849691,-0.5124602500613918,1577,1238,339,0.0667306257328643,0.12882421916640016,0.09777742244963224,0.031046796716767935,0.00031805271678719826,-0.2202823466299395,3.4947126210647795e-06,-0.5751658605684326
12,120,0.01,0,-0.2,0.75,1,1,100,200,-0.6387665557998663,-0.1843628219521808,-0.7072919796280108,-0.7460252980978884,1052,829,223,0.042772625519667415,0.07699072593540135,0.059881675727534375,0.017109050207866964,-0.15264951680110472,-0.27852564807239,-0.00011618972637005794,-0.5753100766710806
30,120,0.01,0,-0.2,1.5,1,1,100,200,-0.6413093417704547,-0.1855151398338083,-0.7306009437558509,-0.5068230370097968,1582,1235,347,0.06627758234729773,0.12885086877731586,0.09756422556230679,0.03128664321500906,-0.006092874135001591,-0.20386428450319816,6.180517713409916e-06,-0.5761567635622236
30,60,0.0,0,-0.2,1.5,1,1,100,200,-0.5713854331720393,-0.15596008792544402,-0.801606454541643,-0.3998349395242912,1653,1237,416,0.06302632981558469,0.13322140496748747,0.09812386739153608,0.03509753757595139,0.38902126520939295,-0.2946702739641226,4.703071525433071e-05,-0.5767550621724801
48,200,0.01,0,-0.2,0.75,1,1,100,200,-0.644726134198357,-0.18707386571807394,-0.7093936101428047,-0.7000497466005114,1191,936,255,0.04876878797569555,0.08789041679991472,0.06832960238780514,0.019560814412109582,-0.18213791393199807,-0.21192014370661616,-7.968023341439434e-05,-0.5767731581195018
20,60,0.0025,1,0.0,999.0,1,1,100,200,-0.6190014885299153,-0.17562037764884697,-0.7178031625401882,-0.8603983475446993,921,706,215,0.026329815584692464,0.05457840315531393,0.0404541093700032,0.014124293785310734,-0.013726326440710035,-0.38769407497502884,-0.0001904427735013543,-0.577541876296176
12,60,0.0025,0,-0.2,1.5,1,1,100,200,-0.5770536876707679,-0.1582059441647109,-0.79521684136204,-0.43631905106356217,1572,1188,384,0.05772305724336425,0.12216181643748002,0.08994243684042214,0.03221937959705788,0.17725483049807766,-0.2114021445739186,3.564750555062887e-05,-0.577630317398909
30,96,0.005,0,-0.2,1.5,1,1,100,200,-0.6162354275394537,-0.17442601629456833,-0.7607839181881453,-0.4587267718513576,1684,1283,401,0.06539814518708027,0.13692570088476708,0.10116192303592368,0.03576377784884341,0.17573386352382014,-0.24225469126416566,2.928060464231064e-05,-0.5777543139812088
20,96,0.0025,1,-0.2,999.0,1,1,100,200,-0.6526284709654755,-0.19072534525913432,-0.6956612928284387,-0.7872168412625629,1060,816,244,0.040587357424581604,0.08093486835092208,0.060761112887751836,0.020173755463170236,-0.1887550403905418,-0.27242821747815016,-0.0001229509444435764,-0.5779168337364818
30,96,0.01,0,-0.2,0.75,1,1,100,200,-0.6423787562440102,-0.18600172047050756,-0.7116598366350233,-0.726846796778236,1041,827,214,0.04301247201790854,0.07712397398997975,0.06006822300394414,0.017055750986035605,-0.1705061340650721,-0.2743671427274317,-0.00011824579967936552,-0.578173978626931
48,200,0.005,0,0.0,0.75,1,1,100,200,-0.6446307127949895,-0.18703017246963238,-0.7075771062321833,-0.7522441702002947,1207,925,282,0.035790427459759085,0.07006182709732438,0.052926127278541735,0.017135699818782647,-0.029448609852518404,-0.33038739391510974,-0.00010436812854918394,-0.5784309340957388
12,96,0.0,0,-0.2,1.5,1,1,100,200,-0.5743352050282375,-0.1571258515073447,-0.8031348955929599,-0.39609761826308304,1747,1315,432,0.06654407845645453,0.13983050847457626,0.1031872934655154,0.03664321500906087,0.37296882840789114,-0.2572234978477477,5.3548182097806116e-05,-0.5784981802169789
30,120,0.01,0,0.0,0.75,1,1,100,200,-0.6348417318907634,-0.18259687516893164,-0.705226119446601,-0.8672292159489163,957,755,202,0.03083359982944249,0.05577763564651956,0.04330561773798103,0.012472017908538535,-0.1633692304235499,-0.2956164824432074,-0.00019422165813167162,-0.578571395689678
48,60,0.01,0,-0.2,2.5,1,1,100,200,-0.6411677249650012,-0.1854507916142104,-0.7393372233163349,-0.4692681624453719,1647,1296,351,0.07331307962903742,0.1370056497175141,0.10515936467327577,0.03184628504423835,-0.013093009032164704,-0.17139753828541426,1.691392579335779e-05,-0.5785828113946464
12,96,0.0,0,0.2,0.75,1,1,100,200,-0.6337607568117545,-0.18211316565103075,-0.6921014030098324,-1.0163692710043004,896,682,214,0.022065877838183562,0.04482464556017482,0.03344526169917919,0.011379383860995629,-0.09984949197977411,-0.3631130765428995,-0.00027482587416300975,-0.578982330706162
30,200,0.01,0,-0.2,0.75,1,1,100,200,-0.6469484419819606,-0.18809412033394524,-0.7110967142255438,-0.7116157933638233,1174,924,250,0.0480225988700565,0.08623814092314253,0.06713036989659951,0.019107771026543013,-0.15070553779831308,-0.2522189504982363,-8.647087881033058e-05,-0.5792232671149082
12,60,0.0025,0,0.2,0.75,1,1,100,200,-0.6354667167329027,-0.18287706313197094,-0.6878746215120686,-1.0723421756927445,795,609,186,0.01905447180471165,0.038935081547809405,0.028994776676260527,0.009940304871548875,-0.22419996919598761,-0.3007014565732805,-0.00035912809931646126,-0.5804314826726424
30,60,0.005,1,0.2,999.0,1,1,100,200,-0.6469197136570835,-0.18808089851881316,-0.6786698698628697,-1.0731781698249823,756,574,182,0.018334932309988273,0.038695235049568275,0.028515083679778275,0.01018015136979,-0.1410662705527791,-0.4000456847224013,-0.0003934256281302263,-0.5810747419414971
48,120,0.01,1,0.0,999.0,1,1,100,200,-0.6359204348312032,-0.18308071104440216,-0.7056291864411415,-0.912251956634414,910,701,209,0.026276516362861102,0.05383221404967487,0.04005436520626799,0.013777848843406887,-0.041969073149507374,-0.4009401940515488,-0.00021885927773767993,-0.5815079020966936
20,200,0.0025,1,0.2,2.5,1,1,100,200,-0.5997255775494381,-0.16743701932418964,-0.730624684394124,-0.9799043729380935,906,675,231,0.019347617524784137,0.04466474789468074,0.03200618270973244,0.0126585651849483,0.12990245601923878,-0.44268403072833007,-0.00022583222861819417,-0.5817445801681563
30,200,0.01,0,0.0,0.75,1,1,100,200,-0.6405427947204838,-0.18516707651593012,-0.7081512832602282,-0.8605907948629832,1044,820,224,0.03320541520093807,0.060121522225775506,0.04666346871335678,0.013458053512418718,-0.1343389010160454,-0.30006500831181127,-0.0001657046297655296,-0.5822722578891933
48,200,0.005,0,-0.2,0.75,1,1,100,200,-0.6562315521306251,-0.19241233407854796,-0.7164168602703089,-0.6457189536136186,1351,1039,312,0.05191344206374587,0.10009593859929646,0.07600469033152116,0.02409124826777529,-0.055872235654480296,-0.28439307857139806,-4.961175121463931e-05,-0.5829067118943834
30,120,0.0,1,-0.2,999.0,1,1,100,200,-0.6575131692781895,-0.19301580705987664,-0.7021253102194016,-0.7833295630562047,1156,883,273,0.04263937746508901,0.08703762925061294,0.06483850335785098,0.022199125892761965,-0.13395119385436816,-0.2950042541262885,-0.00010251092640331233,-0.5832449403223877
12,200,0.01,0,-0.2,0.75,1,1,100,200,-0.65192467317117,-0.19039745738392233,-0.713172417310348,-0.725355309163772,1151,904,247,0.046743417546103824,0.08458586504637032,0.06566464129623707,0.018921223750133248,-0.17341839212323873,-0.25116440266105367,-9.647957915673003e-05,-0.5832514314972849
30,60,0.005,0,0.2,0.75,1,1,100,200,-0.6397897783318693,-0.1848257346096085,-0.6902551179577451,-1.0693000999877094,787,605,182,0.01990725935401343,0.03946807376612301,0.029687666560068222,0.009780407206054791,-0.15884017912472403,-0.365231847371426,-0.00036345371578092825,-0.5834182985878664
48,200,0.0,0,-0.2,1.5,1,1,100,200,-0.6160091943633796,-0.1743286357048498,-0.7830642177244505,-0.3565381695931298,2184,1618,566,0.0806417226308496,0.17849909391322888,0.12957040827203922,0.048928685641189636,0.5690120835509576,-0.2704371460806152,7.140948164140857e-05,-0.5836876530467315
12,120,0.005,0,-0.2,1.5,1,1,100,200,-0.6274536398121622,-0.17931343760699636,-0.7615794181062295,-0.49527401345503963,1705,1296,409,0.06537149557616459,0.13636605905553778,0.10086877731585119,0.0354972817396866,0.16971422377577183,-0.2528132026702744,2.356854163782643e-05,-0.5848668473328632
48,120,0.005,1,-0.2,999.0,1,1,100,200,-0.6584061977803664,-0.19343737462448174,-0.7040182087641962,-0.7931690836842972,1102,849,253,0.04114699925381089,0.08335998294424901,0.06225349109902995,0.02110649184521906,-0.06849403465110948,-0.3636728618650258,-0.00011721914387994752,-0.5851049331907947
20,60,0.01,0,0.2,1.5,1,1,100,200,-0.6104477850325212,-0.17194907105112156,-0.7491938719949419,-0.7737225210715026,1040,809,231,0.027768894574139218,0.053725615606012155,0.040747255090075686,0.012978360515936467,0.03496400938134814,-0.3668158453152861,-0.0001454526080427335,-0.5852321331021677
48,200,0.0025,0,0.2,0.75,1,1,100,200,-0.6554347585461636,-0.1920380557825233,-0.6972096402964706,-0.8978928431775776,1049,805,244,0.025956721031872933,0.05202004050740859,0.038988380769640764,0.013031659737767829,-0.09063687561219858,-0.35970730408408,-0.00021285700877881312,-0.5855375180896375
30,96,0.0,0,-0.2,0.75,1,1,100,200,-0.6491982843008928,-0.1891322620928817,-0.7235833690514502,-0.693313131198442,1239,942,297,0.04658351988060974,0.09263404754290587,0.06960878371175781,0.023025263831148064,-0.11262449729697988,-0.26537282614370283,-7.061104151029851e-05,-0.5855896031785288
48,120,0.01,0,0.0,0.75,1,1,100,200,-0.642567793802759,-0.18608785305206987,-0.7131083805536886,-0.8800302080895976,977,767,210,0.030993497494936573,0.05679032086131543,0.043891909178126,0.012898411683189425,-0.13979046111243065,-0.3226777569791278,-0.0001952663473566079,-0.586643553733394
20,96,0.005,0,-0.2,1.5,1,1,100,200,-0.640409723387289,-0.18510671377541632,-0.75120501222265,-0.5207783480464601,1644,1248,396,0.06371921969939238,0.1327950111928366,0.09825711544611448,0.0345378957467221,0.08241951391466062,-0.24405244262929993,1.0803544964320727e-05,-0.5867481372890644
20,200,0.01,0,-0.2,0.75,1,1,100,200,-0.6557902101429142,-0.19220493663718652,-0.7179752574112221,-0.7328521950001986,1158,911,247,0.04727640976441744,0.0851721564865153,0.06622428312546637,0.018947873361048927,-0.17339597649605487,-0.25690370938978535,-9.80365261517715e-05,-0.5878351750928075
20,200,0.0,1,-0.2,999.0,1,1,100,200,-0.6505611097547892,-0.18976370154717292,-0.7222675932807723,-0.7403434220375029,1293,975,318,0.04666346871335678,0.09692463490033046,0.07179405180684362,0.025130583093486834,0.026933838981451075,-0.35036356933707746,-6.546015260879692e-05,-0.5879146692894343
20,120,0.01,1,0.2,999.0,1,1,100,200,-0.6520315214170518,-0.19044720207060273,-0.6865883093380467,-1.0836632476988117,752,580,172,0.018628078030060762,0.03834879010766443,0.028488434068862596,0.009860356038801834,-0.14085196254848253,-0.41006051542917954,-0.0004078974290495677,-0.5879245191245667
30,200,0.0,1,-0.2,999.0,1,1,100,200,-0.6496022067335591,-0.18931920703645577,-0.7236035919906039,-0.7371067763880279,1321,995,326,0.04727640976441744,0.0982304658351988,0.07275343779980813,0.025477028035390682,0.03022745972116825,-0.3415065140974949,-5.9964369984746715e-05,-0.5879763418511591
48,60,0.0,0,-0.2,1.5,1,1,100,200,-0.6162678413952528,-0.17443997238711817,-0.7815478996907744,-0.4566855771998207,1726,1298,428,0.06555804285257436,0.13969726041999786,0.10262765163628611,0.03706960878371176,0.14713331653134087,-0.20694342229108842,3.291471988033507e-05,-0.5880482010924964
12,60,0.0,0,-0.2,2.5,1,1,100,200,-0.5650637036127519,-0.15348316469007828,-0.8342713132388001,-0.3513264469634953,1834,1379,455,0.07102121309028889,0.14825178552393134,0.10963649930711011,0.03861528621682123,0.5470478590531038,-0.2964911939749172,6.630404065142752e-05,-0.5881851436576531
12,96,0.005,0,0.2,0.75,1,1,100,200,-0.6444648008681406,-0.18695422410542795,-0.6941975263573126,-1.0864375271395088,835,642,193,0.02078669651423089,0.04120029847564226,0.030993497494936573,0.010206800980705682,-0.12952893051154046,-0.3798574184368678,-0.00034131398495260867,-0.5883748636410597
12,60,0.01,0,0.2,1.5,1,1,100,200,-0.6010330161920618,-0.16798199359508625,-0.7645646659359556,-0.7633918581285786,1011,788,223,0.026649610915680633,0.05223323739473404,0.039441424155207336,0.012791813239526703,0.02835174434629928,-0.3567407629748399,-0.00014645452629038016,-0.588433919469493
30,60,0.0,1,0.2,999.0,1,1,100,200,-0.6527975812392193,-0.19080421013788118,-0.6888629897074503,-1.0706892302865103,818,611,207,0.019294318302952775,0.042106385246775395,0.030700351774864087,0.01140603347191131,-0.15692905823416525,-0.3800031459442962,-0.00035059821311037573,-0.5887701665059318
20,120,0.0,1,-0.2,999.0,1,1,100,200,-0.661720238575216,-0.1950095643835127,-0.7086482243470582,-0.7913790257330032,1159,885,274,0.0429325231851615,0.08759727107984223,0.06526489713250186,0.02233237394734037,-0.1119935095869733,-0.3198628969653661,-0.00010492797987127594,-0.588902627843692
20,200,0.01,0,0.0,0.75,1,1,100,200,-0.647633553781181,-0.188409688850406,-0.7135460695981821,-0.881523822096117,1031,810,221,0.032752371815371495,0.05934868350922076,0.04605052766229613,0.013298155846924635,-0.15159934315185342,-0.3044500173702819,-0.00017990737214070013,-0.5892589147543029
12,120,0.0025,1,-0.2,999.0,1,1,100,200,-0.6651617793249451,-0.19665533480333386,-0.7051767128464681,-0.8044783563747183,1123,866,257,0.04229293252318516,0.08477241232278009,0.06353267242298262,0.021239739899797463,-0.16037575602917753,-0.30069377987117774,-0.00011770081309816207,-0.5894676090453038
48,96,0.0025,1,-0.2,999.0,1,1,100,200,-0.6646192125561768,-0.1963949796515947,-0.7050770225841086,-0.8126119215952251,1103,857,246,0.041600042639377464,0.08258714422769428,0.06209359343353587,0.020493550794158405,-0.20308989252568765,-0.26936217804115437,-0.00012441174143073029,-0.5895640870234102
12,200,0.01,0,0.0,0.75,1,1,100,200,-0.6488325233025263,-0.18896312765534728,-0.7128834637878755,-0.8867762947374309,1023,802,221,0.032459226095299006,0.059002238567316914,0.04573073233130796,0.013271506236008954,-0.1643166749730307,-0.29907793471300315,-0.00018450578886473144,-0.5897436742861566
20,200,0.01,1,0.2,999.0,1,1,100,200,-0.6474634941858259,-0.18833131214656496,-0.6982837789072627,-1.0541870839988003,813,620,193,0.019241019081121417,0.04104040081014817,0.030140709945634794,0.010899690864513378,-0.07347729515116486,-0.4286096702412172,-0.00035146392849524927,-0.5901825558001363
12,60,0.0,1,0.2,999.0,1,1,100,200,-0.6497341472534179,-0.1893803096067257,-0.6970721700625468,-1.0464619507206112,851,635,216,0.019933908964929112,0.043705361901716235,0.031819635433322675,0.011885726468393561,-0.11168388239291815,-0.39651181255104206,-0.00032102032327588267,-0.5902394921740297
48,60,0.005,1,0.0,999.0,1,1,100,200,-0.6314576803638544,-0.18108639237107582,-0.7287725852302211,-0.9028643587291723,904,698,206,0.026063319475535657,0.053725615606012155,0.03989446754077391,0.013831148065238247,-0.06238207041329602,-0.38225155777104725,-0.00021504829524015705,-0.590615902922645
12,96,0.005,0,-0.2,0.75,1,1,100,200,-0.6528197814027119,-0.19081456550516585,-0.7223463460734929,-0.7761541776096595,1123,871,252,0.0429325231851615,0.08253384500586292,0.0627331840955122,0.01980066091035071,-0.08943580103511173,-0.3314071355093491,-0.00010934719111104028,-0.5907954474223953
12,200,0.01,0,-0.2,1.5,1,1,100,200,-0.657369231375892,-0.19294794130375958,-0.7441134322253218,-0.5235033801532332,1688,1303,385,0.06896919304978147,0.13724549621575524,0.10310734463276836,0.034138151582986886,0.04935227174247658,-0.2404764174664702,8.823926505027525e-06,-0.5911798264240822
30,200,0.0025,1,0.2,2.5,1,1,100,200,-0.6123277676282659,-0.17275040288866994,-0.7366010796610237,-1.0135483853179872,926,690,236,0.019747361688519347,0.045384287389404115,0.03256582453896173,0.012818462850442384,0.11059955326368409,-0.44532852491300046,-0.00023483123576370713,-0.5917283619850813
20,60,0.0025,0,0.2,0.75,1,1,100,200,-0.6470044449572488,-0.1881198974046957,-0.6978306979287816,-1.1039678797934749,799,609,190,0.01942756635753118,0.0396279714316171,0.02952776889457414,0.01010020253704296,-0.2085949771113249,-0.3348578505242863,-0.00037261403741888056,-0.5922336403587602
12,200,0.0025,1,0.2,2.5,1,1,100,200,-0.6196390284036151,-0.17589664496632484,-0.7298865353746198,-1.0418814252518944,900,669,231,0.019107771026543013,0.04437160217460825,0.031739686600575634,0.012631915574032619,0.06513056674086437,-0.43988849775051553,-0.00025992130912789834,-0.5929339839162294
30,200,0.0025,1,-0.2,999.0,1,1,100,200,-0.6617824626190592,-0.19503920124724827,-0.7188509337702692,-0.7745674352686681,1267,965,302,0.04621042532779021,0.09428632341967808,0.07024837437373414,0.02403794904594393,-0.05969118358843584,-0.32217126853918165,-8.080598626609296e-05,-0.5931930398958163
12,120,0.0,0,-0.2,0.75,1,1,100,200,-0.656100122447693,-0.19235054978491584,-0.7313395634115876,-0.7313551915979937,1268,958,310,0.04677006715701951,0.09346018548129198,0.07011512631915574,0.023345059162136233,-0.0956448012433454,-0.2830241263434218,-7.380324136110624e-05,-0.5945880910706093
20,120,0.01,0,0.0,0.75,1,1,100,200,-0.6503917577806005,-0.1896851284417711,-0.7185439187373668,-0.9161286196898871,954,753,201,0.030540454109370004,0.05521799381729027,0.04287922396333013,0.012338769853960133,-0.18384241718772254,-0.30973171843726355,-0.00021854503858236574,-0.5947635187949488
20,60,0.005,1,0.2,999.0,1,1,100,200,-0.6549958113460326,-0.19183216451463336,-0.6975304400008269,-1.0956682242113354,760,579,181,0.018414881142735318,0.038775183882315316,0.028595032512525317,0.01018015136979,-0.12944170766954288,-0.42043828882802137,-0.00040678621631490416,-0.5953807957256135
20,96,0.0,0,0.0,0.75,1,1,100,200,-0.6501330227676527,-0.18956514365004817,-0.7246661608232792,-0.8799339365404214,1099,834,265,0.03176633621149131,0.06422556230679032,0.047995949259140816,0.016229613047649503,-0.12032553137172186,-0.3108948995407339,-0.000154313959308934,-0.5958949208887089
30,60,0.005,0,-0.2,2.5,1,1,100,200,-0.6142484046974295,-0.17357227972632605,-0.801571338147366,-0.4324529196092127,1743,1323,420,0.07126105958853,0.14374800127918133,0.10750453043385566,0.03624347084532566,0.4266933391757157,-0.35351360232880424,3.717837270263595e-05,-0.5959805947804696
12,96,0.0025,1,-0.2,999.0,1,1,100,200,-0.6717815556143463,-0.19985938162790962,-0.7097683260792635,-0.8309975940202123,1085,839,246,0.04144014497388338,0.08221404967487475,0.06182709732437906,0.020386952350495684,-0.1932507672282826,-0.3000160228613502,-0.0001348610596621034,-0.596293424368552
30,120,0.01,1,0.2,999.0,1,1,100,200,-0.6597097120167585,-0.19405430343103702,-0.6935039779838925,-1.1104552266238175,754,580,174,0.018628078030060762,0.03834879010766443,0.028488434068862596,0.009860356038801834,-0.16746206493060944,-0.4040422272470682,-0.0004228701673143726,-0.5963290537541741
30,200,0.01,1,0.2,999.0,1,1,100,200,-0.6559076272866905,-0.19226009306111191,-0.7008724964779471,-1.079653374354208,824,628,196,0.0194009167466155,0.0414134953629677,0.0304072060547916,0.0110062893081761,-0.09010455744684398,-0.4289717029871677,-0.0003602167053683613,-0.5966790100177959
12,60,0.005,1,0.2,999.0,1,1,100,200,-0.659828996106337,-0.19411085269998263,-0.6949193595993995,-1.1030422150478438,776,592,184,0.018867924528301886,0.03960132182070142,0.029234623174501654,0.010366698646199766,-0.13288082423278613,-0.4216817456739528,-0.00040160090029338406,-0.5967226432520747
20,60,0.01,0,0.0,2.5,1,1,100,200,-0.5966218183503724,-0.16614897146535612,-0.8074099467258848,-0.54749702898474,1427,1130,297,0.04692996482251359,0.08802366485449313,0.06747681483850336,0.020546850015989767,0.3870884785673241,-0.4063166824418285,8.999834728098965e-07,-0.5972287962775356
20,96,0.005,1,0.0,999.0,1,1,100,200,-0.6351958078936323,-0.18275556441135465,-0.7390646203535712,-0.9006212334454432,956,733,223,0.027289201577656966,0.056550474363074296,0.04191983797036563,0.014630636392708667,-0.005076196635656616,-0.40855457496663905,-0.0001956727382405301,-0.5973189362604125
12,96,0.01,0,0.0,1.5,1,1,100,200,-0.6068568782420276,-0.17042702543832378,-0.7920294342379677,-0.6208805848400931,1348,1060,288,0.04271932629783605,0.08189425434388659,0.06230679032086132,0.019587464023025265,0.24543752509017636,-0.3805355060982255,-2.754682052374787e-05,-0.5974857717993123
20,200,0.01,0,-0.2,1.5,1,1,100,200,-0.6715439472130114,-0.19974348607262715,-0.7447681443601633,-0.5388100075364634,1708,1316,392,0.0700351774864087,0.1396439611981665,0.10483956934228761,0.034804391855878906,0.04427012777457007,-0.2609996314764841,3.9690134026793574e-06,-0.5990680586295319
20,60,0.005,0,0.0,1.5,1,1,100,200,-0.5963633168545034,-0.1660420523877959,-0.8064275814346318,-0.5981916946374737,1385,1056,329,0.040240912482677756,0.0835198806097431,0.06188039654621043,0.021639484063532673,0.42708477535131917,-0.43458803213649067,-1.2564036335296351e-05,-0.5991654278369855
20,60,0.0025,0,-0.2,1.5,1,1,100,200,-0.6172676563482907,-0.1748709160122207,-0.7995549273898159,-0.4927510809655779,1585,1190,395,0.05884234090182283,0.12503997441637352,0.09194115765909817,0.03309881675727534,0.12621860177122812,-0.24917812242093074,1.6617481453430268e-05,-0.5992859337554076
20,60,0.0,1,0.2,999.0,1,1,100,200,-0.6554821389623924,-0.19206029244236145,-0.7071912179796835,-1.0749219304656765,827,619,208,0.019534164801193903,0.042399530966847884,0.030966847884020893,0.01143268308282699,-0.12536193296008835,-0.4043254500989423,-0.0003498160663437112,-0.599401997955487
12,200,0.0,1,-0.2,999.0,1,1,100,200,-0.6714599794373669,-0.1997025460993226,-0.7211200703632643,-0.7906371179794933,1288,971,317,0.04634367338236862,0.09676473723483638,0.0715542053086025,0.025210531926233876,-0.04508244879820256,-0.3447938044667819,-8.312626491738496e-05,-0.5997944371799294
20,200,0.0025,1,-0.2,999.0,1,1,100,200,-0.6697451779111148,-0.19886828940260504,-0.7222279722218621,-0.796426804101988,1238,945,293,0.04559748427672956,0.09276729559748427,0.06918238993710692,0.02358490566037736,-0.07283298506827862,-0.33841338732072757,-9.32957061223308e-05,-0.5998036157186355
12,60,0.0,0,0.0,1.5,1,1,100,200,-0.5748380345870773,-0.15732521628281515,-0.8309594515998244,-0.544180919397573,1483,1123,360,0.041600042639377464,0.08924954695661444,0.06542479479799596,0.023824752158618484,0.5069074213324325,-0.40765090836856355,1.981221798415169e-05,-0.600013988052606
20,120,0.005,0,-0.2,1.5,1,1,100,200,-0.6523326717250983,-0.19058747256000597,-0.7679354417507455,-0.5211108440302556,1730,1317,413,0.06657072806737022,0.1399637565291547,0.10326724229826245,0.03669651423089223,0.06970362559849663,-0.22792571711247145,1.458123974147751e-05,-0.6006107356368915
48,200,0.0025,0,-0.2,1.5,1,1,100,200,-0.6523557818054859,-0.1905982408414828,-0.7783298852077706,-0.4216945081793718,2105,1564,541,0.0777369150410404,0.17218313612621255,0.12496002558362648,0.04722311054258608,0.3603401571234721,-0.26768699572727694,5.157007669517295e-05,-0.6008479088543366
30,120,0.01,0,-0.2,0.75,1,1,100,200,-0.6665320468441152,-0.19731437448110278,-0.7297904001056996,-0.7791673734172698,1070,847,223,0.044158405287282806,0.0793891909178126,0.061773798102547704,0.017615392815264898,-0.22042388388129852,-0.26953193708975154,-0.0001327862511933742,-0.601167943204816
12,200,0.01,1,0.2,999.0,1,1,100,200,-0.6652893664050012,-0.19671660751983944,-0.6989887031024753,-1.1129459846105247,810,618,192,0.019187719859290055,0.04082720392282273,0.03000746189105639,0.010819742031766336,-0.12339882801854285,-0.42746674788607997,-0.00038824236011996587,-0.6018582583016033
30,60,0.0025,0,-0.2,1.5,1,1,100,200,-0.6285299170800931,-0.17978850025218607,-0.7938316315648257,-0.5069702508762661,1598,1202,396,0.06062786483317344,0.12831787655900223,0.09447287069608784,0.033845005862914404,0.16331302843612838,-0.2899068534903516,1.211758399315502e-05,-0.6020528285784122
30,96,0.005,1,0.0,999.0,1,1,100,200,-0.6404004186604125,-0.18510249370895016,-0.743278528359629,-0.9124702487788936,960,737,223,0.027315851188572646,0.05673702163948406,0.042026436414028354,0.014710585225455708,-0.015104484587908917,-0.40987705441845124,-0.00020058628772890485,-0.6023652703277094
48,60,0.0,0,0.0,0.75,1,1,100,200,-0.6562004885106711,-0.19239772955511214,-0.730913700343861,-0.8945883806593233,1059,810,249,0.031020147105852255,0.06257328643001812,0.04679671676793519,0.015776569662082934,-0.14940152974276477,-0.31356867364180496,-0.00017415847421110053,-0.6025839987600088
30,96,0.0,0,0.2,0.75,1,1,100,200,-0.6553214138994341,-0.19198487059653957,-0.718813465430314,-1.042318769166774,924,704,220,0.022971964609316706,0.04695661443342927,0.03496428952137299,0.011992324912056283,-0.12421332800670082,-0.37524433978743266,-0.00028523076550328487,-0.6035075417700353
48,96,0.005,0,0.2,0.75,1,1,100,200,-0.6581559665267821,-0.19331916037684715,-0.7133505206922853,-1.0740927482293101,889,683,206,0.022438972391003092,0.04461144867284938,0.03352521053192623,0.011086238140923143,-0.11431950283373227,-0.3979353938625343,-0.0003177037528717539,-0.6036990581344553
30,120,0.0025,1,-0.2,999.0,1,1,100,200,-0.6796773851254106,-0.20374936353323125,-0.7153155046646202,-0.848812644015417,1110,856,254,0.04149344419571474,0.08359982944249014,0.06254663681910244,0.021053192623387697,-0.20314318296238876,-0.29967275097198076,-0.00013610886898878048,-0.6038477480663123
30,96,0.01,0,-0.2,2.5,1,1,100,200,-0.6625474131416663,-0.19540389850476947,-0.7706205758786734,-0.4877523079444805,1720,1350,370,0.076351135273425,0.1439345485555911,0.11014284191450804,0.03379170664108304,0.009076259285584865,-0.209548128510205,1.4102587262248794e-05,-0.6051018018413301
48,96,0.0,0,-0.2,0.75,1,1,100,200,-0.669870902391554,-0.198929336931843,-0.7413304421265458,-0.7369643528789345,1274,975,299,0.04876878797569555,0.0953523078563053,0.07206054791600043,0.02329175994030487,-0.14678583474578177,-0.2682874277725047,-8.018036039994888e-05,-0.6064427756390626
48,60,0.0,1,0.0,999.0,1,1,100,200,-0.6567472063938739,-0.19265492264159823,-0.7332251041093012,-0.9571500897229335,967,741,226,0.027262551966741287,0.05758980918878585,0.04242618057776357,0.01516362861102228,-0.13137421650640757,-0.3590631244635547,-0.0002173307209732821,-0.6071249791823955
30,96,0.0,0,-0.2,1.5,1,1,100,200,-0.630188037940155,-0.18052254447420202,-0.8072982254783212,-0.46162814192812873,1804,1360,444,0.06896919304978147,0.14662615925807485,0.10779767615392816,0.03882848310414668,0.1654186988728108,-0.21777703579146468,3.409156028331352e-05,-0.6072530643097691
20,60,0.0,0,-0.2,2.5,1,1,100,200,-0.5981044317985258,-0.16676325756133936,-0.8418382462025802,-0.3916368634312335,1857,1389,468,0.072513591301567,0.15134314039015032,0.11192836584585865,0.03941477454429165,0.49408979858532676,-0.31910556079268126,5.4451414944194284e-05,-0.6072642238341911
12,200,0.0025,1,-0.2,999.0,1,1,100,200,-0.6832815825572803,-0.2055505607710213,-0.7202812416079727,-0.8329502009734543,1230,938,292,0.04511779128024731,0.09228760260100202,0.06870269694062467,0.02358490566037736,-0.11770717696401534,-0.33592294693625935,-0.00010712293282880942,-0.6073386916236804
12,96,0.0025,0,-0.2,0.75,1,1,100,200,-0.6696342736749608,-0.19881445350893912,-0.7374479186849543,-0.8002555133004976,1162,892,270,0.043278968127065345,0.08554525103933483,0.06441210958320008,0.02113314145613474,-0.15393802346446805,-0.3017981358804467,-0.00011320154263690706,-0.6075511885164412
20,120,0.0025,1,-0.2,999.0,1,1,100,200,-0.681944918195567,-0.2048806593824578,-0.7204783429122809,-0.8525900368668807,1111,857,254,0.041679991472124506,0.08394627438439399,0.06281313292825924,0.02113314145613474,-0.1848570194319199,-0.31988952571425266,-0.0001374349215428313,-0.6077493326819423
48,200,0.0,0,0.0,0.75,1,1,100,200,-0.6747088144464917,-0.20129271241694047,-0.7323867408660648,-0.806329639632205,1321,1007,314,0.03896173115872508,0.0766442809934975,0.05780300607611129,0.018841274917386207,-0.09027125874756692,-0.3077170722035796,-0.00010409996120617907,-0.607802564831583
48,60,0.0,0,0.2,0.75,1,1,100,200,-0.6642830993435527,-0.19623386189567893,-0.7148685350901025,-1.0847737753744766,874,664,210,0.021666133674448352,0.04469139750559642,0.033178765590022384,0.011512631915574032,-0.17246526218147318,-0.3719110936636003,-0.00033157021463807494,-0.607906818209454
48,60,0.0025,0,-0.2,1.5,1,1,100,200,-0.6625053163569874,-0.19538381128746674,-0.770296959638654,-0.5519323354626654,1671,1262,409,0.06310627864833174,0.13495362967700672,0.09902995416266923,0.03592367551433749,-0.02658198610038942,-0.2003290118513611,2.0957840447455843e-06,-0.608128907879927
30,96,0.0,0,0.0,0.75,1,1,100,200,-0.6641992539507935,-0.1961936902442416,-0.7346933183165505,-0.9037283441305934,1116,853,263,0.03272572220445581,0.06550474363074299,0.0491152329175994,0.01638951071314359,-0.13211304212314878,-0.32389301961528527,-0.0001631369444365891,-0.6087267666090466
30,96,0.005,0,0.2,0.75,1,1,100,200,-0.6639814348210373,-0.19608936714174652,-0.7150731613144586,-1.1025471408720264,868,663,205,0.021452936787122907,0.04351881462530647,0.03248587570621469,0.011032938919091781,-0.13970778616654145,-0.3970959204325487,-0.00034348547480213823,-0.6087533048425771
12,120,0.005,1,0.0,999.0,1,1,100,200,-0.6483934516083908,-0.18876027903842374,-0.7501801011136996,-0.9223337934608619,998,764,234,0.028355186014284193,0.059002238567316914,0.04367871229080055,0.015323526276516362,0.009685519187488945,-0.4263619247323752,-0.00019330096366724622,-0.6099670192683165
12,120,0.0,0,0.0,0.75,1,1,100,200,-0.6644917814028679,-0.1963338796183911,-0.7358323561255934,-0.9212160322269541,1145,870,275,0.03280567103720285,0.066170983903635,0.04948832747041893,0.016682656433216075,-0.12700605839411971,-0.3186226336316008,-0.00015751897404186685,-0.6103108592925355
20,96,0.005,0,-0.2,0.75,1,1,100,200,-0.6719254758603217,-0.19992961261247832,-0.7412123057443535,-0.8049260167192362,1130,866,264,0.042852574352414456,0.08415947127171944,0.06350602281206695,0.020653448459652488,-0.13384978363582345,-0.33347409046942766,-0.00012215958091238216,-0.6107820663206168
20,96,0.0,1,0.0,999.0,1,1,100,200,-0.6576069320208737,-0.19306002783648735,-0.7409881735007551,-0.945209175356972,1029,780,249,0.028674981345272358,0.060974309775077284,0.04482464556017482,0.01614966421490246,-0.0789547046397101,-0.37806590541174445,-0.00019157039962408253,-0.6108145733547135
48,120,0.01,0,-0.2,0.75,1,1,100,200,-0.6758459423856178,-0.2018522896723246,-0.7388353136602582,-0.7965052975464958,1096,863,233,0.044584799061933696,0.0810414667945848,0.06281313292825924,0.018228333866325552,-0.1943597657244316,-0.3039135025795686,-0.00013446791199274124,-0.6110952113797785
30,200,0.0,0,-0.2,0.75,1,1,100,200,-0.6810196500156447,-0.20441825678544234,-0.7404869049488255,-0.7394149682340411,1439,1095,344,0.054605052766229616,0.10609210105532459,0.0803485769107771,0.02574352414454749,-0.08613590003884342,-0.28313836607803355,-5.7727223906171346e-05,-0.6116324576715572
48,120,0.0,1,-0.2,999.0,1,1,100,200,-0.688078590476917,-0.20797347192351057,-0.7217749820709258,-0.856402762800895,1190,910,280,0.043705361901716235,0.08954269267668692,0.06662402728920158,0.022918665387485344,-0.15341873332135358,-0.331892464425525,-0.0001218022349597064,-0.6116811010990182
12,96,0.005,0,-0.2,2.5,1,1,100,200,-0.6390650584821489,-0.18449775807542135,-0.8081878233097755,-0.466511350810192,1832,1400,432,0.07493870589489393,0.15035710478627012,0.11264790534058203,0.037709199445688096,0.3136393114623668,-0.31314348347764687,3.270556623569837e-05,-0.6119172372708187
48,120,0.01,1,0.2,999.0,1,1,100,200,-0.6731107618464363,-0.20050895407707658,-0.7075993371928374,-1.1521998093575063,768,587,181,0.018414881142735318,0.03909497921330349,0.0287549301780194,0.010340049035284085,-0.1698132760617066,-0.4218565280831066,-0.0004370886717632041,-0.6119186131413705
12,96,0.005,1,0.0,999.0,1,1,100,200,-0.6503544530562098,-0.18966782450953246,-0.7514784285412517,-0.939314803204171,967,743,224,0.02774224496322354,0.057216714635966316,0.042479479799594926,0.014737234836371389,-0.006294655898307244,-0.42930473287785953,-0.00021022245363178725,-0.6123727789403669
12,96,0.0025,0,0.0,0.75,1,1,100,200,-0.6640993915386493,-0.196145855052843,-0.7358572479498594,-0.9688716831201799,1047,802,245,0.029740965781899584,0.060121522225775506,0.044931244003837544,0.015190278221937959,-0.16754564860427912,-0.31882236363693717,-0.00019904684404495,-0.6125180631837818
12,96,0.0025,0,-0.2,1.5,1,1,100,200,-0.6380876094179958,-0.18405624063192483,-0.8056355538047684,-0.5166933941655302,1690,1279,411,0.0639857158085492,0.13460718473510286,0.09929645027182603,0.03531073446327684,0.12029274453844097,-0.2477840443375977,1.6425187111767177e-05,-0.6127086872425855
48,200,0.0025,0,-0.2,0.75,1,1,100,200,-0.6867850912082406,-0.20731722237776518,-0.7416212343051717,-0.6994521580448031,1415,1080,335,0.053485769107771024,0.1047063212877092,0.07909604519774012,0.025610276089969086,-0.12395210322428585,-0.27447102367542064,-6.131202588990587e-05,-0.6131004474325912
30,120,0.0,0,-0.2,0.75,1,1,100,200,-0.6782214344943034,-0.20302634709756429,-0.7451853392270533,-0.7549766301781805,1285,979,306,0.04863553992111715,0.0959119496855346,0.07227374480332587,0.02363820488220872,-0.1697048688092826,-0.26306597900903217,-8.507031428005184e-05,-0.61336784822
12,60,0.005,0,0.0,2.5,1,1,100,200,-0.5917957794543374,-0.16416184228640995,-0.8449178771286435,-0.5379720639163605,1550,1195,355,0.04677006715701951,0.0950591621362328,0.07091461464662616,0.024144547489606653,0.691697744579433,-0.47613773481693633,2.141906665433929e-05,-0.6135193840465498
48,200,0.005,0,-0.2,2.5,1,1,100,200,-0.6573981258574881,-0.19296156302849432,-0.8038429572868135,-0.3822540208678943,2246,1692,554,0.08906299968020467,0.18926553672316385,0.13916426820168426,0.050101268521479586,0.5498386569832261,-0.3202676847657031,6.0771836641443894e-05,-0.6139957427152958
48,96,0.0,0,0.2,0.75,1,1,100,200,-0.6725806622538157,-0.20024964583025295,-0.7189636114439031,-1.092412305161134,951,730,221,0.024251145933269373,0.048289094979213305,0.03627012045624134,0.012018974522971964,-0.15466417773586572,-0.37679099117817727,-0.0002977939275918495,-0.6143520668102612
48,200,0.005,1,0.0,999.0,1,1,100,200,-0.6484978697149101,-0.18880850123716053,-0.7621171772977404,-0.8963334427164262,1134,857,277,0.03083359982944249,0.06606438545997229,0.04844899264470739,0.017615392815264898,0.08260499014101907,-0.42751450189838547,-0.00014309535582616897,-0.614683762021852
48,96,0.005,1,0.0,999.0,1,1,100,200,-0.6664179157257091,-0.19725939971714945,-0.7362535041622074,-0.9883669902369495,978,752,226,0.02784884340688626,0.05758980918878585,0.04271932629783605,0.014870482890949792,-0.09590290421267611,-0.39825740361925344,-0.0002282331708830912,-0.6148045013101007
20,120,0.01,0,-0.2,0.75,1,1,100,200,-0.6800084192299398,-0.20391411976732066,-0.7407103255616188,-0.8183327815768597,1063,842,221,0.04362541306896919,0.07848310414667946,0.061054258607824326,0.017428845538855132,-0.2336053877714992,-0.2894881065222129,-0.0001499871742929,-0.615185921626973
30,60,0.01,0,0.2,1.5,1,1,100,200,-0.6594401827454285,-0.19392658546544528,-0.7536221246908508,-0.8901367367381914,1064,829,235,0.028941477454429165,0.05527129303912163,0.042106385246775395,0.013164907792346232,-0.0026236454205664783,-0.41865119911315873,-0.00019912358856742909,-0.6152444846477803
12,96,0.0,1,0.0,999.0,1,1,100,200,-0.6614312880721533,-0.19487199645240105,-0.7459924937176188,-0.9481489325342657,1046,795,251,0.029341221618164375,0.062226841488114276,0.04578403155313932,0.01644280993497495,-0.04157744225091908,-0.40395011107391166,-0.00018817762567807815,-0.6152756899379237
12,60,0.0025,0,-0.2,2.5,1,1,100,200,-0.6189071206618706,-0.17557951632314717,-0.8348423190501257,-0.446657729680683,1769,1339,430,0.06862274810787762,0.14222897345698754,0.10542586078243257,0.03680311267455495,0.30005298574199224,-0.2899330225349217,3.6875356138466796e-05,-0.6153335623322442
48,60,0.0025,1,0.0,999.0,1,1,100,200,-0.6703455253000765,-0.19915996540707714,-0.7322861698791483,-1.0068890907020878,932,720,212,0.02659631169384927,0.05548448992644708,0.04104040081014817,0.014444089116298901,-0.17418245506736296,-0.3637808889861096,-0.00025421330549850956,-0.6156475048817557
48,60,0.005,0,-0.2,0.75,1,1,100,200,-0.6758376563494797,-0.20184820646389834,-0.7465821766884122,-0.8151286024425036,1097,848,249,0.04170664108304019,0.08205415200938067,0.06188039654621043,0.020173755463170236,-0.150559518356305,-0.33945911322320055,-0.00013455217110856614,-0.6158957249302296
20,96,0.005,0,0.0,0.75,1,1,100,200,-0.6685224581712241,-0.19827554572515638,-0.7391750292230099,-0.9626515601215326,1028,787,241,0.02984756422556231,0.05953523078563053,0.04469139750559642,0.014843833280034111,-0.14003162094830834,-0.35545266641825046,-0.00020943910140199502,-0.615995638342738
20,60,0.01,0,-0.2,999.0,1,1,100,200,-0.6642964306389159,-0.19624024986915856,-0.7909530681334156,-0.48933142626915144,1618,1278,340,0.07531180044771346,0.13585971644813985,0.10558575844792666,0.030273958000213198,0.060096702078007436,-0.2887167581121628,4.144243690693213e-06,-0.6161833552493239
12,120,0.0,0,-0.2,1.5,1,1,100,200,-0.6490825785270953,-0.18907874242383405,-0.8068568784697798,-0.5099216611270994,1833,1374,459,0.06872934655154035,0.14681270653448458,0.10777102654301247,0.03904167999147212,0.1729500225663272,-0.2517342703159854,2.545875596920721e-05,-0.6180032647150789
12,120,0.0,1,0.0,999.0,1,1,100,200,-0.665405924931046,-0.19677260018941867,-0.7485858081010093,-0.9484775915462303,1082,821,261,0.030060761112887753,0.0641189638631276,0.04708986248800767,0.017029101375119923,-0.03808118738289401,-0.4024257151191364,-0.00017909333625539453,-0.6184893838172348
20,96,0.0,0,-0.2,1.5,1,1,100,200,-0.6562508049779738,-0.19242138631136274,-0.7996834522640589,-0.5266555458600276,1762,1320,442,0.0668638737874427,0.14260206800980707,0.10473297089862488,0.03786909711118218,0.06703231206419136,-0.22236957769912635,1.536361813724504e-05,-0.6185958897363936
30,60,0.005,0,0.0,1.5,1,1,100,200,-0.6291726706134166,-0.18007273330516083,-0.811759398437222,-0.658624954995566,1410,1075,335,0.0412802473083893,0.08610489286856413,0.0636925700884767,0.02241232278008741,0.4363984679421147,-0.4774221714958492,-3.352788676175826e-05,-0.6188836802735501
12,120,0.01,0,-0.2,2.5,1,1,100,200,-0.6832406019992971,-0.2055299888099047,-0.77213207861566,-0.5483301224844406,1729,1351,378,0.0751252531713037,0.14244217034431297,0.10878371175780834,0.03365845858650464,-0.05738588506627684,-0.20212098470076523,6.478087416886246e-07,-0.6190125342419568
30,60,0.01,0,0.0,2.5,1,1,100,200,-0.6324072821115796,-0.18150912675912234,-0.8142250716833068,-0.6081941490739089,1459,1154,305,0.04852894147745443,0.09084852361155527,0.06968873254450485,0.02115979106705042,0.44473549333320106,-0.47219243290937474,-2.029595021604361e-05,-0.6190313700544712
30,60,0.0025,1,0.2,999.0,1,1,100,200,-0.6831979459672031,-0.20550857803322364,-0.7097408883325964,-1.1825703074768323,786,593,193,0.01865472764097644,0.040240912482677756,0.0294478200618271,0.010793092420850655,-0.23027996984286536,-0.3902165745856335,-0.0004390182410867404,-0.6195075375733634
48,60,0.0025,0,-0.2,0.75,1,1,100,200,-0.6804807487600353,-0.20414943516760764,-0.750211970201339,-0.8093771979719766,1134,870,264,0.04245283018867924,0.08498560921010553,0.06371921969939238,0.021266389510713142,-0.196312462888516,-0.2990026937397162,-0.00012696553214916297,-0.619724280166876
48,60,0.005,1,0.2,999.0,1,1,100,200,-0.6821065835418711,-0.20496156200009352,-0.7116928378903253,-1.1896204794967014,771,587,184,0.01854812919731372,0.03933482571154461,0.028941477454429165,0.010393348257115445,-0.21876790656760592,-0.40163821421613044,-0.0004528608403982741,-0.6202890049200913
12,60,0.01,0,-0.2,999.0,1,1,100,200,-0.6573192281140157,-0.19292437043801092,-0.8061594436720121,-0.4897079516483864,1600,1270,330,0.07331307962903742,0.1327950111928366,0.103054045410937,0.029740965781899584,0.08039986787069497,-0.2939626317372549,4.70249144836426e-06,-0.6204894898564363
30,120,0.005,0,-0.2,1.5,1,1,100,200,-0.6829552681137347,-0.20538681212396837,-0.7732883953951825,-0.5723720131437336,1758,1335,423,0.06782325978040721,0.1428152648971325,0.10531926233876986,0.03749600255836265,0.03788447540171247,-0.264111793334031,7.4520356783761e-07,-0.6206496104787462
48,120,0.0025,1,-0.2,999.0,1,1,100,200,-0.6971858801495783,-0.21265667014970524,-0.7271951583196907,-0.8890702128621185,1143,880,263,0.04242618057776357,0.0861315424794798,0.06427886152862168,0.021852680950858117,-0.18730700888186458,-0.3400500891306747,-0.00014369453894389676,-0.6207077599526565
30,60,0.0025,0,0.2,0.75,1,1,100,200,-0.6750959697596841,-0.20148305447025405,-0.7215167721021842,-1.1750949458332052,814,620,194,0.019933908964929112,0.04082720392282273,0.030380556443875918,0.010446647478946807,-0.23711347546595296,-0.3601219491813221,-0.0004088058358662532,-0.6209961878130065
30,120,0.0,0,0.2,0.75,1,1,100,200,-0.679736522989258,-0.203778786553362,-0.7242440421300527,-1.1113061168361178,963,738,225,0.024277795544185056,0.04868883914294851,0.03648331734356679,0.01220552179938173,-0.16205325531631876,-0.38133423401791,-0.00030376101352507174,-0.6214661134601942
12,96,0.01,0,0.2,1.5,1,1,100,200,-0.6562978370840868,-0.19244350139916266,-0.7706060559385182,-0.875793298308794,1124,872,252,0.02984756422556231,0.05804285257435241,0.04394520839995736,0.014097644174395053,0.010121675717070788,-0.40304291337006903,-0.00017102670788437477,-0.6215361942838614
30,96,0.005,1,0.2,999.0,1,1,100,200,-0.6824807414584761,-0.20514892913353855,-0.7159809685796309,-1.1724025199995525,818,617,201,0.019347617524784137,0.04157339302846178,0.030460505276622963,0.011112887751838824,-0.14386950813792265,-0.4416571344302146,-0.0004125781358065238,-0.6217595394233317
20,120,0.01,0,-0.2,2.5,1,1,100,200,-0.6843048148552432,-0.2060649080018514,-0.7788102055769313,-0.5280990235244899,1749,1370,379,0.0767775290480759,0.14606651742884555,0.11142202323846072,0.03464449419038482,-0.05574992837189885,-0.19819929176085493,4.518237953172898e-06,-0.6218749619665416
48,60,0.005,0,0.0,0.75,1,1,100,200,-0.6741553023913205,-0.20102089677396184,-0.7449101743306735,-0.9762287116771761,986,757,229,0.028834879010766444,0.05788295490885833,0.04335891695981239,0.014524037949045944,-0.17936834274261437,-0.3498357048058468,-0.00023267738217572226,-0.6222874195231575
48,60,0.005,0,0.2,0.75,1,1,100,200,-0.6760890912280444,-0.2019721462008911,-0.7248347022192755,-1.158592553944494,819,624,195,0.020173755463170236,0.0412802473083893,0.030727001385779766,0.01055324592260953,-0.19507670777364583,-0.39387925860098183,-0.0004029801167410691,-0.6223191250077534
30,96,0.0,1,0.0,999.0,1,1,100,200,-0.6710593912901287,-0.19950734739443898,-0.7520037195620157,-0.9836587593333807,1026,783,243,0.028674981345272358,0.060761112887751836,0.044718047116512095,0.01604306577123974,-0.10252951210153882,-0.38772559982722055,-0.0002103638221608085,-0.6246921451421159
30,96,0.005,0,0.0,0.75,1,1,100,200,-0.6784239766375495,-0.20312677143263536,-0.7458756159879458,-0.9744232981469201,1042,799,243,0.03051380449845432,0.06078776249866752,0.04565078349856092,0.015136979000106599,-0.15439755400335786,-0.35961457250234363,-0.00021376764871301193,-0.6247857443339543
48,60,0.0,1,0.2,999.0,1,1,100,200,-0.6868670648054653,-0.20735874682000932,-0.7166925528862043,-1.1850047070597625,824,619,205,0.019347617524784137,0.0423728813559322,0.03086024944035817,0.011512631915574032,-0.24122749818929878,-0.37685195160556517,-0.00041140739522795667,-0.6249552586160996
20,96,0.0025,0,-0.2,0.75,1,1,100,200,-0.6864559811161725,-0.2071505962405077,-0.7542227427246002,-0.8248199456143684,1166,886,280,0.043332267348896704,0.08703762925061294,0.06518494829975482,0.021852680950858117,-0.19172038631912236,-0.3049854478301388,-0.0001248281811036416,-0.6255029648835262
20,96,0.01,0,-0.2,2.5,1,1,100,200,-0.6954243047763417,-0.21174211782936903,-0.7705406230348463,-0.5749498807157762,1675,1311,364,0.07413921756742352,0.139270866645347,0.10670504210638525,0.03256582453896173,-0.14018483418174266,-0.18134158106349807,-1.2193143810722974e-05,-0.625759923382581
48,96,0.005,0,0.0,0.75,1,1,100,200,-0.6800135681876621,-0.20391668348882241,-0.7467834602128107,-0.9704244113430225,1065,818,247,0.03163308815691291,0.06233343993177699,0.046983264044344955,0.015350175887432043,-0.1525934349971303,-0.35678022809813226,-0.00020489430592325497,-0.6258296341623789
20,96,0.0025,1,0.0,999.0,1,1,100,200,-0.6766562932812299,-0.20225201983348107,-0.7463848270031077,-1.0121589396262454,989,756,233,0.02782219379597058,0.058522545570834666,0.04317236968340262,0.015350175887432043,-0.12321683968612596,-0.39523793481303093,-0.00023564483834839802,-0.6260523803163471
30,96,0.0025,0,-0.2,1.5,1,1,100,200,-0.6729484173126843,-0.2004295044679688,-0.7962522629765248,-0.5509761794523028,1747,1322,425,0.06651742884553885,0.14188252851508368,0.10419997868031126,0.037682549834772414,-0.006587488371886385,-0.21125298204033938,5.6632909638713496e-06,-0.6261044449288463
48,60,0.01,0,0.2,1.5,1,1,100,200,-0.671807677036023,-0.19987212667146737,-0.7629872785575375,-0.8962308101344069,1119,866,253,0.029874213836477988,0.05854919518175035,0.044211704509114165,0.014337490672636179,-0.04216649450807164,-0.40036507082759865,-0.00018925573096779152,-0.6261773064569564
30,200,0.01,0,-0.2,2.5,1,1,100,200,-0.700803802639882,-0.21454840297043998,-0.7718354038662616,-0.5186022217535583,1951,1507,444,0.0829602387805138,0.1637085598550261,0.12333439931776996,0.040374160537256155,0.07838152860747827,-0.26388808877019687,1.6522101831412533e-05,-0.6263962159912487
20,60,0.0025,1,0.2,999.0,1,1,100,200,-0.689601122472802,-0.2087487147973861,-0.7162913510042386,-1.201400902288051,792,600,192,0.018787975695554845,0.040427459759087514,0.02960771772732118,0.010819742031766336,-0.21727199075913373,-0.410704816530693,-0.00044812077174135836,-0.6269644354139079
12,200,0.0,0,-0.2,0.75,1,1,100,200,-0.6928909895291394,-0.21043429233363986,-0.7560138038232369,-0.7714592938922367,1394,1053,341,0.05202004050740859,0.10313399424368404,0.07757701737554631,0.025556976868137724,-0.1819591375526659,-0.24612990515014377,-7.522815049040236e-05,-0.6270141589398701
20,96,0.005,1,0.2,999.0,1,1,100,200,-0.6890013154834977,-0.2084429427417045,-0.7176333217015598,-1.199281416105221,816,617,199,0.01942756635753118,0.04144014497388338,0.03043385566570728,0.0110062893081761,-0.16745238188316058,-0.43819457215062885,-0.0004282191664599847,-0.6272236743977454
48,96,0.005,0,-0.2,0.75,1,1,100,200,-0.6896420249590751,-0.20876958344177265,-0.7555102259054273,-0.816487139406657,1186,918,268,0.04557083466581388,0.08858330668372241,0.06707707067476815,0.02150623600895427,-0.1647035880511527,-0.3276067776842577,-0.00012106420727126809,-0.6273490533648192
48,120,0.005,0,0.2,0.75,1,1,100,200,-0.6863658836931681,-0.20710500493750128,-0.7250007727829045,-1.1600063449421674,919,704,215,0.022945314998401023,0.04586398038588636,0.03440464769214369,0.011459332693742672,-0.16086801792094685,-0.40816418244967223,-0.00034962997447627464,-0.627605708576062
12,120,0.005,0,-0.2,0.75,1,1,100,200,-0.6893956947700621,-0.2086439378522219,-0.7527074430836974,-0.8533393662864353,1178,904,274,0.044211704509114165,0.08647798742138364,0.06534484596524891,0.02113314145613474,-0.14532234884130402,-0.34495890897721626,-0.00012854797882067687,-0.6276646277083924
12,120,0.005,0,0.0,0.75,1,1,100,200,-0.682116820703915,-0.20496668611805846,-0.7462326407426664,-1.0080524992826905,1062,813,249,0.030700351774864087,0.060974309775077284,0.04583733077497069,0.015136979000106599,-0.15152073251649023,-0.3627727274253294,-0.00021575457186057725,-0.6284856314535261
12,96,0.0025,0,0.2,0.75,1,1,100,200,-0.6821875692110222,-0.20500210224574023,-0.7275259735859554,-1.202478807563372,864,658,206,0.02076004690331521,0.04266602707600469,0.03171303698965995,0.01095299008634474,-0.2171875846722715,-0.3745748941311361,-0.0003895631342762256,-0.6288890294168865
30,120,0.005,0,0.2,0.75,1,1,100,200,-0.6857752524969732,-0.20680639154905833,-0.728357552473979,-1.1680335527621144,903,693,210,0.022598870056497175,0.045091141669331626,0.033845005862914404,0.011246135806417226,-0.17324034782111186,-0.4029728132876542,-0.00036007482941931724,-0.6293868454241536
30,120,0.0,0,-0.2,1.5,1,1,100,200,-0.6790555174593567,-0.2034402268160418,-0.7980759207668379,-0.54316293962803,1884,1417,467,0.0716874533631809,0.15291546743417547,0.11230146039867818,0.04061400703549728,0.08828255789938799,-0.24334839490641313,1.6042428030031994e-05,-0.6296363341808622
20,200,0.0,0,-0.2,0.75,1,1,100,200,-0.6963991394898226,-0.2122476956857121,-0.757256689550678,-0.7802487424754652,1409,1068,341,0.053059375333120135,0.10417332906939558,0.07861635220125786,0.025556976868137724,-0.1654024208821716,-0.2640253500880808,-7.548347580967182e-05,-0.6298884775848244
12,120,0.0,0,0.2,0.75,1,1,100,200,-0.6872818875815184,-0.20756901235240377,-0.7287962785638247,-1.162886525467274,941,714,227,0.022998614220232385,0.04714316170983904,0.03507088796503571,0.012072273744803326,-0.1661977405337115,-0.39955031267323315,-0.0003355367222830332,-0.6301114779076799
20,120,0.0,0,0.2,0.75,1,1,100,200,-0.6853013861638388,-0.2065671369702049,-0.7341451140877819,-1.1387366992078019,958,731,227,0.023798102547702805,0.048209146146466264,0.03600362434708453,0.01220552179938173,-0.16423194102625271,-0.39202161211807984,-0.0003185618616028067,-0.630576528974486
20,96,0.0,0,0.2,0.75,1,1,100,200,-0.6854198907361011,-0.2066269427602837,-0.7319515586981331,-1.160168144413844,910,689,221,0.02233237394734037,0.04594392921863341,0.034138151582986886,0.01180577763564652,-0.19719974468817136,-0.3823006223896581,-0.0003501652976613149,-0.6306111293300425
30,96,0.0025,1,0.0,999.0,1,1,100,200,-0.6817452931613435,-0.2047808058688847,-0.7492831836455198,-1.0255325668214692,989,760,229,0.02790214262871762,0.05854919518175035,0.04322566890523399,0.015323526276516362,-0.14128388885604903,-0.39223238755227696,-0.0002425438381498352,-0.6306990260327181
20,120,0.0,0,-0.2,0.75,1,1,100,200,-0.695224749622785,-0.21163878231327926,-0.7585625006520577,-0.802278861488066,1277,970,307,0.04780940198273105,0.09503251252531714,0.07142095725402409,0.02361155527129304,-0.17127728026923073,-0.30347481315275004,-0.00010258625989226547,-0.6310339757137113
12,96,0.0,1,0.2,999.0,1,1,100,200,-0.6863395044715701,-0.20709165844636535,-0.7319714994940552,-1.1608443544886493,890,661,229,0.02076004690331521,0.04559748427672956,0.033178765590022384,0.012418718686707174,-0.11842584413956603,-0.4447221496784671,-0.00036023926853321085,-0.6311196259178253
48,96,0.0,1,0.0,999.0,1,1,100,200,-0.6902895233537694,-0.2091002336371488,-0.7404929038327582,-1.0426418096117924,1047,801,246,0.029367871229080054,0.06172049888071634,0.0455441850548982,0.016176313825818144,-0.16165474485589404,-0.3763470163163062,-0.00022851258427164698,-0.6314787760341175
20,120,0.005,1,0.0,999.0,1,1,100,200,-0.6744547102037617,-0.2011678824118216,-0.7603637562894385,-1.005041588974922,987,756,231,0.027955441850548983,0.058442596738087625,0.043199019294318304,0.015243577443769321,-0.043118520479760614,-0.4426459093238879,-0.0002332994426965164,-0.631601840005287
30,60,0.0,0,-0.2,2.5,1,1,100,200,-0.6393484697874636,-0.1846259548750081,-0.8492879414998478,-0.452758457167858,1882,1406,476,0.074432363287496,0.1553405820275024,0.1148864726574992,0.0404541093700032,0.4722251925195189,-0.37210526206769323,3.752090890793471e-05,-0.6319078484833249
48,96,0.0,0,0.0,0.75,1,1,100,200,-0.6878109418132177,-0.20783750352127717,-0.7530084837076712,-0.966707239744025,1144,877,267,0.03416480119390257,0.06731691717300928,0.05074085918345592,0.016576057989553354,-0.18448072097277757,-0.3216372162188711,-0.00018156784123603148,-0.632677107362314
30,96,0.005,0,-0.2,0.75,1,1,100,200,-0.695940814213122,-0.21200983328244183,-0.7591221520402468,-0.8411363003492245,1156,891,265,0.043891909178126,0.08621149131222684,0.06505170024517642,0.02115979106705042,-0.18965987565870457,-0.3310775503607787,-0.00013611153385910426,-0.6336277243200263
30,96,0.0,1,0.2,999.0,1,1,100,200,-0.6931302978482288,-0.2105574655426764,-0.7273030543618142,-1.1887854775250697,875,653,222,0.02030700351774864,0.04477134633834346,0.032539174928046054,0.012232171410297409,-0.18252024951163193,-0.41852859711124457,-0.0003847047815330205,-0.633648266599837
30,96,0.01,0,0.2,1.5,1,1,100,200,-0.6735919884691134,-0.20074464661144553,-0.7775147780112521,-0.8838952077078099,1184,912,272,0.03125999360409338,0.061853746935294746,0.046556870269694066,0.015296876665600681,0.038162122944047194,-0.4315892794804723,-0.00016566892151870512,-0.6336967960024621
48,200,0.01,0,0.0,1.5,1,1,100,200,-0.6730167090915022,-0.20046292186024628,-0.8001804051163656,-0.6628971877520999,1633,1249,384,0.049168532139430766,0.10134847031233345,0.0752585012258821,0.026089969086451337,0.22303370795992938,-0.39496951421187254,-2.2291958177984795e-05,-0.633697983806034
48,60,0.01,0,0.0,1.5,1,1,100,200,-0.6774810793217196,-0.2026596942469242,-0.7865240090024365,-0.760804019899437,1336,1049,287,0.04258607824325765,0.08250719539494723,0.06254663681910244,0.019960558575844792,0.032222850993734786,-0.3905150389721894,-9.080173393753928e-05,-0.6339618997431142
48,200,0.01,0,0.2,1.5,1,1,100,200,-0.6758000556640984,-0.20182967857654277,-0.7832979602528105,-0.8114695628857428,1393,1060,333,0.03509753757595139,0.07230039441424155,0.05369896599509647,0.01860142841914508,0.12753173737459078,-0.42290685676994044,-9.779611422588023e-05,-0.6340521368472352
30,200,0.005,1,0.0,999.0,1,1,100,200,-0.6734978342735415,-0.2006985104262594,-0.7707882649204831,-0.976141831180263,1105,837,268,0.030380556443875918,0.06459865685960985,0.047489606651742886,0.017109050207866964,0.05022112047458549,-0.45972729573329507,-0.0001834320546457711,-0.6348997344455142
20,120,0.0,0,-0.2,1.5,1,1,100,200,-0.6722134562367161,-0.2000702168646027,-0.8166910509199158,-0.5357945171693368,1857,1398,459,0.07027502398464983,0.15022385673169172,0.11024944035817077,0.03997441637352095,0.06704528255313869,-0.22240843377906816,1.699608632992713e-05,-0.6352054681830275
12,96,0.005,1,0.2,999.0,1,1,100,200,-0.6922018073549276,-0.21007999516023668,-0.7298567284190649,-1.2077261551237484,822,621,201,0.019614113633940944,0.04178658991578723,0.030700351774864087,0.011086238140923143,-0.13997783868243596,-0.46012142406465995,-0.0004290893609078981,-0.6353946671259565
12,60,0.0025,1,0.2,999.0,1,1,100,200,-0.6959312036226986,-0.2120048486331817,-0.7257914634032999,-1.2149421862688339,813,615,198,0.019241019081121417,0.0414134953629677,0.03032725722204456,0.011086238140923143,-0.22284077469104246,-0.4124474640026383,-0.0004431474293959997,-0.6356476896482735
20,200,0.005,1,0.0,999.0,1,1,100,200,-0.6730245191562876,-0.20046674393510755,-0.7727526797800729,-0.9773727444202289,1087,825,262,0.030220658778381836,0.06379916853213943,0.04700991365526063,0.0167892548768788,0.07199831989541416,-0.47468577314964144,-0.00018910521516058126,-0.6357117210461554
20,96,0.005,0,0.2,0.75,1,1,100,200,-0.6890041967395573,-0.20844441043224227,-0.7344567933840953,-1.2094096708429432,854,651,203,0.02099989340155634,0.042532779021426284,0.03176633621149131,0.010766442809934974,-0.2064165732987142,-0.39930770788559966,-0.0004060657800096461,-0.636143290666437
20,60,0.01,0,0.2,2.5,1,1,100,200,-0.6747284582058671,-0.20130236576137306,-0.7841813581545609,-0.8604908343229476,1200,941,259,0.03296556870269694,0.06291973137192197,0.04794265003730946,0.014977081334612515,0.029123562669871594,-0.42400276131691805,-0.0001580598426575247,-0.6364175865548009
20,120,0.005,0,0.2,0.75,1,1,100,200,-0.6916819459788873,-0.2098131626146741,-0.7334637978826022,-1.1982057223059417,896,687,209,0.022225775503677648,0.04455814945101801,0.03339196247734783,0.011166186973670184,-0.18370242872052023,-0.4087610500990515,-0.000378573177219823,-0.6364553476712722
30,120,0.005,1,0.0,999.0,1,1,100,200,-0.6858826843071757,-0.20686067387651996,-0.7549658185349688,-1.043646133823643,987,755,232,0.02787549301780194,0.05830934868350922,0.04309242085065558,0.01521692783285364,-0.09116360972324933,-0.43378144750273473,-0.0002504026677612736,-0.6365258898351865
12,60,0.0025,0,0.0,1.5,1,1,100,200,-0.6391436782608498,-0.18453331246618043,-0.8355277913035779,-0.693771262528036,1430,1083,347,0.03954802259887006,0.08527875493017802,0.062413388764524035,0.02286536616565398,0.24340107435457514,-0.40663586802489826,-4.0754867622207826e-05,-0.6369857712443712
20,96,0.0,1,0.2,999.0,1,1,100,200,-0.698345701701581,-0.21326113747898545,-0.7265184353043643,-1.2102597381683022,879,655,224,0.020440251572327043,0.04490459439292186,0.032672422982624454,0.012232171410297409,-0.19355929318014886,-0.41942646466862654,-0.0003927691744725526,-0.6370333420395827
20,60,0.0025,0,-0.2,2.5,1,1,100,200,-0.6573875427069594,-0.19295657370746278,-0.8384967206940885,-0.502639164838085,1793,1349,444,0.0700351774864087,0.14561347404327896,0.10782432576484384,0.03778914827843514,0.22306348813772336,-0.31325339674694663,2.0305831060754732e-05,-0.6373368922964113
48,200,0.0025,0,0.0,0.75,1,1,100,200,-0.702336923457525,-0.21535556165562542,-0.7550618431463754,-0.8949159166021264,1268,967,301,0.036829762285470635,0.07339302846178446,0.055111395373627546,0.018281633088156914,-0.1724189998146186,-0.3218496115600059,-0.0001519814181691786,-0.6376322790589194
12,60,0.005,0,-0.2,999.0,1,1,100,200,-0.6734910988743352,-0.20069521044350547,-0.8239406973641317,-0.5064556514352732,1768,1364,404,0.07536509966954483,0.14662615925807485,0.11099562946380982,0.035630529794265,0.2727498831687174,-0.3788960481013681,1.241569788439977e-05,-0.637988341697335
30,120,0.0,0,0.0,0.75,1,1,100,200,-0.6941979872547027,-0.21110794859638782,-0.7559311221188877,-0.9823632729259011,1156,884,272,0.03421810041573393,0.06784990939132289,0.051034004903528406,0.016815904487794478,-0.18750424460556614,-0.32902826493812276,-0.00018559312098437894,-0.6381916733021268
48,96,0.005,1,0.2,999.0,1,1,100,200,-0.6970752196989006,-0.2125990937694675,-0.7289913910013198,-1.2241130833849836,834,632,202,0.01977401129943503,0.04221298369043812,0.030993497494936573,0.011219486195501546,-0.19082212173352064,-0.43188417143213575,-0.0004309233121437753,-0.6383004434393766
12,120,0.0025,1,0.0,999.0,1,1,100,200,-0.6902603628089721,-0.20908533068911295,-0.755967852138255,-1.0381402633365677,1035,791,244,0.028968127065344847,0.06116085705148705,0.04506449205841595,0.0160963649930711,-0.1185296995931967,-0.4103521746379528,-0.00023281595261444746,-0.638976269925069
30,96,0.0025,0,-0.2,0.75,1,1,100,200,-0.701976686008625,-0.21516560520330863,-0.7639038125741952,-0.8399504400287342,1193,913,280,0.04466474789468074,0.08916959812386739,0.06691717300927406,0.022252425114593327,-0.23760635336339064,-0.2901077818479224,-0.0001304649447698042,-0.6391150334918428
20,60,0.0,0,0.0,1.5,1,1,100,200,-0.6426534171024789,-0.18612687821956586,-0.8393537421752816,-0.669185462159578,1501,1132,369,0.04263937746508901,0.09098177166613368,0.06681057456561135,0.024171197100522332,0.3531180781906247,-0.44053431066484394,-2.7123404134556174e-05,-0.6392630224151855
48,120,0.01,0,-0.2,1.5,1,1,100,200,-0.7093580928786221,-0.21909512443092394,-0.7791000538480783,-0.6275394673309694,1633,1262,371,0.06721031872934655,0.13404754290587356,0.10062893081761007,0.03341861208826351,-0.08205393047233955,-0.28347525641438776,-2.871209835947368e-05,-0.6400221247215115
30,200,0.0,0,0.2,0.75,1,1,100,200,-0.6996467828605689,-0.21394144186049435,-0.7370369843856759,-1.154709956518157,1066,819,247,0.026836158192090395,0.05289947766762605,0.039867817929858225,0.013031659737767829,-0.173074630706196,-0.3809826522747821,-0.0002840661483740126,-0.6401954318792401
48,96,0.0025,1,0.0,999.0,1,1,100,200,-0.7026749503983282,-0.21553397360384663,-0.7399525675813037,-1.0940403771946594,1008,776,232,0.028461784457946913,0.059375333120136445,0.04391855878904168,0.015456774331094766,-0.20487354695697124,-0.38093755874428814,-0.0002654836496422672,-0.6402122762542315
12,120,0.005,0,0.2,0.75,1,1,100,200,-0.6945921901400749,-0.2113115817131076,-0.7359796590715295,-1.2281774508920071,878,671,207,0.02158618484170131,0.04343886579255943,0.03251252531713037,0.010926340475429059,-0.18971143097967225,-0.4152861464546036,-0.0004012135965811241,-0.6407102837934727
30,96,0.0025,0,0.2,0.75,1,1,100,200,-0.6952084794487139,-0.21163035952589215,-0.7386327501716897,-1.1987960186639082,894,680,214,0.021666133674448352,0.04490459439292186,0.03328536403368511,0.011619230359236754,-0.22175940004419925,-0.3875548795453252,-0.0003820952072651029,-0.6408865355449324
12,96,0.0025,1,0.0,999.0,1,1,100,200,-0.6913930790299578,-0.20966504954750464,-0.7572361003129858,-1.054129720281634,1003,769,234,0.028355186014284193,0.059375333120136445,0.04386525956721032,0.015510073552926128,-0.13124001346405834,-0.41337711405229194,-0.0002496710264095238,-0.6409895857180793
12,120,0.0,1,0.2,999.0,1,1,100,200,-0.6940717709487672,-0.2110427935008662,-0.7425743896377661,-1.1759900044849827,920,683,237,0.02115979106705042,0.04695661443342927,0.034058202750239845,0.012898411683189425,-0.1111391445354214,-0.454730514663251,-0.0003544878681262713,-0.6411294885439984
12,200,0.0,0,0.2,0.75,1,1,100,200,-0.6991491554314879,-0.21368096646776258,-0.7390881263218615,-1.1621109519791153,1035,790,245,0.025503677646306365,0.05135380023451658,0.03842873894041147,0.012925061294105106,-0.18801889914564573,-0.3782598495016388,-0.0003005185388967381,-0.6413305772276492
48,96,0.01,0,-0.2,2.5,1,1,100,200,-0.715578477777197,-0.2224690387635525,-0.7814598933495227,-0.5795021381839165,1778,1396,382,0.07885619869949899,0.14910457307323313,0.11398038588636605,0.03512418718686707,-0.08976627749909805,-0.23968443089867342,-1.0094675089950967e-05,-0.6421740923475097
12,60,0.005,0,0.2,1.5,1,1,100,200,-0.6703341884395677,-0.19915445351143635,-0.7936702059465912,-0.9278802801704313,1130,858,272,0.027582347297729452,0.05817610062893082,0.04287922396333013,0.015296876665600681,0.02823855162746458,-0.43581988577657615,-0.0001897246172251254,-0.6423835704932536
48,96,0.0,1,0.2,999.0,1,1,100,200,-0.7017141437854462,-0.21502727999075544,-0.7337826899867503,-1.2178046391543995,894,671,223,0.020866645346977936,0.04549088583306684,0.033178765590022384,0.012312120243044452,-0.21074395846626637,-0.4089925873861989,-0.00038950863655624093,-0.6428088569418506
30,200,0.005,0,0.2,0.75,1,1,100,200,-0.7003436003289677,-0.21430676091674616,-0.7375889686594873,-1.194830339357902,989,764,225,0.024864086984330028,0.04858224069928579,0.03672316384180791,0.01185907685747788,-0.18508957077088595,-0.3969879230592629,-0.0003347288378110869,-0.642842762214385
12,120,0.005,1,0.2,999.0,1,1,100,200,-0.6977095811794497,-0.2129293791094674,-0.7387456574270616,-1.214961215916185,850,641,209,0.019960558575844792,0.04309242085065558,0.031526489713250186,0.011565931137405394,-0.1299955604429689,-0.4684743496890551,-0.00041753383672311813,-0.6430502686188075
12,60,0.0,0,0.0,2.5,1,1,100,200,-0.6295697806732099,-0.1802485369676864,-0.867005731777732,-0.5862302629994574,1686,1280,406,0.048848736808442594,0.10406673062573286,0.07645773371708774,0.027608996908645135,0.6978520501586636,-0.4929995185940593,1.5150784402111392e-05,-0.6430629160065252
48,96,0.0025,0,0.2,0.75,1,1,100,200,-0.6982074942428187,-0.21318901006529412,-0.740899565197348,-1.19815846497445,917,702,215,0.02281206694382262,0.046103826884127494,0.03445794691397506,0.011645879970152435,-0.21856732579291682,-0.3890710548401344,-0.00037031413947137423,-0.6435467159126906
48,96,0.0025,0,-0.2,0.75,1,1,100,200,-0.7060426678716593,-0.2173203868657898,-0.7684301113382883,-0.8429935768208727,1225,942,283,0.046556870269694066,0.09164801193902569,0.06910244110435988,0.022545570834665813,-0.23074707791007065,-0.29484102755856656,-0.00012554015394691855,-0.6436851213759776
12,60,0.01,0,0.2,2.5,1,1,100,200,-0.6708632238099017,-0.19941182819551373,-0.8022871952462974,-0.862640423487477,1163,914,249,0.03165973776782859,0.06113420744057137,0.046396972604199976,0.014737234836371389,0.024348758141833127,-0.42517722942759084,-0.0001670595759424002,-0.6436874469930364
12,120,0.0025,0,-0.2,0.75,1,1,100,200,-0.7049878918297706,-0.21675912568819955,-0.7665921413797965,-0.8775089436818521,1218,926,292,0.04461144867284938,0.08954269267668692,0.06707707067476815,0.022465622001918772,-0.20694462505018163,-0.3159500570269548,-0.00013191046756985564,-0.6439306435621904
48,60,0.005,0,-0.2,2.5,1,1,100,200,-0.7076409666389119,-0.21817394180193517,-0.7941433323196937,-0.5838043144136824,1822,1387,435,0.07413921756742352,0.15142308922289735,0.11278115339516043,0.038641935827736916,-0.0033530634094464107,-0.27034695762201155,-3.6430352697623585e-06,-0.6444358236824662
12,96,0.0,0,-0.2,2.5,1,1,100,200,-0.6638639765867904,-0.19603313370613684,-0.8487638020337815,-0.48711359706154245,1974,1484,490,0.0781633088156913,0.16226948086557935,0.12021639484063533,0.042053086024944036,0.37991888573325827,-0.3462414962640378,3.302414917363092e-05,-0.6447707145761047
48,96,0.005,0,-0.2,1.5,1,1,100,200,-0.7115090207666389,-0.2202551894344188,-0.7866720111634519,-0.6309814698021885,1750,1335,415,0.06795650783498561,0.14236222151156594,0.10515936467327577,0.03720285683829016,-0.028443840663489595,-0.28752925932131324,-1.7339815611757143e-05,-0.6451402685062542
30,60,0.01,0,-0.2,999.0,1,1,100,200,-0.711547469394735,-0.22027598887281175,-0.7932849056711085,-0.5752319668921613,1641,1293,348,0.07736382048822087,0.13956401236541946,0.10846391642682017,0.031100095938599297,0.0323117758956073,-0.3651206395367883,-2.1716090220817677e-05,-0.6456800400529741
30,200,0.005,0,-0.2,0.75,1,1,100,200,-0.7125185644886511,-0.220802056033649,-0.7643695224309452,-0.855607473500299,1325,1023,302,0.050954056070781364,0.09780407206054792,0.07437906406566464,0.023425007994883274,-0.18192991867049568,-0.3182716680065898,-0.00010959688545298333,-0.6457671909241366
20,96,0.0025,0,-0.2,1.5,1,1,100,200,-0.7040280606098368,-0.2162497791431539,-0.7957812217447575,-0.6369603128113742,1707,1285,422,0.06446540880503145,0.13769853960132183,0.10108197420317663,0.03661656539814519,-0.1005980649291972,-0.22721308581912625,-1.958218620023827e-05,-0.6459884056561014
12,120,0.0025,0,-0.2,1.5,1,1,100,200,-0.6966118163364129,-0.21235816863724388,-0.8060966362582876,-0.6187730536021485,1772,1334,438,0.06601108623814092,0.14137618590768575,0.10369363607291333,0.037682549834772414,-0.02845057097798398,-0.24244372427919925,-8.118974220459065e-06,-0.6463451394464952
12,200,0.005,0,0.2,0.75,1,1,100,200,-0.7021692058820486,-0.21526709980431413,-0.7425298723104568,-1.2113946090315801,964,743,221,0.023958000213196887,0.04730305937533312,0.035630529794265,0.011672529581068116,-0.1983549788920721,-0.3983141612056461,-0.00035504474628783085,-0.6471017664111215
48,200,0.005,1,0.2,999.0,1,1,100,200,-0.7003273521732925,-0.21429823479620314,-0.7466417417011579,-1.1967305854363433,960,720,240,0.021639484063532673,0.0480225988700565,0.03483104146679458,0.013191557403261913,-0.0771674553473094,-0.4751469959957142,-0.0003468599472717653,-0.6474556349185993
12,200,0.005,0,-0.2,0.75,1,1,100,200,-0.712925893113128,-0.22102313962736675,-0.7675665658169114,-0.8607367062799669,1290,991,299,0.049008634473936684,0.09521905980172689,0.07211384713783178,0.023105212663895106,-0.20124012648756195,-0.3148782151856562,-0.00011821644795363546,-0.6478432578498209
12,200,0.005,1,0.0,999.0,1,1,100,200,-0.6904562053923459,-0.20918544062376876,-0.774315375293146,-1.032689366241663,1080,819,261,0.03003411150197207,0.06345272359023559,0.046743417546103824,0.016709306044131754,0.005928472940077922,-0.4718799318814392,-0.000214740750419365,-0.6479775965824249
20,200,0.005,0,0.2,0.75,1,1,100,200,-0.7023117894902218,-0.21534230232283647,-0.7444232599971657,-1.2087369744922858,972,749,223,0.024251145933269373,0.04770280353906833,0.03597697473616885,0.011725828802899478,-0.18986014704730336,-0.40252251918055737,-0.00034986049342096285,-0.6479907810460337
20,120,0.0,0,0.0,0.75,1,1,100,200,-0.7033070939807693,-0.2158680573309626,-0.7637574790711547,-1.0171761350398878,1153,878,275,0.033685108197420315,0.06726361795117791,0.05047436307429912,0.0167892548768788,-0.18698929064652559,-0.3504025993695732,-0.00020032595331784055,-0.6486056036185344
48,200,0.0025,1,0.0,999.0,1,1,100,200,-0.6963643593989218,-0.2122296353900387,-0.7702986258923964,-1.0270175220563398,1186,897,289,0.03227267881888925,0.06904914188252852,0.05066091035070888,0.018388231531819635,-0.06004949729068065,-0.41541348044562787,-0.00018248694216329206,-0.6487298244390538
30,200,0.0,0,0.0,0.75,1,1,100,200,-0.707905110393017,-0.2183153642361101,-0.7610223947541442,-0.9982947060760186,1292,987,305,0.03808229399850762,0.074432363287496,0.056257328643001814,0.01817503464449419,-0.15192120849301682,-0.342777908133179,-0.00015917238443634513,-0.6487412969169832
20,60,0.005,0,-0.2,999.0,1,1,100,200,-0.697135759531446,-0.21263059042163768,-0.8188050432244109,-0.5392650419816465,1790,1370,420,0.0767775290480759,0.1498507621788722,0.11331414561347404,0.036536616565398146,0.21112894097423385,-0.3878633482498598,2.395366049526383e-06,-0.6489963641329255
30,96,0.01,0,0.0,1.5,1,1,100,200,-0.6859528841714088,-0.20689615195207534,-0.8079149811283852,-0.7652577523985691,1406,1100,306,0.04447820061827097,0.0869576804178659,0.06571794051806844,0.021239739899797463,0.10068914360813874,-0.4236112444668154,-8.180078458059668e-05,-0.6491165301361964
12,200,0.005,0,-0.2,1.5,1,1,100,200,-0.7132692094566547,-0.2212096745642822,-0.7937842569671691,-0.6222403646809916,1887,1423,464,0.07192729986142202,0.15304871548875387,0.11248800767508794,0.04056070781366592,0.07024262458156971,-0.31158328674683244,-4.02442292208508e-06,-0.6492138212819164
20,60,0.005,0,0.2,1.5,1,1,100,200,-0.6875909043123144,-0.20772579192048735,-0.7881743939239931,-0.9641060755832735,1160,877,283,0.02840848523611555,0.059801726894787334,0.04410510606545144,0.015696620829335893,0.01578310349158163,-0.45061540375202247,-0.00020040315752894563,-0.6500182926616476
20,120,0.0,1,0.0,999.0,1,1,100,200,-0.7000941128106792,-0.21417588459618153,-0.7661092889895165,-1.0654236002680235,1065,809,256,0.02963436733823686,0.06305297942650037,0.04634367338236862,0.016709306044131754,-0.11015524668037668,-0.4258962372031114,-0.00023277031077681326,-0.6505017091043409
20,200,0.0,0,0.2,0.75,1,1,100,200,-0.7068694231170547,-0.21776144220876248,-0.7475320967952639,-1.18719804851703,1045,801,244,0.026063319475535657,0.05186014284191451,0.03896173115872508,0.012898411683189425,-0.19637080032172427,-0.38484999796950303,-0.0003081897993288808,-0.650887393032246
20,96,0.0025,0,0.0,0.75,1,1,100,200,-0.7015437652606971,-0.21493756501877093,-0.7666285240984728,-1.0562736900929224,1061,806,255,0.03000746189105639,0.06145400277155953,0.04573073233130796,0.015723270440251572,-0.23050013426812666,-0.34063946814709156,-0.00024048779904490278,-0.6510655115726534
30,60,0.0025,0,-0.2,2.5,1,1,100,200,-0.6793238448260486,-0.2035735562521337,-0.841646206476095,-0.5362746674324498,1817,1367,450,0.07211384713783178,0.14966421490246243,0.1108890310201471,0.038775183882315316,0.2546989162192399,-0.3658640803097385,1.109827012987975e-05,-0.6512103928618037
30,120,0.005,0,0.0,0.75,1,1,100,200,-0.7048148537726135,-0.21666720301692333,-0.7643525674557886,-1.0484631209706563,1077,825,252,0.03176633621149131,0.06289308176100629,0.0473297089862488,0.015563372774757488,-0.2040416955137302,-0.3644785013875341,-0.00023476351105865454,-0.6512666427933504
12,60,0.01,0,0.0,999.0,1,1,100,200,-0.6649982806214549,-0.19657684309820433,-0.8453067289535188,-0.647811737802716,1469,1175,294,0.04988807163415414,0.09242085065558042,0.07115446114486729,0.021266389510713142,0.34045388892770867,-0.47896820288243125,-4.1420369062531925e-05,-0.6516207944650996
48,60,0.0025,0,0.0,0.75,1,1,100,200,-0.7026818588303343,-0.2155376215928375,-0.7672423907588606,-1.0567618170787505,1021,781,240,0.02920797356358597,0.0598550261166187,0.04453149984010234,0.015323526276516362,-0.26111113689719556,-0.3294902976014076,-0.0002572424684352149,-0.6519969078262053
48,60,0.0025,1,0.2,999.0,1,1,100,200,-0.7104383666819135,-0.21967688949182518,-0.7367187682071576,-1.2817806377105678,796,604,192,0.018841274917386207,0.04069395586824432,0.029767615392815264,0.010926340475429059,-0.29648187318762365,-0.3871444036507101,-0.0004896034861044065,-0.6521253054809324
48,120,0.005,1,0.0,999.0,1,1,100,200,-0.7032418573659327,-0.21583355387722825,-0.7638339502273961,-1.091143797897502,1013,770,243,0.028088689905127386,0.05990832533845006,0.043998507621788724,0.015909817716661338,-0.09358867253467296,-0.4566214558006816,-0.0002624778668392368,-0.6523077188858014
30,200,0.005,0,-0.2,1.5,1,1,100,200,-0.7198503972318224,-0.22482045870141298,-0.7939020031886201,-0.61294941375313,1955,1469,486,0.07408591834559215,0.15963116938492697,0.11685854386525957,0.042772625519667415,0.06841416805032052,-0.3029251809460394,3.0280207573275803e-07,-0.6524189309833796
48,120,0.0,0,0.2,0.75,1,1,100,200,-0.7085863018908212,-0.21868054645751422,-0.7470226256878374,-1.2084009052836433,982,752,230,0.02483743737341435,0.04962157552499734,0.03722950644920584,0.012392069075791493,-0.22266180131564084,-0.38737901301479605,-0.0003433186920725689,-0.6526119045656151
48,200,0.0,1,0.0,999.0,1,1,100,200,-0.696300240667522,-0.21219634472325333,-0.7793842159595108,-1.0159853635988705,1236,928,308,0.03320541520093807,0.07190065025050635,0.052553032725722204,0.019347617524784137,-0.012062812535041711,-0.4296043232079826,-0.0001651027142455304,-0.6526877208829522
12,96,0.005,0,0.0,1.5,1,1,100,200,-0.6703818027301125,-0.19917760423746755,-0.8332470434040493,-0.7459759832088535,1491,1140,351,0.04346551540347511,0.09063532672422983,0.06705042106385246,0.02358490566037736,0.2820253367279253,-0.4580464362227692,-5.377299331076851e-05,-0.6530999250999349
48,60,0.0025,0,0.2,0.75,1,1,100,200,-0.7045339836410169,-0.21651808863879907,-0.7489989000872355,-1.249209386702086,845,641,204,0.02036030273958,0.04263937746508901,0.0314998401023345,0.011139537362754503,-0.2677409615547732,-0.3842873135930285,-0.0004384543117103536,-0.6534780080175211
30,120,0.0025,0,-0.2,1.5,1,1,100,200,-0.7171546891689764,-0.22333333324597782,-0.7970254524943498,-0.6350380995028454,1822,1374,448,0.06891589382795012,0.14785204136019614,0.10838396759407312,0.03946807376612301,-0.07788078181159308,-0.2370376165626722,-1.2907116470012315e-05,-0.653597964468295
12,96,0.01,0,-0.2,999.0,1,1,100,200,-0.7243899282932935,-0.2273508255430674,-0.7931633588428707,-0.5954769686004394,1726,1364,362,0.08042852574352415,0.1457200724869417,0.11307429911523292,0.03264577337170877,-0.048173417248043804,-0.3135212114098551,-2.0454134915633442e-05,-0.6537063533945248
12,120,0.01,0,0.0,1.5,1,1,100,200,-0.691542095349885,-0.2097414420260102,-0.8094734596515444,-0.7956526961690454,1414,1100,314,0.043998507621788724,0.08621149131222684,0.06510499946700778,0.02110649184521906,0.06727057582972029,-0.4138019712533615,-8.854389847544556e-05,-0.6542608066602347
20,120,0.005,1,0.2,999.0,1,1,100,200,-0.7120044731026909,-0.22052338277338768,-0.7405631957378526,-1.2713943140112882,845,639,206,0.01982731052126639,0.042852574352414456,0.03133994243684042,0.011512631915574032,-0.1686909652386006,-0.4713617931387144,-0.0004517847680799993,-0.6543746963428783
30,120,0.0,1,0.0,999.0,1,1,100,200,-0.7096860764059987,-0.2192715718782703,-0.7604188028782434,-1.101128890952775,1057,805,252,0.0294478200618271,0.06254663681910244,0.04599722844046477,0.01654940837863767,-0.16157889090554756,-0.41252729250288855,-0.0002504936456010743,-0.6545374178650307
20,120,0.01,0,0.2,1.5,1,1,100,200,-0.7008355105752823,-0.21456506305056533,-0.7843350588294127,-0.959792923602412,1209,935,274,0.03171303698965995,0.06305297942650037,0.04738300820808016,0.01566997121842021,-0.05700878878962479,-0.41923683184058846,-0.00019376985677860726,-0.6547222386453923
20,120,0.0025,0,-0.2,1.5,1,1,100,200,-0.7104518715142133,-0.21968417329336098,-0.8077110985964624,-0.6269236467686687,1796,1357,439,0.06753011406033473,0.14508048182496536,0.10630529794265003,0.038775183882315316,-0.09928465745178294,-0.2107271241588503,-1.1961382412446066e-05,-0.6548859049300256
30,200,0.005,0,0.0,0.75,1,1,100,200,-0.7122487544021168,-0.22065575055819964,-0.7640409473938498,-1.0452887135767652,1188,912,276,0.035150836797782754,0.06840955122055219,0.05178019400916747,0.016629357211384713,-0.17573328635001206,-0.36761015603588854,-0.00020201273373872262,-0.6549406599339627
12,200,0.0,0,0.0,0.75,1,1,100,200,-0.7107534510421236,-0.21984690037911536,-0.7693355296614987,-1.0116072003178083,1251,949,302,0.0363234196780727,0.07246029207973563,0.05439185587890417,0.018068436200831466,-0.20118985604943318,-0.32307001999987284,-0.00017499631736120073,-0.6550950252257551
30,120,0.005,0,-0.2,0.75,1,1,100,200,-0.7173515090403495,-0.2234415271715181,-0.7749649091753501,-0.8936756761759542,1196,922,274,0.04559748427672956,0.08914294851295171,0.06737021639484063,0.021772732118111076,-0.23390552388946928,-0.3289770265969133,-0.0001468069306736485,-0.6556077655679908
20,60,0.005,0,0.0,2.5,1,1,100,200,-0.663515274791808,-0.19586628435380493,-0.8526659964610845,-0.6712319920204065,1579,1210,369,0.04772945314998401,0.0974043278968127,0.07256689052339836,0.02483743737341435,0.4752370807175075,-0.49758248049878184,-2.6228728930883542e-05,-0.6557608821853675
20,96,0.01,0,0.0,1.5,1,1,100,200,-0.6977471479546553,-0.21294895593080032,-0.8049383303410437,-0.8110216745039281,1379,1079,300,0.04354546423622215,0.08437266815904487,0.06395906619763352,0.020413601961411364,0.030910468199953023,-0.41565357732030683,-0.00010231418843737509,-0.6559692048265185
30,96,0.0025,1,0.2,999.0,1,1,100,200,-0.7138369187816758,-0.22151852183208343,-0.7415572026677868,-1.2750532759641187,844,635,209,0.019694062466687985,0.042985822406992856,0.03133994243684042,0.011645879970152435,-0.2368033940790506,-0.4281326816386295,-0.0004543767400547814,-0.6560497869641828
20,200,0.005,0,-0.2,0.75,1,1,100,200,-0.7198375786426102,-0.2248133601140747,-0.7748703476038015,-0.8782520387078808,1302,1002,300,0.04975482357957574,0.0961784457946914,0.07296663468713357,0.02321181110755783,-0.20906025598851585,-0.32069799576846303,-0.00012194658303858725,-0.6561611358513695
30,96,0.0025,0,0.0,0.75,1,1,100,200,-0.7082223269826786,-0.21848533709251317,-0.7694236633418876,-1.059413271012447,1077,823,254,0.03091354866218953,0.06278648331734357,0.04685001598976655,0.015936467327577017,-0.24289741338148296,-0.339575172635981,-0.00024006929657018723,-0.6561678323140794
30,120,0.01,0,-0.2,2.5,1,1,100,200,-0.72830730195405,-0.22956133550743119,-0.7927028791218471,-0.6103995001552791,1780,1391,389,0.07821660803752266,0.1491578722950645,0.11368724016629357,0.03547063212877092,-0.12909479991241257,-0.2401535574642698,-1.8412549655823477e-05,-0.6564327500761187
30,96,0.005,0,-0.2,2.5,1,1,100,200,-0.7114906054435972,-0.22024522813794722,-0.815605187626472,-0.569249020241093,1900,1445,455,0.07768361581920905,0.15896492911203497,0.11832427246562201,0.04064065664641296,0.05326090349045498,-0.29155370589202123,3.3076821728447885e-06,-0.6565102729632379
30,120,0.005,1,0.2,999.0,1,1,100,200,-0.7153770844155778,-0.2223588836172029,-0.7436013661929989,-1.2863548689266162,845,638,207,0.01985396013218207,0.04282592474149877,0.03133994243684042,0.011485982304658353,-0.19000239163994703,-0.46380663845605874,-0.0004595473506784741,-0.6584773101600331
20,200,0.0,1,0.0,999.0,1,1,100,200,-0.7042727574923175,-0.21637950500821623,-0.7816205426065352,-1.0529036679848114,1177,886,291,0.03200618270973244,0.06910244110435988,0.05055431190704616,0.01854812919731372,-0.004857583352790851,-0.46463211542411453,-0.0001942932837691481,-0.6598349597107245
30,60,0.0,0,0.0,1.5,1,1,100,200,-0.6747143021467128,-0.20129540913793764,-0.8439525096613932,-0.7352909695995221,1521,1150,371,0.04381196034537896,0.09332693742671357,0.06856944888604627,0.024757488540667307,0.3427534847358922,-0.4816391041177521,-4.954098049788834e-05,-0.6600362124486103
12,96,0.01,0,0.0,2.5,1,1,100,200,-0.6908651077222798,-0.20939462490905103,-0.8283301827278633,-0.7318340703207531,1531,1208,323,0.05020786696514231,0.09513911096897985,0.07267348896706108,0.022465622001918772,0.19327114882473673,-0.44288551100359796,-5.690666537097841e-05,-0.6601514197890204
20,120,0.0025,1,0.0,999.0,1,1,100,200,-0.7127957168216503,-0.22095245726772927,-0.7677610366579642,-1.119506614630721,1022,781,241,0.028541733290693955,0.060467967167679354,0.044504850229186654,0.0159631169384927,-0.15982484521897533,-0.4300968497665224,-0.0002721653693134365,-0.6608083063282475
20,120,0.0,1,0.2,999.0,1,1,100,200,-0.7186389729054066,-0.22415074964717285,-0.7469109069847422,-1.2716792885569372,912,681,231,0.02099989340155634,0.04647692143694702,0.03373840741925168,0.012738514017695341,-0.1873156474541987,-0.4537016955432799,-0.0004088127597576063,-0.6611901675673908
12,120,0.005,0,-0.2,2.5,1,1,100,200,-0.7198590441471022,-0.22482524727550957,-0.8118264956804415,-0.6092059434712385,1917,1458,459,0.07728387165547383,0.15787229506449205,0.11757808335998295,0.040294211704509114,0.04093651187573366,-0.29801516935632955,-2.5501605207791772e-06,-0.6611987922892922
48,200,0.0,1,0.2,999.0,1,1,100,200,-0.7126430508250279,-0.22086959622067637,-0.7591791160972682,-1.215976219640072,1045,774,271,0.02323846071847351,0.052499733503890846,0.03786909711118218,0.014630636392708667,-0.08701683387035564,-0.46919555667932933,-0.00031514321936904543,-0.6612579652513141
12,200,0.01,0,-0.2,2.5,1,1,100,200,-0.7363144778855905,-0.23416016246002147,-0.7931945706874938,-0.616189710056123,1887,1460,427,0.08085491951817503,0.1579255942863234,0.11939025690224923,0.03853533738407419,-0.1036239335487148,-0.24411565650340827,-1.2084160577335854e-05,-0.6615669333065745
20,120,0.005,0,0.0,0.75,1,1,100,200,-0.714136980839696,-0.22168196069072021,-0.7724130779494855,-1.0863267155744682,1075,823,252,0.031393241658671786,0.06230679032086132,0.04685001598976655,0.015456774331094766,-0.21102086273752652,-0.37972522683096277,-0.00025169541781403003,-0.6622048354441864
48,96,0.01,0,0.2,1.5,1,1,100,200,-0.715644902571676,-0.2225053844920315,-0.7813833375833942,-0.9928582078952255,1230,948,282,0.032379277262551964,0.06403901503038055,0.048209146146466264,0.015829868883914296,-0.062887434650719,-0.43865849050212213,-0.00020632204617622855,-0.6628399636784899
48,120,0.005,0,0.0,0.75,1,1,100,200,-0.7187158124025708,-0.224193160080847,-0.7702242556171651,-1.0843937018975824,1100,839,261,0.0320594819315638,0.06409231425221192,0.04807589809188786,0.016016416160324058,-0.20367128690362335,-0.38768535873433685,-0.0002448194265304919,-0.6635249729843087
20,96,0.0025,1,0.2,999.0,1,1,100,200,-0.7209557546335615,-0.22543355508978435,-0.7460004485847735,-1.3063330906291228,846,636,210,0.019747361688519347,0.042985822406992856,0.0313665920477561,0.011619230359236754,-0.25392547090150897,-0.42899045896209265,-0.00046964930926296706,-0.6637504339136273
20,200,0.01,0,-0.2,2.5,1,1,100,200,-0.7387712803604508,-0.23559358295644417,-0.7968176548278386,-0.6073757435516207,1918,1483,435,0.08232064811853747,0.16088370109796396,0.12160217460825072,0.03928152648971325,-0.038551862404124004,-0.29093242772139216,-9.296986924930526e-06,-0.6643711975479445
20,96,0.01,0,0.2,1.5,1,1,100,200,-0.7124233049447852,-0.2207503886701101,-0.7857524859235103,-1.0167380230824048,1154,892,262,0.030540454109370004,0.06001492378211278,0.04527768894574139,0.014737234836371389,-0.09185841295814734,-0.4360368751752316,-0.00023543252582260875,-0.6644635327859855
30,120,0.0025,1,0.0,999.0,1,1,100,200,-0.7224877727378074,-0.2262865227204366,-0.7606971108322456,-1.1570586352352425,1017,779,238,0.028488434068862596,0.06014817183669118,0.04431830295277689,0.015829868883914296,-0.2085983554564631,-0.41685152161683925,-0.0002901919135046033,-0.6644880098983215
48,96,0.0025,0,0.0,0.75,1,1,100,200,-0.7163970007951247,-0.22291738539658457,-0.7755749525841032,-1.0762487870675197,1102,844,258,0.03221937959705788,0.06446540880503145,0.048342394201044664,0.016123014603986782,-0.2573281931630289,-0.3373716921042521,-0.00023956764140379771,-0.6645173010420121
12,200,0.0,1,0.0,999.0,1,1,100,200,-0.7143332568237801,-0.2217889432364083,-0.7771534682656644,-1.0849849717239752,1174,882,292,0.031819635433322675,0.06912909071527555,0.05047436307429912,0.01865472764097644,-0.054968815403991345,-0.45623887109072536,-0.00020804476133544757,-0.6646149259554393
30,120,0.0,1,0.2,999.0,1,1,100,200,-0.7212997831727035,-0.22562476996652803,-0.7495399317689699,-1.2849151942513384,905,677,228,0.020973243790640656,0.046183775716874535,0.0335785097537576,0.012605265963116938,-0.2152056220452051,-0.4415956119750496,-0.000419128967848293,-0.66464049556358
30,60,0.01,0,0.2,2.5,1,1,100,200,-0.7166838749446545,-0.22307476589164787,-0.7866385791232416,-0.9685440137098584,1229,962,267,0.03432469885939665,0.06486515296876666,0.049594925914081656,0.015270227054685002,-0.0028281565309604684,-0.47465816582579445,-0.00020267567252149466,-0.6648212561387616
20,200,0.0,0,0.0,0.75,1,1,100,200,-0.7205089663693269,-0.22518550647815094,-0.7752756923698759,-1.0423024786359492,1266,965,301,0.037042959172796076,0.07307323313079629,0.05505809615179618,0.018015136979000108,-0.20604739279934692,-0.3369436208488604,-0.00018324369774009932,-0.6649384765948863
30,200,0.0025,0,-0.2,0.75,1,1,100,200,-0.7307803586787149,-0.2309700023835315,-0.7797893281052204,-0.8882602549085209,1380,1056,324,0.052153288561987,0.1018281633088157,0.07699072593540135,0.02483743737341435,-0.2267423036925914,-0.3057424308749076,-0.00011364943289285556,-0.6652776791815678
12,60,0.0,0,-0.2,999.0,1,1,100,200,-0.6918960214189356,-0.20992299885710308,-0.859037691920158,-0.517370606121927,1919,1451,468,0.07832320648118538,0.1594446221085172,0.11888391429485129,0.04056070781366592,0.3089248026485829,-0.3854002549222948,1.7194000277284846e-05,-0.6653103751232785
48,96,0.0,0,-0.2,1.5,1,1,100,200,-0.7292236002539585,-0.2300820634752344,-0.8058785299143232,-0.6505845472195826,1873,1417,456,0.07192729986142202,0.15235582560494618,0.1121415627331841,0.04021426287176207,-0.04910672590702303,-0.27339642652764107,-1.4465514680623617e-05,-0.6655505557933752
12,200,0.005,0,0.0,0.75,1,1,100,200,-0.7201115377450718,-0.22496512782932798,-0.77369754394896,-1.077735417489743,1157,885,272,0.033924954695661445,0.06670397612194862,0.050314465408805034,0.01638951071314359,-0.20740513976854813,-0.3701517414782891,-0.00022494637683488102,-0.6657006706782951
30,120,0.0025,0,-0.2,0.75,1,1,100,200,-0.7276363026657691,-0.22918090005260838,-0.7831533111715931,-0.9051325215963961,1234,945,289,0.04642362221511566,0.09215435454642362,0.06928898838076963,0.02286536616565398,-0.29103973398973626,-0.2878786064407951,-0.00014565717651030585,-0.6660141817182248
30,200,0.0,1,0.0,999.0,1,1,100,200,-0.7107142374737895,-0.21982573374386216,-0.7852633929346546,-1.0718768771564977,1198,900,298,0.03235262765163629,0.06992857904274598,0.05114060334719113,0.018787975695554845,-0.023459134024208295,-0.46068302529868144,-0.00019622543285801857,-0.6660512740690143
20,120,0.005,0,-0.2,0.75,1,1,100,200,-0.7270551114664268,-0.2288519883558221,-0.7826905865559883,-0.927290422278195,1189,916,273,0.045011192836584585,0.08823686174181856,0.06662402728920158,0.021612834452616993,-0.23901699849391755,-0.34994119093541953,-0.00016034593992305545,-0.666561802747726
20,200,0.005,1,0.2,999.0,1,1,100,200,-0.7188686589650899,-0.22427754905696673,-0.7569680725619703,-1.277964807267044,925,695,230,0.02110649184521906,0.04642362221511566,0.03376505703016736,0.0126585651849483,-0.10525496201513618,-0.5009760430298091,-0.0004064330106173635,-0.6666598257013041
30,200,0.0025,1,0.0,999.0,1,1,100,200,-0.7150683524110941,-0.22219013895585382,-0.7794952021614935,-1.0979688413156852,1151,871,280,0.031446540880503145,0.06721031872934655,0.04932842980492485,0.017881888924421704,-0.08157787913006276,-0.4483071783567856,-0.0002203448153909004,-0.6668361821023849
48,120,0.0,0,-0.2,0.75,1,1,100,200,-0.7309265161803546,-0.231053577948381,-0.7823639804525655,-0.8927036530381267,1312,1000,312,0.0498081228014071,0.09815051700245177,0.07397931990192944,0.024171197100522332,-0.24510939428978196,-0.31300225875455323,-0.0001276332078359384,-0.6668707508265701
48,200,0.005,0,0.2,1.5,1,1,100,200,-0.7187118984345847,-0.22419099959963784,-0.8037612865455683,-0.8296876037353685,1579,1176,403,0.03706960878371176,0.08232064811853747,0.05969512845112462,0.022625519667412854,0.22079316896505952,-0.49245972295651563,-9.239814269948274e-05,-0.6675560230591905
20,120,0.005,0,-0.2,2.5,1,1,100,200,-0.7248865945675831,-0.22762968957969543,-0.8202868979619928,-0.596650351785127,1944,1479,465,0.0788295490885833,0.1620829335891696,0.12045624133887645,0.04162669225029315,0.01669117580972057,-0.28457764966675525,-7.799825764523744e-07,-0.6676056561499482
30,120,0.0025,0,0.2,0.75,1,1,100,200,-0.7197856114058094,-0.22478458472775098,-0.7577589831653846,-1.2809045804195967,930,711,219,0.02286536616565398,0.04653022065877838,0.03469779341221618,0.0118324272465622,-0.2643439595484559,-0.3935247750469877,-0.0004058211313694229,-0.6677093053314231
20,200,0.005,0,0.0,0.75,1,1,100,200,-0.7214512612082413,-0.22570902300828477,-0.7760650975901108,-1.0798324944798257,1169,896,273,0.03437799808122802,0.06726361795117791,0.050820808016202965,0.01644280993497495,-0.20190054575028404,-0.3737427167115638,-0.00022241079477332504,-0.6677331965273314
12,120,0.0025,0,0.0,0.75,1,1,100,200,-0.7181941987391759,-0.2239054449171729,-0.7764420075902485,-1.1165488914918966,1101,836,265,0.03083359982944249,0.06313292825924742,0.046983264044344955,0.01614966421490246,-0.2513411891475946,-0.3471628034261458,-0.0002502341485304595,-0.667953893286892
12,96,0.0025,1,0.2,999.0,1,1,100,200,-0.7242701236654373,-0.22728361881941028,-0.7500631531087206,-1.3161513748212474,854,642,212,0.019987208186760475,0.04343886579255943,0.03171303698965995,0.011725828802899478,-0.2300816916228604,-0.4510544117664156,-0.00046936537809673634,-0.6681227641148331
48,200,0.0,0,-0.2,2.5,1,1,100,200,-0.7168174752682726,-0.22314810315834555,-0.8440356638099537,-0.46901891122718153,2454,1823,631,0.09407312653235263,0.2056816970472231,0.14987741178978786,0.05580428525743524,0.5358557205417915,-0.3708870524870841,4.6775540676824274e-05,-0.6686168806246814
20,120,0.01,0,0.0,1.5,1,1,100,200,-0.7124917351325031,-0.22078750280373005,-0.8130718042652403,-0.8314499823073173,1432,1118,314,0.04503784244750027,0.08858330668372241,0.06681057456561135,0.021772732118111076,0.00430394259900746,-0.41410771437746097,-0.00010259898283015595,-0.6688959040517161
12,96,0.0025,0,-0.2,2.5,1,1,100,200,-0.7041224207887782,-0.21629979395402865,-0.8476546804048961,-0.5780194198842511,1907,1443,464,0.07563159577870163,0.15627331840955122,0.11595245709412642,0.0403208613154248,0.14919727447729203,-0.33177792688885765,5.549797230651157e-06,-0.6690281051506892
20,200,0.0025,1,0.0,999.0,1,1,100,200,-0.7169496648335902,-0.22322069325991456,-0.7811749778464367,-1.107911552821246,1130,857,273,0.031073446327683617,0.06619763351455069,0.04863553992111715,0.017562093593433536,-0.07420405897177329,-0.46199520304909825,-0.00023086762461664305,-0.6692037598241952
12,120,0.01,0,0.2,1.5,1,1,100,200,-0.7149782639310026,-0.2221409265652784,-0.7919589775759122,-1.0224017647175627,1184,911,273,0.030727001385779766,0.06121415627331841,0.04597057882954909,0.015243577443769321,-0.07468442939621334,-0.44312882146522015,-0.00022792482892872764,-0.6692405035891126
12,60,0.0,0,0.2,1.5,1,1,100,200,-0.6941195777377611,-0.21106746968310197,-0.8204933388532694,-0.9613677109541258,1225,917,308,0.029234623174501654,0.06366592047756103,0.04645027182603134,0.017215648651529688,0.0056416891359287735,-0.4387190455066611,-0.0001813951454106617,-0.669382524657443
20,200,0.005,0,-0.2,1.5,1,1,100,200,-0.7360828481258432,-0.2340255699595244,-0.804901913065844,-0.6609612911916112,1916,1442,474,0.07317983157445901,0.15611342074405712,0.11464662615925808,0.041466794584799065,0.03446621375789993,-0.33486551258756214,-1.42298766387129e-05,-0.6695245910520269
48,96,0.0025,1,0.2,999.0,1,1,100,200,-0.725051435005369,-0.2277223318155185,-0.7533933810193018,-1.3187851333804592,861,651,210,0.020147105852254557,0.04359876345805351,0.031872934655154034,0.011725828802899478,-0.27238416274090005,-0.41875417689662897,-0.0004671976769988919,-0.6703582789941923
20,60,0.01,0,0.0,999.0,1,1,100,200,-0.7045017269335341,-0.21650097076312003,-0.8362351786218136,-0.7243469692356758,1497,1193,304,0.05154034751092634,0.09460611875066624,0.07307323313079629,0.02153288561986995,0.21883184476591655,-0.48741974987411085,-6.995525811967482e-05,-0.6708359085358107
12,200,0.0025,0,-0.2,0.75,1,1,100,200,-0.7341461416032768,-0.23290389512712895,-0.7860956564330144,-0.9034491860320681,1337,1018,319,0.049728173968660055,0.09876345805351242,0.07424581601108624,0.02451764204242618,-0.28015443953752894,-0.279221034761155,-0.00012681264121871383,-0.6711241826452395
20,60,0.0025,0,0.0,1.5,1,1,100,200,-0.6944694585611526,-0.21124815981805234,-0.8396532010755129,-0.811363429054873,1448,1092,356,0.04048075898091888,0.0872241765270227,0.0638524677539708,0.023371708773051912,0.12590703512010015,-0.4401651431821605,-8.605312321446631e-05,-0.6716429318085524
48,120,0.0025,0,0.2,0.75,1,1,100,200,-0.7254953778202844,-0.22797205394597742,-0.7593101163360327,-1.2895622835208855,948,724,224,0.023425007994883274,0.0474629570408272,0.03544398251785524,0.012018974522971964,-0.2656419210381288,-0.3994504442912008,-0.00040333908746278035,-0.6721052262900381
12,60,0.0025,0,0.0,2.5,1,1,100,200,-0.6779895421223894,-0.2029114324106912,-0.868617486841451,-0.7069485110274702,1622,1235,387,0.04687666560068223,0.0994829975482358,0.07317983157445901,0.02630316597377678,0.4177192472586537,-0.4888120023257746,-3.197682184262547e-05,-0.6725676013827901
20,120,0.0025,0,0.2,0.75,1,1,100,200,-0.7231652861768953,-0.2266649372145888,-0.761453177640991,-1.3043821512244047,925,704,221,0.022359023558256048,0.04602387805138045,0.03419145080481825,0.0118324272465622,-0.26228798487720695,-0.4040015629894559,-0.00041951589057498965,-0.6726106335963045
20,96,0.005,0,-0.2,2.5,1,1,100,200,-0.7369327480323875,-0.2345198827499586,-0.8112908164108202,-0.6506995924146639,1855,1408,447,0.07544504850229186,0.15406140070354973,0.1147532246029208,0.03930817610062893,-0.07691215475925639,-0.2793363395291951,-1.90614180217922e-05,-0.6727002705761019
20,96,0.0025,0,0.2,0.75,1,1,100,200,-0.7210576942014582,-0.2254901945639699,-0.7625944363502938,-1.318391755820226,881,666,215,0.021026543012472018,0.043891909178126,0.032459226095299006,0.01143268308282699,-0.2842937572605123,-0.3944721211543275,-0.0004503420118259958,-0.6727070005301281
30,120,0.01,0,0.2,1.5,1,1,100,200,-0.7296680132734181,-0.2303351290149741,-0.7825345823492591,-1.0368731637480404,1235,949,286,0.03227267881888925,0.06446540880503145,0.04836904381196035,0.0160963649930711,-0.11376973300559767,-0.43428881294727306,-0.00022471878307377065,-0.6734460783770057
12,120,0.0025,1,0.2,999.0,1,1,100,200,-0.7292040636033654,-0.23007094619478086,-0.7564548113381699,-1.3224660223116953,882,662,220,0.020333653128664322,0.04474469672742778,0.032539174928046054,0.01220552179938173,-0.22114524891060527,-0.4595476209337005,-0.00045706114495257786,-0.6744216529794506
30,200,0.0,0,-0.2,1.5,1,1,100,200,-0.7254894674665485,-0.22796872719379735,-0.835091090460767,-0.6020224311433336,2119,1569,550,0.07837650570301674,0.172396333013538,0.12538641935827738,0.04700991365526063,0.16055778248397967,-0.3174376645330984,1.2036338444952337e-05,-0.6756153939813476
20,60,0.0,0,-0.2,999.0,1,1,100,200,-0.7090462827284583,-0.21892752549937367,-0.8595564718941638,-0.5394828637764393,1940,1458,482,0.08002878157978893,0.1624826777529048,0.12125572966634687,0.041226948086557934,0.26264072607014577,-0.39198384881690673,1.0639749917206752e-05,-0.6756799046352775
48,120,0.0,1,0.0,999.0,1,1,100,200,-0.7319921457921181,-0.2316640246833288,-0.7715382099135024,-1.1711033425845134,1089,826,263,0.02998081228014071,0.06441210958320008,0.047196460931670396,0.017215648651529688,-0.17956293884934826,-0.4368361947486541,-0.0002690622140924769,-0.6759882967693057
48,120,0.005,1,0.2,999.0,1,1,100,200,-0.730573004528495,-0.230851495686631,-0.7563382752450454,-1.3396178695866152,864,650,214,0.019987208186760475,0.04391855878904168,0.031952883487901075,0.011965675301140604,-0.2020757333625156,-0.47983446842244537,-0.0004750799034116651,-0.6760015267884845
12,96,0.01,0,0.2,2.5,1,1,100,200,-0.7244294365402291,-0.22737299358200003,-0.7991814524721079,-0.9823214690013699,1288,1005,283,0.035230785630529796,0.06774331094766016,0.05148704828909498,0.016256262658565186,-0.01794510644003333,-0.46561697846961303,-0.00019235610791440633,-0.6760797932681225
48,200,0.0025,1,0.2,999.0,1,1,100,200,-0.7303316137157152,-0.23071362827374298,-0.7615240210398226,-1.295567648756555,1004,751,253,0.022572220445581496,0.05028781579788935,0.03643001812173542,0.013857797676153928,-0.1636446775493552,-0.46726704484622483,-0.00037439600237501965,-0.676254021231482
48,120,0.0025,1,0.0,999.0,1,1,100,200,-0.7338948422010172,-0.23275883050738722,-0.7683077534399851,-1.1884011121413784,1046,797,249,0.028941477454429165,0.06193369576804179,0.045437586611235474,0.01649610915680631,-0.19680698489562376,-0.4409814925497487,-0.0002928982735264436,-0.6763327628344487
48,200,0.0025,0,-0.2,2.5,1,1,100,200,-0.7350577069212294,-0.23343102584222908,-0.8350078377085784,-0.5126653297454684,2364,1763,601,0.09111501972071208,0.19851295171090502,0.14481398571580856,0.05369896599509647,0.3559198156883858,-0.36264450039974794,3.2631535338130176e-05,-0.6765682111837916
48,200,0.005,0,0.0,1.5,1,1,100,200,-0.7209768415941656,-0.22544527002999715,-0.8340923274412871,-0.7022824300025898,1847,1379,468,0.05178019400916747,0.11467327577017375,0.08322673488967061,0.031446540880503145,0.3036704649537503,-0.4609318424553802,-2.438382539918463e-05,-0.6776055552507702
12,200,0.0025,1,0.0,999.0,1,1,100,200,-0.7300496502306724,-0.2305527132117534,-0.7791950503415029,-1.1552378762223499,1122,849,273,0.030780300607611128,0.06595778701630957,0.04836904381196035,0.017588743204349215,-0.13044057747802595,-0.4558924358049927,-0.00025255395668009824,-0.6779121321936223
48,120,0.005,0,-0.2,0.75,1,1,100,200,-0.7399366879809391,-0.23627731331652846,-0.788517110615476,-0.9540212866276515,1224,941,283,0.046237074938705894,0.09111501972071208,0.06867604732970899,0.022438972391003092,-0.2394038183850309,-0.36936271986030944,-0.00016323497333595936,-0.678236932955649
30,60,0.0025,0,0.0,1.5,1,1,100,200,-0.7075954623713349,-0.2181495891603873,-0.8381716861270097,-0.8362451882546686,1468,1110,358,0.04173329069395587,0.08964929112034964,0.06569129090715276,0.023958000213196887,0.1666718082061147,-0.4777393876559265,-9.279271162005274e-05,-0.6790476916366256
12,120,0.0025,0,0.2,0.75,1,1,100,200,-0.7278869302505707,-0.22932291019300233,-0.7655217901879176,-1.3442600180820186,908,688,220,0.02158618484170131,0.044931244003837544,0.033258714422769425,0.011672529581068116,-0.27332325231716714,-0.4103054126119666,-0.0004464773237507716,-0.679296806191062
30,200,0.005,1,0.2,999.0,1,1,100,200,-0.7320480046683544,-0.23169607699820005,-0.7627281067240164,-1.3270192088253845,941,707,234,0.021346338343460187,0.046983264044344955,0.03416480119390257,0.012818462850442384,-0.13879760046983214,-0.5018749081056222,-0.00042404233079941175,-0.6794110908014774
12,200,0.005,1,0.2,999.0,1,1,100,200,-0.7337145611239055,-0.23265482927925352,-0.7601204295503144,-1.3395932084061377,919,691,228,0.020946594179724977,0.046103826884127494,0.03352521053192623,0.012578616352201259,-0.1609526120965752,-0.49746171909780657,-0.0004425178188566519,-0.6796947044747176
20,120,0.0025,0,-0.2,0.75,1,1,100,200,-0.7389953915553371,-0.23572487649987983,-0.7934982156328283,-0.944471195698853,1227,938,289,0.04565078349856092,0.09127491738620616,0.06846285044238354,0.02281206694382262,-0.288745605453132,-0.3221563849118918,-0.00016093434857743076,-0.6796975441012366
12,200,0.0,0,-0.2,1.5,1,1,100,200,-0.732525486887879,-0.23197027882427756,-0.8316968590943857,-0.6377781043946994,2036,1512,524,0.07557829655687028,0.16517428845538856,0.12037629250612941,0.044797995949259144,0.04768620058491835,-0.2932374495183526,-2.6052684664787534e-07,-0.6797076135912054
30,60,0.005,0,0.0,2.5,1,1,100,200,-0.6971528516514663,-0.21263948373573138,-0.8613335413120176,-0.7380260065638174,1614,1234,380,0.04906193369576804,0.10065558042852574,0.0748587570621469,0.02579682336637885,0.4875197291591147,-0.5436226848130425,-4.727928294310727e-05,-0.680207554719931
20,200,0.0,1,0.2,999.0,1,1,100,200,-0.730854724201653,-0.2310125214297506,-0.7686332760633995,-1.2982208021045911,1002,743,259,0.02241232278008741,0.05055431190704616,0.03648331734356679,0.014070994563479372,-0.12356065924733639,-0.49312502905456645,-0.0003740156238428215,-0.6802401995666798
48,60,0.0,0,-0.2,2.5,1,1,100,200,-0.729477193430554,-0.23022642826223183,-0.8395007386655688,-0.6068209460375245,1961,1473,488,0.07757701737554631,0.1627491738620616,0.12016309561880396,0.04258607824325765,0.0019655242329854605,-0.2800814943585752,-2.1656108479803434e-06,-0.6803178448968925
20,200,0.0025,0,-0.2,0.75,1,1,100,200,-0.7417859241210563,-0.23736728421898712,-0.7938065853308102,-0.9244296197006099,1353,1033,320,0.05074085918345592,0.09993604093380237,0.07533845005862914,0.02459759087517322,-0.2811704392697316,-0.29331206620381567,-0.0001307927366278502,-0.6804920578694227
20,200,0.0,0,-0.2,1.5,1,1,100,200,-0.739655663850618,-0.23611221601884935,-0.8253519584255472,-0.6448157261065216,2069,1534,535,0.0770440251572327,0.1683988913761859,0.12272145826670931,0.045677433109476605,0.08490792292056648,-0.3246245785865368,-9.997103180955698e-07,-0.6810289815369491
48,200,0.01,0,-0.2,999.0,1,1,100,200,-0.7535116658326934,-0.24442782092728998,-0.818326419420244,-0.5631013606034792,2060,1599,461,0.09223430337917067,0.17815264897132502,0.13519347617524785,0.04295917279607718,0.00485385729915655,-0.3127280007924551,1.8426197823703774e-06,-0.681746098667586
48,96,0.0025,0,-0.2,1.5,1,1,100,200,-0.7471216888919707,-0.24054766183036635,-0.8123422206833933,-0.7041475788613758,1815,1376,439,0.06918238993710692,0.1474789468073766,0.10833066837224177,0.039148278435134846,-0.13964514469680978,-0.27145769720472346,-3.3493811926498974e-05,-0.6819261511151319
48,120,0.0,0,0.0,0.75,1,1,100,200,-0.7367212657505906,-0.23439676267098453,-0.7849801786925727,-1.1164468417814788,1183,903,280,0.034857691077710265,0.06928898838076963,0.052073339729239956,0.017215648651529688,-0.26364451201170347,-0.3539328161206555,-0.00023367270787107286,-0.6827091941063448
12,96,0.0,0,0.0,1.5,1,1,100,200,-0.7018533544024395,-0.2151006135379997,-0.8560704441147446,-0.7943975879952639,1608,1218,390,0.04599722844046477,0.0982304658351988,0.07211384713783178,0.02611661869736702,0.253047793713028,-0.4682317824025154,-5.801975791039744e-05,-0.6828557149951352
30,60,0.005,0,0.2,1.5,1,1,100,200,-0.7299558676300034,-0.2304992217736721,-0.797142144931255,-1.085517131333142,1187,896,291,0.029394520839995737,0.06169384926980066,0.0455441850548982,0.01614966421490246,-0.04314899221005997,-0.4890144000192268,-0.0002500528499001321,-0.6833461508059567
30,200,0.01,0,0.0,1.5,1,1,100,200,-0.7360491432901959,-0.2340059930539814,-0.815362651228423,-0.8391755951777102,1600,1224,376,0.04823579575738194,0.09887005649717515,0.07355292612727854,0.0253171303698966,0.05866795267069147,-0.4450092015563408,-8.68848892137806e-05,-0.6836460984270784
48,120,0.0,1,0.2,999.0,1,1,100,200,-0.7378123708011443,-0.23503282974145712,-0.7634550140221044,-1.345542314941996,927,692,235,0.021239739899797463,0.04735635859716448,0.03429804924848097,0.01305830934868351,-0.22969907296951164,-0.45887498730056875,-0.00043650607865612775,-0.6840374524996091
12,200,0.0,1,0.2,999.0,1,1,100,200,-0.7377510906294615,-0.23499704998846227,-0.7663711294000639,-1.3265202283789828,998,737,261,0.022172476281846286,0.05036776463063639,0.03627012045624134,0.014097644174395053,-0.15050078404868383,-0.491468509927501,-0.0003902235008778512,-0.6845086261074433
30,60,0.005,0,-0.2,999.0,1,1,100,200,-0.7434364528558914,-0.23834541976988355,-0.8295601712723096,-0.6315279148474993,1816,1386,430,0.0785630529794265,0.1540880503144654,0.11632555164694595,0.037762498667519455,0.13354926455100635,-0.43870320923876294,-2.3123371765935384e-05,-0.6847019011484132
48,60,0.01,0,0.2,2.5,1,1,100,200,-0.7429459582187918,-0.23805421872760346,-0.7920739058557382,-1.0123412016967588,1289,1005,284,0.035657179405180685,0.0686493977187933,0.052153288561987,0.01649610915680631,-0.11115438358713281,-0.448975518500619,-0.0002137326620051151,-0.6847082317403105
12,96,0.005,0,0.2,1.5,1,1,100,200,-0.7250175844791916,-0.2277033038035392,-0.8102857231588292,-1.061640882779958,1251,946,305,0.030673702163948408,0.0646786056923569,0.04767615392815265,0.017002451764204243,-0.00148192093292554,-0.48516492880307893,-0.00021727070859770895,-0.6859282095219517
30,200,0.01,0,0.2,1.5,1,1,100,200,-0.7406567248663507,-0.23670097591563688,-0.7966870913481006,-1.0199422908369795,1367,1040,327,0.03432469885939665,0.07056816970472231,0.05244643428205948,0.01812173542266283,-0.04312251630048203,-0.46305083797477375,-0.00019129071337693068,-0.6860416361315361
30,120,0.01,0,0.0,1.5,1,1,100,200,-0.7383572210543847,-0.23535124682029174,-0.8122108860321282,-0.8934364003057599,1454,1130,324,0.04565078349856092,0.0902622321714103,0.06795650783498561,0.02230572433642469,-0.04881368355719973,-0.43081400330558184,-0.00012413038264307732,-0.6861285098516439
30,200,0.0025,0,0.2,0.75,1,1,100,200,-0.7377799404858695,-0.2350138937676347,-0.7703722118706169,-1.3239643172946896,1029,789,240,0.0253171303698966,0.05058096151796184,0.03794904594392922,0.012631915574032619,-0.277366878028778,-0.3929164868557806,-0.00038022364926020886,-0.6863982155676777
30,120,0.0025,0,0.0,0.75,1,1,100,200,-0.7366863735565217,-0.23437645684793051,-0.7897957237404022,-1.1480334597796025,1113,850,263,0.03221937959705788,0.0649451018015137,0.04858224069928579,0.016362861102227906,-0.2990186594483739,-0.3445913070706187,-0.0002660810759980002,-0.6866759917071117
48,96,0.01,0,0.0,1.5,1,1,100,200,-0.7401124175148162,-0.23638062420852646,-0.8133956204034805,-0.8964767607829479,1453,1133,320,0.04578403155313932,0.0899690864513378,0.06787655900223857,0.022092527449099245,-0.045433890523740916,-0.43691577044693297,-0.0001264602943083328,-0.687902272449414
12,200,0.0025,0,0.2,0.75,1,1,100,200,-0.7378137609693192,-0.23503364149878803,-0.7740756810325692,-1.3354567019909618,999,763,236,0.02411789787869097,0.04906193369576804,0.036589915787229504,0.012472017908538535,-0.2925696200675091,-0.3891838210638696,-0.0004010163334086977,-0.6888443171146207
20,60,0.0,0,0.0,2.5,1,1,100,200,-0.7001858156276966,-0.2142239799926834,-0.878391564038518,-0.7293469003948552,1715,1296,419,0.0500746189105639,0.10619869949898732,0.07813665920477561,0.028062040294211704,0.45402484453535297,-0.5138380116019909,-3.303069275453188e-05,-0.6898871070316852
20,200,0.01,0,0.2,1.5,1,1,100,200,-0.7450791651719635,-0.23932393348158687,-0.7959887702983297,-1.0522916413773353,1340,1023,317,0.033845005862914404,0.06918238993710692,0.05151369790001066,0.01766869203709626,-0.07608359639342,-0.4607095549441418,-0.00020855380075525645,-0.6899329006996184
20,120,0.0025,1,0.2,999.0,1,1,100,200,-0.7420504060384701,-0.23752368425059267,-0.7670376823233008,-1.3788613162285313,876,659,217,0.020173755463170236,0.04442490139643961,0.03229932842980492,0.012125572966634687,-0.2559751852188754,-0.46270106177062975,-0.0004915386592359939,-0.6899855912236696
30,96,0.0,0,-0.2,2.5,1,1,100,200,-0.7332252957668978,-0.23237286358524434,-0.8584105351391449,-0.5930743464563323,2041,1535,506,0.08128131329282592,0.1703443129730306,0.12581281313292825,0.04453149984010234,0.06485080115190511,-0.30471279043852306,4.280372929075867e-06,-0.6912318484776334
30,120,0.0025,1,0.2,999.0,1,1,100,200,-0.7439363202072411,-0.23864264378591526,-0.7687409101863449,-1.3894739866620107,872,657,215,0.0202270546850016,0.04426500373094553,0.032246029207973564,0.012018974522971964,-0.2788394008830113,-0.45081870173735106,-0.0004991221482651214,-0.6924867982121883
48,200,0.01,0,0.2,2.5,1,1,100,200,-0.7422767398051275,-0.23765762745037888,-0.8189676015171214,-0.9111135030661143,1575,1208,367,0.04106705042106385,0.08354653022065878,0.06230679032086132,0.021239739899797463,0.08888642999571106,-0.47968845102443636,-0.00012025194282382121,-0.6926971033622453
30,200,0.0,1,0.2,999.0,1,1,100,200,-0.7435771529231006,-0.23842903396995574,-0.7747116152963975,-1.3467783355640404,1020,756,264,0.0227054685001599,0.05111395373627545,0.036909711118217677,0.014204242618057776,-0.15384936310207376,-0.49527524141603796,-0.0003902438684616602,-0.6931237583963565
48,120,0.0025,0,-0.2,0.75,1,1,100,200,-0.753722841956121,-0.24455741961799138,-0.7997279794363643,-0.9770140816013582,1264,967,297,0.047489606651742886,0.09439292186334079,0.07094126425754184,0.023451657605798957,-0.2997300842193531,-0.33823862024303897,-0.00016563555275147444,-0.6932721134162414
20,200,0.0025,0,0.2,0.75,1,1,100,200,-0.740959650546527,-0.23687949560998545,-0.7783218200088003,-1.3450394258383267,1010,773,237,0.02459759087517322,0.049594925914081656,0.03709625839462744,0.012498667519454216,-0.28843540612169405,-0.39670927524777466,-0.00040000352053503035,-0.6932923769063019
48,120,0.01,0,-0.2,2.5,1,1,100,200,-0.7624685570356855,-0.25000442033530446,-0.8197023236773426,-0.6726558257284627,1841,1428,413,0.07941584052872828,0.15510073552926126,0.11725828802899478,0.037842447500266496,-0.15461928041883288,-0.29443534927781456,-3.347855153017258e-05,-0.6934883734603989
20,60,0.0,0,0.2,1.5,1,1,100,200,-0.7265384861552482,-0.22856008619620294,-0.826154409387937,-1.0500379865894516,1251,936,315,0.03032725722204456,0.06507834985609211,0.04770280353906833,0.01737554631702377,-0.052594986218828854,-0.4603903983122043,-0.00021674144713456397,-0.6941391902196441
12,60,0.0025,0,-0.2,999.0,1,1,100,200,-0.733612759746403,-0.23259612659440887,-0.8616092367734038,-0.6170101502815856,1854,1410,444,0.07568489500053299,0.15318196354333227,0.11443342927193263,0.03874853427139964,0.08591941104747236,-0.3799774451099164,-1.4362804024709718e-05,-0.69425125249519
12,96,0.005,0,-0.2,999.0,1,1,100,200,-0.7563896263339736,-0.2462017214632669,-0.831562718615279,-0.6539564166868715,1911,1469,442,0.08248054578403155,0.16093700031979533,0.12170877305191344,0.03922822726788189,0.06235273808710273,-0.4036527917273832,-2.194321098129501e-05,-0.69468090160525
12,60,0.005,0,0.0,999.0,1,1,100,200,-0.7132225372841321,-0.2211843055660192,-0.8728255357696297,-0.7463284995640916,1625,1264,361,0.051407099456347936,0.10204136019614114,0.07672422982624454,0.0253171303698966,0.451441957033472,-0.554653691405283,-5.602809656572695e-05,-0.6949134984290386
12,60,0.005,0,0.2,2.5,1,1,100,200,-0.7275981207137363,-0.22915927464100283,-0.8313625786026603,-1.0104625310146047,1300,992,308,0.032832320648118536,0.06822300394414242,0.050527662296130475,0.01769534164801194,0.061684843949576074,-0.5084400499679758,-0.00019491727188011756,-0.6953636904930631
20,120,0.0025,0,0.0,0.75,1,1,100,200,-0.7430867090286787,-0.23813773536776695,-0.7967418550292157,-1.1792605644497074,1111,845,266,0.03168638737874427,0.06435881036136873,0.0480225988700565,0.016336211491312227,-0.29425917658418776,-0.3654698685060871,-0.0002796838947570644,-0.6954716911048602
48,60,0.0025,0,-0.2,2.5,1,1,100,200,-0.7567944222496088,-0.24645257004061016,-0.8299884346035437,-0.6825650109064377,1897,1434,463,0.07523185161496643,0.1572593540134314,0.1162456028141989,0.04101375119923249,-0.1375340054575337,-0.2717795296759705,-2.6763404742581384e-05,-0.6955750378877038
48,120,0.01,0,0.2,1.5,1,1,100,200,-0.7520000672420832,-0.2435027375483848,-0.7962687384694382,-1.0840001963634,1281,978,303,0.032832320648118536,0.06667732651103293,0.04975482357957574,0.016922502931457202,-0.15045126265751818,-0.446014440158114,-0.00023988920190423196,-0.6958371166012739
48,60,0.005,0,0.0,1.5,1,1,100,200,-0.7344318208548842,-0.23306893906826975,-0.8364794006548737,-0.8955509631592004,1476,1120,356,0.042692676686920374,0.09119496855345911,0.06694382262018975,0.024251145933269373,0.015846031332969357,-0.4530625905140767,-0.00011658113215091231,-0.6960861875536666
30,200,0.0025,0,0.0,0.75,1,1,100,200,-0.7483181688702062,-0.24126818024989216,-0.7940407704320072,-1.1598255498491938,1241,947,294,0.03589702590342181,0.07123440997761432,0.053565717940518065,0.01766869203709626,-0.2722492653340257,-0.3566958828186676,-0.00023338971068528617,-0.6962798429583554
30,96,0.01,0,0.2,2.5,1,1,100,200,-0.7443176597925927,-0.23886970273775154,-0.815883503344802,-0.9946146548457693,1355,1050,305,0.03709625839462744,0.07232704402515723,0.05471165120989233,0.017615392815264898,-0.020083809412280496,-0.48616948297089835,-0.0001905586470081533,-0.696542187152441
12,120,0.0,0,-0.2,2.5,1,1,100,200,-0.7434894027748062,-0.23837688215268904,-0.8538433922550696,-0.6360632741467277,2066,1549,517,0.080774970685428,0.17010446647478947,0.12543971858010872,0.04466474789468074,0.07854758406474205,-0.33164931848186496,-1.8732102828295495e-06,-0.6971017419875603
48,60,0.005,0,0.2,1.5,1,1,100,200,-0.7441960141989471,-0.2387972425599475,-0.8070763762749817,-1.1019013471116847,1244,934,310,0.030273958000213198,0.06518494829975482,0.04772945314998401,0.017455495149770812,-0.10152802716622977,-0.4696024662255742,-0.0002443504520860693,-0.6974304980530226
48,200,0.01,0,0.0,2.5,1,1,100,200,-0.7419442640325241,-0.23746090231540518,-0.8450083396484722,-0.7500641461874942,1838,1413,425,0.05745656113420744,0.11672529581068117,0.0870909284724443,0.02963436733823686,0.19360721219678645,-0.45791358486744194,-4.172367880319783e-05,-0.697468279449016
30,200,0.0025,0,-0.2,1.5,1,1,100,200,-0.761799410660495,-0.24958204617770985,-0.8287596663105706,-0.7014707547008467,2046,1521,525,0.07552499733503891,0.16645346977934122,0.12098923355719006,0.04546423622215116,-0.03640097716828017,-0.3122337765733687,-1.7222794828176897e-05,-0.6990354170680374
48,60,0.01,0,-0.2,999.0,1,1,100,200,-0.7671746134690427,-0.25300213879107314,-0.8252824376618981,-0.6797222829752806,1716,1354,362,0.0803485769107771,0.14686600575631595,0.11360729133354654,0.033258714422769425,-0.23623800838657927,-0.28089858505757714,-4.977081340285943e-05,-0.6996294717707863
20,200,0.01,0,0.0,1.5,1,1,100,200,-0.7553447366450631,-0.2455557498142985,-0.8180474686597786,-0.9087525471269742,1574,1209,365,0.04783605159364673,0.0971378317876559,0.07248694169065131,0.024650890097004583,4.587101801423188e-05,-0.4624611282289154,-0.00011401424927721872,-0.7000171115005366
30,60,0.01,0,0.0,999.0,1,1,100,200,-0.7439664857030439,-0.2386605952077262,-0.8454753292968549,-0.816914020218549,1529,1218,311,0.0532459226095299,0.0975375759513911,0.07539174928046051,0.022145826670930603,0.20642416368255523,-0.5440702264794854,-0.0001014046656518223,-0.7022439608670811
12,200,0.01,0,0.2,1.5,1,1,100,200,-0.756505932498439,-0.24627376124564904,-0.8004505513730925,-1.115669896009933,1317,1008,309,0.03328536403368511,0.06792985822406993,0.05060761112887752,0.01732224709519241,-0.15362453696175404,-0.44412165476772036,-0.0002369684541833614,-0.7022825317326918
30,96,0.005,0,0.2,1.5,1,1,100,200,-0.7409917481210371,-0.23689842108547754,-0.8238843275953561,-1.069833738371692,1315,986,329,0.03197953309881676,0.06880929538428739,0.050394414241552075,0.018414881142735318,-0.004105874721708647,-0.49798064310011014,-0.00021116740198918568,-0.7023322718017402
30,120,0.005,0,-0.2,2.5,1,1,100,200,-0.7671406670212368,-0.25298034235967926,-0.8303451442331848,-0.6869849792066756,1975,1501,474,0.08040187613260846,0.16530753650996696,0.12285470632128771,0.04245283018867924,-0.07458816702236848,-0.324334640488781,-2.4052147637522673e-05,-0.7025021634366054
48,120,0.0025,1,0.2,999.0,1,1,100,200,-0.7525273798105845,-0.24382493410667772,-0.7756229940293069,-1.418752369869528,892,670,222,0.020466901183242726,0.0454109370003198,0.03293891909178126,0.012472017908538535,-0.2735488603365186,-0.46781267595736065,-0.0005001119847208155,-0.7025740496148075
30,96,0.0025,0,-0.2,2.5,1,1,100,200,-0.7566394593849239,-0.24635650145123134,-0.8478148641272509,-0.6580427096336146,1975,1493,482,0.07888284831041467,0.1648544931244004,0.12186867071740752,0.042985822406992856,-0.07650887908780535,-0.2923956560289841,-1.6772557742996676e-05,-0.7031660689965376
20,200,0.0025,1,0.2,999.0,1,1,100,200,-0.7518179908533426,-0.24339161318041225,-0.7797530440637833,-1.3989180158997296,962,720,242,0.021639484063532673,0.048289094979213305,0.03496428952137299,0.013324805457840316,-0.2096085513634186,-0.4919856848687232,-0.0004482903493536012,-0.7032140360072905
48,60,0.01,0,0.0,2.5,1,1,100,200,-0.75459894398356,-0.24509603422082804,-0.8297345881133515,-0.8760631166562545,1525,1202,323,0.05055431190704616,0.09628504423835411,0.07341967807270014,0.02286536616565398,-0.0526822869490684,-0.4445907263968699,-0.00011802123440713482,-0.7037664841103165
48,120,0.0025,0,0.0,0.75,1,1,100,200,-0.754221026372905,-0.24486350772297516,-0.799227794846257,-1.2003039491876595,1140,868,272,0.03285897025903422,0.06643748001279182,0.049648225135913014,0.0167892548768788,-0.3109206349457583,-0.36920935523798104,-0.0002813695128921762,-0.7044926026054866
20,60,0.005,0,0.2,2.5,1,1,100,200,-0.7442574833741742,-0.23883385422903403,-0.8264244836447148,-1.0517548462617117,1337,1016,321,0.03376505703016736,0.07006182709732438,0.05191344206374587,0.01814838503357851,0.024291986420248213,-0.5127210773070686,-0.00020550568281239005,-0.704633838364477
30,96,0.005,0,0.0,1.5,1,1,100,200,-0.7372297769197204,-0.23469293982947204,-0.8522236750924921,-0.8845740489743793,1550,1175,375,0.044957893614753226,0.09596524890736595,0.07046157126105959,0.025503677646306365,0.09598209435637362,-0.47948279759395196,-0.00010173752513130748,-0.7050334798244371
48,200,0.005,0,-0.2,999.0,1,1,100,200,-0.7744191846894846,-0.2577130187612552,-0.838667814447766,-0.5637169944812228,2328,1764,564,0.09743097750772839,0.20077816863873788,0.14910457307323313,0.05167359556550474,0.19994015689857147,-0.3977347949632689,1.2466891559390622e-05,-0.7052327757091993
48,200,0.0,0,0.2,1.5,1,1,100,200,-0.7579623194087548,-0.24717818243690115,-0.8256406320366603,-0.9248023260788408,1710,1264,446,0.03960132182070142,0.08954269267668692,0.06457200724869416,0.024970685427992752,0.11231319126230166,-0.48823505018155644,-0.00010818152811436353,-0.7062386147591734
12,200,0.01,0,0.0,1.5,1,1,100,200,-0.7588963938692865,-0.24776053957596977,-0.8232419296592668,-0.9396248081181016,1550,1193,357,0.04722311054258608,0.09551220552179938,0.07136765803219274,0.024144547489606653,-0.04592181515592164,-0.4513667350146494,-0.00012520013570841513,-0.7063627448115083
20,120,0.0,0,-0.2,2.5,1,1,100,200,-0.7502256473237454,-0.2424225469949468,-0.8649776297119032,-0.6300296767201147,2092,1573,519,0.08258714422769428,0.1740486088903102,0.12831787655900223,0.04573073233130796,0.03807448238836231,-0.3149773041470746,-1.7574524929122684e-06,-0.7064128456869041
12,200,0.0025,0,0.0,0.75,1,1,100,200,-0.7551599090607761,-0.24544171549937566,-0.8032753131487661,-1.1928271831571566,1201,912,289,0.03429804924848097,0.0692090395480226,0.051753544398251784,0.017455495149770812,-0.313054969497245,-0.3501403046699997,-0.0002590531588236569,-0.7067207312316165
20,120,0.01,0,0.2,2.5,1,1,100,200,-0.7567963692118517,-0.2464537773632307,-0.8188271852078397,-1.0368268413445583,1378,1073,305,0.037469352947446966,0.07355292612727854,0.05551113953736275,0.018041786589915787,-0.06889781749645851,-0.47967290704735366,-0.00020140045573045697,-0.7077087120343785
20,96,0.005,0,0.0,1.5,1,1,100,200,-0.744737540127625,-0.2391200233342824,-0.8451652487333319,-0.9243025484160751,1524,1156,368,0.04397185801087304,0.09327363820488221,0.06862274810787762,0.024650890097004583,0.049248028617635775,-0.4786565230131625,-0.00011822218743593641,-0.7079177751217521
20,60,0.0025,0,-0.2,999.0,1,1,100,200,-0.7561825302500319,-0.24607351468057836,-0.8592576927638544,-0.6556557793570645,1876,1417,459,0.0773371708773052,0.15653981451870802,0.11693849269800662,0.03960132182070142,0.016524233842206693,-0.3870611016934854,-2.5639373902320533e-05,-0.7084851500303588
12,200,0.0025,0,-0.2,1.5,1,1,100,200,-0.7708371567447625,-0.25536886903127554,-0.832660782029851,-0.7495331254352638,1967,1469,498,0.07288668585438653,0.1590715275556977,0.1159791067050421,0.04309242085065558,-0.12938990553402208,-0.2960270945516277,-3.327582502040607e-05,-0.7091759163179643
20,96,0.0,0,-0.2,2.5,1,1,100,200,-0.7574890809212265,-0.24688382345394644,-0.857302039912721,-0.6741111373622739,1993,1492,501,0.07861635220125786,0.1655473830082081,0.12208186760473297,0.04346551540347511,-0.06771267753002175,-0.2952027516476913,-1.7199982871741578e-05,-0.7092404002784207
12,120,0.005,0,0.0,1.5,1,1,100,200,-0.7448339807340759,-0.23917756495959308,-0.8498924863280877,-0.9251951999625744,1569,1190,379,0.04503784244750027,0.09556550474363075,0.07030167359556551,0.025263831148065238,0.07622063023617809,-0.4803502160626457,-0.00010927925887414634,-0.7103835681217656
12,60,0.0025,0,0.2,1.5,1,1,100,200,-0.7448327239265089,-0.23917681496909826,-0.8294172288628543,-1.148160198702949,1180,885,295,0.027715595352307856,0.0608144121095832,0.04426500373094553,0.01654940837863767,-0.16109937855199818,-0.4512022962781732,-0.00028090916966585594,-0.7112934393356729
20,200,0.0025,0,0.0,0.75,1,1,100,200,-0.759150676528934,-0.2479193868498729,-0.8075853737989223,-1.205701516971976,1219,929,290,0.03496428952137299,0.06992857904274598,0.05244643428205948,0.017482144760686495,-0.30649882284140684,-0.3610499439527317,-0.00025904711762410825,-0.7119971495979328
30,60,0.0,0,-0.2,999.0,1,1,100,200,-0.7581715185171171,-0.2473084530851155,-0.8666605067025948,-0.6408672731631144,1962,1473,489,0.0820008527875493,0.16658671783391962,0.12429378531073447,0.04229293252318516,0.14835704719160558,-0.4382023193752679,-1.653814037160892e-05,-0.7126820700945686
48,96,0.005,0,-0.2,2.5,1,1,100,200,-0.777023049966105,-0.25943579842808906,-0.8371964382224424,-0.7094785790169573,1970,1503,467,0.080774970685428,0.16488114273531607,0.12282805671037203,0.042053086024944036,-0.10640160061350001,-0.33164895124894367,-3.1173467929020545e-05,-0.7135079464901581
30,96,0.01,0,-0.2,999.0,1,1,100,200,-0.7801324681394962,-0.26151427405751126,-0.8360451116349885,-0.6899521426534103,1788,1408,380,0.08362647905340582,0.1540880503144654,0.11885726468393562,0.035230785630529796,-0.23275466056194627,-0.29921756752377393,-4.856249673312377e-05,-0.714034437007676
30,200,0.0025,1,0.2,999.0,1,1,100,200,-0.7613239982180947,-0.24928253577898785,-0.7858489090027537,-1.4367467388508353,981,734,247,0.0220125786163522,0.048981984863021,0.0354972817396866,0.013484703123334399,-0.22896662804626344,-0.49439624005853755,-0.00045773610093129477,-0.7140443272229064
12,96,0.0,0,0.2,1.5,1,1,100,200,-0.748510289824863,-0.24138413035581596,-0.8366173242714868,-1.1038787760835576,1342,1006,336,0.032619123760793095,0.06998187826457734,0.05130050101268521,0.01868137725189212,-0.03167709461621937,-0.4918587052315573,-0.00021434737484883672,-0.7148867312957373
20,60,0.0025,0,0.0,2.5,1,1,100,200,-0.7374567678251353,-0.23482529639011462,-0.8757860988700131,-0.8438534174208904,1651,1251,400,0.047995949259140816,0.1018281633088157,0.07491205628397825,0.026916107024837436,0.22434662710866138,-0.5103382384460999,-7.915374922825427e-05,-0.7149110166961656
20,200,0.0025,0,-0.2,1.5,1,1,100,200,-0.7769893030925608,-0.2594133680105315,-0.8355921543963625,-0.7543789621289075,1999,1490,509,0.07435241445474897,0.16240272892015778,0.11837757168745336,0.0440251572327044,-0.09983947646805114,-0.32672634345263096,-3.337264138967966e-05,-0.7149283933151581
30,60,0.0,0,0.0,2.5,1,1,100,200,-0.7329381789035984,-0.2322075894563318,-0.8859680090891298,-0.8020348560791705,1744,1318,426,0.05148704828909498,0.10915680631062787,0.08032192729986143,0.028834879010766444,0.4431060160394442,-0.55729638845642,-5.5645425715586914e-05,-0.7152933368048552
12,96,0.0025,0,0.0,1.5,1,1,100,200,-0.74576414472054,-0.23973344543955644,-0.8573578863364038,-0.939602152500233,1552,1176,376,0.04381196034537896,0.09428632341967808,0.06904914188252852,0.02523718153714956,0.0251677335603826,-0.46106216880128936,-0.00011519080701738868,-0.71539249623277
12,120,0.0025,0,-0.2,2.5,1,1,100,200,-0.7698898742516636,-0.2547538521029782,-0.8499537177859087,-0.7153893687457857,1994,1503,491,0.0780300607611129,0.1638418079096045,0.12093593433535871,0.042905873574245815,-0.08661665070659297,-0.3170600445049081,-2.668765088348866e-05,-0.7155001794332219
30,200,0.005,0,-0.2,2.5,1,1,100,200,-0.776630225022843,-0.25917486880893637,-0.8459349250276238,-0.6700630802154238,2194,1654,540,0.08733077497068543,0.18406886259460611,0.13569981878264578,0.04836904381196035,0.04525400421205816,-0.3597600670812452,-8.033508296793349e-06,-0.7156454853335195
12,120,0.01,0,-0.2,999.0,1,1,100,200,-0.7834700067417653,-0.2637715640369377,-0.8321775403055021,-0.7227240066398184,1798,1410,388,0.08234729772945315,0.15254237288135594,0.11744483530540455,0.03509753757595139,-0.24768170247757315,-0.2926329643456985,-5.338270912267376e-05,-0.7159965345216797
48,120,0.005,0,-0.2,1.5,1,1,100,200,-0.7777511788665871,-0.2599204239566584,-0.8346215343845498,-0.7792868637000888,1819,1373,446,0.06950218526809508,0.1490246242404861,0.10926340475429058,0.0397612194861955,-0.16989793039894208,-0.3350368462056572,-5.513720951003588e-05,-0.7161955343339377
12,200,0.0025,1,0.2,999.0,1,1,100,200,-0.7641649207715111,-0.25107946846434237,-0.7870099898093637,-1.4562102833867603,956,714,242,0.021399637565291545,0.047995949259140816,0.03469779341221618,0.013298155846924635,-0.25491790273701154,-0.48943745217945256,-0.0004811639520058759,-0.7173949775383622
20,120,0.0025,0,-0.2,2.5,1,1,100,200,-0.7715775617721364,-0.2558509895322246,-0.8554887824947592,-0.6942694081773438,2021,1527,494,0.07986888391429485,0.1681323952670291,0.12400063959066197,0.044131755676367124,-0.10565844885047038,-0.29822211443657587,-2.2656358966304196e-05,-0.7183088511884714
20,60,0.01,0,0.2,999.0,1,1,100,200,-0.7758054007640941,-0.25862818066061366,-0.809478017563354,-1.1022177266714877,1269,1000,269,0.036163522012578615,0.06761006289308176,0.05188679245283019,0.015723270440251572,-0.1751653767476471,-0.4872720110391835,-0.0002723208643144131,-0.7184780757758651
30,96,0.01,0,0.0,2.5,1,1,100,200,-0.7630137956296423,-0.2503492865088296,-0.849521253286655,-0.8813230264777383,1596,1252,344,0.05252638311480652,0.10118857264683935,0.07685747788082294,0.024331094766016415,0.018282994966500654,-0.48297893108275824,-0.00011019595646909986,-0.719176064476044
12,60,0.0,0,0.2,2.5,1,1,100,200,-0.7474147990429866,-0.24072391972193397,-0.8538436560342402,-1.0380327742842608,1417,1061,356,0.034484596524890734,0.07483210745123121,0.054658351988060974,0.020173755463170236,0.06593793656790026,-0.5186615301302772,-0.0001805149136651937,-0.7195473864532671
48,120,0.01,0,0.0,1.5,1,1,100,200,-0.7727542219028299,-0.2566197589503083,-0.82839107359792,-0.9749339163806775,1508,1161,347,0.04615712610595885,0.09359343353587038,0.06987527982091461,0.02371815371495576,-0.11931320340946361,-0.45145246326913424,-0.00014968350729115698,-0.7195619915683023
12,200,0.005,0,-0.2,2.5,1,1,100,200,-0.7850177653872978,-0.26482782251561665,-0.8394257759050651,-0.7203595052989972,2106,1590,516,0.08442596738087624,0.17615392815264896,0.13028994776676261,0.04586398038588636,-0.049663282680370235,-0.351437969996807,-2.3436379925845593e-05,-0.720558685733099
48,96,0.01,0,0.2,2.5,1,1,100,200,-0.7764023003576569,-0.25902364059476624,-0.8156638157656937,-1.0910286947173,1401,1087,314,0.03829549088583307,0.07459226095299008,0.05644387591941158,0.01814838503357851,-0.11512992511856568,-0.49080141409135336,-0.00022311355361591417,-0.7214069832134781
20,96,0.01,0,0.2,2.5,1,1,100,200,-0.7744088046349055,-0.25770618297172676,-0.814761393900757,-1.1266262089865038,1321,1028,293,0.03600362434708453,0.06995522865366166,0.05297942650037309,0.01697580215328856,-0.16049911540516992,-0.4797354563314713,-0.0002537053615394758,-0.7214181903714304
20,120,0.005,0,0.2,1.5,1,1,100,200,-0.7641022145148383,-0.25103961928454854,-0.8258480740865636,-1.149221726475518,1352,1018,334,0.032699072593540136,0.07048822087197527,0.0515936467327577,0.01889457413921757,-0.09444350249195088,-0.48777024475427977,-0.0002341771375844402,-0.7214247426516063
12,96,0.0,0,-0.2,999.0,1,1,100,200,-0.7719187210471415,-0.2560735588273213,-0.8657486404738169,-0.6654888509376653,2059,1556,503,0.0859982944249014,0.1737821127811534,0.1298902036030274,0.043891909178126,0.09193597149072308,-0.41506117363392336,-1.6426904050517815e-05,-0.7222223216111131
30,120,0.0,0,-0.2,2.5,1,1,100,200,-0.7766947271781675,-0.25921768845210813,-0.8579742520055023,-0.6882347705910864,2122,1596,526,0.08429271932629784,0.1770866645346978,0.13068969193049781,0.046396972604199976,-0.022909281593000985,-0.3395107241681614,-1.5545024462958265e-05,-0.7226165529844136
12,96,0.005,0,0.0,2.5,1,1,100,200,-0.7494605314512068,-0.2419586704960891,-0.8745885831433027,-0.8695139981169364,1694,1299,395,0.05127385140176954,0.10537256156060122,0.07832320648118538,0.02704935507941584,0.2415642002340539,-0.5291892298759412,-8.205623565714736e-05,-0.7227286619735873
30,60,0.0,0,0.2,1.5,1,1,100,200,-0.7621284989012127,-0.24978965231937422,-0.8298280095636785,-1.1615214642506466,1274,955,319,0.0313665920477561,0.06681057456561135,0.049088583306683725,0.01772199125892762,-0.11782258695672021,-0.49008093642681494,-0.0002609117910991779,-0.7227797303137458
12,60,0.0,0,0.0,999.0,1,1,100,200,-0.743049597605093,-0.23811571118649466,-0.8907908687804228,-0.7953647798600895,1769,1353,416,0.053565717940518065,0.11166186973670185,0.08261379383860995,0.02904807589809189,0.4141145802886963,-0.559856556697488,-5.728846781128247e-05,-0.7232793845697105
20,60,0.0025,0,0.2,1.5,1,1,100,200,-0.7622352749686825,-0.24985706163126198,-0.8281066990033856,-1.1964675733766197,1207,904,303,0.02864833173435668,0.06238673915360836,0.045517535443982515,0.01686920370962584,-0.1870098235018839,-0.46515937127152585,-0.0002968131040633908,-0.7237337898017858
12,120,0.01,0,0.2,2.5,1,1,100,200,-0.7762371306253982,-0.2589141273674781,-0.8174218845241208,-1.1301311440620256,1351,1048,303,0.03627012045624134,0.07128770919944569,0.05377891482784351,0.017508794371602174,-0.13135671701391238,-0.49372574268922154,-0.00024609407232513544,-0.7241316268326398
48,200,0.0025,0,0.2,1.5,1,1,100,200,-0.778300632885644,-0.2602869691159,-0.8274850898942535,-1.0027492897994357,1653,1222,431,0.037975695554844896,0.08626479053405821,0.06212024304445155,0.024144547489606653,0.031291849328924926,-0.5086205122161633,-0.00014928356903755918,-0.7241669785529986
12,120,0.01,0,0.0,2.5,1,1,100,200,-0.7707880061248027,-0.25533690834517986,-0.8449630740111631,-0.9302178687449559,1600,1251,349,0.0517268947873361,0.1000159897665494,0.07587144227694276,0.024144547489606653,-0.03517344781781728,-0.4711767199171538,-0.00012217181549113344,-0.7243293387880092
20,120,0.01,0,-0.2,999.0,1,1,100,200,-0.7895142213627175,-0.26793129377300784,-0.8419758530041116,-0.7140049417978103,1818,1429,389,0.08415947127171944,0.1563266176313826,0.12024304445155101,0.036083573179831574,-0.26494309952105655,-0.28915615112406856,-5.2583789708286334e-05,-0.7246194673649541
20,96,0.005,0,0.2,1.5,1,1,100,200,-0.7711517439455544,-0.25557356248608976,-0.8231585557777215,-1.201044702366879,1284,965,319,0.03115339516043066,0.06681057456561135,0.048981984863021,0.017828589702590342,-0.12086428954398187,-0.505258352806036,-0.0002747246382794529,-0.7272050754932944
20,96,0.0025,0,-0.2,2.5,1,1,100,200,-0.7838270119331776,-0.26401466292409925,-0.8511349305504461,-0.7562270234891949,1928,1452,476,0.07624453682976229,0.1598710158831681,0.1180577763564652,0.04181323952670291,-0.19795966829704403,-0.29308076605096467,-4.346966366733389e-05,-0.7273934793737821
20,120,0.005,0,0.0,1.5,1,1,100,200,-0.7638920341995247,-0.2509061136245345,-0.857264492170126,-0.9632215924748043,1590,1206,384,0.04594392921863341,0.0982304658351988,0.07208719752691611,0.0261432683082827,-0.005428454139310257,-0.47419456933417714,-0.0001226311737184046,-0.7276994393333378
20,96,0.01,0,0.0,2.5,1,1,100,200,-0.7763366900880486,-0.2589801309798233,-0.8432394165344902,-0.9481613324360969,1565,1229,336,0.05111395373627545,0.097963969726042,0.07453896173115873,0.023425007994883274,-0.08538957320399132,-0.4650920917257808,-0.0001361329033191554,-0.7280079058688733
20,120,0.01,0,0.0,2.5,1,1,100,200,-0.7727405295449902,-0.2566107947754105,-0.8538864315665058,-0.9109409656348764,1620,1270,350,0.05297942650037309,0.10281419891269587,0.07789681270653448,0.02491738620616139,-0.019024337056442242,-0.47912890015041765,-0.0001161386841456178,-0.7291010588404072
30,60,0.0025,0,0.0,2.5,1,1,100,200,-0.7549781598130364,-0.24532964757100983,-0.8796103405732405,-0.8808159010606137,1681,1274,407,0.049514977081334614,0.10489286856411896,0.07720392282272678,0.027688945741392176,0.26509685442752673,-0.5510511949777979,-8.925922976759989e-05,-0.7291756129106608
20,60,0.005,0,0.0,999.0,1,1,100,200,-0.7599059590141761,-0.2483919948702047,-0.8780640029084201,-0.857830137761479,1654,1278,376,0.05260633194755356,0.104306577123974,0.07845645453576378,0.025850122588210213,0.27031351829156147,-0.5677631213492036,-9.476736728761528e-05,-0.7303155032124887
48,200,0.0,0,0.0,1.5,1,1,100,200,-0.7750606196694574,-0.2581359250263392,-0.8616316498696117,-0.8278323117282059,2013,1494,519,0.05551113953736275,0.12496002558362648,0.09023558256049462,0.034724443023131865,0.18081085469935587,-0.47867101762720843,-4.8644638516182416e-05,-0.7303433655475553
48,200,0.005,0,0.2,2.5,1,1,100,200,-0.7814730294108018,-0.2624176252437389,-0.8469995481287664,-0.9385537485107731,1792,1343,449,0.043492165014390786,0.0953523078563053,0.06942223643534805,0.025930071420957254,0.21620438612749404,-0.5597253808353013,-0.00011275668285963486,-0.7328450867336608
12,60,0.01,0,0.2,999.0,1,1,100,200,-0.7807115995954158,-0.2619039858000266,-0.8284283899186684,-1.1357100251760377,1233,975,258,0.0346711438013005,0.06595778701630957,0.050314465408805034,0.01564332160750453,-0.19647224788989237,-0.49437995295382176,-0.0002968213237192629,-0.7329036820181627
48,60,0.0,0,0.2,1.5,1,1,100,200,-0.7730567186106427,-0.2568179091549301,-0.836106984075456,-1.1723422081801997,1328,993,335,0.03229932842980492,0.07019507515190278,0.051247201790853854,0.018947873361048927,-0.17272883486053636,-0.46701732046055155,-0.00025350502570370154,-0.7334885116016681
12,120,0.005,0,0.2,1.5,1,1,100,200,-0.7748375963878824,-0.25798877367198136,-0.8299023655721419,-1.2124752291121763,1322,993,329,0.031819635433322675,0.0683829016096365,0.050101268521479586,0.018281633088156914,-0.10307626391667479,-0.5137262765159157,-0.00026707608860699987,-0.733563717913661
20,200,0.005,0,-0.2,2.5,1,1,100,200,-0.7963354738316664,-0.27274216440421994,-0.8490129494691404,-0.7354496227941325,2146,1619,527,0.08626479053405821,0.1799648225135913,0.13311480652382476,0.04685001598976655,-0.013967009334234337,-0.3958587876244267,-2.6491191675091195e-05,-0.7340211202784969
48,60,0.0,0,0.0,1.5,1,1,100,200,-0.7681012719013178,-0.25359811435747914,-0.8642116969050982,-0.9694722525918954,1585,1198,387,0.04535763777848843,0.0982304658351988,0.07179405180684362,0.026436414028355185,-0.05486568098227251,-0.4579126365228564,-0.00012754202422931345,-0.7341775754396231
30,60,0.0025,0,-0.2,999.0,1,1,100,200,-0.7886329360754761,-0.26731887716712033,-0.8625064475988817,-0.7314009759836477,1897,1433,464,0.07946913975055964,0.1606971538215542,0.12008314678605693,0.04061400703549728,-0.037484215979665225,-0.4328985116257068,-4.5930202559402854e-05,-0.7351421497657435
48,200,0.0025,0,0.0,1.5,1,1,100,200,-0.7853113161655623,-0.26502884025127604,-0.8539931966926083,-0.8721908773381549,1940,1439,501,0.0532459226095299,0.12045624133887645,0.08685108197420317,0.03360515936467327,0.07693369126601346,-0.4739934057764399,-7.007787918472874e-05,-0.7356349824644879
20,96,0.01,0,-0.2,999.0,1,1,100,200,-0.799456790344511,-0.27498664860514577,-0.848103153197413,-0.7693467918382677,1745,1371,374,0.08144121095832,0.14945101801513697,0.1154461144867285,0.03400490352840849,-0.33867620019146183,-0.27421079147021965,-7.293924577093717e-05,-0.7375055647957657
30,200,0.01,0,-0.2,999.0,1,1,100,200,-0.8030461995212475,-0.27760253935776735,-0.8501100129934814,-0.7037460410927877,2022,1568,454,0.09060867711331415,0.17423515616671997,0.13242191664001707,0.04181323952670291,-0.17035123347871994,-0.3473931629080804,-3.7028998460595736e-05,-0.7378448479091475
30,96,0.0,0,0.2,1.5,1,1,100,200,-0.7721672580373531,-0.2562358698798196,-0.8489874596227366,-1.1476601229193415,1400,1047,353,0.03403155313932416,0.07379277262551967,0.05391216288242192,0.01988060974309775,-0.09107266224445965,-0.49514212466672436,-0.0002250912372340591,-0.738112605837155
30,60,0.005,0,0.2,2.5,1,1,100,200,-0.7805605655852478,-0.26180227203838113,-0.8360489089493743,-1.1673332273965196,1370,1037,333,0.03496428952137299,0.0723803432469886,0.05367231638418079,0.018708026862807803,-0.03293393946056222,-0.5497801372846698,-0.0002477965401963028,-0.7381933878828942
12,96,0.01,0,0.0,999.0,1,1,100,200,-0.7840442007796165,-0.26416271250599876,-0.8551107503768657,-0.930249072706507,1602,1273,329,0.05497814731904914,0.10188146253064705,0.07842980492484809,0.023451657605798957,-0.0001037201296286705,-0.5187543744526983,-0.00013119573753546404,-0.738230541329757
30,120,0.0025,0,-0.2,2.5,1,1,100,200,-0.7984657724264471,-0.2742710157212285,-0.8526463664217552,-0.7601718578107042,2051,1549,502,0.08160110862381409,0.1713036989659951,0.1264524037949046,0.0448512951710905,-0.16374800841054804,-0.3278100412351175,-3.855805359958061e-05,-0.7386027918226412
12,120,0.0,0,0.0,1.5,1,1,100,200,-0.770966280394665,-0.25545285911697446,-0.8711825957158127,-0.9740003116533864,1691,1273,418,0.04764950431723697,0.10329389190917812,0.07547169811320754,0.02782219379597058,0.04614250725566493,-0.48996921389159387,-0.00011043366964149992,-0.7397441725575502
48,120,0.0,0,-0.2,1.5,1,1,100,200,-0.7980818910539816,-0.273994563897353,-0.8500253427989548,-0.8157187431433833,1946,1461,485,0.07411256795650784,0.1596045197740113,0.11685854386525957,0.04274597590875173,-0.21370083373129112,-0.32038702252686524,-5.488889843127891e-05,-0.7397931724539996
30,200,0.01,0,0.2,2.5,1,1,100,200,-0.7926537594795036,-0.2701298038835873,-0.8301434048861392,-1.100102529293714,1546,1186,360,0.040240912482677756,0.08170770706747682,0.060974309775077284,0.020733397292399532,-0.07546403705127447,-0.5140786891745639,-0.00020027110166740593,-0.7402066327913427
30,120,0.005,0,0.2,1.5,1,1,100,200,-0.7876258324694089,-0.2666215233324146,-0.8267254885859829,-1.2258872945123274,1379,1034,345,0.03344526169917919,0.07208719752691611,0.05276622961304765,0.019320967913868458,-0.14830274714439762,-0.5030217587390082,-0.00026160221010369274,-0.7412786323510224
30,200,0.0,0,-0.2,2.5,1,1,100,200,-0.7904822528856145,-0.26860635973506075,-0.8775533899660737,-0.6823443504301411,2380,1768,612,0.09183455921543546,0.1986994989873148,0.14526702910137512,0.053432469885939665,0.1558588677875019,-0.4039870645331445,-1.4257055072868292e-06,-0.7415002722396047
12,96,0.005,0,0.2,2.5,1,1,100,200,-0.7809738170377116,-0.26208070914482895,-0.8435706350980603,-1.1564066166303342,1434,1088,346,0.03629677006715702,0.07552499733503891,0.055910883701097966,0.019614113633940944,-0.0014389916738299924,-0.5506461700567133,-0.00022587214360738546,-0.7416863575253758
20,60,0.0,0,0.2,2.5,1,1,100,200,-0.7747134898479663,-0.2579069383284316,-0.8555791801079667,-1.1219467786241606,1450,1085,365,0.03568382901609637,0.07645773371708774,0.05607078136659205,0.020386952350495684,-0.012390947245044193,-0.5289224942679485,-0.00020966666097416563,-0.7417938673136231
48,96,0.005,0,0.2,1.5,1,1,100,200,-0.7856288168242263,-0.26524650602651023,-0.8315274520830035,-1.2171396018098786,1369,1029,340,0.03344526169917919,0.07144760686493977,0.05244643428205948,0.01900117258288029,-0.13837482876907037,-0.5066025013601145,-0.00026227522956733657,-0.7418672121585059
30,120,0.01,0,0.2,2.5,1,1,100,200,-0.7934707651580961,-0.2707062880172265,-0.8272995432924941,-1.155003088397286,1405,1088,317,0.038135593220338986,0.07507195394947233,0.05660377358490566,0.018468180364566676,-0.17723166933224843,-0.49315853079522587,-0.00024904455380358315,-0.7421062140833379
30,96,0.0,0,0.0,1.5,1,1,100,200,-0.7713468641929064,-0.2557006351150135,-0.8767684576289853,-0.9604801068961111,1660,1255,405,0.04770280353906833,0.10302739580002132,0.07536509966954483,0.027662296130476494,0.01584609224243816,-0.48369799257493884,-0.00011393960993573494,-0.7421088692743116
30,200,0.01,0,0.0,2.5,1,1,100,200,-0.7922253279455199,-0.2698282258810236,-0.8544494347711712,-0.9161161084832066,1801,1386,415,0.05649717514124294,0.1140603347191131,0.08527875493017802,0.028781579788935082,0.01000620544098707,-0.49365264287402644,-9.936702366079222e-05,-0.7428587486907696
20,96,0.0,0,0.0,1.5,1,1,100,200,-0.7758024175967122,-0.25862620635857525,-0.869974673228895,-0.9920782759549982,1634,1230,404,0.04642362221511566,0.10041573393028462,0.07341967807270014,0.02699605585758448,-0.031060996176023536,-0.47610794452561656,-0.0001269591645376543,-0.7432174567707727
20,200,0.01,0,0.2,2.5,1,1,100,200,-0.7968684696588564,-0.2731234752917391,-0.8293341166010222,-1.1329893573996697,1517,1167,350,0.0397612194861955,0.08016202963436733,0.05996162456028142,0.02020040507408592,-0.10464182465157612,-0.5155206374753533,-0.00021719729609873863,-0.7444400014622337
30,120,0.005,0,0.0,1.5,1,1,100,200,-0.7866076896408517,-0.26591920913558686,-0.8565796264026148,-1.0279710394809747,1613,1219,394,0.046690118324272466,0.10009593859929646,0.07339302846178446,0.02670291013751199,-0.06201822019396119,-0.4902814293266353,-0.00014316074511866735,-0.7456075743109429
48,60,0.0025,0,0.0,1.5,1,1,100,200,-0.787560870878929,-0.2665766325314852,-0.8547728942567087,-1.055842178226973,1534,1158,376,0.043278968127065345,0.09471271719432896,0.06899584266069715,0.02571687453363181,-0.16865230061051972,-0.449649982705737,-0.00016565621069069772,-0.7467551885711882
30,60,0.0025,0,0.2,1.5,1,1,100,200,-0.7885762818793586,-0.2672795773458596,-0.830222500791981,-1.2872892710282695,1231,922,309,0.029767615392815264,0.06414561347404328,0.04695661443342927,0.01718899904061401,-0.2181337650690699,-0.49950890966949624,-0.0003311562334716464,-0.7467552912932636
12,96,0.0,0,0.0,2.5,1,1,100,200,-0.771922356957517,-0.2560759322967896,-0.8924976279194573,-0.9053236929672582,1831,1387,444,0.05375226521692783,0.11430018121735423,0.08402622321714102,0.030273958000213198,0.261433304629217,-0.5482330524235588,-7.879853759385325e-05,-0.7475909309048813
12,96,0.0025,0,-0.2,999.0,1,1,100,200,-0.8020924631814688,-0.2769037792827509,-0.866905583042217,-0.7615041739864807,1993,1515,478,0.08322673488967061,0.16754610382688412,0.12538641935827738,0.04215968446860676,-0.10268327253941034,-0.40241560135722776,-4.6054298303047475e-05,-0.7484317795031834
20,200,0.0,0,-0.2,2.5,1,1,100,200,-0.8028590570621038,-0.2774652153214495,-0.8715621465673314,-0.7288116533371464,2321,1725,596,0.09028888178232598,0.19406246668798635,0.14217567423515617,0.05188679245283019,0.07913894938184884,-0.41679095665204513,-1.4899398518243107e-05,-0.7496868712719725
48,200,0.005,0,0.0,2.5,1,1,100,200,-0.7903993440001729,-0.26854844486623264,-0.8810149191177437,-0.8134464336210693,2082,1562,520,0.060601215222257754,0.13234196780727,0.09647159151476388,0.03587037629250613,0.2879073387910387,-0.5389780130782353,-4.751996352616567e-05,-0.749728226106158
48,120,0.0025,0,-0.2,1.5,1,1,100,200,-0.8061011777066897,-0.2798591585739021,-0.8552048375056547,-0.8516194327777218,1887,1418,469,0.07120776036669865,0.15462104253277903,0.11291440144973883,0.04170664108304019,-0.2684972041972026,-0.3188880531497005,-6.960058583613733e-05,-0.7500425489656155
48,96,0.01,0,-0.2,999.0,1,1,100,200,-0.8118989480608186,-0.28422117506683553,-0.8557632301472621,-0.7654382590215718,1847,1455,392,0.08618484170131116,0.1593113740539388,0.12274810787762498,0.03656326617631383,-0.29715295758729954,-0.32593518570567503,-6.655254992501005e-05,-0.7503747030915452
48,96,0.0,0,-0.2,2.5,1,1,100,200,-0.8080739165143602,-0.2813315170533167,-0.8607058311939244,-0.775229536903491,2113,1597,516,0.08477241232278009,0.1765536723163842,0.13066304231958215,0.045890629996802046,-0.14788985519243691,-0.35198489148013445,-3.8904256502538264e-05,-0.7504459094954534
12,96,0.0025,0,0.2,1.5,1,1,100,200,-0.7866073002547074,-0.2659189410505176,-0.8423443989277226,-1.2723341972880184,1297,973,324,0.030940198273105214,0.06718366911843088,0.04906193369576804,0.01812173542266283,-0.19084359570775267,-0.4955042788943723,-0.0002989547485933943,-0.7507078503787799
48,200,0.0,0,-0.2,999.0,1,1,100,200,-0.8131016713529309,-0.2851394952228472,-0.8682581440761007,-0.6416346684510715,2543,1897,646,0.10254770280353907,0.21831361262125573,0.1604306577123974,0.05788295490885833,0.1641017644263154,-0.4272593588780613,3.629562766319116e-06,-0.7513503006834512
12,60,0.0025,0,0.0,999.0,1,1,100,200,-0.7775136236118622,-0.2597621733514268,-0.8933013076227796,-0.9147157742344377,1703,1306,397,0.05148704828909498,0.10697153821554205,0.07922929325231852,0.02774224496322354,0.1749818066344464,-0.5562212389871428,-0.00010551328549270184,-0.7521486158745385
12,120,0.005,0,-0.2,999.0,1,1,100,200,-0.8106916157547421,-0.28330404732783643,-0.8600333022851818,-0.7843929987843649,1995,1526,469,0.08490566037735849,0.16863873787442704,0.12677219912589277,0.04186653874853427,-0.1745146895211388,-0.37801833385756134,-5.229269261361883e-05,-0.7525403484096456
30,96,0.005,0,-0.2,999.0,1,1,100,200,-0.8101044271805227,-0.2828596903704892,-0.864916919418887,-0.7580714003272256,1977,1512,465,0.08541200298475642,0.16983797036563267,0.12762498667519453,0.04221298369043812,-0.18685965959357265,-0.3722932645457866,-5.057066875648817e-05,-0.753221720096294
30,60,0.01,0,0.2,999.0,1,1,100,200,-0.8051652461187837,-0.2791648109246917,-0.8282781045137393,-1.203883149194679,1297,1021,276,0.03757595139110969,0.06960878371175781,0.05359236755143375,0.016016416160324058,-0.20337688496223738,-0.5321313688194818,-0.0003115447993606405,-0.7534980206412953
48,60,0.0025,0,0.2,1.5,1,1,100,200,-0.7960449555582305,-0.2725346605292127,-0.8350371853982984,-1.2847420364836457,1288,962,326,0.030727001385779766,0.06761006289308176,0.049168532139430766,0.018441530753650997,-0.2574921370354085,-0.4768948626118559,-0.0003145642756053237,-0.7542903550525442
48,96,0.01,0,0.0,2.5,1,1,100,200,-0.8029556096659247,-0.2775360520277358,-0.8539703229166716,-0.9978033722257782,1642,1285,357,0.05401876132608464,0.10433322673488966,0.07917599403048715,0.025157232704402517,-0.1156799787910342,-0.4934765501953401,-0.0001466418579211672,-0.7544113820973606
12,60,0.0025,0,0.2,2.5,1,1,100,200,-0.784706312965148,-0.2646147859872702,-0.8604551173297872,-1.1934236204121138,1361,1024,337,0.033045517535443984,0.07147425647585545,0.052259887005649715,0.019214369470205734,-0.10204000970571858,-0.5264284405801825,-0.00026051585436288204,-0.7545135256727694
12,200,0.0,0,-0.2,2.5,1,1,100,200,-0.8058176014700975,-0.2796484968705918,-0.8748399208621083,-0.7501329079958433,2278,1693,585,0.08826351135273425,0.19017162349429698,0.13921756742351563,0.050954056070781364,-0.040867377400987226,-0.3674187429602793,-2.141729092517393e-05,-0.7545751027014381
30,96,0.0025,0,0.0,1.5,1,1,100,200,-0.7905128257253057,-0.2686277206005392,-0.8684638152209032,-1.0450626651279493,1608,1214,394,0.04562413388764524,0.09950964715915148,0.07256689052339836,0.02694275663575312,-0.10680967536567543,-0.47582836668092465,-0.00014984203112816932,-0.7551127614673883
20,120,0.0,0,0.2,1.5,1,1,100,200,-0.791209714329682,-0.2691153056085831,-0.8506835263451943,-1.2178297670920948,1446,1084,362,0.034857691077710265,0.07579149344419571,0.05532459226095299,0.020466901183242726,-0.15816624848146843,-0.4888393779804229,-0.00024134746511926016,-0.755348557135785
48,120,0.01,0,0.2,2.5,1,1,100,200,-0.8050055576637183,-0.2790466080285444,-0.8356489131756368,-1.17352431701136,1456,1121,335,0.038695235049568275,0.07755036776463063,0.05812280140709945,0.01942756635753118,-0.19518922421675433,-0.4981500310739778,-0.00024969524585169477,-0.7555472804669309
48,60,0.005,0,-0.2,999.0,1,1,100,200,-0.8119786634460711,-0.2842818949248007,-0.8654027420254249,-0.7900147444489729,1898,1452,446,0.08146786056923569,0.16184308709092848,0.12165547383008209,0.04018761326084639,-0.23236765463169062,-0.3671476407326286,-6.373813931557644e-05,-0.7564840031599618
30,96,0.0025,0,0.2,1.5,1,1,100,200,-0.7950196345024598,-0.2718042051794859,-0.8459288171821915,-1.2568940975326477,1358,1014,344,0.032459226095299006,0.07120776036669865,0.051833493230998826,0.01937426713569982,-0.18411877767934193,-0.504498441739412,-0.0002819956235568147,-0.757613318647214
30,200,0.0025,0,-0.2,2.5,1,1,100,200,-0.8130666132190074,-0.28511266035507976,-0.8711587430461188,-0.7590108238077639,2296,1714,582,0.08898305084745763,0.1919571474256476,0.14047009913655262,0.05148704828909498,-0.02768198380807485,-0.39385951686783227,-2.4147472150147478e-05,-0.7586425730685273
30,120,0.01,0,0.0,2.5,1,1,100,200,-0.8075308942438513,-0.28092502811675957,-0.8545405785758742,-1.0164556893444356,1644,1284,360,0.053805564438759196,0.1047063212877092,0.0792559428632342,0.025450378424475003,-0.1344868289759208,-0.49398115764199535,-0.0001520091306365505,-0.7590181018719184
48,96,0.005,0,0.0,1.5,1,1,100,200,-0.7982999891162499,-0.2741515753935808,-0.8634502905634424,-1.0674590428975053,1607,1217,390,0.04663681910244111,0.09950964715915148,0.07307323313079629,0.026436414028355185,-0.10528389521383041,-0.4964257075618417,-0.0001596096319802271,-0.7592496728201773
20,200,0.01,0,0.0,2.5,1,1,100,200,-0.8080744332054944,-0.281331904269439,-0.8575407061737246,-0.9830687532415383,1771,1367,404,0.05607078136659205,0.11208826351135273,0.08407952243897239,0.028008741072380345,-0.04054676652279343,-0.5149651335345671,-0.000124600431903082,-0.7592556950183782
20,120,0.005,0,-0.2,999.0,1,1,100,200,-0.8157768187066067,-0.2871991354586315,-0.8680626302357417,-0.7734883640843067,2022,1547,475,0.08666453469779341,0.17306257328643002,0.12986355399211172,0.043199019294318304,-0.20106132712418057,-0.3661122491097194,-5.0641448247419595e-05,-0.7599048687807177
30,120,0.0,0,0.2,1.5,1,1,100,200,-0.8016635495125994,-0.276590411097543,-0.8417084228942828,-1.254170659278528,1468,1098,370,0.035630529794265,0.07731052126638951,0.056470525530327255,0.020839995736062253,-0.16978313844102533,-0.5021908712173648,-0.0002499661913763541,-0.7601531555086108
12,120,0.0,0,0.2,1.5,1,1,100,200,-0.7945133970743083,-0.2714446306023741,-0.8538238221262129,-1.2522116476626033,1417,1056,361,0.03381835625199872,0.07379277262551967,0.053805564438759196,0.019987208186760475,-0.13012860055818887,-0.5201527047971437,-0.0002603871479223467,-0.7609671240486107
48,96,0.0025,0,-0.2,2.5,1,1,100,200,-0.8164452862679731,-0.28771753282883816,-0.8655041567121347,-0.8114111462184206,2046,1552,494,0.08210745123121202,0.17095725402409126,0.12653235262765164,0.04442490139643961,-0.2212493058423629,-0.34421503148081856,-5.3201941367300186e-05,-0.7610401684958266
12,200,0.01,0,-0.2,999.0,1,1,100,200,-0.8221293539686974,-0.2921876580614251,-0.8592571247859706,-0.7866308686690904,1959,1522,437,0.08839675940731265,0.16834559215435455,0.1283711757808336,0.03997441637352095,-0.2929681360989985,-0.32986372983358203,-6.19295618945692e-05,-0.761147763887865
20,60,0.0,0,0.0,999.0,1,1,100,200,-0.7879669689356688,-0.2668574413700783,-0.8976380473472102,-0.9143046988763217,1798,1368,430,0.05500479692996482,0.11368724016629357,0.0843460185481292,0.029341221618164375,0.22008119568982254,-0.5728866289275527,-9.637498087817282e-05,-0.7613916999874994
30,60,0.005,0,0.0,999.0,1,1,100,200,-0.7942360245130764,-0.2712479164617203,-0.8860957914968542,-0.9545974882016731,1689,1303,386,0.05401876132608464,0.10769107771026543,0.08085491951817503,0.026836158192090395,0.21726151293749307,-0.6065959176239428,-0.00012442100942212,-0.7620256866202312
20,120,0.0,0,0.0,1.5,1,1,100,200,-0.7937841492394689,-0.2709278978023497,-0.8799210907169517,-1.0330141308579013,1708,1289,419,0.04882208719752692,0.10569235689158939,0.07725722204455815,0.028435134847031234,-0.06388363600018876,-0.4824260050397975,-0.00013062770415864312,-0.7625391497037206
12,200,0.01,0,0.2,2.5,1,1,100,200,-0.8104229979744995,-0.2831006332991519,-0.8385250721240033,-1.2113276349009585,1491,1150,341,0.039148278435134846,0.07874960025583626,0.058948939345485556,0.01980066091035071,-0.20631378657030153,-0.4965175702536909,-0.00025073591035548997,-0.7629295511062015
20,96,0.0025,0,0.0,1.5,1,1,100,200,-0.79978251725074,-0.275222479839775,-0.8657614227226076,-1.0990014390124876,1581,1190,391,0.04434495256369257,0.0967380876239207,0.07054152009380663,0.02619656753011406,-0.15269961622050965,-0.478972989894898,-0.0001718115146787343,-0.7630532631517032
12,96,0.01,0,0.2,999.0,1,1,100,200,-0.8104098347894126,-0.28309067124656717,-0.8387669750762056,-1.214599207294192,1359,1067,292,0.03858863660590555,0.07259354013431404,0.055591088370109794,0.017002451764204243,-0.21393562843809766,-0.5240793012371763,-0.0002963779015079578,-0.7632041191493795
12,96,0.0,0,0.2,2.5,1,1,100,200,-0.7984090453458528,-0.2742301372581567,-0.8634221128761694,-1.1858761971193046,1547,1158,389,0.0382421916640017,0.08194755356571794,0.06009487261485982,0.021852680950858117,0.0010723570362223267,-0.5634677200093583,-0.00021377662874250166,-0.7652350035522066
20,60,0.0025,0,0.2,2.5,1,1,100,200,-0.7998588024624893,-0.2752777558409001,-0.8560284724897607,-1.2401691928868253,1395,1048,347,0.03408485236115553,0.07325978040720606,0.05367231638418079,0.019587464023025265,-0.14416015530386794,-0.5301706442273202,-0.0002732726206193695,-0.7653004517301216
20,96,0.0,0,0.2,1.5,1,1,100,200,-0.8007978680102281,-0.2759595838555954,-0.8519816088273927,-1.284906000725276,1371,1024,347,0.03307216714635966,0.07187400063959067,0.05247308389297516,0.0194009167466155,-0.19904845427882611,-0.5062909846044703,-0.00028778921455805496,-0.7661956883055555
30,120,0.01,0,-0.2,999.0,1,1,100,200,-0.8239137198985811,-0.2936144957307667,-0.8659221948523252,-0.8070012276682236,1850,1451,399,0.08557190065025051,0.15939132288668587,0.12248161176846818,0.036909711118217677,-0.340651883295082,-0.32635109421021014,-7.762599036432331e-05,-0.7669256545403405
20,200,0.01,0,-0.2,999.0,1,1,100,200,-0.8260404900367926,-0.29533031752584304,-0.8649703033917386,-0.7823730422896769,1989,1544,445,0.08994243684042214,0.17138364779874213,0.13066304231958215,0.04072060547916,-0.2517156678921477,-0.37136957224874045,-6.036264637214124e-05,-0.7669341213361962
48,60,0.005,0,0.2,2.5,1,1,100,200,-0.8097293082321907,-0.2825763928192063,-0.8455014603650973,-1.2422829610795094,1436,1085,351,0.03629677006715702,0.07643108410617205,0.05636392708666454,0.020067157019507516,-0.17893589799918563,-0.5247783122360058,-0.0002693598202144054,-0.7674412710557306
30,120,0.0,0,0.0,1.5,1,1,100,200,-0.8034656420697698,-0.2779107033520456,-0.8731904413355804,-1.0615870094511632,1728,1303,425,0.04962157552499734,0.10745123121202431,0.07853640336851082,0.028914827843513485,-0.07383841636599864,-0.496411281222197,-0.00013737572687091154,-0.767585274492394
30,96,0.005,0,0.2,2.5,1,1,100,200,-0.8035278502977967,-0.2779564524561454,-0.8622012853598927,-1.1890393601373637,1508,1136,372,0.0381089436094233,0.08048182496535551,0.059295384287389404,0.0211864406779661,-0.05604335757362178,-0.5575248539064459,-0.0002312372583349886,-0.7685090631429599
12,120,0.0025,0,0.0,1.5,1,1,100,200,-0.803227541654611,-0.2777357067518008,-0.8706160906486686,-1.1131035270177652,1632,1228,404,0.045384287389404115,0.099216501439079,0.07230039441424155,0.026916107024837436,-0.13870903913697308,-0.48324183794242237,-0.00016538719054401673,-0.7686989284270234
48,200,0.0025,0,-0.2,999.0,1,1,100,200,-0.8276283042162684,-0.29662229695350517,-0.8762844760941877,-0.6918839103846897,2454,1837,617,0.0993497494936574,0.2109050207866965,0.15512738514017696,0.05577763564651956,0.014103069682929403,-0.42004212428971244,-1.290010573520904e-05,-0.7693587305198335
30,96,0.0,0,-0.2,999.0,1,1,100,200,-0.8238968950934533,-0.29360098816585867,-0.8766959014690827,-0.7747551284036581,2125,1605,520,0.08924954695661444,0.18220338983050846,0.13572646839356145,0.04647692143694702,-0.19560807630907562,-0.3663453932276942,-4.500676901714033e-05,-0.770686695320583
30,200,0.005,0,0.0,1.5,1,1,100,200,-0.8083691782727054,-0.2815529266927066,-0.8737804542783951,-1.0476980173902024,1804,1347,457,0.05066091035070888,0.11136872401662935,0.08101481718366912,0.03035390683296024,-0.0470064789038126,-0.5043136010710619,-0.0001270500448481195,-0.7708280547014142
48,200,0.01,0,0.0,999.0,1,1,100,200,-0.8179138053320714,-0.2888616953197919,-0.8716150408967599,-0.9232124515815147,1912,1481,431,0.06257328643001812,0.12392069075791494,0.09324698859396653,0.030673702163948408,-0.008577383493314494,-0.522132435351484,-0.00010066707472239784,-0.7708298383472475
48,120,0.005,0,-0.2,2.5,1,1,100,200,-0.8250181183841221,-0.2945034133567188,-0.8697146156787522,-0.8330817710506094,2046,1549,497,0.08253384500586292,0.17244963223536935,0.12749173862061614,0.044957893614753226,-0.22713585748272758,-0.37008161107955206,-5.954296106343819e-05,-0.7710148097486254
30,60,0.0,0,0.2,2.5,1,1,100,200,-0.8056926101561777,-0.2795557220711721,-0.8607247507350471,-1.2294406445441377,1478,1105,373,0.036883061507301994,0.0785630529794265,0.05772305724336425,0.020839995736062253,-0.0797953697177034,-0.5577897667283301,-0.0002481609239104944,-0.7713901296659025
20,200,0.0025,0,-0.2,2.5,1,1,100,200,-0.8263652564814395,-0.29559380527050405,-0.8716273848380017,-0.814731373000134,2240,1675,565,0.08759727107984223,0.1872668159044878,0.137432043492165,0.04983477241232278,-0.09285149110900692,-0.41320054532860706,-4.033309504432907e-05,-0.7721440663395116
48,96,0.0,0,0.2,1.5,1,1,100,200,-0.8117034389610638,-0.2840723412907653,-0.8459059786377124,-1.3030986625878742,1459,1095,364,0.03568382901609637,0.07667093060441317,0.05617737981025477,0.020493550794158405,-0.20770325459497874,-0.5069947185288466,-0.00027195882386469363,-0.7721802637390152
48,60,0.0,0,-0.2,999.0,1,1,100,200,-0.824778986925997,-0.29431055934884065,-0.8765361979684523,-0.8028665166949353,2044,1541,503,0.08514550687559962,0.17410190811214157,0.1296237074938706,0.04447820061827097,-0.24199153208994695,-0.35750154238792375,-5.640123585047263e-05,-0.7727219841678136
12,96,0.0025,0,0.0,2.5,1,1,100,200,-0.8008073798653156,-0.2759665032757439,-0.8917958498274847,-1.0230601852500403,1764,1340,424,0.05164694595458906,0.10974309775077284,0.08069502185268095,0.02904807589809189,0.044377029368574794,-0.5391501398550127,-0.00012467648613856462,-0.7730174374519883
12,200,0.0025,0,-0.2,2.5,1,1,100,200,-0.8264330559442548,-0.29564886169151827,-0.8720528240031296,-0.8299416831581719,2196,1642,554,0.08549195181750346,0.18318942543438865,0.13434068862594606,0.048848736808442594,-0.18149036633747573,-0.3640575489059471,-4.571034926641247e-05,-0.7731723578509917
12,200,0.005,0,0.0,1.5,1,1,100,200,-0.8115442179144022,-0.2839512235491367,-0.8686618816188255,-1.1022218570909965,1734,1304,430,0.04935507941584053,0.10670504210638525,0.0780300607611129,0.028674981345272358,-0.06838874583623755,-0.5184934259435848,-0.00014873632778661237,-0.7733932572130994
12,200,0.01,0,0.0,2.5,1,1,100,200,-0.820484896987453,-0.2908827982968696,-0.8600233333862599,-1.051610119501167,1744,1349,395,0.05537789148278435,0.11027608996908646,0.0828269907259354,0.02744909924315105,-0.13959433356502027,-0.5008889020146485,-0.00014789864225247807,-0.7734749709650579
12,120,0.0,0,-0.2,999.0,1,1,100,200,-0.8260870589719673,-0.29536807540359566,-0.8761866123965826,-0.8036112950223149,2151,1620,531,0.08866325551646946,0.18183029527768896,0.13524677539707922,0.04658351988060974,-0.16309641700429156,-0.39066377532569585,-4.69637722565138e-05,-0.7736419463530027
48,200,0.01,0,0.2,999.0,1,1,100,200,-0.8233580283178558,-0.2931689113082597,-0.851495365079582,-1.1296611141478365,1649,1273,376,0.04469139750559642,0.08876985396013218,0.0667306257328643,0.022039228227267883,-0.147887067992303,-0.5271078591107061,-0.00020905703902564596,-0.7753996495554426
20,120,0.005,0,0.2,2.5,1,1,100,200,-0.8111741939567759,-0.2836700661098439,-0.8630565691821618,-1.2214284846195484,1543,1168,375,0.038801833493231,0.08224069928579043,0.06052126638951071,0.021719432896279714,-0.08704289902935558,-0.5525412947807246,-0.00023347968406833695,-0.7762697749319022
20,96,0.005,0,-0.2,999.0,1,1,100,200,-0.8280072288122036,-0.2969320281494202,-0.8757278423182756,-0.8421231594276648,1932,1475,457,0.08309348683509221,0.1648544931244004,0.12397398997974629,0.040880503144654086,-0.29211762157444277,-0.36146827580741836,-7.417748515480079e-05,-0.7769021072799414
30,200,0.005,0,0.2,1.5,1,1,100,200,-0.8161475001193046,-0.2874864131289905,-0.8514638201184205,-1.2798133206446758,1543,1148,395,0.0361901716234943,0.07989553352521053,0.05804285257435241,0.021852680950858117,-0.156399630359761,-0.5285075276743036,-0.00025193221206993487,-0.7772089892204346
48,200,0.0,0,0.2,2.5,1,1,100,200,-0.8224601866112631,-0.2924513354276995,-0.8640775140536492,-1.0632671204819137,1950,1444,506,0.04615712610595885,0.10398678179298582,0.07507195394947233,0.028914827843513485,0.0782392817379498,-0.563359893986747,-0.0001342714000061238,-0.7776534484786198
48,120,0.01,0,0.0,2.5,1,1,100,200,-0.8245285913884713,-0.29410884661776604,-0.8625349150782807,-1.0555640603637197,1702,1317,385,0.054285257435241444,0.10838396759407312,0.08133461251465729,0.02704935507941584,-0.17646295383170774,-0.5008854238991101,-0.00016022245217354813,-0.7781545071750924
20,120,0.0025,0,0.0,1.5,1,1,100,200,-0.8130631918709204,-0.28511004173695265,-0.8741602553870244,-1.1273980194185027,1651,1244,407,0.0465035710478627,0.10188146253064705,0.07419251678925488,0.027688945741392176,-0.18766864983230325,-0.474513744719287,-0.00017015663562651545,-0.77856007040139
48,60,0.005,0,0.0,2.5,1,1,100,200,-0.8140375604885588,-0.2858573541960632,-0.8805008291982408,-1.0576612024990233,1687,1286,401,0.05100735529261273,0.1064918452190598,0.07874960025583626,0.02774224496322354,-0.10195065097345268,-0.5185579271729719,-0.00015405057080756428,-0.7789908289201347
30,96,0.01,0,0.2,999.0,1,1,100,200,-0.822122298993578,-0.29218203943959875,-0.8527533137265492,-1.2108195564324853,1427,1113,314,0.04050740859183456,0.0773371708773052,0.05892228973456987,0.018414881142735318,-0.2224119297981817,-0.53299823205816,-0.0002838704428717536,-0.7790996741244977
20,200,0.005,0,0.0,1.5,1,1,100,200,-0.8173196109257643,-0.28839785668859697,-0.8712589429952811,-1.1019945767356039,1766,1324,442,0.0500746189105639,0.10875706214689265,0.07941584052872828,0.029341221618164375,-0.05597954564950569,-0.5319540910911784,-0.00014791837084621707,-0.7791270570230177
20,120,0.0025,0,0.2,1.5,1,1,100,200,-0.8147096844845974,-0.2863746812136302,-0.8526893153933862,-1.341008395127675,1399,1047,352,0.033125466368191026,0.07299328429804924,0.053059375333120135,0.019933908964929112,-0.2565270167538861,-0.498290306591216,-0.0003041689029414877,-0.779769758666707
12,200,0.005,0,0.2,1.5,1,1,100,200,-0.8175298260313059,-0.28856181617717214,-0.849127262315155,-1.3408290125201474,1478,1107,371,0.03507088796503571,0.07637778488434069,0.0557243364246882,0.020653448459652488,-0.20409571135415672,-0.5198743301963492,-0.0002813785298607179,-0.7801668979607571
20,120,0.0,0,-0.2,999.0,1,1,100,200,-0.8322550454443953,-0.30044207506089704,-0.8815585126517453,-0.7994379674283526,2177,1644,533,0.09066197633514551,0.1860142841914508,0.13833813026329816,0.04767615392815265,-0.20181435178702667,-0.37570002582881046,-4.708508030181843e-05,-0.7811932297581874
20,200,0.005,0,0.2,1.5,1,1,100,200,-0.8174474553951027,-0.28849755233777274,-0.8558707839080391,-1.3115505996877932,1505,1123,382,0.03568382901609637,0.07789681270653448,0.05679032086131543,0.02110649184521906,-0.1628018405667231,-0.5371418101039157,-0.0002691475053924632,-0.782010474276182
48,120,0.005,0,0.2,1.5,1,1,100,200,-0.820158744010993,-0.2906251362852923,-0.851146409443281,-1.3297441978749756,1435,1071,364,0.03445794691397506,0.07501865472764098,0.054738300820808015,0.02028035390683296,-0.2588249724335774,-0.5026607133725587,-0.0002976025454553156,-0.7826855509006816
12,60,0.005,0,0.2,999.0,1,1,100,200,-0.8217308114259332,-0.29187053555216236,-0.8546626335551846,-1.2863901437695962,1374,1056,318,0.03600362434708453,0.07325978040720606,0.05463170237714529,0.018628078030060762,-0.17698034145467312,-0.5693732512574055,-0.0003151128093381463,-0.7835213595182344
30,120,0.0025,0,0.0,1.5,1,1,100,200,-0.8219109893632011,-0.29201383382726664,-0.8687221197393148,-1.1558290048338498,1672,1258,414,0.0473297089862488,0.10372028568382902,0.07552499733503891,0.028195288348790107,-0.1961918367733202,-0.48873543498446526,-0.0001763039356206552,-0.7841663439386166
30,96,0.005,0,0.0,2.5,1,1,100,200,-0.8139150382488161,-0.28576321128757076,-0.8939278042441878,-1.033441594150699,1762,1340,422,0.05340582027502398,0.11176846818036457,0.08258714422769428,0.029181323952670292,-0.004052845855462395,-0.5489921444757062,-0.0001358114531773238,-0.7843991931171996
48,60,0.01,0,0.2,999.0,1,1,100,200,-0.8273066259889961,-0.29635978579270117,-0.8511985381009436,-1.2591337609568856,1360,1066,294,0.038988380769640764,0.07352627651636286,0.056257328643001814,0.01726894787336105,-0.30455289779904315,-0.5097634636901577,-0.00032362790568921676,-0.7849157428910172
20,120,0.01,0,0.2,999.0,1,1,100,200,-0.826916261894135,-0.29604174711410347,-0.8552584288762248,-1.2321215243168409,1451,1137,314,0.04093380236648545,0.07861635220125786,0.05977507728387166,0.018841274917386207,-0.2437930949324345,-0.5270937317583242,-0.00028443136846023213,-0.7852770377680579
12,120,0.005,0,0.0,2.5,1,1,100,200,-0.8167718212995153,-0.28797131029188017,-0.8879445597978597,-1.0711569909693917,1776,1353,423,0.05321927299861422,0.11099562946380982,0.08210745123121202,0.028888178232597803,-0.016421630813453714,-0.5471720334053813,-0.0001408899318093246,-0.7855014397392795
20,60,0.0025,0,0.0,999.0,1,1,100,200,-0.8157604883881278,-0.2871864901173604,-0.895841608427464,-1.0299098342393447,1732,1321,411,0.05284617844579469,0.1092367551433749,0.0810414667945848,0.028195288348790107,0.018397894177500262,-0.5698119337718759,-0.0001441150052806767,-0.7866027860430596
20,60,0.005,0,0.2,999.0,1,1,100,200,-0.8268553996202345,-0.2959922129199062,-0.8546233435829866,-1.2942810649604566,1410,1078,332,0.03712290800554312,0.07496535550580961,0.056044131755676366,0.018921223750133248,-0.18869399354548677,-0.5680052779857268,-0.0003106405873548444,-0.7880179379594223
12,120,0.005,0,0.2,2.5,1,1,100,200,-0.8237528534896774,-0.2934853885597899,-0.858941988844551,-1.3047558168889668,1509,1140,369,0.037709199445688096,0.07970898624880077,0.05870909284724443,0.02099989340155634,-0.13032590122297805,-0.568954921092304,-0.000271569506590793,-0.7881941738265137
48,96,0.0025,0,0.2,1.5,1,1,100,200,-0.8233621051309573,-0.2931721762384948,-0.8545057629640433,-1.3729081411195452,1414,1059,355,0.033978253917492804,0.07395267029101375,0.05396546210425328,0.019987208186760475,-0.2595778455767418,-0.5161313765019615,-0.0003141007413085896,-0.7890704647764937
20,96,0.005,0,0.2,2.5,1,1,100,200,-0.8250586419228093,-0.29453611554245385,-0.8583784253258211,-1.3153944249961351,1472,1112,360,0.036909711118217677,0.07795011192836585,0.05742991152329176,0.020520200405074084,-0.17917534546235458,-0.5549971662014626,-0.0002868936204880046,-0.7894950494551711
30,96,0.01,0,0.0,999.0,1,1,100,200,-0.832572326017718,-0.30070709211520075,-0.8721202384221134,-1.058161417170773,1667,1317,350,0.0573766123014604,0.10811747148491632,0.08274704189318836,0.02537042959172796,-0.1544195184090198,-0.5442283883556864,-0.00017387414200736078,-0.7896752821847961
48,200,0.0025,0,0.2,2.5,1,1,100,200,-0.8335424903450082,-0.3015199475583601,-0.8644309443313167,-1.1204557498495573,1881,1396,485,0.044584799061933696,0.10017588743204349,0.0723803432469886,0.027795544185054897,0.010849107255806567,-0.5781353174823847,-0.00016667142798881137,-0.7897582072164964
30,60,0.0025,0,0.2,2.5,1,1,100,200,-0.8241505945306528,-0.293804776957428,-0.8589179285485469,-1.3313970542003255,1425,1068,357,0.03539068329602388,0.07541839889137619,0.055404541093700035,0.020013857797676154,-0.17884308082048062,-0.5632559967860223,-0.00030447824036958487,-0.7898335939417177
20,96,0.005,0,0.0,2.5,1,1,100,200,-0.8216009385379079,-0.29176731748246765,-0.8876089791420385,-1.0909702642190342,1732,1319,413,0.05196674128557723,0.10846391642682017,0.0802153288561987,0.02824858757062147,-0.07976914350080566,-0.5390128165871997,-0.00015616932969792838,-0.7901203202644386
30,120,0.0025,0,0.2,1.5,1,1,100,200,-0.8239586054913169,-0.2936505365669786,-0.8560032203380573,-1.3765784500964797,1424,1063,361,0.033924954695661445,0.07459226095299008,0.05425860782432577,0.020333653128664322,-0.2655350831036237,-0.5114165568570981,-0.0003108805399234251,-0.7904810692408313
20,96,0.0025,0,0.2,1.5,1,1,100,200,-0.8218056932449856,-0.2919300761360145,-0.8577948396653943,-1.4029883772526697,1328,991,337,0.03147319049141883,0.0692090395480226,0.05034111501972071,0.018867924528301886,-0.28555086052940215,-0.5154192477335288,-0.000351442715035199,-0.7909769148313451
48,96,0.0,0,0.0,1.5,1,1,100,200,-0.8248917497181228,-0.2944014736937801,-0.8784612664989226,-1.1477784600306593,1721,1301,420,0.04956827630316597,0.10686493977187933,0.07821660803752266,0.02864833173435668,-0.1651213773594924,-0.5039937739010139,-0.00016775791562156374,-0.7910210299447744
48,60,0.01,0,0.0,999.0,1,1,100,200,-0.8334213943634914,-0.30141828023661077,-0.8708268217208353,-1.0838904532327978,1596,1266,330,0.05529794265003731,0.103054045410937,0.07917599403048715,0.023878051380449846,-0.22788038924488785,-0.5207211035719999,-0.0001948948709463792,-0.7910262137586683
12,120,0.01,0,0.0,999.0,1,1,100,200,-0.8357502320089016,-0.3033839315649761,-0.8690021593088524,-1.096578536425355,1670,1315,355,0.05652382475215862,0.10689158938279501,0.08170770706747682,0.025183882315318196,-0.18776490425544567,-0.5338243388356552,-0.00018242807447426957,-0.79271393804067
20,120,0.005,0,0.0,2.5,1,1,100,200,-0.8217214367284584,-0.29186308288267404,-0.896553275253278,-1.06241735882917,1800,1371,429,0.054365206267988485,0.11411363394094447,0.08423942010446647,0.029874213836477988,-0.028667140437637073,-0.5484624968371912,-0.00013847350963163273,-0.7932605884507715
12,96,0.0025,0,0.2,2.5,1,1,100,200,-0.8252245309024905,-0.2946700498838807,-0.8657236820611591,-1.3242665747294344,1491,1120,371,0.03664321500906087,0.07864300181217354,0.057643108410617205,0.02099989340155634,-0.15523568416523026,-0.5638936392592766,-0.0002820358418407548,-0.7937452196509319
30,60,0.0,0,0.0,999.0,1,1,100,200,-0.8201572318647297,-0.290623942555138,-0.9047333336937305,-1.0161117322416056,1827,1391,436,0.05649717514124294,0.11677859503251252,0.08663788508687773,0.030140709945634794,0.15076647224621187,-0.6102976697284029,-0.00012701734313278043,-0.7937961960140836
30,200,0.0,0,0.2,1.5,1,1,100,200,-0.8275043228070514,-0.2965210733777497,-0.8647235200753979,-1.298621075299908,1660,1227,433,0.03853533738407419,0.08639803858863661,0.0624666879863554,0.023931350602281208,-0.16364309178372272,-0.5269128699135992,-0.0002323298956585532,-0.7938138871804441
30,96,0.0025,0,-0.2,999.0,1,1,100,200,-0.8414802212128183,-0.3083169807652526,-0.8868358245996263,-0.8452033996973656,2059,1562,497,0.08661123547596206,0.17647372348363713,0.1315424794797996,0.044931244003837544,-0.311288620339326,-0.35543876672170205,-6.828903118259608e-05,-0.7939950630499341
20,96,0.0,0,-0.2,999.0,1,1,100,200,-0.8410821014640684,-0.307969661433787,-0.886794559150724,-0.8584809821004963,2078,1563,515,0.08653128664321501,0.17729986142202322,0.13191557403261914,0.045384287389404115,-0.3008009593421501,-0.35743539080961195,-6.744179589957676e-05,-0.7942909901141738
20,120,0.01,0,0.0,999.0,1,1,100,200,-0.8358590436920457,-0.3034763176793971,-0.8748652514952048,-1.0704678880762777,1693,1337,356,0.05790960451977401,0.10982304658351988,0.08386632555164694,0.025956721031872933,-0.16637662266889863,-0.5408344554805942,-0.000172720231876224,-0.7944323378308135
12,120,0.0025,0,0.2,1.5,1,1,100,200,-0.8249652840385583,-0.2944607855404311,-0.8586431974707252,-1.4153768867258059,1369,1021,348,0.03208613154247948,0.07088796503571047,0.05148704828909498,0.0194009167466155,-0.271544637360151,-0.5234920336458844,-0.0003418944658270883,-0.7945512286120839
30,200,0.0,0,0.0,1.5,1,1,100,200,-0.825685913296754,-0.29504309316292854,-0.8906229048873875,-1.0857682772780093,1955,1451,504,0.05399211171516896,0.12061613900437054,0.08730412535976975,0.03331201364460079,-0.040228795605894874,-0.5171705063298733,-0.00011940190070795643,-0.7946429594705228
20,200,0.0,0,0.2,1.5,1,1,100,200,-0.8284786646350675,-0.2973181404713887,-0.8649843040611586,-1.328461160013147,1615,1197,418,0.03786909711118218,0.08418612088263511,0.06102760899690864,0.023158511885726468,-0.17648779388875624,-0.5328798463601875,-0.00024904692859535865,-0.7962333505026254
12,200,0.0,0,0.0,1.5,1,1,100,200,-0.8286563377882555,-0.29746387744631486,-0.8844926159135368,-1.1328475972682095,1873,1397,476,0.05209998934015563,0.11552606331947554,0.08381302632981559,0.03171303698965995,-0.10023100433736432,-0.5140903586760333,-0.00014057032966760053,-0.7963525652664937
48,96,0.0025,0,0.0,1.5,1,1,100,200,-0.8320525117255761,-0.3002731129606473,-0.8755619291609815,-1.196332101099683,1666,1257,409,0.04735635859716448,0.10321394307643109,0.07528515083679778,0.0279287922396333,-0.232683636763103,-0.4964335022298505,-0.0001927942834310941,-0.7978706825961221
48,120,0.005,0,0.0,1.5,1,1,100,200,-0.8345822639321653,-0.3023953432632601,-0.8742227269266358,-1.184320539185391,1676,1258,418,0.04780940198273105,0.10425327790214263,0.07603133994243684,0.02822193795970579,-0.23668864765226338,-0.49891645401609785,-0.00019180965459101294,-0.7987227336858476
20,200,0.0,0,0.0,1.5,1,1,100,200,-0.8316029481573091,-0.2998986498148908,-0.88557317620822,-1.1292257168059128,1908,1421,487,0.053059375333120135,0.11765803219272998,0.08535870376292506,0.03229932842980492,-0.06421608797857425,-0.5327175622112652,-0.00013686788997571293,-0.7991465237592964
12,200,0.0,0,0.2,1.5,1,1,100,200,-0.8321307388570514,-0.3003383539782012,-0.8616140369650711,-1.3657430798919272,1587,1177,410,0.037042959172796076,0.08250719539494723,0.05977507728387166,0.02273211811107558,-0.23095116926437098,-0.5172568543796927,-0.00026685814726354676,-0.7994325264553331
12,96,0.005,0,0.0,999.0,1,1,100,200,-0.8295823740530794,-0.29822542443830624,-0.895846410641478,-1.0767008446047854,1771,1370,401,0.05631062786483317,0.11248800767508794,0.08439931776996056,0.028088689905127386,0.018162849188558816,-0.5941540632501763,-0.0001531490980988342,-0.7999836719892844
12,120,0.0025,0,-0.2,999.0,1,1,100,200,-0.8462064887061866,-0.31249442511328096,-0.8866022784869765,-0.8884031315573092,2080,1574,506,0.08567849909391323,0.17532779021426287,0.13050314465408805,0.04482464556017482,-0.3006464738146011,-0.3776703985147136,-7.393772507413178e-05,-0.8002157209346347
48,60,0.0025,0,-0.2,999.0,1,1,100,200,-0.8451515684641084,-0.3115531922861774,-0.8887563379961382,-0.885961089667012,1980,1501,479,0.08258714422769428,0.1683988913761859,0.12549301780194008,0.042905873574245815,-0.3583046358574361,-0.3504135312120904,-8.393297242345618e-05,-0.800229415767597
30,96,0.0,0,0.2,2.5,1,1,100,200,-0.8281183940662908,-0.2970229976542964,-0.8823703225334676,-1.260551188895388,1616,1208,408,0.04013431403901503,0.08655793625413069,0.06334612514657285,0.02321181110755783,-0.11940138685892865,-0.5620252194226836,-0.0002368773450769292,-0.8012357183657997
48,120,0.01,0,-0.2,999.0,1,1,100,200,-0.8489899559322597,-0.3150029488378361,-0.8856092450615106,-0.8726144837086217,1910,1487,423,0.08687773158511886,0.16544078456454536,0.1261592580748321,0.03928152648971325,-0.37249643352272843,-0.37447511981921655,-9.260910110865196e-05,-0.8014382955540226
20,96,0.01,0,0.0,999.0,1,1,100,200,-0.8401520117401162,-0.3071609560017854,-0.877155952598903,-1.1152701908267788,1637,1295,342,0.055964182922929324,0.10489286856411896,0.08042852574352415,0.024464342820594818,-0.2313156185588493,-0.5284605326703741,-0.0001969620256117302,-0.8015024418425758
30,120,0.005,0,-0.2,999.0,1,1,100,200,-0.8473201054408879,-0.31349364863072726,-0.8890988442360328,-0.8699101368060742,2055,1571,484,0.08826351135273425,0.17631382581814306,0.13228866858543864,0.0440251572327044,-0.28722982580357526,-0.40133825159985537,-7.459487159072082e-05,-0.8015385775890473
48,60,0.0,0,0.2,2.5,1,1,100,200,-0.834533801132789,-0.302354444302652,-0.8672701027318854,-1.3173765700694962,1541,1153,388,0.038268841274917385,0.08250719539494723,0.06038801833493231,0.022119177060014924,-0.2391527590977628,-0.5299766836649766,-0.0002748325495311354,-0.8018583241720696
48,96,0.005,0,0.2,2.5,1,1,100,200,-0.8366382172346585,-0.3041393070175532,-0.8668398224349879,-1.319843167159875,1565,1183,382,0.039787869097111184,0.08333333333333333,0.061560601215222256,0.021772732118111076,-0.18115231668290188,-0.5636170650796934,-0.00027180675183552665,-0.803551376593041
20,120,0.0025,0,-0.2,999.0,1,1,100,200,-0.848777615333485,-0.3148102854603556,-0.8919932060080402,-0.8696814738087161,2107,1598,509,0.08770386952350495,0.17985822406992857,0.13378104679671676,0.04607717727321181,-0.32144294600856904,-0.36074612421440366,-7.023239083627623e-05,-0.8042909621548116
48,96,0.01,0,0.2,999.0,1,1,100,200,-0.8410680226218518,-0.30795739181042214,-0.8646451782167301,-1.283137709517301,1474,1151,323,0.04175994030487155,0.0796556870269694,0.06070781366592048,0.018947873361048927,-0.2822378616357404,-0.5372080248800125,-0.0003041078107649521,-0.8044368663946523
30,200,0.005,0,-0.2,999.0,1,1,100,200,-0.8521002606908534,-0.3178501647079657,-0.8905416444464068,-0.8408022962632482,2277,1727,550,0.09567210318729347,0.19555484489926447,0.14561347404327896,0.049941370855985504,-0.1857782222909582,-0.4327263456069368,-5.272673387005641e-05,-0.8051611017443314
48,96,0.005,0,-0.2,999.0,1,1,100,200,-0.8501164530701496,-0.31602869492357544,-0.8908963025146427,-0.8763640552484299,2048,1571,477,0.0886099562946381,0.17580748321074513,0.1322087197526916,0.04359876345805351,-0.29880780336974344,-0.404686606448869,-7.77918383835257e-05,-0.8052950489433183
20,120,0.0,0,0.2,2.5,1,1,100,200,-0.8325809232531889,-0.3007142787731749,-0.8815120386912163,-1.2799223692484065,1659,1244,415,0.04093380236648545,0.08863660590555378,0.06478520413601961,0.023851401769534163,-0.12665626657799234,-0.5605018018950294,-0.00023265584982277976,-0.8054664165812034
48,200,0.0025,0,0.0,2.5,1,1,100,200,-0.8436672591912734,-0.31023749255325594,-0.8949435333921874,-0.9880902487777148,2190,1630,560,0.06220019187719859,0.13916426820168426,0.10068223003944142,0.03848203816224283,0.055585319466926686,-0.5571792269579395,-9.000463292913265e-05,-0.8071137716882354
48,200,0.0,0,0.0,2.5,1,1,100,200,-0.8412043696093904,-0.308076253940182,-0.9020906377111207,-0.965207766910646,2275,1691,584,0.06446540880503145,0.14436094233024196,0.10441317556763671,0.039947766762605266,0.13619300491991937,-0.5639664031984025,-7.498125014855194e-05,-0.8073819611412746
20,96,0.01,0,0.2,999.0,1,1,100,200,-0.8411358820722509,-0.3080165389046825,-0.8670844173676293,-1.3278974459238235,1393,1091,302,0.03938812493337597,0.07493870589489393,0.05716341541413495,0.01777529048075898,-0.32568206800134325,-0.5271505805154502,-0.00034149530628064596,-0.8079536198846884
12,60,0.0,0,0.2,999.0,1,1,100,200,-0.8370011280599018,-0.3044489671632966,-0.875791443872577,-1.3166531503214967,1498,1127,371,0.037709199445688096,0.08024197846711438,0.05897558895640124,0.021266389510713142,-0.19738198548791208,-0.570420437466102,-0.0002936936668227488,-0.8081773466156599
30,60,0.0025,0,0.0,999.0,1,1,100,200,-0.8362744078543748,-0.3038294319550947,-0.8997415300279168,-1.0982166723407003,1762,1345,417,0.054445155100735526,0.11243470845325658,0.08343993177699606,0.028994776676260527,2.0575931739763575e-05,-0.6048001621676882,-0.00016325272227706359,-0.8086110305860881
30,120,0.0,0,-0.2,999.0,1,1,100,200,-0.8529742592730296,-0.31865884950847123,-0.8946367441305965,-0.8650056412642557,2208,1668,540,0.09236755143374907,0.18910563905766975,0.14073659524570942,0.04836904381196035,-0.2632556953810322,-0.3979152848335864,-6.199786142482077e-05,-0.8092275036369823
12,120,0.01,0,0.2,999.0,1,1,100,200,-0.8433119996374626,-0.30992407131384436,-0.865973572429958,-1.3355286089792104,1422,1110,312,0.0396279714316171,0.07624453682976229,0.057936254130689695,0.018308282699072594,-0.3065552564933448,-0.5398658402101404,-0.00033512199303169595,-0.8096872879777839
30,200,0.01,0,0.0,999.0,1,1,100,200,-0.8502312400640084,-0.3161335614822739,-0.8815717198050199,-1.0684720079831085,1875,1454,421,0.06158725082613794,0.12122908005543119,0.09140816544078456,0.029820914614646626,-0.14298868670050802,-0.5536376273940904,-0.00015149242983236548,-0.8103430217839392
30,120,0.005,0,0.2,2.5,1,1,100,200,-0.8418345477144287,-0.30862668220683476,-0.8696079407549592,-1.3464847640642776,1572,1186,386,0.03968127065344846,0.08397292399530967,0.06182709732437906,0.022145826670930603,-0.20030031654754643,-0.5658642668071475,-0.0002789203280151856,-0.8107548907875283
12,120,0.0,0,0.0,2.5,1,1,100,200,-0.835128341486866,-0.30285685539140195,-0.9048740677356617,-1.1096944828941104,1919,1447,472,0.05580428525743524,0.12008314678605693,0.08794371602174608,0.03213943076431084,-0.009557818799535989,-0.5653630491273247,-0.00013514040322733809,-0.8107786134039383
12,120,0.0,0,0.2,2.5,1,1,100,200,-0.8381288545757225,-0.30541475241387006,-0.8775240842236889,-1.33211840165001,1626,1213,413,0.03970792026436414,0.08623814092314253,0.06297303059375334,0.02326511032938919,-0.12806790618636932,-0.5813447997415553,-0.0002563783823417598,-0.810782714608215
48,200,0.005,0,0.2,999.0,1,1,100,200,-0.851753273790548,-0.317530167861537,-0.8730633989158969,-1.1504676121986772,1875,1416,459,0.047542905873574244,0.10105532459226095,0.0742991152329176,0.026756209359343353,-0.04987326460285546,-0.6014741734708935,-0.000192106995327935,-0.8115852479294193
12,200,0.005,0,-0.2,999.0,1,1,100,200,-0.8568100731273423,-0.3222541530315186,-0.891916984840591,-0.8898677046849363,2188,1662,526,0.09252744909924315,0.1874000639590662,0.1399637565291547,0.04743630742991152,-0.2556999051137442,-0.42535269366401485,-6.853445842296503e-05,-0.812706030686061
48,120,0.0,0,-0.2,2.5,1,1,100,200,-0.8555278550106301,-0.32104385065623664,-0.8926282942587027,-0.9191651057705502,2195,1651,544,0.08730412535976975,0.18484170131116084,0.1360729133354653,0.04876878797569555,-0.2924727952804115,-0.38793383737908527,-7.043897232613948e-05,-0.8133162530741155
30,200,0.0025,0,0.0,1.5,1,1,100,200,-0.8444987759915558,-0.3109733163446453,-0.8860227993499501,-1.189235793103523,1888,1399,489,0.05164694595458906,0.11629890203603027,0.08397292399530967,0.032325978040720606,-0.17840213453584863,-0.5134236142387338,-0.0001591609220022576,-0.8134465056747965
48,60,0.0,0,0.0,2.5,1,1,100,200,-0.8402304143102223,-0.3072289809221057,-0.9011432927865407,-1.1317137996748612,1814,1372,442,0.05353906832960239,0.11477987421383648,0.08415947127171944,0.030620402942117046,-0.15176877675405753,-0.5333583936024306,-0.00016084743381868718,-0.8143863172991191
48,120,0.0025,0,-0.2,2.5,1,1,100,200,-0.8564875421385649,-0.3219488983547234,-0.8927662218341904,-0.9332064269017788,2124,1601,523,0.0843460185481292,0.1790054365206268,0.131675727534378,0.0473297089862488,-0.3294187608867106,-0.3808807794844472,-7.979642281878799e-05,-0.8149923306169076
30,96,0.0025,0,0.2,2.5,1,1,100,200,-0.8419932550475338,-0.30876558138943744,-0.879236092835994,-1.3445397731197055,1563,1170,393,0.038641935827736916,0.08346658138791174,0.061054258607824326,0.02241232278008741,-0.20175981087937445,-0.567458229981888,-0.0002821609859803761,-0.8156106164634198
30,96,0.0,0,0.0,2.5,1,1,100,200,-0.8383568398691671,-0.30561065270012455,-0.9123692888817383,-1.100037829158812,1892,1430,462,0.056044131755676366,0.1201097963969726,0.08807696407632448,0.032032832320648116,-0.04820797810142119,-0.5625175889139331,-0.00014076383484831425,-0.8167971885989342
30,200,0.0,0,-0.2,999.0,1,1,100,200,-0.8612557891760698,-0.3265188118723932,-0.8990097474162221,-0.848825921817255,2470,1843,627,0.10030913548662189,0.21127811533951604,0.15579362541306896,0.05548448992644708,-0.11855927378668962,-0.4586108143010208,-4.262162965828921e-05,-0.818464981671367
48,200,0.005,0,0.0,999.0,1,1,100,200,-0.8532304514916913,-0.31889662516879513,-0.9024086103762948,-0.9800437604135879,2166,1640,526,0.06627758234729773,0.1402036030273958,0.10324059268734677,0.036963010340049035,0.06915671244101085,-0.5944418440357505,-9.955965471552702e-05,-0.819103118377622
48,120,0.0,0,0.2,1.5,1,1,100,200,-0.8460650720276166,-0.3123679495713977,-0.8722926187686054,-1.4334577900258285,1530,1141,389,0.03693636072913335,0.08053512418718686,0.05873574245816011,0.021799381729026755,-0.33458896480394695,-0.5027605939212335,-0.00031113832651561243,-0.8201871484569918
20,96,0.0,0,0.0,2.5,1,1,100,200,-0.8430281347703096,-0.30967404500708795,-0.9066975342552996,-1.1471885525077072,1862,1403,459,0.05433855665707281,0.11691184308709093,0.08562519987208186,0.03128664321500906,-0.12070093045021735,-0.5469830167888674,-0.00015668371327568642,-0.8203822397601231
20,60,0.0,0,0.2,999.0,1,1,100,200,-0.8490226955506923,-0.3150326738127358,-0.8752079877539919,-1.3627405958831706,1530,1149,381,0.039068329602387805,0.08170770706747682,0.06038801833493231,0.021319688732544504,-0.2372743982873513,-0.5745370880348378,-0.0003070599558346583,-0.8207736974838904
48,60,0.0025,0,0.2,2.5,1,1,100,200,-0.8485857655742765,-0.3146364000567309,-0.8725017517094819,-1.4073704952579458,1491,1118,373,0.03680311267455495,0.07944249013964397,0.05812280140709945,0.021319688732544504,-0.31243168008576194,-0.53580725143729,-0.0003248261408026585,-0.8212558006743691
20,96,0.0,0,0.2,2.5,1,1,100,200,-0.8474556806494138,-0.3136156949341057,-0.8783966108501354,-1.3868229582804612,1581,1181,400,0.038801833493231,0.08410617204988807,0.06145400277155953,0.022652169278328537,-0.23047139233300484,-0.5629139821735702,-0.00028925794455362657,-0.8221551482731965
20,96,0.0025,0,-0.2,999.0,1,1,100,200,-0.8602171562039875,-0.32551279858940685,-0.8992769275577761,-0.9451839129429829,2013,1522,491,0.08391962477347831,0.17138364779874213,0.12765163628611023,0.04373201151263192,-0.4061553498901358,-0.3558192611137244,-9.578634514400461e-05,-0.8224104580154441
30,60,0.005,0,0.2,999.0,1,1,100,200,-0.8517697814565119,-0.3175453779141637,-0.8711977167399552,-1.4031398284000036,1442,1099,343,0.03837543971858011,0.0773371708773052,0.05785630529794265,0.01948086557936254,-0.23651485031765807,-0.6006618663286541,-0.00034780035149896166,-0.8233012277041415
12,96,0.0,0,0.0,999.0,1,1,100,200,-0.8466683968477341,-0.31290818032035383,-0.9094525109674454,-1.113553282660818,1915,1461,454,0.058868990512738514,0.1220285683829016,0.09044877944782007,0.031579788935081544,0.0047042638119698665,-0.6023194127638265,-0.0001458239824721941,-0.8233120999371174
20,120,0.0025,0,0.2,2.5,1,1,100,200,-0.8481910164725486,-0.3142791679465039,-0.8808987324308873,-1.3764837596366037,1601,1202,399,0.03928152648971325,0.08533205415200938,0.06230679032086132,0.023025263831148064,-0.2210996726898773,-0.5659345080606224,-0.0002825345758607426,-0.8235527221437778
20,120,0.0,0,0.0,2.5,1,1,100,200,-0.8440103410032966,-0.3105407114040538,-0.9139693019232451,-1.122148050191406,1938,1464,474,0.05716341541413495,0.1228813559322034,0.09002238567316917,0.03285897025903422,-0.05401677907858393,-0.5653407050051602,-0.00014013279959391761,-0.8236327648752466
48,60,0.0025,0,0.0,2.5,1,1,100,200,-0.8511622688655418,-0.3169865102478837,-0.8940090582264328,-1.2006143107785814,1754,1329,425,0.0515936467327577,0.11070248374373734,0.08114806523824752,0.02955441850548982,-0.24958297231551785,-0.5231499061254864,-0.00019241432493312353,-0.8240217549000292
30,120,0.005,0,0.0,2.5,1,1,100,200,-0.8515445187314297,-0.3173379391436163,-0.8980236069452957,-1.1765210469162521,1826,1387,439,0.05535124187186867,0.11621895320328324,0.08578509753757595,0.03043385566570728,-0.15470744574349882,-0.5622771517857459,-0.00017381180195478704,-0.8251757949620768
12,96,0.005,0,0.2,999.0,1,1,100,200,-0.8522554278421052,-0.3179934566642709,-0.8761268167370485,-1.3919744262076563,1510,1154,356,0.03984116831894254,0.08061507301993391,0.06022812066943822,0.020386952350495684,-0.21117386925788173,-0.6014300241544783,-0.0003225364736860756,-0.825655586343178
48,96,0.01,0,0.0,999.0,1,1,100,200,-0.8583445097224764,-0.32371397530790813,-0.8887303352679715,-1.1550324292121845,1714,1351,363,0.0588956401236542,0.11128877518388232,0.08509220765376825,0.02619656753011406,-0.25238453721392917,-0.5534823957240691,-0.00020187259940904355,-0.825830764402503
20,200,0.01,0,0.0,999.0,1,1,100,200,-0.8600475782045574,-0.32534911463943295,-0.8889082934373997,-1.1253686770194133,1845,1435,410,0.06113420744057137,0.11923035923675514,0.09018228333866325,0.02904807589809189,-0.17642096707630595,-0.5724253109150947,-0.00017353442643971734,-0.8260716952091035
30,96,0.0025,0,0.0,2.5,1,1,100,200,-0.8488771276884821,-0.31490054922417476,-0.9059049481639435,-1.1646853272252942,1830,1385,445,0.054072060547916,0.11600575631595779,0.0850389084319369,0.030966847884020893,-0.15579092309507958,-0.5529470027216051,-0.00016962261678676882,-0.8260872896674112
30,200,0.01,0,0.2,999.0,1,1,100,200,-0.856849724379476,-0.3222917183228936,-0.8792614509828445,-1.3055485325099236,1619,1250,369,0.04383860995629464,0.08690438119603454,0.06537149557616459,0.02153288561986995,-0.27158829749577684,-0.5583638890345586,-0.0002841665034377883,-0.827199870439812
20,200,0.005,0,-0.2,999.0,1,1,100,200,-0.8661774016732803,-0.3313694156737709,-0.9010911063839915,-0.9084249634972569,2228,1691,537,0.09447287069608784,0.19131755676367124,0.14289521372987954,0.048422343033791705,-0.23815576861399967,-0.4647110002161713,-7.223640565626343e-05,-0.8273362170406294
20,200,0.0025,0,0.0,1.5,1,1,100,200,-0.8528212556304691,-0.31851700265886884,-0.8933090951843384,-1.2506935763607216,1845,1373,472,0.05084745762711865,0.11331414561347404,0.08208080162029634,0.0312333439931777,-0.19949387256198214,-0.5373875834771722,-0.0001827595936730567,-0.8277062290690742
30,200,0.0025,0,0.2,1.5,1,1,100,200,-0.8513289927404833,-0.31713970223132026,-0.8795812871275673,-1.442889420832697,1608,1188,420,0.03685641189638631,0.08328003411150198,0.06006822300394414,0.02321181110755783,-0.2706183493157226,-0.544454735757701,-0.000298324196105277,-0.8290748168367388
30,120,0.01,0,0.2,999.0,1,1,100,200,-0.85671977554471,-0.3221686368353285,-0.8788217249509012,-1.3631292923475553,1479,1153,326,0.041600042639377464,0.08013538002345166,0.06086771133141456,0.019267668692037096,-0.3482867246169695,-0.5393503220606435,-0.00033586720681092093,-0.8297359639281568
20,200,0.01,0,0.2,999.0,1,1,100,200,-0.8582698216943778,-0.32364262698114044,-0.8795634603249448,-1.3303598740443796,1591,1232,359,0.043332267348896704,0.08533205415200938,0.06433216075045305,0.02099989340155634,-0.2867265146420458,-0.5596744231181369,-0.00029823255525642076,-0.8299423508458318
30,200,0.005,0,0.2,2.5,1,1,100,200,-0.855591990697799,-0.3211041846164504,-0.8831032815726989,-1.3503060753952993,1752,1312,440,0.04261272785417333,0.09271399637565292,0.06766336211491313,0.025050634260739793,-0.15678006377715048,-0.5886727106807055,-0.0002484569102080589,-0.8301711291725649
12,200,0.0025,0,0.0,1.5,1,1,100,200,-0.8554473056521256,-0.3209681063084687,-0.8903940307186273,-1.2835875986199479,1809,1349,460,0.04991472124506982,0.11110222790747255,0.08050847457627118,0.030593753331201363,-0.25715916555405094,-0.5191074840422931,-0.00019630155499162654,-0.8303445015987798
48,120,0.0025,0,0.2,1.5,1,1,100,200,-0.8523957838759586,-0.3181231747451493,-0.8775175861426754,-1.4825678642056488,1484,1104,380,0.03520413601961411,0.07779021426287176,0.05649717514124294,0.021293039121628825,-0.36469184748884687,-0.5119757211315149,-0.0003452639299036259,-0.8310103610267694
30,120,0.0,0,0.2,2.5,1,1,100,200,-0.8560120192171353,-0.321499846093227,-0.8810198268824333,-1.3872724438010735,1684,1261,423,0.04186653874853427,0.09031553139324165,0.06609103507088797,0.024224496322353694,-0.2190358837830093,-0.5719814757330917,-0.0002682956851429794,-0.8313733817244974
20,200,0.005,0,0.2,2.5,1,1,100,200,-0.8566204479629522,-0.32207461856645103,-0.8812361799321299,-1.379626525823091,1710,1283,427,0.04207973563585972,0.09047542905873575,0.06627758234729773,0.024197846711438015,-0.1584495994506534,-0.5992977956660774,-0.00026449505201244357,-0.8316740348236704
48,96,0.005,0,0.0,2.5,1,1,100,200,-0.8562338151601574,-0.3217091476088223,-0.900938021499415,-1.1957642403285251,1820,1384,436,0.055404541093700035,0.1155793625413069,0.08549195181750346,0.030087410723803432,-0.18357265895880504,-0.5624315292001816,-0.0001826208858200599,-0.8319663703749561
12,120,0.0025,0,0.0,2.5,1,1,100,200,-0.8543517703391068,-0.3199412602373204,-0.9031513719760251,-1.2194930475252028,1848,1396,452,0.05359236755143375,0.11536616565398145,0.0844792666027076,0.030886899051273852,-0.1719675534204651,-0.5567524824891301,-0.000179018697900479,-0.832491598601593
30,200,0.005,0,0.0,2.5,1,1,100,200,-0.8563498444324342,-0.32181874352208095,-0.9082638843693811,-1.1387517803318503,2034,1527,507,0.05953523078563053,0.12871762072273746,0.09412642575418399,0.03459119496855346,-0.07705892638093326,-0.5695526176380835,-0.00013809912003956562,-0.832888274723364
20,200,0.0,0,-0.2,999.0,1,1,100,200,-0.8698588110148902,-0.33509187340093605,-0.9060807040944725,-0.896021015402785,2409,1799,610,0.09868350922076538,0.20645453576377784,0.1525690224922716,0.05388551327150624,-0.18375687778281913,-0.4680953839440285,-5.679645661722796e-05,-0.8329332762183116
30,120,0.0025,0,-0.2,999.0,1,1,100,200,-0.869196637492412,-0.33441615758216237,-0.9046517956926923,-0.9425511347373288,2138,1621,517,0.08943609423302419,0.18308282699072592,0.13625946061187508,0.046823366378850866,-0.3778048430725861,-0.3875520474435251,-8.709968040937512e-05,-0.8338696121653749
12,200,0.0,0,-0.2,999.0,1,1,100,200,-0.8702854017660215,-0.33552864636012103,-0.9057210627204331,-0.9125328203469799,2367,1768,599,0.0966048395693423,0.2024037949045944,0.14950431723696833,0.05289947766762605,-0.26497817022070813,-0.42349287867118035,-6.22656821262956e-05,-0.8340158187376866
20,96,0.0025,0,0.0,2.5,1,1,100,200,-0.8564257533173653,-0.3218904818831896,-0.902743045362955,-1.2303185656059223,1798,1358,440,0.052339835838396756,0.11262125572966634,0.08248054578403155,0.030140709945634794,-0.22188586647032538,-0.5465163621488377,-0.00019271928799222365,-0.8347779328449632
20,200,0.0025,0,0.2,1.5,1,1,100,200,-0.8530229142888333,-0.3187039814174031,-0.8840382954312036,-1.4811086293331996,1565,1160,405,0.03624347084532566,0.08106811640550048,0.058655793625413066,0.02241232278008741,-0.28561615343349056,-0.5499731506486574,-0.0003190879451357426,-0.8347785605996648
20,120,0.0025,0,0.0,2.5,1,1,100,200,-0.855172096768497,-0.32070956891880376,-0.908970386380569,-1.1928265478566324,1870,1414,456,0.05492484809721778,0.11845752052020041,0.08669118430870909,0.03176633621149131,-0.16928407519295918,-0.5558122287813367,-0.00017105922988601142,-0.8348360895019198
48,96,0.0,0,-0.2,999.0,1,1,100,200,-0.8703860141512308,-0.3356318276542031,-0.9062152172060277,-0.9327997954689765,2197,1667,530,0.09279394520839995,0.18851934761752479,0.14065664641296238,0.047862701204562416,-0.3454273468322522,-0.405864086164454,-8.055948567260101e-05,-0.8353794260306657
30,120,0.01,0,0.0,999.0,1,1,100,200,-0.8644032910099727,-0.3296047016192505,-0.8942472115109609,-1.1870487604811761,1717,1351,366,0.05870909284724443,0.11168851934761752,0.08519880609743098,0.026489713250186547,-0.2825717318959067,-0.5539272243065712,-0.00021140910218652887,-0.8360807453987896
12,200,0.01,0,0.0,999.0,1,1,100,200,-0.8672711413258992,-0.3324667079405844,-0.8922054331129413,-1.1849422538611987,1818,1417,401,0.06036136872401663,0.11733823686174182,0.08884980279287923,0.028488434068862596,-0.2511384823048739,-0.5600166353089976,-0.0001933591249377591,-0.8378165371901151
12,120,0.0025,0,0.2,2.5,1,1,100,200,-0.8591164719368409,-0.3244531872871904,-0.8822562597824181,-1.4657920638509068,1567,1173,394,0.038055644387591944,0.0828269907259354,0.06044131755676367,0.02238567316917173,-0.2626250553531674,-0.5816626271965701,-0.0003224593413124146,-0.8388709203709447
48,120,0.005,0,0.2,2.5,1,1,100,200,-0.861671099398504,-0.32692276512383867,-0.8826077779285108,-1.4145717177983825,1636,1230,406,0.04082720392282273,0.08730412535976975,0.06406566464129623,0.02323846071847351,-0.2863000840995368,-0.5607224497403578,-0.00029678869451254907,-0.8389552399780131
12,200,0.005,0,0.2,2.5,1,1,100,200,-0.8608034149622534,-0.32607990717952906,-0.8831104745816489,-1.4311895374850951,1677,1262,415,0.0412802473083893,0.08866325551646946,0.06497175141242938,0.02369150410404008,-0.2315867214001307,-0.5809356545940363,-0.00028561459366497146,-0.8391946213446083
48,120,0.0,0,0.0,1.5,1,1,100,200,-0.8620374686274446,-0.32727992184738786,-0.8948546442070768,-1.2901334353393326,1797,1350,447,0.05122055217993817,0.11208826351135273,0.08165440784564545,0.03043385566570728,-0.3144121763972769,-0.5056787999325696,-0.00020531590105456472,-0.8392139157178929
12,60,0.0025,0,0.2,999.0,1,1,100,200,-0.860821989151667,-0.326097905841807,-0.8825734469878685,-1.4642642672696562,1441,1089,352,0.03621682123440998,0.07683082826990725,0.05652382475215862,0.02030700351774864,-0.32301444565097703,-0.5773521626494511,-0.0003728354621845234,-0.8405978426992241
20,200,0.005,0,0.0,2.5,1,1,100,200,-0.8634949930576532,-0.3287083525887088,-0.9072007431718678,-1.1914565587160661,1990,1499,491,0.0588956401236542,0.1257328643001812,0.0923142522119177,0.03341861208826351,-0.08004433173919645,-0.5985672893009087,-0.0001581247699531426,-0.841881552110446
48,120,0.0025,0,0.0,1.5,1,1,100,200,-0.8639970320451028,-0.32920319532034426,-0.8963251360620104,-1.3177657671335954,1740,1303,437,0.04890203603027396,0.10838396759407312,0.07864300181217354,0.029740965781899584,-0.352707539590701,-0.498375745470619,-0.00022397044938439614,-0.8432540517080293
12,200,0.01,0,0.2,999.0,1,1,100,200,-0.8658818898399439,-0.3310741752592683,-0.8844597145105574,-1.399384287309272,1565,1215,350,0.04263937746508901,0.08383967594073126,0.06323952670291014,0.02060014923782113,-0.35890130270742426,-0.5424032301961121,-0.00032726250111881543,-0.8432732468800106
20,96,0.0025,0,0.2,2.5,1,1,100,200,-0.8605732902002319,-0.32585707209241455,-0.8872065892487274,-1.4791076019442777,1527,1143,384,0.0372828056710372,0.08093486835092208,0.05910883701097964,0.021826031339942438,-0.3068173826072482,-0.5683168710003703,-0.00034032374492346256,-0.8434157468139922
20,200,0.0,0,0.2,2.5,1,1,100,200,-0.8645708283679844,-0.329770559280293,-0.8896214646138443,-1.3877401182625908,1844,1369,475,0.04431830295277689,0.09793732011512632,0.0711278115339516,0.026809508581174715,-0.14430708044579887,-0.6019717160441882,-0.00023938282308227945,-0.8439682975003446
48,120,0.01,0,0.2,999.0,1,1,100,200,-0.8665061704301299,-0.3316984959124021,-0.8862010901345914,-1.3846236572618729,1530,1186,344,0.0422396333013538,0.082693742671357,0.0624666879863554,0.0202270546850016,-0.37091833898473214,-0.5438869141422836,-0.0003375406054737295,-0.8440302238427914
30,200,0.0025,0,-0.2,999.0,1,1,100,200,-0.8779728059686183,-0.3436036127583928,-0.9095543910940057,-0.9306512189732248,2387,1789,598,0.09721778062040294,0.20429591727960772,0.15075684895000532,0.05353906832960239,-0.2683486162054969,-0.44968352248790056,-6.719175062956319e-05,-0.8449133692540568
12,200,0.0025,0,0.2,1.5,1,1,100,200,-0.8603201812748433,-0.32561232037775656,-0.8845873606944739,-1.5468973574272882,1536,1141,395,0.03547063212877092,0.0793891909178126,0.05742991152329176,0.02195927939452084,-0.35618454448878134,-0.5322714940768221,-0.0003491600688842543,-0.8452508685963579
30,96,0.005,0,0.2,999.0,1,1,100,200,-0.8650496495362447,-0.33024548636245565,-0.889864936777976,-1.4023015532759802,1588,1206,382,0.04178658991578723,0.08581174714849163,0.06379916853213943,0.0220125786163522,-0.2544644292834416,-0.5994823102679105,-0.00031480035775968777,-0.8452930324152427
48,96,0.0,0,0.2,2.5,1,1,100,200,-0.8648213594210701,-0.3300188850229028,-0.8875186910985771,-1.4397745387399974,1677,1259,418,0.042053086024944036,0.089702590342181,0.06587783818356252,0.023824752158618484,-0.27134637525050265,-0.5708254727817133,-0.00029007369821690856,-0.8457669575091912
12,96,0.0,0,0.2,999.0,1,1,100,200,-0.8657753483511632,-0.3309678592361017,-0.8877981479833237,-1.4243763101544014,1629,1225,404,0.04183988913761859,0.08741072380343247,0.06462530647052553,0.02278541733290694,-0.23148458966780772,-0.6055417684882958,-0.00030566559990067405,-0.8460857487354836
12,200,0.005,0,0.0,2.5,1,1,100,200,-0.8671390827321211,-0.33233383735399435,-0.9049732299003401,-1.236000782609192,1952,1474,478,0.05796290374160537,0.12336104892868564,0.09066197633514551,0.032699072593540136,-0.1529751896651843,-0.583630860924937,-0.0001728917659766141,-0.846620491434624
48,96,0.0025,0,-0.2,999.0,1,1,100,200,-0.8778034057004895,-0.3434213449282868,-0.9107344267777152,-0.9760878886139986,2131,1622,509,0.08988913761859077,0.18268308282699072,0.13628611022279075,0.046396972604199976,-0.40970632453134626,-0.39903737103800185,-9.734661633114901e-05,-0.8475929527478443
30,120,0.0,0,0.0,2.5,1,1,100,200,-0.8662207071487731,-0.3314127251728616,-0.9106738650675205,-1.2175743795786995,1961,1481,480,0.0582027502398465,0.12488007675087943,0.09154141349536296,0.03333866325551647,-0.15653199943680707,-0.5770855576154954,-0.00016746406173128364,-0.8476283766855567
12,96,0.0025,0,0.0,999.0,1,1,100,200,-0.8667468382725709,-0.3319398029702828,-0.9088944936800022,-1.2307210140674982,1847,1413,434,0.05665707280673702,0.1173648864726575,0.08701097963969726,0.03035390683296024,-0.17268789314407673,-0.5943239230020098,-0.00019269691569673362,-0.8479231005136587
30,200,0.0,0,0.2,2.5,1,1,100,200,-0.8671256387504488,-0.3323203166341747,-0.8936066097366232,-1.378215071584456,1893,1403,490,0.04506449205841595,0.1004423835412003,0.07275343779980813,0.027688945741392176,-0.15697923499137922,-0.5937761255987795,-0.00023045913546654583,-0.8480343750817092
20,60,0.0025,0,0.2,999.0,1,1,100,200,-0.8661508389536279,-0.33134285603269953,-0.887694195738054,-1.4777859418899992,1474,1111,363,0.03744270333653129,0.07848310414667946,0.05796290374160537,0.020520200405074084,-0.34073314494061846,-0.5756643792126624,-0.00037137799165273995,-0.8490792509962265
20,120,0.005,0,0.2,999.0,1,1,100,200,-0.8680920448700178,-0.333295039012114,-0.8912484211731435,-1.4190893297153175,1624,1239,385,0.042532779021426284,0.08762392069075792,0.06507834985609211,0.022545570834665813,-0.266296626977507,-0.5949713143276891,-0.0003096929229818003,-0.8498737160844516
30,96,0.005,0,0.0,999.0,1,1,100,200,-0.8697694653793031,-0.3350005402669436,-0.9108222588843627,-1.2067650785626887,1841,1413,428,0.05862914401449739,0.11917706001492379,0.08890310201471059,0.030273958000213198,-0.1757380324429243,-0.6032512127390952,-0.0001927300718864648,-0.8507499236372594
30,60,0.0,0,0.2,999.0,1,1,100,200,-0.8700782524991797,-0.33531640942378305,-0.8874434837317347,-1.4642528495862297,1557,1169,388,0.0403208613154248,0.08386632555164694,0.06209359343353587,0.021772732118111076,-0.2916445946660978,-0.6004110702272463,-0.0003413518470618822,-0.8522507937689618
12,120,0.005,0,0.0,999.0,1,1,100,200,-0.8721557482836564,-0.3374573069329576,-0.9055283882738229,-1.2466210397344657,1852,1423,429,0.05828269907259354,0.11824432363287496,0.08826351135273425,0.02998081228014071,-0.1896479671299176,-0.6016500724241589,-0.00019914406743904464,-0.8525525530565923
12,200,0.0,0,0.2,2.5,1,1,100,200,-0.8711345042489989,-0.33640144651016834,-0.8921088952474211,-1.4453974301265906,1809,1343,466,0.04330561773798103,0.09596524890736595,0.0696354333226735,0.026329815584692464,-0.23210685058924818,-0.5852814588280408,-0.0002641632309205903,-0.8547257656402084
30,120,0.0025,0,0.2,2.5,1,1,100,200,-0.8694164105202001,-0.33464012128168963,-0.8920722545727926,-1.4837126931433788,1629,1221,408,0.040240912482677756,0.0870909284724443,0.06366592047756103,0.023425007994883274,-0.3023005094887212,-0.5772909804466091,-0.000317745626698407,-0.8548618832252549
20,120,0.005,0,0.0,999.0,1,1,100,200,-0.8731873301972688,-0.3385307271751211,-0.912621447092707,-1.2226397696580977,1881,1446,435,0.059668478840208934,0.12160217460825072,0.09063532672422983,0.030966847884020893,-0.182112774686632,-0.602785285027009,-0.00019018252724468135,-0.8559734392043795
48,96,0.0025,0,0.2,2.5,1,1,100,200,-0.8704314305032819,-0.33567842459706854,-0.892162925299056,-1.487710549935583,1621,1218,403,0.040427459759087514,0.08647798742138364,0.06345272359023559,0.023025263831148064,-0.3123451933296303,-0.5761493175360726,-0.0003234909122060708,-0.8561454147433757
48,120,0.01,0,0.0,999.0,1,1,100,200,-0.8780087379211194,-0.34364230009924335,-0.9030899194778745,-1.2284408332395538,1775,1384,391,0.05926873467647372,0.1154461144867285,0.0873574245816011,0.028088689905127386,-0.32636881319367317,-0.5600135692321588,-0.00021993941286319507,-0.8566093015001583
30,200,0.0,0,0.0,2.5,1,1,100,200,-0.8718782192292818,-0.3371697050312773,-0.9210786189445969,-1.183340430783928,2207,1643,564,0.06291973137192197,0.1394041146999254,0.10116192303592368,0.0382421916640017,-0.05773696436670894,-0.5899709531239414,-0.00013074338435268881,-0.8568760360427721
20,96,0.005,0,0.0,999.0,1,1,100,200,-0.8758557789914544,-0.3413401636994675,-0.9066584151399699,-1.2671181498373056,1810,1391,419,0.05708346658138791,0.11576590981771666,0.08642468819955229,0.029341221618164375,-0.2430957338987949,-0.5944724604647205,-0.00021501257599913797,-0.8580252787613177
20,200,0.0,0,0.0,2.5,1,1,100,200,-0.8735279981651348,-0.3388867458505834,-0.9181958681931383,-1.2101161745994453,2154,1608,546,0.06188039654621043,0.13601961411363395,0.09895000532992218,0.03706960878371176,-0.05237830455627501,-0.6080672747133316,-0.00014293309151381945,-0.8584904886771249
12,200,0.0025,0,-0.2,999.0,1,1,100,200,-0.8857064543231158,-0.352148747030228,-0.9139644105430557,-0.9975581536437507,2286,1717,569,0.09359343353587038,0.19518175034644494,0.14438759194115766,0.05079415840528728,-0.38105375569153543,-0.42071603423057025,-8.849952311914606e-05,-0.8590088599839434
30,120,0.0025,0,0.0,2.5,1,1,100,200,-0.876297031054123,-0.3418093734259522,-0.9066798730620537,-1.2914242089942438,1895,1432,463,0.05601748214476069,0.12056283978253918,0.08829016096364993,0.03227267881888925,-0.2615414518796202,-0.5678336676645979,-0.00019936728889374206,-0.8597205204066912
48,200,0.0,0,0.2,999.0,1,1,100,200,-0.8811055436873453,-0.34701135261441307,-0.8979595893643695,-1.2747640368706814,2040,1517,523,0.050154567743310945,0.11016949152542373,0.08016202963436733,0.03000746189105639,-0.18099421507162994,-0.5973146875118931,-0.00020755331796521888,-0.8597293491401319
48,60,0.005,0,0.0,999.0,1,1,100,200,-0.8771867187979405,-0.34275951720533204,-0.9068248333030977,-1.2726483514863076,1763,1355,408,0.055964182922929324,0.11358064172263085,0.08477241232278009,0.02880822939985076,-0.28458182642258256,-0.5854168073107131,-0.0002270567594288328,-0.8598043514311963
48,120,0.005,0,0.0,2.5,1,1,100,200,-0.8786555175187922,-0.3443402405264234,-0.9042845320043094,-1.2813951405664998,1895,1430,465,0.05657712397398998,0.12085598550261166,0.08871655473830083,0.03213943076431084,-0.2891719467849835,-0.5595948345851339,-0.00020156578999112749,-0.8605522635569031
20,200,0.0025,0,-0.2,999.0,1,1,100,200,-0.8870073313976173,-0.35363127594505195,-0.9167148446665213,-0.9866645462314125,2329,1749,580,0.0957520520200405,0.19941903848203815,0.14758554525103934,0.051833493230998826,-0.32293849862429,-0.46508528376919844,-8.403165669389965e-05,-0.8613219255898833
48,60,0.005,0,0.2,999.0,1,1,100,200,-0.8747691167214623,-0.3401903126560929,-0.8936174163554523,-1.4901072291439208,1511,1149,362,0.0397612194861955,0.08149451018015137,0.06062786483317344,0.020866645346977936,-0.3668045926762371,-0.578919409425309,-0.0003706081174012213,-0.8615043822910151
48,120,0.005,0,-0.2,999.0,1,1,100,200,-0.8865519435960045,-0.35311075292831795,-0.9157865903100695,-1.0102849517462937,2123,1616,507,0.09058202750239847,0.18358916959812388,0.13708559855026117,0.0465035710478627,-0.41535715988665967,-0.438919330688189,-0.00010762919919090377,-0.8615182956706674
12,200,0.0,0,0.0,2.5,1,1,100,200,-0.8793521917180679,-0.34509535895762233,-0.9176345165031241,-1.2608043657669337,2114,1580,534,0.060761112887751836,0.1336211491312227,0.09719113100948726,0.03643001812173542,-0.15483031143721682,-0.5890967353319614,-0.0001601169819831146,-0.8669528354975311
48,96,0.0,0,0.0,2.5,1,1,100,200,-0.881979286721651,-0.3479745943498692,-0.9124668660283752,-1.302767140120409,1953,1477,476,0.05828269907259354,0.12426713569981879,0.09127491738620616,0.03299221831361262,-0.25633816787374075,-0.57851962101264,-0.0001959327341622143,-0.8693463843700773
12,120,0.005,0,0.2,999.0,1,1,100,200,-0.8789952749010453,-0.3447080658415681,-0.8979566754381836,-1.5138929200726072,1585,1206,379,0.04125359769747362,0.08490566037735849,0.06307962903741605,0.021826031339942438,-0.3148096037176049,-0.6098285277745419,-0.0003546559238338979,-0.8693810495642903
30,200,0.0025,0,0.0,2.5,1,1,100,200,-0.8826984875581624,-0.34877175314319886,-0.9167929549683574,-1.262154380287173,2128,1585,543,0.06062786483317344,0.1344472870696088,0.0975375759513911,0.036909711118217677,-0.18246203905254732,-0.5840888399229498,-0.00016219821997736814,-0.8702759496417362
20,96,0.005,0,0.2,999.0,1,1,100,200,-0.8792106391600037,-0.3449416497011921,-0.900366282867085,-1.5197244319039693,1549,1179,370,0.04048075898091888,0.08317343566783925,0.06182709732437906,0.021346338343460187,-0.3493037856844997,-0.5971943091250164,-0.0003686828156601275,-0.8711110127299331
48,200,0.0,0,0.0,999.0,1,1,100,200,-0.890091190060225,-0.35720108403380946,-0.9185474946339944,-1.1292733888006428,2367,1771,596,0.07011512631915574,0.15294211704509114,0.11152862168212344,0.0414134953629677,-0.0834605404922163,-0.6082604705834482,-0.00012217197762921594,-0.8729385007908388
20,200,0.0025,0,0.2,2.5,1,1,100,200,-0.881212739191253,-0.347129222973232,-0.9016741675120098,-1.5105604511998143,1782,1326,456,0.04274597590875173,0.09428632341967808,0.0685161496642149,0.02577017375546317,-0.2494213479324645,-0.6141426170191306,-0.0002957908629093547,-0.8734943292892275
48,96,0.0025,0,0.0,2.5,1,1,100,200,-0.8844904931061549,-0.35077514591067427,-0.9125037196405511,-1.3344304923187351,1888,1429,459,0.05617737981025477,0.12002984756422556,0.08810361368724016,0.0319262338769854,-0.31052508086250086,-0.5692991033569479,-0.00021592859513210074,-0.8737485303468866
48,200,0.0025,0,0.2,999.0,1,1,100,200,-0.8884430487856213,-0.3552834074574187,-0.9042357577383154,-1.3301618561520385,1971,1469,502,0.04852894147745443,0.10630529794265003,0.07741711971005223,0.028888178232597803,-0.2316031972718996,-0.6109411179417741,-0.00024062965011270002,-0.8739093791341784
30,200,0.0025,0,0.2,2.5,1,1,100,200,-0.882776301198747,-0.3488582355878218,-0.9013212456077053,-1.4940721012908011,1829,1358,471,0.04343886579255943,0.09679138684575206,0.07011512631915574,0.026676260526596312,-0.2566075576738114,-0.60639654083309,-0.0002837279705818011,-0.8742224634562146
48,200,0.0025,0,0.0,999.0,1,1,100,200,-0.8923288831846202,-0.3598418861961882,-0.9166943113904986,-1.1553076490797158,2281,1709,572,0.06774331094766016,0.1476388444728707,0.10769107771026543,0.039947766762605266,-0.1531031564499118,-0.6021627633287581,-0.00013906752699006513,-0.8759544243454233
30,60,0.0025,0,0.2,999.0,1,1,100,200,-0.8826626921840863,-0.34873198540570116,-0.8981118310373315,-1.5638822261183618,1503,1131,372,0.038801833493231,0.08069502185268095,0.059748427672955975,0.020946594179724977,-0.36950966591096757,-0.6053504516668939,-0.0003985795430455819,-0.875982012230285
20,200,0.0025,0,0.0,2.5,1,1,100,200,-0.8865552713387277,-0.3531145505794421,-0.9155626381709149,-1.3049239234114218,2079,1554,525,0.05972177806204029,0.13103613687240168,0.09537895746722098,0.035657179405180685,-0.17838517322050962,-0.6094487189665317,-0.00017949128988506522,-0.8761420658354706
30,96,0.0,0,0.2,999.0,1,1,100,200,-0.8837459956796394,-0.3499398288300959,-0.9049026646267221,-1.477164914768058,1703,1279,424,0.04381196034537896,0.0923142522119177,0.06806310627864832,0.024251145933269373,-0.32411449565890704,-0.5968849418927482,-0.00031647150767069083,-0.8762494068818598
12,120,0.0,0,0.0,999.0,1,1,100,200,-0.8865325846095906,-0.35308866203864864,-0.9188265292044623,-1.288308530131173,2003,1520,483,0.060921010553245926,0.1279714316170984,0.09444622108517216,0.03352521053192623,-0.2074625888631152,-0.6101423264175909,-0.0001905496663931915,-0.8769173531474383
20,120,0.0,0,0.2,999.0,1,1,100,200,-0.8848346862249761,-0.3511627828156567,-0.9044160608289038,-1.481839693979775,1747,1316,431,0.04466474789468074,0.09444622108517216,0.06955548448992645,0.02489073659524571,-0.3179192710577071,-0.5954827777216221,-0.00030562201924004393,-0.8774627979290974
48,96,0.005,0,0.2,999.0,1,1,100,200,-0.8851795440269161,-0.3515520987641244,-0.9035928424749461,-1.5063193872708778,1645,1253,392,0.04351881462530647,0.08871655473830083,0.06611768468180365,0.022598870056497175,-0.33821757372506134,-0.6049968309500577,-0.00034306926340997357,-0.8786644893651414
12,96,0.0025,0,0.2,999.0,1,1,100,200,-0.8835420561437445,-0.34971175789702624,-0.902425641062736,-1.5564731686948972,1573,1187,386,0.04018761326084639,0.08405287282805671,0.06212024304445155,0.02193262978360516,-0.3509919716618366,-0.6059266365995228,-0.0003731018282842055,-0.8787482368631392
30,96,0.0,0,0.0,999.0,1,1,100,200,-0.8884603612061092,-0.3553034330010407,-0.9254595181012785,-1.2756522894385574,1979,1506,473,0.06129410510606545,0.12818462850442383,0.09473936680524464,0.03344526169917919,-0.23494034497624494,-0.6077384024670075,-0.00019467308706822397,-0.8818158065236078
20,120,0.0,0,0.0,999.0,1,1,100,200,-0.8905964793090035,-0.35779361359314976,-0.9264768483400654,-1.285208223981469,2027,1542,485,0.06249333759727108,0.13103613687240168,0.09676473723483638,0.03427139963756529,-0.22636757371430682,-0.6102697042974432,-0.0001892761726232691,-0.8852924489622559
48,120,0.0,0,0.2,2.5,1,1,100,200,-0.8885446497660701,-0.3554009664106078,-0.9051939270820992,-1.550888714296322,1753,1310,443,0.04335891695981239,0.09399317769960558,0.06867604732970899,0.0253171303698966,-0.38042783273655945,-0.5677218034936448,-0.00031833210504070037,-0.8855423656664735
20,96,0.0,0,0.0,999.0,1,1,100,200,-0.8923642004552093,-0.3598839162072426,-0.9205247969314472,-1.3264298297923236,1949,1479,470,0.05950858117471485,0.12485342713996375,0.0921810041573393,0.032672422982624454,-0.297916722600292,-0.5936559309708792,-0.00021249905832372237,-0.8864678061625824
12,120,0.0,0,0.2,999.0,1,1,100,200,-0.8905234676826245,-0.35770786108749963,-0.9079620698893786,-1.5465628369957507,1709,1280,429,0.043278968127065345,0.09183455921543546,0.0675567636712504,0.024277795544185056,-0.33239770485366316,-0.6145210623440455,-0.00033618420193756097,-0.8890170378819764
48,120,0.0025,0,0.2,2.5,1,1,100,200,-0.8906072163050256,-0.3578062281069604,-0.9069277832303897,-1.5787351946598516,1695,1267,428,0.041679991472124506,0.09071527555697687,0.06619763351455069,0.02451764204242618,-0.4018597693686683,-0.5730841487936116,-0.00034464531128460126,-0.8902068794551479
12,200,0.0025,0,0.0,2.5,1,1,100,200,-0.8947721795523984,-0.36277594736701757,-0.917853953732179,-1.3781787511319215,2036,1524,512,0.058575844792666025,0.128504423835412,0.09354013431403901,0.03496428952137299,-0.28830794832434103,-0.5906820344240727,-0.00020442637865196087,-0.8906118617897032
30,120,0.005,0,0.2,999.0,1,1,100,200,-0.8914305138095863,-0.35877645366511957,-0.9094738893289059,-1.550435981652307,1654,1258,396,0.04343886579255943,0.08938279501119284,0.06641083040187613,0.022971964609316706,-0.36816921165362415,-0.6070309430401668,-0.00035593679152852534,-0.891035197412188
12,200,0.0025,0,0.2,2.5,1,1,100,200,-0.8902447519291872,-0.35738092812913547,-0.9078971359050118,-1.5943895653092248,1746,1301,445,0.04178658991578723,0.0923142522119177,0.06705042106385246,0.025263831148065238,-0.349982633841983,-0.5956716112250009,-0.0003314251536660011,-0.8910489743471025
48,60,0.0,0,0.0,999.0,1,1,100,200,-0.8955258700746951,-0.3636920193659873,-0.9205539250989705,-1.344851060718877,1898,1444,454,0.058522545570834666,0.12248161176846818,0.09050207866965142,0.03197953309881676,-0.34119293618678914,-0.5902687865182648,-0.00022853931479483635,-0.8912115349514164
30,120,0.005,0,0.0,999.0,1,1,100,200,-0.8962433755625189,-0.3645690349927033,-0.920830074974544,-1.3424466619080366,1908,1463,445,0.060681164055004795,0.12373414348150517,0.09220765376825499,0.031526489713250186,-0.300310002127654,-0.6149379505075157,-0.0002261694303745288,-0.8921064055753771
48,60,0.0,0,0.2,999.0,1,1,100,200,-0.8923092171719287,-0.3598184870513361,-0.9083048295132932,-1.564323377361334,1623,1218,405,0.04173329069395587,0.08794371602174608,0.06483850335785098,0.023105212663895106,-0.427603555757894,-0.5763573113187843,-0.0003694072585601172,-0.8921870706760494
30,96,0.0025,0,0.0,999.0,1,1,100,200,-0.8961293967741001,-0.36442939390720086,-0.922183098371752,-1.3411103176370829,1915,1459,456,0.05921543545464236,0.12397398997974629,0.09159471271719433,0.032379277262551964,-0.3247580624186043,-0.5991570896324856,-0.00022469487420878658,-0.892576458974931
30,200,0.005,0,0.0,999.0,1,1,100,200,-0.8981987804587639,-0.3669840224632872,-0.9238512290493714,-1.2889619555107115,2119,1606,513,0.06515829868883914,0.13652595672103188,0.1008421277049355,0.03568382901609637,-0.2241969481136996,-0.6213381322744549,-0.0001839153951952871,-0.8933577347635085
48,96,0.005,0,0.0,999.0,1,1,100,200,-0.8975313604854712,-0.3661555987858288,-0.9214923400707564,-1.3469996828733828,1900,1458,442,0.060681164055004795,0.12304125359769748,0.09186120882635114,0.031180044771346338,-0.31151198514721645,-0.6150737553526132,-0.0002307555121908826,-0.8942517529648761
30,96,0.0025,0,0.2,999.0,1,1,100,200,-0.8929425789937453,-0.36057380143365036,-0.9124062031197697,-1.556880582800396,1649,1240,409,0.04226628291226948,0.08916959812386739,0.06571794051806844,0.023451657605798957,-0.3865570840346966,-0.6018855228951152,-0.00036143552202547635,-0.894620932133555
48,120,0.0,0,-0.2,999.0,1,1,100,200,-0.9061588867397917,-0.37721540394648234,-0.9304686825008466,-1.0875355721607496,2279,1720,559,0.09551220552179938,0.1970472231105426,0.14627971431617098,0.0507675087943716,-0.47604010104746,-0.4401168148845459,-0.00011344847329548759,-0.8968265238049431
20,120,0.0025,0,0.0,999.0,1,1,100,200,-0.8989251627569836,-0.3678905837457913,-0.9245101495104422,-1.3569529884823506,1958,1491,467,0.06014817183669118,0.12650570301673594,0.09332693742671357,0.033178765590022384,-0.3243187247278271,-0.6017261486917815,-0.00022126295292059124,-0.8979933079251299
20,120,0.0025,0,0.2,999.0,1,1,100,200,-0.8954939044116735,-0.363653059581702,-0.9138992309650811,-1.5741425866695269,1689,1274,415,0.04295917279607718,0.0910883701097964,0.06702377145293678,0.02406459865685961,-0.39122073070653995,-0.6004830785579759,-0.0003549567450051334,-0.8993098043977189
12,120,0.0025,0,0.0,999.0,1,1,100,200,-0.9002562518660329,-0.36956546180978245,-0.9224603524956733,-1.3974798261923342,1931,1468,463,0.05860249440358171,0.1231478520413602,0.09087517322247095,0.03227267881888925,-0.34101411030498796,-0.6024188793635556,-0.00023512381369802184,-0.9006696293672358
48,120,0.0025,0,-0.2,999.0,1,1,100,200,-0.9081087143021138,-0.37982700910909906,-0.9315461452545689,-1.1097002179668405,2209,1670,539,0.0923142522119177,0.1909711118217674,0.14164268201684255,0.04932842980492485,-0.5099799309020255,-0.4339449417282808,-0.00012561392273606795,-0.9010850926347256
20,96,0.0,0,0.2,999.0,1,1,100,200,-0.8963502278258072,-0.36470005649222204,-0.9139314178918919,-1.5951734718638784,1666,1250,416,0.042399530966847884,0.08972923995309669,0.06606438545997229,0.0236648544931244,-0.40746357885662177,-0.5975507918879486,-0.00036711441528252265,-0.9014244390313619
20,200,0.005,0,0.0,999.0,1,1,100,200,-0.9040010403684425,-0.37437529541397574,-0.9254462543636933,-1.345412595233821,2074,1577,497,0.0643854599722844,0.13340795224389723,0.09889670610809081,0.03451124613580642,-0.23299486232632283,-0.6468621573086017,-0.00020564947901022433,-0.9043690523575135
20,96,0.0025,0,0.0,999.0,1,1,100,200,-0.9019377120982608,-0.3717069525865673,-0.9265439231458703,-1.4094270623359653,1883,1432,451,0.05740326191237608,0.12045624133887645,0.08892975162562626,0.031526489713250186,-0.38176801652110326,-0.5932373542898965,-0.00024946387344491276,-0.9054502672763007
48,120,0.0025,0,0.0,2.5,1,1,100,200,-0.9036361094113509,-0.37390004098999763,-0.9237953618379953,-1.4235253337967926,1967,1479,488,0.05772305724336425,0.1257328643001812,0.09172796077177273,0.03400490352840849,-0.4061284777446448,-0.5660324399011207,-0.00023398368445421414,-0.9069739885988349
12,200,0.005,0,0.0,999.0,1,1,100,200,-0.9051937307700286,-0.3759386991459186,-0.924669597214029,-1.3823345737357335,2035,1551,484,0.06334612514657285,0.13092953842873895,0.0971378317876559,0.03379170664108304,-0.2838035425039964,-0.6337226747661366,-0.0002179105054931873,-0.9073902264397198
48,60,0.0025,0,0.0,999.0,1,1,100,200,-0.9034264279839694,-0.37362762094236657,-0.9265455476554464,-1.417345456149816,1836,1399,437,0.05649717514124294,0.11832427246562201,0.08741072380343247,0.03091354866218953,-0.42224612171430476,-0.5813052995415445,-0.00026253569192726016,-0.9077676675775805
30,200,0.005,0,0.2,999.0,1,1,100,200,-0.9022390265481021,-0.37209380195570896,-0.9169775907165857,-1.5544963685752304,1835,1385,450,0.046610169491525424,0.09836371388977722,0.07248694169065131,0.025876772199125892,-0.34262980491759165,-0.6276765890776286,-0.0003228255531972408,-0.9083074157427633
48,120,0.0,0,0.0,2.5,1,1,100,200,-0.9053273715817094,-0.376114856844617,-0.925149386100571,-1.4190647261691969,2037,1533,504,0.060041573393028465,0.13013005010126852,0.09508581174714849,0.03504423835412003,-0.38283012236761094,-0.5751268736065458,-0.00022157125297061475,-0.9096427862033624
20,200,0.005,0,0.2,999.0,1,1,100,200,-0.9027793188575353,-0.3727898631767088,-0.9185516742210356,-1.5831448995342543,1792,1355,437,0.04597057882954909,0.09601854812919731,0.0709945634793732,0.025023984649824114,-0.3432058483234184,-0.6372941563672712,-0.0003397430148862177,-0.9112229452639393
30,120,0.0,0,0.2,999.0,1,1,100,200,-0.9025534192644021,-0.37249846018173605,-0.9185592953024211,-1.5958019604835154,1772,1333,439,0.04559748427672956,0.0961784457946914,0.07088796503571047,0.02529048075898092,-0.4000683334942311,-0.605954875772665,-0.00034220251792353875,-0.9115682058571224
48,60,0.0025,0,0.2,999.0,1,1,100,200,-0.9016580923796496,-0.3713488061094574,-0.9162465502696426,-1.6528630928248225,1572,1182,390,0.040240912482677756,0.08485236115552713,0.06254663681910244,0.02230572433642469,-0.48405810616909306,-0.5816125344572035,-0.0004205523500983691,-0.9121152358855199
30,120,0.0,0,0.0,999.0,1,1,100,200,-0.9076966297453709,-0.37927139315395586,-0.9294055113670274,-1.386612893064099,2050,1559,491,0.06353267242298262,0.13308815691290907,0.09831041466794585,0.034777742244963224,-0.32156297628138963,-0.6207101792637101,-0.00021741469754544009,-0.9133047934906745
12,200,0.005,0,0.2,999.0,1,1,100,200,-0.9042989281118053,-0.3747643109832297,-0.9187187489216933,-1.6275535784757573,1759,1334,425,0.045091141669331626,0.09412642575418399,0.06960878371175781,0.02451764204242618,-0.39191990390989995,-0.6206731949739853,-0.0003577024836719772,-0.9155013643678642
30,200,0.0,0,0.0,999.0,1,1,100,200,-0.910364733908426,-0.3829046322559043,-0.9336353375725073,-1.3365253866343845,2299,1724,575,0.06854279927513059,0.1479053405820275,0.10822406992857904,0.03968127065344846,-0.23035230802301532,-0.6322664158513247,-0.00017441792301050286,-0.9165485703738772
12,120,0.0025,0,0.2,999.0,1,1,100,200,-0.9046459356044004,-0.3752186958572695,-0.9196432609240051,-1.67403599852754,1650,1240,410,0.04157339302846178,0.08837010979639698,0.06497175141242938,0.023398358383967595,-0.4349967682756348,-0.6148137036145735,-0.00040117892348105673,-0.918742126245649
48,120,0.005,0,0.2,999.0,1,1,100,200,-0.9067610276500159,-0.3780172436548236,-0.9199704381675479,-1.6219715130847119,1718,1302,416,0.04469139750559642,0.09282059481931564,0.06875599616245603,0.02406459865685961,-0.4462956898310393,-0.6023766958789489,-0.0003745423237739692,-0.9191010383928332
48,96,0.0,0,0.2,999.0,1,1,100,200,-0.9063255641586854,-0.3774369467011742,-0.9211648431766098,-1.6273368282299536,1763,1329,434,0.045757381942223646,0.09553885513271507,0.07064811853746936,0.02489073659524571,-0.4274280327726724,-0.6048906290152051,-0.0003568610036613373,-0.9193862097009768
20,200,0.0,0,0.0,999.0,1,1,100,200,-0.9121945640418843,-0.3854466964038177,-0.9321301535013862,-1.3682438207682108,2245,1688,557,0.06737021639484063,0.14438759194115766,0.10587890416799915,0.03850868777315851,-0.23226970989403894,-0.6484960592111638,-0.00018861205901399272,-0.9199239641929213
20,96,0.0025,0,0.2,999.0,1,1,100,200,-0.9050967852600442,-0.37581103536098837,-0.9217725093824098,-1.682431277802462,1611,1211,400,0.04082720392282273,0.08650463703229933,0.06366592047756103,0.022838716554738302,-0.4655791726645052,-0.6025255296768071,-0.0004175892604506664,-0.9208188539423163
20,200,0.0,0,0.2,999.0,1,1,100,200,-0.9094626307662335,-0.3816666457864356,-0.9243770961983261,-1.597175729051984,1932,1441,491,0.04818249653555058,0.10393348257115446,0.07605798955335252,0.02787549301780194,-0.3506722992207446,-0.6335646807203211,-0.0003119707745912418,-0.923713980338198
30,200,0.0,0,0.2,999.0,1,1,100,200,-0.9113130673358465,-0.38421685396591976,-0.9244374529010725,-1.5872085019363285,1982,1476,506,0.04903528408485236,0.10654514444089117,0.07779021426287176,0.0287549301780194,-0.36099499207723607,-0.6260196043460948,-0.0003017980922551924,-0.9257960055132725
12,200,0.0,0,0.0,999.0,1,1,100,200,-0.915114948557296,-0.38959299658781077,-0.9337991388764864,-1.411705274149573,2205,1660,545,0.066170983903635,0.141855878904168,0.1040134314039015,0.037842447500266496,-0.3059259021425137,-0.6315701684324462,-0.00020341239427613177,-0.9270778297335326
48,96,0.0025,0,0.2,999.0,1,1,100,200,-0.9101454500848111,-0.3826027880595354,-0.9243628649783272,-1.6730846381620976,1707,1288,419,0.044078456454535765,0.09226095299008634,0.06816970472231106,0.02409124826777529,-0.45923716976513496,-0.6097919006860789,-0.0003905089551940434,-0.9284384524568039
30,120,0.0025,0,0.0,999.0,1,1,100,200,-0.915069417294038,-0.3895274828764085,-0.9350299068657639,-1.4614219670193542,1983,1509,474,0.06124080588423409,0.1286643215009061,0.09495256369257009,0.033711757808336,-0.4092480446026079,-0.6124126435702908,-0.000250295853362487,-0.9301135346602581
48,120,0.005,0,0.0,999.0,1,1,100,200,-0.9167224329596166,-0.39192418175852417,-0.9333892521080966,-1.4492652758154192,1977,1506,471,0.06201364460078883,0.12847777422449633,0.09524570941264257,0.03323206481185375,-0.4222345346671196,-0.612578332857054,-0.0002537916116541534,-0.9310820716033434
12,200,0.0,0,0.2,999.0,1,1,100,200,-0.9127567205573861,-0.38623617001759736,-0.9261232917268117,-1.647959871873852,1898,1416,482,0.047116512098923355,0.10185481291973138,0.07448566250932737,0.027369150410404008,-0.40946295501720453,-0.6182901476602778,-0.0003338504101773907,-0.9316958094746958
30,120,0.0025,0,0.2,999.0,1,1,100,200,-0.9115584463030374,-0.3845582150005741,-0.9260688555800646,-1.6880916768181529,1717,1293,424,0.04391855878904168,0.09290054365206268,0.06840955122055219,0.0244909924315105,-0.46362749146186344,-0.6108429456243298,-0.0003911081127745803,-0.9319972266315141
30,200,0.0025,0,0.0,999.0,1,1,100,200,-0.9183389658355672,-0.39430507326025543,-0.9354473288526758,-1.415897725160029,2219,1665,554,0.06614433429271932,0.14284191450804817,0.10449312440038376,0.03834879010766443,-0.33585048324091327,-0.6269910564926435,-0.0002066882850288925,-0.9328236239445948
48,96,0.0,0,0.0,999.0,1,1,100,200,-0.9169572881869307,-0.39226777741943,-0.9362277963969632,-1.4543601617734208,2040,1553,487,0.0635593220338983,0.13242191664001707,0.09799061933695769,0.034431297303059376,-0.3906081473179114,-0.6219963156409889,-0.00024067755418537574,-0.9330996837065826
48,96,0.0025,0,0.0,999.0,1,1,100,200,-0.9191246197182299,-0.3954758529565514,-0.9378784355465412,-1.4886139864013865,1974,1504,470,0.061347404327896815,0.1280780300607611,0.09471271719432896,0.03336531286643215,-0.4380757942189818,-0.6137269161165728,-0.0002622332872728618,-0.9388457700498912
20,200,0.0025,0,0.0,999.0,1,1,100,200,-0.9216269678240945,-0.399266507248792,-0.939361753243535,-1.462883889054651,2169,1633,536,0.06510499946700778,0.13929751625626266,0.10220125786163523,0.03709625839462744,-0.3379663493394657,-0.6497350042332339,-0.00022582488383887685,-0.942091578323292
20,200,0.0025,0,0.2,999.0,1,1,100,200,-0.9205282247828356,-0.3975903404611293,-0.9334669793028932,-1.7147056909740488,1870,1398,472,0.046556870269694066,0.10022918665387485,0.07339302846178446,0.026836158192090395,-0.43000690074057357,-0.6447695326478018,-0.00036764625947808085,-0.9500591146612785
30,200,0.0025,0,0.2,999.0,1,1,100,200,-0.9217000899549297,-0.3993787229176541,-0.9333352792684566,-1.6982341028272832,1918,1431,487,0.04735635859716448,0.10284084852361156,0.07509860356038801,0.02774224496322354,-0.43608775026979896,-0.6376382909375735,-0.00035442955254243294,-0.9509580676932465
12,200,0.0025,0,0.0,999.0,1,1,100,200,-0.9263288121236252,-0.4066589855563544,-0.9416812843961493,-1.527871096296501,2126,1603,523,0.06387911736488647,0.1366325551646946,0.10025583626479054,0.03637671889990406,-0.41871093084455324,-0.6329916014745073,-0.00024793056051061697,-0.953893182569254
48,120,0.0,0,0.2,999.0,1,1,100,200,-0.9259321595439575,-0.40602099949394377,-0.9362776942776427,-1.7581251669081126,1841,1382,459,0.047196460931670396,0.09996269054471804,0.07357957573819422,0.026383114806523826,-0.5326405756641699,-0.6020333093413158,-0.0003907835910386147,-0.9620661049781708
12,200,0.0025,0,0.2,999.0,1,1,100,200,-0.9256385196935776,-0.4055504597987637,-0.9368864760998015,-1.7904307324452664,1835,1374,461,0.0455441850548982,0.09815051700245177,0.07184735102867498,0.02630316597377678,-0.49973662283031894,-0.6278533167581046,-0.0003996841076017562,-0.9635152344709278
48,120,0.0025,0,0.2,999.0,1,1,100,200,-0.9272480174016455,-0.40814808803467784,-0.9373958994993769,-1.7848455855488128,1783,1339,444,0.04546423622215116,0.09663148918025796,0.07104786270120456,0.025583626479053406,-0.5484669789228672,-0.6069700256282892,-0.00041795364532966773,-0.966088317061807
48,120,0.0025,0,0.0,999.0,1,1,100,200,-0.9350339137258878,-0.42140497478129646,-0.9479035690160512,-1.5938527440784285,2055,1556,499,0.06305297942650037,0.13394094446221086,0.09849696194435562,0.03544398251785524,-0.5334910889119167,-0.6107972166965645,-0.0002840714074024233,-0.9750493964932435
48,120,0.0,0,0.0,999.0,1,1,100,200,-0.9358581480058319,-0.4228816360751876,-0.9485759100161921,-1.5855179014217091,2126,1611,515,0.06547809401982731,0.13844472870696087,0.1019614113633941,0.03648331734356679,-0.5125455399320173,-0.6189535381273956,-0.0002695441655044166,-0.9764454861543691
