ema_fast,ema_slow,trend_threshold,use_macd,volume_filter,funding_z_cap,allow_short,total_return,annual_return,max_drawdown,sharpe,trades,exposure,abs_exposure,avg_bar_return_when_in_position,score
48,200,0.0,0,-999.0,999.0,0,10.82749562027464,0.8560551642867564,-0.43959681335320633,1.512409010525214,50,0.3874896574549065,0.3874896574549065,0.00026270131509815596,0.711877208136414
48,200,0.005,0,-999.0,999.0,0,7.082397818733666,0.6873146224124165,-0.37879216186842823,1.3808408335188154,45,0.3601853384080755,0.3601853384080755,0.00024117751842888456,0.5669605831541431
48,200,0.0,0,-999.0,999.0,1,9.372880566225644,0.7960689028970092,-0.610673118370022,1.2967276150833273,88,0.15535330134039385,0.6196260135694192,0.0001748128117917232,0.5555687244661645
30,200,0.0,0,-999.0,999.0,0,6.192764799501075,0.6387685603024644,-0.4364449217406159,1.317171810273385,60,0.3752440840642065,0.3752440840642065,0.0002219622817073746,0.48640468994582575
48,200,0.0,0,-999.0,1.5,0,5.587559875853851,0.6031040866134969,-0.3790271806900981,1.3014359124765265,279,0.3109713718351812,0.3109713718351812,0.00026457200391112416,0.47866229189227416
48,200,0.0025,0,-999.0,999.0,0,5.852252193604174,0.6189922697850623,-0.41368358820652384,1.284633693793423,48,0.37435048816812844,0.37435048816812844,0.00021863542194792466,0.4763821603714715
20,200,0.0,0,-999.0,999.0,0,5.679314892862515,0.6086650102174971,-0.4282040477146054,1.2869099300669666,76,0.36574549065033923,0.36574549065033923,0.00022062581858720468,0.4589084828635427
48,200,0.005,0,-999.0,999.0,1,6.191371740378877,0.6386890986164979,-0.5809010485932377,1.1771416829938506,78,0.1576038391527387,0.5627668376634122,0.0001657184754703896,0.40709565846957163
30,200,0.005,0,-999.0,999.0,0,4.430892879776699,0.527459310063437,-0.3749865754109415,1.2043808605290245,53,0.35045507198411385,0.35045507198411385,0.0002064068196339605,0.40018506538441756
48,200,0.0,0,-999.0,1.5,1,5.143826464077177,0.5753604330575681,-0.5035640840734489,1.1324309037683982,443,0.11745821611782227,0.5044845275525401,0.00018040255350107855,0.3801999362092636
20,60,0.0,0,-999.0,999.0,0,5.181950677883429,0.5778020029466626,-0.5400826469376865,1.326127632646401,120,0.28499089856031773,0.28499089856031773,0.00026557035452509566,0.37406706111013943
20,200,0.005,0,-999.0,999.0,0,4.086791579241378,0.502633561385182,-0.42307234160103513,1.1764145922727356,67,0.3422141320536157,0.3422141320536157,0.00020456419573705524,0.3499181201983012
30,200,0.0025,0,-999.0,999.0,0,3.90047918716314,0.48866227337668944,-0.40877039108776136,1.1397233990122089,57,0.36246897236471953,0.36246897236471953,0.00019135524780447484,0.3412632477834192
12,60,0.0,0,-999.0,999.0,0,4.769075468951772,0.5507342770652008,-0.574779856945289,1.2949617583374635,146,0.27976170776104586,0.27976170776104586,0.00026268013014733003,0.32809243650942954
48,200,0.0025,0,-999.0,999.0,1,5.043327884189788,0.5688693666370492,-0.6052372797677079,1.0981712659240301,84,0.15525401290749627,0.5934469634287606,0.0001487715940573822,0.3211592900493968
48,200,0.005,0,-999.0,1.5,0,3.336099110626101,0.44375377997807397,-0.3709456179698719,1.1230258275543927,255,0.2886314744332285,0.2886314744332285,0.00022828396987068284,0.31443226237085764
12,200,0.0,0,-999.0,999.0,0,4.114554280872943,0.5046824542909241,-0.5162625204486395,1.1524613964077024,94,0.3573390699983452,0.3573390699983452,0.00020061518064406827,0.3041742638869894
20,200,0.0025,0,-999.0,999.0,0,3.5523785084813078,0.4614540653874466,-0.42664406797431165,1.1066565182449648,73,0.35353301340393845,0.35353301340393845,0.00018889434147183561,0.303464857312539
20,60,0.005,0,-999.0,999.0,0,3.7496957515032765,0.4770606946147071,-0.47648452016490117,1.2188586315049046,108,0.26658944232996856,0.26658944232996856,0.00024475428982438766,0.29976136610750176
30,60,0.0,0,-999.0,999.0,0,4.255613856036134,0.5149657699550576,-0.5560422767172017,1.2237412750919814,110,0.29091510838987256,0.29091510838987256,0.0002418555922193595,0.2981316953510558
30,200,0.0,0,-999.0,999.0,1,4.716913263566447,0.5472121971969792,-0.639137801138506,1.0765185620813933,104,0.15164653317888466,0.5988416349495284,0.00014442162519719403,0.28146922473179586
12,60,0.005,0,-999.0,999.0,0,3.498095549832213,0.4570718315490119,-0.49066047690769654,1.1950030062495371,134,0.261591924540791,0.261591924540791,0.00024285217922383054,0.2714917434076405
48,200,0.0025,0,-999.0,1.5,0,2.867033322937652,0.4029615646412321,-0.37094561796987136,1.0471443324459302,269,0.29971868277345687,0.29971868277345687,0.00020902431473895645,0.26984597227859297
20,60,0.0,0,-999.0,999.0,1,4.603480978739286,0.5394690863926075,-0.653298474981866,1.1142078835861147,202,0.1173589276849247,0.45262286943571073,0.00018166894844042538,0.2685302430809802
12,60,0.0,0,-999.0,999.0,1,4.575455192991718,0.537537911570565,-0.649708811213242,1.1166352997259603,242,0.1158696011914612,0.4436538143306305,0.00018548674273454805,0.26851527095024197
48,200,0.005,0,-999.0,1.5,1,3.291200502364152,0.43999666677044424,-0.44603837025754756,0.9977370259671703,394,0.12040377296045011,0.45685917590600694,0.00016571940880374792,0.266864332940029
12,200,0.005,0,-999.0,999.0,0,3.2833998313737185,0.439340905589956,-0.47150818483715884,1.089287114016005,80,0.33437034585470793,0.33437034585470793,0.00019143991945752087,0.25805116887217683
20,120,0.0,0,-999.0,999.0,0,3.529061948630366,0.45957655792446483,-0.5545999678738875,1.1057671965367466,100,0.32483865629654146,0.32483865629654146,0.00020532167710042784,0.2375649338143584
20,60,0.0025,0,-999.0,999.0,0,3.1895131775514987,0.4313772354780736,-0.5009884925638469,1.1287439880676768,115,0.2747972861161675,0.2747972861161675,0.0002240754284342938,0.237320188599534
30,60,0.0,0,-999.0,999.0,1,3.9616394440318112,0.49329183837345814,-0.619613245043364,1.0541881252216458,177,0.11818633129240444,0.4636438854873407,0.00016848668213361763,0.2361946221128584
30,200,0.0,0,-999.0,1.5,0,3.0391145225205802,0.4183366208028476,-0.476610563698993,1.0779131341247958,279,0.30014893264934633,0.30014893264934633,0.00021320280063080187,0.2339269956595909
20,200,0.0,0,-999.0,999.0,1,4.0511926908380484,0.4999940538608383,-0.642509498465562,1.027627778123355,127,0.14863478404765845,0.5828561972530201,0.00014114862338739483,0.230120693534225
12,96,0.0,0,-999.0,999.0,0,3.6312116643416434,0.46774899428345385,-0.6051790212644677,1.1390627428338618,125,0.3033923547906669,0.3033923547906669,0.0002203629091764065,0.2221126207929131
30,60,0.005,0,-999.0,999.0,0,2.982566530659598,0.41333930240629835,-0.5017596573012795,1.101239225345396,102,0.27238126758232667,0.27238126758232667,0.0002185563595675406,0.21752143502292842
20,120,0.005,0,-999.0,999.0,0,2.714296362555611,0.3888790762381078,-0.4671904123106788,1.0262028885465777,89,0.30537812344861825,0.30537812344861825,0.0001913272755389203,0.2065940145100973
12,60,0.0025,0,-999.0,999.0,0,3.0438340836941045,0.4187513260972562,-0.5428925386584695,1.1160128565798146,141,0.26943571073969885,0.26943571073969885,0.00022445477651184293,0.20310569959701213
20,200,0.0,0,-999.0,1.5,0,2.6028692429177167,0.37832898448904717,-0.4566009152223096,1.0151171343517866,285,0.29223895416184015,0.29223895416184015,0.00020537810361714173,0.2007843835954817
48,200,0.0025,0,-999.0,1.5,1,2.7451951857857777,0.3917625432902567,-0.4945662057093284,0.9284288050377097,422,0.11752440840642066,0.48191295714049315,0.0001499029012195512,0.19090088068747801
20,120,0.0,0,-999.0,999.0,1,3.607546068912403,0.4658677592524636,-0.6586447231739376,1.003398144503804,155,0.13622372993546253,0.5134535826576204,0.0001507387530158525,0.186715304890685
12,120,0.0,0,-999.0,999.0,0,3.0692769071379145,0.4209807441843829,-0.5741344995961175,1.0559280779165912,118,0.31656462022174414,0.31656462022174414,0.00019859200846516847,0.18670989828215373
30,60,0.0025,0,-999.0,999.0,0,2.672376272633403,0.38493822076082407,-0.5075538650525293,1.0413948932970327,107,0.28058911136852555,0.28058911136852555,0.0002041856240547082,0.18323103289941106
12,200,0.0025,0,-999.0,999.0,0,2.5832680828252745,0.3764478985560611,-0.48771240607149624,0.9802249893154968,90,0.3450273043190468,0.3450273043190468,0.0001700167586479376,0.1816029449860878
48,96,0.0,0,-999.0,999.0,0,2.86059990225945,0.4023768880033707,-0.5456390478587505,1.008377941003476,84,0.3335429422472282,0.3335429422472282,0.000184752427756675,0.17997626112416923
12,200,0.0,0,-999.0,999.0,1,3.451994164630487,0.4533188501638088,-0.6450908572071028,0.977347993448146,150,0.14522588118484198,0.5694522588118485,0.0001367618549930844,0.1796408212326647
12,120,0.0,0,-999.0,999.0,1,3.474229731309917,0.4551326026459783,-0.65862723111579,0.9959350818269154,180,0.13102763528048983,0.5021016051629985,0.00015145342718621749,0.17561574117942907
30,120,0.0,0,-999.0,999.0,0,2.783443538378644,0.3953072683805017,-0.5424425553133205,0.9996123855604493,87,0.33258315406255173,0.33258315406255173,0.0001829361801244694,0.17406661000186388
48,120,0.0,0,-999.0,999.0,0,2.4642236983700245,0.36485465497336445,-0.48075039491926375,0.9395435240840317,73,0.34714545755419496,0.34714545755419496,0.00016861894740455893,0.17145663371793415
12,96,0.005,0,-999.0,999.0,0,2.670216259905298,0.38473424890813135,-0.5367654594790188,1.040180652130395,113,0.28482541783882176,0.28482541783882176,0.00020160890580704286,0.1683605517751417
30,200,0.005,0,-999.0,999.0,1,3.1595950991849735,0.4288114227370341,-0.619191182154698,0.9562308990071617,91,0.15409564785702465,0.546814496111203,0.00013475999602629665,0.16702737661004316
12,96,0.0,0,-999.0,999.0,1,3.3374503320576636,0.44386639716379195,-0.6693651648064306,0.9873767380821519,199,0.12646036736720173,0.48032434221413206,0.0001553004564390413,0.15855265166468424
12,200,0.0,0,-999.0,1.5,0,2.1464743464835823,0.3323755466597986,-0.46681851894285153,0.9387814127452216,294,0.28604997517789177,0.28604997517789177,0.0001935072028271077,0.14590535782563394
48,120,0.005,0,-999.0,999.0,0,2.1749137888202794,0.3353801860758936,-0.47983949604361875,0.9143822321295261,66,0.3256991560483204,0.3256991560483204,0.00016600746114706826,0.1411795496605605
12,120,0.005,0,-999.0,999.0,0,2.238012765494973,0.34197526736799766,-0.49949268962180227,0.9547439388087722,103,0.2974350488168128,0.2974350488168128,0.0001799394821475217,0.13996611949753512
48,96,0.005,0,-999.0,999.0,0,2.252527575701658,0.3434786995121142,-0.508669461841146,0.9380769397149997,76,0.31328810193612444,0.31328810193612444,0.0001735527922336883,0.13604781557729115
12,60,0.005,0,-999.0,999.0,1,2.947925817683065,0.4102516672470016,-0.6532103839473697,0.9747264026092956,218,0.11901373489988416,0.40417011418169785,0.00016943929453499642,0.13238279540378148
30,200,0.005,0,-999.0,1.5,0,2.048173537163567,0.32183060393912366,-0.4766105636989929,0.9406638994206783,255,0.2798279000496442,0.2798279000496442,0.00018877320615683213,0.13055851706066113
20,120,0.0025,0,-999.0,999.0,0,2.186785910736478,0.33662851334105115,-0.5061145419409044,0.9289012969085785,96,0.3138838325335098,0.3138838325335098,0.00017151164368272063,0.13001630721602786
20,60,0.005,0,-999.0,999.0,1,2.9733330691141218,0.4125182693645002,-0.666876642666719,0.9735644613437842,180,0.12003971537315902,0.4131391692867781,0.00016585326771018826,0.12775817109832993
12,200,0.005,0,-999.0,1.5,0,1.6565369722583219,0.2770984546844233,-0.386720616962707,0.8647086256268384,266,0.2677809035247394,0.2677809035247394,0.00017843598357192758,0.1269735774844117
30,200,0.0025,0,-999.0,999.0,1,2.823394476748546,0.39898121407460674,-0.6390956125696333,0.9159962990537748,98,0.1509184180043025,0.5740195267251366,0.0001248301878954423,0.12523322274247883
30,200,0.0,0,-999.0,1.5,1,2.309904358898078,0.3493729572153952,-0.5474051286474086,0.8709517866292499,446,0.11418169783220254,0.48611616746649017,0.0001405850833827693,0.11921798222315336
12,60,0.0025,0,-999.0,999.0,1,2.712314828779799,0.38869354751434293,-0.6343670869641227,0.9385410801518923,230,0.11447956313089525,0.4243918583485024,0.000158479644744642,0.1184370580398762
20,200,0.005,0,-999.0,1.5,0,1.7912358502541297,0.2930100733299188,-0.4566009152223104,0.889607189106304,260,0.2732417673341056,0.2732417673341056,0.00018192856029261174,0.1091899751740788
20,200,0.005,0,-999.0,999.0,1,2.5320908083437734,0.3714998862441248,-0.6165520868774146,0.8867556069337381,111,0.15167962932318385,0.5327486347840477,0.00012787462836185025,0.1075616231521044
20,60,0.0025,0,-999.0,999.0,1,2.621082222810524,0.3800699856706331,-0.6456726068991976,0.9228190548299393,191,0.11606817805725633,0.4335263941750786,0.00015279831821489958,0.10337463496253127
12,96,0.0025,0,-999.0,999.0,0,2.250153764375967,0.3432331665689947,-0.5806299301689637,0.957780604100283,120,0.2928346847592255,0.2928346847592255,0.00018397956086958647,0.10080723168952702
30,200,0.0025,0,-999.0,1.5,0,1.7749383415030873,0.291115924016804,-0.47661056369899235,0.875065291036239,269,0.28912791659771636,0.28912791659771636,0.00017377066072461853,0.09656390671911974
30,120,0.005,0,-999.0,999.0,0,1.851387009058552,0.29993006894104757,-0.49839878778266444,0.8637239472504623,80,0.3124606983286447,0.3124606983286447,0.0001596456973513646,0.09391687241223846
48,60,0.0,0,-999.0,999.0,0,2.2429495924336984,0.3424871857795979,-0.5933730398675843,0.9285574408826199,101,0.30448452755254013,0.30448452755254013,0.00018024754667036427,0.09222853788993678
30,96,0.0,0,-999.0,999.0,0,2.191838536258351,0.3371587282592392,-0.591849173406738,0.9097654170801561,98,0.3179877544266093,0.3179877544266093,0.0001730197488132393,0.08672241240987799
20,120,0.005,0,-999.0,999.0,1,2.60465885142469,0.37850034727477766,-0.6749831123238589,0.908297013185533,135,0.13877213304650007,0.4719841138507364,0.0001418792312871696,0.08642364177212487
48,200,0.0,0,-999.0,0.75,1,1.5423798599402394,0.26313272228989826,-0.4323862693268705,0.7687081047520051,565,0.08015886149263611,0.3138176402449115,0.00017889700702899706,0.08537499286406325
30,60,0.005,0,-999.0,999.0,1,2.4268469163501822,0.36115312540246336,-0.6512300071744972,0.8983357550591743,163,0.12129736885652821,0.4234651663081251,0.00015036888527850188,0.08045490956817347
12,200,0.005,0,-999.0,999.0,1,2.3563303001979907,0.3540864352276363,-0.6349756637008345,0.8669344945162256,129,0.1481383418831706,0.5206023498262452,0.00012696059790993743,0.07994532810303032
30,60,0.0025,0,-999.0,999.0,1,2.2631155206557447,0.3445722206186681,-0.6232654402382021,0.8703568980841179,171,0.11792156213801092,0.44325666059904023,0.00014166197920196277,0.07645734540377297
12,120,0.0025,0,-999.0,999.0,0,1.8806152952357742,0.303253144303518,-0.5437231745970539,0.8778181216178326,111,0.30567598874731094,0.30567598874731094,0.0001640269222255643,0.07528246308588271
20,200,0.0025,0,-999.0,999.0,1,2.2913901790401043,0.3474794431047812,-0.6347984213942933,0.8529601361492374,121,0.14843620718186332,0.5586298196260135,0.0001191816889926666,0.07272823921509639
48,96,0.0025,0,-999.0,999.0,0,1.8485061260301228,0.29960114997485143,-0.5401736126817935,0.8564485946120965,81,0.32235644547410225,0.32235644547410225,0.00015627619485450965,0.07233677336455949
48,120,0.0025,0,-999.0,999.0,0,1.657721224612767,0.2772409547778629,-0.496209313098543,0.8092804506612481,70,0.33585967234817143,0.33585967234817143,0.00014466078489772013,0.06960032076165384
20,200,0.0025,0,-999.0,1.5,0,1.4828229863320357,0.2556592129421511,-0.45660091522230994,0.8089471792009789,275,0.28184676485189475,0.28184676485189475,0.00016453966257913712,0.06780611429104508
30,120,0.0025,0,-999.0,999.0,0,1.6688510168852466,0.2785778729528421,-0.5048207786943564,0.8209885492863472,84,0.3213304650008274,0.3213304650008274,0.00014959840411550617,0.06721691106998126
30,96,0.005,0,-999.0,999.0,0,1.622885000879442,0.2730290912004607,-0.49768318430308345,0.8195504022934379,88,0.2989574714545755,0.2989574714545755,0.0001566559759940429,0.06516501916359088
20,96,0.0,0,-999.0,999.0,0,1.9563473098016697,0.31174733777547603,-0.5837495553811602,0.8742514056112087,113,0.3085222571570412,0.3085222571570412,0.00016883692989608955,0.06358513036545635
20,200,0.0,0,-999.0,1.5,1,1.89893032884528,0.3053225887324402,-0.564739876493612,0.810045997442019,456,0.11196425616415688,0.4725136521595234,0.0001348919286642723,0.06345495035773517
30,96,0.0,0,-999.0,999.0,1,2.2799051833417603,0.3463008134563279,-0.655420201209567,0.8534648821810478,150,0.1320205196094655,0.5039549892437531,0.00013068333726701643,0.06126395696059679
48,60,0.005,0,-999.0,999.0,0,1.6159878363629905,0.27219022420734706,-0.5147710095865614,0.8271906354884866,93,0.2857521098791991,0.2857521098791991,0.000161377665567323,0.056164251188490694
20,120,0.0,0,-999.0,1.5,0,1.7572405642321405,0.2890495620878393,-0.5538356220097871,0.8734214397768826,277,0.2587787522753599,0.2587787522753599,0.00019221872561831413,0.05580282307178986
30,120,0.0,0,-999.0,1.5,0,1.5219684649007474,0.2605863185664057,-0.4930428736236876,0.8129333264232513,269,0.26397484693033263,0.26397484693033263,0.00017759431301064734,0.05471154807572445
30,120,0.0,0,-999.0,999.0,1,2.3523188964462025,0.35368110625039173,-0.6885507770168493,0.8604817767314685,138,0.14002978652986928,0.5251365215952342,0.00012762087399506436,0.05242980657854051
12,200,0.0,0,-999.0,1.5,1,1.7945599487340393,0.29339539232307454,-0.566489090616952,0.7945123535170657,467,0.11030944894919742,0.4617905014065861,0.0001348395898805023,0.04987646469045185
12,120,0.005,0,-999.0,999.0,1,2.2263940631193146,0.3407681667888067,-0.6686830240468413,0.8611620305040933,157,0.13433724971040872,0.46053284792321697,0.00013645804135437427,0.04948475629059074
48,200,0.0,1,-999.0,999.0,0,0.9238380526352412,0.17798432730062141,-0.32669904330730626,0.6887788034753951,499,0.17418500744663246,0.17418500744663246,0.00021753646064446138,0.04907374582073804
20,120,0.0025,0,-999.0,999.0,1,2.1520913729146307,0.33297059666173134,-0.6549540532258074,0.84299665886056,148,0.13546251861658118,0.49230514645043855,0.00012868460655028168,0.04764340299185567
20,96,0.0,0,-999.0,999.0,1,2.1146724837486244,0.3289914569164252,-0.6515203004610748,0.833522136923557,174,0.12642727122290254,0.4906172430911799,0.0001298983768207298,0.044907413532065635
30,200,0.005,0,-999.0,1.5,1,1.5082738155725468,0.2588691827639207,-0.5049049379850014,0.7492290305892054,397,0.11719344696342876,0.4424623531358597,0.00012756271416909185,0.043878165300880276
12,200,0.0025,0,-999.0,999.0,1,2.01765210948991,0.3185046795722699,-0.6402691980609604,0.8168580248141503,142,0.14443157372166143,0.5456230349164323,0.00011630052147449497,0.039212981782497235
12,96,0.005,0,-999.0,999.0,1,2.2064538513353007,0.3386889033245377,-0.6860732550408627,0.8625448722400636,178,0.12967069336422307,0.4399801423134205,0.00014149719171041735,0.03877951941610955
20,120,0.005,0,-999.0,1.5,0,1.2655773576754892,0.2272031006496027,-0.4553767631710506,0.774056864384556,254,0.24325666059904022,0.24325666059904022,0.00017024937300847624,0.03821756228330521
48,200,0.0,1,-999.0,1.5,0,0.8962312893043864,0.17372960951940697,-0.3491378312338881,0.7270743041896609,490,0.1383749793149098,0.1383749793149098,0.0002547091991767978,0.03551440911194597
12,120,0.0025,0,-999.0,999.0,1,1.9906928701360096,0.31554588681713724,-0.6568247918727295,0.8222877473992166,169,0.13029952010590767,0.4810524573887142,0.00012710833154001735,0.028247878250733348
48,200,0.005,1,-999.0,999.0,0,0.7250644964251374,0.14625828460958745,-0.30002285030208387,0.6287655135699978,464,0.16200562634453086,0.16200562634453086,0.00020136538724161538,0.02768513513704541
30,200,0.0,1,-999.0,999.0,0,0.788839912231216,0.15672314474005367,-0.32333451800735413,0.6387490556044957,483,0.16763197087539303,0.16763197087539303,0.00020795008693816537,0.026993338516601385
48,96,0.0,0,-999.0,1.5,0,1.3741918142318452,0.24167415138654702,-0.5085937992880138,0.7730065905966931,272,0.2645374813834188,0.2645374813834188,0.00017034401900948112,0.026027581272374756
12,200,0.0025,0,-999.0,1.5,0,1.1770738509679948,0.21502182663690061,-0.45107641464604264,0.7288818662031388,283,0.27579017044514315,0.27579017044514315,0.0001516293060622779,0.02592771262403623
48,200,0.0,0,-999.0,0.75,0,1.1149039850403293,0.20624115314828506,-0.43238626932686974,0.7133623546327531,337,0.19698825086877378,0.19698825086877378,0.0002060777299661946,0.02571613621648785
48,120,0.0,0,-999.0,1.5,0,1.3320935183416522,0.23612536231503367,-0.5024564593541796,0.7552372923063839,275,0.27572397815654476,0.27572397815654476,0.00016343642578467728,0.02265899725326307
48,60,0.0,0,-999.0,999.0,1,2.02940468095722,0.31978833164330456,-0.6795297985308801,0.8213982692460685,157,0.1250041370180374,0.48396491808704284,0.00012895000926975626,0.02109334584016792
20,96,0.005,0,-999.0,999.0,0,1.302195775416021,0.23213890151232608,-0.5071782178684443,0.7477631310321906,104,0.2900546086380937,0.2900546086380937,0.00014535485643161705,0.015937949129713462
30,200,0.0,1,-999.0,1.5,0,0.7747961688727223,0.15444302450533787,-0.35754364256682003,0.6775301709683437,475,0.1326162502068509,0.1326162502068509,0.0002450189130158317,0.009547711770345038
20,120,0.0,0,-999.0,1.5,1,1.5146081910010993,0.25966430463918644,-0.5779066010128402,0.7496586954488734,437,0.10398808538805229,0.41356941916266754,0.00013726488628933815,0.008193938905210016
12,96,0.0025,0,-999.0,999.0,1,1.873833281554647,0.302484331285811,-0.6713706229450014,0.8068426672398566,190,0.1256660599040212,0.4600033096144299,0.0001292139173785499,0.0071411531753031235
48,200,0.005,1,-999.0,1.5,0,0.677298278200581,0.13822874552255593,-0.32909990492267016,0.6576944151848079,457,0.1287109051795466,0.1287109051795466,0.00022981434422643382,0.006563513820461241
30,96,0.0025,0,-999.0,999.0,0,1.3451898057916232,0.23785951590070709,-0.5388367620226409,0.7490945492191148,93,0.3075955651166639,0.3075955651166639,0.00014165515624938967,0.005895862350342396
48,96,0.0,0,-999.0,999.0,1,1.9692821285925453,0.31318176664452446,-0.7056335891073917,0.8068118981614936,133,0.1417507860334271,0.5253350984610293,0.00011998671591529027,0.0007055669989032842
30,200,0.0025,0,-999.0,1.5,1,1.3274770820960078,0.23551233359438184,-0.5468731564948213,0.7102459373413196,425,0.11361906337911633,0.4646367698163164,0.00011829995336035454,-0.0024119477859628133
30,60,0.0,0,-999.0,1.5,0,1.4525253931086701,0.2518056255329988,-0.5932330742131822,0.8156206692408033,260,0.23097799106404104,0.23097799106404104,0.00019274107977966838,-0.004029878111552122
48,60,0.0025,0,-999.0,999.0,0,1.3170643992687063,0.23412625195556958,-0.5522896984673723,0.7486892131548412,98,0.2941585305311931,0.2941585305311931,0.00014463288812446005,-0.004584136620374518
12,120,0.0,0,-999.0,1.5,1,1.549403517547284,0.2640054074373921,-0.6131705695999399,0.7593999851185129,457,0.09995035578355121,0.40469965249048484,0.00014068702923136076,-0.004609878106652199
30,200,0.0,0,-999.0,0.75,1,0.9329120448813644,0.17937280199745542,-0.43198743546592233,0.6295646548849756,552,0.07893430415356611,0.30537812344861825,0.0001481393574568088,-0.005142682991256961
12,60,0.0,0,-999.0,1.5,0,1.5612212294086185,0.26546969195350023,-0.6271991778938195,0.8526688018429677,295,0.22323349329803077,0.22323349329803077,0.00020662050459807705,-0.005496456901261139
12,96,0.0,0,-999.0,1.5,0,1.5486101315776888,0.26390692008424255,-0.623681211944237,0.8358745981405965,286,0.2414363726625848,0.2414363726625848,0.00019265869781317433,-0.006139955980846115
12,200,0.005,0,-999.0,1.5,1,1.236152940233175,0.22319345951449732,-0.5324739569316276,0.6947287580298723,414,0.11421479397650174,0.421347013072977,0.00012355957723347445,-0.008307081049822855
48,120,0.0,0,-999.0,999.0,1,1.7681370871883044,0.29032299334721245,-0.6804606453410247,0.7737390328394123,119,0.14648353466821115,0.5478073804401787,0.00011232991649675055,-0.011220377681329274
48,96,0.005,0,-999.0,1.5,0,0.9116436811670128,0.17611062848279802,-0.4435421459224337,0.6522645620195344,251,0.24845275525401292,0.24845275525401292,0.00014565885022195288,-0.013047216377442106
30,120,0.005,0,-999.0,1.5,0,0.8902059845550843,0.17279483124687967,-0.4381380107411804,0.6464467283390822,250,0.24805560152242265,0.24805560152242265,0.0001436094133343431,-0.013951837706756433
30,200,0.005,1,-999.0,999.0,0,0.5901461681402551,0.12312551689679174,-0.33262325534886494,0.5665611085911562,452,0.1567102432566606,0.1567102432566606,0.00018746091705663075,-0.014858055348082919
12,120,0.0,0,-999.0,1.5,0,1.4051711994282443,0.24571047851331018,-0.6007898862153742,0.7925973546121562,291,0.252325004137018,0.252325004137018,0.00017830836085182215,-0.015054596863769115
20,200,0.005,0,-999.0,1.5,1,1.1323449493356388,0.2087237764428269,-0.5173842216221197,0.6693554666949953,406,0.11573721661426443,0.4307463180539467,0.00011804692758701984,-0.01650056103348318
20,200,0.0,1,-999.0,1.5,0,0.6310093328213708,0.1302822837889075,-0.3585599297326175,0.6030590920963007,473,0.12851232831375145,0.12851232831375145,0.00023006029228638653,-0.01884472647258623
20,60,0.0,0,-999.0,1.5,0,1.4205730609901996,0.2477027085314787,-0.6170626825793806,0.8088065327871309,271,0.2271388383253351,0.2271388383253351,0.00019439031331503994,-0.020388306118855053
48,120,0.005,0,-999.0,1.5,0,1.022280411830121,0.19279320332752192,-0.5024564593541808,0.684068564239814,252,0.2585139831209664,0.2585139831209664,0.000149283910718492,-0.024231598137577783
30,200,0.005,1,-999.0,1.5,0,0.5683181421942622,0.11924591241395244,-0.35132180693259607,0.6010824924173265,444,0.12381267582326659,0.12381267582326659,0.00021673851979192547,-0.026360866431479273
30,96,0.0,0,-999.0,1.5,1,1.2003671756725862,0.21826330370777347,-0.5596725895975734,0.6833481667828705,426,0.09985106735065365,0.4051299023663743,0.00012829422742020467,-0.027405582751869696
48,200,0.0025,1,-999.0,999.0,0,0.49031510576798576,0.10504231430954047,-0.31832913253753037,0.5056489651815512,482,0.16809531689558166,0.16809531689558166,0.00016761921053127078,-0.028839803700147146
30,96,0.0,0,-999.0,1.5,0,1.2205606156742541,0.22105265175153987,-0.5735407671663093,0.7360711544420697,272,0.252490484858514,0.252490484858514,0.00016791588205891452,-0.02891417410951129
48,60,0.0,0,-999.0,1.5,0,1.202197694247412,0.21851694484884532,-0.5739126210817611,0.7378639294431353,264,0.24137018037398644,0.24137018037398644,0.0001716050187475927,-0.03154616921987847
20,96,0.0025,0,-999.0,999.0,0,1.0745489637346441,0.20043744075825742,-0.5396858617424654,0.6811721361729934,110,0.29809697170279664,0.29809697170279664,0.0001313857246286859,-0.03534688330432558
20,200,0.0,1,-999.0,999.0,0,0.5835013813269674,0.12194875499881253,-0.3709919862070935,0.5440290023476381,482,0.16352804898229356,0.16352804898229356,0.00018773737767049397,-0.03634578798735232
30,120,0.0025,0,-999.0,1.5,0,0.7939122942878851,0.1575433900682004,-0.45466159230626224,0.6086429227306539,259,0.25447625351646536,0.25447625351646536,0.00013474150621312393,-0.03935525994839803
12,200,0.0,1,-999.0,1.5,0,0.5272736575349826,0.11183987029292908,-0.35989529658706576,0.543703302468816,473,0.12742015555187822,0.12742015555187822,0.0002145863528914604,-0.040922612877163
30,200,0.0,0,-999.0,0.75,0,0.7146649271233956,0.14452443612337906,-0.4319874354659228,0.591679497853903,330,0.19215621380109218,0.19215621380109218,0.00016656076537739523,-0.04188530671688717
30,96,0.005,0,-999.0,1.5,0,0.8318515362828829,0.16362397534812612,-0.4757070541321876,0.6287775962159259,251,0.23726625848088698,0.23726625848088698,0.00014428972621173905,-0.042790671907171396
30,60,0.005,0,-999.0,1.5,0,0.9061532737348155,0.17526408591033715,-0.5035466781505062,0.6690015339055672,241,0.2161840145623035,0.2161840145623035,0.00015917900843484333,-0.04305917646963761
30,96,0.005,0,-999.0,999.0,1,1.4674266787177928,0.25370537073938126,-0.6737154431376835,0.7327789158498599,135,0.1345027304319047,0.4634122124772464,0.00011701278429769964,-0.04651340503696749
12,60,0.0,0,-999.0,1.5,1,1.4387638070908997,0.2500434779987588,-0.6682484260425736,0.7446878368751849,480,0.08992222406089691,0.35654476253516465,0.0001522458110934493,-0.04684634317876875
20,200,0.005,1,-999.0,1.5,0,0.4752022726396832,0.10222627279423158,-0.35234793627931127,0.5411874572819916,442,0.12030448452755255,0.12030448452755255,0.00020517960491071654,-0.046888322481324476
20,120,0.0025,0,-999.0,1.5,0,0.9203833241349662,0.1774544047661719,-0.5179295926981418,0.6566740311510972,266,0.24951183187158696,0.24951183187158696,0.00014607101923551482,-0.0486766900253441
12,120,0.005,0,-999.0,1.5,0,0.9301712189370726,0.17895392514484398,-0.5238063480500549,0.6696647122218669,264,0.23723316233658778,0.23723316233658778,0.00015088020220775848,-0.049466013269090114
12,200,0.005,1,-999.0,1.5,0,0.45281515311781395,0.0980147642446143,-0.35369623542555395,0.5274658550221505,439,0.11901373489988416,0.11901373489988416,0.00020211386312283923,-0.05246006071705514
12,96,0.005,0,-999.0,1.5,0,1.0239809637173414,0.19304422531188337,-0.5618329922035288,0.7079858119465738,262,0.22694026145953997,0.22694026145953997,0.0001631241680338707,-0.05247298019255233
48,96,0.0025,0,-999.0,1.5,0,0.7664552773428619,0.15308240125144423,-0.4717396961846071,0.5970518625656304,262,0.25510508025814993,0.25510508025814993,0.0001332595853797439,-0.05293485371257779
30,96,0.0025,0,-999.0,999.0,1,1.3148867324262947,0.23383578220829837,-0.6438787480425099,0.7019349363494531,142,0.13185503888796954,0.48333609134535827,0.00010929319720856526,-0.053006844995483915
12,60,0.005,0,-999.0,1.5,0,1.0018826599774782,0.1897698454794079,-0.5589873871402293,0.7117372312672319,272,0.2091676319708754,0.2091676319708754,0.00017274050127385863,-0.05413698652734517
48,200,0.0025,1,-999.0,1.5,0,0.4422907698659646,0.09601806779817457,-0.3524796883082051,0.5067434999181736,473,0.13327817309283468,0.13327817309283468,0.00018704566034586091,-0.0548846013600193
20,200,0.0,0,-999.0,0.75,1,0.725264213991444,0.14629150536494118,-0.45910838699278955,0.5642478224229249,550,0.07575707430084395,0.2978322025484031,0.00013872749353955726,-0.05505029701030735
30,120,0.0,0,-999.0,1.5,1,1.0987894382630206,0.20393365892815085,-0.5879302214945226,0.6584643589144616,428,0.10554360417011419,0.42240608969055105,0.00012065941503501586,-0.05710823387338735
20,200,0.0025,0,-999.0,1.5,1,0.9834088162680392,0.18701165483041082,-0.5540411484513424,0.6322238058377961,435,0.11203044845275525,0.45166308125103427,0.00010950488938963366,-0.05839772910337059
20,200,0.005,1,-999.0,999.0,0,0.45106968835429506,0.09768436464863739,-0.3618296674203645,0.48936463511092787,450,0.1530696673837498,0.1530696673837498,0.00017125330652089675,-0.05876223730599846
48,120,0.0025,0,-999.0,1.5,0,0.8041553856534889,0.15919449491159376,-0.5024564593541803,0.6069357995163159,265,0.2661922885983783,0.2661922885983783,0.00013258390379720518,-0.061686944789680564
30,200,0.0025,1,-999.0,999.0,0,0.38671624448996145,0.08528939675223746,-0.3390293998181453,0.4486210949660088,467,0.1616084726129406,0.1616084726129406,0.00015583108812008834,-0.061794248408534744
20,60,0.005,0,-999.0,1.5,0,0.8790617168369053,0.17105998344929363,-0.531802066556397,0.6601681193369148,248,0.21270891941088862,0.21270891941088862,0.0001595760249595376,-0.061832643862059104
48,120,0.005,0,-999.0,999.0,1,1.331269069927722,0.23601594840672435,-0.667117676173802,0.7034494770133995,108,0.14764189971868277,0.503756412377958,0.00010667388302337131,-0.06237041582950668
20,120,0.005,0,-999.0,1.5,1,1.0449539753052184,0.19612717115434508,-0.5827176351537668,0.6529785869361348,390,0.10706602680787689,0.3794472943902035,0.0001246678366524187,-0.0625827170757316
48,60,0.005,0,-999.0,1.5,0,0.7559146946002377,0.15135604305409056,-0.48908844591491296,0.6048706967894795,245,0.22627833857355617,0.22627833857355617,0.00014215639808120545,-0.06294464506389194
12,96,0.0,0,-999.0,1.5,1,1.3389709183437657,0.23703694542936082,-0.6794341915162121,0.7178267900847594,455,0.09650835677643554,0.38636438854873406,0.00013844649793955897,-0.06678881082450724
20,96,0.0,0,-999.0,1.5,0,1.014467394478213,0.1916378697786134,-0.5901271110828554,0.6782865064556001,276,0.2451100446797948,0.2451100446797948,0.00015808722828100798,-0.0695113604400343
12,200,0.0025,0,-999.0,1.5,1,0.9347642700034842,0.17965562308451344,-0.5623113954499362,0.6203362114272132,445,0.11001158365050472,0.44156875723978156,0.00010952504821225974,-0.07048326406909403
48,96,0.005,0,-999.0,999.0,1,1.3916639074172767,0.2439554241262345,-0.7162289931828635,0.7165998828172689,120,0.14317392023829223,0.48340228363395665,0.00011124343054773046,-0.07832907832433379
30,200,0.0025,1,-999.0,1.5,0,0.3470879249397565,0.07744058337631365,-0.358776576959031,0.44461161440877106,458,0.12745325169617738,0.12745325169617738,0.00017345611947829588,-0.07971712438276328
48,60,0.0,0,-999.0,1.5,1,1.0461089614738524,0.1962962594759694,-0.6190766090007154,0.6482731277226219,419,0.09442329968558663,0.3883170610623862,0.0001253661780126621,-0.08082838863825718
12,200,0.0,0,-999.0,0.75,1,0.6346653413679464,0.13091601929185148,-0.47694756409479233,0.5330651122243666,549,0.07367201720999504,0.29349660764520935,0.0001343954219341086,-0.08090450714432636
12,200,0.005,1,-999.0,999.0,0,0.39349469227235545,0.0866150470100111,-0.38194297451489767,0.45532225362136364,449,0.1509846102929009,0.1509846102929009,0.0001640071698906615,-0.08159032756636955
30,120,0.005,0,-999.0,999.0,1,1.3420065781149488,0.23743867584243517,-0.7109647873316322,0.7072450106438571,125,0.14194936289922225,0.4829720337580672,0.00010972497386095796,-0.08268146729118805
12,200,0.0,1,-999.0,999.0,0,0.4313463478066146,0.09393006230155487,-0.4042161533688804,0.4644345391243081,486,0.16187324176733411,0.16187324176733411,0.0001689927718147211,-0.08495628742666991
20,96,0.005,0,-999.0,999.0,1,1.1784414643440688,0.21521285900341436,-0.6725973753386651,0.6756805353937402,158,0.12967069336422307,0.45043852391196426,0.00011029075935797505,-0.08730180189623121
48,200,0.005,0,-999.0,0.75,1,0.48838725715743725,0.10468428436622701,-0.43270218467765964,0.47907147754640117,511,0.07903359258646368,0.284163494952838,0.00012436969567207733,-0.08771323409528275
30,120,0.0025,0,-999.0,999.0,1,1.227930780577657,0.22206596637146792,-0.6885462353245618,0.6836133931211618,133,0.1390699983451928,0.5035909316564621,0.00010332812399992883,-0.0880264816347549
30,60,0.0,0,-999.0,1.5,1,1.133836198997591,0.20893534010775539,-0.6628564313937699,0.6717477830428145,422,0.08992222406089691,0.3720337580671852,0.00013303025904180205,-0.08890548643698885
48,60,0.005,0,-999.0,999.0,1,1.2765590110913498,0.22868955874690822,-0.7079402477636418,0.6968503675175328,143,0.12758563627337416,0.443918583485024,0.00011434858605638896,-0.09043804675903605
20,60,0.0,0,-999.0,1.5,1,1.1598642847815719,0.21261021913164546,-0.6771289573005439,0.6788316440384687,445,0.09068343537977826,0.36359424127089196,0.00013765148426702627,-0.09201267731670304
12,120,0.005,0,-999.0,1.5,1,0.9368127059362916,0.17996816784586422,-0.6111811084918592,0.625678000345001,406,0.10392189309945392,0.3705444315737217,0.00012176645632490459,-0.09433848638281535
48,120,0.0,1,-999.0,1.5,0,0.3036721342657078,0.06864033909029366,-0.36750667285609906,0.39956180586192314,448,0.11696177395333443,0.11696177395333443,0.0001834894940861737,-0.09513490704465971
20,96,0.0025,0,-999.0,999.0,1,1.0508555862534705,0.19699040820461677,-0.6493662352672007,0.6465043359110735,168,0.12612940592420982,0.47006453748138344,0.00010305807390181682,-0.09536749263342992
48,200,0.0025,0,-999.0,0.75,1,0.43596956858189384,0.09481354747209281,-0.4323862693268701,0.45828703221399714,538,0.0780738044017872,0.2984941254343869,0.00011702357700170291,-0.09846523558064238
20,200,0.0,0,-999.0,0.75,0,0.4423916354633224,0.09603725587739897,-0.441452146601088,0.46455073797991686,333,0.18679463842462354,0.18679463842462354,0.00014040404846741797,-0.10146128052414918
20,96,0.005,0,-999.0,1.5,0,0.590258206137414,0.12314532669480638,-0.5028707269926318,0.5337400456378417,256,0.23054774118815158,0.23054774118815158,0.00012645990023049807,-0.10160303451961744
48,60,0.0025,0,-999.0,999.0,1,1.0886595361477518,0.20247631831789326,-0.6771930090432199,0.6551487766961523,151,0.12477246400794308,0.4635445970544432,0.0001049378476494946,-0.10336274736890907
20,96,0.0,0,-999.0,1.5,1,0.9354060694242832,0.17975357376218004,-0.6309944685847365,0.6194996289261424,439,0.09584643389045176,0.39437365546913783,0.00011991772973042417,-0.1047686790838811
30,96,0.005,0,-999.0,1.5,1,0.743803048698015,0.14936275417149947,-0.5656349070537763,0.5688315639160012,384,0.1027304319046831,0.37180208505709084,0.00011229407994351309,-0.10501312115958861
30,60,0.0025,0,-999.0,1.5,0,0.7079492767118334,0.14340058864404592,-0.5567445654923471,0.5858036723802628,251,0.2222406089690551,0.2222406089690551,0.00014065938165262406,-0.10568151048311447
20,120,0.0025,0,-999.0,1.5,1,0.7588719684257197,0.1518411737171892,-0.5727232282681622,0.5728839775011556,417,0.10339235479066688,0.39563130895250703,0.00010941813832735391,-0.10587624154183414
30,96,0.0025,0,-999.0,1.5,0,0.6254748417674265,0.12932090127065488,-0.5274334242277109,0.5441720464350884,261,0.24368691047492966,0.24368691047492966,0.0001261770318365046,-0.10718720852144614
20,200,0.0025,1,-999.0,1.5,0,0.22250873694923712,0.05158139597179057,-0.3523479362793107,0.34699553171189323,456,0.12338242594737713,0.12338242594737713,0.00015206513537661332,-0.10724279558227012
48,120,0.0025,0,-999.0,999.0,1,1.055956761069428,0.19773506511460726,-0.6752897969533747,0.6471116123474343,114,0.14555684262783386,0.526162502068509,9.554521892142002e-05,-0.10755425274470835
12,200,0.0,0,-999.0,0.75,0,0.3509646130441264,0.07821598238860106,-0.4141339723925428,0.41604343029091173,333,0.18358431242760218,0.18358431242760218,0.0001307261452434306,-0.10804883229312476
12,60,0.005,0,-999.0,1.5,1,0.850656897772984,0.16660300367934777,-0.6209452066141931,0.6047869089392091,429,0.09369518451100446,0.3246400794307463,0.0001307420786504416,-0.1136302541807883
48,96,0.0025,0,-999.0,999.0,1,1.0888591363823776,0.20250508496881015,-0.7059566746208485,0.654326849999163,128,0.140857190137349,0.5038557008108555,9.919489908692007e-05,-0.11775690984165597
12,200,0.0025,1,-999.0,1.5,0,0.18106829898636723,0.042541908366204195,-0.3536962354255536,0.3119199102125997,455,0.12209167631970876,0.12209167631970876,0.00014361840969249177,-0.11871021383594263
48,200,0.005,0,-999.0,0.75,0,0.3429819945035977,0.07661750597312333,-0.4327021846776601,0.41306407338677187,312,0.18159854376965084,0.18159854376965084,0.0001275252550366619,-0.11908038269636811
48,120,0.005,1,-999.0,1.5,0,0.19213589546580168,0.04497908465823364,-0.3613813236775868,0.3228630841545208,421,0.1097468144961112,0.1097468144961112,0.00015512845891389404,-0.11956842297283372
48,60,0.0025,0,-999.0,1.5,0,0.5810634037107247,0.12151607183044844,-0.5353261315135391,0.5282282730247451,255,0.23250041370180374,0.23250041370180374,0.00012542570182539012,-0.11973558027508388
30,96,0.0025,0,-999.0,1.5,1,0.5985803561900149,0.12461387639921906,-0.5428249689941809,0.5229266697780273,406,0.0997186827734569,0.38765513817640246,0.00010253505375706768,-0.12065227460897002
12,60,0.0025,0,-999.0,1.5,0,0.7644410738421601,0.1527531088742855,-0.6113523885738004,0.6136860934151923,284,0.21476088035743837,0.21476088035743837,0.0001511480489500015,-0.12223878074185507
48,120,0.0,0,-999.0,1.5,1,0.7078060417234602,0.1433765825698028,-0.5894206476689734,0.556908398392472,431,0.10994539136190634,0.4415025649511832,0.00010230382226621842,-0.12348832134506031
12,96,0.0025,0,-999.0,1.5,0,0.7572055483752596,0.15156787847334652,-0.6106760497498998,0.6033013876119033,274,0.23269899056759888,0.23269899056759888,0.00014118110396742404,-0.12360507702100819
12,120,0.0025,0,-999.0,1.5,0,0.6834740669179513,0.13927647245164976,-0.5856608431415988,0.5706254615828131,277,0.24322356445474103,0.24322356445474103,0.0001307174891316865,-0.125022676040009
12,96,0.005,0,-999.0,1.5,1,0.8118508500080677,0.16043032554038605,-0.6310705027428032,0.5906396285434996,406,0.10044679794803905,0.35343372497104086,0.00011985224944676486,-0.12557294440384056
12,60,0.0,0,-999.0,0.75,1,0.4692542928183383,0.10111202699789268,-0.5011391324540615,0.4703071202956486,498,0.058646367698163164,0.22948866457057754,0.00014253523613356778,-0.12594218321435563
30,60,0.005,1,0.0,1.5,0,0.1866549728780742,0.04377427006573531,-0.37992140811745334,0.3792384002859505,531,0.03577693198742347,0.03577693198742347,0.00044865007536279097,-0.12722451397869383
48,120,0.0,0,-999.0,0.75,0,0.3509527833107531,0.07821361879336375,-0.45361053650104677,0.4163920745479038,308,0.1753102763528049,0.1753102763528049,0.000133432673524904,-0.12777204572976444
12,120,0.0025,0,-999.0,1.5,1,0.7404064498764451,0.14880189194040883,-0.6099033062372519,0.5675480984733943,433,0.09948700976336257,0.3869601191461195,0.00011000284880319965,-0.1277723562545474
20,200,0.0025,1,-999.0,999.0,0,0.20897218249183025,0.048654249650144976,-0.39054093057360395,0.3318845929860266,466,0.15747145457554196,0.15747145457554196,0.00013029942541435455,-0.13002198598735568
30,200,0.005,0,-999.0,0.75,1,0.281097873786625,0.0639775051614031,-0.4323035727946726,0.3888904319222888,500,0.0780738044017872,0.27764355452589773,0.00010541814261854001,-0.13272975963981876
48,120,0.0,0,-999.0,0.75,1,0.321702242173616,0.07232126686055951,-0.4536105365010482,0.4085757134385054,509,0.07324176733410558,0.27737878537150423,0.00011328139022829715,-0.13405521571803933
30,200,0.0025,0,-999.0,0.75,1,0.27111012609695373,0.06189481011495723,-0.43198743546592355,0.38511077385199,524,0.07655138176402448,0.29074962766837664,0.00010221015605297127,-0.13484336892540505
48,200,0.005,1,-999.0,1.5,1,0.16351743206228186,0.03864172169822866,-0.3820798906449693,0.3079079618462324,721,0.05841469468806884,0.19900711567102433,0.00012905645922085338,-0.13700282553194437
48,96,0.0,0,-999.0,0.75,0,0.3029518154859858,0.0684924919885308,-0.4553577751513749,0.38931671205345536,306,0.16961773953334436,0.16961773953334436,0.00012927756056980386,-0.13972055998448388
48,200,0.0,1,-999.0,1.5,1,0.24215497061995928,0.05578677947850941,-0.42980556024692995,0.35739724137118284,797,0.05464173423796128,0.22210822439185834,0.0001370782075099483,-0.14124613857639642
20,60,0.0025,0,-999.0,1.5,0,0.6265722394142981,0.1295117222848856,-0.5982926286076193,0.5517319849176675,260,0.21869932152904187,0.21869932152904187,0.0001357274040222684,-0.14204799277304067
30,200,0.005,0,-999.0,0.75,0,0.24320246104850907,0.05600959641802872,-0.43230357279467413,0.35593697411824515,307,0.17785867946384246,0.17785867946384246,0.00011062384616286807,-0.1423453412733961
48,200,0.0025,0,-999.0,0.75,0,0.22716949325022706,0.05258361483193008,-0.43238626932686963,0.3451067790134707,326,0.18828396491808705,0.18828396491808705,0.00010971326099253916,-0.1463541808808312
48,120,0.0,1,-999.0,999.0,0,0.19740467491176972,0.04613335779686145,-0.4188685491034708,0.3217322873582868,463,0.14976005295383088,0.14976005295383088,0.00013894859655157952,-0.14721430238695962
48,96,0.0,0,-999.0,1.5,1,0.6915806440290566,0.1406473945004023,-0.6332506504733392,0.5514743401670732,424,0.10653648849908985,0.4225384742677478,0.00010379712634713835,-0.14840421372791363
48,200,0.005,1,0.0,1.5,0,0.14758102109775106,0.03506191029555472,-0.4019975766562307,0.30728879379448343,714,0.047890120800926694,0.047890120800926694,0.00038274661067895624,-0.15057243834283646
30,60,0.005,1,0.0,0.75,0,-0.060549290518597476,-0.015514772978252656,-0.2633564735279469,-0.07821501796373315,344,0.02171107066026808,0.02171107066026808,0.0002097170409735,-0.15110376064041275
48,60,0.005,0,-999.0,1.5,1,0.5946728053236148,0.12392505467342585,-0.6027175173159522,0.5207842307770492,378,0.0972364719510177,0.35532020519609464,0.00010676047844428089,-0.1513944924456978
48,120,0.005,1,0.0,0.75,0,-0.09343805986257347,-0.024258513534276438,-0.24245013923610903,-0.13604001782442182,402,0.025682607976170776,0.025682607976170776,0.0001751600395358575,-0.15228558404355205
30,60,0.005,0,-999.0,1.5,1,0.5984815059102564,0.12459646667595892,-0.6113416906872191,0.5219128547420727,381,0.09343041535661095,0.338937613767996,0.00011038379470466715,-0.154978735930547
48,200,0.005,1,-0.2,1.5,0,0.09202030487891721,0.022282155706378592,-0.3772017925288499,0.22540568579696682,802,0.06807876882343207,0.06807876882343207,0.00027784022200771534,-0.15504845626819802
30,200,0.005,1,-0.2,1.5,0,0.07579600963036559,0.01845854455025453,-0.36964176786260217,0.20549827621047284,774,0.06655634618566937,0.06655634618566937,0.00026901927977677516,-0.1560874255705229
30,200,0.005,1,0.0,1.5,0,0.11600105103438785,0.027856497516116407,-0.3947385431254319,0.2645081451007454,694,0.04679794803905345,0.04679794803905345,0.00036405251028506503,-0.15628736679156227
20,60,0.0,0,-999.0,0.75,0,0.15836281731480084,0.03748787939692,-0.41772470958096863,0.29489925773494197,291,0.14592090021512494,0.14592090021512494,0.00011533912716511087,-0.15662951250681723
20,200,0.005,1,-0.2,1.5,0,0.07152278266096568,0.017444278356311793,-0.3682678076821899,0.20021218078353786,760,0.06569584643389045,0.06569584643389045,0.00026714720374929036,-0.15667901644560628
20,200,0.005,1,0.0,1.5,0,0.1131028211240408,0.027187601151378082,-0.39382787418167575,0.2604286095843715,684,0.04623531358596723,0.04623531358596723,0.0003630249406058791,-0.1567049054602412
12,200,0.005,1,0.0,0.75,0,-0.08260026036608947,-0.021351303571176317,-0.26181335678302087,-0.10451158322447297,444,0.028330299520105906,0.028330299520105906,0.0001993470924478211,-0.1574835611239104
20,200,0.005,1,0.0,0.75,0,-0.08616694796340185,-0.02230520186713192,-0.2616092530695757,-0.1135513521493122,445,0.02829720337580672,0.02829720337580672,0.00019525352484371175,-0.15878739600938538
30,200,0.005,1,0.0,0.75,0,-0.08211874322183588,-0.02122273658224505,-0.26567210955767495,-0.10443489305655716,453,0.028760549395995365,0.028760549395995365,0.00020182308353656326,-0.15928053601391037
48,200,0.005,1,-999.0,999.0,1,0.07683526995263579,0.01870476011799993,-0.38397988043627207,0.2726134605157567,736,0.07708092007281152,0.24693033261625022,0.00010591832952107655,-0.15965450707434828
20,60,0.005,1,0.0,1.5,0,0.12068296957656766,0.02893431411863978,-0.4055143915374583,0.2797451720657346,539,0.03610789343041536,0.03610789343041536,0.0003963190017955293,-0.15983562304680263
48,120,0.005,1,0.0,1.5,0,0.0548530362927091,0.01345842462753355,-0.36862410319945427,0.17550111753954234,621,0.04203210325997021,0.04203210325997021,0.0003297226485283552,-0.16207857109521648
30,60,0.0,0,-999.0,0.75,0,0.12590241430244498,0.03013190188741488,-0.4120375379236213,0.2722549722498542,286,0.14843620718186332,0.14843620718186332,0.00010698743197262012,-0.16227411846190307
20,60,0.005,0,-999.0,1.5,1,0.6281861298455962,0.1297921783990903,-0.6388934793367742,0.532165523499094,395,0.09395995366539799,0.3314578851563793,0.00011472761515487008,-0.1630462850943421
12,200,0.005,1,0.0,1.5,0,0.08453386106217398,0.020523140461528255,-0.3892082469624113,0.2194227615104471,680,0.0460367367201721,0.0460367367201721,0.0003444791464367552,-0.16310984494415504
30,200,0.0025,0,-999.0,0.75,0,0.1593964582399885,0.03771956435821866,-0.4319874354659228,0.3004803924767063,319,0.18365050471620056,0.18365050471620056,9.692366729650014e-05,-0.1632501337509074
12,60,0.005,1,0.0,0.75,0,-0.0872479789897821,-0.022594870983299375,-0.26858254432929307,-0.1383047772444689,365,0.022902531855038887,0.022902531855038887,0.00017397833552007836,-0.16380138201016936
12,200,0.0025,1,-999.0,999.0,0,0.14000950233138165,0.033348040788090616,-0.4227325236167325,0.28112787352075,468,0.1554525897732914,0.1554525897732914,0.00011911808739894342,-0.16396182734423814
12,200,0.005,1,-0.2,1.5,0,0.046302371850410085,0.011395551220993116,-0.3695554609600711,0.16847335109090833,757,0.06529869270230018,0.06529869270230018,0.00025592320640614665,-0.16495851170449702
20,60,0.0,0,-999.0,0.75,1,0.2875422282030169,0.06531486181446855,-0.5002009377703023,0.38683172451228165,480,0.05934138672844613,0.23250041370180374,0.00012123638334137527,-0.1654440208450685
20,60,0.005,1,0.0,0.75,0,-0.09303052761748043,-0.024148723977209685,-0.2689967424475266,-0.15740931673599953,347,0.021777262948866456,0.021777262948866456,0.00015811262688532609,-0.16651756103777296
48,120,0.005,1,-0.2,1.5,0,0.008102253721512742,0.0020222090425472405,-0.348723989751644,0.11607563890512063,695,0.059473771305642895,0.059473771305642895,0.00024045556215052067,-0.16653600388801873
48,120,0.005,0,-999.0,1.5,1,0.4228261774648674,0.09229626070042651,-0.5646059545782639,0.4647520368544524,387,0.11169948700976336,0.40532847923216947,9.034329848161717e-05,-0.16676911474598283
12,60,0.005,1,0.0,1.5,0,0.10766871698172809,0.025929911095899483,-0.4114501470948356,0.2582282037990424,559,0.03753102763528049,0.03753102763528049,0.0003812657064789518,-0.1668837522615662
48,200,0.0,1,-999.0,999.0,1,0.1574716873254125,0.03728801304530904,-0.44140231217645864,0.325417905456609,810,0.07400297865298693,0.27436703624027803,0.00011353575306099705,-0.16714224777008982
12,120,0.0,0,-999.0,0.75,1,0.2514336611383903,0.057755615993645426,-0.4873853921515031,0.37191132178945185,520,0.0661922885983783,0.25940757901704453,0.00011060280024897494,-0.16734151399263353
48,120,0.0025,1,-999.0,1.5,0,0.036157750271176736,0.008931674201717144,-0.3700232052357926,0.17461592228995862,432,0.11265927519443984,0.11265927519443984,0.00011208616761159657,-0.16734913230168122
30,120,0.0,0,-999.0,0.75,0,0.18987625204418435,0.04448287471414414,-0.4557950686720541,0.3197133064781556,304,0.16928677809035247,0.16928677809035247,0.00011123046314649092,-0.16742899429797514
30,120,0.005,0,-999.0,1.5,1,0.5094539528690445,0.10857798278405406,-0.6041067318457132,0.49301740315362935,387,0.10812510342545094,0.38798609961939434,9.687006733152275e-05,-0.16882451298112106
20,96,0.0025,0,-999.0,1.5,0,0.3996312168782692,0.08781099472941056,-0.5576281082576338,0.44266402263523086,267,0.23640575872910805,0.23640575872910805,0.00010751024859438215,-0.16886985826764478
30,120,0.0025,0,-999.0,1.5,1,0.45956574075522627,0.09928979107656533,-0.5881261119357463,0.4764234156930672,409,0.10481548899553202,0.40413701803739865,9.229248653712999e-05,-0.17095209410665446
30,60,0.0,0,-999.0,0.75,1,0.21322789934602748,0.0495771428432803,-0.4777887018538246,0.3500991941534532,476,0.05970544431573722,0.23716697004798942,0.00011103367540420323,-0.17181224837595935
12,60,0.0025,0,-999.0,1.5,1,0.646799058417121,0.1330117019111745,-0.6644528149065547,0.5382492669892075,457,0.08886314744332285,0.3406586132715539,0.000116184288319639,-0.17230224219264248
20,120,0.0,0,-999.0,0.75,0,0.16282031426166688,0.03848589870927266,-0.4520312914650154,0.3016407515816332,311,0.16660599040211815,0.16660599040211815,0.00010858249371693101,-0.17244770944415339
30,60,0.0,1,0.0,0.75,0,-0.10383295784996982,-0.027071499280232336,-0.2741644319857629,-0.17588929543917564,372,0.02359755088532186,0.02359755088532186,0.0001489198189004191,-0.17294818004507256
30,120,0.0,0,-999.0,0.75,1,0.20090445106989874,0.04689797851313049,-0.47723242834836477,0.349891920319767,503,0.07092503723316233,0.2676485189475426,0.00010339092761027173,-0.17422363964506354
48,120,0.005,1,-999.0,999.0,0,0.12215027055334549,0.02927140421555019,-0.4338720595137189,0.2659495414129368,435,0.14072480556015224,0.14072480556015224,0.00012187201759673298,-0.1743671484706624
20,96,0.0,0,-999.0,0.75,1,0.1893743362577358,0.04437255986046962,-0.47163533381494915,0.34020920716828323,502,0.06351150091014397,0.25196094654972695,0.0001055820522332619,-0.1744346466885908
12,60,0.0,0,-999.0,0.75,0,0.14468066081213315,0.034406396728294375,-0.4462502889213257,0.284536833493147,306,0.14406751613437035,0.14406751613437035,0.0001149235471984044,-0.17449190605771112
48,60,0.0,0,-999.0,0.75,0,0.12442683284440581,0.029793756348023503,-0.4366751394620729,0.2729234668740035,291,0.15492305146450439,0.15492305146450439,0.00010458290649017173,-0.1748976400393128
48,60,0.0025,0,-999.0,1.5,1,0.4638611695099035,0.10009879657370502,-0.5978625973370384,0.4751308534077479,401,0.09405924209829555,0.3709415853053119,9.702461644662885e-05,-0.17507595942442677
48,200,0.005,1,0.0,0.75,0,-0.09893501931364446,-0.025743027161200693,-0.2862921246118735,-0.13904083895293123,458,0.029256991560483205,0.029256991560483205,0.0001812001628653135,-0.175841131414784
30,60,0.0025,1,0.0,0.75,0,-0.12776520887897236,-0.03364208876235353,-0.26335647352794667,-0.24218378010560476,354,0.022240608969055106,0.022240608969055106,0.00010276697021166663,-0.1774295145316071
30,60,0.0,1,0.0,1.5,0,0.07913881817742308,0.01924986914056981,-0.42224110359327294,0.21405221920933135,571,0.03845771967565779,0.03845771967565779,0.00035497513734022794,-0.1811680716956001
48,60,0.0,0,-999.0,0.75,1,0.16227582041961996,0.038364142214196484,-0.4717743121597555,0.3256590562590335,480,0.06301505874565613,0.24683104418335264,0.00010294858753640778,-0.1812400610527296
20,96,0.005,0,-999.0,1.5,1,0.44011206202295083,0.09560335745350579,-0.6023591294931823,0.4655391882656707,396,0.09965249048485851,0.36144299189144463,9.673932832657404e-05,-0.1822992478798018
30,96,0.0,0,-999.0,0.75,1,0.1332063775561252,0.03180080941472285,-0.4613655846343224,0.3137987484826299,497,0.06652325004137018,0.25834850239947044,9.845785052179325e-05,-0.18319204547830686
20,120,0.0,0,-999.0,0.75,1,0.15801147155652484,0.037409091873068956,-0.47396322614140096,0.3273642368724525,510,0.06927023001820289,0.26394175078603344,0.00010022797287236003,-0.1832043093540089
30,60,0.0025,1,0.0,1.5,0,0.047753435298128366,0.011746512762116135,-0.4088101803715142,0.16422409874957178,545,0.036571239450604004,0.036571239450604004,0.00033365402789484416,-0.18444737248616236
20,200,0.0025,0,-999.0,0.75,1,0.12224033719008909,0.029292084890176318,-0.45891718284196314,0.308878082086887,523,0.07380440178719179,0.2838325335098461,8.968526890834247e-05,-0.1847226024264609
48,200,0.0025,1,-999.0,1.5,1,0.06240082059194396,0.0152689595091422,-0.4257015546975623,0.24263888719901952,759,0.056197253020023166,0.21035909316564622,0.00011194341052765199,-0.185449873479688
48,120,0.0,1,0.0,0.75,0,-0.1464396262209835,-0.03886366621075121,-0.2686040111313961,-0.2509938854750776,440,0.027999338077114015,0.027999338077114015,0.00011414840843918176,-0.18571536605020314
12,200,0.005,0,-999.0,0.75,0,0.04314301392454012,0.01063014899590442,-0.41446004637846934,0.21269897140493801,309,0.1710077775939103,0.1710077775939103,8.032906158251899e-05,-0.18596492562308334
20,200,0.005,0,-999.0,0.75,1,0.12233813533177207,0.029314539427361952,-0.4623519537184282,0.3070376773221729,498,0.07559159357934801,0.27152076783054774,9.112429954446285e-05,-0.1865095535657435
48,200,0.0025,1,-999.0,999.0,1,0.006702274575411504,0.001673666776226268,-0.3999704775554328,0.23173287945649737,774,0.07535992056925368,0.26083071322190965,9.519025373484516e-05,-0.18672492802866525
30,60,0.005,1,0.0,999.0,0,-0.05899749675208377,-0.015107921943692704,-0.347418199108641,0.02072623660483383,645,0.0463346020188648,0.0463346020188648,0.00024104685410333262,-0.18778070966777152
48,60,0.005,1,0.0,1.5,0,0.06361529895478424,0.015559382786195064,-0.42724984656020704,0.19014840015149545,549,0.03670362402780076,0.03670362402780076,0.0003466330132926973,-0.1885581204863337
20,200,0.005,0,-999.0,0.75,0,0.08127378772013483,0.01975430756636465,-0.44176301617929614,0.24253347604585743,309,0.17355618070494788,0.17355618070494788,8.638420653577021e-05,-0.18900052672099055
48,120,0.0025,1,0.0,0.75,0,-0.15351467912793315,-0.04086430707574318,-0.2721272513360776,-0.2743030391411903,418,0.026510011583650506,0.026510011583650506,9.510758989396599e-05,-0.19064308470084151
12,96,0.0,0,-999.0,0.75,1,0.14051655224463921,0.03346308145846777,-0.4812904690426878,0.3130312501327145,507,0.0646036736720172,0.24782392851232832,0.00010121347806885117,-0.19153059055624042
48,96,0.0,0,-999.0,0.75,1,0.16327740510880795,0.03858807766784578,-0.4933502004751369,0.33103430247076654,499,0.07218269071653152,0.2670527883501572,9.954476943247574e-05,-0.19153530744618436
30,96,0.005,1,0.0,1.5,0,0.05273305962314545,0.01294814596128746,-0.42785645801110694,0.17228696650561384,586,0.03908654641734238,0.03908654641734238,0.00033438171156631544,-0.19236573471898533
20,60,0.0,1,0.0,0.75,0,-0.1435414651978003,-0.03804772998456851,-0.28321232915088,-0.2734153998744634,379,0.023862320039715373,0.023862320039715373,8.974758324919584e-05,-0.19332466455373168
30,200,0.0,1,0.0,0.75,0,-0.1337346368069361,-0.03530201716691572,-0.296363774552578,-0.21149482360060654,496,0.0314082409399305,0.0314082409399305,0.0001488166358083598,-0.19405864562323505
20,96,0.005,1,0.0,0.75,0,-0.12740781584475758,-0.033542978431154724,-0.29740637523256175,-0.23886806758456602,379,0.023763031606817805,0.023763031606817805,0.00011467936935548956,-0.1941895694266639
12,96,0.0025,0,-999.0,1.5,1,0.5726349040728935,0.12001634882313827,-0.6806438788723861,0.5132527382494769,433,0.0960119146119477,0.36938606652325007,0.00010464302244156694,-0.19464295370058093
48,120,0.0025,0,-999.0,1.5,1,0.32820121345011377,0.07363883158078122,-0.5840467138743413,0.4315109639299379,412,0.10925037233162337,0.4231342048651332,8.328708158210812e-05,-0.1968089771598925
20,60,0.0025,1,0.0,0.75,0,-0.16609658437100927,-0.044453327466829506,-0.27253909720827185,-0.34152270617799635,360,0.02243918583485024,0.02243918583485024,4.027256314561994e-05,-0.19779901137986525
12,60,0.0025,1,0.0,0.75,0,-0.16488058546839246,-0.04410469564155983,-0.27440585140788687,-0.3303133564787377,379,0.02363064702962105,0.02363064702962105,5.499561165095509e-05,-0.19782328916944014
12,60,0.0,1,0.0,0.75,0,-0.1532495958972232,-0.040789122831596525,-0.2850516945238578,-0.2905169524880978,399,0.02518616581168294,0.02518616581168294,8.467499898641675e-05,-0.19784081771793033
48,60,0.005,1,0.0,0.75,0,-0.1341865305372294,-0.03542802472783024,-0.3000532103452854,-0.2637211097548818,355,0.022141320536157538,0.022141320536157538,9.184794383415606e-05,-0.19864068538821705
30,96,0.0,0,-999.0,0.75,0,0.06457759013217745,0.015789323014648193,-0.4528902696251267,0.233224400438558,303,0.16243587622042033,0.16243587622042033,9.23318217471414e-05,-0.19899459177598725
48,120,0.005,0,-999.0,0.75,0,0.06641030875508402,0.016226821946138337,-0.45391463911467644,0.22947744499218645,289,0.1630647029621049,0.1630647029621049,8.581867110039575e-05,-0.19925662536159056
12,200,0.005,1,-0.2,0.75,0,-0.162099720079938,-0.043308838167358754,-0.2918948504716711,-0.21908398702163737,516,0.04044348833360913,0.04044348833360913,0.00010655882197693279,-0.20021046275427618
20,96,0.0,0,-999.0,0.75,0,0.06598736675245132,0.01612590905696143,-0.45926300873562265,0.23089294970738616,305,0.15773622372993545,0.15773622372993545,9.320734473508544e-05,-0.20196094782548057
20,200,0.005,1,-0.2,0.75,0,-0.16708258569106282,-0.04473629795761036,-0.2916990640918208,-0.23070762184397836,516,0.04044348833360913,0.04044348833360913,0.00010139625961415406,-0.20212121109571968
12,120,0.0,0,-999.0,0.75,0,0.07518973510780991,0.01831482712169441,-0.46484503444711056,0.237815125082525,317,0.1627999338077114,0.1627999338077114,9.338378725713333e-05,-0.20221693384773462
30,200,0.0,1,-999.0,0.75,0,0.01665331321869057,0.004143261603147819,-0.42836139636653947,0.1457038176229824,363,0.0826410723150753,0.0826410723150753,0.00012585545567888757,-0.2027522456989728
30,60,0.0025,0,-999.0,1.5,1,0.4542353153038037,0.0982833677218038,-0.650395564050263,0.4702992308989042,404,0.08969055105080258,0.35479066688730765,9.919594446064221e-05,-0.2033994527583825
20,96,0.005,1,0.0,1.5,0,0.027154410014859964,0.006729793243475335,-0.4337348033684435,0.1307274169764992,583,0.038921065695846434,0.038921065695846434,0.0003136620929991579,-0.20360123759192145
12,120,0.005,1,0.0,0.75,0,-0.155996653183466,-0.04156911479264924,-0.2935774714959184,-0.3050720436676471,405,0.025252358100281317,0.025252358100281317,8.27202372193192e-05,-0.20361145272399078
20,200,0.0,1,0.0,0.75,0,-0.14967735186609343,-0.039777661878573345,-0.3032237815940839,-0.2489105607870179,486,0.030812510342545094,0.030812510342545094,0.00012624829071093075,-0.2038350807149662
30,120,0.0,1,-999.0,1.5,0,0.06598328173138701,0.016124934234956534,-0.46095317520989565,0.20728435533629005,437,0.1109713718351812,0.1109713718351812,0.0001288685701456252,-0.20398743560317678
30,200,0.005,1,-0.2,0.75,0,-0.16545783495973687,-0.04427014793483408,-0.29951805084995453,-0.2285019925928514,526,0.041105411219592915,0.041105411219592915,0.00010513188409675146,-0.20545427298945393
12,200,0.0025,0,-999.0,0.75,1,0.07427532738961085,0.018097951736453233,-0.4767626660589569,0.2817613763314993,521,0.07158696011914611,0.2798279000496442,8.542670815549445e-05,-0.20619531247645026
30,120,0.005,1,-999.0,1.5,0,-0.030052545335571446,-0.0076097003008865904,-0.407279612095766,0.09728305806953076,412,0.10418666225384743,0.10418666225384743,9.340785990465221e-05,-0.20638535344529307
30,200,0.0025,1,0.0,0.75,0,-0.16025517310221138,-0.042782037840709664,-0.29975329196407297,-0.28063372646106316,473,0.02985272215786861,0.02985272215786861,0.00010791613379706719,-0.2066903701457993
12,200,0.005,0,-999.0,0.75,1,0.07707609991310926,0.018761790739928674,-0.47967157329200605,0.28113619051645844,497,0.07390369022008936,0.26811186496773126,8.686381657199376e-05,-0.20701718638025143
12,200,0.0,1,0.0,0.75,0,-0.15338563269714578,-0.040827704071146886,-0.3093183128340852,-0.25456277218443646,485,0.030911798775442662,0.030911798775442662,0.00012122380322935194,-0.20821499909741129
30,120,0.005,1,0.0,1.5,0,-0.010267954599804341,-0.0025804603219834465,-0.418624013656442,0.06870644270802155,602,0.04044348833360913,0.04044348833360913,0.00027981390667717703,-0.20845714501480336
30,120,0.005,1,0.0,0.75,0,-0.17486866547264346,-0.04697967615140486,-0.2909111296797603,-0.35943544956413387,394,0.024822108224391858,0.024822108224391858,4.58738711224201e-05,-0.2104070134694917
48,200,0.0,1,0.0,1.5,0,0.015522532296336822,0.003863545581158201,-0.4441646947319954,0.11821587886662979,773,0.05172927353963263,0.05172927353963263,0.0002969571352248283,-0.212308007841508
12,200,0.0,1,0.0,1.5,0,-0.02516460741544102,-0.0063600853655548795,-0.41831688979186976,0.054858530941296654,733,0.04947873572728777,0.04947873572728777,0.00026905333536884673,-0.21277560371442492
20,60,0.0,1,0.0,1.5,0,0.015644389473109976,0.0038937000464482896,-0.4450690572916325,0.11231875127397584,583,0.039020354128744,0.039020354128744,0.0003042047835124057,-0.21302489103566916
20,200,0.0025,0,-999.0,0.75,0,-0.009430316969268104,-0.002369202096247025,-0.44145214660108856,0.17424754906580797,323,0.17881846764851894,0.17881846764851894,7.023121659263559e-05,-0.2143828979435009
48,200,0.0025,1,0.0,1.5,0,-0.007342160264970032,-0.001843136424996672,-0.4341844821644135,0.08227822641634724,743,0.049743504881681284,0.049743504881681284,0.00028269765203022153,-0.21482146618638606
12,200,0.0025,0,-999.0,0.75,0,-0.05730357446842527,-0.01466438126896108,-0.41413397239254346,0.13363647487158395,322,0.17570743008439516,0.17570743008439516,6.167237237455089e-05,-0.2150495437216536
20,96,0.0,1,0.0,0.75,0,-0.1676110850889515,-0.044888074298855773,-0.3077147570160542,-0.33018111534749633,407,0.025649511831871585,0.025649511831871585,6.573579250919264e-05,-0.2152545085742577
48,120,0.0025,1,0.0,1.5,0,-0.060936723935251624,-0.015616429292313883,-0.3982525596683407,-0.010858690156498289,642,0.043190468310441835,0.043190468310441835,0.0002407874484568835,-0.21528564363430916
48,200,0.0,1,0.0,0.75,0,-0.1510780580731539,-0.04017388368248298,-0.3255814554590819,-0.24666893935270326,502,0.032003971537315906,0.032003971537315906,0.00012918975470399183,-0.2152980583796591
20,200,0.0,1,0.0,1.5,0,-0.005974793032414327,-0.0014991073013880252,-0.4373773906449022,0.08445792881658461,737,0.049578024160185336,0.049578024160185336,0.000282606639991318,-0.2159649061830099
30,60,0.005,1,-0.2,1.5,0,-0.04645171904191603,-0.011836990580190387,-0.411085155262924,0.02809820702417412,578,0.050405427767665066,0.050405427767665066,0.0002022989705519347,-0.21597465786044368
12,96,0.0,0,-999.0,0.75,0,0.039104355126467594,0.009649188073945103,-0.47275442643859367,0.20952610623578813,313,0.15621380109217275,0.15621380109217275,8.884889737044001e-05,-0.2162517198335623
48,96,0.005,1,0.0,0.75,0,-0.17773152202501163,-0.04780853232886939,-0.3003871369909952,-0.365755288355265,392,0.02475591593579348,0.02475591593579348,4.022961783412142e-05,-0.21628986524213023
48,96,0.005,0,-999.0,1.5,1,0.3562929335168248,0.07927901361023881,-0.6355587414030115,0.437592221180184,382,0.10855535330134039,0.3883501572066854,8.786335300879507e-05,-0.21662074603225773
20,200,0.0025,1,0.0,0.75,0,-0.17666494976353475,-0.047499485125214624,-0.3065802533600178,-0.3211982587927189,463,0.029223895416184014,0.029223895416184014,8.209511922158495e-05,-0.21684952474485947
20,60,0.005,1,0.0,999.0,0,-0.09639982512917078,-0.025057529344202134,-0.3801622791221625,-0.034511150392425013,651,0.046698659606155886,0.046698659606155886,0.00021295984218166472,-0.21686422642490463
12,200,0.0025,1,0.0,0.75,0,-0.17002316884085322,-0.045581703800616324,-0.31264542636204573,-0.3029127059369083,460,0.029223895416184014,0.029223895416184014,8.986642696398006e-05,-0.21705005227848462
48,120,0.0025,0,-999.0,0.75,0,0.00034420467288098777,8.615801220912545e-05,-0.4536105365010472,0.17953464542460498,297,0.16789674002978652,0.16789674002978652,7.291144980788937e-05,-0.21774237796708423
30,96,0.005,1,0.0,0.75,0,-0.16659233600402157,-0.044595570837913656,-0.3134727334509869,-0.33995965496217834,387,0.024027800761211318,0.024027800761211318,5.586973058702019e-05,-0.21832992031151605
30,200,0.0,1,0.0,1.5,0,-0.006132470323433448,-0.0015387607502498346,-0.44228140018521134,0.08427248733810387,750,0.05033923547906669,0.05033923547906669,0.00028254907644505525,-0.2184658364759503
12,96,0.005,1,0.0,0.75,0,-0.17095192243540291,-0.04584918327890808,-0.31058170225020565,-0.3479046405487908,388,0.02435876220420321,0.02435876220420321,4.928488853023594e-05,-0.21853526643145044
12,60,0.0,1,0.0,1.5,0,0.00504167299601499,0.0012597678643795351,-0.4496859926028557,0.09620235855920314,605,0.04070825748800265,0.04070825748800265,0.0002935487133610088,-0.21877311050908815
20,96,0.0025,1,0.0,0.75,0,-0.18984013338960992,-0.0513383410642122,-0.29740637523256175,-0.39790343284454,389,0.02429256991560483,0.02429256991560483,1.883489414286848e-05,-0.21993670032272009
20,60,0.0025,0,-999.0,1.5,1,0.4295199897092763,0.09358046062578063,-0.6732814450516609,0.46041812788683656,422,0.0896243587622042,0.34777428429587953,9.978746778571943e-05,-0.22003935550570797
48,120,0.0025,1,-999.0,999.0,0,-0.02799810254256374,-0.007083902481923365,-0.43995754774505436,0.14005018322936008,448,0.14459705444315737,0.14459705444315737,8.773154569405779e-05,-0.22006016719298255
48,96,0.0,1,-999.0,1.5,0,0.033922382093307224,0.00838632916838078,-0.4751846215023573,0.17831076875282312,440,0.11110375641237796,0.11110375641237796,0.00012055497359359642,-0.22029044314515672
20,60,0.0025,1,0.0,1.5,0,-0.02010153217492472,-0.005070638907680114,-0.4359574080597205,0.0506687863413779,556,0.03703458547079265,0.03703458547079265,0.00027512302460599644,-0.22051590362047147
20,120,0.005,1,0.0,0.75,0,-0.17771021655020014,-0.047802355969234545,-0.3095368959198229,-0.36648500822295305,398,0.02485520436869105,0.02485520436869105,4.397348933777152e-05,-0.22089505434029366
30,200,0.0025,1,0.0,1.5,0,-0.029581873147339066,-0.007489166515809664,-0.43226737242142765,0.04581102875866713,719,0.04828727453251696,0.04828727453251696,0.0002665543064563639,-0.22133230128859013
48,120,0.005,1,-0.2,0.75,0,-0.19098458533868412,-0.05167400385656962,-0.31036289256258265,-0.2938513933270205,467,0.03637266258480887,0.03637266258480887,6.147113586587712e-05,-0.22154801980421196
48,60,0.0,1,0.0,0.75,0,-0.17742388650482788,-0.047719361837274765,-0.31232028818421886,-0.3647552696243994,384,0.024027800761211318,0.024027800761211318,3.649265557330409e-05,-0.22211726941060417
12,120,0.005,1,0.0,1.5,0,-0.004338443445920714,-0.0010878683129692535,-0.4502172779941307,0.08018172595579821,616,0.041337084229687245,0.041337084229687245,0.0002854258881810234,-0.2221874210122447
48,96,0.005,1,-999.0,1.5,0,-0.056781822067288434,-0.0145278847317315,-0.4229715948401056,0.06779808953979632,414,0.10431904683104418,0.10431904683104418,8.527563860585098e-05,-0.2226237776747945
30,120,0.0,1,-999.0,999.0,0,-0.02492346406052448,-0.006298558086750061,-0.4481006075180488,0.1504317652878684,456,0.14290915108389873,0.14290915108389873,9.475483252047222e-05,-0.22282727358138105
20,96,0.0025,0,-999.0,1.5,1,0.3033050684272869,0.0685650056290783,-0.6244676852737704,0.4133585594083531,421,0.0957471454575542,0.3770643720006619,8.645055321789067e-05,-0.22300090903738923
48,200,0.0,1,-0.2,1.5,0,-0.03626989111356016,-0.009206021825053923,-0.435985611118584,0.06355944195667329,867,0.07340724805560152,0.07340724805560152,0.0002175832573383666,-0.22402085528651228
20,120,0.005,1,0.0,1.5,0,-0.02325716719814197,-0.005873716983130661,-0.44269691230219776,0.04671954929175587,607,0.0405427767665067,0.0405427767665067,0.00027051046632277874,-0.22488619566964174
48,120,0.0,1,0.0,1.5,0,-0.06726622118861869,-0.01728165766215506,-0.414826103160178,-0.019560039054105735,671,0.04507694853549561,0.04507694853549561,0.000237276402333653,-0.22567271119494933
30,200,0.0,1,-0.2,1.5,0,-0.04454038622929568,-0.011341504889674225,-0.4340746040040301,0.05067848150735705,836,0.07158696011914611,0.07158696011914611,0.0002111684414071252,-0.22584488281632142
20,200,0.0025,1,0.0,1.5,0,-0.046281408081422004,-0.011792809700059248,-0.4310965613498031,0.018572145948682853,706,0.04742677478073804,0.04742677478073804,0.000254644810056316,-0.22641248307752668
48,60,0.0025,1,0.0,0.75,0,-0.19846210236294137,-0.05387593292513193,-0.30208048445302293,-0.4318861805414394,366,0.022703954989243755,0.022703954989243755,-1.3799162194609173e-05,-0.22651048417871536
48,200,0.0025,1,0.0,0.75,0,-0.17620837753920093,-0.04736728167675286,-0.32883022707811393,-0.3134188728505904,480,0.030481548899553203,0.030481548899553203,8.966858241837288e-05,-0.22745333885833935
12,200,0.0025,1,0.0,1.5,0,-0.06690535775576634,-0.01718649070229661,-0.41946462195064593,-0.015447246104955447,700,0.04719510177064372,0.04719510177064372,0.00023849465695679374,-0.22769116398286735
12,60,0.005,1,0.0,999.0,0,-0.1180180130549916,-0.03094988398299403,-0.3885331113715744,-0.0652143854885223,672,0.04828727453251696,0.04828727453251696,0.00019758152094880753,-0.22847715894320736
48,96,0.005,0,-999.0,0.75,0,-0.03177596805888927,-0.008051423791631818,-0.4556609053087688,0.14676829691895502,287,0.1581995697501241,0.1581995697501241,6.667954576569661e-05,-0.22854346160006847
20,60,0.005,1,-0.2,1.5,0,-0.05273384011253901,-0.013470803801026832,-0.4325239727462432,0.0198474690154242,587,0.05096806222075128,0.05096806222075128,0.0001994183861135067,-0.22874041672337722
48,96,0.0,1,-999.0,999.0,0,-0.025137163453901046,-0.0063530825144501035,-0.46052920988437773,0.15096802068674964,458,0.14294224722819793,0.14294224722819793,9.526189307832877e-05,-0.22906928642230148
30,60,0.005,1,-0.2,0.75,0,-0.23385676093323293,-0.06451280693059602,-0.2865282636739822,-0.4331656703386538,390,0.031011087208340227,0.031011087208340227,-3.390330744121095e-05,-0.22943522228451982
48,200,0.0025,1,-0.2,1.5,0,-0.07479942041457344,-0.019274645748082686,-0.42136179930095374,0.008757676187034666,834,0.07059407579017045,0.07059407579017045,0.0001986414630115779,-0.22951766158920783
12,60,0.0025,1,0.0,1.5,0,-0.03621338531239948,-0.009191479081152587,-0.44333756413912906,0.024944819058200927,577,0.03852391196425616,0.03852391196425616,0.0002606882422156537,-0.22961302019780708
48,200,0.005,1,-0.2,0.75,0,-0.1993454906478902,-0.0541370829578971,-0.32160726863885947,-0.29570835497011044,536,0.04170114181697832,0.04170114181697832,7.542252742020348e-05,-0.22972613502583236
30,200,0.005,1,-999.0,1.5,1,-0.04551696046204767,-0.011594574858943774,-0.4519965644048677,0.1555164830633336,706,0.05659440675161344,0.19103094489491973,9.663169533495428e-05,-0.22981703290821093
30,120,0.0,1,0.0,0.75,0,-0.21338721026369312,-0.05831743834730074,-0.2997299859018556,-0.44573583746703643,429,0.026973357603839152,0.026973357603839152,7.506788307445429e-06,-0.23046922317158036
20,120,0.0,1,-999.0,999.0,0,-0.04541550401277794,-0.011568274347500185,-0.45108419435511793,0.13272441337700122,456,0.1417507860334271,0.1417507860334271,9.053902242198271e-05,-0.2304741508562091
20,200,0.0,1,-0.2,1.5,0,-0.06770035184918999,-0.017396183250078523,-0.4287136172436373,0.018719657577514957,819,0.0704285950686745,0.0704285950686745,0.0001991660290978696,-0.23081700899302143
30,200,0.0,1,-999.0,1.5,1,0.05076812237053829,0.012474496946922375,-0.5117272723298271,0.2389152304287403,777,0.052589773291411554,0.21264272712229026,0.00011357967852235949,-0.23144337769655415
30,200,0.0025,1,-0.2,1.5,0,-0.08375168585617676,-0.021658943991093138,-0.4194012434355586,-0.006264181945080306,802,0.06870759556511666,0.06870759556511666,0.00019087424556488427,-0.23167277480612647
12,120,0.0,1,0.0,0.75,0,-0.2132298678419392,-0.05827028725815053,-0.3035913998785199,-0.4375804837802737,443,0.027569088201224556,0.027569088201224556,1.701899884741011e-05,-0.23194501138642418
12,96,0.005,1,0.0,1.5,0,-0.018289333592635515,-0.004610328223045523,-0.4607305891034037,0.05544970259545819,594,0.03988085388052292,0.03988085388052292,0.0002739800580378503,-0.23220313764497447
48,120,0.0025,0,-999.0,0.75,1,-0.03586068488611194,-0.009100719977865102,-0.46786422543629314,0.21294095832385315,484,0.07109051795465829,0.2647029621049148,7.341680850102336e-05,-0.232385784779819
48,120,0.0025,1,-0.2,1.5,0,-0.12669467147921898,-0.033345303945392146,-0.3905157988817669,-0.07792656488101216,718,0.061161674664901536,0.061161674664901536,0.00016322147309702958,-0.23249953163032622
48,96,0.005,1,-999.0,999.0,0,-0.0956510193346165,-0.024855333624669518,-0.4233979561522724,0.06870043311535873,430,0.13430415356610956,0.13430415356610956,7.163563732376062e-05,-0.23311929004503779
48,120,0.005,0,-999.0,0.75,1,-0.054060334846851577,-0.013816827994524883,-0.4629909029771292,0.19808783086311102,466,0.07218269071653152,0.2539467152076783,7.171865125913185e-05,-0.23540788793993392
48,96,0.0,1,0.0,0.75,0,-0.21748571256219706,-0.05954814220412663,-0.30907556593412777,-0.45540245731133905,427,0.026907165315240775,0.026907165315240775,6.750724839942765e-08,-0.23685604803675747
30,200,0.005,1,-999.0,999.0,1,-0.11877683838347441,-0.031158670945751754,-0.4276368542199104,0.13691792953805976,722,0.07483038226046665,0.23859010425285454,7.889536789231665e-05,-0.23813120157880396
48,96,0.0025,0,-999.0,1.5,1,0.2523065625871477,0.05794027229779153,-0.6339253087058012,0.39800272159268024,405,0.10587456561310607,0.40433559490319376,7.990061990743557e-05,-0.23912224597547507
48,96,0.0025,0,-999.0,0.75,0,-0.06823879697236834,-0.017538283010173572,-0.45535777515137366,0.1180526788254052,295,0.16233658778752275,0.16233658778752275,5.9250810310361e-05,-0.23931453664459013
48,96,0.005,1,0.0,1.5,0,-0.06345100558662664,-0.016276901686740453,-0.44381159316442587,-0.02495161668078901,601,0.04017871917921562,0.04017871917921562,0.00023534360951082742,-0.23943027910299283
12,200,0.0,1,-0.2,1.5,0,-0.11485782220580298,-0.03008181883433203,-0.4143047324167697,-0.048090075548641024,816,0.07019692205858018,0.07019692205858018,0.00017494633148152847,-0.23963868882014894
12,96,0.0,1,0.0,0.75,0,-0.21872150893451192,-0.059920176849049045,-0.31424810448319973,-0.4567713442126871,422,0.026576203872248884,0.026576203872248884,-4.741476507639654e-06,-0.23988279630128326
48,60,0.0025,1,0.0,1.5,0,-0.05556586731727331,-0.014209996262576685,-0.45084126945232583,-0.013301429431584822,564,0.0374979314909813,0.0374979314909813,0.0002420314401508588,-0.24029570246031884
20,120,0.0,1,0.0,0.75,0,-0.21518671209953077,-0.058857201815866955,-0.31811169483340007,-0.4499893293559059,433,0.02703954989243753,0.02703954989243753,7.218180297989631e-06,-0.2404125157003623
30,120,0.005,1,-999.0,999.0,0,-0.10455968183300635,-0.027269072661657123,-0.4322220340605042,0.058536228397031945,428,0.13410557670031442,0.13410557670031442,6.866012602577957e-05,-0.24045327827205762
20,120,0.0,1,-999.0,1.5,0,-0.0015474813609294147,-0.0003876255738725076,-0.49451555381495094,0.1437718139487085,439,0.11034254509349661,0.11034254509349661,0.00011027199700973778,-0.24045681178391254
30,200,0.0,1,-999.0,999.0,1,-0.0023875121614168604,-0.0005982318710604506,-0.5043910964942464,0.23081287374914408,788,0.07115671024325666,0.26410723150752935,9.616918517412487e-05,-0.24125313643072643
20,60,0.005,1,-0.2,0.75,0,-0.24496857432768493,-0.06792805608160435,-0.301551747120392,-0.4547140200149262,397,0.031242760218434553,0.031242760218434553,-4.453567291412323e-05,-0.24143963064254667
48,120,0.0,1,-999.0,0.75,0,-0.04645936289670671,-0.011838973634329286,-0.46642211729027117,0.06993702031215746,330,0.07214959457223233,0.07214959457223233,0.00010408438276647031,-0.241553181263857
20,120,0.005,1,-999.0,1.5,0,-0.08473788785329861,-0.021922670138154965,-0.4441533875953173,0.03314495866706985,412,0.10362402780076121,0.10362402780076121,7.537380532685931e-05,-0.2423421160024601
48,200,0.0,1,-999.0,0.75,0,-0.055232576364112496,-0.014122917198154172,-0.46361025107120024,0.06702627860886419,374,0.08429587953003476,0.08429587953003476,9.761491253816311e-05,-0.24257672880331108
30,200,0.0,1,-0.2,0.75,0,-0.22503792139253453,-0.06182864355108808,-0.3275329934941551,-0.34260196171679325,575,0.04484527552540129,0.04484527552540129,6.172853524627166e-05,-0.24272523838400528
12,120,0.0025,1,0.0,0.75,0,-0.22882772266508866,-0.06297931332806961,-0.310069130093638,-0.49484034350214046,419,0.0259142809862651,0.0259142809862651,-2.4739196523648668e-05,-0.24275589554999563
30,96,0.0,1,0.0,0.75,0,-0.2103018953704644,-0.05739414341944438,-0.32728544223997047,-0.44256290698328155,417,0.02594737713056429,0.02594737713056429,4.4228632216462615e-06,-0.2431650098885937
30,96,0.005,1,-0.2,1.5,0,-0.08228770073990666,-0.021267843150974297,-0.44219601444654877,-0.02161107898150541,648,0.05523746483534668,0.05523746483534668,0.00018506038432817735,-0.24344640432332396
20,120,0.005,1,-999.0,999.0,0,-0.11905758197176375,-0.031235950284999037,-0.42921635468899144,0.04353298284433738,426,0.132980307794142,0.132980307794142,6.489105531038392e-05,-0.24366747848727788
20,200,0.0025,1,-0.2,1.5,0,-0.12148571555536736,-0.0319051059765979,-0.4178117406410139,-0.06171707849807068,785,0.06744994208174748,0.06744994208174748,0.00016964601727485534,-0.2438968302220084
48,120,0.0,1,-0.2,1.5,0,-0.12940830113508128,-0.03409813446028265,-0.4119084308616937,-0.07973055795213607,749,0.06371007777593911,0.06371007777593911,0.0001638026725067622,-0.2440388777887363
12,60,0.005,1,-0.2,1.5,0,-0.09040120452559675,-0.02344126954166248,-0.4379398921139357,-0.03639475511399454,616,0.05295383087870263,0.05295383087870263,0.00017671391962828986,-0.24423095335433004
48,60,0.005,1,-0.2,1.5,0,-0.08509142620547261,-0.022017263805476084,-0.44206865258188865,-0.03156505638392871,604,0.0518285619725302,0.0518285619725302,0.0001790743160606293,-0.24462984291561685
48,60,0.0,1,0.0,1.5,0,-0.04528940597168307,-0.011535588927475304,-0.46872790399219844,0.00715780663393401,589,0.03921893099453914,0.03921893099453914,0.0002520978739327975,-0.24554165059187782
30,96,0.0025,1,0.0,0.75,0,-0.2284621914135353,-0.06286814525674222,-0.315461140244619,-0.5037023226864539,398,0.024590435214297535,0.024590435214297535,-4.084936108260517e-05,-0.24578383151337443
12,200,0.0025,1,-0.2,1.5,0,-0.13946414745235347,-0.03690331599562391,-0.4116032690781143,-0.0890285852649986,781,0.06701969220585802,0.06701969220585802,0.0001595311542447974,-0.24715637979793098
30,96,0.0025,1,0.0,1.5,0,-0.07318467149915908,-0.018846425175932935,-0.45609190070465133,-0.04060847007287749,601,0.039913950024822106,0.039913950024822106,0.0002290250795375357,-0.24892279903190248
30,60,0.0,1,0.0,999.0,0,-0.16672641972065205,-0.04463405366100959,-0.3949393945942181,-0.14175336966377342,689,0.049313255005791826,0.049313255005791826,0.00016136690105299497,-0.24919141944130732
30,60,0.0025,1,0.0,999.0,0,-0.18880293942018544,-0.051034443485330594,-0.3792222243297726,-0.18158392471155885,663,0.047393678636438855,0.047393678636438855,0.00013917717471023975,-0.24972475188579482
30,120,0.005,1,-0.2,1.5,0,-0.10860569016936783,-0.02837125804057483,-0.43735912011599276,-0.060981295447003585,671,0.057123945060400465,0.057123945060400465,0.00016943406903038706,-0.2500998828709214
12,200,0.005,1,-999.0,1.5,1,-0.09397935312924166,-0.02440439565419228,-0.46379525940951405,0.11256779071199255,692,0.05407909978487506,0.18394837001489325,8.858150781378134e-05,-0.25067363582334967
30,120,0.0025,1,0.0,0.75,0,-0.23746919937108746,-0.06561900334967286,-0.3178002450679074,-0.5259300137102392,406,0.025417838821777262,0.025417838821777262,-4.917786748256618e-05,-0.25081562656913853
12,120,0.005,1,-999.0,999.0,0,-0.1491397660678434,-0.03962572335972314,-0.4267041387875701,0.011195374602442475,422,0.1338408075459209,0.1338408075459209,5.5204053509006554e-05,-0.25241802402338603
20,120,0.0025,1,0.0,0.75,0,-0.2400951694773351,-0.06642559306121587,-0.3201495746444486,-0.5327126086813219,410,0.025450934966076453,0.025450934966076453,-5.091016264728152e-05,-0.25313601081750625
48,96,0.0025,1,0.0,0.75,0,-0.24065019101285456,-0.06659634019808192,-0.3206461258069736,-0.5332749086518834,405,0.025384742677478075,0.025384742677478075,-5.513278357039107e-05,-0.25358314853416286
20,200,0.0,1,-999.0,0.75,0,-0.07241596315355114,-0.018642765363415248,-0.47774914720164285,0.04292730101266498,364,0.07976170776104584,0.07976170776104584,9.159028611184339e-05,-0.2553709739136034
12,96,0.0025,1,0.0,0.75,0,-0.2410296915772161,-0.06671314382861138,-0.32389938039718935,-0.5344014023574238,401,0.025020685090186994,0.025020685090186994,-5.924314169338855e-05,-0.25538290414507725
48,120,0.005,1,0.0,999.0,0,-0.21307457629384907,-0.058223757688826594,-0.37413698827870234,-0.20381444438768995,746,0.05345027304319047,0.05345027304319047,0.00013480667905072815,-0.25548297404756226
30,96,0.0,1,0.0,1.5,0,-0.06557354641486968,-0.01683550384960042,-0.47519678231302587,-0.024658636356055887,627,0.041668045672679135,0.041668045672679135,0.0002371543381097186,-0.25566682682391617
12,200,0.0,1,-999.0,1.5,1,-0.0386063334439658,-0.009807906053025839,-0.5097531106323843,0.17443860016208165,765,0.04977660102598047,0.20506371007777593,0.00010156601205965526,-0.2559625313611139
20,200,0.005,1,-999.0,1.5,1,-0.11439800289349056,-0.02995570589234975,-0.4620559579276561,0.0964866132525058,697,0.055204368691047494,0.1854046003640576,8.471611590038532e-05,-0.2561593541935525
20,96,0.0,1,0.0,1.5,0,-0.07489310769344326,-0.019299508176708557,-0.47238179262709123,-0.04102261712078508,623,0.04156875723978157,0.04156875723978157,0.0002282259514914886,-0.2575415353462934
12,60,0.005,1,-999.0,999.0,0,-0.19257040609153975,-0.05213970706256599,-0.4060194636315446,-0.049841215636057076,395,0.1204368691047493,0.1204368691047493,3.983637674367989e-05,-0.25764149966014116
20,96,0.0025,1,0.0,1.5,0,-0.0930771064275675,-0.024161270478848973,-0.46011646936214357,-0.07673916045502685,597,0.03971537315902697,0.03971537315902697,0.0002104696589363629,-0.2580564631826721
30,200,0.0025,1,-0.2,0.75,0,-0.24779321139598753,-0.06880221802279973,-0.3397144379698265,-0.4002823726267795,546,0.042760218434552376,0.042760218434552376,2.9404513293355606e-05,-0.2586735556390519
12,60,0.005,1,-0.2,0.75,0,-0.2598492034297425,-0.07256118342236895,-0.3244431310714567,-0.4839475501185097,420,0.032765182856197256,0.032765182856197256,-4.987453832417494e-05,-0.2589801264640228
20,200,0.005,1,0.0,999.0,0,-0.16871110771383746,-0.045204214531493925,-0.41558406241805745,-0.12374798815378271,814,0.05818302167797452,0.05818302167797452,0.00017663326894230838,-0.2591836451482118
20,96,0.005,1,-0.2,1.5,0,-0.13029134217100402,-0.034343492041771895,-0.44131698894415583,-0.09939084989107178,635,0.0548734072480556,0.0548734072480556,0.00014966796684290427,-0.2599715290084034
30,200,0.005,1,-999.0,0.75,0,-0.1591200538410824,-0.042458280219156874,-0.42474879423080447,-0.11118398856763681,338,0.07628661260963097,0.07628661260963097,3.5925775488710986e-05,-0.26039187676294095
20,60,0.005,1,-999.0,999.0,0,-0.20439413873463153,-0.055633739403661675,-0.40817853980990637,-0.06666825153208437,390,0.11709415853053119,0.11709415853053119,3.540499895828097e-05,-0.2630564218852191
20,200,0.0,1,-999.0,1.5,1,-0.03296669598435309,-0.008356958860397112,-0.5275321686872227,0.17925168098128147,768,0.05073638921065696,0.20628826741684594,0.00010241641550773234,-0.2631604591549444
30,200,0.005,1,0.0,999.0,0,-0.17323765816687464,-0.04650842936692012,-0.4211467218773749,-0.13077937537106993,825,0.05874565613106073,0.05874565613106073,0.00017495591907005733,-0.26362075907416105
20,96,0.005,1,-0.2,0.75,0,-0.26188037148293475,-0.07319899597361812,-0.33289565098253815,-0.488772066823206,428,0.033791163329472115,0.033791163329472115,-4.709853021524195e-05,-0.2640854248060475
12,60,0.005,0,-999.0,0.75,0,-0.17527757726686588,-0.04709793246600402,-0.432784344941316,-0.01714714984213775,287,0.1347674995862982,0.1347674995862982,3.063498281996088e-05,-0.26434746242876894
48,200,0.005,1,0.0,999.0,0,-0.1596115396551,-0.04259842108566625,-0.43277909282773996,-0.10789024771839636,845,0.05993711732583154,0.05993711732583154,0.00018658665874141215,-0.26438247988545605
20,60,0.005,0,-999.0,0.75,0,-0.19950981380502153,-0.054185684512431886,-0.41751887637931795,-0.04012721507101169,272,0.13642230680125766,0.13642230680125766,2.2222735919160627e-05,-0.26495148345564146
30,120,0.005,0,-999.0,0.75,0,-0.14676913969468275,-0.03895656749398524,-0.4560979554460889,0.03879115751476299,287,0.1582657620387225,0.1582657620387225,3.962773441164355e-05,-0.26506598734129155
30,120,0.0025,1,0.0,1.5,0,-0.13018445300851078,-0.034313782395607895,-0.4473150800429323,-0.1444410382510871,618,0.04130398808538805,0.04130398808538805,0.00017786100372122298,-0.2651933743296284
12,120,0.0,1,-999.0,999.0,0,-0.10562198903143516,-0.02755809695527378,-0.48360423019407994,0.07869256271481084,455,0.14304153566109548,0.14304153566109548,7.455562407101158e-05,-0.2654255839165732
20,60,0.0,1,-999.0,999.0,0,-0.13482871002516528,-0.035607177048835315,-0.46580933593380014,0.03969058058948961,421,0.125632963759722,0.125632963759722,6.756605241601118e-05,-0.2665273159862609
30,120,0.0,1,0.0,1.5,0,-0.11614949766316685,-0.0304363448367706,-0.46253732602896025,-0.11394333409077052,648,0.04325666059904021,0.04325666059904021,0.00019465312398545258,-0.26740217455578924
48,60,0.005,1,-0.2,0.75,0,-0.26297226573051,-0.07354240855409644,-0.3393284353167868,-0.5035821155049107,410,0.03167301009432401,0.03167301009432401,-6.277510882193242e-05,-0.26838573198773535
30,200,0.0025,1,-999.0,999.0,1,-0.16431746001316394,-0.04394337419707983,-0.46005480152663014,0.10596950129703545,755,0.07231507529372828,0.2509018699321529,7.126005850191308e-05,-0.26867229989554314
20,200,0.0,1,-0.2,0.75,0,-0.2549935446880468,-0.0710417454550809,-0.3548239888974569,-0.4084375756184473,563,0.043951679629323184,0.043951679629323184,2.8835689740471502e-05,-0.26887561868473175
30,200,0.0025,1,-999.0,1.5,1,-0.12823654989509292,-0.03377284510152212,-0.47946094337316414,0.09083271311710842,741,0.05378123448618236,0.20112526890617244,8.092743257836105e-05,-0.2689616811322488
12,120,0.0,1,0.0,1.5,0,-0.09598302512681345,-0.024944967744945257,-0.48154786961967844,-0.07225368725792737,666,0.0445143140824094,0.0445143140824094,0.0002141565367893456,-0.26933158691768083
30,96,0.005,1,-999.0,1.5,0,-0.165280465654296,-0.04421930089549164,-0.4455207689120988,-0.0735205736592488,404,0.09958629819626014,0.09958629819626014,4.534520847216409e-05,-0.2706557140345035
48,200,0.0,1,-0.2,0.75,0,-0.25779389805842134,-0.07191712567671726,-0.35715511746992157,-0.40927555856863906,586,0.045540294555684264,0.045540294555684264,3.4159571800110586e-05,-0.27095846234011
30,60,0.0,1,-0.2,1.5,0,-0.1390407065000947,-0.03678469853485855,-0.4576322854214433,-0.11565570624055346,622,0.05421148436207182,0.05421148436207182,0.00014087744599219486,-0.2713836265576079
12,60,0.0025,0,-999.0,0.75,1,-0.051238149889848095,-0.013081079366143555,-0.5356838598552742,0.17982736445450093,475,0.05699156048320371,0.21869932152904187,7.629584835138155e-05,-0.2719316410710556
30,60,0.0,1,-999.0,999.0,0,-0.1598237814412612,-0.042658958100249444,-0.46009708916578407,0.013158846344625157,422,0.12424292569915604,0.12424292569915604,6.025201179993917e-05,-0.2720495603659102
20,120,0.005,1,-0.2,1.5,0,-0.146463497824874,-0.038870395540889224,-0.4553958192673724,-0.12177350866846895,674,0.0573225219261956,0.0573225219261956,0.0001448287519046641,-0.27265698060799887
20,120,0.005,0,-999.0,0.75,0,-0.16183019171704183,-0.043231807000672196,-0.46131468144379373,0.02185214481162798,291,0.1561476088035744,0.1561476088035744,3.629876739866018e-05,-0.27279654048198765
12,200,0.005,1,0.0,999.0,0,-0.20428244231776693,-0.05560055043092249,-0.4164989770097306,-0.18070559045788076,806,0.05765348336918749,0.05765348336918749,0.00015064084028869703,-0.2728853184586818
12,96,0.0,1,0.0,1.5,0,-0.09890451863389149,-0.02573477141464131,-0.4868929418185177,-0.08037413733223782,640,0.04295879530034751,0.04295879530034751,0.000208433905195486,-0.27319994919051205
48,120,0.0,1,-0.2,0.75,0,-0.2549256937980111,-0.07102056614450969,-0.361888382682774,-0.42542798315475366,509,0.0396160847261294,0.0396160847261294,7.0813120852944684e-06,-0.2732361566436344
20,60,0.0025,0,-999.0,0.75,0,-0.22437140502266417,-0.061626710451274436,-0.41751887637931795,-0.06179822107535967,281,0.13973192123117656,0.13973192123117656,1.6789323390226027e-05,-0.2734760596947014
30,120,0.0025,1,-999.0,1.5,0,-0.1821366999756623,-0.049088158134134474,-0.44015354257547823,-0.08873998397419237,421,0.10643720006619228,0.10643720006619228,4.0310372653865914e-05,-0.2736019286205832
12,200,0.0,1,-999.0,0.75,0,-0.0936199764982919,-0.024307533985573282,-0.5012392316235472,0.017974896377953874,365,0.07966241932814827,0.07966241932814827,8.257715724168161e-05,-0.2740284049784492
30,60,0.005,1,-999.0,999.0,0,-0.2433519415668528,-0.06742884701769603,-0.40178861606451144,-0.1161596001282174,393,0.1161674664901539,0.1161674664901539,2.1489494531352497e-05,-0.2741311350563626
48,120,0.0025,1,-0.2,0.75,0,-0.2606049541194121,-0.07279834527099216,-0.3594137337625385,-0.44579952681918,482,0.03763031606817806,0.03763031606817806,-1.213315119985882e-05,-0.2747951884932204
12,120,0.005,1,-0.2,1.5,0,-0.14637661782596179,-0.03884590501977869,-0.46144512756395095,-0.11860159541375576,680,0.058216117822273705,0.058216117822273705,0.0001451447494694328,-0.27549854857244194
30,120,0.0025,0,-999.0,0.75,0,-0.18117667495101952,-0.04880884842738742,-0.45579506867205377,0.009137916688091796,294,0.16203872248883006,0.16203872248883006,3.227182931763524e-05,-0.2762494869290097
20,120,0.0,1,0.0,1.5,0,-0.11983742437571188,-0.031450711783473806,-0.4795449229524499,-0.1202449956337146,654,0.04348833360913454,0.04348833360913454,0.00019286773650312958,-0.2772354230413845
12,60,0.0,1,-999.0,999.0,0,-0.15106188014166755,-0.040169304587773236,-0.4768323758673565,0.02573713093206919,426,0.12940592420982955,0.12940592420982955,6.215972690770013e-05,-0.27729863597484805
48,60,0.005,0,-999.0,0.75,0,-0.20932409287705567,-0.05710209581472647,-0.43742406737231565,-0.040401930649513425,275,0.14469634287605493,0.14469634287605493,2.0923291092407587e-05,-0.27783422603335994
30,96,0.0,1,-999.0,1.5,0,-0.09926942073728018,-0.025833554735471997,-0.5093729395545392,0.040690557501169185,430,0.10574218103590932,0.10574218103590932,8.02544456094828e-05,-0.2784854966376831
20,60,0.0,1,0.0,999.0,0,-0.20536189617154077,-0.05592144084891404,-0.42624060488104387,-0.20427836504785077,700,0.04994208174747642,0.04994208174747642,0.00013205338169878177,-0.2792556615418285
12,60,0.0025,0,-999.0,0.75,0,-0.19838028112151518,-0.053851755591165174,-0.44913252882084087,-0.0367647600890334,296,0.13784544100612278,0.13784544100612278,2.5703623432192753e-05,-0.28025625800603726
30,60,0.005,0,-999.0,0.75,0,-0.22747953664575937,-0.06256948862636291,-0.4286727193340153,-0.06971461581193256,270,0.13863974846930333,0.13863974846930333,1.3694242504802834e-05,-0.28039157908396717
48,96,0.005,1,-0.2,1.5,0,-0.16125597618594412,-0.04306775818778463,-0.4600607509331561,-0.14791336625152546,673,0.05685917590600695,0.05685917590600695,0.00013520142767978115,-0.28049380196693896
30,60,0.0,1,-0.2,0.75,0,-0.2874707320900345,-0.08134967618135869,-0.34303149394706234,-0.5538211454990367,423,0.03369187489657455,0.03369187489657455,-8.42570078055017e-05,-0.2805564804298417
20,120,0.0025,1,0.0,1.5,0,-0.14159988520929367,-0.037502262711252565,-0.47019997445496686,-0.16586933203956924,623,0.04140327651828562,0.04140327651828562,0.00016899541161469216,-0.28089571654071444
20,60,0.0025,1,0.0,999.0,0,-0.22860721528933958,-0.0629122462659939,-0.4132277733336889,-0.2488608011191027,672,0.047890120800926694,0.047890120800926694,0.00010649904628699955,-0.2819691729887935
12,120,0.0025,1,0.0,1.5,0,-0.13484444215939362,-0.03561156717909497,-0.4783711041783575,-0.1484052953614156,634,0.042263776270064536,0.042263776270064536,0.00017715156359807566,-0.2822173840363445
20,60,0.0,1,-0.2,1.5,0,-0.1466262759577398,-0.03891628594671359,-0.4745612399186805,-0.1253014600438732,634,0.05493959953665398,0.05493959953665398,0.00013809536525269723,-0.2824619789082475
20,200,0.005,1,-999.0,999.0,1,-0.2149758953878964,-0.05879391905468245,-0.4543456786916793,0.05846265143014071,712,0.07367201720999504,0.23246731755750455,6.323732686788998e-05,-0.28304362582901504
48,60,0.0025,0,-999.0,0.75,0,-0.2206912782174596,-0.06051408595648655,-0.4406953156014731,-0.047068367813582694,282,0.14830382260466657,0.14830382260466657,1.9305874379947775e-05,-0.28321516214790227
12,120,0.005,0,-999.0,0.75,0,-0.20597429125387856,-0.05610363350468339,-0.45077210611704366,-0.0357537363649551,294,0.15270560979645872,0.15270560979645872,2.3008794930476944e-05,-0.283277373381453
20,200,0.0,1,-999.0,999.0,1,-0.13480481949749212,-0.03560051039277168,-0.5094659120224674,0.14106868260902503,780,0.06960119146119477,0.25745490650339237,7.931988627085769e-05,-0.28328003227355414
48,96,0.005,1,-0.2,0.75,0,-0.28543664573148386,-0.0806938516514707,-0.35140233899150075,-0.5437394867362303,459,0.03521429753433725,0.03521429753433725,-6.0490854437535636e-05,-0.28358199548403257
30,60,0.0025,1,-0.2,1.5,0,-0.1872149059106235,-0.050569713980087916,-0.4459207939011489,-0.20265692401886742,595,0.05169617739533344,0.05169617739533344,0.0001013430787265665,-0.2836629571316057
12,200,0.005,1,-999.0,999.0,1,-0.22209494503177474,-0.06093799542360934,-0.45139612362773995,0.050561960140827825,709,0.07185172927353964,0.2301174913122621,6.19004452284946e-05,-0.2841079592304379
20,200,0.0025,1,-0.2,0.75,0,-0.2777071709517892,-0.0782144266968775,-0.3672451229609135,-0.46893960039341714,534,0.04183352639417508,0.04183352639417508,-6.739139074663509e-06,-0.28528396819700513
12,200,0.0025,1,-0.2,0.75,0,-0.2710998531637957,-0.0761106822755695,-0.3733153060147253,-0.45117228615599625,533,0.04180043024987589,0.04180043024987589,3.5874644458788044e-07,-0.28532694959073196
12,200,0.0,1,-999.0,999.0,1,-0.16959155331980524,-0.04545747561661406,-0.49166123453050725,0.11453506051819361,781,0.06804567267913288,0.2557008108555353,7.433112700592648e-05,-0.285561339855958
48,200,0.0025,1,-0.2,0.75,0,-0.27883516378768947,-0.07857501551507695,-0.36814091286090467,-0.4654295932925795,558,0.04348833360913454,0.04348833360913454,2.204675052518773e-06,-0.2859169516101583
48,96,0.0025,1,-999.0,1.5,0,-0.1991016937815071,-0.054064989387357376,-0.4549341227114705,-0.10917755590830223,424,0.10670196922058581,0.10670196922058581,3.4690156815526264e-05,-0.2869909285385077
12,200,0.005,1,-999.0,0.75,0,-0.17113205406651744,-0.04590108689268502,-0.4688330195417444,-0.13412776991431086,336,0.07353963263279828,0.07353963263279828,2.938563774114006e-05,-0.28702398515927274
30,60,0.0025,0,-999.0,0.75,0,-0.2356875805892633,-0.06507294842182532,-0.4380038383487931,-0.07249516689462417,277,0.14198245904352144,0.14198245904352144,1.3137041844508212e-05,-0.28769962594095305
12,60,0.005,0,-999.0,0.75,1,-0.0873251017742307,-0.022615546348962234,-0.546589735590463,0.15021655087044802,454,0.05953996359424127,0.2099950355783551,7.043027084075111e-05,-0.28839958660067133
12,120,0.005,1,-999.0,1.5,0,-0.15106699116705258,-0.040170751234704705,-0.4918352465217065,-0.05086906257116956,415,0.10441833526394174,0.10441833526394174,5.1224533875998405e-05,-0.28863182762411643
12,120,0.0,1,-999.0,1.5,0,-0.09445559357951538,-0.024532799649667703,-0.5346056716178866,0.04913297413787786,445,0.11133542942247228,0.11133542942247228,8.119348995347411e-05,-0.28937898675171714
48,96,0.0,1,-999.0,0.75,0,-0.1836446431082822,-0.04952737578947808,-0.4694074966045756,-0.11326384457256002,332,0.0695349991725964,0.0695349991725964,3.2311185225815015e-05,-0.28989431632039386
48,96,0.0025,1,0.0,1.5,0,-0.17044320723249484,-0.04570264634653132,-0.46672084222276167,-0.22513886784861845,618,0.04103921893099454,0.04103921893099454,0.00014036020358677883,-0.2903200108503431
48,96,0.0025,1,-999.0,999.0,0,-0.22873855961135725,-0.06295219275785024,-0.4488244979201358,-0.07350953972477862,443,0.13767996028462684,0.13767996028462684,3.366380209542302e-05,-0.2910399187041571
12,96,0.0025,1,0.0,1.5,0,-0.14531948614044743,-0.0385480607531552,-0.4883460390860088,-0.1723313531097771,611,0.04080754592090022,0.04080754592090022,0.00016325743804554424,-0.29133764795164846
30,96,0.005,1,-0.2,0.75,0,-0.2945418737168851,-0.08364051146600004,-0.3596670079519261,-0.5737148889650462,445,0.03418831706106239,0.03418831706106239,-8.219258535624178e-05,-0.29215975989021536
48,96,0.0025,0,-999.0,0.75,1,-0.17554500367548997,-0.047175295320142974,-0.5011610856321327,0.11003749448249732,474,0.0701307297699818,0.2545424458050637,5.358417874119799e-05,-0.2922539634120844
48,200,0.005,1,-999.0,0.75,0,-0.21302834409965365,-0.05820990659635006,-0.44905833438739273,-0.1917604754263193,347,0.07761045838159854,0.07761045838159854,9.854217624402171e-06,-0.2923270975613624
48,96,0.0,1,0.0,1.5,0,-0.15793707557757253,-0.04212122075817337,-0.4814086077574852,-0.1951046874789232,647,0.04295879530034751,0.04295879530034751,0.00015789125311769324,-0.2925807590108621
30,120,0.005,1,-0.2,0.75,0,-0.2964697838514079,-0.08426808079618753,-0.3614169409654461,-0.5742511635747531,457,0.03524739367863644,0.03524739367863644,-7.616960605722685e-05,-0.2936891094576482
12,60,0.0025,1,0.0,999.0,0,-0.25074150588594346,-0.06971727790171145,-0.4229644127729085,-0.2838984623044821,694,0.04954492801588615,0.04954492801588615,9.184795653972716e-05,-0.29539440740338985
48,200,0.005,1,0.0,0.75,1,-0.30779880376394864,-0.08798215944192322,-0.37918000994825685,-0.3653243405474717,718,0.01002813172265431,0.048485851398312095,5.287598265257297e-05,-0.2958383814434252
12,60,0.0,1,0.0,999.0,0,-0.23212513325065032,-0.06398393596262408,-0.43980482732724435,-0.24554792178787857,724,0.05186165811682939,0.05186165811682939,0.000114097397245903,-0.2961637457156402
30,200,0.0,1,-999.0,0.75,1,-0.15915422167739335,-0.04246802075244893,-0.5102951991324756,0.019948158741273547,588,0.03163991395002482,0.13364223068012576,7.86191484167931e-05,-0.29661821238162306
20,60,0.0,1,-0.2,0.75,0,-0.30405049797991424,-0.0867483124039673,-0.3625854420026068,-0.5885535022983535,433,0.03405593248386563,0.03405593248386563,-0.00010037747952356965,-0.29746870852018836
12,200,0.0,1,-0.2,0.75,0,-0.2819805265921421,-0.07958274123116915,-0.3897423249344252,-0.464780061011717,563,0.04408406420651994,0.04408406420651994,1.734389418761192e-06,-0.2976929067489676
12,96,0.005,1,-0.2,1.5,0,-0.17885483174905104,-0.04813434472140632,-0.48382562640436666,-0.17703104442364764,654,0.05623034916432235,0.05623034916432235,0.00011885832483931893,-0.29889871014477204
48,120,0.0,1,-999.0,1.5,1,-0.20510100009557264,-0.0558438540580245,-0.49021281811504924,0.032304774965733384,716,0.04904848585139831,0.18487506205527057,7.210145406978086e-05,-0.29933502436726245
30,120,0.0025,1,-999.0,999.0,0,-0.2359219934386122,-0.06514473993185999,-0.46153342181074064,-0.0836819557839779,441,0.1375144795631309,0.1375144795631309,3.08448834830457e-05,-0.3000955486264292
20,200,0.005,1,-999.0,0.75,0,-0.20528027689345296,-0.055897166381466135,-0.469679565622661,-0.1890206007359249,338,0.07380440178719179,0.07380440178719179,1.0872287902464286e-05,-0.3001879792295929
20,60,0.0025,1,-0.2,1.5,0,-0.20227273030746362,-0.055003989492534155,-0.46867871431192554,-0.22631247540444094,607,0.052358100281317224,0.052358100281317224,9.27601311294147e-05,-0.300658970418719
48,120,0.005,1,-999.0,0.75,0,-0.2107570158392632,-0.05753017012423789,-0.4654904493986374,-0.20858201077485106,309,0.06685421148436207,0.06685421148436207,-6.418261473449662e-07,-0.30070449536229915
30,60,0.005,1,0.0,0.75,1,-0.31063491984900204,-0.0889190696743204,-0.38311011335755063,-0.4123438694441772,536,0.006519940426940261,0.036902200893595895,-2.5668582418695898e-05,-0.30109131982530457
30,60,0.0025,1,-0.2,0.75,0,-0.3126852632932192,-0.08959820130761842,-0.3599373934331468,-0.6312910481857796,401,0.03197087539301671,0.03197087539301671,-0.00013860275314757264,-0.3011314504334808
48,200,0.0,1,0.0,0.75,1,-0.3127925050396352,-0.08963376457565064,-0.3868132915924716,-0.3631106648630634,801,0.010127420155551878,0.05388052291907993,7.073058426000467e-05,-0.3011959436150396
12,200,0.0025,1,-999.0,1.5,1,-0.21163842330599092,-0.05779377307075595,-0.4884279415000041,0.010870397370758988,729,0.050835677643554525,0.19334767499586297,6.484682989685741e-05,-0.30146422395222006
30,96,0.005,1,0.0,999.0,0,-0.23800447553770543,-0.06578324895160592,-0.4457997047113835,-0.25949000717269927,705,0.04997517789177561,0.04997517789177561,0.00010623291697590811,-0.30165760166593264
12,120,0.005,1,-0.2,0.75,0,-0.30603483135416687,-0.08740088223872122,-0.3700989807043513,-0.5921417107669461,465,0.0359755088532186,0.0359755088532186,-8.276138197744031e-05,-0.30205745812924417
48,120,0.005,1,-0.2,999.0,0,-0.30714377293992334,-0.08776617937498576,-0.4026275615622902,-0.28325142586448737,829,0.07539301671355288,0.07539301671355288,7.128376399611713e-05,-0.3032425314493552
30,120,0.0025,0,-999.0,0.75,1,-0.2146928110671099,-0.058708963107270695,-0.49713128089114944,0.07836852660633876,480,0.06887307628661261,0.2552043686910475,4.7252089197812806e-05,-0.3033561772225285
48,60,0.0,1,-0.2,1.5,0,-0.18548079477378643,-0.05006301247641143,-0.4884863127728303,-0.19396289827410662,648,0.05543604170114182,0.05543604170114182,0.00011276246314304101,-0.3040043137765319
30,96,0.005,1,-999.0,999.0,0,-0.26548934001939783,-0.07433551115594339,-0.446685058745382,-0.12775266972913768,418,0.12847923216945226,0.12847923216945226,1.820430893001217e-05,-0.30406567401509127
30,60,0.0,1,0.0,0.75,1,-0.3129387645032191,-0.08968227351873415,-0.3883185446289752,-0.40643247102425756,593,0.0064537481383418836,0.04074135363230184,-7.118506692856884e-07,-0.3041631693844346
30,60,0.005,1,-0.2,999.0,0,-0.2891966278936945,-0.08190723631093266,-0.4161855746241935,-0.28354161925735255,699,0.06500082740360748,0.06500082740360748,5.644642921944978e-05,-0.30417710458589703
20,200,0.005,1,-0.2,999.0,0,-0.2659955961227919,-0.07449527295213854,-0.4389237172584456,-0.20732267270816107,901,0.08227701472778422,0.08227701472778422,0.00010522446019908119,-0.3043232652167694
20,120,0.0025,0,-999.0,0.75,0,-0.21812393738140934,-0.059740223787489,-0.4870356370288148,-0.03149890438343,300,0.15958960781069007,0.15958960781069007,2.3289463389212923e-05,-0.3048329875210679
12,96,0.005,0,-999.0,0.75,0,-0.24161794834950168,-0.06689428552947452,-0.46797589713336396,-0.08016868320555176,293,0.1466490153897071,0.1466490153897071,1.2608780727750134e-05,-0.30489066825643407
48,96,0.005,0,-999.0,0.75,1,-0.17923610468555473,-0.04824500766696549,-0.5253705182623238,0.10354303035798022,456,0.07125599867615423,0.245143140824094,5.2791846906998276e-05,-0.3057531152802284
20,120,0.0025,1,-999.0,999.0,0,-0.25541418038905916,-0.07117307703106979,-0.4586829098440849,-0.10730972166464683,439,0.13642230680125766,0.13642230680125766,2.4537969369276122e-05,-0.30588001803634457
20,96,0.005,1,0.0,999.0,0,-0.24440817572976847,-0.06775491680730306,-0.44940569635797245,-0.2695293099767571,700,0.049809697170279665,0.049809697170279665,9.961345589356785e-05,-0.30593423048512713
30,96,0.005,0,-999.0,0.75,0,-0.23658690331275356,-0.06534846576347264,-0.47541746424298204,-0.05857244738194333,285,0.15217607148767168,0.15217607148767168,1.602035274624409e-05,-0.30598582025406085
12,60,0.0,1,-0.2,1.5,0,-0.20564822280871253,-0.05600661231004267,-0.47807985476575143,-0.2208687829804824,663,0.05722323349329803,0.05722323349329803,0.00010083820954915307,-0.3060899788419425
20,120,0.005,1,-0.2,0.75,0,-0.3112767660970487,-0.08913150426615102,-0.3748570005399371,-0.6100891702742776,459,0.035445970544431576,0.035445970544431576,-9.429868866278882e-05,-0.3070644630498334
12,120,0.0025,0,-999.0,0.75,0,-0.23894593571555578,-0.06607233913249322,-0.47557451137255213,-0.06627754573002166,304,0.15598212808207843,0.15598212808207843,1.5918076178396218e-05,-0.30717347210527035
12,120,0.0025,0,-999.0,0.75,1,-0.17499477617479753,-0.04701614237917251,-0.5307491140040796,0.10009841077263006,494,0.06443819295052126,0.2475260632136356,5.3713224515713216e-05,-0.30738577884258084
30,60,0.0,1,-999.0,1.5,0,-0.16222289571490534,-0.0433440479302577,-0.5245057482707027,-0.04124352094909738,406,0.09521760714876717,0.09521760714876717,5.644829897828756e-05,-0.3076590981130639
48,60,0.0025,1,-0.2,1.5,0,-0.2157645141960738,-0.0590307112543893,-0.4721192042592893,-0.2525441485987571,621,0.05308621545589939,0.05308621545589939,8.491072820846347e-05,-0.3077175208139718
30,200,0.0025,1,-999.0,0.75,0,-0.24498204849571414,-0.06793222021088441,-0.4553833000120592,-0.24559177459937778,349,0.07900049644216449,0.07900049644216449,-7.419565095876312e-06,-0.30790345894688287
12,96,0.005,1,-999.0,999.0,0,-0.25713944905607256,-0.07171232589350296,-0.46076328982217574,-0.1190331641722842,415,0.1286447128909482,0.1286447128909482,2.0362907962576583e-05,-0.30804562901320504
12,120,0.005,1,0.0,999.0,0,-0.24248006623454355,-0.06715994758378363,-0.4572123955890398,-0.25906879569781255,735,0.05252358100281317,0.05252358100281317,0.00010860077732271653,-0.30871958516319414
20,200,0.0025,1,-999.0,1.5,1,-0.22149218725595365,-0.06075589148709315,-0.49724546889071486,0.0031041944760959554,732,0.05206023498262453,0.19470461691212973,6.291224114047038e-05,-0.3092234162086458
30,96,0.0025,0,-999.0,0.75,1,-0.23717044232486673,-0.06552736950109883,-0.4943468766901966,0.056611433255695676,473,0.06506701969220585,0.24656627502895911,4.369952133981858e-05,-0.30987023618341236
30,200,0.005,1,-0.2,999.0,0,-0.2730858420175897,-0.07674150547885727,-0.44463856256990564,-0.21858203346722455,918,0.08320370676816151,0.08320370676816151,0.00010345282212934762,-0.30998988843717135
48,120,0.0025,1,0.0,999.0,0,-0.3137470829725314,-0.08995050305170671,-0.40286393807951193,-0.37876996934259644,769,0.05484031110375641,0.05484031110375641,5.652421352655424e-05,-0.3103209705585925
30,96,0.0025,1,-0.2,1.5,0,-0.22005641220190597,-0.060322543445029964,-0.4767315378953272,-0.24940258382519145,665,0.05652821446301506,0.05652821446301506,9.14086915411509e-05,-0.3111584415839531
20,120,0.0025,1,-999.0,1.5,0,-0.23652982255278487,-0.06533097121954579,-0.4756073775214086,-0.16434617257976397,422,0.1058083733245077,0.1058083733245077,1.9165963879733953e-05,-0.31135196860923825
20,120,0.0025,0,-999.0,0.75,1,-0.2444724878105774,-0.06777478160751116,-0.4924433774034863,0.05204198560454433,486,0.06741684593744829,0.25176236968393184,4.27481081132813e-05,-0.3113943710290271
30,96,0.0,1,-0.2,1.5,0,-0.1967086207733365,-0.053358201696378726,-0.49719332803510075,-0.20400416961659387,694,0.05894423299685587,0.05894423299685587,0.00011309933229757435,-0.3121550741947588
48,200,0.005,1,-0.2,999.0,0,-0.26929993194974766,-0.0755400731007293,-0.4523129923937297,-0.20970790353093338,947,0.08489161012742015,0.08489161012742015,0.00010970152920621787,-0.3121819644741408
48,120,0.005,1,-999.0,1.5,1,-0.29218224672030646,-0.08287415793993957,-0.4503527120586841,-0.08658485958295693,655,0.051663081251034255,0.16783054774118816,4.283403867136334e-05,-0.31237975694842945
30,96,0.0025,0,-999.0,0.75,0,-0.25178177457073403,-0.07004078951374271,-0.47846778970416504,-0.06948234191984036,292,0.15581664736058248,0.15581664736058248,1.339987901075049e-05,-0.3127488014618172
20,96,0.0,1,-0.2,0.75,0,-0.3135332771742906,-0.0898795314655787,-0.38572682666836,-0.605634801309456,461,0.036471951017706436,0.036471951017706436,-9.264413268906362e-05,-0.3130246848652315
30,120,0.005,0,-999.0,0.75,1,-0.23037777201061915,-0.06345116520391769,-0.5057374972497988,0.06143245953500305,462,0.07052788350157206,0.2460036405758729,4.404964851246997e-05,-0.3132482908520669
12,200,0.005,1,-0.2,999.0,0,-0.2897636323976477,-0.08209063170359276,-0.43942145998846194,-0.24449537278429345,894,0.08148270726460367,0.08148270726460367,9.12579058310936e-05,-0.3140261303370384
20,60,0.0,1,-999.0,1.5,0,-0.16288925051180825,-0.04353459280427219,-0.5370817128645866,-0.04010807111633181,409,0.09667383749793149,0.09667383749793149,5.6413464544687714e-05,-0.31408085279238207
12,60,0.005,1,-999.0,1.5,0,-0.23941186683575855,-0.06621550980496549,-0.47763044770026397,-0.1889044556235377,393,0.09343041535661095,0.09343041535661095,1.1448908371595344e-05,-0.31447595643627435
30,96,0.0,1,-999.0,999.0,0,-0.21236137106211983,-0.058010150372454716,-0.5105654672453808,-0.031111764249315874,448,0.1365546913784544,0.1365546913784544,4.531286687967156e-05,-0.3148484722076109
12,60,0.0,1,-999.0,1.5,0,-0.1835796486035971,-0.04950843234379587,-0.52478282382623,-0.06147948111925971,420,0.10004964421644878,0.10004964421644878,4.910489833463106e-05,-0.31497381831287385
20,60,0.005,1,-0.2,999.0,0,-0.28380185073084585,-0.08016777918855911,-0.44347556878695926,-0.27178229254854674,707,0.06553036571239451,0.06553036571239451,6.238717627748371e-05,-0.3154946782094661
20,120,0.005,0,-999.0,0.75,1,-0.23182847733516754,-0.0638934215130661,-0.5094793937926265,0.05827106830285444,465,0.06946880688399801,0.24282641072315075,4.409238405372762e-05,-0.31571956499423665
12,60,0.0,1,0.0,0.75,1,-0.32189935621189625,-0.09266905368688139,-0.40469569385104254,-0.41554109787956334,635,0.007214959457223233,0.04315737216614265,7.044025900548212e-06,-0.31579395550638084
20,96,0.0,1,-0.2,1.5,0,-0.2222911264324796,-0.06099728816036731,-0.4854746308602462,-0.25084455039448667,679,0.058646367698163164,0.058646367698163164,9.091433916156098e-05,-0.31627683111021476
30,120,0.0,1,-999.0,0.75,0,-0.2217317163798701,-0.060828244872196846,-0.49416229901209785,-0.17273017804266333,329,0.06907165315240775,0.06907165315240775,7.854490156491128e-06,-0.31654590328037896
20,60,0.0025,0,-999.0,0.75,1,-0.19071994329953812,-0.0515963538703047,-0.5374650468284246,0.07534327145874063,457,0.05765348336918749,0.22181035909316565,5.088861797427062e-05,-0.31656171371157993
20,96,0.005,0,-999.0,0.75,0,-0.26426039142083757,-0.07394802876947715,-0.4750953022822906,-0.10210712294200829,288,0.148204534171769,0.148204534171769,6.0925457592273955e-06,-0.31660103605772283
30,60,0.005,1,-999.0,1.5,0,-0.24541869739662947,-0.06806719469839839,-0.4769397400831048,-0.2064926229664041,381,0.08909482045341717,0.08909482045341717,5.335960378701124e-06,-0.316861695888271
20,120,0.005,1,0.0,999.0,0,-0.266613568694011,-0.07469040167681251,-0.45409304609151757,-0.3066719811817826,725,0.05162998510673507,0.05162998510673507,8.559058268236884e-05,-0.31707052378166045
30,120,0.0,1,-0.2,1.5,0,-0.21970320035386182,-0.060216028118187825,-0.49071987048309695,-0.24041752546295037,722,0.061161674664901536,0.061161674664901536,0.00010162534610256943,-0.3175968396328838
12,96,0.0,1,-999.0,1.5,0,-0.16661201166861317,-0.04460121757993518,-0.5424306455313019,-0.03568808104734218,436,0.10676816150918418,0.10676816150918418,5.632130834018652e-05,-0.3176009443979533
12,60,0.0025,1,-0.2,1.5,0,-0.23773674395461608,-0.06570108665305807,-0.4753972490443562,-0.28597885373489373,637,0.05441006122786695,0.05441006122786695,7.177107874324784e-05,-0.3176986538619809
48,60,0.0025,0,-999.0,0.75,1,-0.21289259703176155,-0.05816924051361261,-0.5264290557489318,0.06706372583613107,458,0.06145953996359424,0.23514810524573887,4.671868820519463e-05,-0.318030582096272
30,120,0.0025,1,-0.2,1.5,0,-0.24375749275000635,-0.06755400424404723,-0.4721941119836026,-0.2890418795118395,689,0.05844779083236803,0.05844779083236803,7.839295638569207e-05,-0.31810315421144053
48,60,0.005,1,0.0,999.0,0,-0.2716108703207847,-0.07627287690874307,-0.45292502619242103,-0.32901768940411064,666,0.04719510177064372,0.04719510177064372,6.543489735069222e-05,-0.3191862744751591
12,120,0.0025,1,-999.0,999.0,0,-0.28644095967260885,-0.08101748463032132,-0.46203295049004933,-0.14677119808304923,436,0.1374813834188317,0.1374813834188317,1.3591693748019825e-05,-0.31937251977949843
48,60,0.0,1,-0.2,0.75,0,-0.31735229792807584,-0.09114973691570993,-0.3941383550208457,-0.6295294351670742,443,0.03432070163825914,0.03432070163825914,-0.00011396223800381501,-0.3196953861844865
20,60,0.0025,1,-0.2,0.75,0,-0.330793604186843,-0.09566312452629255,-0.3809449221860417,-0.6728776231647815,411,0.0323018368360086,0.0323018368360086,-0.00015852344230270432,-0.3197794667775525
20,60,0.005,1,-999.0,1.5,0,-0.24002481192130976,-0.06640395490067075,-0.4875930119995694,-0.19528146283282044,382,0.09035247393678636,0.09035247393678636,8.55338077345655e-06,-0.31996453404209646
30,200,0.005,1,0.0,0.75,1,-0.33369784385118095,-0.09664723809979625,-0.40459475998579464,-0.42083010094107837,704,0.01002813172265431,0.04749296706933642,2.141493065810514e-05,-0.3199861231397475
48,200,0.0,1,-999.0,0.75,1,-0.2017597821804621,-0.0548519069827168,-0.5282922928749996,-0.020667222118644434,606,0.03197087539301671,0.1366208836670528,6.745394763024677e-05,-0.3200314145261488
30,60,0.0025,0,-999.0,0.75,1,-0.21564774826921362,-0.058995639637602015,-0.5284593985364112,0.05756189210391284,454,0.05831540625517127,0.2256495118318716,4.601041791363234e-05,-0.32034724430061196
30,200,0.0,1,0.0,0.75,1,-0.3340416950690419,-0.09676396627115391,-0.40794783854480143,-0.40930190101827857,783,0.010127420155551878,0.052689061724309115,4.585548752264004e-05,-0.32120298059446856
20,200,0.0,1,0.0,0.75,1,-0.3340643783446011,-0.0967716682170221,-0.40796800449546866,-0.409453302067562,770,0.009763362568260797,0.05186165811682939,4.239891510158198e-05,-0.3212283355681345
48,60,0.0,1,-999.0,1.5,0,-0.17445442803423827,-0.04685992446002474,-0.5453534365796981,-0.053814891049734234,415,0.09895747145457554,0.09895747145457554,5.155743388683528e-05,-0.3222273873023605
20,200,0.0025,1,-999.0,999.0,1,-0.2937433766586657,-0.08338096284765295,-0.4775406239841613,-0.006396537612379286,746,0.07085884494456396,0.24408406420651993,4.925268420912404e-05,-0.3224711017203526
12,200,0.0,1,0.0,0.75,1,-0.3356724252502551,-0.09731817103955376,-0.4093975949655695,-0.4101345335652799,773,0.009564785702465663,0.052258811848419656,4.192044353195272e-05,-0.3225236952006025
12,96,0.005,1,-999.0,1.5,0,-0.22477473842385298,-0.06174889199679412,-0.507207581880855,-0.15863738639698838,408,0.10011583650504716,0.10011583650504716,2.093600588926334e-05,-0.32328455225707103
48,120,0.0,1,0.0,999.0,0,-0.3219735786119251,-0.0926939170178872,-0.42237822143056103,-0.390113803563843,797,0.056792983617408574,0.056792983617408574,5.642036449959796e-05,-0.32338871791135987
20,200,0.005,1,0.0,0.75,1,-0.3381470505001579,-0.0981611254135909,-0.4085705552436375,-0.42976888964359233,695,0.009730266423961608,0.04686414032765183,1.3763975912564987e-05,-0.3239348475175893
12,120,0.005,0,-999.0,0.75,1,-0.206403080800573,-0.056231264688844984,-0.5425117712548249,0.07053416147833844,473,0.06701969220585802,0.2383915273870594,4.778530683027692e-05,-0.3239604422423405
20,200,0.0,1,0.0,999.0,0,-0.27903427681712767,-0.07863871046555182,-0.4616511010018567,-0.2977025949842352,870,0.06185669369518451,0.06185669369518451,0.00010651322872687991,-0.3243493907156919
12,96,0.0,1,-999.0,999.0,0,-0.21806502901467972,-0.05972248966962301,-0.5257448104230632,-0.037321996016839866,446,0.13761376799602845,0.13761376799602845,4.2950805355004074e-05,-0.32446099468199663
12,96,0.005,1,-0.2,0.75,0,-0.3296980291172197,-0.0952927160620276,-0.39418849918778376,-0.6602656006378935,444,0.03478404765844779,0.03478404765844779,-0.00012903491665188782,-0.32540024568781417
20,96,0.0025,1,-0.2,1.5,0,-0.2586780896153068,-0.07219403498409183,-0.4743643465721431,-0.323072716756912,652,0.05616415687572398,0.05616415687572398,5.795288500049241e-05,-0.325529844108009
12,200,0.0025,1,-999.0,999.0,1,-0.2976408830746383,-0.08464992427337181,-0.48178613684914473,-0.011987502721568805,746,0.06893926857521099,0.24196591097137182,4.852767221984265e-05,-0.3261423678340226
30,120,0.005,1,0.0,999.0,0,-0.29697636766019986,-0.08443319676776007,-0.44694222749390633,-0.36521184769421433,724,0.0515306966738375,0.0515306966738375,5.793995008045458e-05,-0.32616490289942396
30,96,0.005,0,-999.0,0.75,1,-0.27724962053720037,-0.07806828054136539,-0.49930283193686864,0.017799203048055146,456,0.06658944232996857,0.2377627006453748,3.559376457875831e-05,-0.3268297363573969
12,60,0.0025,1,-999.0,999.0,0,-0.3189665871531201,-0.09168825128217017,-0.45220031796127547,-0.2078167669182009,409,0.12414363726625847,0.12414363726625847,-4.278886604890732e-06,-0.32817924860871794
12,200,0.005,1,0.0,0.75,1,-0.3431982106138699,-0.09988910910242388,-0.4130842539794152,-0.43836385262222655,696,0.00963097799106404,0.04702962104914778,8.936337213730442e-06,-0.3283494287232428
48,60,0.005,1,-999.0,1.5,0,-0.25068626423639506,-0.0697001078007291,-0.4967489731203696,-0.21012446115943756,391,0.09290087704782393,0.09290087704782393,5.1558812779570225e-06,-0.3285808174188858
12,96,0.0025,0,-999.0,0.75,0,-0.27548348431266745,-0.07750480878142663,-0.49104908541946346,-0.11301976212030485,302,0.14976005295383088,0.14976005295383088,4.643778133215444e-06,-0.3286803395971736
12,96,0.005,1,0.0,999.0,0,-0.2714036062962275,-0.07620708192502346,-0.47539354230385056,-0.31499796942976216,713,0.050835677643554525,0.050835677643554525,7.8847451141506e-05,-0.32965375154843685
30,200,0.0025,1,0.0,999.0,0,-0.2973961398947297,-0.08457008495647944,-0.45771834399572375,-0.3347951702008083,853,0.060499751778917754,0.060499751778917754,8.934266357214253e-05,-0.3301690154643817
48,200,0.0025,1,0.0,999.0,0,-0.2900588649198672,-0.08218616696662362,-0.46436343737985375,-0.3179526084536363,880,0.062154558993877215,0.062154558993877215,0.00010032006613600748,-0.3302655160792323
20,60,0.0,1,0.0,0.75,1,-0.34244802299214394,-0.09963184412466697,-0.41493723515179104,-0.46382873597921526,606,0.006586132715538639,0.04113850736389211,-3.0310516761870094e-05,-0.33029189849952323
30,200,0.0,1,0.0,999.0,0,-0.2842197688649849,-0.08030217835783238,-0.47009776111506973,-0.306713996987817,883,0.06261790501406586,0.06261790501406586,0.00010485554180157405,-0.3306867587647581
20,200,0.0,1,-999.0,0.75,1,-0.22656899604432124,-0.06229300363517276,-0.5314741931421207,-0.05339305269991316,586,0.02981962601356942,0.12970378950852227,5.883169284630047e-05,-0.33069975284122877
20,200,0.0025,1,0.0,999.0,0,-0.3045948500354172,-0.08692718957628454,-0.4527501627057402,-0.34821981397738694,840,0.05963925202713884,0.05963925202713884,8.125449870623628e-05,-0.330713261628024
20,60,0.005,0,-999.0,0.75,1,-0.21062487653101325,-0.05749067018427556,-0.552146598904032,0.05405230024342165,437,0.05993711732583154,0.21290749627668376,4.635993524403372e-05,-0.3308613546241205
48,200,0.0,1,0.0,999.0,0,-0.27754318205103046,-0.07816203903262109,-0.47659115771601,-0.2915945464560272,909,0.06420651994042693,0.06420651994042693,0.00011436309251753247,-0.3310373452134275
20,60,0.0025,1,-999.0,999.0,0,-0.33051890012954344,-0.09557020577771014,-0.4499586842471922,-0.2278925317204787,404,0.1207016382591428,0.1207016382591428,-1.0438410819227077e-05,-0.33194417448733016
20,120,0.0,1,-0.2,1.5,0,-0.24367476565675372,-0.06752846973603621,-0.5021128219216412,-0.2825970572236742,726,0.06152573225219262,0.06152573225219262,8.550240980424835e-05,-0.33271473355804054
20,96,0.0025,1,-0.2,0.75,0,-0.3378255236575941,-0.09805146735672787,-0.4015340387792351,-0.6818061522837341,439,0.0347509515141486,0.0347509515141486,-0.0001430575807789548,-0.3329087943605321
48,200,0.0025,1,0.0,0.75,1,-0.3504394489497822,-0.1023837731109466,-0.4174234644005397,-0.44078767605689434,757,0.009763362568260797,0.05119973523084561,2.2765811008825282e-05,-0.33313488911406114
30,96,0.0025,1,-999.0,1.5,0,-0.29137178027907074,-0.08261137864681123,-0.47627373787893146,-0.25361185784698265,413,0.10177064372000662,0.10177064372000662,-6.895322745610224e-06,-0.3334288404786261
20,60,0.005,1,0.0,0.75,1,-0.3469266874048522,-0.10117100937226597,-0.4159328100902421,-0.4867098676064835,544,0.006586132715538639,0.036968393182194276,-7.029816838872147e-05,-0.3334729077977112
20,96,0.0025,0,-999.0,0.75,1,-0.24914866845000228,-0.06922257564297152,-0.533225326120404,0.03763937388702929,480,0.0621876551381764,0.24037729604501076,4.102397671632916e-05,-0.333953270008822
20,96,0.0,1,0.0,0.75,1,-0.3460471660681871,-0.10086812467423945,-0.4204319022361861,-0.466070760734793,646,0.007148767168624855,0.04415025649511832,-1.64613923664184e-05,-0.3343876138290721
20,96,0.0025,0,-999.0,0.75,0,-0.28498117541191437,-0.08054719198138416,-0.4958185224878485,-0.11981015056770818,296,0.15128247559159358,0.15128247559159358,1.926103424360061e-06,-0.33444696075369384
30,60,0.005,1,0.0,1.5,1,-0.21851770376307,-0.05985879124471949,-0.534179781137553,-0.15397510856790625,804,0.013039880853880522,0.05851398312096641,0.00015101626640995385,-0.33464743724189133
12,60,0.005,1,-0.2,999.0,0,-0.32079141101950537,-0.0922981518590632,-0.4526305840298811,-0.33010832188329153,738,0.06778090352473937,0.06778090352473937,4.276005927195364e-05,-0.3351188599681683
12,200,0.0,1,0.0,999.0,0,-0.31302820509483875,-0.08971194152363327,-0.45498400048842447,-0.35860720514362204,864,0.061492636107893434,0.061492636107893434,7.95426068885468e-05,-0.3351343020250266
48,120,0.0025,1,-999.0,0.75,0,-0.2788436721253781,-0.07857773700677051,-0.4823061101626145,-0.3247189005210659,317,0.06897236471951018,0.06897236471951018,-4.1322842698005095e-05,-0.33596673711413105
12,60,0.005,1,0.0,0.75,1,-0.3479532767722445,-0.1015249275569795,-0.4246235449636099,-0.48320287548645485,570,0.007314247890120801,0.038490815819956975,-5.663096115687698e-05,-0.3379968438131072
48,96,0.005,1,0.0,999.0,0,-0.31873565206185295,-0.09161115451237478,-0.45200937242864403,-0.4100641969344414,722,0.05119973523084561,0.05119973523084561,3.6914746470642005e-05,-0.33811905057341884
20,96,0.0,1,-999.0,1.5,0,-0.2332375865344788,-0.06432359684599209,-0.5357929234486367,-0.12189629696369576,425,0.10418666225384743,0.10418666225384743,2.8520198061340435e-05,-0.33831487341849525
12,60,0.0025,1,-0.2,0.75,0,-0.34718825496035877,-0.10126114555257681,-0.4041599893935989,-0.7080523949233889,435,0.03389045176236968,0.03389045176236968,-0.00016254475408275228,-0.3387437599955457
48,96,0.0,1,-0.2,0.75,0,-0.3434056109754686,-0.0999602726419756,-0.40992549908918263,-0.6778315456538954,499,0.03825914280986265,0.03825914280986265,-0.00010956958850517895,-0.3388145994692617
48,60,0.0025,1,-0.2,0.75,0,-0.340745489546151,-0.0990488024888152,-0.40904434298159875,-0.7053588030045725,421,0.032632798279000494,0.032632798279000494,-0.00016747964779155418,-0.3388389141298432
12,200,0.0025,1,0.0,999.0,0,-0.3315907053532676,-0.09593290624844342,-0.44665225891245697,-0.3998494666375707,830,0.05907661757405262,0.05907661757405262,5.685063360982826e-05,-0.33925150903655044
20,120,0.0025,1,-0.2,1.5,0,-0.27584748115456337,-0.07762085477983227,-0.48909442977998596,-0.34874209740325,693,0.05867946384246235,0.05867946384246235,5.492437927080017e-05,-0.33960517453998773
48,96,0.005,1,-999.0,0.75,0,-0.3156418338413788,-0.09058018001324131,-0.4570337577726923,-0.41836382567729574,310,0.06457057752771803,0.06457057752771803,-7.589700234079437e-05,-0.34001525018345224
12,120,0.0,1,-0.2,1.5,0,-0.26272898932139044,-0.07346586248058129,-0.5026817337356644,-0.3107201878510665,734,0.06268409730266424,0.06268409730266424,7.367919524214707e-05,-0.3403427387409668
48,120,0.0,1,0.0,0.75,1,-0.3578603661118226,-0.10496206324936452,-0.4284487980023508,-0.4678743891768602,692,0.00847261294059242,0.04752606321363561,-8.26588633120499e-06,-0.3425801817093829
48,60,0.005,0,-999.0,0.75,1,-0.24553533348229628,-0.06810325850723531,-0.5525180540113086,0.035062286004148346,441,0.06301505874565613,0.22637762700645375,4.00177039328165e-05,-0.3426091712126822
48,96,0.0025,1,-0.2,1.5,0,-0.28282233795724987,-0.07985300584606181,-0.4891422362840402,-0.3647295016110234,692,0.05818302167797452,0.05818302167797452,4.924708896554807e-05,-0.34266059906863305
30,60,0.0025,1,0.0,0.75,1,-0.3578987781732528,-0.10497546693559545,-0.4254049684980886,-0.5052557494110143,558,0.006023498262452424,0.03845771967565779,-7.522584530636654e-05,-0.3429407386551905
48,200,0.005,1,0.0,1.5,1,-0.22047352666542563,-0.060448375959380796,-0.5524188475701874,-0.12705416175564052,1100,0.017640244911467814,0.07813999669038557,0.000182161907941945,-0.34301050783225656
30,60,0.005,0,-999.0,0.75,1,-0.24943552000168512,-0.0693116076618292,-0.5511977817187048,0.023528999475172795,436,0.06033427105742181,0.21694522588118484,3.859883383268501e-05,-0.34373404854742295
12,200,0.0,1,-999.0,0.75,1,-0.23119341583973518,-0.06369974218292784,-0.5543330166677629,-0.057762875475959555,587,0.029521760714876718,0.12980307794141982,5.757845592230273e-05,-0.3437543942906073
48,96,0.0,1,-0.2,1.5,0,-0.26629943798685085,-0.07459119753441301,-0.5070731229472447,-0.3271347620004253,723,0.06079761707761046,0.06079761707761046,6.880008021402217e-05,-0.3444844971080566
12,60,0.0,1,-0.2,0.75,0,-0.35106332085905945,-0.10259967568751327,-0.4135660998073025,-0.7021418450188079,456,0.035810028131722654,0.035810028131722654,-0.00014806929150394782,-0.3444898178421049
20,96,0.005,1,-999.0,1.5,0,-0.301618352516436,-0.08595037444009224,-0.48935602642269094,-0.2809544321000055,401,0.09819626013569419,0.09819626013569419,-1.5667463630925475e-05,-0.344676109256438
48,200,0.0025,1,-999.0,0.75,0,-0.2969325810868264,-0.08441892144726948,-0.4879203241941107,-0.3298304134639502,360,0.08068839980142313,0.08068839980142313,-3.334761532961339e-05,-0.34487060421752236
12,96,0.0025,0,-999.0,0.75,1,-0.26709375330503426,-0.07484210810336045,-0.5420717268909434,0.017513954559056907,484,0.06304815488995533,0.23647195101770643,3.760571729224401e-05,-0.34500227382087933
12,120,0.0025,1,-0.2,1.5,0,-0.2839436858100598,-0.0802133856369448,-0.49623365740347125,-0.3591806269352709,701,0.05963925202713884,0.05963925202713884,5.0796234271393544e-05,-0.34628924568544395
48,120,0.0025,1,-999.0,1.5,1,-0.34512923835466036,-0.10055233929870755,-0.47861423433310146,-0.1406268924832797,684,0.04994208174747642,0.17537646864140327,3.0274491265553525e-05,-0.3468908010894223
30,120,0.0,1,-0.2,0.75,0,-0.35241247888331306,-0.10306710976338496,-0.4180198769491379,-0.7046411447890079,497,0.03829223895416184,0.03829223895416184,-0.00012244710956410416,-0.3473091054774043
30,96,0.0,1,-0.2,0.75,0,-0.35205354549615553,-0.10294268120714622,-0.41769730727320464,-0.711232898627769,480,0.036902200893595895,0.036902200893595895,-0.00013487395012456386,-0.347352979775137
30,60,0.0025,1,-999.0,999.0,0,-0.3507451213446042,-0.10248953734397337,-0.4644374724871201,-0.25929252507022027,406,0.119510177064372,0.119510177064372,-1.9119736680718636e-05,-0.34767289984104444
30,120,0.0,1,-999.0,1.5,1,-0.26143744461800555,-0.07305979924275185,-0.5491012303482581,-0.030008029332518858,697,0.04593744828727453,0.17600529538308787,5.788432392536844e-05,-0.34911081588350684
48,120,0.005,1,0.0,0.75,1,-0.3671808461781483,-0.10823216800920799,-0.4338470376573107,-0.49933871922228695,626,0.008406420651994043,0.04295879530034751,-4.805617880281989e-05,-0.35012262279897766
20,96,0.005,1,0.0,0.75,1,-0.3647311588171751,-0.10736921213744344,-0.43409425589965034,-0.5182390176726612,589,0.007314247890120801,0.04021181532351481,-6.769159733408867e-05,-0.3503282909709017
20,96,0.005,0,-999.0,0.75,1,-0.2787797533291462,-0.07855729241821174,-0.5469343175651595,0.006590515405686195,461,0.06447128909482046,0.23193777924871753,3.432246493663753e-05,-0.3516949254305072
12,96,0.005,0,-999.0,0.75,1,-0.2710872629267881,-0.07610668726498226,-0.5524311115534939,0.008762252439549461,463,0.06556346185669369,0.2277345689227205,3.556035150678361e-05,-0.35188413041975175
12,200,0.0025,1,-999.0,0.75,0,-0.2960047314519252,-0.08411658002552791,-0.5030225220693789,-0.3421687473339133,350,0.07582326658944233,0.07582326658944233,-3.90283426869944e-05,-0.352736278426913
12,96,0.0,1,-0.2,1.5,0,-0.2780802067055782,-0.07833362939482247,-0.5146159317233883,-0.34526728556815245,703,0.06046665563461857,0.06046665563461857,5.5496608822335955e-05,-0.35290495953492423
12,120,0.0025,1,-999.0,1.5,0,-0.29253231768619725,-0.08298773196860143,-0.5165352313353567,-0.24926719555687368,426,0.10666887307628661,0.10666887307628661,-4.176847064269378e-06,-0.3537187074141235
12,120,0.0,1,0.0,0.75,1,-0.3697561430152415,-0.10914207698935918,-0.43903690879482216,-0.5032093188814172,694,0.008207843786198907,0.04693033261625021,-2.259834688861514e-05,-0.3538209973308411
48,96,0.0025,1,-0.2,0.75,0,-0.36241433772278886,-0.10655535361664703,-0.42127375162013037,-0.7445905967835584,472,0.03624027800761211,0.03624027800761211,-0.00015606166406327077,-0.35442175926589015
20,200,0.0025,1,-999.0,0.75,0,-0.31192760627462957,-0.08934706721922092,-0.49478178779802695,-0.3721502184168783,350,0.07608803574383584,0.07608803574383584,-4.8890612817109464e-05,-0.3553454720390783
48,200,0.005,1,-0.2,1.5,1,-0.30270974732874834,-0.0863081810225016,-0.5210086323145842,-0.17677269430501105,1229,0.02631143471785537,0.10984610292900877,0.00012754895545321932,-0.3556511318950442
30,200,0.0025,1,0.0,0.75,1,-0.37431161848170535,-0.1107584756685599,-0.44088708473458216,-0.4960439927875571,741,0.00963097799106404,0.050074466324673175,-7.906085131321197e-06,-0.35600421767522883
20,120,0.0,1,-999.0,0.75,0,-0.27711951445145866,-0.0780267360284912,-0.5301617570768564,-0.2584102962105766,332,0.06870759556511666,0.06870759556511666,-2.6857782976039622e-05,-0.3560281293774482
30,200,0.005,1,-999.0,0.75,1,-0.32646210302951517,-0.09420130901418522,-0.5050699685330717,-0.21713484059947297,538,0.0332285288763859,0.11934469634287606,1.056108685750989e-05,-0.35759303531069475
30,60,0.0,1,0.0,1.5,1,-0.2690936904886245,-0.07547475795345027,-0.5452411819895557,-0.21549658849395587,888,0.01237795796789674,0.06453748138341883,0.00012776899522558808,-0.35887017837292595
20,96,0.005,1,-999.0,999.0,0,-0.35325183258036774,-0.10335828371330402,-0.48615227694325114,-0.25023128331743305,414,0.12675823266589442,0.12675823266589442,-1.6059497782162668e-05,-0.3589459863508012
20,120,0.0,1,-0.2,0.75,0,-0.365282167903644,-0.10756309938444997,-0.4295857316876033,-0.7368674154250839,500,0.038557008108555356,0.038557008108555356,-0.00013720623937593497,-0.3591993359995058
30,96,0.0025,1,0.0,999.0,0,-0.3450195661115193,-0.10051463206309397,-0.4743359561454388,-0.4585935766464343,724,0.05106735065364885,0.05106735065364885,1.286474289037112e-05,-0.3606122889681351
30,96,0.0025,1,-0.2,0.75,0,-0.3689837843762712,-0.10886889354864637,-0.42723673266039175,-0.7713356856924868,456,0.03514810524573887,0.03514810524573887,-0.0001788739117258765,-0.3610540441634666
12,200,0.0025,1,0.0,0.75,1,-0.3813735568172891,-0.11328175930644191,-0.4471976077470946,-0.5095955566528019,728,0.008969055105080259,0.04947873572728777,-1.9756168901109284e-05,-0.3623603410126293
12,120,0.005,1,0.0,0.75,1,-0.38010145198489076,-0.1128256378244954,-0.44540648431528695,-0.5411341631810108,627,0.008174747641899719,0.04232996855866292,-6.686538321864694e-05,-0.3625855881411894
20,96,0.0025,1,0.0,999.0,0,-0.34863736841232773,-0.10176100113839692,-0.47623929039281154,-0.4641457598119915,718,0.05086877378785371,0.05086877378785371,7.647605439308554e-06,-0.36308793432540226
12,60,0.0025,1,0.0,0.75,1,-0.37639329282409695,-0.1115000448484792,-0.44971946989378886,-0.537454378041009,597,0.006718517292735396,0.0405427767665067,-7.79460492537452e-05,-0.3632324986974241
30,120,0.005,1,-999.0,0.75,0,-0.3443895905231834,-0.10029812706926988,-0.4773616746945728,-0.4875833227422252,308,0.06427271222902532,0.06427271222902532,-9.998343849420601e-05,-0.36335813055366756
30,120,0.0025,1,-0.2,0.75,0,-0.3718163602301868,-0.10987200594893709,-0.4298078161934391,-0.7739246071557409,469,0.03624027800761211,0.03624027800761211,-0.00017117926019059662,-0.36347214440344366
48,120,0.0,1,-999.0,999.0,1,-0.2864020934174326,-0.08100495390818585,-0.5663194167271868,0.011860712806845027,736,0.06682111534006288,0.23269899056759888,5.499692194291959e-05,-0.363571626631437
12,120,0.0,1,0.0,999.0,0,-0.33446887280742155,-0.09690904448696502,-0.49424579161824167,-0.41863346616540076,789,0.05606486844282641,0.05606486844282641,4.314500229188845e-05,-0.3649636136043559
48,60,0.005,1,0.0,0.75,1,-0.3798693094077158,-0.11274247731408027,-0.4494166793105754,-0.5560776264889128,552,0.0064537481383418836,0.03782889293397319,-0.00011004227343451436,-0.36525469829381363
48,120,0.0025,1,0.0,0.75,1,-0.38468327830743776,-0.1144717849462501,-0.44950562469336086,-0.5297208461296631,653,0.007976170776104585,0.045043852391196425,-5.539865155347506e-05,-0.3657106395994137
20,200,0.0025,1,0.0,0.75,1,-0.3858178822809628,-0.11488084145266664,-0.4511690411950884,-0.5207415447172198,729,0.009167631970875393,0.04928015886149264,-2.4624156649832378e-05,-0.36650243928607185
30,60,0.0,1,-0.2,999.0,0,-0.37875812897639827,-0.11234474168119035,-0.4677172149370853,-0.4339951823911043,751,0.06933642230680126,0.06933642230680126,2.435703923492124e-06,-0.36790310826928824
30,120,0.005,1,-999.0,1.5,1,-0.34327161788464255,-0.09991429479477554,-0.520203268465208,-0.15867205241428572,638,0.04868442826410723,0.15968889624358762,2.529259034640646e-05,-0.36794953164809385
20,96,0.0,1,0.0,999.0,0,-0.34216396888421563,-0.09953448969066359,-0.4932125205201199,-0.44580151918519756,745,0.05282144630150588,0.05282144630150588,2.2805775347027507e-05,-0.3684308259099834
12,96,0.0025,1,-0.2,1.5,0,-0.3114676600157307,-0.08919471387426015,-0.5167118633269938,-0.42016966535924566,674,0.0576203872248883,0.0576203872248883,2.139823339074983e-05,-0.36855912880571934
48,200,0.005,1,-999.0,0.75,1,-0.3460339241891246,-0.10086356684319953,-0.511554598900902,-0.23848813808822006,552,0.033526394175078605,0.12169452258811848,5.283605934418728e-06,-0.36856527319806154
12,200,0.005,1,-999.0,0.75,1,-0.342177457275879,-0.09953911188141962,-0.5145074498601316,-0.24296005368624657,533,0.031242760218434553,0.115836505047162,2.8052062125288246e-06,-0.36894083949579776
20,96,0.0,1,-999.0,999.0,0,-0.29810345110823455,-0.08480087867634278,-0.5551598762469385,-0.13133017430133961,442,0.13486678801919577,0.13486678801919577,1.6148244087112757e-05,-0.368947325514879
48,120,0.0,1,-999.0,0.75,1,-0.29280719486727036,-0.0830769403006354,-0.5595430875455092,-0.13942658568107014,534,0.028396491808704287,0.11590269733576039,3.061466739959498e-05,-0.3698198133574435
30,60,0.0025,1,0.0,1.5,1,-0.29831940698154147,-0.08487137923060528,-0.5440309974164332,-0.26568434159161314,838,0.012146284957802416,0.060996193943405594,9.82523680359675e-05,-0.37017109501840256
30,96,0.0,1,0.0,999.0,0,-0.343787385234379,-0.10009131169951802,-0.49598487860840323,-0.45107850171563885,750,0.05288763859010425,0.05288763859010425,2.2488891090937206e-05,-0.3706376760895016
20,120,0.0,1,-999.0,1.5,1,-0.29227129611013947,-0.08290304436789919,-0.5702377095635096,-0.06176438410746656,698,0.045540294555684264,0.17514479563130894,5.0140261601519985e-05,-0.37111011835502733
12,120,0.0025,1,0.0,999.0,0,-0.35734559545684774,-0.10478249472001311,-0.48616762013768755,-0.4719504090779834,757,0.05371504219758398,0.05371504219758398,1.2454833685500525e-05,-0.37146382524275606
20,60,0.0025,1,0.0,0.75,1,-0.38948708640958396,-0.11620758258126584,-0.4539961211591813,-0.5731917607724706,569,0.006089690551050802,0.03878868111864968,-0.00011266172525045518,-0.37186523119948
48,120,0.005,1,-999.0,999.0,1,-0.3704958932903939,-0.10940396224799753,-0.5149740336260773,-0.09956266845372214,679,0.06940261459539963,0.21204699652490486,3.0064777940010284e-05,-0.3718691124837223
48,60,0.0025,1,0.0,999.0,0,-0.36853175700368856,-0.1087091276183274,-0.47664000861303235,-0.5192429778765336,685,0.04825417838821777,0.04825417838821777,-2.6574127122646983e-05,-0.3729912808186703
30,96,0.0025,1,-999.0,999.0,0,-0.368686567287821,-0.10876383458023142,-0.503225371581848,-0.2640659059650891,431,0.13185503888796954,0.13185503888796954,-1.8111718868345788e-05,-0.3735798156694099
12,96,0.0,1,0.0,0.75,1,-0.3899797239788405,-0.11638616934855861,-0.4593672928286381,-0.5546229410918829,665,0.007909978487506205,0.04524242925699156,-5.916747964749832e-05,-0.37380096281747177
48,60,0.0,1,0.0,0.75,1,-0.38883408538572384,-0.11597102864985032,-0.4601533029574516,-0.5636039676279443,605,0.006586132715538639,0.041469468806884,-8.88693089974264e-05,-0.37422787850997336
30,60,0.0,1,-999.0,0.75,0,-0.31529672826997945,-0.09046539484060367,-0.53305960808117,-0.3461734433357351,302,0.05844779083236803,0.05844779083236803,-7.5674420014467e-05,-0.37430387104797547
30,96,0.0,1,-999.0,0.75,0,-0.3033515825856765,-0.08651879856397193,-0.5472113649260276,-0.30585816835522595,326,0.0658613271553864,0.0658613271553864,-4.8942488689861615e-05,-0.37541738944474706
20,120,0.0025,1,0.0,999.0,0,-0.37072081843173277,-0.10948363563836971,-0.4822022662214319,-0.5060876388141385,745,0.052755254012907496,0.052755254012907496,-5.208032150035659e-06,-0.3758891506897926
20,120,0.0025,1,-0.2,0.75,0,-0.3850138710544505,-0.11459091447363956,-0.44178698445139475,-0.8084107530267561,472,0.036471951017706436,0.036471951017706436,-0.00018763683003451652,-0.37590494435067473
48,200,0.005,0,0.0,0.75,0,-0.3642253541723225,-0.10719134222831472,-0.5023236445353888,-0.3537588961366647,912,0.06476915439351316,0.06476915439351316,6.4246708144057e-05,-0.37604110930284235
30,60,0.0025,1,-0.2,999.0,0,-0.4087998017924992,-0.12329109855898768,-0.45587874980750587,-0.4970071351138145,722,0.06668873076286613,0.06668873076286613,-2.9953036811483514e-05,-0.37608083021843136
12,120,0.0,1,-999.0,1.5,1,-0.30157343981946616,-0.08593565909145062,-0.5751999262389604,-0.07089361826523366,704,0.045374813834188316,0.17729604501075624,4.776208811950154e-05,-0.3770803031241925
48,60,0.0,1,0.0,999.0,0,-0.36102234708922576,-0.10606743738844904,-0.4931800271675205,-0.49771697696195033,709,0.04997517789177561,0.04997517789177561,-9.093191010183618e-06,-0.3775432998203068
20,120,0.0,1,0.0,999.0,0,-0.3605229005392362,-0.10589256717584605,-0.4958730433525952,-0.4783754066404454,776,0.05493959953665398,0.05493959953665398,1.4920955501168675e-05,-0.3777478591841659
30,60,0.0025,1,-999.0,1.5,0,-0.36099141455536043,-0.10605660406681905,-0.5038959572379202,-0.39642999269477763,391,0.0911798775442661,0.0911798775442661,-5.27187430408637e-05,-0.37782608232051806
12,120,0.0025,1,-0.2,0.75,0,-0.3873235482613818,-0.11542455180433386,-0.4438834412947965,-0.8099245823872581,480,0.037067681615091844,0.037067681615091844,-0.0001839784282657139,-0.377862501571095
20,120,0.005,1,-999.0,1.5,1,-0.3551231384664809,-0.10400846579505385,-0.531773365934746,-0.1739944258960617,635,0.048916101274201554,0.15833195432732086,2.127536850418873e-05,-0.3785948700572299
48,200,0.005,0,-0.2,1.5,0,-0.30294326703305585,-0.08638479343360295,-0.5760720287467777,-0.08374167701565893,1507,0.14777428429587952,0.14777428429587952,0.00014387390528480283,-0.3786078916577747
30,96,0.005,1,-0.2,999.0,0,-0.37703828978070175,-0.11173019309451471,-0.49200001110335345,-0.42155128902898364,774,0.07026311434717855,0.07026311434717855,1.0511170454517942e-05,-0.37880776309764064
48,200,0.0025,1,0.0,1.5,1,-0.29844131241901617,-0.08491118343672732,-0.5662444388159391,-0.2281472468614036,1154,0.017342379612775113,0.08214463015058746,0.00014389945144391392,-0.37944076518776704
20,60,0.0,1,-0.2,999.0,0,-0.37761095037268777,-0.11193467998609807,-0.4933631583374206,-0.42759263508676454,763,0.07006453748138342,0.07006453748138342,6.742932093997519e-06,-0.3799958909091466
12,60,0.005,0,0.0,0.75,0,-0.3814868056126014,-0.11332239947388423,-0.4789996933508365,-0.5480379431450141,708,0.0478570246566275,0.0478570246566275,-3.330301020588621e-05,-0.3802241433065532
20,96,0.0025,1,0.0,0.75,1,-0.3983183677877399,-0.11942555578872038,-0.46401417838373027,-0.5861072496540124,611,0.006751613437034586,0.04183352639417508,-9.828959684970726e-05,-0.3807380074632861
20,120,0.0,1,-999.0,999.0,1,-0.32426991993595844,-0.09346416513133837,-0.571548950643302,-0.032128200233510235,718,0.06202217441668045,0.22147939765017374,4.623039357474807e-05,-0.3808450504646649
20,200,0.005,1,-999.0,0.75,1,-0.3660895194105577,-0.10784741556618715,-0.5192270484253434,-0.2781247109997171,535,0.03167301009432401,0.11593579348005957,-7.500141911233035e-06,-0.38136717532884473
12,60,0.0025,1,-999.0,1.5,0,-0.3625079088770523,-0.10658818052024033,-0.5121207940808774,-0.3869933655234213,404,0.0957471454575542,0.0957471454575542,-4.7350327064621363e-05,-0.3819982458368501
30,200,0.0025,1,-999.0,0.75,1,-0.369130853592759,-0.10892089263811966,-0.5200131425570259,-0.27306610089536876,559,0.03203706768161509,0.12596392520271388,-3.5966755707807995e-06,-0.38258076896140103
12,96,0.0025,1,-999.0,999.0,0,-0.3807220662970313,-0.11304807538418493,-0.5123346305256568,-0.28375935991177087,429,0.1323183849081582,0.1323183849081582,-2.3391364085088674e-05,-0.38340335864260183
12,96,0.0,1,0.0,999.0,0,-0.3576583060399531,-0.10489156534840038,-0.5104352101313746,-0.47010585307983926,764,0.05431077279496939,0.05431077279496939,1.4515844055207068e-05,-0.38361446306807967
20,200,0.0,1,-0.2,999.0,0,-0.3834324995795281,-0.11402149892021851,-0.5005060240807926,-0.3896331373324392,967,0.08757239781565447,0.08757239781565447,4.67061720287941e-05,-0.38375616782723676
30,96,0.0,1,-999.0,1.5,1,-0.3239188505332291,-0.09334628107243248,-0.5707814890916293,-0.10077777714733203,683,0.04332285288763859,0.16816150918418005,4.063374294466093e-05,-0.3837759144756137
48,120,0.0025,1,-0.2,999.0,0,-0.4123706687627594,-0.12461976216818882,-0.47322341549545555,-0.4631034599348482,856,0.0774449776601026,0.0774449776601026,5.485114511590421e-06,-0.384386642912659
30,200,0.0,1,-0.2,999.0,0,-0.3760813406034472,-0.11138879786821598,-0.5086742300225346,-0.37716577827858255,986,0.08879695515472448,0.08879695515472448,5.396883139062432e-05,-0.38458420179341246
48,60,0.0025,1,-999.0,1.5,0,-0.3584157228071808,-0.10515591054498608,-0.5205802835247981,-0.3856769513226447,400,0.09505212642727122,0.09505212642727122,-4.689001587792327e-05,-0.38472989987351736
30,120,0.0025,1,0.0,999.0,0,-0.3967734919854886,-0.11886008486016009,-0.4754196494439882,-0.5648178800040456,744,0.05265596558000993,0.05265596558000993,-3.2438975459701095e-05,-0.3848108035823565
20,120,0.0,1,0.0,0.75,1,-0.40350842348382254,-0.12133327859444554,-0.469078905042851,-0.5828766525750699,678,0.00814165149760053,0.04593744828727453,-6.94746117326804e-05,-0.3850165637446245
12,96,0.005,1,0.0,0.75,1,-0.40307277717131273,-0.12117266955593697,-0.46824946808400714,-0.6007615897300134,601,0.007943074631805394,0.040774449776601024,-0.00011193751693007075,-0.3853354830844412
48,200,0.0,1,-0.2,999.0,0,-0.37724561374703547,-0.1118042085081864,-0.510127382647102,-0.3745588132817779,1021,0.0908820122455734,0.0908820122455734,5.907444791183658e-05,-0.3855958404958263
48,200,0.0025,1,-0.2,999.0,0,-0.395743320387558,-0.11848361418852837,-0.4944697752156997,-0.4113988635244296,987,0.08790335925864637,0.08790335925864637,4.271456481751302e-05,-0.3862884449725997
30,60,0.005,0,0.0,1.5,0,-0.27539016660739224,-0.07747506516041269,-0.5969009171640991,-0.20772042938373383,1060,0.07727949693860665,0.07727949693860665,0.00014362957437023802,-0.38631154521164895
20,96,0.005,1,-0.2,999.0,0,-0.40000349236329,-0.12004360447575346,-0.4869570263112649,-0.4653579098156878,759,0.06989905675988747,0.06989905675988747,-1.0819126583514037e-05,-0.3867900131221703
30,96,0.005,1,-999.0,1.5,1,-0.3875818793411937,-0.11551793826881829,-0.5215942548063803,-0.2221211836281506,623,0.04659937117325832,0.15257322521926195,8.50269593531593e-06,-0.38742112485341595
12,120,0.0,1,-0.2,0.75,0,-0.3957341321156642,-0.11848025854959132,-0.45695259300187285,-0.8141809299019235,508,0.039252027138838325,0.039252027138838325,-0.00017199190259108138,-0.3876656015456239
30,96,0.005,1,0.0,0.75,1,-0.40708740746486627,-0.12265607681992652,-0.4695495250945759,-0.609311544334203,596,0.007545920900215125,0.040509680622207514,-0.00012010987146842852,-0.38789641658392465
30,200,0.0025,1,-0.2,999.0,0,-0.39528182145049195,-0.11831511792383265,-0.4981613762310464,-0.41551539029986273,951,0.08575210987919907,0.08575210987919907,3.644339792062748e-05,-0.388171575554349
12,96,0.0025,1,-999.0,1.5,0,-0.3578038096937556,-0.1049423292795556,-0.5305865076474172,-0.36606432391390625,419,0.10239947046169122,0.10239947046169122,-3.8018088220253755e-05,-0.3885387992989595
20,60,0.005,0,0.0,0.75,0,-0.400549020030477,-0.1202439650210052,-0.47946107147912365,-0.5731313599578476,700,0.04871752440840642,0.04871752440840642,-5.4242625887778135e-05,-0.38863106875845943
20,60,0.0025,1,-999.0,1.5,0,-0.36389045506685347,-0.10707363086821708,-0.5245979863602845,-0.39717052341221254,393,0.09260301174913123,0.09260301174913123,-5.263725587729222e-05,-0.38923115021897
12,120,0.005,1,-999.0,1.5,1,-0.376063480920765,-0.11138243009158155,-0.5367335720823523,-0.2013176402425987,638,0.04934635115009101,0.15949031937779248,1.447513512697967e-05,-0.38981509814488763
48,200,0.0,1,0.0,1.5,1,-0.30451359016813084,-0.08690048045942678,-0.5826551470247281,-0.23225971410427068,1215,0.017176898891279165,0.0862816481879861,0.00014635658666915113,-0.38984103967700434
30,120,0.0,1,0.0,999.0,0,-0.3902783289157624,-0.11649446969607957,-0.49256282711143373,-0.543786031348747,773,0.05467483038226047,0.05467483038226047,-1.5106189846172446e-05,-0.3899651848192338
30,120,0.0,1,0.0,0.75,1,-0.4087820590415704,-0.12328451179885169,-0.4737728260887729,-0.5962021043536486,669,0.008307132219096475,0.04563958298858183,-7.983750481657524e-05,-0.38998103006092055
20,120,0.005,1,0.0,0.75,1,-0.40987377444120743,-0.12369007286541212,-0.4720423540620655,-0.6124369824899145,615,0.008009266920403773,0.04170114181697832,-0.00011238302695064453,-0.3903330990209406
12,60,0.0,0,0.0,0.75,0,-0.3874757102077454,-0.11547955464418047,-0.4965208183286376,-0.53289540143163,761,0.05196094654972696,0.05196094654972696,-1.6172882161568177e-05,-0.39038473388008077
48,96,0.0025,1,0.0,999.0,0,-0.40946665856384157,-0.12353876778284567,-0.47454082291595356,-0.5967267977643902,742,0.05229190799271885,0.05229190799271885,-4.720594820702719e-05,-0.39064551912904194
12,96,0.0025,1,0.0,999.0,0,-0.3806897474058669,-0.11303648768094221,-0.5033788862188933,-0.5265649734617688,734,0.05202713883832533,0.05202713883832533,-1.882997123939471e-05,-0.39105417946347726
12,120,0.005,1,-0.2,999.0,0,-0.3942160566672569,-0.1179263683092685,-0.5023051679577908,-0.44320887071628484,809,0.07367201720999504,0.07367201720999504,6.832552301370673e-06,-0.39123939582397815
20,120,0.005,1,-999.0,0.75,0,-0.3819062071167678,-0.1134729534039195,-0.4988710305396884,-0.5690466595191717,309,0.06404103921893099,0.06404103921893099,-0.00013043435396236153,-0.39136080164972226
48,60,0.005,1,0.0,1.5,1,-0.3094030869141058,-0.08851177967919976,-0.5766224683874785,-0.29295800798717586,831,0.013106073142478901,0.06030117491312262,8.65525637230691e-05,-0.39147091427229785
30,200,0.005,1,0.0,1.5,1,-0.3033155095435148,-0.0865069573771643,-0.5848724191388205,-0.25156765200523895,1061,0.017938110210160518,0.07565778586794639,0.00012928903409174423,-0.3915215495468365
30,96,0.0,1,0.0,0.75,1,-0.4102765615869346,-0.12383984619680899,-0.4751030425730278,-0.603467173561533,651,0.007645209333112692,0.04424954492801589,-9.15359236607128e-05,-0.39156472616139953
20,120,0.005,1,-0.2,999.0,0,-0.3996843331032608,-0.11992644747681347,-0.4980367312166005,-0.45792462086839764,801,0.07264603673672017,0.07264603673672017,3.451369569812414e-07,-0.3918410441285336
48,120,0.005,1,0.0,1.5,1,-0.3447405546669523,-0.10041872438119426,-0.5503360359122977,-0.33055550998476446,940,0.016084726129405924,0.0679794803905345,8.188049584929826e-05,-0.39211451783658136
48,60,0.005,1,-999.0,999.0,0,-0.39415714711032246,-0.1179048953479731,-0.517062868743829,-0.32114748827806594,409,0.1210656958464339,0.1210656958464339,-3.6798530008581927e-05,-0.3924937041337909
30,96,0.005,1,0.0,1.5,1,-0.31734673191420115,-0.09114788178893063,-0.5733203578895618,-0.2993880633916848,882,0.014496111203044846,0.06367698163163991,9.062168242392023e-05,-0.39277746390329576
20,60,0.0,1,-999.0,0.75,0,-0.33812940509888445,-0.09815510634107916,-0.5516320772737018,-0.38314128908921224,307,0.05937448287274533,0.05937448287274533,-9.12514686990118e-05,-0.3931282094323907
30,60,0.0,0,0.0,0.75,0,-0.401236431408972,-0.12049663112670472,-0.4919596722826015,-0.5426415169191837,764,0.05407909978487506,0.05407909978487506,-2.573687047287825e-05,-0.39360854311396465
20,200,0.0025,1,-0.2,999.0,0,-0.4127836593586113,-0.12477381965438983,-0.49322235652657564,-0.447329037012884,932,0.0844282641072315,0.0844282641072315,2.1805832550486355e-05,-0.3937514497683219
20,60,0.0025,1,-0.2,999.0,0,-0.41147128341014483,-0.12428454595368021,-0.489523391745489,-0.4982763014043629,733,0.06731755750455072,0.06731755750455072,-2.8635148043799146e-05,-0.3939600568966429
48,120,0.0,1,-0.2,999.0,0,-0.42040092867179524,-0.12762995620598327,-0.4855706717723657,-0.4742977502087154,888,0.08015886149263611,0.08015886149263611,6.768437608222675e-06,-0.3941301796026019
48,60,0.0,1,-999.0,999.0,0,-0.33367469337858247,-0.09663938076432055,-0.5768446838157639,-0.18232674718503245,437,0.12884328975674333,0.12884328975674333,1.5221248618253608e-06,-0.3941780600314541
48,200,0.0025,1,-0.2,1.5,1,-0.37518489214126916,-0.1110693424119149,-0.5395751342884472,-0.2678098169990179,1296,0.025682607976170776,0.11550554360417012,0.00010120361106356809,-0.3942474004060894
12,120,0.0025,1,0.0,0.75,1,-0.41525332574761376,-0.12569677601316276,-0.47685518074375255,-0.6126325139736533,653,0.007545920900215125,0.044282641072315075,-9.672995195573917e-05,-0.3947559920837217
30,120,0.005,1,-0.2,999.0,0,-0.40540953138298297,-0.12203518796664858,-0.4983615776339885,-0.4709514746342858,802,0.07251365215952342,0.07251365215952342,-4.083801132268518e-06,-0.3947635505153571
20,60,0.005,1,0.0,1.5,1,-0.31748354751042485,-0.09119348508338243,-0.5765744972864182,-0.3060351257920707,819,0.013403938441171603,0.05881184841965911,7.880944307477146e-05,-0.39478249001619503
48,60,0.0,1,-999.0,0.75,0,-0.32905606772926466,-0.09507588295829428,-0.5637287596156044,-0.36553688114494504,308,0.06073142478901208,0.06073142478901208,-8.131448387831867e-05,-0.39521710682334377
20,60,0.0,0,0.0,0.75,0,-0.3991118448649419,-0.11971641540705613,-0.4976677685960199,-0.5425686406669751,752,0.05278835015720668,0.05278835015720668,-2.8548823301724628e-05,-0.39567873173841484
20,120,0.005,1,-999.0,999.0,1,-0.40322214517122024,-0.12122772691873729,-0.5345238694882068,-0.1484690644942395,656,0.06516630812510342,0.20079430746318053,1.876836395231357e-05,-0.3959131148875527
48,96,0.0,1,0.0,999.0,0,-0.4037307524231406,-0.12141527814571629,-0.49171272045308734,-0.5766909992813697,770,0.054277676650670195,0.054277676650670195,-3.0167878135570475e-05,-0.39610618833632844
48,96,0.0,1,-999.0,1.5,1,-0.3372529003996716,-0.09785627063800062,-0.5865348568618043,-0.10946865656168073,697,0.04729439020354129,0.17491312262121464,3.78440681166545e-05,-0.3965971318969868
30,120,0.005,1,0.0,0.75,1,-0.41680160793107013,-0.12627688666882186,-0.4782403545954167,-0.6297174125521215,609,0.00807545920900215,0.04156875723978157,-0.00012470356265716,-0.39688293459413626
30,60,0.005,0,0.0,0.75,0,-0.4079716626576858,-0.122983820758371,-0.48961961198981785,-0.5841417034484181,713,0.05004137018037399,0.05004137018037399,-5.5994215531913985e-05,-0.39700071192570086
48,200,0.0025,1,-999.0,0.75,1,-0.39081734313002525,-0.11669006424649442,-0.5327365889808666,-0.29841030401344726,576,0.03259970213470131,0.12877709746814497,-9.301096209033968e-06,-0.3979788739376001
12,60,0.005,1,0.0,1.5,1,-0.3245821025006722,-0.09356903012162021,-0.5788680100218866,-0.312921168027492,849,0.014231342048651332,0.060830713221909645,7.974288030341973e-05,-0.3986490935339381
12,96,0.0,1,-0.2,0.75,0,-0.40588702203207305,-0.12221174691728542,-0.46836801820249685,-0.8498201459259641,482,0.03782889293397319,0.03782889293397319,-0.00020509470054257947,-0.3988867633148321
12,200,0.0025,1,-0.2,999.0,0,-0.43001068494017525,-0.13127361117784264,-0.4873591580500982,-0.48124144073289965,924,0.08360086049975178,0.08360086049975178,8.463322359501534e-06,-0.39901526223953676
48,96,0.005,1,0.0,0.75,1,-0.4196735842269309,-0.12735602346591557,-0.48080977411734427,-0.6366879245961098,602,0.008307132219096475,0.04120469965249048,-0.00013261647611861204,-0.3995953067543932
12,200,0.005,1,0.0,1.5,1,-0.3262885226146932,-0.09414287531792243,-0.5821352587249471,-0.288519678125963,1041,0.01770643720006619,0.074367036240278,0.00011195147305127919,-0.3996364885866941
12,96,0.0025,1,-0.2,0.75,0,-0.4084553407671967,-0.12316324846759064,-0.4653684855867074,-0.879199266072733,458,0.03584312427602184,0.03584312427602184,-0.00023326046561244907,-0.399807454564581
12,120,0.0,1,-999.0,999.0,1,-0.3417733468820122,-0.09940066248154211,-0.597852568292807,-0.049132055522582936,714,0.06212146284957802,0.22396160847261293,4.1543332415986744e-05,-0.40078354940407473
48,60,0.005,1,-0.2,999.0,0,-0.41453600625729337,-0.12542840087090545,-0.5002642736096299,-0.5060018812592321,730,0.06642396160847261,0.06642396160847261,-3.256776607195415e-05,-0.400860631738682
12,60,0.0,1,0.0,1.5,1,-0.33577419980145684,-0.09735279298674704,-0.5791167892345295,-0.31181387754808393,942,0.013370842296872415,0.06804567267913288,8.970100222173903e-05,-0.40250188148141597
48,96,0.0025,1,-999.0,0.75,0,-0.395759943523164,-0.11848968520328207,-0.5101031586219448,-0.5842018781177835,319,0.06629157703127586,0.06629157703127586,-0.00013325872859776982,-0.40275135842014365
12,200,0.0,1,-0.2,999.0,0,-0.4263092436676559,-0.1298647516616186,-0.5006928029877422,-0.46705499439184966,962,0.08700976336256826,0.08700976336256826,1.8720655294114253e-05,-0.4035639028750822
12,60,0.005,0,0.0,1.5,0,-0.2635550624648858,-0.0737258605822999,-0.6425244536059638,-0.20325597797944214,1045,0.07390369022008936,0.07390369022008936,0.0001509902179819391,-0.4051508862842539
20,96,0.005,1,0.0,1.5,1,-0.34131677235602653,-0.09924431536200251,-0.5784402256774788,-0.34013917351007034,880,0.014463015058745657,0.06337911633294721,7.17352413039897e-05,-0.4054713868762454
48,60,0.0025,1,0.0,0.75,1,-0.4239617913429652,-0.12897478117542382,-0.4885642098063837,-0.6516836555997585,572,0.006122786695349992,0.03928512328313751,-0.00015870845751599322,-0.4058410688586036
48,96,0.005,1,-0.2,999.0,0,-0.42706883405508533,-0.13015331353636905,-0.5026487430858629,-0.5151915644353126,803,0.0722488830051299,0.0722488830051299,-2.107753977832356e-05,-0.40723726330106613
30,120,0.0025,1,-999.0,1.5,1,-0.42056849220039905,-0.12769310056517647,-0.5340003182501843,-0.25128249942109954,666,0.04659937117325832,0.16627502895912627,3.3575906681695526e-06,-0.4072573846613236
48,200,0.0,1,-0.2,1.5,1,-0.3804943948663848,-0.11296645509927983,-0.5625455128858252,-0.2704494414504593,1366,0.025384742677478075,0.12142975343372497,0.0001043110676258442,-0.4077616836147154
12,120,0.005,1,0.0,1.5,1,-0.3438405346309805,-0.10010955907153196,-0.5819090708703674,-0.3351867410147576,928,0.015886149263610788,0.06678801919576369,7.985390033813706e-05,-0.40782343155745354
48,120,0.0025,1,-999.0,999.0,1,-0.4064122888552968,-0.12240609470508679,-0.55775012383394,-0.13297751584657364,707,0.0676816150918418,0.22151249379447294,2.3172717391899877e-05,-0.40793003241438547
20,96,0.0025,1,-999.0,1.5,0,-0.4094785308286988,-0.12354317901658363,-0.5228557171812503,-0.4667168355628784,410,0.10018202879364554,0.10018202879364554,-6.876613984973414e-05,-0.4083068793853527
48,96,0.0,1,0.0,0.75,1,-0.42846078449054137,-0.13068284874739955,-0.4912883298679708,-0.6425978013000061,662,0.008704285950686745,0.045110044679794806,-0.0001083164681667755,-0.4084569037463852
48,120,0.005,1,-0.2,1.5,1,-0.40690102505553205,-0.12258704204919835,-0.5370352778518674,-0.3484580666855947,1046,0.024193281482707264,0.09475426112857852,5.547632615402938e-05,-0.40852758430941183
20,200,0.005,1,0.0,1.5,1,-0.32849504261204665,-0.09488651473754894,-0.5982305295286543,-0.29195851634765824,1045,0.018037398643058082,0.07443322852887639,0.00011129805692972671,-0.408599705319259
30,60,0.0,0,-0.2,0.75,0,-0.4297772987761781,-0.1311845763967986,-0.5077576500697847,-0.4870584991222491,847,0.07704782392851232,0.07704782392851232,-7.964501780019388e-06,-0.4094163263878034
30,120,0.0,1,-999.0,999.0,1,-0.3633594843412423,-0.10688709884060144,-0.5985568797136858,-0.07021844458270385,720,0.06298196260135694,0.2228363395664405,3.734400128248245e-05,-0.4096764609265795
12,120,0.0,1,-999.0,0.75,0,-0.3493726415614389,-0.10201494431347924,-0.5771228840760112,-0.38415034664955244,337,0.0695349991725964,0.0695349991725964,-7.592458475984222e-05,-0.40978390368396245
20,60,0.0,1,0.0,1.5,1,-0.3492107917982761,-0.10195902738617857,-0.5824049379048124,-0.3403882911175805,907,0.0128082078437862,0.06523250041370181,7.30287765972597e-05,-0.4101809108944638
30,200,0.005,1,-0.2,1.5,1,-0.3869888031726293,-0.11530358563779952,-0.5595444162165712,-0.3021547995250012,1184,0.026675492305146452,0.10643720006619228,8.351539898703857e-05,-0.4101835337223352
48,96,0.005,1,-999.0,1.5,1,-0.3938374545590989,-0.11778839237936367,-0.5628074106059994,-0.22169361373983376,637,0.049578024160185336,0.15906006950190302,8.863842582111487e-06,-0.41027677836935506
30,96,0.005,1,-999.0,0.75,0,-0.40313338348016714,-0.12119500792516091,-0.516081287523376,-0.6259773551955854,304,0.061658116829389376,0.061658116829389376,-0.00015633942543071198,-0.41053451944662817
20,96,0.0,1,-999.0,0.75,0,-0.35208775924733204,-0.10295453958534484,-0.5770473195380816,-0.3994716686389358,319,0.06443819295052126,0.06443819295052126,-9.043984382599697e-05,-0.41145178278633243
48,120,0.0025,1,0.0,1.5,1,-0.3842424572358023,-0.11431300912213638,-0.5564339517221428,-0.3851230752712632,979,0.015356610954823763,0.0710243256660599,6.083858000401336e-05,-0.41178613874677095
20,60,0.0,0,-0.2,0.75,0,-0.4324933069079029,-0.13222240549687636,-0.511588906734126,-0.4947607709153075,848,0.07542611285785206,0.07542611285785206,-1.034890172489176e-05,-0.4127548974097048
48,200,0.005,0,-0.2,0.75,0,-0.42015197544144334,-0.12753616635352993,-0.5352437543745391,-0.3651609448743938,1031,0.09313255005791825,0.09313255005791825,4.5947091279778535e-05,-0.4134160907845192
30,60,0.005,0,0.0,999.0,0,-0.3497552087778638,-0.10214715763375948,-0.5991393254054618,-0.2414149402382957,1263,0.09683931821942744,0.09683931821942744,0.00012671221777964137,-0.41378756734840516
12,60,0.0,0,-0.2,0.75,0,-0.4410888585709003,-0.13553163302766114,-0.507511308642971,-0.5228170645267777,860,0.07443322852887639,0.07443322852887639,-1.6139338614535123e-05,-0.4154281405754855
30,60,0.005,1,-999.0,0.75,0,-0.4191734782857274,-0.12716782266528515,-0.5058955745633488,-0.7096433192361113,281,0.05441006122786695,0.05441006122786695,-0.00020496072752894937,-0.4155977759087651
48,120,0.0,1,0.0,1.5,1,-0.38765379092274055,-0.1155439394983736,-0.5627046604590937,-0.3854270694360285,1032,0.015555187820618897,0.07459870925037233,6.81815107562544e-05,-0.4161676231997219
48,60,0.0,1,0.0,1.5,1,-0.3581881235644988,-0.10507645180623426,-0.5874693456762576,-0.35830134898648475,908,0.012642727122290254,0.06579513486678802,6.515944219047365e-05,-0.41672619209368733
12,60,0.0025,1,-0.2,999.0,0,-0.4445943070778098,-0.1368921638626176,-0.5052842710371417,-0.56021352261823,765,0.06963428760549396,0.06963428760549396,-4.685871176085656e-05,-0.41754497551209996
12,200,0.0,1,0.0,1.5,1,-0.3649219054106576,-0.10743631714276514,-0.5874535480305119,-0.33202568965538803,1146,0.016779745159688896,0.08217772629488665,0.00010204009392490674,-0.4177643756407905
12,96,0.0025,1,0.0,0.75,1,-0.4388248321157733,-0.13465631794218558,-0.5000978635110369,-0.6774646709407599,626,0.0073804401787191795,0.04266093000165481,-0.0001441283161485057,-0.418578483244742
48,200,0.005,0,0.0,1.5,0,-0.3389329256369157,-0.09842931956687762,-0.621215546774976,-0.19318525554309107,1384,0.10269733576038391,0.10269733576038391,0.00015091335469076425,-0.4186963557315202
12,200,0.0025,1,-999.0,0.75,1,-0.41161134899809637,-0.12433672552204156,-0.5548490426430854,-0.34238941716639354,557,0.029687241436372663,0.121959291742512,-2.351327147865084e-05,-0.41888071770190394
30,120,0.005,1,0.0,1.5,1,-0.3741615232417336,-0.11070507773515614,-0.5772177679081429,-0.3930009478466703,910,0.015257322521926195,0.06562965414529208,5.187406399408884e-05,-0.4189640090815611
12,60,0.005,0,0.0,999.0,0,-0.30701717553091645,-0.08772445469128487,-0.6433311510697666,-0.19592094767832008,1235,0.09243753102763529,0.09243753102763529,0.00014731886958907036,-0.41918607761008414
12,120,0.005,1,-999.0,0.75,0,-0.41307076662301223,-0.12488096686956074,-0.5241381724668024,-0.6511171634957756,311,0.06476915439351316,0.06476915439351316,-0.00015570705744449674,-0.4195059112777507
20,96,0.0,1,0.0,1.5,1,-0.3705871688819612,-0.10943629147976541,-0.5830743888962249,-0.3715943471553031,964,0.013668707595565117,0.06946880688399801,6.723692831922603e-05,-0.419553203285643
12,96,0.005,1,-0.2,999.0,0,-0.4269044149564938,-0.13009082782033232,-0.5278557325012425,-0.5120709488229208,781,0.07138838325335098,0.07138838325335098,-2.5926542956607272e-05,-0.4196222415120996
20,60,0.005,0,0.0,1.5,0,-0.3207366400844518,-0.09227982820803904,-0.6267186956200597,-0.27975436357477845,1044,0.07539301671355288,0.07539301671355288,0.00011472394943185576,-0.41962689419680776
12,120,0.005,1,-999.0,999.0,1,-0.42922019646491727,-0.13097215711653287,-0.5596155233709568,-0.18063869712357553,650,0.06562965414529208,0.20205196094654973,1.0658326282993744e-05,-0.41981185365819
12,120,0.0,1,0.0,1.5,1,-0.36876178973926943,-0.10879042037108788,-0.5880405994862266,-0.3570840618055407,1023,0.015224226377627006,0.07380440178719179,7.982175818354011e-05,-0.4206649232044782
48,60,0.0025,1,0.0,1.5,1,-0.37629895407520797,-0.11146639779386658,-0.5793787077608907,-0.39527354740519355,862,0.01237795796789674,0.06261790501406586,4.0160196257856634e-05,-0.42091942904457164
20,120,0.0025,1,0.0,0.75,1,-0.4429087339083182,-0.13623716003752329,-0.5015971487458569,-0.683266870232415,639,0.007446632467317558,0.043455237464835345,-0.00014154987896972907,-0.4211990779220725
48,200,0.0,0,-0.2,0.75,0,-0.44090589273797187,-0.13546079638231534,-0.5346239139014118,-0.3787431527716532,1119,0.10130729769981797,0.10130729769981797,4.793057989529808e-05,-0.42170991097160393
20,120,0.005,1,0.0,1.5,1,-0.37030169167871396,-0.10933518896758498,-0.5868014845764721,-0.3856894530917982,915,0.015290418666225384,0.06579513486678802,5.61746954014975e-05,-0.42202040391041096
12,60,0.0,1,-0.2,999.0,0,-0.4342167982171089,-0.13288291100574223,-0.5261333566045068,-0.5307522451290823,795,0.07267913288101936,0.07267913288101936,-2.864546900124667e-05,-0.42248720156444974
30,96,0.0025,1,0.0,0.75,1,-0.4442574062724628,-0.13676112714836852,-0.5028037412606042,-0.6911389820270784,616,0.0071818633129240445,0.041999007115671026,-0.00015806082868998912,-0.42271994688002457
30,96,0.0025,1,0.0,1.5,1,-0.38318517353243253,-0.11393254152557453,-0.5797059746930884,-0.39976119063529214,913,0.013767996028462685,0.06605990402118153,4.6682456622634064e-05,-0.42377358840388335
20,200,0.0025,1,-999.0,0.75,1,-0.42818132489408545,-0.13057645733027456,-0.5502220126382293,-0.36962957728629287,557,0.0301836836008605,0.12199238788681119,-3.1316320972162426e-05,-0.42416894251370385
12,60,0.0,1,-999.0,0.75,0,-0.37518655174360205,-0.11106993350484395,-0.5823770929068182,-0.44492308772924405,317,0.06195598212808208,0.06195598212808208,-0.0001143404320780284,-0.42450463434471525
30,96,0.0,1,0.0,1.5,1,-0.3752151506269463,-0.11108011962247655,-0.5888786429231185,-0.37983166685714764,961,0.013966572894257819,0.06936951845110045,6.306341257998321e-05,-0.4245110244268932
30,60,0.005,1,-0.2,1.5,1,-0.4146786860865471,-0.12548176290402413,-0.5591407133382802,-0.39233798018836186,869,0.019956975012411053,0.08085388052291909,1.766239079513491e-05,-0.4246690185825823
12,200,0.005,1,-0.2,1.5,1,-0.41205051988449337,-0.12450039317774353,-0.5672313333444252,-0.3418648227143143,1156,0.026212146284957803,0.10438523911964256,6.736949963302094e-05,-0.42520930098567183
30,120,0.0025,1,0.0,0.75,1,-0.44719346436056007,-0.13790510786672172,-0.505430491690245,-0.695342045849099,630,0.007645209333112692,0.043190468310441835,-0.00015199970533510572,-0.42538745600429917
20,200,0.005,1,-0.2,1.5,1,-0.4078099275167527,-0.12292384717915095,-0.5745249078176167,-0.33490927387204616,1161,0.026675492305146452,0.10471620056263445,7.025584999111212e-05,-0.4269317647815616
30,200,0.0025,1,0.0,1.5,1,-0.3696999266900737,-0.10912218479512303,-0.6011737094273755,-0.34596091747263963,1111,0.017276187324176732,0.07929836174085719,9.419915024806725e-05,-0.42700708538244275
20,60,0.005,1,-999.0,0.75,0,-0.43027744633377196,-0.13137541179469658,-0.5185644854310025,-0.7308589257091134,284,0.05517127254674831,0.05517127254674831,-0.00021217553156281017,-0.42720060079565353
30,96,0.005,1,-0.2,1.5,1,-0.41199937098365624,-0.12448132658801259,-0.5695184490400944,-0.37297296256539997,969,0.02207512824755916,0.08839980142313421,3.9007104430282375e-05,-0.4278891992363298
12,60,0.0025,1,0.0,1.5,1,-0.38059064919525976,-0.1130009595645044,-0.5927096067798847,-0.39597569371482894,889,0.013172265431077279,0.06387555849743505,4.407806179914561e-05,-0.42915454764018823
48,120,0.005,1,-999.0,0.75,1,-0.43067280425174226,-0.13152635274375357,-0.5563663920923092,-0.39525418688977965,492,0.029323183849081582,0.10438523911964256,-5.144719794009681e-05,-0.42947225813439716
12,60,0.005,0,-0.2,0.75,0,-0.45877979660765933,-0.14246446189224937,-0.514423614065971,-0.5966794103983734,805,0.06910474929670693,0.06910474929670693,-5.069596394056365e-05,-0.42951023944515354
30,120,0.005,1,-999.0,999.0,1,-0.44386368371011453,-0.13660806519710422,-0.5662235479264391,-0.1965566191965555,662,0.06553036571239451,0.20268078768823433,7.697322832251435e-06,-0.42954767012015155
30,120,0.0025,1,-999.0,0.75,0,-0.425126972652926,-0.12941618634988616,-0.5339129253812249,-0.6650308445325577,316,0.06579513486678802,0.06579513486678802,-0.00016119497932088204,-0.42962419126712653
20,60,0.0025,1,0.0,1.5,1,-0.3849475573679746,-0.11456701440183348,-0.5907052847547767,-0.4097115695502143,856,0.012510342545093497,0.06155882839649181,3.193667234794569e-05,-0.4304052352567325
30,120,0.0,1,-999.0,0.75,1,-0.38410001903489543,-0.11426172365861442,-0.6053616652916689,-0.2732112870403279,528,0.02746979976832699,0.1106735065364885,-1.2624300879789606e-05,-0.4306031206564653
48,120,0.0025,1,-0.2,1.5,1,-0.44860232185444715,-0.1384556609386688,-0.5440975634305687,-0.40588098566402486,1092,0.023398974019526723,0.09892437531027636,3.829154983455921e-05,-0.43079849193715436
12,200,0.0025,1,0.0,1.5,1,-0.39152711374260674,-0.11694781995007653,-0.5895687729593488,-0.3842295105392854,1086,0.01658116829389376,0.07780903524739367,7.547694599889855e-05,-0.43094368195671523
20,120,0.0025,1,-999.0,1.5,1,-0.4443007534264618,-0.13677798357537385,-0.5619067943302695,-0.28508830041245514,666,0.04636769816316399,0.1652490484858514,-5.076792202508392e-06,-0.43198579576113133
48,96,0.005,1,0.0,1.5,1,-0.3908413129390189,-0.11669876529312673,-0.5894982455950253,-0.42632072496729556,903,0.015290418666225384,0.06506701969220585,3.625540166542841e-05,-0.4327639243390041
12,96,0.0,1,-999.0,0.75,0,-0.37983427206161424,-0.11272992790132697,-0.5959085428808482,-0.4447903953680523,331,0.06652325004137018,0.06652325004137018,-0.00010538947201382994,-0.43292371911015365
48,96,0.0,1,-999.0,999.0,1,-0.399758823342398,-0.11995378717991056,-0.6171047550887646,-0.10837763768642064,721,0.06470296210491477,0.22118153235148105,2.8874766834497406e-05,-0.4339250466086139
20,96,0.0025,1,0.0,1.5,1,-0.39861594449434956,-0.11953460278688655,-0.58735541729683,-0.427887135772385,914,0.013503226874069171,0.06592751944398477,3.426433010374994e-05,-0.4346066682239208
20,60,0.005,0,0.0,999.0,0,-0.3650595284720616,-0.10748474257493601,-0.6284195547268016,-0.26816365157288097,1239,0.09435710739698826,0.09435710739698826,0.00011652771043262415,-0.43510270251698085
30,200,0.0,1,0.0,1.5,1,-0.37319522472796074,-0.11036153670984095,-0.615345945670946,-0.3457119150120629,1170,0.0173754757570743,0.08330299520105908,0.00010020678406720021,-0.4353201052959171
48,200,0.0,0,0.0,0.75,0,-0.4427443008804226,-0.13617334190222885,-0.5507612664136232,-0.47730909706541247,998,0.07089194108886315,0.07089194108886315,2.0059406886954684e-05,-0.4354194299623111
12,120,0.0025,1,-999.0,1.5,1,-0.44408205022901026,-0.13669294642292662,-0.5692782702926512,-0.28506926792141973,669,0.0463346020188648,0.16700314413370843,-4.679983651019537e-06,-0.4355855449653232
48,200,0.005,1,-0.2,0.75,1,-0.47002881968309507,-0.1469616336728703,-0.5179974434977133,-0.600568139500446,831,0.015158034089028629,0.06824424954492801,-5.2745980657147186e-05,-0.4359887623967492
48,200,0.0,0,-0.2,1.5,0,-0.37500038975476624,-0.11100363638315114,-0.6354187029055318,-0.15412862470642388,1627,0.15958960781069007,0.15958960781069007,0.00012542251066918763,-0.43641941907123827
48,60,0.005,1,-0.2,1.5,1,-0.420484435397691,-0.12766142302969752,-0.5776920848579102,-0.39834563750120106,905,0.020254840311103757,0.08340228363395664,2.0975463282401216e-05,-0.43642474733371267
12,60,0.005,1,-999.0,0.75,0,-0.4375469673964407,-0.1341634397027126,-0.5310425164234289,-0.7367511538833313,294,0.05752109879199073,0.05752109879199073,-0.0002069425624627525,-0.43652225560859365
30,200,0.005,0,0.0,0.75,0,-0.45912910087359227,-0.1426030487469886,-0.5267414277673479,-0.6201180261028877,898,0.0634122124772464,0.0634122124772464,-3.418842787718683e-05,-0.4369796639358069
12,60,0.0025,0,0.0,0.75,0,-0.4536777598406776,-0.14044782471823003,-0.5226421890289801,-0.7095523181602713,727,0.04901538970709912,0.04901538970709912,-0.00010901889023299986,-0.43724653514073364
20,96,0.0025,1,-999.0,999.0,0,-0.448726387576437,-0.13850419381944246,-0.5581283942185197,-0.39473789282544425,426,0.13003475095151415,0.13003475095151415,-5.4253949430917495e-05,-0.4373052855699745
48,60,0.005,1,-999.0,0.75,0,-0.4321429947521154,-0.13208833688135668,-0.5394014069689193,-0.7308748243997858,288,0.05659440675161344,0.05659440675161344,-0.00020718459459607644,-0.4383327815858056
20,200,0.0,1,0.0,1.5,1,-0.3789569454597541,-0.11241586680488669,-0.6169688815985412,-0.3561938609666878,1149,0.017243091179877545,0.08191295714049314,9.378335688223441e-05,-0.4387100006524917
48,120,0.0,1,-0.2,1.5,1,-0.45666185910700785,-0.1416256005911799,-0.5530763428839842,-0.4140550596844526,1152,0.02359755088532186,0.10382260466655635,4.217689454530613e-05,-0.43886652501739465
12,120,0.0025,1,0.0,1.5,1,-0.40334587894337126,-0.12127334327445682,-0.5929736826981349,-0.4258379651198084,966,0.014860168790335925,0.06966738374979314,4.281027953865687e-05,-0.4390520828795147
20,120,0.0025,1,-999.0,999.0,1,-0.4579745708942985,-0.14214524295710906,-0.5734852655037135,-0.20797888263621978,687,0.06298196260135694,0.20986265100115836,6.322572800144225e-06,-0.4392868198407768
48,96,0.0025,1,0.0,0.75,1,-0.46284752971365206,-0.14408251451429432,-0.5194354335742482,-0.7353411479954216,624,0.00807545920900215,0.042694026145953995,-0.00017850161518168748,-0.4405672887011895
30,96,0.0025,1,-999.0,1.5,1,-0.4558315242472153,-0.14129739487009962,-0.5711440955343163,-0.3096365060927124,651,0.04458050637100778,0.15896078106900546,-1.2312797397419917e-05,-0.4423512679418934
20,60,0.005,0,-0.2,0.75,0,-0.4716959217716563,-0.14763418610159118,-0.5289446854358972,-0.6098575712951444,792,0.07006453748138342,0.07006453748138342,-6.266556834481786e-05,-0.44259940738429704
30,200,0.005,1,-0.2,0.75,1,-0.47574271891117736,-0.14927341333775845,-0.5249387076225032,-0.6198811876014768,812,0.015124937944729439,0.06708588449445639,-6.454738460625742e-05,-0.44273682652908386
30,60,0.005,0,-0.2,1.5,0,-0.3882448221923366,-0.11575772674778628,-0.624515358644232,-0.29730605253443126,1150,0.11107066026807877,0.11107066026807877,7.552508292809899e-05,-0.4428807086966239
30,120,0.0,1,0.0,1.5,1,-0.4161972344704489,-0.12605030269076611,-0.5894324948167845,-0.44869457601696955,994,0.014860168790335925,0.0716531524077445,3.8148668589677973e-05,-0.4432012789000068
20,200,0.005,1,-0.2,0.75,1,-0.47657453205835854,-0.14961152853743265,-0.5256924639230276,-0.6207529411633868,799,0.01469468806883998,0.0661922885983783,-6.934371891997934e-05,-0.4434954075571158
12,96,0.005,1,0.0,1.5,1,-0.39000978514801954,-0.11639707036656655,-0.6120963510986484,-0.42332146426574946,897,0.015257322521926195,0.06450438523911964,3.598506915060038e-05,-0.44361131912917817
48,96,0.005,1,-999.0,999.0,1,-0.46034255437020766,-0.14308500978128313,-0.580154790522932,-0.2166961418492296,664,0.06692040377296045,0.20168790335925865,3.0726932024037488e-06,-0.4439972121352106
30,200,0.0,0,-0.2,0.75,0,-0.4746183561154428,-0.14881702125011642,-0.5412530090109646,-0.49590751090643115,1095,0.0987919907330796,0.0987919907330796,1.679634636501193e-05,-0.4442389013009203
20,120,0.0,1,0.0,1.5,1,-0.40917067635209325,-0.12342881473861722,-0.5985820649359572,-0.4349889470371747,1005,0.014793976501737548,0.07218269071653152,4.599664348089321e-05,-0.4444692945584546
20,200,0.0025,1,0.0,1.5,1,-0.3993091904977778,-0.11978879979101076,-0.6124562250506079,-0.39787357866148365,1091,0.0170776104583816,0.0777759391030945,7.107595277353389e-05,-0.4459105912493889
30,60,0.0,0,0.0,1.5,0,-0.34906249539477285,-0.10190780211462636,-0.657910767079025,-0.3025694413674958,1138,0.0832368029124607,0.0832368029124607,0.00010971209948081348,-0.44599165772251365
12,200,0.005,1,-0.2,0.75,1,-0.47949331549797714,-0.15080115078007805,-0.5283373504758961,-0.62555395487734,801,0.014562303491643223,0.06632467317557504,-7.129211014874525e-05,-0.44624752376189314
30,120,0.0025,1,0.0,1.5,1,-0.4281386668184448,-0.13056022065480843,-0.5835450567193115,-0.4783586250073913,942,0.014463015058745657,0.06814496111203044,1.628028339036085e-05,-0.4462506802648337
30,200,0.0025,1,-0.2,1.5,1,-0.4468399568354451,-0.13776712936425217,-0.5795362898541994,-0.3857400532591072,1246,0.025715704120469966,0.11169948700976336,6.0085082832323674e-05,-0.4468222769543072
12,120,0.0025,1,-999.0,999.0,1,-0.46418477672581737,-0.1446164472490421,-0.582930805430736,-0.2168817669445262,680,0.0631143471785537,0.21184841965910972,3.7716909479558548e-06,-0.44692593831163646
30,60,0.005,0,-0.2,0.75,0,-0.47620376908995665,-0.14946077117809875,-0.5335099834440894,-0.6163433984417976,794,0.07162005626344531,0.07162005626344531,-6.440688964936718e-05,-0.44703293282223333
12,96,0.0,0,0.0,0.75,0,-0.46401802516298896,-0.1445498126117477,-0.5379647821554346,-0.6736202903645283,813,0.056792983617408574,0.056792983617408574,-7.353970397543064e-05,-0.44721321820769144
48,120,0.005,0,0.0,0.75,0,-0.46622088486778746,-0.14543134129148783,-0.5399459494202051,-0.648606010257528,821,0.058646367698163164,0.058646367698163164,-6.77255537147425e-05,-0.44783461651446677
30,200,0.0,1,-0.2,0.75,1,-0.4814580605430432,-0.15160475018310582,-0.531321480630371,-0.6158935354887097,908,0.015124937944729439,0.07456561310607314,-3.97687259035412e-05,-0.4480601672727268
48,200,0.0,1,-0.2,0.75,1,-0.47534692741678863,-0.1491126733005207,-0.538389199264764,-0.5955501624175026,929,0.01509184180043025,0.07598874731093827,-2.853070503275964e-05,-0.44808478105377786
12,96,0.005,1,-999.0,0.75,0,-0.44489109585436293,-0.13700764848117442,-0.5488059490045676,-0.7392508076817269,307,0.06202217441668045,0.06202217441668045,-0.00019416949020915582,-0.44837316336754457
30,120,0.005,1,-0.2,1.5,1,-0.4467453432544223,-0.13773021168900001,-0.5793816683595681,-0.42777132796456996,1007,0.0228694357107397,0.09137845441006123,2.3304174066807005e-05,-0.44880961226701255
12,96,0.005,0,0.0,0.75,0,-0.4644269481416209,-0.1447132476704176,-0.5382150658291536,-0.7072688326349228,760,0.05265596558000993,0.05265596558000993,-0.0001003543494308815,-0.44918422221674054
48,96,0.0,1,-999.0,0.75,1,-0.4104984813524918,-0.12392239813881323,-0.6205334177747819,-0.31015160042243095,527,0.02905841469468807,0.11001158365050472,-2.5655958886034384e-05,-0.44969668704732574
12,96,0.0,1,0.0,1.5,1,-0.4083761071718931,-0.12313384803643179,-0.6110829130481258,-0.4338492811008028,988,0.014562303491643223,0.0713552871090518,4.315726021406614e-05,-0.45036776861553485
48,96,0.0025,1,-999.0,1.5,1,-0.4700507954423674,-0.1469704889444099,-0.5747533941191021,-0.32098549266400356,665,0.04795631308952507,0.16544762535164653,-1.441134055838735e-05,-0.4503964606371611
48,120,0.0025,1,-999.0,0.75,1,-0.4594931075948401,-0.14274754022695246,-0.5741158456491016,-0.43934861475144366,508,0.02859506867449942,0.10934966076452093,-6.162447132967629e-05,-0.4517728937890754
30,96,0.0025,1,-0.2,999.0,0,-0.48338139496190313,-0.15239362620911046,-0.5356026522690351,-0.6317786778209669,797,0.0719510177064372,0.0719510177064372,-6.984233413014705e-05,-0.45178388623467636
30,96,0.0,1,-999.0,999.0,1,-0.422018215996109,-0.12823998440598294,-0.6339896400212341,-0.1396865035975602,705,0.05960615588283965,0.21350322687406917,2.1564040417077615e-05,-0.45221912959647803
20,120,0.0025,1,0.0,1.5,1,-0.4269664283977683,-0.13011439378528433,-0.5967112998471762,-0.4754178440475049,951,0.0143306304815489,0.06847592255502234,1.9476672525556523e-05,-0.4522409359112477
20,96,0.005,1,-999.0,0.75,0,-0.44954984191205116,-0.13882652603877244,-0.551763868006361,-0.7583291598278894,299,0.060499751778917754,0.060499751778917754,-0.0002064199058676771,-0.4526249180333474
30,60,0.0025,0,0.0,0.75,0,-0.46797837432624045,-0.14613660205751666,-0.5413506641250871,-0.7184756398042027,730,0.05110044679794804,0.05110044679794804,-0.00011771336922238432,-0.45273571611027036
20,60,0.0025,0,0.0,0.75,0,-0.46968362479802184,-0.14682257131368148,-0.5394947594568158,-0.7290372797718615,718,0.04984279331457885,0.04984279331457885,-0.00012754104069147992,-0.45302181503068245
30,96,0.0,1,-0.2,999.0,0,-0.4740789840641544,-0.14859834362241342,-0.5483201654739656,-0.6060998874007402,828,0.07453251696177396,0.07453251696177396,-5.2025862829244356e-05,-0.45306342072943323
20,96,0.005,1,-0.2,1.5,1,-0.4594938611483206,-0.14274783942361402,-0.5769134279823078,-0.45823467237529364,954,0.0219427436703624,0.0878040708257488,4.302218735808106e-06,-0.45411628703353263
30,200,0.0,0,0.0,0.75,0,-0.4786270127927822,-0.15044754697052498,-0.5439029613107437,-0.6351247150403997,978,0.06913784544100612,0.06913784544100612,-2.6570656867681092e-05,-0.4541552633779168
12,60,0.0,0,0.0,1.5,0,-0.328036148236295,-0.09473170785500551,-0.6907460159453067,-0.28396140367075884,1124,0.0798609961939434,0.0798609961939434,0.00012176544781055566,-0.4543027860111968
20,96,0.0,1,-0.2,999.0,0,-0.4844229996326299,-0.15282177083160875,-0.5429366128712271,-0.6291130292985481,812,0.07426774780738044,0.07426774780738044,-6.466100851244453e-05,-0.4557457287321497
48,200,0.0025,0,-0.2,1.5,0,-0.42525157340939923,-0.12946342848895387,-0.6313966124414854,-0.22144413740938024,1571,0.15356610954823763,0.15356610954823763,0.00010526780771775358,-0.45623394158016556
48,96,0.0,1,0.0,1.5,1,-0.43523612672157685,-0.13327426546479848,-0.5983722933674573,-0.4891462235090145,988,0.015058745656131061,0.07085884494456396,2.0994920517335753e-05,-0.4569177233239779
30,60,0.0,1,-0.2,1.5,1,-0.4652892657957739,-0.14505819874726156,-0.5827844621142799,-0.4625402816752052,967,0.019030282972033758,0.08939268575210987,3.562695280324535e-06,-0.4595774438881618
30,96,0.0025,1,-0.2,1.5,1,-0.4764367272863681,-0.14955548586322265,-0.5728471400600662,-0.4738630196729949,1007,0.02128082078437862,0.09177560814165149,4.401972115124116e-06,-0.4596722068769055
30,60,0.005,1,-0.2,0.75,1,-0.49672312372372773,-0.15792736687605458,-0.5313228539261778,-0.7281951861174596,599,0.010723150752937283,0.05129902366374317,-0.0001879678745781336,-0.4599985531450165
20,200,0.0,1,-0.2,0.75,1,-0.49466635466814324,-0.15706716804885879,-0.5432596543110445,-0.6444894005113421,892,0.014496111203044846,0.07340724805560152,-5.556457830870413e-05,-0.46092146522994815
30,200,0.0,1,-0.2,1.5,1,-0.45398573558716393,-0.14056915427179228,-0.6018321107385052,-0.3914317899357126,1316,0.025748800264769153,0.11742511997352309,6.421292258470788e-05,-0.4610567991378305
12,200,0.0025,1,-0.2,1.5,1,-0.48080552850418457,-0.15133760560412046,-0.575775200394524,-0.4450821570878377,1212,0.02475591593579348,0.10928346847592256,3.6914800281725246e-05,-0.4614793136557743
48,60,0.0,1,-0.2,1.5,1,-0.4662544268417138,-0.1454447850023337,-0.586680259864163,-0.4614728934123264,998,0.019626013569419162,0.09124606983286447,8.869656842901306e-06,-0.4618585596050315
20,120,0.0,1,-0.2,999.0,0,-0.4883146811282676,-0.1544271806062566,-0.5522191595898935,-0.6284417197044274,861,0.0774449776601026,0.0774449776601026,-5.377644041816299e-05,-0.46195884638642476
48,60,0.0025,1,-999.0,999.0,0,-0.47690699397333014,-0.14974678024935995,-0.5793322843331757,-0.455480369796388,422,0.12434221413205361,0.12434221413205361,-7.264829760493362e-05,-0.46218694090576723
12,200,0.005,0,0.0,0.75,0,-0.48454818484129036,-0.15287327100968817,-0.5505734974522689,-0.6825196883714716,872,0.06169121297368856,0.06169121297368856,-6.84430612521949e-05,-0.4622860041543962
48,96,0.0025,1,0.0,1.5,1,-0.4517994669848492,-0.13970896380338726,-0.5926130498053686,-0.52867703683385,936,0.014661591924540791,0.06741684593744829,-6.376293760532967e-06,-0.46244934054776404
30,96,0.0,1,-0.2,1.5,1,-0.4697295854920671,-0.14684108274241692,-0.5857577492685564,-0.45529395154388075,1065,0.021413205361575375,0.09647526063213635,1.9394473174392752e-05,-0.46248465495388913
30,60,0.0025,0,0.0,1.5,0,-0.41066754287435403,-0.12398530297648269,-0.6403130176002858,-0.41771551788218114,1092,0.07939765017375476,0.07939765017375476,6.198426502466018e-05,-0.46502758767073465
20,120,0.0025,1,-999.0,0.75,0,-0.4638398230456239,-0.1444786194602422,-0.5652999592675674,-0.7607776161577724,318,0.06549726956809532,0.06549726956809532,-0.0001965590043866648,-0.46516747990191454
20,200,0.005,0,0.0,0.75,0,-0.48802083231488624,-0.1543056422190957,-0.5532269932474702,-0.6887199786601036,881,0.062154558993877215,0.062154558993877215,-6.891387776780321e-05,-0.465355137775836
48,60,0.0025,1,-0.2,1.5,1,-0.4842328275491746,-0.15274355351490154,-0.5773604370453105,-0.5009437771490585,943,0.019460532847923217,0.08671189806387555,-1.5137742750044326e-05,-0.4664709608950097
12,200,0.0,1,-0.2,1.5,1,-0.4843073063135066,-0.15277418387404007,-0.5835499099219366,-0.44265840191748596,1282,0.024954492801588617,0.11543935131557173,4.416546195860341e-05,-0.46668205893088266
20,120,0.005,1,-0.2,1.5,1,-0.4701098292036916,-0.14699427833591672,-0.5927637514909257,-0.46860404648403875,1008,0.023068012576534833,0.09157703127585637,8.01376469643229e-06,-0.46680635640558155
48,120,0.005,1,-0.2,0.75,1,-0.4998699416648772,-0.15924856972127843,-0.5460399919776612,-0.69194976656962,716,0.013072976998179713,0.05967234817143803,-0.0001275566821283782,-0.46686605403859005
20,96,0.0025,1,-0.2,999.0,0,-0.5009617734543045,-0.1597084354132553,-0.5474446840388796,-0.6720377495213895,782,0.07158696011914611,0.07158696011914611,-8.972082825081844e-05,-0.46703266490876455
20,120,0.0,1,-999.0,0.75,1,-0.43261098866996395,-0.13226745762381764,-0.6364451023164128,-0.3453793898601336,530,0.026807876882343207,0.11060731424789012,-3.671281954816195e-05,-0.4677589782750307
30,60,0.0,1,-999.0,999.0,1,-0.4440298201044658,-0.1366726417829779,-0.6441396068967378,-0.1817677263873886,669,0.05169617739533344,0.19678967400297864,1.0816432549312792e-05,-0.4678308315507162
12,96,0.005,0,0.0,1.5,0,-0.3933168377630297,-0.1175987667599081,-0.6621532142649247,-0.3893082116403593,1122,0.08125103425450934,0.08125103425450934,7.81429817717513e-05,-0.4681407844743884
48,60,0.0,0,-0.2,0.75,0,-0.4888051337229681,-0.1546301525998176,-0.5686580991340191,-0.5842858593988653,885,0.07976170776104584,0.07976170776104584,-4.240175470667581e-05,-0.4681734951367704
48,60,0.0,1,-0.2,999.0,0,-0.4936087455827426,-0.1566258675189114,-0.5575084425566886,-0.6645934918099197,781,0.07052788350157206,0.07052788350157206,-8.54867343796447e-05,-0.4686097633877517
30,60,0.0025,1,-0.2,1.5,1,-0.4872249661447441,-0.15397672756209613,-0.5783479603288872,-0.5106313084856974,910,0.01893099453913619,0.0844613602515307,-2.4870884327468168e-05,-0.4686822731508246
30,120,0.0025,1,-999.0,999.0,1,-0.49218874371965016,-0.15603443941938744,-0.6004080777095762,-0.25187362126366264,691,0.06364388548734072,0.21138507363892106,-3.5035973908225065e-06,-0.46883215933735867
48,200,0.0025,1,-0.2,0.75,1,-0.5041371814858415,-0.16105017766575513,-0.5490185974729125,-0.6667193432318941,874,0.014893264934635116,0.07208340228363395,-6.949297809181216e-05,-0.4688954435638061
30,200,0.005,0,-0.2,0.75,0,-0.5003111198662098,-0.15943429767953954,-0.5613336791595227,-0.5779529812843627,1013,0.09108058911136853,0.09108058911136853,-1.8710045564768374e-05,-0.46899878632351905
12,60,0.0025,0,-0.2,0.75,0,-0.5005381007741365,-0.15952990038885306,-0.551888672267416,-0.6706423002614663,829,0.07082574880026477,0.07082574880026477,-7.923403210675715e-05,-0.46900635153563436
30,96,0.0,0,0.0,0.75,0,-0.4883776019862447,-0.15445321201340567,-0.5591400136434617,-0.7011097370347068,834,0.05910971371835181,0.05910971371835181,-8.734172631491212e-05,-0.4690787056868718
20,96,0.0,0,-0.2,0.75,0,-0.4917465616114778,-0.15585052456766735,-0.5676049412007543,-0.5899469948830479,902,0.08164818798609962,0.08164818798609962,-4.025100637219939e-05,-0.4691503449121969
48,120,0.0,1,-0.2,0.75,1,-0.5025481097830479,-0.16037792604921064,-0.5496276600411942,-0.6823219490433419,794,0.013238457719675658,0.06599371173258316,-9.665886029931975e-05,-0.46930785352197485
30,120,0.0,1,-0.2,999.0,0,-0.49750034959796186,-0.15825311078874937,-0.5569780663557775,-0.6516255184467658,860,0.07711401621711071,0.07711401621711071,-6.228702110487205e-05,-0.4693234198889764
20,96,0.0,0,0.0,0.75,0,-0.487214772436698,-0.1539725172011812,-0.5600340986759162,-0.7121095789526787,815,0.057554194936289924,0.057554194936289924,-9.54551587800495e-05,-0.4695950454867733
48,200,0.0025,0,-0.2,0.75,0,-0.4885661429955178,-0.15453122894282956,-0.5831947613339121,-0.47018351882107406,1073,0.0966407413536323,0.0966407413536323,1.0432209499488877e-05,-0.46963778555083935
48,60,0.0,1,-999.0,1.5,1,-0.43960024888906546,-0.1349558100361825,-0.6454433717981116,-0.2543699851638409,660,0.04017871917921562,0.15773622372993545,-7.480720752040257e-07,-0.47039599519343034
20,120,0.0025,1,-0.2,999.0,0,-0.503019128662263,-0.16057702098055437,-0.5532553487785261,-0.6680263003099012,826,0.0744001323845772,0.0744001323845772,-7.745445338683924e-05,-0.47060601038531247
20,200,0.0025,1,-0.2,1.5,1,-0.48336022738785667,-0.1523849321313142,-0.5918474991775634,-0.44951329563948733,1218,0.025351646533178885,0.10954823763031607,3.625553926776758e-05,-0.4707843465020703
12,120,0.0025,1,-0.2,999.0,0,-0.5041495831141574,-0.16105543048137705,-0.5540104661264849,-0.6648507886621077,836,0.07549230514645044,0.07549230514645044,-7.451918093786449e-05,-0.4713032029777249
48,96,0.005,1,-0.2,1.5,1,-0.47438628300012664,-0.14872291122128123,-0.597874163146922,-0.4801871275856796,1000,0.023101108720834023,0.09061724309117988,3.1461879274845185e-06,-0.4716693491740262
30,96,0.0,1,-999.0,0.75,1,-0.4379193961564588,-0.13430700041959176,-0.6398464680497595,-0.3588348635908384,520,0.025384742677478075,0.10633791163329472,-4.350949127998884e-05,-0.4721719776240134
12,120,0.005,1,-0.2,1.5,1,-0.4822503476564899,-0.1519294490244424,-0.5917984696089711,-0.48741171119925847,1017,0.023763031606817805,0.0926692040377296,1.7721703068976557e-06,-0.47219926938889084
12,120,0.0,1,-0.2,999.0,0,-0.49671336203285077,-0.1579232780427755,-0.5661307246569351,-0.6387966685509074,871,0.07873572728777098,0.07873572728777098,-5.6852452640415835e-05,-0.47292847379878844
20,60,0.005,1,-0.2,1.5,1,-0.4706069294866394,-0.14719467837096434,-0.6030144508198186,-0.4881982163566202,889,0.020354128744001325,0.08158199569750124,-1.8451240427238533e-05,-0.47311181459870466
20,200,0.0,1,-0.2,1.5,1,-0.4738102944241701,-0.1484894715049334,-0.6069005143077895,-0.4256622526471561,1288,0.025417838821777262,0.11543935131557173,5.062339383622761e-05,-0.47322284129118597
48,200,0.0025,0,0.0,0.75,0,-0.4782447110629081,-0.15029164071604995,-0.5905007776158849,-0.5585300587742753,951,0.06728446136025153,0.06728446136025153,-2.4685563880168085e-05,-0.47346853246270615
30,60,0.005,1,0.0,999.0,1,-0.4793746206442122,-0.1507526763412309,-0.596342874066029,-0.4909450496018124,966,0.018037398643058082,0.07463180539467153,-8.044263015528701e-06,-0.473471365854336
12,120,0.0,1,-999.0,0.75,1,-0.4423428699988762,-0.13601760176155842,-0.638801353423004,-0.361399978903992,536,0.026543107727949693,0.1125268906172431,-4.037222919161476e-05,-0.47348827741826005
30,96,0.005,0,0.0,0.75,0,-0.4916694647599018,-0.15581847029596718,-0.5618795956213511,-0.7389730732349908,778,0.0548734072480556,0.0548734072480556,-0.00011838863370084167,-0.4737069217683923
48,60,0.0,0,0.0,0.75,0,-0.4908207514779026,-0.15546584458950186,-0.5645808889958884,-0.7202371973371489,790,0.05599867615422803,0.05599867615422803,-0.00010959439579829363,-0.4737681489543035
12,96,0.0025,1,0.0,1.5,1,-0.44720254697866124,-0.13790865380003714,-0.6201465623901782,-0.5169691636349723,934,0.01429753433724971,0.06731755750455072,-2.3919177760151695e-06,-0.47383039317687486
12,120,0.005,0,0.0,0.75,0,-0.49073310119200453,-0.15542945251841012,-0.5610725617003633,-0.7615025097946997,794,0.05513817640244911,0.05513817640244911,-0.00011463642866228237,-0.4740408588583268
30,96,0.0025,1,-999.0,0.75,0,-0.47307508502868567,-0.14819178007526257,-0.5727875887722726,-0.794437971354976,312,0.0631143471785537,0.0631143471785537,-0.0002154091222454445,-0.47430747302914766
20,96,0.005,0,0.0,0.75,0,-0.49077297541090636,-0.15544600756285032,-0.5629902723722491,-0.7516170796728446,767,0.053615753764686414,0.053615753764686414,-0.00012515082111283477,-0.4745219977326171
30,120,0.0025,1,-0.2,999.0,0,-0.5077777751335371,-0.16259642952238051,-0.5565576460154686,-0.6815908629280263,826,0.07423465166308126,0.07423465166308126,-8.219418788789798e-05,-0.47495479567651616
30,200,0.0025,1,-0.2,0.75,1,-0.5091448658624952,-0.16317928177230223,-0.5552064171446676,-0.6860778470991783,853,0.014727784213139168,0.07079265265596558,-8.128974759631432e-05,-0.4750863826995949
20,96,0.0,1,-0.2,1.5,1,-0.4952538337861716,-0.15731260020184967,-0.586483938021628,-0.5042424762977049,1051,0.02091676319708754,0.09637597219923878,-1.6322989368296547e-07,-0.4757666930275489
30,60,0.0025,0,-0.2,0.75,0,-0.50773672538759,-0.1625789469465705,-0.5615930593375201,-0.6681366853724308,815,0.07340724805560152,0.07340724805560152,-8.4024712367328e-05,-0.47678231088395207
30,96,0.005,1,-999.0,999.0,1,-0.49837390524662184,-0.1586196787048486,-0.6087405528535637,-0.27672079161741525,646,0.06275028959126262,0.1942081747476419,-1.2197538348227747e-05,-0.4768259947125012
20,60,0.005,0,-0.2,1.5,0,-0.4309011151894758,-0.13161355378208084,-0.6539691225231083,-0.36704975284277985,1144,0.10875393016713553,0.10875393016713553,5.378382870307103e-05,-0.476950602685774
30,120,0.0025,1,-0.2,1.5,1,-0.5018153950944414,-0.16006849566308423,-0.5826340922096613,-0.516109030933503,1046,0.022008935958960783,0.09488664570577528,-5.5129802909910225e-06,-0.47719099331459003
20,96,0.005,1,-0.2,0.75,1,-0.5079775178356164,-0.16268151305462075,-0.5553155274766708,-0.7419284596601782,657,0.011716035081912957,0.055866291577031275,-0.00016717842260325296,-0.47743569977596506
12,120,0.0,0,0.0,0.75,0,-0.4970155062756262,-0.15804986334081428,-0.5665832107785944,-0.7430094129219976,852,0.0594406751613437,0.0594406751613437,-9.363552298027192e-05,-0.4784919393762114
30,120,0.0,1,-0.2,1.5,1,-0.4945160708003473,-0.15700441806109233,-0.5935622160666454,-0.495017457668462,1108,0.02243918583485024,0.09988416349495284,1.0795334355389788e-05,-0.4785363989778381
20,60,0.0,0,0.0,1.5,0,-0.39394324935354563,-0.11782694121944581,-0.6835281538123983,-0.3798455374815541,1123,0.0813834188317061,0.0813834188317061,7.952046281975812e-05,-0.4785832949997227
12,200,0.0,1,-0.2,0.75,1,-0.5115294559656263,-0.16419885893827668,-0.5633326993251249,-0.6787070275400641,895,0.0143306304815489,0.07383749793149098,-6.932246398468212e-05,-0.4798005599778423
48,60,0.0025,1,-0.2,999.0,0,-0.510310229329973,-0.16367709021780685,-0.5617282131533485,-0.7093406034760374,753,0.06807876882343207,0.06807876882343207,-0.00011230422479019006,-0.480008226968283
30,60,0.0,1,-0.2,0.75,1,-0.5168530663327509,-0.16648860649622343,-0.5512215294294973,-0.7615459694664728,668,0.010590766175740526,0.056792983617408574,-0.0001715616647577653,-0.48017666968429573
12,60,0.0,1,-999.0,999.0,1,-0.4504901162659031,-0.13919502852707644,-0.6636942063495234,-0.1827118261102047,675,0.05421148436207182,0.2046003640575873,1.0168710643087665e-05,-0.48017772300734834
48,96,0.005,0,0.0,0.75,0,-0.49965298804530756,-0.1591572812599209,-0.5687604422510273,-0.7486308227837645,796,0.05675988747310938,0.05675988747310938,-0.0001173163264347859,-0.4809690435246228
12,60,0.005,0,-0.2,1.5,0,-0.41697069710745627,-0.12634031093495546,-0.6734725173243449,-0.358139815006346,1154,0.10683435379778256,0.10683435379778256,6.166750208585207e-05,-0.4809835603474452
20,96,0.0,1,-0.2,0.75,1,-0.5121347279301272,-0.16445824813296006,-0.5602023458252696,-0.7351126177146419,726,0.011484362071818632,0.06145953996359424,-0.0001360824859242589,-0.48131505193132695
30,60,0.0025,1,-999.0,0.75,0,-0.48850584968701083,-0.15450627765568414,-0.5648760622901885,-0.8893259570025696,290,0.05576700314413371,0.05576700314413371,-0.00027207001500521584,-0.48141060665090685
12,96,0.0,1,-999.0,1.5,1,-0.44981225195249486,-0.1389293195360577,-0.6599963209903779,-0.25519937957810085,691,0.04295879530034751,0.17057752771802084,7.622978268913121e-07,-0.48168744901015165
48,200,0.0,0,0.0,1.5,0,-0.44592394747538056,-0.1374099065171973,-0.6570094216940778,-0.3332981109979137,1506,0.11153400628826741,0.11153400628826741,0.00010685779438306335,-0.4825795229141319
48,60,0.005,1,-999.0,1.5,1,-0.4980278679933525,-0.1584744147866155,-0.6092166787769429,-0.40272275123033807,603,0.04332285288763859,0.14247890120800927,-4.1832445279197387e-05,-0.4832188917366038
12,60,0.0,0,0.0,999.0,0,-0.3966160566183914,-0.118802519767229,-0.6982920075578047,-0.30886468408151363,1327,0.09945391361906337,0.09945391361906337,0.00010944079433384175,-0.48339175775020704
20,60,0.0025,0,-0.2,0.75,0,-0.5146100438788683,-0.1655215618753645,-0.5672084924393286,-0.6875067176697292,816,0.07185172927353964,0.07185172927353964,-9.248626538612029e-05,-0.48350114397851524
48,60,0.005,0,0.0,0.75,0,-0.4993078937606077,-0.1590121356474845,-0.5717437764371159,-0.7728079144037243,735,0.05179546582823101,0.05179546582823101,-0.00015052238243900052,-0.4835244195862287
12,60,0.005,1,-0.2,1.5,1,-0.4940589050552707,-0.15681361761429136,-0.601008087204219,-0.5271979489954736,925,0.021545589938772133,0.08436207181863313,-2.7694640571533194e-05,-0.48367755866617457
30,60,0.0,0,0.0,999.0,0,-0.43432755278079826,-0.13292540779586948,-0.6664189046289962,-0.3513265353561278,1352,0.10375641237795796,0.10375641237795796,9.114228747359165e-05,-0.483701186878174
20,60,0.0,1,-999.0,999.0,1,-0.4695282425990738,-0.14675999747111235,-0.6537706610346684,-0.2107366993483348,669,0.052490484858513986,0.19877544266093,3.3267693558154975e-06,-0.4841821629558633
30,96,0.005,0,0.0,1.5,0,-0.4426951210618333,-0.13615425745554832,-0.6511781577508283,-0.4515828753019018,1155,0.08525566771471124,0.08525566771471124,5.178023920965049e-05,-0.48432248009605755
12,200,0.005,0,-0.2,0.75,0,-0.5153781709574575,-0.1658523501537298,-0.5760610580717785,-0.612610337369371,982,0.08836670527883501,0.08836670527883501,-3.688860820205656e-05,-0.48451339605808763
20,60,0.005,1,-0.2,0.75,1,-0.519951068641795,-0.167829812372284,-0.5559266462249515,-0.7814605714646014,614,0.01082243918583485,0.051663081251034255,-0.00021151064483528617,-0.4848661640579898
48,96,0.0,1,-0.2,999.0,0,-0.5150109958750587,-0.1656941799064532,-0.5692009123502355,-0.6940070258032391,859,0.07671686248552044,0.07671686248552044,-7.835001407414008e-05,-0.4849949873717329
48,96,0.005,1,-999.0,0.75,1,-0.4969821602535328,-0.15803589000972118,-0.6036547723738244,-0.53250462280299,484,0.029587953003475095,0.09955320205196094,-9.855065220172879e-05,-0.48648850733678284
12,96,0.005,1,-999.0,1.5,1,-0.4978589024621698,-0.1584035115629574,-0.617871393922031,-0.3880438239822671,626,0.04699652490484858,0.15323514810524574,-3.4579279429564884e-05,-0.4867413997230863
20,96,0.005,0,0.0,1.5,0,-0.4612490655862732,-0.1434455895116652,-0.6368460399169324,-0.4975780976677333,1138,0.08297203375806718,0.08297203375806718,3.4670913492483e-05,-0.4867475143535181
30,120,0.005,1,-999.0,0.75,1,-0.49672659490240667,-0.15792882084657667,-0.6052749409589813,-0.5364986577773048,486,0.028462684097302664,0.10008274036074798,-9.806534571777571e-05,-0.48739122421493253
48,60,0.005,1,-0.2,0.75,1,-0.5157922535473652,-0.1660308348565992,-0.5659562393568973,-0.7703642337376375,624,0.010789343041535662,0.05255667714711236,-0.0001992673850289776,-0.4875271662219297
48,96,0.0025,1,-0.2,999.0,0,-0.5208582765486286,-0.16822379427440515,-0.5683418525095574,-0.7145160977194628,827,0.07393678636438855,0.07393678636438855,-9.458183671144543e-05,-0.488120525415157
48,120,0.0025,1,-0.2,0.75,1,-0.5218841784698282,-0.1686699968969324,-0.566021960567689,-0.7358434549247552,745,0.01274201555518782,0.0625186165811683,-0.0001368731392650477,-0.4884731499270147
20,96,0.0025,1,-0.2,1.5,1,-0.5182523979497202,-0.1670936128127103,-0.5874757360748695,-0.5565049174931355,994,0.02088366705278835,0.0914446466986596,-2.8365545704682224e-05,-0.4886567267248018
12,200,0.0025,1,-0.2,0.75,1,-0.5229293756220336,-0.16912533045667744,-0.5676973967788579,-0.7165402142945972,838,0.013801092172761873,0.0697997683269899,-9.928200628015333e-05,-0.48880103956083626
12,96,0.0,0,-0.2,0.75,0,-0.5151733525347583,-0.16576410819888665,-0.5819379662027533,-0.6525135174805664,907,0.08092007281151746,0.08092007281151746,-6.0242359153677e-05,-0.4893587671742916
48,96,0.0025,1,-999.0,999.0,1,-0.5153816244548182,-0.16585383826422406,-0.6196349830869199,-0.2835598209264518,692,0.06533178884659938,0.2100281317226543,-1.0767773739679375e-05,-0.4898493208540066
12,200,0.0,0,0.0,0.75,0,-0.5144085177688057,-0.16543484112764462,-0.5767026804579253,-0.7221865864157835,939,0.06672182690716531,0.06672182690716531,-7.29158559028131e-05,-0.48989551067739645
30,60,0.0,0,-0.2,1.5,0,-0.4098557659523413,-0.1236833783360144,-0.7017653254477989,-0.30772128978434105,1228,0.11911302333278173,0.11911302333278173,7.474554370952894e-05,-0.4899521055491309
48,200,0.0025,0,0.0,1.5,0,-0.4711699814313739,-0.1474218364847677,-0.6476169396000573,-0.3803435177461352,1446,0.10703293066357769,0.10703293066357769,8.638482497279988e-05,-0.4902474821721031
12,120,0.0025,1,-999.0,0.75,0,-0.49135766370328904,-0.1556888710911687,-0.5876104682701289,-0.84501982175998,321,0.06629157703127586,0.06629157703127586,-0.00022050528741634964,-0.49174509631423213
12,60,0.0025,0,0.0,1.5,0,-0.41118888079914795,-0.12417936892476333,-0.6916105941684565,-0.438002318806806,1079,0.07605493959953666,0.07605493959953666,5.8375579497462667e-05,-0.4918847819493319
30,200,0.005,0,-0.2,1.5,0,-0.5150369910931831,-0.1657053750716153,-0.6129299343463841,-0.4121114384067712,1469,0.1436372662584809,0.1436372662584809,5.283098809659634e-05,-0.49277591416514593
20,200,0.0025,1,-0.2,0.75,1,-0.5268640001852841,-0.17084616078294534,-0.5712627985338053,-0.7280023223684252,837,0.014032765182856198,0.06963428760549396,-0.00010390919762482874,-0.4928776761682693
12,96,0.0,1,-0.2,999.0,0,-0.5189223396972872,-0.16738373110225035,-0.5816142784720562,-0.696230279813784,839,0.0762535164653318,0.0762535164653318,-8.596206031333228e-05,-0.49300238432896765
20,96,0.0,1,-999.0,1.5,1,-0.4720336150331569,-0.1477706140871763,-0.6619519567010451,-0.2908508605106961,678,0.04183352639417508,0.16653979811351977,-9.437822239923088e-06,-0.49328913546323366
30,60,0.0,1,0.0,999.0,1,-0.5180598701898184,-0.16701029461343198,-0.6014152860006281,-0.5460973120505719,1067,0.016746649015389706,0.08187986099619395,-1.5138540166114666e-05,-0.4950228032162746
30,60,0.0,1,-999.0,1.5,1,-0.47897465023740005,-0.15058939121669035,-0.6575850887701186,-0.31430328640536564,649,0.03683600860499752,0.15359920569253682,-1.832563591027979e-05,-0.4950970999220179
20,200,0.0,0,0.0,0.75,0,-0.5199322749128183,-0.16782165654227243,-0.5811668985281429,-0.7343861974193909,954,0.06748303822604666,0.06748303822604666,-7.390194136419965e-05,-0.4951244156773134
48,60,0.005,0,0.0,1.5,0,-0.47521361357068415,-0.14905855194495787,-0.6397309403854163,-0.5281160313099887,1099,0.08072149594572232,0.08072149594572232,1.6403309769004523e-05,-0.4953298237031655
30,60,0.005,1,-999.0,999.0,1,-0.5283607987632992,-0.1715036112643643,-0.6143661082406596,-0.3435899030500896,610,0.05530365712394506,0.17703127585636275,-3.168337557528617e-05,-0.4958661605371986
20,200,0.005,0,-0.2,0.75,0,-0.5275122988930103,-0.17113072637323912,-0.5863291890813314,-0.6369521284381859,991,0.08922720503061393,0.08922720503061393,-4.4052121067894063e-05,-0.4961429273358141
12,96,0.0,1,-999.0,999.0,1,-0.4747169596841634,-0.14885701629195502,-0.6753267857805809,-0.20368510981252017,703,0.05917590600695019,0.21605162998510674,6.288464426002319e-06,-0.4967046646728715
12,96,0.0025,1,-0.2,999.0,0,-0.5310964579278254,-0.17270926898424577,-0.5745234136372708,-0.7353403594741734,807,0.0731755750455072,0.0731755750455072,-0.00010946279317437734,-0.49673799377658984
20,200,0.0,0,-0.2,0.75,0,-0.5287073336117946,-0.17165604539329893,-0.5895892029246582,-0.6059081954696703,1066,0.09640906834353798,0.09640906834353798,-2.5248807650091872e-05,-0.49674605662911153
30,96,0.0,0,-0.2,0.75,0,-0.5232381379866811,-0.16925998391664698,-0.59264830759366,-0.6326905081433578,931,0.08399801423134205,0.08399801423134205,-5.5676907708316504e-05,-0.4972186631206449
30,60,0.005,0,-0.2,999.0,0,-0.5024607116583972,-0.1603409992886159,-0.636940938162623,-0.3747746423804183,1355,0.1395995366539798,0.1395995366539798,4.9260952684146137e-05,-0.4975502004889483
20,60,0.0025,1,-999.0,0.75,0,-0.5041052733369811,-0.16103666314936926,-0.5809515853519651,-0.9248649610490536,294,0.056693695184511006,0.056693695184511006,-0.0002838320953768579,-0.4977557038778045
12,120,0.0,0,-0.2,0.75,0,-0.5227856160412099,-0.16906265817212296,-0.5922616668091805,-0.6603015968090714,949,0.08452755254012907,0.08452755254012907,-5.466267554318347e-05,-0.4982085714171668
20,60,0.0,1,-0.2,0.75,1,-0.5333673463241169,-0.1737141051395389,-0.5694433315020797,-0.7966169649430699,686,0.010723150752937283,0.057388714214793975,-0.00018386873644316392,-0.49826661913773224
30,60,0.0025,0,0.0,999.0,0,-0.48466299487775144,-0.1529205111698011,-0.6463530511982671,-0.4458855958580115,1300,0.09955320205196094,0.09955320205196094,5.373248165291678e-05,-0.4983913165618352
12,60,0.005,1,-0.2,0.75,1,-0.5306905700435125,-0.17253005379933506,-0.5716478175404501,-0.8014476115882172,642,0.011782227370511336,0.05374813834188317,-0.0002077304645534561,-0.498426343148971
30,96,0.0025,1,-999.0,999.0,1,-0.5253419207679646,-0.1701792029909499,-0.6264960022739284,-0.3075205537501678,674,0.061062386232003975,0.20264769154393514,-1.7364444659630868e-05,-0.4988032318154225
12,120,0.0,1,-0.2,1.5,1,-0.5272567305833158,-0.17101851175570992,-0.6013683663207026,-0.5499799077344029,1128,0.022902531855038887,0.1024656627502896,-6.823154632623431e-06,-0.49920169030278133
48,120,0.005,0,-0.2,0.75,0,-0.5260071938728572,-0.1704705205226783,-0.5928297471003983,-0.6466831091573925,925,0.08366705278835015,0.08366705278835015,-6.026643253567543e-05,-0.49921954953074704
12,60,0.0,1,-999.0,1.5,1,-0.47850311801234124,-0.15039701212580203,-0.6680099555831671,-0.30383527813117517,667,0.03948370014893265,0.1606155882839649,-1.4025019146027966e-05,-0.49959375382394433
48,60,0.0025,1,-999.0,0.75,0,-0.4986853076977831,-0.15875046741877108,-0.5933750225738359,-0.9047124083106844,296,0.058050637100777756,0.058050637100777756,-0.00027013141579471887,-0.5006735991212232
20,120,0.0,0,0.0,0.75,0,-0.520795324519609,-0.16819643744384571,-0.587074046182406,-0.7797649489319868,859,0.060830713221909645,0.060830713221909645,-0.00011353030550285971,-0.5007217079816481
20,120,0.0,1,-0.2,1.5,1,-0.5192606144001913,-0.1675303360585837,-0.6126644835194834,-0.5409155475572137,1113,0.02247228197914943,0.10057918252523582,-4.752160107824672e-06,-0.5009083551961862
48,60,0.005,0,-0.2,1.5,0,-0.5063992631461489,-0.16200993538292763,-0.6321303420834596,-0.4739325641911718,1203,0.11573721661426443,0.11573721661426443,2.1413375546170553e-05,-0.5017717346342161
20,120,0.0025,1,-0.2,1.5,1,-0.5292644153891288,-0.1719012713391368,-0.6033676953257379,-0.5687327570352749,1050,0.022008935958960783,0.09534999172596392,-2.425314808935708e-05,-0.5020217568537695
12,120,0.0025,1,-0.2,1.5,1,-0.5341179208433751,-0.1740470298027812,-0.5994596524319382,-0.5740379827217381,1064,0.02250537812344862,0.09677312593082905,-2.4474660391635595e-05,-0.5024787551548372
12,200,0.0,0,-0.2,0.75,0,-0.5349614085844661,-0.17442164721584097,-0.5953746761240937,-0.6196687171150161,1052,0.09521760714876717,0.09521760714876717,-3.268460136646914e-05,-0.5030924211336386
12,60,0.005,1,-999.0,999.0,1,-0.5266720070664221,-0.17076194302556402,-0.6322367958352132,-0.33366122437529405,612,0.05785206023498263,0.18302167797451596,-2.881663427745343e-05,-0.5035634021619353
30,120,0.0,0,0.0,0.75,0,-0.524515845581681,-0.16981789727180652,-0.5902799825742295,-0.7811589258216318,865,0.061658116829389376,0.061658116829389376,-0.00011374898883907092,-0.5040158348500029
48,96,0.0,1,-0.2,1.5,1,-0.5273013049694824,-0.17103808014734356,-0.6101375562322335,-0.5626536152976461,1099,0.0228694357107397,0.09872579844448122,-1.3559235268703567e-05,-0.5042395390283426
20,96,0.005,0,-0.2,0.75,0,-0.5274748362149342,-0.17111427446120542,-0.5958322915459839,-0.7054887941025851,850,0.07635280489822936,0.07635280489822936,-8.997394937974413e-05,-0.5043048599393266
30,120,0.005,0,0.0,0.75,0,-0.523804974049624,-0.16950735541584383,-0.5895765788810267,-0.813019015926432,804,0.057123945060400465,0.057123945060400465,-0.00014317427605313067,-0.5049465956526787
12,96,0.005,1,-0.2,1.5,1,-0.5113017937320712,-0.16410135668575654,-0.6267202088817543,-0.5523721070243897,978,0.023101108720834023,0.0893595896078107,-2.799062482788614e-05,-0.5050800664778532
48,60,0.0,1,-0.2,0.75,1,-0.5333866233095461,-0.1737226506102434,-0.5827993697214018,-0.7992810700867939,690,0.010888631474433228,0.05775277180208506,-0.00018187065161822167,-0.505086388975284
12,60,0.0025,1,-999.0,0.75,0,-0.5097641155308208,-0.16344369627426436,-0.5912551388061515,-0.9265270963440929,304,0.05910971371835181,0.05910971371835181,-0.00027483143051533043,-0.5053976204945447
20,60,0.0,1,-0.2,1.5,1,-0.5058226347241297,-0.16176497042243776,-0.634161265523306,-0.5334272307811193,989,0.019460532847923217,0.09041866622538475,-2.0490370999215956e-05,-0.5055169647231467
20,60,0.0,0,0.0,999.0,0,-0.45329709353139935,-0.14029792896022464,-0.6917157651840369,-0.3875184849633989,1330,0.10134039384411717,0.10134039384411717,7.768403325897066e-05,-0.505531735800413
30,96,0.005,1,-0.2,0.75,1,-0.5371553792418564,-0.17539844459132925,-0.5798833838303864,-0.8106449634611931,676,0.012013900380605659,0.056362733741519115,-0.0001954039430076619,-0.5058723846795821
30,60,0.0025,1,0.0,999.0,1,-0.538492460039751,-0.17599544181818005,-0.6013582448762109,-0.5944567935518491,1010,0.01701141816978322,0.0777759391030945,-4.753591671536533e-05,-0.506397403933878
12,96,0.005,1,-999.0,999.0,1,-0.5316567767827818,-0.17295686259242127,-0.6344297122430349,-0.32909669208004383,640,0.06271719344696343,0.19457223233493298,-2.492662920788654e-05,-0.5066265533179409
12,120,0.005,0,0.0,1.5,0,-0.4773964192073633,-0.14994600487837828,-0.6609452247820611,-0.5313487814339899,1175,0.08538805229190799,0.08538805229190799,2.874878204691075e-05,-0.5069860563411083
48,96,0.0025,1,-0.2,1.5,1,-0.5388620434410467,-0.17616068692466114,-0.6023051471752827,-0.5935715660518542,1040,0.02243918583485024,0.09392685752109879,-3.428080532208186e-05,-0.5069918388148952
20,120,0.005,0,0.0,0.75,0,-0.5257106694618728,-0.1703406371232602,-0.5912190614524163,-0.8262343528081664,803,0.05649511831871587,0.05649511831871587,-0.00014824161989477518,-0.5072618854898767
12,60,0.005,1,-999.0,1.5,1,-0.5321800962603193,-0.1731883075528643,-0.6227682572711795,-0.4583909846547046,603,0.04355452589773291,0.143306304815489,-5.747469663412486e-05,-0.5074919854211892
20,60,0.0025,0,0.0,1.5,0,-0.46392055984173,-0.14451087224898995,-0.6755797465478273,-0.5219318264649703,1078,0.07757736223729936,0.07757736223729936,1.939959464664872e-05,-0.5083973368461521
12,96,0.0,0,0.0,1.5,0,-0.44228193794861037,-0.13599396975633748,-0.699582063105954,-0.45323325428455197,1202,0.08730762866126096,0.08730762866126096,5.939362133241311e-05,-0.5084466640235421
12,120,0.005,0,-0.2,0.75,0,-0.5322502064928226,-0.17321932947132201,-0.5981926323477428,-0.7232288729369895,889,0.07876882343207016,0.07876882343207016,-8.39428906656576e-05,-0.5084770892920428
48,96,0.0,0,0.0,0.75,0,-0.5289856594684788,-0.17177853653130004,-0.594131577220594,-0.7951086124469161,857,0.06136025153069667,0.06136025153069667,-0.000121802912741128,-0.5085997557639428
12,96,0.005,0,-0.2,0.75,0,-0.5337557395988268,-0.17388633061147807,-0.5957928240740568,-0.7375437369411957,852,0.07545920900215125,0.07545920900215125,-9.823619263226543e-05,-0.5086599294955663
12,200,0.005,0,-0.2,1.5,0,-0.5274671478946693,-0.17111089821997305,-0.630244984173909,-0.45307191916983053,1422,0.13834188317061064,0.13834188317061064,4.047984285384344e-05,-0.5088869862654191
12,96,0.005,0,-0.2,1.5,0,-0.4676389951029276,-0.14600027706586838,-0.6843911303959864,-0.4148269986636521,1225,0.11673010094324011,0.11673010094324011,4.4538347565240104e-05,-0.5089371921970443
20,120,0.005,1,-999.0,0.75,1,-0.5205346986933599,-0.1680832068993845,-0.6239480023195678,-0.5833965910756154,485,0.02819791494290915,0.09988416349495284,-0.00011433986146511615,-0.5092270376129492
30,60,0.005,1,-999.0,1.5,1,-0.5357200519185346,-0.17475901811208383,-0.6213914493668287,-0.47571338602063507,589,0.04060896905510508,0.13758067185172929,-6.471444898024609e-05,-0.5092404120965299
30,96,0.005,0,-0.2,1.5,0,-0.5015430688541787,-0.15995357740727223,-0.6549700560189389,-0.44134404003169125,1262,0.12209167631970876,0.12209167631970876,3.4031855758112633e-05,-0.5095058074183262
30,60,0.0,1,-999.0,0.75,1,-0.49327326142268835,-0.1564860269394921,-0.6593251461587963,-0.47479150145544563,487,0.020685090186993216,0.09621049147774284,-9.29271585586367e-05,-0.5098881750916625
12,96,0.0025,0,0.0,0.75,0,-0.5274994054356923,-0.17112506404019634,-0.5925977694369482,-0.8632335601700553,777,0.05374813834188317,0.05374813834188317,-0.00016943218889716992,-0.5105856267671732
30,60,0.0025,1,-0.2,0.75,1,-0.5470382302632774,-0.17984201155763802,-0.5781788523814126,-0.8490300592104228,623,0.010359093165646201,0.053582657620387227,-0.00023662017117611448,-0.5113829407088655
20,120,0.005,0,0.0,1.5,0,-0.4900681798508716,-0.1551535324701031,-0.6583783333425464,-0.5408546046954945,1190,0.08760549395995366,0.08760549395995366,2.3581074328210325e-05,-0.5113854293761511
12,60,0.0,1,-0.2,0.75,1,-0.5438543880695803,-0.17840261190342954,-0.584729394484222,-0.8128763914931572,716,0.0115836505047162,0.06003640575872911,-0.00017885660783095988,-0.5114111287201984
48,60,0.005,0,-0.2,0.75,0,-0.5334836531709573,-0.17376566788168923,-0.6042341618457908,-0.7206602198888727,829,0.07413536323018369,0.07413536323018369,-0.00010316332832301068,-0.5119157597990283
20,96,0.005,0,-0.2,1.5,0,-0.5236512088112373,-0.16944022930639002,-0.6349045013081012,-0.5028264540066598,1230,0.11861658116829389,0.11861658116829389,1.5112786303218026e-05,-0.5120338026607736
48,96,0.005,1,-0.2,0.75,1,-0.5433299772688731,-0.17816625132388053,-0.5854879671246003,-0.8236602778011324,689,0.013039880853880522,0.057388714214793975,-0.00019556250776719692,-0.5120932487762373
20,60,0.0,1,-999.0,1.5,1,-0.4997376357584732,-0.15919289529329483,-0.6719167545629922,-0.3417732901763967,654,0.03782889293397319,0.1555187820618898,-2.5676434008771074e-05,-0.5122399370836107
48,120,0.0,0,0.0,0.75,0,-0.534128736367256,-0.1740518300719076,-0.5985633159799371,-0.7854134243034882,888,0.06367698163163991,0.06367698163163991,-0.00011274384376914619,-0.5126041592770505
12,60,0.0025,0,0.0,999.0,0,-0.4600960525675132,-0.1429870381687952,-0.6975957235105429,-0.42290193911907265,1274,0.09518451100446798,0.09518451100446798,6.466957150308119e-05,-0.5129299968800203
30,200,0.0025,0,-0.2,0.75,0,-0.5468072384356766,-0.1797373265423482,-0.6021516402491702,-0.6602473541650056,1049,0.09415853053119312,0.09415853053119312,-4.421507166750612e-05,-0.5138255143751835
20,60,0.005,0,-0.2,999.0,0,-0.5036541418051415,-0.16084565866231282,-0.6681301840099203,-0.3822237519286802,1344,0.13648849908985602,0.13648849908985602,4.7648918886997256e-05,-0.514021938263707
12,60,0.0,1,-0.2,1.5,1,-0.5284499182021387,-0.17154280519884724,-0.627947188478716,-0.5701814491638735,1029,0.020387224888300512,0.09405924209829555,-2.8064740360036083e-05,-0.5140254718963989
20,60,0.005,1,-999.0,999.0,1,-0.5476679698444578,-0.1801276116447046,-0.6326960971760855,-0.3710372472087844,608,0.05573390699983452,0.17845441006122786,-3.8992107959803676e-05,-0.5150275225931866
30,200,0.0025,0,0.0,0.75,0,-0.5395221741746872,-0.17645608638082488,-0.5970848519547514,-0.8041605744735665,931,0.06553036571239451,0.06553036571239451,-0.00010505167275808983,-0.5152065410818789
48,200,0.005,1,0.0,999.0,1,-0.518843828248148,-0.16734971605615812,-0.6447010809846159,-0.5120386061951525,1285,0.023663743173920237,0.09621049147774284,2.8876421804788634e-05,-0.5153021868582237
12,60,0.0,1,-999.0,0.75,1,-0.4991397053937221,-0.15894142330958105,-0.6660713849969438,-0.4739122638737126,505,0.022737051133542942,0.10117491312262121,-8.758666191269757e-05,-0.5156727290017387
20,96,0.0025,1,-999.0,0.75,0,-0.5159898678097132,-0.1661160541493214,-0.6058665324898672,-0.9347979735511777,307,0.061757405262286943,0.061757405262286943,-0.0002684262194359357,-0.5157892190718139
12,120,0.005,1,-999.0,0.75,1,-0.5306349652579829,-0.17250551118828306,-0.6278729614183034,-0.6086447311859412,489,0.02826410723150753,0.10127420155551878,-0.00011949062808018336,-0.5168742284567318
30,120,0.005,1,-0.2,0.75,1,-0.548051139911674,-0.18030153318332276,-0.5897732905029535,-0.8359039102192385,695,0.012576534833691875,0.057918252523581,-0.00019796813241887315,-0.5169833739457614
20,120,0.005,1,-0.2,0.75,1,-0.5484130398253411,-0.1804659016987179,-0.5901017812324618,-0.8338904709653703,697,0.012675823266589442,0.058216117822273705,-0.00019652776425369963,-0.5172113158632173
20,96,0.005,1,-999.0,1.5,1,-0.5381772280023402,-0.17585457622309608,-0.6366145754417136,-0.461077600533225,619,0.045805063710077774,0.15058745656131062,-5.485726241034428e-05,-0.5172157439706141
30,200,0.005,0,0.0,1.5,0,-0.5112253568272245,-0.16406862823549617,-0.6551698437434961,-0.5226717579244345,1351,0.10001654807214959,0.10001654807214959,4.047864571023324e-05,-0.517787138003466
20,96,0.0,1,-999.0,0.75,1,-0.4953621337162253,-0.15735786822308673,-0.6752399134677383,-0.4646195351346909,513,0.023829223895416186,0.10504716200562635,-8.038713493956823e-05,-0.5182088017136904
20,96,0.0025,1,-0.2,0.75,1,-0.5497077180111044,-0.18105473129186023,-0.5930308204277154,-0.8403956247817737,681,0.011285785206023498,0.058216117822273705,-0.0002030334426948684,-0.5195899227448066
48,200,0.005,0,0.0,999.0,0,-0.5132063294581832,-0.16491807504060407,-0.6729516011707811,-0.36576634783247675,1627,0.1268244249544928,0.1268244249544928,8.784755294566011e-05,-0.5196821930176184
30,60,0.0025,0,-0.2,1.5,0,-0.48795263787872634,-0.1542774438924399,-0.6876558702463649,-0.44544720834186774,1187,0.11418169783220254,0.11418169783220254,2.9381097813587164e-05,-0.5203777394327157
12,60,0.0,0,-0.2,1.5,0,-0.4455934295692481,-0.13728112073229193,-0.7294150878943473,-0.37880614758161035,1232,0.1146450438523912,0.1146450438523912,5.7891518361844305e-05,-0.520928972058546
12,96,0.0025,1,-999.0,0.75,0,-0.5217977873492846,-0.16863239454867918,-0.6113159203365098,-0.942031846871546,317,0.06357769319874235,0.06357769319874235,-0.00026377459876605815,-0.5213919470605114
30,96,0.0,1,-0.2,0.75,1,-0.5524457216358692,-0.18230418893467215,-0.5948028913559462,-0.8343781431978654,745,0.012113188813503227,0.06169121297368856,-0.00017635722912857804,-0.5214245417725385
20,60,0.005,1,0.0,999.0,1,-0.535602462225578,-0.17470669858330878,-0.6348568900695634,-0.6001642662168377,978,0.01850074466324673,0.07489657454906504,-5.545444375299215e-05,-0.5221433569289323
12,120,0.005,1,-0.2,0.75,1,-0.5533451271411165,-0.18271587287871216,-0.5945785575431871,-0.8440815670037224,709,0.012907496276683767,0.059043521429753436,-0.00019625520574626567,-0.5222092300004918
30,96,0.005,1,-999.0,0.75,1,-0.5343007389892617,-0.17412818146808096,-0.634744919091888,-0.618796920125926,478,0.026840973026642397,0.09647526063213635,-0.00013028768027953323,-0.5224404870203213
48,60,0.0,1,-999.0,0.75,1,-0.4992215998299714,-0.15897585240307832,-0.6789866012452275,-0.48031612636637977,494,0.022770147277842132,0.09869270230018203,-9.2601784036028e-05,-0.5224849593440111
20,96,0.0,1,-999.0,999.0,1,-0.5164939127429442,-0.16633353696145703,-0.687719821955671,-0.26062973482963203,698,0.05785206023498263,0.21188151580340892,-7.305109715968917e-06,-0.5232249346807741
20,60,0.0025,1,-0.2,1.5,1,-0.5356182077327613,-0.17471370370232253,-0.6373194227771655,-0.6024753979444091,933,0.01929505212642727,0.08542114843620718,-5.779254491687886e-05,-0.5234971849881257
20,60,0.0,0,-0.2,1.5,0,-0.4561758808444464,-0.14143346280095181,-0.7263076425041994,-0.3835843084384811,1223,0.11669700479894092,0.11669700479894092,5.1971437487833443e-05,-0.5237664994749756
12,60,0.0025,1,-999.0,999.0,1,-0.5515297655126252,-0.18188556623161678,-0.6484643540911015,-0.3624366498729242,643,0.055270560979645875,0.1930167135528711,-3.2665250913470305e-05,-0.5242395757708137
12,120,0.005,0,-0.2,1.5,0,-0.5207428435945324,-0.16817363306134958,-0.6627172115820623,-0.49664817554765295,1281,0.12215786860830713,0.12215786860830713,2.3307643004785636e-05,-0.5243646476297634
30,96,0.0025,0,0.0,0.75,0,-0.5431763865295851,-0.17809706397511016,-0.6062724302626431,-0.8659869467328397,798,0.0560979645871256,0.0560979645871256,-0.00017215112214547502,-0.5245326264430737
30,60,0.0025,1,-999.0,999.0,1,-0.561154804550415,-0.18631697302008854,-0.6380018852555907,-0.3862497857735426,639,0.05328479232169452,0.18573556180704948,-3.926098884335068e-05,-0.524630404936561
30,120,0.0,1,-0.2,0.75,1,-0.5563026028419669,-0.18407399183505413,-0.5982947518712932,-0.8393392229849531,769,0.012907496276683767,0.06367698163163991,-0.00016859567538580404,-0.5251883289199484
48,120,0.0,0,-0.2,0.75,0,-0.5535536232206172,-0.1828113962882476,-0.6185502624270739,-0.6756283529332159,992,0.09038557008108555,0.09038557008108555,-6.201084276282888e-05,-0.5258679451484454
20,96,0.0025,0,0.0,0.75,0,-0.5443730301900582,-0.17863657288685586,-0.6089889020772825,-0.8863134823650972,781,0.0545755419493629,0.0545755419493629,-0.00018538018001527254,-0.527446698043752
48,96,0.0,0,-0.2,0.75,0,-0.5545341025297268,-0.1832610562138054,-0.6193879970232277,-0.6962867976832101,963,0.08727453251696178,0.08727453251696178,-7.251288039989139e-05,-0.5277693946095797
30,120,0.005,0,0.0,1.5,0,-0.527286009210363,-0.1710313650721781,-0.6530473309190823,-0.6076247412610746,1199,0.08899553202051962,0.08899553202051962,-2.0968025424479382e-06,-0.527936267594773
20,60,0.0,1,-999.0,0.75,1,-0.5139523447217063,-0.16523864028111945,-0.6754007467107879,-0.509099786829313,494,0.021181532351481052,0.0975674333940096,-0.00010399245182050576,-0.528394002977979
12,60,0.0025,1,-0.2,1.5,1,-0.5483489156182433,-0.18043677042580453,-0.6352960208128913,-0.6226202093127985,972,0.020321032599702134,0.08849908985603178,-5.801364044233505e-05,-0.5292157912978901
20,60,0.0025,0,0.0,999.0,0,-0.5117049935911588,-0.16427406073890227,-0.679896072461241,-0.5018060672345628,1278,0.09713718351812013,0.09713718351812013,3.199119435723264e-05,-0.5293124003312509
12,96,0.0,1,-0.2,1.5,1,-0.5533779052962402,-0.1827308881220039,-0.6321383171607244,-0.6132238688782461,1082,0.022174416680456728,0.09875889458878041,-3.500551979890066e-05,-0.5294612401462784
48,96,0.005,0,-0.2,0.75,0,-0.5559112874982021,-0.18389390490780078,-0.6185180217045047,-0.7338334913099845,899,0.0810855535330134,0.0810855535330134,-9.601465697852806e-05,-0.5298445903255523
20,200,0.005,0,-0.2,1.5,0,-0.5562536870849122,-0.18405147384297083,-0.6432649180131778,-0.49207390126695877,1440,0.14079099784875063,0.14079099784875063,2.871120903010198e-05,-0.5302876279129076
30,200,0.0,0,-0.2,1.5,0,-0.5194515789609077,-0.16761313239050946,-0.6861591198095939,-0.3987608654383368,1581,0.1546251861658117,0.1546251861658117,6.167556412843766e-05,-0.5306307355672232
12,96,0.005,1,-0.2,0.75,1,-0.5600741012794939,-0.1858158033045304,-0.6023998428662842,-0.8733706733481003,676,0.01274201555518782,0.05682607976170776,-0.00022353514704692858,-0.5306842584050775
20,120,0.0,0,-0.2,0.75,0,-0.5577808220936873,-0.18475535827000555,-0.6221620375128822,-0.7081733048089055,961,0.08641403276518285,0.08641403276518285,-7.687376692330262e-05,-0.531245042266892
48,60,0.0025,0,0.0,0.75,0,-0.5475032695257889,-0.18005288783137308,-0.6129666544517379,-0.8943114603918167,755,0.05298692702300182,0.05298692702300182,-0.00020329005614769737,-0.5312517880768328
48,60,0.0025,1,-999.0,1.5,1,-0.5530177739611328,-0.1825659619779798,-0.6489440588692754,-0.4882064712396618,630,0.04137018037398643,0.148734072480556,-6.160830417580223e-05,-0.5314483149746007
12,60,0.005,0,-0.2,999.0,0,-0.5050542262389237,-0.1614388657085456,-0.7007012486035253,-0.39862721954412417,1352,0.1338408075459209,0.1338408075459209,4.6802892553295294e-05,-0.5317208509875144
12,200,0.005,0,0.0,1.5,0,-0.5384393840238619,-0.17597171905130726,-0.6511202823711837,-0.6047307906234574,1306,0.09647526063213635,0.09647526063213635,1.120464461322835e-05,-0.531768399768072
12,96,0.0,1,-999.0,0.75,1,-0.513863149462868,-0.1652002933761405,-0.6843342651904394,-0.49289418725209644,526,0.025219261955982127,0.10782723812675823,-8.703288998744326e-05,-0.5320121353339651
20,60,0.005,1,-999.0,1.5,1,-0.5597356735998354,-0.1856590492593071,-0.6411362690137505,-0.516290410948528,592,0.041469468806884,0.13923547906668873,-7.573297799903672e-05,-0.5320417043136088
48,120,0.0025,0,0.0,0.75,0,-0.5526565577396223,-0.18240063903300818,-0.6144432092266857,-0.8528992248820103,847,0.06046665563461857,0.06046665563461857,-0.00015410735160547868,-0.5322672048904515
30,96,0.005,0,-0.2,0.75,0,-0.5579911956518773,-0.1848524660265709,-0.6203047085866525,-0.7491744449016836,873,0.07833857355618071,0.07833857355618071,-0.00010792775270674879,-0.5324635425649814
20,60,0.0025,1,-0.2,0.75,1,-0.5673821074742937,-0.18922301499090854,-0.5998031327901628,-0.8989176905167469,641,0.01042528545424458,0.05417838821777263,-0.0002559355536878509,-0.5340704659118273
20,120,0.0,1,-0.2,0.75,1,-0.5649814341182229,-0.1880990220356097,-0.6061522062842021,-0.8589681421933458,774,0.012874400132384577,0.06423961608472613,-0.0001756450932795049,-0.5341235322873781
48,60,0.0025,1,-0.2,0.75,1,-0.5616964426776716,-0.1865685026106655,-0.6071047484944714,-0.8841046571916854,647,0.010590766175740526,0.05467483038226047,-0.00024399988990263553,-0.5343261097174854
12,120,0.0025,0,0.0,0.75,0,-0.5515735078634381,-0.18190554337383702,-0.6135097491710311,-0.9177703666885789,812,0.05623034916432235,0.05623034916432235,-0.00018122615289802,-0.5345489362937815
30,120,0.0,0,-0.2,0.75,0,-0.5621767242583275,-0.18679173402332805,-0.625917954940625,-0.7126119237591105,969,0.0875062055270561,0.0875062055270561,-7.757196984280784e-05,-0.5353813076815961
30,120,0.0025,1,-999.0,0.75,1,-0.5487637505759242,-0.1806252825374829,-0.646088481149075,-0.6382501430246237,503,0.02750289591262618,0.10408737382094986,-0.00012561007041652183,-0.5355820302632516
48,60,0.0025,0,-0.2,0.75,0,-0.5584757173680739,-0.18507625155519714,-0.625436002470253,-0.7615143821454067,852,0.07605493959953666,0.07605493959953666,-0.00011750201770086477,-0.535869971897594
12,60,0.0025,1,-0.2,0.75,1,-0.5673094662266205,-0.18918893591336228,-0.6050709347804943,-0.8898411525334498,671,0.011285785206023498,0.05649511831871587,-0.0002356521815120101,-0.536216460930282
20,96,0.0025,0,-0.2,0.75,0,-0.5612337050468512,-0.186353598881436,-0.6247074620162743,-0.7677052025477914,870,0.07800761211318881,0.07800761211318881,-0.00011333249240859749,-0.5370925900169627
20,120,0.005,0,-0.2,1.5,0,-0.5457816880490372,-0.17927303168471231,-0.6637802944296494,-0.5205854591903497,1302,0.12516961773953333,0.12516961773953333,1.4136652566154586e-05,-0.5371924518590545
48,96,0.0,1,-0.2,0.75,1,-0.5677280818389181,-0.18938538507397717,-0.6086389073810108,-0.8716070992827138,762,0.013602515306966738,0.06291577031275856,-0.00018633411658021377,-0.5372851937286183
20,60,0.0,1,0.0,999.0,1,-0.5632504054008516,-0.18729143797915937,-0.6370248689156428,-0.6362196539940785,1084,0.017309283468475923,0.08257488002647692,-5.0515305278933914e-05,-0.5376148551366847
48,200,0.005,0,-0.2,999.0,0,-0.554867609918924,-0.18341417592609444,-0.6763806164315285,-0.3256258369157302,1756,0.18308787026311435,0.18308787026311435,7.057260351164821e-05,-0.5378857759876452
12,60,0.005,1,0.0,999.0,1,-0.5581181318810869,-0.1849110761422864,-0.6419175008099893,-0.6424867918739223,1010,0.01939434055932484,0.07718020850570909,-6.739784773660827e-05,-0.5379941661409772
20,200,0.005,0,0.0,1.5,0,-0.5491548195769304,-0.18080311376729075,-0.6535347349270775,-0.6104604270645286,1326,0.09793149098130068,0.09793149098130068,8.460620101154536e-06,-0.5380935025840559
48,120,0.005,1,0.0,999.0,1,-0.5776723723966596,-0.19409456787364665,-0.6237616110308335,-0.6575046126875633,1116,0.02174416680456727,0.08515637928181367,-5.442828618329458e-05,-0.5388506040234415
12,96,0.005,0,0.0,999.0,0,-0.5295815255567509,-0.17204095958962629,-0.681295071902211,-0.5256645038442223,1329,0.10130729769981797,0.10130729769981797,2.823096119945689e-05,-0.538971720732943
48,96,0.0025,1,-999.0,0.75,1,-0.5536495642790582,-0.182855363347877,-0.6483049882763093,-0.6447810325565652,501,0.02909151083898726,0.10349164322356445,-0.0001297016198123843,-0.53924690911386
30,96,0.0,0,0.0,1.5,0,-0.5051653365096845,-0.16148599628972926,-0.7031842438252496,-0.5476697056159641,1238,0.09124606983286447,0.09124606983286447,2.3375409924139676e-05,-0.5404616034831522
48,60,0.0,0,-0.2,1.5,0,-0.5216824929661925,-0.16858221978271293,-0.696300321048481,-0.4752246928220192,1285,0.12384577196756578,0.12384577196756578,2.5814798132319682e-05,-0.5404936149480544
48,96,0.0025,0,0.0,0.75,0,-0.560300605269437,-0.18592076667271618,-0.6210314681697967,-0.9009283096536438,818,0.05818302167797452,0.05818302167797452,-0.00018082339781544054,-0.5414829162402968
12,96,0.0025,1,-0.2,1.5,1,-0.5688962325064242,-0.18993433354126177,-0.6378089793413578,-0.6582506853186212,1022,0.021975839814661592,0.09326493463511501,-6.160852681577679e-05,-0.5417513574778718
48,120,0.005,0,0.0,1.5,0,-0.5615557339766235,-0.18650313695474618,-0.6477128816041102,-0.6485140246164867,1244,0.09256991560483203,0.09256991560483203,-1.7025360529414046e-05,-0.5427852789876256
12,120,0.0025,0,-0.2,0.75,0,-0.5685601296351237,-0.18977627473834768,-0.6293836554972589,-0.7926650110398482,911,0.080489822935628,0.080489822935628,-0.0001089646346893504,-0.5441013530389696
20,96,0.0,0,0.0,1.5,0,-0.5216474170549634,-0.1685669569554583,-0.6918169974867339,-0.5935127315581741,1214,0.08876385901042529,0.08876385901042529,5.3903935239300434e-06,-0.544151092276734
12,120,0.0,1,-0.2,0.75,1,-0.5749638942209989,-0.19280378402681386,-0.615189912248234,-0.8786101503600714,790,0.012940592420982956,0.06556346185669369,-0.00017905172195119192,-0.5443292476689344
12,96,0.0025,0,-0.2,0.75,0,-0.5701235074682776,-0.19051226875866423,-0.6273216041443839,-0.8077309898657298,873,0.07714711236140989,0.07714711236140989,-0.00012445628502394962,-0.5445596203241426
12,96,0.0025,0,0.0,1.5,0,-0.5144595380860122,-0.16545679364763533,-0.6982412859558982,-0.6118493214449743,1155,0.08336918748965745,0.08336918748965745,-4.2433174319661375e-06,-0.5451699026978332
12,200,0.0025,0,0.0,0.75,0,-0.567939087714953,-0.1894844605950463,-0.6232826832978329,-0.8861047986081995,896,0.06331292404434884,0.06331292404434884,-0.00015172365197682982,-0.5454310421743728
12,96,0.0025,1,-999.0,1.5,1,-0.5691758001276953,-0.19006587595415958,-0.6608474866139393,-0.5009988102767919,658,0.044216448783716694,0.16058249213966572,-5.994723553535826e-05,-0.5455395597749688
20,60,0.0025,1,-999.0,999.0,1,-0.5822935788361487,-0.19631130348816117,-0.657808660767653,-0.41819252013440233,638,0.053516465331788846,0.18788681118649678,-4.7185168535759496e-05,-0.5461252598787077
12,96,0.0,0,-0.2,1.5,0,-0.49178311501327165,-0.15586572351360872,-0.7378434416883743,-0.4293759882656728,1303,0.12477246400794308,0.12477246400794308,4.315445491177422e-05,-0.5462562437710795
12,96,0.0025,1,-999.0,999.0,1,-0.5766352233053458,-0.19359956088151276,-0.666611178902027,-0.3905029108496807,671,0.06043355949031938,0.20420321032599703,-3.6444277259593125e-05,-0.5464302958750104
48,60,0.0,0,0.0,1.5,0,-0.526455187121766,-0.1706668657687631,-0.690847296013905,-0.6072596337855029,1181,0.08671189806387555,0.08671189806387555,-5.080137732720682e-06,-0.5464534954649908
48,96,0.005,0,0.0,1.5,0,-0.5494191456514583,-0.18092337655386914,-0.6682462926952815,-0.6510866420978254,1196,0.08853218600033096,0.08853218600033096,-2.0049564872576493e-05,-0.5476008550064011
30,96,0.0025,1,-0.2,0.75,1,-0.5772404502657176,-0.193888310936998,-0.6162679579232612,-0.9116048411925766,699,0.011782227370511336,0.05851398312096641,-0.00023211550567284574,-0.5476025319582575
30,200,0.005,1,0.0,999.0,1,-0.5602456466985425,-0.18589529480289646,-0.6641237237818389,-0.6011205362040466,1247,0.023829223895416186,0.09366208836670528,-9.716615025623926e-06,-0.5480131835040183
12,60,0.0,1,0.0,999.0,1,-0.576174462258917,-0.19337994202151165,-0.6435925471688058,-0.6569674991523163,1122,0.018004302498758895,0.08571901373489989,-5.191149956317682e-05,-0.5480245905635304
12,200,0.0025,0,-0.2,0.75,0,-0.5801181004538363,-0.1952654753034584,-0.6326944484112655,-0.7419264128787196,1011,0.09078272381267583,0.09078272381267583,-8.103074475187034e-05,-0.5487090201530271
12,120,0.0,0,0.0,1.5,0,-0.5234861537053321,-0.1693681926871401,-0.7003845954903045,-0.5980706490653658,1260,0.09157703127585637,0.09157703127585637,1.2051603665437432e-05,-0.5494640228855606
30,120,0.005,0,-0.2,1.5,0,-0.5687204779917048,-0.18985167010109127,-0.6642103313521249,-0.5552674805812744,1314,0.12735396326327983,0.12735396326327983,3.1622085426983726e-06,-0.5497202098062175
20,200,0.0025,0,0.0,0.75,0,-0.5723985247248947,-0.19158687539397234,-0.6268582613150904,-0.8961020964650079,912,0.06404103921893099,0.06404103921893099,-0.00015100448086472236,-0.5498211108747679
30,96,0.0025,0,0.0,1.5,0,-0.5433875696807916,-0.1781921992228107,-0.6809067284958099,-0.6421589878146041,1191,0.0874731093827569,0.0874731093827569,-1.6711089410876696e-05,-0.5507535128614459
48,120,0.0025,0,-0.2,0.75,0,-0.5785728515668249,-0.19452508514281908,-0.6379848040135312,-0.7485939936295579,953,0.08624855204368691,0.08624855204368691,-9.608381721996852e-05,-0.5509471868310626
30,200,0.0,0,0.0,1.5,0,-0.5433866959475453,-0.17819180554946445,-0.6924839270484677,-0.5658057350316656,1465,0.10809200728115174,0.10809200728115174,3.649118724036605e-05,-0.5527240558252816
30,120,0.0025,1,-0.2,0.75,1,-0.5825337768110267,-0.1964270251369501,-0.6210726252711358,-0.9223152258722243,719,0.012278669534999172,0.06020188648022506,-0.0002266183412068452,-0.5530790990661292
12,96,0.0,1,-0.2,0.75,1,-0.5822435861054789,-0.1962872244564502,-0.6234036293098881,-0.9110348884566402,751,0.012675823266589442,0.06298196260135694,-0.00020688036705476085,-0.5535407835342263
20,60,0.0025,1,0.0,999.0,1,-0.5868363782590853,-0.19850842089505139,-0.6409959161464649,-0.6977092032130283,1025,0.01747476418997187,0.07830547741188151,-9.03582089806813e-05,-0.5538918391289352
12,60,0.005,1,-999.0,0.75,1,-0.5745604026701767,-0.19261201953470197,-0.6528025086827091,-0.7328850449004489,459,0.024590435214297535,0.09045176236968393,-0.00017792944609325235,-0.5556575261210789
48,200,0.005,1,-0.2,999.0,1,-0.6011885576397571,-0.2055710071825666,-0.6444901547499469,-0.5602895322414532,1433,0.03547906668873076,0.13430415356610956,5.159435027630021e-06,-0.5558305611696127
30,120,0.0,0,0.0,1.5,0,-0.5521014608235922,-0.18214677491682152,-0.6844030151024154,-0.6388710452956642,1287,0.09525070329306635,0.09525070329306635,-2.9295732876514654e-06,-0.5562918347328124
30,96,0.0,0,-0.2,1.5,0,-0.5268071777982535,-0.17082123298133856,-0.7261917289279562,-0.46136769078977763,1345,0.1302002316730101,0.1302002316730101,3.234235134785341e-05,-0.5569854819848056
48,60,0.0,1,-999.0,999.0,1,-0.5563529636356807,-0.1840971769830323,-0.7135238624930846,-0.32666208979226646,686,0.056031772298527224,0.20165480721495946,-2.4116747807261787e-05,-0.557192212719188
12,60,0.0025,1,-999.0,1.5,1,-0.5863426570570167,-0.198268758903014,-0.6634884821956106,-0.5470462372135055,635,0.04057587291080589,0.1509184180043025,-7.662989000223578e-05,-0.5573653118614946
12,120,0.0025,1,-0.2,0.75,1,-0.5870948454589495,-0.1986339715896186,-0.6252126339058779,-0.9271459449251943,739,0.012311765679298361,0.061823597550885324,-0.00022043008828565456,-0.5575975857888172
12,120,0.0025,1,-999.0,0.75,1,-0.5734859509542897,-0.19210203676869986,-0.6618465410997083,-0.6954534387432952,508,0.026807876882343207,0.1057752771802085,-0.00014058015896605,-0.5577979792557187
30,60,0.005,1,-999.0,0.75,1,-0.577578928022074,-0.19404993172967022,-0.6523730250729889,-0.7543506655862451,445,0.02250537812344862,0.0863147443322853,-0.00019330946395120497,-0.5579539775454769
12,200,0.005,1,0.0,999.0,1,-0.5788394415168954,-0.19465267355080562,-0.662280258920991,-0.6433691250827679,1222,0.02326658944232997,0.09204037729604501,-3.021519173926814e-05,-0.5579612592654395
20,200,0.0025,0,-0.2,0.75,0,-0.5893053208276049,-0.19971012592192117,-0.6404300036272121,-0.762158787413914,1025,0.09197418500744663,0.09197418500744663,-8.52018500471954e-05,-0.5580330671062229
20,96,0.0025,0,0.0,1.5,0,-0.5627137124885593,-0.18704153975069293,-0.6721385157109829,-0.6999781885913192,1168,0.08495780241601854,0.08495780241601854,-4.0149372245047874e-05,-0.5581097070357504
30,96,0.0025,0,-0.2,0.75,0,-0.5840163197219652,-0.19714238587260857,-0.6426608629678623,-0.7946314424628376,896,0.08029124606983286,0.08029124606983286,-0.0001236631153648288,-0.5582043894796815
20,120,0.0025,1,-0.2,0.75,1,-0.5880702259622823,-0.19910829496278248,-0.6260979710971512,-0.934336133577677,723,0.012245573390699984,0.06069832864471289,-0.0002305837530755562,-0.558874087190242
20,120,0.0025,0,0.0,0.75,0,-0.5764122571366819,-0.19349326309449555,-0.6349177939793436,-0.9604816704989316,820,0.0576203872248883,0.0576203872248883,-0.0002046472364884507,-0.5589762436091139
30,60,0.0,0,-0.2,999.0,0,-0.54116202541752,-0.17719127361569376,-0.7222035183562354,-0.41613286354100665,1447,0.14913122621214628,0.14913122621214628,4.137277157334667e-05,-0.5590996759708617
20,200,0.005,1,0.0,999.0,1,-0.5727089078230887,-0.19173381719304994,-0.6723008729222486,-0.628779805688205,1230,0.02392851232831375,0.09243753102763529,-2.3324197799281158e-05,-0.5593232439385845
48,60,0.0025,0,0.0,1.5,0,-0.5670126346763178,-0.1890497242501158,-0.6699829599261944,-0.7141925528297581,1134,0.08287274532516961,0.08287274532516961,-5.235593644292851e-05,-0.5597508318547009
12,60,0.0025,0,-0.2,1.5,0,-0.5198859929067683,-0.16780157276878793,-0.7315373808381714,-0.5241246605267982,1193,0.1097468144961112,0.1097468144961112,9.462207842974726e-06,-0.5597764962142135
48,200,0.0025,1,0.0,999.0,1,-0.5842164721207801,-0.19723911033174668,-0.6621411758527302,-0.6301518259902146,1352,0.023233493298030778,0.10107562468972364,-7.470752156381617e-06,-0.5598172895576226
30,200,0.0025,0,-0.2,1.5,0,-0.5830202208150939,-0.19666153522922536,-0.6741141680334543,-0.5221018169720871,1525,0.14863478404765845,0.14863478404765845,2.5109130167622767e-05,-0.5598237100945568
20,96,0.005,1,-999.0,999.0,1,-0.5926268011667635,-0.20133535889667598,-0.6763380227423453,-0.4289694625918601,640,0.061492636107893434,0.1920238292238954,-4.946938607313151e-05,-0.5609528433974416
20,120,0.0,0,0.0,1.5,0,-0.5422306235422132,-0.17767141411676646,-0.7047121293865561,-0.6226156918400906,1275,0.09379447294390203,0.09379447294390203,2.0209394063207023e-06,-0.5611582634020491
20,96,0.0,0,-0.2,1.5,0,-0.548844377634831,-0.18066193670985953,-0.7088669515946133,-0.5230869485155332,1307,0.12646036736720173,0.12646036736720173,1.3214959112589955e-05,-0.5612497599329429
30,120,0.0025,0,0.0,0.75,0,-0.5792756583698502,-0.1948615750592797,-0.6373857049530204,-0.9589859328808767,825,0.05841469468806884,0.05841469468806884,-0.00020341361922493427,-0.5615037241798337
20,120,0.005,0,-0.2,0.75,0,-0.5872694036214521,-0.1987187967223749,-0.6454553336369011,-0.8208504954427145,901,0.08055601522422638,0.08055601522422638,-0.00012712247836353424,-0.5624889883129612
30,120,0.005,0,-0.2,0.75,0,-0.5886406251836391,-0.19938606794542169,-0.6466332431389862,-0.8180377049239287,905,0.0814165149760053,0.0814165149760053,-0.00012572421846446916,-0.5636045747611111
48,96,0.0025,1,-0.2,0.75,1,-0.5925058722486735,-0.2012760132608844,-0.6301241358720848,-0.9526537306380597,714,0.012973688565282145,0.05950686744994208,-0.00024423845035273116,-0.5639707677288298
30,96,0.0025,1,-999.0,0.75,1,-0.5780981892574468,-0.1942980641999701,-0.6690959318174721,-0.7110103221242345,494,0.02598047327486348,0.10024822108224392,-0.00015471967954608135,-0.5643965462149179
30,60,0.0025,1,-999.0,1.5,1,-0.5946647403203589,-0.2023374659669388,-0.66653171521512,-0.5767783906652748,619,0.03819295052126427,0.1441668045672679,-8.810356412899004e-05,-0.5644422431077626
20,60,0.0025,0,-0.2,1.5,0,-0.5401622615548105,-0.17674282001756292,-0.7207667765764806,-0.5466858915032166,1183,0.11183187158696012,0.11183187158696012,-2.890402616313484e-06,-0.564460502880964
48,96,0.0025,0,-0.2,0.75,0,-0.5913068878836989,-0.20068832717183738,-0.6489236214819624,-0.8020163540674462,924,0.0832368029124607,0.0832368029124607,-0.00011966595347073401,-0.5652509556161909
20,200,0.0,0,-0.2,1.5,0,-0.5773574082728166,-0.1939441466060654,-0.6917828589225107,-0.5084286402189659,1544,0.15111699487009764,0.15111699487009764,3.004871595495206e-05,-0.5652570080782691
12,96,0.005,1,-999.0,0.75,1,-0.5807227649933988,-0.19555575019568583,-0.6667487248695005,-0.7348894955748043,479,0.02703954989243753,0.09700479894092338,-0.00016627359900492692,-0.5656745874091763
12,60,0.0,0,0.0,0.75,1,-0.5959800182037511,-0.20298622910537178,-0.6528372669926765,-0.7266303664269376,1181,0.019923878868111866,0.08399801423134205,-6.318080392272257e-05,-0.5657363809230569
20,96,0.0025,1,-999.0,1.5,1,-0.5912099034030448,-0.20064084644178304,-0.6754944068337634,-0.5489226439741046,648,0.04325666059904021,0.15710739698825088,-7.394697939189845e-05,-0.56583418205737
20,120,0.0025,1,-999.0,0.75,1,-0.5800435209840654,-0.19522969444198535,-0.670621685359913,-0.7073701467747179,504,0.027006453748138343,0.10398808538805229,-0.00014826425351835074,-0.5659090444606777
48,60,0.0025,0,-0.2,1.5,0,-0.5802994334860139,-0.1953524930136259,-0.681404680706525,-0.6017584425381386,1242,0.1188813503226874,0.1188813503226874,-1.692003474594523e-05,-0.5661427554937953
48,120,0.005,0,-0.2,1.5,0,-0.5905907657656853,-0.20033793385268184,-0.6746311551228545,-0.5709529230822903,1356,0.13255005791825253,0.13255005791825253,-1.54926907783924e-06,-0.5662011575682236
48,60,0.005,1,-999.0,0.75,1,-0.5784513399417809,-0.19446695045556595,-0.6692293836173389,-0.7464651841623258,454,0.024193281482707264,0.08899553202051962,-0.0001855998800277557,-0.5664049014723517
12,60,0.0025,1,0.0,999.0,1,-0.5999221399252841,-0.20494021963766973,-0.6509904927259966,-0.7216463561622274,1060,0.01820287936455403,0.08088697666721827,-9.260248858661445e-05,-0.5665177838087794
30,120,0.0,0,-0.2,1.5,0,-0.5663714604758544,-0.1887492625924756,-0.7029487816929785,-0.5264851043919292,1403,0.13585967234817145,0.13585967234817145,1.778068455416319e-05,-0.5665479086585613
12,120,0.005,1,0.0,999.0,1,-0.5883025040341974,-0.1992213749026901,-0.6663721689556884,-0.69092878012719,1095,0.021413205361575375,0.08363395664405097,-7.08444609896117e-05,-0.5669538983868938
30,60,0.005,1,-0.2,999.0,1,-0.6143492303140856,-0.21221675606949608,-0.644898634786613,-0.6562560281573524,1042,0.027569088201224556,0.1024325666059904,-7.680061598265988e-05,-0.5674788748706702
12,120,0.0,0,-0.2,1.5,0,-0.5488602506057751,-0.1806691533597825,-0.7232146051586099,-0.5204697992197758,1364,0.13046500082740362,0.13046500082740362,2.0323194505702406e-05,-0.5682999459000763
30,96,0.005,1,0.0,999.0,1,-0.5911663858873413,-0.20061954429929252,-0.6648477570143945,-0.7104563945530178,1049,0.019791494290915108,0.08015886149263611,-8.796962820287936e-05,-0.5685662425341407
20,96,0.005,1,0.0,999.0,1,-0.5947343113226818,-0.20237174242554745,-0.6639925431756295,-0.7181896148591204,1046,0.01972530200231673,0.0798940923382426,-9.242564307568444e-05,-0.5702774947563182
48,96,0.005,0,-0.2,1.5,0,-0.5952343975626282,-0.20261825637753872,-0.675080724186436,-0.6046650631547847,1312,0.12705609796458714,0.12705609796458714,-1.3044747549086827e-05,-0.570391871628496
30,200,0.0025,0,0.0,1.5,0,-0.588642498957076,-0.19938698091119478,-0.6763847686159776,-0.677076086651857,1405,0.10359093165646202,0.10359093165646202,-6.475440396885538e-06,-0.5714331695517765
20,120,0.005,1,0.0,999.0,1,-0.5982593208173561,-0.20411425826423946,-0.6629356920166356,-0.7174610400716599,1082,0.020651994042694025,0.0826079761707761,-8.455194785821443e-05,-0.5714551562761403
20,120,0.005,0,0.0,999.0,0,-0.5907872954320428,-0.20043404860867642,-0.6813279520852148,-0.6174643849561676,1407,0.10905179546582823,0.10905179546582823,-2.0653189731839882e-07,-0.5719712438990922
48,200,0.0,1,0.0,999.0,1,-0.5919348127996644,-0.20099594517300778,-0.6781726886234859,-0.6397374005118975,1419,0.022637762700645374,0.1057752771802085,-1.6702295646137309e-06,-0.5720691595103456
12,120,0.005,0,0.0,999.0,0,-0.5961308524121788,-0.20306072949501663,-0.6741071336094956,-0.648512557670494,1385,0.10623862320039715,0.10623862320039715,-1.006125741760481e-05,-0.5725399241832891
12,200,0.0,0,-0.2,1.5,0,-0.5780956199327136,-0.19429683586743085,-0.7072114856972785,-0.5193765319751221,1521,0.14823763031606818,0.14823763031606818,2.6581899000604176e-05,-0.5738714053148262
30,96,0.005,0,0.0,999.0,0,-0.593173741191073,-0.20160393373045882,-0.6823480862061024,-0.6222701470674646,1372,0.10653648849908985,0.10653648849908985,-7.420663072528229e-06,-0.5738914841868833
12,96,0.0025,1,-0.2,0.75,1,-0.6013032988849814,-0.2056282325785852,-0.6396623352408317,-0.9817395371843245,703,0.012278669534999172,0.059407579017044514,-0.00026014825795707614,-0.5745463770582173
30,120,0.0025,0,0.0,1.5,0,-0.5925541900480011,-0.2012997235447681,-0.6720074471961858,-0.7491867643127961,1235,0.09121297368856528,0.09121297368856528,-4.865051088655368e-05,-0.5747627853585009
20,60,0.005,1,-999.0,0.75,1,-0.5942231602402961,-0.20212000968889,-0.6682907689865448,-0.7912259056606414,449,0.02283633956644051,0.0875062055270561,-0.00020466299277563388,-0.5758266894651946
48,60,0.005,1,0.0,999.0,1,-0.602128287169701,-0.2060400464655181,-0.6665619302915013,-0.7467580352732649,994,0.01816978322025484,0.0762204203210326,-0.00011756201619681739,-0.576658913374932
20,200,0.0,0,0.0,1.5,0,-0.5844906930050711,-0.19737168537436867,-0.6922319628469618,-0.664771736262978,1431,0.1054774118815158,0.1054774118815158,1.1733942915460281e-06,-0.5767262536109985
20,120,0.0025,0,0.0,1.5,0,-0.5836937875148009,-0.19698659425676768,-0.6874814887060183,-0.7336871978860867,1224,0.08975674333940097,0.08975674333940097,-4.4144496014809585e-05,-0.5774116985040811
30,96,0.0025,0,-0.2,1.5,0,-0.5787040035970723,-0.19458784618222325,-0.7085476735125396,-0.5713795180320621,1301,0.1253020023167301,0.1253020023167301,-4.2425228045504195e-06,-0.5774306588400961
20,96,0.005,1,-999.0,0.75,1,-0.5917080506015293,-0.20088481433535155,-0.6783709501273745,-0.7666167416098494,472,0.02584808869766672,0.09515141486016879,-0.00018041936548688007,-0.5784011264795312
20,60,0.0,0,-0.2,999.0,0,-0.5481473976014264,-0.18034524208241398,-0.7529098351014194,-0.4337780912696941,1438,0.14595399635942413,0.14595399635942413,3.699452242595537e-05,-0.5784890641966084
48,120,0.0025,1,0.0,999.0,1,-0.6177779733397157,-0.21397603549459787,-0.657487149012991,-0.7344691675571384,1164,0.020751282475591593,0.08892933973192123,-7.832712191024709e-05,-0.5794430683789503
12,120,0.0025,0,0.0,1.5,0,-0.5804625514061481,-0.19543079377763029,-0.69385122752772,-0.7450118111621972,1209,0.0874731093827569,0.0874731093827569,-4.7216267157686696e-05,-0.5796069980996001
12,120,0.0,1,0.0,999.0,1,-0.6104593598298869,-0.21023501374346576,-0.6698440274214796,-0.716878319530524,1207,0.02018864802250538,0.09194108886314745,-6.116574372795413e-05,-0.5810009434307318
48,96,0.005,1,0.0,999.0,1,-0.6182788017634744,-0.2142339984762086,-0.6585936737996652,-0.7731859926190848,1072,0.020784378619890784,0.08161509184180044,-0.0001091681417340072,-0.5821901350069955
48,120,0.0,1,0.0,999.0,1,-0.6199405010351322,-0.21509171579194541,-0.6611681326534515,-0.7324496633698337,1223,0.02048651332119808,0.09309945391361907,-6.551186996056415e-05,-0.5822982652871629
20,120,0.0,0,-0.2,1.5,0,-0.5681803753183072,-0.18959779903720053,-0.7322985145230889,-0.5363648344743907,1388,0.13357603839152737,0.13357603839152737,1.4460416186395143e-05,-0.5825652980224645
12,200,0.0,0,0.0,1.5,0,-0.5904720623343682,-0.2002798975316834,-0.6964805702605543,-0.6906856022246017,1404,0.1036571239450604,0.1036571239450604,-9.05644422102063e-06,-0.5830544627731906
30,60,0.0025,0,-0.2,999.0,0,-0.5951890685815275,-0.20259590237220515,-0.708928989764947,-0.5232344087760253,1400,0.1435710739698825,0.1435710739698825,7.446959104006921e-06,-0.5832221176934799
20,60,0.0025,1,-999.0,1.5,1,-0.6137381646424368,-0.2119044520438299,-0.682365599392246,-0.6116381249481738,623,0.03878868111864968,0.14641734237961276,-9.667398159101595e-05,-0.5836691579873615
20,96,0.0025,1,-999.0,999.0,1,-0.6176571706544927,-0.21391385127989437,-0.6935343245993674,-0.4636129706988531,668,0.05937448287274533,0.20069501903028297,-5.436435937308514e-05,-0.5838616621145207
12,96,0.0025,0,-0.2,1.5,0,-0.5610483039872626,-0.18626754294796144,-0.7389804309334005,-0.5726488422515881,1261,0.11967565778586794,0.11967565778586794,-2.99141979397788e-06,-0.5843902005272411
20,96,0.0,1,0.0,999.0,1,-0.6195003558605923,-0.21486425331527037,-0.6663249062509891,-0.7535681738183047,1148,0.018368360086049976,0.08727453251696178,-8.6313996951926e-05,-0.5857051151316801
48,96,0.0,0,0.0,1.5,0,-0.5954969377668875,-0.2027477651106484,-0.6946569048326461,-0.7371758383896198,1284,0.09478735727287771,0.09478735727287771,-3.8874984402461e-05,-0.5869350094464524
20,96,0.005,0,0.0,999.0,0,-0.6215011281728962,-0.21589982664799157,-0.6732231137523386,-0.7038908279481753,1350,0.10349164322356445,0.10349164322356445,-3.635982786691887e-05,-0.5877059249215696
20,96,0.0025,0,-0.2,1.5,0,-0.6047471511470813,-0.20735157486188838,-0.6959844420729604,-0.6511928675571222,1266,0.12156213801092172,0.12156213801092172,-2.92526167080438e-05,-0.5879034392762247
48,60,0.005,1,-999.0,999.0,1,-0.6209804285988851,-0.21562992515103463,-0.6985481223987768,-0.4912723336105353,630,0.05924209829554857,0.1828892933973192,-6.721259792951969e-05,-0.5894676030309498
12,200,0.0,1,0.0,999.0,1,-0.6231541521195647,-0.21675851032670657,-0.6768240914565213,-0.7193984837495806,1346,0.02171107066026808,0.10127420155551878,-4.063060062451764e-05,-0.5911404802424463
30,200,0.0025,1,0.0,999.0,1,-0.6177223118540497,-0.21394738143905823,-0.6831460380078873,-0.7136434944227391,1307,0.022935627999338078,0.09806387555849744,-4.454217629322501e-05,-0.5912025751641389
12,60,0.0,0,-0.2,999.0,0,-0.5566368019182709,-0.18422788761922693,-0.7694079793865854,-0.4624973862353524,1446,0.14324011252689062,0.14324011252689062,3.238661381069377e-05,-0.5920567466242872
30,120,0.005,1,0.0,999.0,1,-0.6263407439386711,-0.21842182516114694,-0.6686724702380595,-0.7886694776870513,1080,0.020651994042694025,0.08240939930498097,-0.00011449883829939064,-0.5921915341645293
12,96,0.0,0,0.0,999.0,0,-0.5869163361073166,-0.1985472542063894,-0.7258911610171719,-0.6172754857784751,1421,0.10842296872414364,0.10842296872414364,3.81667901541952e-06,-0.5923566090038991
20,120,0.0025,0,-0.2,0.75,0,-0.6165381358714349,-0.21333851756536926,-0.6705978188354624,-0.8786667541224369,923,0.08240939930498097,0.08240939930498097,-0.00014753283114622896,-0.5925707646892223
48,96,0.0025,0,0.0,1.5,0,-0.6117851261063902,-0.21090876839673434,-0.6871687578648673,-0.7919562177840795,1233,0.09081581995697502,0.09081581995697502,-6.630528892959281e-05,-0.594090958218372
48,120,0.005,1,-0.2,999.0,1,-0.6364829567583485,-0.2237875827904131,-0.6752804885339151,-0.6635108166470703,1236,0.03283137514479563,0.11795465828231011,-5.1226398334860905e-05,-0.5946033678897242
30,120,0.0025,0,-0.2,0.75,0,-0.6193926152421976,-0.21480860413082326,-0.6730498794411636,-0.8793995394187424,929,0.08343537977825584,0.08343537977825584,-0.00014685511493237415,-0.5953035208223422
12,120,0.0025,1,0.0,999.0,1,-0.6304062516699301,-0.22055941920976352,-0.6723069765923962,-0.7760581805739561,1143,0.020254840311103757,0.08717524408406421,-9.783805308763006e-05,-0.5955158165346593
30,120,0.0025,0,-0.2,1.5,0,-0.6165267757444741,-0.21333268339640976,-0.7003716334726868,-0.6425308058437849,1353,0.13056428926030117,0.13056428926030117,-2.036165505883264e-05,-0.5956450404249424
48,96,0.0,0,-0.2,1.5,0,-0.6174107653527436,-0.21378705769169026,-0.7022499900845103,-0.6285893000099152,1400,0.13552871090517954,0.13552871090517954,-1.2822791579748135e-05,-0.5963415177344411
48,200,0.005,0,0.0,0.75,1,-0.6189162836306473,-0.21456271516975767,-0.7016924843822503,-0.6302835012460737,1415,0.026675492305146452,0.10286281648187987,-1.6297760383080793e-05,-0.5969231324231865
30,96,0.0,1,0.0,999.0,1,-0.6310025125046479,-0.22087440604392183,-0.6745556195462499,-0.7842016264005707,1145,0.018666225384742677,0.08710905179546582,-9.890996822346135e-05,-0.5973622971370753
12,96,0.005,0,-0.2,999.0,0,-0.617540512167366,-0.21385381430453676,-0.7101364837945519,-0.5688099991875053,1438,0.14605328479232169,0.14605328479232169,-1.340513312099363e-06,-0.5973625561611879
48,60,0.0,1,0.0,999.0,1,-0.6326818116213861,-0.2217635851059956,-0.6716857817398005,-0.799796928113068,1087,0.01704451431408241,0.0829058414694688,-0.0001186484630325137,-0.5975963223815492
20,96,0.0025,1,0.0,999.0,1,-0.6347011665937325,-0.2228368664868542,-0.6695568712494447,-0.8004044304798966,1090,0.01863312924044349,0.08310441833526394,-0.00011942886912534989,-0.5976355236355715
30,200,0.0,1,0.0,999.0,1,-0.6198872150318674,-0.21506416763306557,-0.6944415737385687,-0.7107298909958264,1372,0.022571570412046996,0.10266423961608473,-3.301115507294313e-05,-0.5978214490521413
20,200,0.0,1,0.0,999.0,1,-0.6207130393965039,-0.21549143357138456,-0.6935751153129783,-0.7136685293025486,1351,0.02243918583485024,0.10127420155551878,-3.771514126862325e-05,-0.5979624176930012
12,60,0.0025,1,-999.0,0.75,1,-0.6162144507900993,-0.2131723348086232,-0.6867960088204853,-0.8285332922397443,479,0.02329968558662916,0.09491974185007447,-0.0002011344312811505,-0.5979970038308531
12,120,0.0025,0,-0.2,1.5,0,-0.6026911199272409,-0.20632136622685615,-0.7190008230072819,-0.6457809101872483,1318,0.12510342545093497,0.12510342545093497,-2.0098868311655315e-05,-0.5981108232398594
12,200,0.0025,1,0.0,999.0,1,-0.6348780203395232,-0.22293107538539714,-0.6746100393359664,-0.7580574829744121,1278,0.021909647526063215,0.09624358762204203,-6.645941816529243e-05,-0.598138969202101
20,120,0.0,1,0.0,999.0,1,-0.6333573824966054,-0.22212215562468873,-0.6745094075649574,-0.7784881574494046,1190,0.019559821280820785,0.09031937779248718,-8.820059398425125e-05,-0.5983012672796376
30,200,0.005,1,-0.2,999.0,1,-0.6417380767000488,-0.22661207408430695,-0.6789240674004522,-0.654476838874227,1387,0.035644547410226705,0.1307628661260963,-2.852735881464009e-05,-0.5987979497282444
30,96,0.0025,1,0.0,999.0,1,-0.6353011689932029,-0.22315662298193628,-0.6729872821251806,-0.8032280744950897,1090,0.01893099453913619,0.08320370676816151,-0.00012008445486507545,-0.5998116677692811
48,200,0.0,0,0.0,999.0,0,-0.6291373867759489,-0.21989038149117357,-0.7100001985990111,-0.5576587473699548,1761,0.1368856528214463,0.1368856528214463,3.39922644979453e-05,-0.602773418159177
12,200,0.0025,0,-0.2,1.5,0,-0.6290034747671951,-0.21981987351239085,-0.703389926080062,-0.6372805337485864,1472,0.14244580506371007,0.14244580506371007,-9.312495159154837e-06,-0.6033788632398511
30,200,0.005,0,0.0,999.0,0,-0.6340512283513282,-0.22249094184079066,-0.6977597547780048,-0.650099010427801,1593,0.12391196425616416,0.12391196425616416,1.6698992305702527e-06,-0.6038757697511831
12,96,0.005,1,0.0,999.0,1,-0.6253649310362001,-0.217911351322422,-0.6939446642232696,-0.7896449918089299,1064,0.02061889789839484,0.08105245738871421,-0.00011902585767233579,-0.6043659330245033
20,200,0.0025,1,0.0,999.0,1,-0.6330992469298025,-0.221985087440553,-0.6899282855408153,-0.7525439103718007,1287,0.022737051133542942,0.09654145292073474,-6.292499326893894e-05,-0.6045764257295507
20,60,0.0,0,0.0,0.75,1,-0.6361079611059153,-0.22358720521542086,-0.6829287633316505,-0.8149528703281447,1176,0.020354128744001325,0.08522257157041205,-0.00010242873315027915,-0.6057992303976534
30,60,0.0025,1,-999.0,0.75,1,-0.6243304409987289,-0.21737126922153316,-0.6908466905869686,-0.8674367304930092,463,0.021446301505874565,0.09008770478239285,-0.00022424444688656057,-0.6061664510396679
12,60,0.0,0,-0.2,0.75,1,-0.6443091115370667,-0.2280052667517849,-0.6891057922019292,-0.6835979292931892,1334,0.029356279993380772,0.119510177064372,-4.323021191389054e-05,-0.606738059317409
20,200,0.005,1,-0.2,999.0,1,-0.6491371181937906,-0.23064199849697187,-0.6855551213680737,-0.6719115218883915,1361,0.03557835512162833,0.12897567433394008,-3.766728843638464e-05,-0.6070151352754283
20,120,0.0025,0,-0.2,1.5,0,-0.6200007989558707,-0.21512289251167938,-0.7183837789194757,-0.6577251253123916,1341,0.12831375144795631,0.12831375144795631,-2.537809451639899e-05,-0.6072010382370367
48,60,0.005,0,0.0,999.0,0,-0.6399783846030873,-0.22566284652874047,-0.6883418411022174,-0.750008150059607,1311,0.10104252854542446,0.10104252854542446,-6.018598215788021e-05,-0.6073341745828296
20,120,0.0025,1,0.0,999.0,1,-0.6430532375576248,-0.22732379379097978,-0.6799382915468596,-0.8123105046253621,1129,0.019526725136521594,0.0859837828892934,-0.00011571246281586324,-0.6079084647956776
20,60,0.005,1,-0.2,999.0,1,-0.6499957865935774,-0.2311137901309056,-0.6814148336554685,-0.7349428337332936,1061,0.027966241932814828,0.10309448949197418,-0.00010378510665958454,-0.6085683486453046
20,200,0.0025,0,-0.2,1.5,0,-0.6362837103099621,-0.22368109688565418,-0.7065641279287735,-0.6411190857582381,1493,0.14529207347344034,0.14529207347344034,-1.0018805430115928e-05,-0.6090191151379528
48,60,0.0025,1,-999.0,999.0,1,-0.6420292526957183,-0.22676947946815862,-0.7127675146160865,-0.5216476953733441,657,0.057554194936289924,0.1911302333278173,-7.075636106302328e-05,-0.609235621544869
48,60,0.0025,1,-999.0,0.75,1,-0.6215237691161993,-0.21591156875808837,-0.7030264165509823,-0.8495679121230283,470,0.023365877875227536,0.09273539632632798,-0.00021305471460759118,-0.6099031726397309
48,60,0.0025,1,0.0,999.0,1,-0.645245390136833,-0.22851449275525526,-0.6812840434387635,-0.8404370672352711,1035,0.017309283468475923,0.07919907330795962,-0.00015048597975069722,-0.6111783678364006
20,60,0.0025,0,-0.2,999.0,0,-0.6101534907739312,-0.21007981514436325,-0.7469148390127377,-0.5596821654596014,1391,0.14042694026145955,0.14042694026145955,-3.152625276351613e-06,-0.6115213429237122
20,200,0.0025,0,0.0,1.5,0,-0.6293880385217874,-0.22002240713540056,-0.7051936699176995,-0.788752417737655,1376,0.10110872083402284,0.10110872083402284,-4.688209806538884e-05,-0.612056862981133
48,200,0.0,0,-0.2,999.0,0,-0.6397856441290244,-0.22555908837230965,-0.728946221709629,-0.4492314147992722,1892,0.1966572894257819,0.1966572894257819,4.37353428458075e-05,-0.6124937699670877
12,200,0.005,1,-0.2,999.0,1,-0.6543937110867037,-0.23354390728566843,-0.6902661033497541,-0.6855562805530527,1351,0.0347509515141486,0.12821446301505873,-4.3228203386785786e-05,-0.6129547729881981
48,200,0.0025,1,-0.2,999.0,1,-0.6557183312377576,-0.23428038023544473,-0.6920095072625102,-0.6639293494677009,1514,0.03468475922555023,0.1411219592917425,-1.8553283680780625e-05,-0.6134816013400849
30,60,0.0,1,-0.2,999.0,1,-0.6543420672417102,-0.23351523681502206,-0.688467491162981,-0.7281966950942417,1158,0.026013569419162667,0.11265927519443984,-8.250137361379355e-05,-0.6141588171512246
48,200,0.0025,0,0.0,999.0,0,-0.6428846913044439,-0.2272324726612608,-0.7161492437981773,-0.5943157981459297,1696,0.13198742346516631,0.13198742346516631,1.657456131637731e-05,-0.615022884467646
48,96,0.0025,0,-0.2,1.5,0,-0.6402441682177431,-0.2258059943915819,-0.7101861674563958,-0.6910766157123572,1352,0.13033261625020684,0.13033261625020684,-3.61707248202904e-05,-0.6154529089053977
48,120,0.0,0,0.0,1.5,0,-0.6349028331500646,-0.2229442957526354,-0.705964566126555,-0.8025941284223765,1340,0.09948700976336257,0.09948700976336257,-5.859137522727445e-05,-0.6160562852370317
12,96,0.0,1,0.0,999.0,1,-0.6452648172613962,-0.2285250695017842,-0.6940935309096568,-0.812660375322605,1173,0.01939434055932484,0.08922720503061393,-0.00010505156591602801,-0.6162048537227428
12,60,0.005,0,0.0,0.75,1,-0.6445382083877228,-0.22812977568856418,-0.6894095640726808,-0.8801161084499538,1076,0.019791494290915108,0.0759225550223399,-0.00015193678335167224,-0.6168403631474022
48,120,0.0,0,-0.2,1.5,0,-0.641954856565157,-0.22672925290756651,-0.7159732565631878,-0.6576747590238854,1450,0.14185007446632467,0.14185007446632467,-1.93337403590707e-05,-0.6175996191403547
30,96,0.005,1,-0.2,999.0,1,-0.6571179071395281,-0.23506083923061227,-0.692867974658609,-0.735380850896672,1148,0.03008439516796293,0.11044183352639418,-8.809479013671433e-05,-0.6182638691047504
12,200,0.0025,0,0.0,1.5,0,-0.6401545669861451,-0.2257577273885305,-0.7022048594742052,-0.8319888304257516,1350,0.09935462518616581,0.09935462518616581,-6.329757194227334e-05,-0.6184595986469207
12,60,0.0025,0,-0.2,999.0,0,-0.603809565787188,-0.2068812850644961,-0.7677215362779024,-0.5639426839431375,1399,0.13761376799602845,0.13761376799602845,-4.3182227489712664e-07,-0.6189391874006042
12,96,0.0025,0,0.0,999.0,0,-0.6331350978650322,-0.22200411971305611,-0.7202011734397903,-0.7380158814706083,1367,0.10402118153235149,0.10402118153235149,-4.408934288264266e-05,-0.6190055005064816
48,200,0.0,0,0.0,0.75,1,-0.6450273690680548,-0.22839582489744126,-0.7142321884895262,-0.6705438833562071,1569,0.027933145788515638,0.11385073638921066,-1.0719269439597351e-05,-0.6190391133100147
12,96,0.0025,1,-999.0,0.75,1,-0.6331167189839313,-0.22199436269792905,-0.7083926552302767,-0.8600375998430249,499,0.025814992553367534,0.10134039384411717,-0.00019869099745012695,-0.6191925703052186
20,96,0.0025,1,-999.0,0.75,1,-0.6316808528531987,-0.22123321734888468,-0.709859237927053,-0.862778176076208,489,0.024623531358596722,0.09889127916597716,-0.00020453323618559947,-0.6193017451162216
48,120,0.0025,0,0.0,1.5,0,-0.6395772179769148,-0.2254469329578036,-0.7096648691251055,-0.828295500404872,1287,0.09548237630316068,0.09548237630316068,-7.601368258621161e-05,-0.6216941425406
30,60,0.0025,1,-0.2,999.0,1,-0.6644273517126396,-0.23917613699968376,-0.6899126254162496,-0.7612764051075127,1093,0.02641072315075294,0.10696673837497932,-0.00010701316780711697,-0.6221962699631842
20,60,0.0025,1,-999.0,0.75,1,-0.6388528682959924,-0.22505753357884706,-0.7047740886069471,-0.9016838150959625,468,0.02171107066026808,0.09167631970875394,-0.00023315720751223564,-0.6225287686371187
48,200,0.0,1,-0.2,999.0,1,-0.6642777076966861,-0.23909121518257193,-0.7042083115715783,-0.6766929310664433,1590,0.03398974019526725,0.14777428429587952,-1.4130437955593234e-05,-0.6250300175216832
12,120,0.0,0,0.0,999.0,0,-0.6456255746866337,-0.22872155630260638,-0.7193823470990863,-0.7363937911449745,1481,0.11345358265762039,0.11345358265762039,-3.062648038416845e-05,-0.6252324194093982
20,200,0.005,0,0.0,999.0,0,-0.660149034591973,-0.2367593383820813,-0.7048355997784296,-0.7221588809014728,1564,0.12136356114512659,0.12136356114512659,-2.363103039726157e-05,-0.6252850823163697
30,60,0.0,0,0.0,0.75,1,-0.654162114472745,-0.2334153597587726,-0.7008363638356825,-0.8543155474502643,1191,0.02091676319708754,0.08724143637266259,-0.00011553462739913855,-0.626549319049127
48,96,0.0,1,0.0,999.0,1,-0.6595396736075405,-0.23641697217148827,-0.6962835737360291,-0.8562306422044655,1173,0.019824590435214298,0.08873076286612609,-0.0001215129164424719,-0.6273702911497261
48,120,0.0025,0,-0.2,1.5,0,-0.6521505293037653,-0.23230153665427655,-0.7225727815503522,-0.6912692415529818,1402,0.1365877875227536,0.1365877875227536,-3.390493201483423e-05,-0.6281513895071017
30,60,0.0,0,-0.2,0.75,1,-0.6626890041186465,-0.23819138340060386,-0.7088610951183383,-0.7125640838160191,1324,0.030349164322356445,0.12374648353466822,-5.563876172699023e-05,-0.6282501351505739
20,120,0.0,0,0.0,999.0,0,-0.6464895289718251,-0.22919271994262924,-0.7315953517191072,-0.7188705987622179,1503,0.11626675492305147,0.11626675492305147,-2.540226364320456e-05,-0.6309339257402937
12,96,0.0025,1,0.0,999.0,1,-0.664814874250051,-0.23939618505814975,-0.6976253842246388,-0.8772814991600733,1111,0.019526725136521594,0.08452755254012907,-0.00014649425701999459,-0.6320729521284729
48,200,0.0,0,-0.2,0.75,1,-0.6712972367202845,-0.2431056784525334,-0.7191595777111517,-0.590270358729401,1762,0.04004633460201887,0.16256826079761708,1.0481866845652196e-05,-0.6321989852445793
20,120,0.005,1,-0.2,999.0,1,-0.6702977375595123,-0.24253016581651043,-0.7046736305818335,-0.7576789019070974,1188,0.031209664074135363,0.11408240939930499,-8.968915857910224e-05,-0.6327509262027821
20,60,0.0,0,-0.2,0.75,1,-0.6661124232167881,-0.24013436728683435,-0.7144143663463554,-0.7271139875720732,1326,0.02981962601356942,0.1210325997021347,-6.008635323509128e-05,-0.6336972498386156
48,120,0.0025,1,-0.2,999.0,1,-0.6725394555188103,-0.24382278062419782,-0.706450073180303,-0.7350019783613619,1291,0.031772298527221576,0.12311765679298362,-6.818311863918799e-05,-0.6337979161324174
30,120,0.0,1,0.0,999.0,1,-0.6654575601393378,-0.23976154406892636,-0.7015627772412307,-0.8660622847103397,1181,0.019559821280820785,0.08978983948370015,-0.00012438069843209647,-0.6338460469250587
20,96,0.005,1,-0.2,999.0,1,-0.6718741302273672,-0.24343845167617106,-0.703490276769116,-0.77450339935824,1131,0.029918914446466986,0.10987919907330795,-0.0001045545069046434,-0.633908760028641
12,200,0.005,0,0.0,999.0,0,-0.6702031576685015,-0.24247577438808776,-0.7088196112362508,-0.7690377147027996,1536,0.11907992718848254,0.11907992718848254,-3.860671499533645e-05,-0.6353374657413532
48,60,0.005,1,-0.2,999.0,1,-0.6723583251566918,-0.24371809169083591,-0.7077986415865649,-0.7883762487180281,1081,0.028032434221413206,0.10481548899553202,-0.00011937781003291351,-0.6370362249200198
30,96,0.0,0,0.0,999.0,0,-0.653096843951331,-0.2328249118688006,-0.7356556279302411,-0.735366147553551,1466,0.11355287109051795,0.11355287109051795,-3.693442212098736e-05,-0.6374210332115987
48,96,0.0025,1,0.0,999.0,1,-0.6694855365810295,-0.2420634621283012,-0.703639211891083,-0.8926834355878634,1115,0.019890782723812676,0.08469303326162501,-0.00015114236733797218,-0.6385172398532359
12,60,0.0025,0,0.0,0.75,1,-0.6642713477300295,-0.23908760657957062,-0.7066517107538823,-0.9273704784448363,1123,0.01846764851894754,0.0795631308952507,-0.00015801132964739895,-0.6387819858787536
48,96,0.005,0,0.0,999.0,0,-0.6683652032037062,-0.24142110946251472,-0.7165968016829052,-0.7853064017121387,1421,0.1106404103921893,0.1106404103921893,-5.929759525481016e-05,-0.6389848303895742
48,200,0.0025,0,-0.2,999.0,0,-0.6647228283266631,-0.23934390108839954,-0.7495178566254646,-0.5027895500221633,1831,0.19000496442164488,0.19000496442164488,2.6647347864028738e-05,-0.6392423069022399
48,200,0.005,0,-0.2,1.5,1,-0.6618541299993532,-0.23771978882909206,-0.764201754101732,-0.4019955699664212,2309,0.06000330961442992,0.23554525897732914,6.711594216138637e-05,-0.6399204443782791
48,96,0.005,1,-0.2,999.0,1,-0.6772388234443727,-0.24655420074999101,-0.7102537308114916,-0.7816620974206419,1183,0.03154062551712725,0.11295714049313255,-9.820484770492847e-05,-0.6407641710267689
12,60,0.005,1,-0.2,999.0,1,-0.6780251542235489,-0.24701414787280696,-0.7086613670888563,-0.8002744390527461,1099,0.029323183849081582,0.10623862320039715,-0.00012009630304036117,-0.6413585533698725
30,120,0.0025,1,0.0,999.0,1,-0.6722616847099915,-0.24366225361732607,-0.7061284870619651,-0.8946322366344054,1123,0.019626013569419162,0.0856859175906007,-0.00015047282837387394,-0.6414581089800289
48,120,0.0,1,-0.2,999.0,1,-0.6794854392533515,-0.24787054867789116,-0.7134128277459156,-0.7455127007882013,1357,0.03154062551712725,0.12877709746814497,-6.150334633397986e-05,-0.6418525975902591
20,60,0.005,0,0.0,0.75,1,-0.6672532770245441,-0.24078518362264456,-0.7110562357320981,-0.929604384699232,1071,0.02005626344530862,0.07737878537150422,-0.0001766820660634077,-0.6427935207236553
30,120,0.005,1,-0.2,999.0,1,-0.6807235327802501,-0.2485989370344731,-0.7133819928287879,-0.78690692803515,1190,0.031110375641237795,0.11391692867780903,-9.910345238477388e-05,-0.6446352798506245
30,120,0.005,0,0.0,999.0,0,-0.6731345144377124,-0.24416701603097457,-0.7209577931078113,-0.802240032287011,1426,0.1110044679794804,0.1110044679794804,-6.313022642046101e-05,-0.6447579141992308
20,60,0.0,1,-0.2,999.0,1,-0.6805551962741009,-0.24849977799127265,-0.7153921915941185,-0.7884970693555435,1180,0.026476915439351316,0.11365215952341552,-0.00010086496317856252,-0.6456207272561091
20,120,0.0025,0,0.0,999.0,0,-0.6744571227305649,-0.2449338170726575,-0.7234750556180753,-0.8043157813968116,1446,0.11179877544266092,0.11179877544266092,-6.0768898635734624e-05,-0.6468871339515357
12,120,0.005,0,-0.2,999.0,0,-0.6729328750551533,-0.24405031715560066,-0.7405320427159424,-0.6751218216095438,1497,0.1525070329306636,0.1525070329306636,-2.7207505721781942e-05,-0.6480724295940491
12,96,0.0,0,0.0,0.75,1,-0.6730188231058135,-0.24410005302817928,-0.7180029926195695,-0.9015944426648083,1259,0.022273705113354293,0.09131226212146284,-0.00011781899838412094,-0.6481812714712044
30,96,0.0025,0,0.0,999.0,0,-0.6767192868022123,-0.24625076972930093,-0.7238405354713124,-0.8099165865663434,1413,0.10938275690882013,0.10938275690882013,-6.916363966590259e-05,-0.6486668667932743
48,120,0.005,0,0.0,999.0,0,-0.6803153365790744,-0.2483585556844914,-0.7228813532611209,-0.786582570059625,1475,0.11547244745987092,0.11547244745987092,-5.6551475124326826e-05,-0.649128360818033
30,200,0.0025,1,-0.2,999.0,1,-0.6874875588756332,-0.25261613358843493,-0.7189304488611341,-0.7495997848165445,1459,0.0344530862154559,0.13705113354294224,-4.999609540359667e-05,-0.6495613472598292
12,120,0.005,1,-0.2,999.0,1,-0.6848343135582362,-0.2510326582382766,-0.7190417132383566,-0.7936149672209504,1199,0.03210325997021347,0.1152407744497766,-9.995512605348861e-05,-0.6502342632185024
20,96,0.0,0,0.0,999.0,0,-0.6769215489943959,-0.2463688557810052,-0.7261812095535445,-0.8157804873678817,1438,0.11030944894919742,0.11030944894919742,-6.55643547980749e-05,-0.6502484849261715
30,200,0.0,0,0.0,999.0,0,-0.6775592575399798,-0.24674153019879652,-0.7358686142970265,-0.7311342946936072,1716,0.13304650008274035,0.13304650008274035,-1.2350654667087566e-05,-0.6512325520819902
12,96,0.0,0,-0.2,999.0,0,-0.6557074994458016,-0.2342743492817102,-0.7748261814491866,-0.6215989202953317,1531,0.15568426278338574,0.15568426278338574,-1.0711160262893052e-05,-0.6527673860210701
30,200,0.0,0,0.0,0.75,1,-0.6831282045004741,-0.2500197121407022,-0.7235748061043259,-0.8355164804270653,1526,0.027668376634122124,0.11060731424789012,-5.834773748731899e-05,-0.6535829392142184
48,200,0.005,0,-0.2,0.75,1,-0.6815956193903219,-0.24911327024738328,-0.7462866042306239,-0.637194669011665,1589,0.0387224888300513,0.14754261128578522,-1.7928121149917154e-05,-0.6541163058132784
20,96,0.0,0,0.0,0.75,1,-0.6802461584128621,-0.24831784038144444,-0.7246531043317297,-0.9007212623009334,1279,0.021843455237464834,0.09326493463511501,-0.0001175965616261724,-0.655680455662356
20,96,0.0,0,-0.2,0.75,1,-0.6875009525607114,-0.2526241525549525,-0.7322971205532602,-0.7481002615652368,1414,0.03154062551712725,0.13175575045507198,-5.744689432876981e-05,-0.6561777259098445
48,200,0.0025,0,0.0,0.75,1,-0.6766116316214011,-0.24618794035256508,-0.7461888970040306,-0.7580129289057917,1489,0.026212146284957803,0.10835677643554525,-5.328217155576752e-05,-0.65718303529987
30,200,0.005,0,-0.2,999.0,0,-0.6878470982673541,-0.25283148374249864,-0.7473870975255339,-0.6198130308397859,1716,0.1786198907827238,0.1786198907827238,-3.065279911996669e-06,-0.6575156840472549
30,60,0.005,0,0.0,0.75,1,-0.6799616780913426,-0.24815047683984437,-0.7240988773491372,-0.9557766051072044,1089,0.02048651332119808,0.0795962270395499,-0.0001829894840454558,-0.6579887457697732
12,120,0.0025,0,0.0,999.0,0,-0.6840652916726375,-0.2505755692470464,-0.730115790036841,-0.8534476140875059,1424,0.10891941088863147,0.10891941088863147,-7.709478217569679e-05,-0.6583058449698421
30,200,0.0,1,-0.2,999.0,1,-0.6935892322113884,-0.25629626616646184,-0.7286020908905617,-0.7573925497620686,1535,0.03405593248386563,0.1435379778255833,-4.277549718139422e-05,-0.6584669390998461
20,60,0.0025,1,-0.2,999.0,1,-0.6950490271186256,-0.25718485269230607,-0.7214381162571448,-0.8369279723464369,1115,0.026774780738044016,0.10786033427105743,-0.0001314881228573131,-0.6597503094382003
30,96,0.005,0,-0.2,999.0,0,-0.6861617057552754,-0.25182360072044974,-0.751026700898406,-0.6790295244704347,1479,0.15300347509515141,0.15300347509515141,-3.514128934239141e-05,-0.6612884273931745
30,96,0.0025,1,-0.2,999.0,1,-0.6967533531855403,-0.2582263308188667,-0.7274063746144822,-0.8241746167039051,1196,0.029157703127585637,0.11474433228528877,-0.0001117688365486925,-0.663138248961303
20,120,0.005,0,-0.2,999.0,0,-0.6879906491581721,-0.25291751710288113,-0.7538723364851956,-0.6827030634182939,1519,0.15634618566936953,0.15634618566936953,-3.132286316429464e-05,-0.6639888385163936
48,60,0.0,0,0.0,0.75,1,-0.6866317294427706,-0.2521042711704965,-0.7327749766434731,-0.9183400284456641,1238,0.02091676319708754,0.09108058911136853,-0.00013508550393020812,-0.6644087609145162
48,60,0.0,0,0.0,999.0,0,-0.6919673458412339,-0.25531272749553113,-0.732726733724442,-0.858242418761639,1403,0.10802581499255337,0.10802581499255337,-8.70204673748785e-05,-0.6645882152958341
30,96,0.0,1,-0.2,999.0,1,-0.6977171682742402,-0.25881724185028787,-0.7327360245296964,-0.8189146512692985,1262,0.028826741684593746,0.12023829223895416,-9.767780499960298e-05,-0.666130986678601
30,200,0.005,0,0.0,0.75,1,-0.6936853251035393,-0.25635466083446423,-0.7319766215384279,-0.892166405962065,1384,0.02641072315075294,0.10041370180373986,-0.00010158544292355452,-0.6669512919017814
20,200,0.0,0,0.0,999.0,0,-0.6971796409087698,-0.25848751214770094,-0.7383291572114834,-0.7940281906351823,1678,0.1299023663743174,0.1299023663743174,-3.468988113756129e-05,-0.6673535002852018
48,60,0.0,0,-0.2,0.75,1,-0.6959963502085909,-0.25776320183669643,-0.7433611969977958,-0.7710808321153141,1379,0.030680125765348336,0.12884328975674333,-7.041651821603894e-05,-0.66799784194136
20,200,0.0,1,-0.2,999.0,1,-0.7009444608116202,-0.26080622201032133,-0.7376641431210609,-0.7772993815205198,1505,0.03365877875227536,0.1414860168790336,-5.264378888771908e-05,-0.6685032626468778
12,200,0.0,0,0.0,0.75,1,-0.695996787956546,-0.25776346939779915,-0.7340294625262247,-0.8750913129552362,1477,0.0259142809862651,0.10752937282806553,-8.06475361574011e-05,-0.6685327663086733
12,60,0.0025,0,-0.2,0.75,1,-0.70051625979091,-0.26054139874856963,-0.7330910782088207,-0.8463624590394205,1270,0.027966241932814828,0.11368525566771472,-0.00010684680787286255,-0.669405060804951
20,96,0.0,1,-0.2,999.0,1,-0.7015504863719473,-0.26118150810350393,-0.7334585734717154,-0.8303288103666043,1247,0.028330299520105906,0.12020519609465498,-0.0001033608423207531,-0.6694272353576919
20,200,0.0025,1,-0.2,999.0,1,-0.7043936117399148,-0.2629498020317437,-0.7341355289308986,-0.7952699897726118,1429,0.03402283633956644,0.13483369187489658,-6.82614053113859e-05,-0.6697810659858235
12,60,0.005,0,-0.2,0.75,1,-0.7001800003398242,-0.2603336361567017,-0.7327913936667858,-0.8630124624873534,1214,0.029356279993380772,0.1088532186000331,-0.00012152323469551521,-0.6698799561144623
12,96,0.005,1,-0.2,999.0,1,-0.703050147283272,-0.26211264704756887,-0.7329428556192903,-0.8534920835621067,1157,0.031242760218434553,0.11153400628826741,-0.0001281978100746163,-0.6712586790353193
12,200,0.0025,1,-0.2,999.0,1,-0.7056277728522311,-0.2637213639825077,-0.735245517092086,-0.7999327572257416,1419,0.033029952010590766,0.13417176898891278,-7.098866583033449e-05,-0.6713407603898377
48,60,0.0,1,-0.2,999.0,1,-0.7028421918933438,-0.26198331739876046,-0.7384125630892582,-0.8488058159471085,1191,0.02674168459374483,0.1143140824093993,-0.0001195500857275707,-0.673629889740745
30,200,0.0,0,-0.2,0.75,1,-0.710597613465545,-0.2668531320852897,-0.7404480558478166,-0.7340849675906895,1712,0.039582988581830215,0.15800099288432898,-2.6090149733058193e-05,-0.6737814083887325
20,60,0.0025,0,0.0,0.75,1,-0.6941423801841291,-0.25663259668451177,-0.7344056427983594,-1.0027895825420532,1117,0.018831706106238622,0.08085388052291909,-0.0001932629099934709,-0.6739748972107942
12,120,0.0,0,0.0,0.75,1,-0.6970211975650953,-0.25839040366359434,-0.7379740652485725,-0.9527462784899626,1328,0.02283633956644051,0.0960450107562469,-0.00012451457897638582,-0.6750147502123787
20,200,0.0,0,0.0,0.75,1,-0.7002985581576999,-0.26040686881194375,-0.740961088242347,-0.8864678814110786,1494,0.02660930001654807,0.10835677643554525,-8.168681961138235e-05,-0.6752108070036712
20,96,0.0025,0,0.0,999.0,0,-0.7006352078959945,-0.26061493436582683,-0.7408850629992267,-0.8980367145083145,1385,0.1060731424789012,0.1060731424789012,-0.00010175926379702319,-0.6759593015908559
30,200,0.0025,0,0.0,999.0,0,-0.7069312806101414,-0.26453891717117983,-0.7436809241618905,-0.8219770237550258,1651,0.12814827072646037,0.12814827072646037,-4.722324123343997e-05,-0.6774782304398763
20,96,0.0025,1,-0.2,999.0,1,-0.7095180024823682,-0.26616940194287675,-0.7365749452149997,-0.8614840513940244,1181,0.028727453251696178,0.11444646698659607,-0.000126795166680627,-0.6775310771200778
12,96,0.0025,0,-0.2,999.0,0,-0.6934591862489109,-0.25621726042245385,-0.7726057791720236,-0.7238880889840501,1482,0.14985934138672843,0.14985934138672843,-4.3551194801820274e-05,-0.6787145544576682
48,60,0.005,0,-0.2,999.0,0,-0.701090534098683,-0.26089662685713555,-0.7611296063322633,-0.7459699293177353,1419,0.14535826576203872,0.14535826576203872,-5.804111490848237e-05,-0.6787599264891541
48,200,0.0025,0,-0.2,0.75,1,-0.7072044601838661,-0.2647105993358433,-0.762946449030673,-0.6836024870572349,1674,0.038226046665563465,0.15505543604170113,-2.4310996986237947e-05,-0.6803639482040416
48,60,0.0025,1,-0.2,999.0,1,-0.7103673292511181,-0.26670713019282033,-0.7407790896579372,-0.8780796528852266,1129,0.02710574218103591,0.10905179546582823,-0.0001432890780640548,-0.6810006576660502
20,120,0.0025,1,-0.2,999.0,1,-0.7122933723397429,-0.2679309464665792,-0.741375565055016,-0.8557033516412385,1241,0.029985106735065364,0.11881515803408903,-0.00011512651298964216,-0.6814038965761492
20,120,0.0,1,-0.2,999.0,1,-0.7115862496975538,-0.26748092611658936,-0.7446760023119009,-0.8448455573751184,1312,0.030018202879364554,0.12487175244084064,-9.865365672251683e-05,-0.6820612051412958
12,60,0.0,1,-0.2,999.0,1,-0.7102218580217369,-0.2666149452034121,-0.7473048647192748,-0.8612597542937265,1224,0.027602184345523747,0.11775608141651497,-0.00011766846526325877,-0.6833303652777358
30,200,0.0,0,-0.2,999.0,0,-0.7103313039195034,-0.26668429773908686,-0.7689729506238274,-0.6483744946986417,1841,0.1911964256164157,0.1911964256164157,-2.681877009684839e-06,-0.6835894977859327
30,120,0.0,0,0.0,999.0,0,-0.7081864920709678,-0.26532875959225766,-0.7503020004420453,-0.8744608896693887,1524,0.11831871586960119,0.11831871586960119,-7.490553118072796e-05,-0.6842028042967497
12,60,0.0025,1,-0.2,999.0,1,-0.7148585605281159,-0.26957045202182595,-0.7410738814604081,-0.8866870795706742,1157,0.027933145788515638,0.11133542942247228,-0.00014039842303585937,-0.6844417467305637
30,60,0.005,0,-0.2,0.75,1,-0.7100094718822285,-0.2664804185742943,-0.7494145061989311,-0.8705413915775161,1207,0.029885818302167796,0.11335429422472282,-0.00012539592156001432,-0.6847147412526358
12,200,0.0,1,-0.2,999.0,1,-0.7151124265544582,-0.26973330754636626,-0.7502103590127882,-0.8153333795411449,1498,0.03283137514479563,0.1411881515803409,-6.490018219607343e-05,-0.6856051560298176
48,200,0.0,0,-0.2,1.5,1,-0.7025112180641788,-0.26177762114173253,-0.8027431241583448,-0.45503079272191627,2555,0.06000330961442992,0.2591759060069502,6.291661394012354e-05,-0.6859007228570007
30,60,0.0025,0,0.0,0.75,1,-0.7037388053780261,-0.26254141607586834,-0.7445968479442988,-1.0219311656763963,1132,0.019427436703624026,0.08277345689227206,-0.00019740992017067087,-0.6859363983318376
12,200,0.005,0,-0.2,999.0,0,-0.714112216030498,-0.26909229931395473,-0.7657353056626933,-0.7114178128174359,1652,0.17127254674830383,0.17127254674830383,-2.92635826400077e-05,-0.6875308427861733
12,120,0.0,0,-0.2,999.0,0,-0.7075199030823549,-0.26490899171623594,-0.7735253474544173,-0.7293682317891709,1594,0.16236968393182194,0.16236968393182194,-3.5563963156476075e-05,-0.6881400770329031
12,200,0.005,0,0.0,0.75,1,-0.7107158714597561,-0.2669281423756211,-0.7477708869986638,-0.947143245033807,1350,0.025285454244580507,0.09809697170279662,-0.00012939720306502867,-0.6881707481266435
20,200,0.005,0,-0.2,999.0,0,-0.7143852435189045,-0.2692671083057635,-0.7698887845041984,-0.6933344155624167,1680,0.17507860334271058,0.17507860334271058,-2.436232495971194e-05,-0.6888782213359835
12,120,0.0025,1,-0.2,999.0,1,-0.718320697625242,-0.27180085468511106,-0.7480019130158954,-0.8708146559819588,1256,0.030713221909647526,0.12027138838325335,-0.0001172588517151237,-0.6893425439921568
12,96,0.005,0,0.0,0.75,1,-0.706474266324261,-0.264251970464078,-0.7469145224305596,-1.0356831552622314,1153,0.02204203210325997,0.08326989905675988,-0.00019620904616476735,-0.6894933894424693
30,60,0.0025,0,-0.2,0.75,1,-0.7158199480197716,-0.270187758708859,-0.7544354323705413,-0.8707210599084954,1258,0.028926030117491314,0.11788846599371174,-0.0001175248246877854,-0.6909415278895544
20,200,0.005,0,0.0,0.75,1,-0.7131858557241233,-0.26850011757571246,-0.7497147819574981,-0.9531941055304219,1362,0.025583319543273208,0.09872579844448122,-0.00012928394570195777,-0.6910172138309826
20,60,0.005,0,-0.2,0.75,1,-0.7153647069804654,-0.2698952537157684,-0.7537542053108098,-0.89471223262743,1204,0.029587953003475095,0.11054112195929175,-0.00013545872682231094,-0.6915079680025449
30,120,0.0,1,-0.2,999.0,1,-0.7201776599714227,-0.27300563879691164,-0.7514677266080472,-0.8724512192637781,1308,0.030018202879364554,0.12420982955485686,-0.00010802671233934738,-0.6923620630641242
48,60,0.005,0,0.0,0.75,1,-0.7093456024240857,-0.26606039545561877,-0.751395012789972,-1.0163225190618792,1135,0.020221744166804567,0.08336918748965745,-0.0002007022614347938,-0.6925740278036987
48,96,0.0,1,-0.2,999.0,1,-0.7209099315892311,-0.2734823794991431,-0.7502541911333752,-0.8801087691310511,1298,0.03061393347674996,0.12281979149429091,-0.00011181714898912067,-0.6926149135223832
12,96,0.0,0,-0.2,0.75,1,-0.719025859711137,-0.272257655680207,-0.7568129208039257,-0.8495482831878349,1404,0.03246731755750455,0.12937282806553035,-8.856760211215008e-05,-0.6931415302415616
48,120,0.005,0,0.0,0.75,1,-0.713230248274332,-0.2685284630625444,-0.7528386140913778,-0.9664464031893586,1263,0.024259473771305645,0.09303326162502068,-0.0001561638324014503,-0.6932700902677013
30,120,0.0025,1,-0.2,999.0,1,-0.7223601448826269,-0.2744293058475631,-0.7498746202559765,-0.8877271262640443,1240,0.030018202879364554,0.11845110044679795,-0.00012581349259780503,-0.6937529722887535
12,200,0.0,0,0.0,999.0,0,-0.7204869001850427,-0.27320685341751605,-0.7544654623579027,-0.8774669991635798,1646,0.12732086711898064,0.12732086711898064,-6.204423381941703e-05,-0.6943129345546465
12,120,0.0,1,-0.2,999.0,1,-0.7194322776802948,-0.2725213220421975,-0.7576402645723664,-0.8625564126058762,1328,0.030680125765348336,0.12679132881019362,-0.00010180809635844906,-0.6944692749586745
20,96,0.005,0,-0.2,999.0,0,-0.7154112202846995,-0.2699251237108382,-0.7712420460828964,-0.7816565058937923,1444,0.14860168790335926,0.14860168790335926,-6.470670817314975e-05,-0.694628972046976
30,96,0.0,0,0.0,0.75,1,-0.7136816339731471,-0.26881686834444474,-0.7539713674385974,-0.9828267897320311,1298,0.02283633956644051,0.09538308787026312,-0.00014815022347648842,-0.694943891550345
20,96,0.005,0,0.0,0.75,1,-0.7122659268043758,-0.26791346437893315,-0.7530716500014754,-1.027694831459405,1180,0.02161178222737051,0.08561972530200232,-0.00019080315254797888,-0.6958340309526411
20,200,0.0,0,-0.2,0.75,1,-0.7266278171343172,-0.27723759292369743,-0.7601565133108821,-0.7787224105599766,1674,0.037994373655469135,0.15482376303160683,-4.305569616325764e-05,-0.6962519701071372
48,60,0.0025,0,0.0,999.0,0,-0.7176257630349956,-0.2713515169722225,-0.7549357386791553,-0.9505205125103284,1351,0.10385570081085553,0.10385570081085553,-0.00012806266344941403,-0.6963454119373166
48,200,0.0025,0,-0.2,1.5,1,-0.7188593517434839,-0.2721497150868315,-0.7996839406268736,-0.4970677378095717,2442,0.05910971371835181,0.24802250537812345,4.960347511764796e-05,-0.6968450722907469
30,96,0.0,0,-0.2,999.0,0,-0.717950766442661,-0.2715615575908512,-0.7797600264468749,-0.7304043185811311,1577,0.16270064537481382,0.16270064537481382,-4.209064237911151e-05,-0.6979617867433452
48,96,0.0025,1,-0.2,999.0,1,-0.7259010798787392,-0.2767570620524432,-0.7530646439295484,-0.9032786894413053,1233,0.03061393347674996,0.11725963925202713,-0.00013216804166392556,-0.6984533184892826
12,200,0.0,0,-0.2,0.75,1,-0.7298233383619184,-0.27936196012758574,-0.7600611220557973,-0.7880856046451372,1657,0.03700148932649346,0.15343372497104088,-4.786538470747262e-05,-0.6987968013877413
20,120,0.0,0,-0.2,999.0,0,-0.7186153689862094,-0.2719916371497235,-0.7812408100005619,-0.7308811110810515,1620,0.16634122124772463,0.16634122124772463,-3.7244999754450766e-05,-0.6991560977040571
12,120,0.0,0,-0.2,0.75,1,-0.7249880354496743,-0.2761546936512038,-0.763395198403436,-0.8489722073283305,1480,0.03306304815488995,0.1359920569253682,-7.861124248679e-05,-0.7003009032193384
20,60,0.0025,0,-0.2,0.75,1,-0.7249997008665263,-0.2761623802864771,-0.7620897026454139,-0.9060244885293383,1261,0.028363395664405096,0.11534006288267416,-0.0001298888678189687,-0.7025084560356509
20,200,0.0025,0,0.0,999.0,0,-0.7274962768193525,-0.27781309066974247,-0.7627245014694958,-0.8950898505240545,1618,0.12513652159523417,0.12513652159523417,-7.322735069736802e-05,-0.703929833930693
48,120,0.0,0,0.0,0.75,1,-0.7252168729188598,-0.2763055250441516,-0.7627038611383131,-0.9787859425401443,1382,0.025219261955982127,0.1021347013072977,-0.00013446502208569588,-0.7065967527403153
48,96,0.0,0,0.0,999.0,0,-0.7288306820649544,-0.2787000394282725,-0.7677295069583523,-0.9340810898010861,1518,0.1179877544266093,0.1179877544266093,-9.628839157180512e-05,-0.709268847397503
12,120,0.005,0,0.0,0.75,1,-0.7236438444995785,-0.2752706047247587,-0.7618138942938273,-1.0707110423812192,1217,0.022571570412046996,0.08770478239285123,-0.0001949393673340653,-0.7097131039907333
30,200,0.0025,0,0.0,0.75,1,-0.7294001648401338,-0.2790795580032486,-0.7632268775395525,-0.9920064411730304,1451,0.025748800264769153,0.10531193116001986,-0.00012435056181138492,-0.7102933188316763
30,96,0.0,0,-0.2,0.75,1,-0.7348088908310332,-0.2827142659610551,-0.7733084475375672,-0.8511080041289978,1448,0.03299685586629158,0.13499917259639252,-8.947909989319444e-05,-0.7119238899362885
48,60,0.0,0,-0.2,999.0,0,-0.7292638303795973,-0.2789886465939272,-0.787042313634138,-0.7902081430053713,1515,0.15502233989740194,0.15502233989740194,-6.243067031219465e-05,-0.7120202105612647
30,60,0.005,0,-0.2,1.5,1,-0.7175677521561985,-0.2713140452260121,-0.8181142138433867,-0.6704069537888004,1743,0.04736058249213967,0.17478073804401786,-1.7515802028162078e-05,-0.7138914998371454
30,120,0.0025,0,0.0,999.0,0,-0.7321792045747814,-0.2809402227872877,-0.7707812632442403,-0.9641344964759153,1467,0.11388383253350985,0.11388383253350985,-0.000112521703684244,-0.7145375792332036
12,96,0.0025,1,-0.2,999.0,1,-0.739813950465003,-0.2861275541199352,-0.7651749178405264,-0.9474708378150418,1211,0.029985106735065364,0.11636604335594904,-0.00015119843454296916,-0.7160885549309505
12,96,0.0025,0,0.0,0.75,1,-0.7282458812097969,-0.27831093378621374,-0.7656865717557163,-1.1003351559238992,1198,0.020718186331292403,0.08677809035247394,-0.00020824284134701487,-0.7161709774602668
12,96,0.0,1,-0.2,999.0,1,-0.7373616468915798,-0.28444907022304244,-0.7711246201811048,-0.92734348363898,1280,0.02978652986927023,0.12272050306139334,-0.0001304449636245322,-0.7163785544955439
20,96,0.0025,0,0.0,0.75,1,-0.7303314805747882,-0.2797015040425387,-0.7685751923341371,-1.0800392861542905,1220,0.020387224888300512,0.08876385901042529,-0.00019996362867799887,-0.7179910645173218
30,200,0.005,0,-0.2,0.75,1,-0.7424600296783314,-0.28795202365207395,-0.7747904189485455,-0.8546389680567138,1549,0.03819295052126427,0.14396822770147277,-7.730179246250177e-05,-0.7180791815291824
48,96,0.005,0,-0.2,999.0,0,-0.7366592928957703,-0.2839705078735639,-0.7910141659829191,-0.7913393160204418,1538,0.15939103094489493,0.15939103094489493,-6.22328140861525e-05,-0.7190445566660455
20,96,0.005,0,-0.2,0.75,1,-0.7354666727681611,-0.28316008055613906,-0.7804622575782991,-0.9158648859373199,1297,0.03134204865133212,0.12136356114512659,-0.00012702699181389585,-0.7191844536421547
20,200,0.0,0,-0.2,999.0,0,-0.7388570507072825,-0.28547119704249424,-0.7946418733274188,-0.7315222347124998,1797,0.1869270230018203,0.1869270230018203,-2.604024846382928e-05,-0.7193682454418286
48,60,0.0025,0,0.0,0.75,1,-0.7312719177463392,-0.2803311776041798,-0.7701492149823821,-1.08197971691982,1179,0.01939434055932484,0.0865795134866788,-0.0002140576076444545,-0.7195047709413619
30,120,0.0,0,0.0,0.75,1,-0.7341305195773783,-0.28225536432164144,-0.7715427563523694,-1.037688839870906,1341,0.024491146781399967,0.09882508687737879,-0.0001595000299227536,-0.7199111844913715
12,120,0.0025,0,-0.2,999.0,0,-0.7364342763282168,-0.28381739091536895,-0.7901663385367748,-0.8222172468192522,1542,0.15631308952507034,0.15631308952507034,-6.57960656136807e-05,-0.720011422524719
48,96,0.0025,0,0.0,999.0,0,-0.7374333277655787,-0.2844979652918911,-0.7750483202103322,-0.9749732104683134,1462,0.11361906337911633,0.11361906337911633,-0.00011873646541582869,-0.7207707859204728
20,120,0.0,0,0.0,0.75,1,-0.7363254806311517,-0.2837433938821159,-0.7719656891752358,-1.05373759320246,1335,0.02396160847261294,0.09769981797120636,-0.00016590172855156135,-0.7224131181298568
20,96,0.0025,0,-0.2,0.75,1,-0.7395535727168918,-0.28594877673922314,-0.7838539995475873,-0.9117555424906324,1347,0.0301836836008605,0.12583154062551713,-0.00011854698856992389,-0.7234635536375484
30,200,0.0025,0,-0.2,999.0,0,-0.7455957703726843,-0.29013239943934965,-0.7933897472224433,-0.7492779612750231,1780,0.18457719675657785,0.18457719675657785,-3.253085888043196e-05,-0.7242911711143225
30,96,0.005,0,0.0,0.75,1,-0.7367958703783014,-0.2840634925518811,-0.7731493748461864,-1.088839588681135,1194,0.022141320536157538,0.08760549395995366,-0.00021542863254753278,-0.725080159409031
48,60,0.005,0,-0.2,0.75,1,-0.7396971758492299,-0.2860473591840449,-0.785739335930677,-0.9296942068515143,1260,0.029918914446466986,0.11835181201390038,-0.0001399942831645152,-0.7254017374919591
48,60,0.005,0,-0.2,1.5,1,-0.7434497361134165,-0.28863803684816425,-0.8047838211371723,-0.7094977755268361,1820,0.04792321694522588,0.18355121628330298,-2.4370850132022425e-05,-0.7265048361930921
48,120,0.005,0,-0.2,999.0,0,-0.7444047928591894,-0.2893019162277952,-0.7968853131911716,-0.7852615862221826,1588,0.1661426443819295,0.1661426443819295,-5.813036821027514e-05,-0.7270076521344903
12,200,0.0025,0,0.0,0.75,1,-0.7420220258625687,-0.2876490528516099,-0.7750669699063224,-1.0388988793149418,1406,0.024160185338408077,0.1024656627502896,-0.00015090165405742364,-0.7271274817705182
30,120,0.005,0,-0.2,999.0,0,-0.7428520492684039,-0.28822351453849704,-0.7963569922044031,-0.8153665421159119,1541,0.15932483865629654,0.15932483865629654,-6.747524482579626e-05,-0.7271703377464942
30,96,0.0025,0,-0.2,999.0,0,-0.7437323942428584,-0.28883432496901407,-0.7959766191092464,-0.812741343274224,1527,0.15714049313255005,0.15714049313255005,-7.014812543092772e-05,-0.7274597016873484
48,60,0.0025,0,-0.2,0.75,1,-0.742442530753257,-0.28793991209837366,-0.7879990946050667,-0.9218372436277121,1312,0.029223895416184014,0.1228859837828893,-0.00012920088957483342,-0.7280313215822926
12,200,0.005,0,-0.2,0.75,1,-0.7494096974996638,-0.29281166265629555,-0.7844035985840202,-0.8787684283239868,1508,0.03640575872910806,0.14032765182856197,-9.087591123823558e-05,-0.728951883364505
20,96,0.0,0,-0.2,999.0,0,-0.7441998573576272,-0.2891593048779967,-0.7973566637503208,-0.8311082421419298,1536,0.15800099288432898,0.15800099288432898,-7.077778096553935e-05,-0.7293930488602536
12,200,0.0025,0,0.0,999.0,0,-0.7494513572569825,-0.29284109667505187,-0.7782249586241232,-0.9853387007977256,1585,0.1225550223398974,0.1225550223398974,-0.00010371203095392837,-0.7312205110269998
20,120,0.0025,0,-0.2,999.0,0,-0.7466294610531397,-0.2908555705295055,-0.7994196783280932,-0.820454230298722,1567,0.16038391527387058,0.16038391527387058,-6.688748258820586e-05,-0.7315881212084882
48,120,0.0025,0,0.0,0.75,1,-0.7446329230887012,-0.2894607692764263,-0.779903981277601,-1.0591627415500255,1315,0.02363064702962105,0.09730266423961609,-0.00017885499463773534,-0.7323708969927281
48,96,0.005,0,0.0,0.75,1,-0.7431696355299834,-0.28844368464523507,-0.7786428016070842,-1.099029297382164,1216,0.023663743173920237,0.08985603177229853,-0.00021390627555959362,-0.7327165503178853
30,200,0.0025,0,-0.2,0.75,1,-0.7544789464247497,-0.29642051485283716,-0.7853005358898979,-0.8735080938485501,1627,0.0374979314909813,0.15081912957140492,-7.419446890352605e-05,-0.7327461874902136
48,96,0.0,0,0.0,0.75,1,-0.7453604168185683,-0.28996805380192825,-0.7800993440457489,-1.0801436649670408,1327,0.024656627502895913,0.09806387555849744,-0.00017795064170661812,-0.7340249090731548
12,120,0.0025,0,0.0,0.75,1,-0.7432744004615112,-0.28851635883343485,-0.7787330965057451,-1.1306020947310875,1263,0.021181532351481052,0.09127916597716366,-0.00020484755809251063,-0.7344130118228618
20,200,0.0025,0,0.0,0.75,1,-0.7479892661545644,-0.2918102678228701,-0.7800855964450397,-1.0580034525407447,1425,0.02475591593579348,0.10332616250206851,-0.0001539573805868669,-0.7347532386724273
30,60,0.0,0,-0.2,1.5,1,-0.7283260472182398,-0.2783642362409451,-0.8499677151716082,-0.6623782664518674,1912,0.04683104418335264,0.19139500248221084,-4.716926461747439e-06,-0.7364670071493424
20,200,0.005,0,-0.2,0.75,1,-0.7555866286479784,-0.2972165097446766,-0.7895416122820371,-0.8963259920063464,1520,0.036968393182194276,0.1414860168790336,-9.441577476579522e-05,-0.7368036154860125
20,60,0.005,0,-0.2,1.5,1,-0.7387664492497206,-0.2854091451426132,-0.8342008359005721,-0.7298344188544268,1732,0.04709581333774615,0.1704120469965249,-3.471527986207462e-05,-0.7390012840356206
48,200,0.005,0,0.0,1.5,1,-0.7395137879197157,-0.28592147199081563,-0.8361686913314497,-0.707380238879128,2132,0.040509680622207514,0.16488499089856032,5.837349903631511e-06,-0.7393748296004968
48,60,0.0,0,-0.2,1.5,1,-0.7492490390592359,-0.29269818640768885,-0.8250645778723749,-0.6914406973393363,1992,0.047724640079430745,0.19996690385570082,-8.78209792638988e-06,-0.7398025102108431
30,96,0.005,0,-0.2,1.5,1,-0.7566152782401527,-0.29795813623283696,-0.8159788975904589,-0.7179858426847158,1903,0.051663081251034255,0.19252027138838326,-2.253213672142847e-05,-0.7418468771623022
48,120,0.0,0,0.0,999.0,0,-0.7572932611353163,-0.2984482279159183,-0.7891203747597993,-0.9920199982542164,1579,0.12348171438027469,0.12348171438027469,-0.00011059896085857436,-0.7426094152085289
48,120,0.0,0,-0.2,0.75,1,-0.7614112804754459,-0.30144726570732594,-0.7943223003381684,-0.8982900273677167,1541,0.036207181863312926,0.14456395829885818,-9.408394559660621e-05,-0.7435229172447959
12,200,0.0,0,-0.2,999.0,0,-0.7592995540606461,-0.2999045493170094,-0.8074849958837578,-0.8041728930162828,1766,0.18275690882012247,0.18275690882012247,-4.5573997365545206e-05,-0.7438556919097024
12,200,0.0025,0,-0.2,0.75,1,-0.7617900118307378,-0.30172502848803506,-0.7950550531357168,-0.9005697891416483,1577,0.035115009101439686,0.14645043852391196,-8.92543099907529e-05,-0.7442810445129758
48,120,0.0025,0,0.0,999.0,0,-0.758267913413533,-0.2991545735697565,-0.7899207131064307,-1.0079176583396945,1521,0.11907992718848254,0.11907992718848254,-0.00012494967638028757,-0.7445108130399566
12,60,0.005,0,-0.2,1.5,1,-0.7384112653362076,-0.28516603923662875,-0.8458565531036474,-0.7445806997947856,1731,0.047062717193446964,0.16660599040211815,-3.6951620363451255e-05,-0.7453233507781918
20,120,0.0,0,-0.2,0.75,1,-0.7616128859024539,-0.3015950825905451,-0.794905156484907,-0.9296762318807712,1486,0.03451927850405428,0.13830878702631144,-0.00010787423191785717,-0.7455314724270372
12,60,0.005,0,0.0,1.5,1,-0.7231888375992603,-0.2749720720959262,-0.8545228637603595,-0.8773134676887178,1573,0.03163991395002482,0.1161674664901539,-8.041184447895759e-05,-0.7460991773605419
30,120,0.0,0,-0.2,999.0,0,-0.7581126555901428,-0.29904191302615035,-0.8110089806993541,-0.8323576906236918,1644,0.16941916266754922,0.16941916266754922,-6.296462825504642e-05,-0.7461642879070121
12,96,0.005,0,-0.2,0.75,1,-0.7572599581390211,-0.29842413031557347,-0.7958148882799316,-1.0084212522759914,1283,0.032268740691709416,0.11864967731259309,-0.00015779853328539946,-0.7467526370693388
30,96,0.0025,0,0.0,0.75,1,-0.753993567404472,-0.29607256328597165,-0.7879717422885211,-1.143013010080895,1237,0.021347013072976997,0.0908489161012742,-0.0002237747779288471,-0.747209084934277
30,120,0.005,0,0.0,0.75,1,-0.7542961550023681,-0.296289417472131,-0.7882325367747063,-1.1408490705097258,1231,0.023663743173920237,0.09058414694688069,-0.00022569857753626616,-0.7474481393849705
48,60,0.0025,0,-0.2,999.0,0,-0.7593314142933841,-0.2999277491995245,-0.8069892706885936,-0.8921724962979851,1467,0.1494621876551382,0.1494621876551382,-9.730642500113753e-05,-0.7480310093587205
12,120,0.0025,0,-0.2,0.75,1,-0.7608003834521933,-0.30099992765061523,-0.8006313356774168,-0.981549200284019,1408,0.03130895250703293,0.12967069336422307,-0.0001290425326420932,-0.7503930555035246
20,96,0.005,0,-0.2,1.5,1,-0.7624353446899754,-0.3021990812662201,-0.8215965026392974,-0.7588069486388787,1860,0.050140658613271556,0.18709250372331623,-3.3701628953384804e-05,-0.7509376800178127
12,120,0.005,0,-0.2,0.75,1,-0.7605691321369127,-0.30083081403717526,-0.8004385917821057,-0.9993293552035556,1352,0.03279827900049644,0.12473936786364388,-0.00014287855558763678,-0.7510165776884059
12,96,0.0025,0,-0.2,0.75,1,-0.762257598059771,-0.3020684147664783,-0.8000187421547669,-1.0069357965470123,1336,0.030911798775442662,0.12338242594737713,-0.0001486854255357258,-0.7524245756712123
20,120,0.005,0,0.0,0.75,1,-0.7590394133253531,-0.29971520695151654,-0.7923206607619011,-1.1676262719011818,1229,0.023332781730928346,0.0896574549065034,-0.00023632810296804848,-0.7542568509275261
20,200,0.0025,0,-0.2,0.75,1,-0.7695081843246789,-0.3074590489909307,-0.8015291240373756,-0.9239355204866021,1594,0.03604170114181698,0.1479066688730763,-9.369867134223816e-05,-0.7544203870339486
30,120,0.0,0,-0.2,0.75,1,-0.7691956144646019,-0.30722405792818497,-0.8027030218467067,-0.9473281706466351,1497,0.035115009101439686,0.1398974019526725,-0.00011235025433409015,-0.75594197738387
12,60,0.0,0,-0.2,1.5,1,-0.7430208689928265,-0.28834052524094145,-0.8636275828326156,-0.7178004159496236,1902,0.04597054443157372,0.18331954327320868,-1.768802908279705e-05,-0.7560443374547304
30,96,0.0,0,-0.2,1.5,1,-0.7661138699172065,-0.30491986861168674,-0.8326695561293442,-0.7110045143553486,2076,0.05139831209664074,0.20900215124937946,-1.0314772879691309e-05,-0.7568048723941263
30,60,0.0025,0,-0.2,1.5,1,-0.7564284126000355,-0.297823237106161,-0.8437928183170987,-0.7504260975936707,1828,0.0457388714214794,0.1826245242429257,-3.37519428709553e-05,-0.7572409511443939
20,200,0.0025,0,-0.2,999.0,0,-0.7725359756313833,-0.30974780984556227,-0.816088345074531,-0.8402507599361047,1741,0.18047327486347842,0.18047327486347842,-5.8464804819031895e-05,-0.7598045203796331
48,120,0.005,0,-0.2,0.75,1,-0.7707848340013904,-0.30842132630120056,-0.808293636822703,-0.9618140733040165,1408,0.03501572066854212,0.1323183849081582,-0.00013247689734144878,-0.7606588483777529
20,60,0.0,0,-0.2,1.5,1,-0.7498487287491526,-0.2931220375565614,-0.8631363318507589,-0.7225904837460542,1905,0.04636769816316399,0.18702631143471785,-2.0508678027499872e-05,-0.7608197276692437
20,96,0.0025,0,-0.2,999.0,0,-0.7704590966311193,-0.30817542005698273,-0.8148354237370505,-0.9262667524522394,1488,0.152407744497766,0.152407744497766,-0.0001032622379925174,-0.7619064695481199
30,60,0.005,0,0.0,1.5,1,-0.7499293125588267,-0.29317905095152674,-0.8440647364102216,-0.9341439166378132,1610,0.03210325997021347,0.12245573390699983,-9.627528279254223e-05,-0.7619186149885282
20,96,0.0,0,-0.2,1.5,1,-0.7695448041815369,-0.3074865955520424,-0.8360379878055002,-0.7435554458033607,2028,0.049313255005791826,0.20360747972861162,-1.9096181935390623e-05,-0.7626833617449605
48,60,0.0025,0,-0.2,1.5,1,-0.7746021022585725,-0.3113227749014137,-0.8275759989824576,-0.7756534719798567,1905,0.04653317888465994,0.19122952176071487,-3.6474628940744595e-05,-0.7638934479916353
12,60,0.0,0,0.0,1.5,1,-0.738943224007366,-0.2855302311248883,-0.8695336248759304,-0.8829336104667358,1731,0.030779414198245904,0.12894257818964092,-6.336676179162444e-05,-0.7644437240861903
12,120,0.005,0,-0.2,1.5,1,-0.7740593122626316,-0.31090797276116977,-0.82916236101689,-0.7897252211127236,1925,0.05232500413701804,0.19199073307959622,-3.5617946012989266e-05,-0.764975414325251
30,96,0.0025,0,-0.2,0.75,1,-0.7736679979169592,-0.3106093920559233,-0.8113562655325849,-0.9933347331878232,1378,0.03157372166142644,0.12900877047823928,-0.00014488127866998842,-0.765954261481607
30,96,0.005,0,-0.2,0.75,1,-0.7734996385254386,-0.3104810495179958,-0.8112159409472113,-1.0095891759451368,1326,0.03223564454741023,0.12444150256495118,-0.0001583849488943739,-0.7665684787888583
48,96,0.0,0,-0.2,999.0,0,-0.7748901787973502,-0.31154322832196735,-0.8224223525336601,-0.879683713312882,1639,0.1694853549561476,0.1694853549561476,-7.704175247730162e-05,-0.7667385902544416
48,96,0.0,0,-0.2,0.75,1,-0.7774019854206999,-0.3134744308894124,-0.8087674449792706,-0.9778791866264638,1482,0.03551216283302995,0.1390369022008936,-0.0001236594470513006,-0.7667521127103709
48,96,0.0025,0,0.0,0.75,1,-0.7691750070304283,-0.3072085735752712,-0.8010563358882985,-1.187871887423127,1262,0.023034916432235646,0.09333112692371338,-0.00023484454290666456,-0.7671303358905768
12,96,0.005,0,-0.2,1.5,1,-0.765479475632053,-0.3044483666188095,-0.8474974186413136,-0.7850286927377219,1841,0.050835677643554525,0.1826245242429257,-4.024554378243862e-05,-0.7674485105763523
20,60,0.005,0,0.0,1.5,1,-0.7539204260813046,-0.2960201754110331,-0.8491526885909918,-0.9551740073548535,1584,0.03183849081581996,0.11894754261128579,-0.00010798175937791715,-0.7683552200742716
48,120,0.0025,0,-0.2,0.75,1,-0.7791381759716316,-0.3148188707052838,-0.815280036708219,-0.9715911657544459,1467,0.03441999007115671,0.1380771140162171,-0.00012716353103430072,-0.7710384473471156
12,200,0.0025,0,-0.2,999.0,0,-0.7818145406024612,-0.31690695051406026,-0.8205776928017038,-0.8879525415927286,1710,0.1762369683931822,0.1762369683931822,-7.213261247602437e-05,-0.7715934239945486
30,120,0.0025,0,0.0,0.75,1,-0.7736250652039386,-0.31057665709799853,-0.8048917562522669,-1.2064047185354272,1276,0.022770147277842132,0.09405924209829555,-0.00023746191189002834,-0.7733427711509033
20,120,0.0025,0,0.0,0.75,1,-0.774272563267737,-0.31107085078785157,-0.8054498224983007,-1.2183687815699513,1272,0.022207512824755915,0.09303326162502068,-0.0002425481754312039,-0.7747142011154995
30,96,0.0025,0,-0.2,1.5,1,-0.7838550617258472,-0.31851188817591125,-0.8357051687276326,-0.7756844274356182,1987,0.05037233162336588,0.2002316730100943,-3.245258941507071e-05,-0.7751486939115085
20,120,0.005,0,-0.2,1.5,1,-0.7830437820101295,-0.31787243511790664,-0.8363786353816907,-0.7888649220051321,1954,0.05354956147608803,0.19678967400297864,-3.6599561912706835e-05,-0.7755049989090086
30,120,0.0025,0,-0.2,999.0,0,-0.7834913478147087,-0.31822498568656477,-0.8279316156573934,-0.9265061420252109,1589,0.16349495283799437,0.16349495283799437,-9.436854975819235e-05,-0.778516100616522
12,120,0.0,0,-0.2,1.5,1,-0.7824541275447229,-0.31740879173075276,-0.8464913243934522,-0.77654029874921,2104,0.05146450438523912,0.2094654972695681,-2.1242953726378004e-05,-0.7794814688649394
48,96,0.0025,0,-0.2,999.0,0,-0.785753141396045,-0.32001502005821725,-0.8293710558711892,-0.9264778356257454,1586,0.1636604335594903,0.1636604335594903,-9.605865757845289e-05,-0.781024439775099
48,96,0.005,0,-0.2,0.75,1,-0.7878272546771518,-0.32166901530864545,-0.8231577564748411,-1.0490277229851692,1354,0.03425450934966076,0.12791659771636604,-0.00016629053436669275,-0.7856992796953245
12,200,0.005,0,-0.2,1.5,1,-0.7961404974732778,-0.3284226392398242,-0.8363307894724699,-0.7823543049618013,2166,0.058050637100777756,0.21863312924044348,-2.2370659455304624e-05,-0.7857057492241492
12,96,0.0,0,-0.2,1.5,1,-0.7751069284978729,-0.311709237642505,-0.8706417022985685,-0.7744792604373855,2013,0.050074466324673175,0.19947046169121296,-2.6162312611837263e-05,-0.7857540518136586
30,200,0.005,0,-0.2,1.5,1,-0.7959095493599837,-0.3282322553900351,-0.8396482980065821,-0.7576828566120347,2246,0.05907661757405262,0.22819791494290914,-1.3396006787884545e-05,-0.7859405472239279
12,60,0.0025,0,-0.2,1.5,1,-0.7746021042828771,-0.31132277644979045,-0.8668976155468009,-0.8249948528079896,1823,0.044779083236802915,0.1747145457554195,-5.250678725173719e-05,-0.7860213268635904
20,120,0.0,0,-0.2,1.5,1,-0.7941100985943046,-0.32675436891554865,-0.8404494743475783,-0.7873674491181476,2131,0.053251696177395336,0.21390038060565944,-2.5040602104501945e-05,-0.7863474785452452
48,200,0.0,0,0.0,1.5,1,-0.7855639266269184,-0.31986472970484425,-0.8576596370736949,-0.8119236255856359,2358,0.04074135363230184,0.182326658944233,-6.927551020686814e-06,-0.7892907295209735
20,96,0.0025,0,-0.2,1.5,1,-0.7933677851901136,-0.32614752826896953,-0.8440001851556214,-0.83024323150198,1943,0.04832037067681615,0.1948039053450273,-4.705017783319204e-05,-0.7896597824218792
20,60,0.0025,0,-0.2,1.5,1,-0.7821891488881806,-0.31720074663364173,-0.8619507620694857,-0.8321087194153247,1824,0.04507694853549561,0.1785867946384246,-5.610573408539232e-05,-0.7897815636391509
20,120,0.005,0,-0.2,0.75,1,-0.7921370378350701,-0.3251449845345892,-0.8267498847738528,-1.074163091488679,1361,0.033791163329472115,0.12732086711898064,-0.00017221914367160647,-0.7922280814959495
48,200,0.0025,0,0.0,1.5,1,-0.7923237703218725,-0.3252968064518307,-0.8522329077802122,-0.8460680998917,2250,0.0399470461691213,0.1741188151580341,-2.4831400848840015e-05,-0.7937166653365217
20,120,0.0025,0,-0.2,0.75,1,-0.7949500585075929,-0.3274430167351102,-0.8290944879228325,-1.0667369293903757,1413,0.032765182856197256,0.13205361575376467,-0.00016150906212920247,-0.7953271071660453
48,120,0.0,0,-0.2,999.0,0,-0.797644624419533,-0.32966654967372133,-0.8394883780790516,-0.9253843230015875,1694,0.1770643720006619,0.1770643720006619,-8.60487987022503e-05,-0.7956799548633265
12,60,0.0025,0,0.0,1.5,1,-0.7724321385152512,-0.3096689404836518,-0.8709358133006792,-1.0126725623101565,1654,0.029687241436372663,0.12242263776270064,-0.00011611660993395696,-0.7957704752494993
30,200,0.0,0,-0.2,1.5,1,-0.8012799370893745,-0.3327018265376175,-0.8523595621911197,-0.7412528975267654,2478,0.05920900215124938,0.250041370180374,2.3086480176258907e-06,-0.7959442525095156
30,60,0.0,0,0.0,1.5,1,-0.7768434567211742,-0.31304359903144896,-0.8697213860005041,-0.982841237899627,1765,0.03163991395002482,0.13483369187489658,-9.280989247632957e-05,-0.7970463539266823
48,60,0.005,0,0.0,1.5,1,-0.7921535543990975,-0.32515840912181715,-0.8411652786614525,-1.0477301489509518,1679,0.03223564454741023,0.1292073473440344,-0.00012686577891170986,-0.798127555900091
12,120,0.0025,0,-0.2,1.5,1,-0.801471728475025,-0.33286311355841813,-0.8490907046658139,-0.8533635808267911,2014,0.050140658613271556,0.20006619228859837,-4.6269231884645566e-05,-0.8000766449326647
48,120,0.0025,0,-0.2,999.0,0,-0.8010182582128962,-0.3324819557304308,-0.8413130404791254,-0.9474451719210039,1641,0.17117325831540625,0.17117325831540625,-9.821550285561405e-05,-0.8005107345660437
48,96,0.0025,0,-0.2,0.75,1,-0.7990642690295902,-0.3308469679969248,-0.8325236098769162,-1.074234716054678,1408,0.03375806718517293,0.13271553863974847,-0.00016569844933205739,-0.8008205087381168
20,60,0.0,0,0.0,1.5,1,-0.7805921032417922,-0.3159508455416652,-0.8732280236910696,-1.0034748836642535,1743,0.031275856362733744,0.13149098130067846,-0.00010285694084754735,-0.8027386015704125
12,96,0.005,0,0.0,1.5,1,-0.7844506602289762,-0.3189824869594169,-0.8646204691555495,-1.0431122862163502,1693,0.03451927850405428,0.12798279000496443,-0.00011893540467631668,-0.8034483358480091
30,120,0.005,0,-0.2,0.75,1,-0.8009513937491868,-0.3324258088817368,-0.8340964950687322,-1.1004517013966326,1369,0.03408902862816482,0.12874400132384578,-0.0001797588285357672,-0.8044966414859345
12,200,0.0,0,-0.2,1.5,1,-0.8105960214398426,-0.34067486062631946,-0.8492267342865559,-0.7910265347463147,2376,0.05742181035909317,0.2390534502730432,-1.3057036573292687e-05,-0.8048395545069131
30,120,0.0,0,-0.2,1.5,1,-0.809150306378539,-0.3394185721603089,-0.8511630918455644,-0.8264328786258001,2161,0.05404600364057587,0.217673341055767,-3.3057014906529846e-05,-0.8063217620143811
30,120,0.0025,0,-0.2,0.75,1,-0.8037387137250117,-0.3347784431691303,-0.8364196771400079,-1.0930527383502242,1422,0.03332781730928347,0.1335429422472282,-0.0001687953485081134,-0.8076409186566454
30,96,0.005,0,0.0,1.5,1,-0.8004171615992234,-0.33197771510988916,-0.8475256021457622,-1.0557640220589415,1753,0.03501572066854212,0.13549561476088035,-0.00011991144525003844,-0.8085287172857174
20,96,0.005,0,0.0,1.5,1,-0.7990704441940032,-0.33085211621268384,-0.8498395933500041,-1.0721050408810924,1729,0.03418831706106239,0.13175575045507198,-0.0001264557956995846,-0.8093771649317405
12,96,0.0025,0,-0.2,1.5,1,-0.7989884742736713,-0.33078378779998674,-0.8709792514467669,-0.866640674588487,1927,0.048816812841303986,0.1905345027304319,-5.587201564700662e-05,-0.8096054472527946
20,120,0.0025,0,-0.2,1.5,1,-0.8094742238890154,-0.33969942623136207,-0.8555471337441878,-0.8520544303268393,2040,0.05186165811682939,0.20476584477908324,-4.733961942004464e-05,-0.8100757146197979
30,60,0.0025,0,0.0,1.5,1,-0.7947396321703819,-0.32727029878352853,-0.8627731532600071,-1.0674332140498195,1684,0.03061393347674996,0.12818136687075957,-0.0001313089195740348,-0.8120285361160231
30,60,0.005,0,-0.2,999.0,1,-0.815649492023477,-0.34512347827089096,-0.8578320883291424,-0.8022529526944727,2050,0.06261790501406586,0.21658116829389376,-4.2915081405276466e-05,-0.8141521700701858
30,120,0.005,0,-0.2,1.5,1,-0.8125039709076892,-0.3423438698250565,-0.8569318110298519,-0.8718146421023778,1980,0.05417838821777263,0.20052953830878703,-5.672723901805104e-05,-0.8144005074451014
12,60,0.005,0,0.0,999.0,1,-0.7943755908656642,-0.32697180685885074,-0.8806375547455173,-0.9538792761650501,1848,0.04074135363230184,0.14413370842296871,-8.820954249580588e-05,-0.8149845480398619
30,200,0.0025,0,-0.2,1.5,1,-0.8204162723119918,-0.3494043091238189,-0.8581522710827698,-0.8173788139250016,2368,0.05785206023498263,0.23941750786033428,-2.0412369324050333e-05,-0.819349385361454
12,120,0.005,0,0.0,1.5,1,-0.8063514676320758,-0.33700658960545027,-0.8583017544650761,-1.1006755514288056,1775,0.03577693198742347,0.13499917259639252,-0.00012680312755251836,-0.8211912444094285
20,60,0.005,0,-0.2,999.0,1,-0.8185849296574915,-0.34774970020644125,-0.8718370455759551,-0.8197256141561694,2031,0.06179050140658613,0.21118649677312593,-4.8728414069704805e-05,-0.8246545037022273
20,60,0.0025,0,0.0,1.5,1,-0.8036722004165293,-0.3347220118768184,-0.8704150175881828,-1.1112703414947358,1664,0.03008439516796293,0.12507032930663578,-0.0001497222152319031,-0.8254930377456466
12,96,0.0,0,0.0,1.5,1,-0.8010614904809812,-0.3325182658857083,-0.8822069695334885,-1.0608718691745689,1853,0.03389045176236968,0.14072480556015224,-0.00010469476169821771,-0.826665344111181
48,120,0.005,0,-0.2,1.5,1,-0.8241289028188463,-0.3527978579046577,-0.8622856516759808,-0.8778342923551489,2053,0.055866291577031275,0.20923382425947376,-5.5796999324064735e-05,-0.8278323983604056
48,60,0.0,0,0.0,1.5,1,-0.812630211144971,-0.3424547487905839,-0.8647230500726886,-1.0864827400785764,1835,0.032003971537315906,0.14141982459043523,-0.00011866583528673414,-0.829140410830857
20,200,0.005,0,-0.2,1.5,1,-0.8250023910516244,-0.35360406674833667,-0.864848369248046,-0.8634512218920244,2200,0.05874565613106073,0.2228363395664405,-4.079348348114428e-05,-0.8292008124669609
20,200,0.0,0,-0.2,1.5,1,-0.826562389258438,-0.355051444252785,-0.8654487123508637,-0.8335802514238385,2420,0.05841469468806884,0.24381929505212643,-2.0828971594435116e-05,-0.8294548129994088
12,200,0.0025,0,-0.2,1.5,1,-0.8282142772295908,-0.3565947558906344,-0.8613475304193037,-0.8679935188659029,2277,0.056197253020023166,0.228694357107397,-3.630873165019877e-05,-0.8306681970435814
30,120,0.0025,0,-0.2,1.5,1,-0.8249718308087151,-0.35357580950383005,-0.8657347976553593,-0.8969587426299439,2065,0.05265596558000993,0.2084726129405924,-5.715824799489017e-05,-0.8312911454630069
20,120,0.005,0,0.0,1.5,1,-0.8187025740225865,-0.34785561401367704,-0.8571616417041977,-1.1236967598540122,1800,0.03660433559490319,0.13860665232500413,-0.000134064290791736,-0.8326212728584765
48,96,0.005,0,-0.2,1.5,1,-0.8284776603214826,-0.3568418543800417,-0.8623131163848957,-0.9275925327816067,1969,0.05404600364057587,0.20006619228859837,-7.229529230433305e-05,-0.8343780392115698
12,60,0.0,0,0.0,999.0,1,-0.8101009214492467,-0.3402438248610603,-0.8960597358283962,-0.9701379061249199,2037,0.03938441171603508,0.15952341552209168,-7.310985043018083e-05,-0.8367805880815044
20,96,0.0,0,0.0,1.5,1,-0.8171778687294355,-0.34648691336634907,-0.8711302949836335,-1.1018877976440427,1882,0.033460201886480224,0.14406751613437035,-0.00011647451156598601,-0.837146450740368
30,60,0.0,0,-0.2,999.0,1,-0.8266774068012802,-0.3551585440855517,-0.8858512636514247,-0.8039889389155822,2246,0.06162502068509019,0.23663743173920238,-3.114088198871158e-05,-0.8382836228570432
48,200,0.005,0,-0.2,999.0,1,-0.835512554703497,-0.36354960963758776,-0.8814034862180208,-0.6883865593685867,2671,0.07929836174085719,0.2868773787853715,4.699339991937247e-06,-0.8386706807150275
12,60,0.005,0,-0.2,999.0,1,-0.8250621940565872,-0.3536593737452487,-0.8844853632333263,-0.8598662701901293,2025,0.06109548237630316,0.20658613271553863,-5.775008591519744e-05,-0.8388953688714182
20,60,0.005,0,0.0,999.0,1,-0.8180734569946176,-0.34728982515902795,-0.8808900502168904,-1.023986345499697,1866,0.04137018037398643,0.14734403441999008,-0.00011007512540708677,-0.838934167542458
30,96,0.0,0,0.0,1.5,1,-0.8221410585527336,-0.3509742519754666,-0.8700992151033682,-1.1020739972917133,1909,0.034717855369849414,0.14777428429587952,-0.00011510803413027532,-0.8411275593917363
30,200,0.005,0,0.0,1.5,1,-0.8256993999679533,-0.35424955621872545,-0.8678329499035735,-1.0597753513209127,2076,0.04011252689061724,0.15992056925368195,-8.899558265136983e-05,-0.8411547987365579
30,60,0.005,0,0.0,999.0,1,-0.8224158064345863,-0.351225386907985,-0.8808171347623885,-1.0310285771863563,1903,0.0420651994042694,0.15161343703458546,-0.00010732127905899542,-0.8431853831484971
48,60,0.0025,0,0.0,1.5,1,-0.8283364280226833,-0.35670931893281077,-0.8586326023884417,-1.1727292326779364,1754,0.030878702631143472,0.13486678801919577,-0.00015736931366385607,-0.8446620817609285
12,120,0.0,0,0.0,1.5,1,-0.8220214900786891,-0.3508650505176224,-0.8772244287380369,-1.1197985655898821,1940,0.03501572066854212,0.1481383418831706,-0.00011260958439675163,-0.845467193166135
12,200,0.005,0,0.0,1.5,1,-0.8329858976685838,-0.36111613078150384,-0.8621363511168696,-1.1263438100521004,1995,0.039748469303326164,0.15320205196094655,-0.00011366730771645734,-0.8485014968425436
48,96,0.0,0,-0.2,1.5,1,-0.839850051751521,-0.3677933036032359,-0.8675737505271458,-0.938477317434383,2148,0.054012907496276685,0.21704451431408242,-6.0908205268784135e-05,-0.848504044738528
20,60,0.0,0,-0.2,999.0,1,-0.8317384304179427,-0.35992483238390505,-0.8976153663041742,-0.828806085395819,2231,0.0606652325004137,0.23124276021843454,-3.7814559087091e-05,-0.8501728198057831
48,120,0.0,0,-0.2,1.5,1,-0.8418292128645579,-0.36975833738205655,-0.8712922032953784,-0.9114033569139203,2240,0.05596558000992884,0.2277345689227205,-5.050505545861047e-05,-0.8509746068754417
48,120,0.0025,0,-0.2,1.5,1,-0.8405162596930706,-0.36845271328361284,-0.8744532004328769,-0.9189849622210969,2146,0.054707926526559654,0.21846764851894754,-5.955444192279687e-05,-0.8516285616111061
12,96,0.0025,0,0.0,1.5,1,-0.8237802536452482,-0.35247690109849805,-0.881259304911553,-1.1772898667630438,1770,0.032765182856197256,0.13397319212311765,-0.00015190280086076283,-0.8519710468924266
30,96,0.0025,0,0.0,1.5,1,-0.8333769048151933,-0.3614909051400508,-0.8676428472796758,-1.1705699309287854,1827,0.03375806718517293,0.1411881515803409,-0.00014688055898447202,-0.8538408253263279
20,96,0.0025,0,0.0,1.5,1,-0.8326357067100265,-0.36078103605099554,-0.8671935807514796,-1.1894861351471726,1801,0.03250041370180374,0.13741519113023332,-0.0001546895069807765,-0.853852133184094
48,120,0.005,0,0.0,1.5,1,-0.8372000298703884,-0.365190505299265,-0.8691912820024428,-1.1425860687575606,1897,0.038060565944067516,0.14707926526559656,-0.00013495341262063294,-0.8569154497383644
12,60,0.0,0,-0.2,999.0,1,-0.8356013825150046,-0.36363567008994435,-0.9028054446439764,-0.8585163458396786,2225,0.05963925202713884,0.22684097302664238,-4.3765822303569975e-05,-0.8579642097039165
20,120,0.0,0,0.0,1.5,1,-0.8363201713647028,-0.36433335110337084,-0.8717211273246874,-1.1573585578807537,1961,0.0362733741519113,0.15131557173589277,-0.00012437986528038896,-0.8580618426597523
48,96,0.0025,0,-0.2,1.5,1,-0.845669593180379,-0.3736245075473228,-0.8756737689092442,-0.9758614232670134,2054,0.052689061724309115,0.20797617077610459,-7.80238268313629e-05,-0.8602544631652955
30,120,0.005,0,0.0,1.5,1,-0.8387415031646154,-0.36670061041962343,-0.8705172996125526,-1.1982712799327697,1820,0.03693529703789508,0.14105576700314412,-0.00015573388458585402,-0.8618728242225383
20,200,0.0025,0,-0.2,1.5,1,-0.8476863602667762,-0.3756837727673703,-0.881741467034219,-0.9294421030350521,2315,0.05725632963759722,0.23332781730928348,-4.8912511673009235e-05,-0.8630266114362324
30,200,0.0,0,0.0,1.5,1,-0.8386651994071546,-0.36662560540372724,-0.8862790570446751,-1.0767101511541146,2287,0.040244911467814,0.17593910309448949,-7.28196675069856e-05,-0.8636006414837705
30,60,0.0025,0,-0.2,999.0,1,-0.8480636973590013,-0.37607132829467627,-0.8856670999207845,-0.8971594640780419,2148,0.06076452093331127,0.22637762700645375,-6.0203497215492364e-05,-0.8637628514589706
12,120,0.0025,0,0.0,1.5,1,-0.8403514927680996,-0.36828943579169093,-0.8734747815290086,-1.225104229390214,1853,0.03392354790666887,0.14102267085884496,-0.00015565558163117775,-0.866282038025706
48,200,0.005,0,0.0,999.0,1,-0.8483979003826508,-0.37641518466752866,-0.8891101838547394,-0.9222199288479785,2478,0.053119311600198574,0.20052953830878703,-4.3688500631001545e-05,-0.8670812730372972
12,60,0.0025,0,0.0,999.0,1,-0.835310410162966,-0.3633538925274443,-0.8990527497890032,-1.0901136551738606,1943,0.03852391196425616,0.1518451100446798,-0.00011969039170402833,-0.867385950180639
20,60,0.0,0,0.0,999.0,1,-0.8393624047313633,-0.367311935045886,-0.8992667698356085,-1.0706187502505953,2055,0.040244911467814,0.16243587622042033,-0.00010259270620432201,-0.87047625747622
12,200,0.0,0,0.0,1.5,1,-0.8464327458610461,-0.37440135575493283,-0.8780437912257139,-1.1414902488002308,2183,0.03915273870594076,0.16816150918418005,-9.834684711558598e-05,-0.8704977638078012
30,120,0.0,0,0.0,1.5,1,-0.8467879411513902,-0.37476391265461917,-0.8770364932848627,-1.196416386140978,1984,0.036637431739202385,0.15386397484693035,-0.00013334015534520897,-0.8731029786040994
30,60,0.0,0,0.0,999.0,1,-0.8425163805197016,-0.3704449106858809,-0.8983999658096185,-1.0747957236456023,2087,0.04100612278669535,0.1665067019692206,-0.00010007199246702616,-0.8733846797729703
48,96,0.005,0,0.0,1.5,1,-0.8475067987081006,-0.37549960131691695,-0.877430209458325,-1.2391208524214834,1813,0.03660433559490319,0.14046003640575874,-0.00017025738962021423,-0.8761707486671535
20,120,0.0025,0,0.0,1.5,1,-0.8478994062932288,-0.3759024995770619,-0.8798595906807507,-1.2328065699037134,1876,0.03501572066854212,0.1444977660102598,-0.00015828394530473008,-0.8774726234126229
20,200,0.005,0,0.0,1.5,1,-0.8507555431456164,-0.3788572121220889,-0.8815839429399689,-1.1873948078787444,2034,0.0399470461691213,0.15591593579348006,-0.00012982682066706267,-0.8790189239860107
20,60,0.0025,0,-0.2,999.0,1,-0.8554464401983859,-0.3838033410056053,-0.8997455258087645,-0.9352868704645253,2136,0.05953996359424127,0.2213139169286778,-7.060668958880993e-05,-0.8804404474332138
30,200,0.0025,0,0.0,1.5,1,-0.853069197983688,-0.3812819564182963,-0.8826018564461162,-1.1625618282444363,2185,0.03908654641734238,0.16809531689558166,-0.00010612414729197578,-0.8807109760535763
12,60,0.0025,0,-0.2,999.0,1,-0.8561218517566831,-0.38452537223227123,-0.9068673416624867,-0.9566289700239033,2131,0.058547079265265596,0.21668045672679132,-7.47770978308614e-05,-0.8857904915647098
20,200,0.0,0,0.0,1.5,1,-0.8572839039619732,-0.38577360297206253,-0.8883862179139739,-1.1778869689097287,2232,0.03971537315902697,0.17123945060400464,-0.00010488389926058591,-0.8888610603745359
12,96,0.005,0,-0.2,999.0,1,-0.8665050289024111,-0.3959588540395702,-0.8915261631636772,-0.9815739210369742,2154,0.06688730762866126,0.22521926195598213,-7.956720874138887e-05,-0.8908006316732574
48,200,0.0,0,-0.2,999.0,1,-0.8714954827069729,-0.40169280633148197,-0.9001519643305494,-0.7897283077811449,2950,0.07843786198907828,0.31487671686248553,-4.581442332487024e-06,-0.8912552038858139
30,60,0.0025,0,0.0,999.0,1,-0.8579926662051636,-0.3865386727633747,-0.8933900785708817,-1.1647565217698317,1991,0.04031110375641238,0.15879530034750952,-0.00013791097792650484,-0.8914715381373072
30,120,0.0025,0,0.0,1.5,1,-0.8586281583499309,-0.3872270893212384,-0.8861961269331854,-1.2774387302802448,1896,0.035445970544431576,0.14697997683269898,-0.00016910010361085873,-0.8941970893018433
20,60,0.0025,0,0.0,999.0,1,-0.8585944513158563,-0.3871905169343036,-0.8971312716859384,-1.1786610847423051,1960,0.03935131557173589,0.15492305146450439,-0.0001464399615496175,-0.894689207014388
48,120,0.0025,0,0.0,1.5,1,-0.8613527574294142,-0.39020516471512545,-0.8883140375000047,-1.239253402675229,1981,0.03693529703789508,0.1540294555684263,-0.00015280495960174248,-0.8963248535988892
48,120,0.0,0,0.0,1.5,1,-0.8625699096422099,-0.39154974389632335,-0.8890767679895705,-1.2294373995771641,2072,0.03796127751116995,0.16101274201555518,-0.00013751642946074506,-0.8975599978699668
20,120,0.005,0,-0.2,999.0,1,-0.8710627758454133,-0.4011890887232692,-0.8982882479783724,-0.945951676795611,2274,0.07069336422306802,0.24199900711567102,-6.6210285507377e-05,-0.897630796552236
12,200,0.0025,0,0.0,1.5,1,-0.8657955693906947,-0.39515680512966567,-0.888937239142497,-1.2610635308224025,2091,0.038159854376965084,0.16054939599536655,-0.00014185082428453796,-0.9026786012420343
48,60,0.005,0,-0.2,999.0,1,-0.8739399165101931,-0.40456252392068315,-0.8992603941859131,-0.9971249867806673,2138,0.06417342379612775,0.2265431077279497,-8.71218907189467e-05,-0.9040489703526731
48,96,0.0,0,0.0,1.5,1,-0.864872198461275,-0.39411767463140224,-0.8908971769610746,-1.2922141365578155,1978,0.03640575872910806,0.15316895581664736,-0.00016189541331565276,-0.9041769699398303
12,120,0.005,0,-0.2,999.0,1,-0.8740976787970773,-0.40474916211568424,-0.9001195301871064,-0.9936661141969589,2243,0.06903855700810856,0.2359755088532186,-7.61327051815887e-05,-0.9044922329190853
30,96,0.005,0,-0.2,999.0,1,-0.8759583520287098,-0.40696374164592275,-0.9015956341601554,-0.9749229918661533,2225,0.06880688399801423,0.2372000661922886,-7.687956815086306e-05,-0.9065077083193082
48,200,0.0025,0,-0.2,999.0,1,-0.8805160987506759,-0.41249557493694156,-0.9107348003017586,-0.8387373116880871,2825,0.07784213139169287,0.3021677974515969,-2.052315789760336e-05,-0.9097998406722252
12,96,0.0,0,-0.2,999.0,1,-0.8772686381206901,-0.40853823767881126,-0.9088630032243409,-0.9905925659395082,2353,0.06579513486678802,0.24557339069998346,-6.784207336578917e-05,-0.912499367587957
12,96,0.005,0,0.0,999.0,1,-0.8695887154462894,-0.3994825783454916,-0.9032196875062485,-1.2325027017959813,1989,0.04494456395829886,0.1576700314413371,-0.00015756420819658162,-0.9127175571884149
48,96,0.0025,0,0.0,1.5,1,-0.8691319216709203,-0.39895668685425867,-0.8945439078907025,-1.3340591814044136,1889,0.03528048982293563,0.1463511500910144,-0.0001879740335160267,-0.9129315998698306
20,120,0.005,0,0.0,999.0,1,-0.8767742928192418,-0.40794273759641186,-0.8955947231936291,-1.2104037407088006,2109,0.047890120800926694,0.17021347013072977,-0.0001408935295355418,-0.9162602862286665
20,96,0.005,0,-0.2,999.0,1,-0.8811106938185123,-0.41322885464191106,-0.9044344810364321,-1.0298446628466946,2176,0.06655634618566937,0.23064702962104916,-9.106733142263164e-05,-0.9169383283024618
48,60,0.0,0,-0.2,999.0,1,-0.88249262081042,-0.41494378670383936,-0.9046922076015002,-0.9999247984089386,2338,0.06354459705444315,0.24650008274036075,-7.319107953723912e-05,-0.9172861304250363
20,120,0.0,0,-0.2,999.0,1,-0.8835684265057411,-0.4162893278980836,-0.9060604405324956,-0.9677940601659842,2480,0.06996524904848585,0.2627171934469634,-5.809523066717934e-05,-0.9177092511726307
12,120,0.0,0,-0.2,999.0,1,-0.8831499647102183,-0.4157648425237267,-0.9061003549053745,-0.9967910461550943,2449,0.06778090352473937,0.2569584643389045,-6.331893112508348e-05,-0.9186545722841687
20,200,0.0025,0,0.0,1.5,1,-0.8748589761333856,-0.4056522753539986,-0.900455544279493,-1.2937418401143266,2136,0.03868939268575211,0.16352804898229356,-0.00014766194994385353,-0.9205671394994615
30,96,0.0,0,-0.2,999.0,1,-0.8855096555384494,-0.41874104719855554,-0.9078158374422335,-0.9842565875671943,2426,0.06811186496773126,0.2572894257818964,-6.548391989791404e-05,-0.921861795298032
12,120,0.005,0,0.0,999.0,1,-0.8795344372144921,-0.41129091252779104,-0.8973549373345975,-1.2601480016720163,2074,0.04676485189475426,0.16571239450604006,-0.00015527260916314956,-0.9229757812786906
20,96,0.0,0,-0.2,999.0,1,-0.8889417197415561,-0.4231529899872625,-0.908695053244304,-1.0301773752052996,2372,0.06533178884659938,0.2506701969220586,-7.69827936988228e-05,-0.9290093853696795
30,96,0.005,0,0.0,999.0,1,-0.8839918744495259,-0.41682150320051925,-0.9011529847909631,-1.25917058186993,2061,0.04636769816316399,0.1667052788350157,-0.00016116631753629624,-0.9303565246894973
48,200,0.0,0,0.0,999.0,1,-0.8884442047918888,-0.42250715314449583,-0.9088642200998844,-1.0768876432734407,2742,0.05255667714711236,0.22121462849578025,-6.323647257109467e-05,-0.9307836453581101
20,96,0.005,0,0.0,999.0,1,-0.884753963024411,-0.4177829508728911,-0.9005023689146725,-1.2911560876139565,2031,0.04487837166970048,0.16210491477742842,-0.0001721738839333755,-0.9325919397109251
12,96,0.0025,0,-0.2,999.0,1,-0.8906522427068,-0.4253901456374878,-0.9108491458371467,-1.0765038530311521,2253,0.0646367698163164,0.23508191295714048,-9.548761044067338e-05,-0.9346399112076187
12,96,0.0,0,0.0,999.0,1,-0.8820170123736859,-0.4143518720132664,-0.9158823036961248,-1.255561310782861,2179,0.04381929505212643,0.17302664239616083,-0.00014135049663183415,-0.9350710894004718
48,60,0.005,0,0.0,999.0,1,-0.8870338198298146,-0.4206879582996589,-0.9022091168311082,-1.3055311375073957,1981,0.04289260301174913,0.1591924540790998,-0.00018471162976735263,-0.9370690735905828
20,120,0.0025,0,-0.2,999.0,1,-0.8933941012326123,-0.42903152627379304,-0.9156056360942184,-1.032985475923443,2376,0.06870759556511666,0.25206023498262453,-8.009232511801331e-05,-0.9384836181170744
48,200,0.0025,0,0.0,999.0,1,-0.8925087517784682,-0.4278481222169933,-0.9145612877694613,-1.1128571155519191,2618,0.05215952341552209,0.21181532351481053,-8.259816029051878e-05,-0.94077162187932
12,120,0.0025,0,-0.2,999.0,1,-0.8944903610109832,-0.4305070973603634,-0.9160001780189801,-1.0734963211122148,2346,0.06658944232996857,0.2460367367201721,-8.805884140111433e-05,-0.9421820024254642
30,200,0.005,0,-0.2,999.0,1,-0.8972985984472313,-0.43434014306578483,-0.9168878489021355,-0.9953221535380867,2604,0.07833857355618071,0.27890120800926693,-5.912478165134627e-05,-0.942550175193757
20,120,0.0,0,0.0,999.0,1,-0.8916090842370006,-0.42665304152187655,-0.9074052463038594,-1.2540759261033576,2301,0.04693033261625021,0.18560317722985273,-0.0001320397647059663,-0.9430594609789741
30,96,0.0025,0,-0.2,999.0,1,-0.8956190521440969,-0.4320383789122826,-0.9168987675238023,-1.0521015112651328,2324,0.06728446136025153,0.24699652490484858,-8.856855954135675e-05,-0.9430928382374404
12,120,0.0,0,0.0,999.0,1,-0.8908832039943098,-0.4256942211406508,-0.9079298217778261,-1.2815761173281073,2269,0.0454410061227867,0.18146615919245407,-0.00013897376452066468,-0.9437379378959693
30,200,0.005,0,0.0,999.0,1,-0.8939515114440421,-0.42978037427065696,-0.9074852543807558,-1.214329102545454,2419,0.052689061724309115,0.1951348667880192,-0.0001155871633575537,-0.9442394565883077
48,60,0.0025,0,-0.2,999.0,1,-0.8971014913674723,-0.4340685592040071,-0.9174777375372499,-1.092920578990299,2238,0.06261790501406586,0.2363064702962105,-0.00010310139367288627,-0.9474534569221471
12,200,0.005,0,-0.2,999.0,1,-0.901436793296174,-0.4401343124458095,-0.9192344661573935,-1.050107592538884,2506,0.07572397815654476,0.26682111534006286,-7.536422351855596e-05,-0.9522569251514504
48,120,0.005,0,0.0,999.0,1,-0.8969991699242468,-0.4339277294170413,-0.9107137316562756,-1.2694265705554182,2223,0.050570908489161015,0.18037398643058083,-0.0001510771078378542,-0.95275592377295
20,96,0.0,0,0.0,999.0,1,-0.8967592755669921,-0.4335979623103964,-0.9101309502784577,-1.3212217726611615,2215,0.043587622042032106,0.17703127585636275,-0.00015799838549002444,-0.9547245260826832
20,96,0.0025,0,-0.2,999.0,1,-0.9013744402315373,-0.44004566651436283,-0.9204413692060976,-1.1155025373463539,2273,0.06447128909482046,0.24034419990071157,-0.00010462623355092657,-0.9560414779847293
48,120,0.005,0,-0.2,999.0,1,-0.9028482657497185,-0.4421523110641572,-0.9227961107098956,-1.0574974866733005,2392,0.07496276683766341,0.2573225219261956,-8.726773672432237e-05,-0.95642524075277
48,96,0.005,0,-0.2,999.0,1,-0.902100258600894,-0.44108015942304435,-0.9223072675268135,-1.08930786046062,2299,0.07241436372662585,0.24636769816316398,-9.908713364770614e-05,-0.956699186209482
30,96,0.0,0,0.0,999.0,1,-0.8984323761810791,-0.43590995213348604,-0.9134983098814782,-1.3057491008464646,2248,0.0454410061227867,0.1816647360582492,-0.00015215678640858533,-0.9579465621165484
12,96,0.0025,0,0.0,999.0,1,-0.8961307014202589,-0.4327366186145951,-0.9143638043237169,-1.3649480288315003,2080,0.04292569915604832,0.16511666390865465,-0.00018507364389533935,-0.9581659222180285
30,200,0.0,0,-0.2,999.0,1,-0.9070938235224245,-0.4483577830081008,-0.9235949464200646,-1.013368241630466,2864,0.07767665067019693,0.30471620056263443,-4.837545848978438e-05,-0.9608236682996564
20,120,0.0025,0,0.0,999.0,1,-0.9006327974686684,-0.43899449801716484,-0.9155948046419022,-1.3306449472150563,2201,0.04593744828727453,0.17766010259804732,-0.0001647501080408477,-0.9633241476988688
30,120,0.005,0,-0.2,999.0,1,-0.9054804583907811,-0.44597506372958107,-0.925147201469036,-1.112497655722305,2309,0.07205030613933477,0.2465993711732583,-0.000103250776086049,-0.9641735472502142
48,60,0.0,0,0.0,999.0,1,-0.9011101195649263,-0.4396703537187403,-0.9144350448888854,-1.3514376197380717,2166,0.0420651994042694,0.17398643058083732,-0.000173687313542563,-0.9644597571500866
12,200,0.005,0,0.0,999.0,1,-0.9035644771721405,-0.44318470357732875,-0.9148562708207301,-1.315410580510121,2325,0.051332119808042365,0.1868277345689227,-0.0001486910544894926,-0.9663833680131998
48,96,0.005,0,0.0,999.0,1,-0.9038340615063465,-0.44357478859718136,-0.9178200393880652,-1.3619200696481528,2131,0.048651332119808044,0.1726294886645706,-0.0001831770579964683,-0.9705808117736217
12,120,0.0025,0,0.0,999.0,1,-0.9034386494805587,-0.44300291232197975,-0.9175133876999926,-1.3857720724980562,2167,0.044613602515306966,0.17322521926195597,-0.00018011037500785082,-0.9710482097968789
30,120,0.0,0,-0.2,999.0,1,-0.9106973483019696,-0.45379389573466855,-0.9280536765416925,-1.107035533607953,2517,0.0713552871090518,0.2674830382260467,-8.679023642613765e-05,-0.9731725106859124
30,200,0.0,0,0.0,999.0,1,-0.9080288633515965,-0.4497529392630697,-0.9217888648418872,-1.2647694721176794,2661,0.051994042694026146,0.21409895747145458,-0.00010604746785362982,-0.9738858452898973
30,96,0.0025,0,0.0,999.0,1,-0.9063120890674081,-0.44719942737660867,-0.9199679960489118,-1.3787359305072802,2150,0.0448121793811021,0.17395333443653815,-0.00018488674075704657,-0.9761202219264286
20,200,0.005,0,-0.2,999.0,1,-0.9129040588949355,-0.4572045283512248,-0.9298294208627009,-1.0988511874908484,2549,0.07761045838159854,0.2725467483038226,-8.473002324536837e-05,-0.9770617981571177
30,120,0.005,0,0.0,999.0,1,-0.9067022256712876,-0.44777661306890215,-0.920352505857177,-1.3834476650024992,2139,0.04875062055270561,0.17325831540625516,-0.00018761088826512137,-0.9771252492476157
20,96,0.0025,0,0.0,999.0,1,-0.9066671024159624,-0.4477245761072073,-0.9192157911836688,-1.4096424881020282,2118,0.04289260301174913,0.16925368194605328,-0.0001958129187480028,-0.977814596104143
12,200,0.0,0,-0.2,999.0,1,-0.9144868690726938,-0.45969099084174325,-0.9290206015117293,-1.0873797154480291,2746,0.07449942081747477,0.29101439682277014,-6.881853979254702e-05,-0.9785702773700093
20,200,0.005,0,0.0,999.0,1,-0.9096924919021039,-0.45226172372129736,-0.9215669096857875,-1.3324571621540546,2371,0.05229190799271885,0.19043521429753435,-0.0001515479523357311,-0.9796680366718938
20,200,0.0,0,-0.2,999.0,1,-0.9173463791256093,-0.4642719129450461,-0.9334168898166594,-1.0891840343279064,2795,0.07655138176402448,0.2973026642396161,-6.72983908689506e-05,-0.985439559569771
30,200,0.0025,0,-0.2,999.0,1,-0.918210633942428,-0.46567980224432126,-0.9335760980844297,-1.0978281503526404,2742,0.07665067019692205,0.29250372331623364,-7.278670549700757e-05,-0.9873592588041681
48,60,0.0025,0,0.0,999.0,1,-0.9115048901920043,-0.4550346035490782,-0.9231977075929514,-1.446439169706923,2071,0.04130398808538805,0.16640741353632302,-0.0002144463446903314,-0.9889554158309001
48,96,0.0,0,-0.2,999.0,1,-0.9179620034641326,-0.4652736397752506,-0.9329360243203073,-1.1540589157959582,2504,0.07178553698494125,0.26718517292735394,-9.813627381610907e-05,-0.9894445977252022
12,200,0.0,0,0.0,999.0,1,-0.9157527714160077,-0.46170456949927063,-0.9257242669167299,-1.3554494936116748,2546,0.05004137018037399,0.2046003640575873,-0.00013678099809310795,-0.9923391776382194
20,200,0.0,0,0.0,999.0,1,-0.9171779663512938,-0.46399885106629457,-0.9290987585755922,-1.3455618737754562,2599,0.05119973523084561,0.2086049975177892,-0.00013134849495652495,-0.9958263240428634
48,120,0.0,0,-0.2,999.0,1,-0.9215057832441587,-0.47115223242898296,-0.935477707124249,-1.1402263011326403,2605,0.074367036240278,0.27976170776104586,-9.044348596534784e-05,-0.9959024010477395
30,200,0.0025,0,0.0,999.0,1,-0.9174879439636835,-0.46450176683721245,-0.9278346252962034,-1.3523183048892604,2543,0.051265927519443984,0.20503061393347674,-0.00013904308255991308,-0.9960349947297772
30,120,0.0025,0,-0.2,999.0,1,-0.9203069108406798,-0.4691416146589953,-0.9366646045942773,-1.1877396539232687,2410,0.07019692205858018,0.2567929836174086,-0.00011309069418188708,-0.9968608996522974
12,200,0.0025,0,-0.2,999.0,1,-0.9227112920203017,-0.47319732850012175,-0.936442518468537,-1.1609520556962527,2633,0.07340724805560152,0.27906668873076285,-9.165976226262006e-05,-0.9994661905192028
30,120,0.0,0,0.0,999.0,1,-0.9171274522385692,-0.46391702941667734,-0.929285956028657,-1.419499580525281,2334,0.04769154393513156,0.18894588780407082,-0.00017304714389742906,-0.9995349864572699
48,120,0.0025,0,-0.2,999.0,1,-0.9227890474735995,-0.4733300561931635,-0.9384246454569974,-1.1626126807425994,2500,0.07340724805560152,0.268939268575211,-0.00010349057467126809,-1.0006730129587922
48,96,0.0025,0,-0.2,999.0,1,-0.9230533971310745,-0.47378204887330877,-0.9387187392740548,-1.2043911348051124,2399,0.0707264603673672,0.25659440675161344,-0.00011818329195113574,-1.0033609752505919
48,120,0.0,0,0.0,999.0,1,-0.9213609520161553,-0.4709081199279298,-0.931523664727582,-1.4053116525867948,2427,0.0497104087373821,0.1972530200231673,-0.00016377611790475098,-1.0069355349210605
48,120,0.0025,0,0.0,999.0,1,-0.9217340539429613,-0.4715376682406849,-0.9319823265173697,-1.4241932263060146,2321,0.0490815819956975,0.1890782723812676,-0.00018199878306410157,-1.0087384928146705
48,96,0.0,0,0.0,999.0,1,-0.9230070559054424,-0.4737027292501578,-0.9339072388107701,-1.469729111728368,2326,0.04769154393513156,0.18828396491808705,-0.000187393585365057,-1.0141428042419611
20,200,0.0025,0,-0.2,999.0,1,-0.9293508233947707,-0.4849108941772897,-0.9428779692759972,-1.1916381556410724,2679,0.07565778586794639,0.2852887638590104,-9.618130221095173e-05,-1.0159317865973418
30,120,0.0025,0,0.0,999.0,1,-0.9245818348282767,-0.47641849025096084,-0.935452149928639,-1.5024389169245216,2231,0.04686414032765183,0.18090352473936785,-0.0002087030436657196,-1.0192665110615065
12,200,0.0025,0,0.0,999.0,1,-0.9267738629122465,-0.4802704001801942,-0.9351833264605272,-1.4674199778228056,2437,0.049313255005791826,0.195796789674003,-0.00017721360857531426,-1.021233062301598
48,96,0.0025,0,0.0,999.0,1,-0.9264394228092698,-0.47967717104966767,-0.9369776245228165,-1.5172038994179786,2222,0.046963428760549396,0.18027469799768328,-0.00021471779746608225,-1.0240261782819748
20,200,0.0025,0,0.0,999.0,1,-0.9283563300920756,-0.48310524546860945,-0.9376181459264374,-1.4585693811566256,2488,0.050570908489161015,0.1997021347013073,-0.00017174917067984714,-1.0248427874896595
